id	name	rank	realm	approxLocation	hideout	primaryPath	powerSummary	threat	bounty	captureReward	eliminationReward	intelRequired	status
REN_0001	Hadr Sang	F	Valkyrion	proximidades de Volmeria	caverna	MAGIA	Humano; praticante de magia; domínio aproximado de nível 2; usa Mana e Códices.	1	61	31	61	2	MAPPED
REN_0002	Orven Morn	F	Orinthal	proximidades de Crystalia	subúrbio	VELLUM_ARMORIAL	Humano; Vellum Armorial de nível 2; especialista em equipamento.	1	62	32	62	2	MAPPED
REN_0003	Varek Falk	F	Myrthos	proximidades de Sem nome definido	estrada	MISTO	Humano; combinação de treinamento e técnicas clandestinas.	1	63	33	63	2	MAPPED
REN_0004	Cyr Rath	F	Nyssara	proximidades de Emerald Tide	pântano	VELLUM_MARCIAL	Humano; Vellum Marcial de nível 2; especialista em combate corporal.	1	64	34	64	2	MAPPED
REN_0005	Jor Voss	F	Kethruun	proximidades de Sandbones	ruínas	ELYTH	Humano; usuário de Elyth; manifestação individual; alto risco de enfrentamento.	1	65	35	65	2	MAPPED
REN_0006	Quin Valec	F	Lyrien	proximidades de Aerocivitus	bairro comercial	MAGIA	Humano; praticante de magia; domínio aproximado de nível 2; usa Mana e Códices.	1	66	36	66	2	MAPPED
REN_0007	Xand Arden	F	Tharun	proximidades de Stone-Âmbar	montanhas	VELLUM_ARMORIAL	Humano; Vellum Armorial de nível 2; especialista em equipamento.	1	67	37	67	2	MAPPED
REN_0008	Eryk Riven	F	Eshmara	proximidades de Brumas	floresta	MISTO	Humano; combinação de treinamento e técnicas clandestinas.	1	68	38	68	2	MAPPED
REN_0009	Lorn Drell	F	Zarim	proximidades de Fornalia	caverna	VELLUM_MARCIAL	Humano; Vellum Marcial de nível 2; especialista em combate corporal.	1	69	39	69	2	MAPPED
REN_0010	Soren Deyr	F	Aeloria	proximidades de Tindralith	subúrbio	ELYTH	Humano; usuário de Elyth; manifestação individual; alto risco de enfrentamento.	1	70	40	70	2	MAPPED
REN_0011	Zarek Halden	F	Valkyrion	proximidades de Volmeria	estrada	MAGIA	Humano; praticante de magia; domínio aproximado de nível 2; usa Mana e Códices.	1	71	41	71	2	MAPPED
REN_0012	Garr Mirel	F	Orinthal	proximidades de Crystalia	pântano	VELLUM_ARMORIAL	Humano; Vellum Armorial de nível 2; especialista em equipamento.	1	72	42	72	2	MAPPED
REN_0013	Nyr Kest	F	Myrthos	proximidades de Sem nome definido	ruínas	MISTO	Humano; combinação de treinamento e técnicas clandestinas.	1	73	43	73	2	MAPPED
REN_0014	Ulrik Renn	F	Nyssara	proximidades de Emerald Tide	bairro comercial	VELLUM_MARCIAL	Humano; Vellum Marcial de nível 2; especialista em combate corporal.	1	74	44	74	2	MAPPED
REN_0015	Bren Dorn	F	Kethruun	proximidades de Sandbones	montanhas	ELYTH	Humano; usuário de Elyth; manifestação individual; alto risco de enfrentamento.	1	75	45	75	2	MAPPED
REN_0016	Iven Khal	F	Lyrien	proximidades de Aerocivitus	floresta	MAGIA	Humano; praticante de magia; domínio aproximado de nível 2; usa Mana e Códices.	1	76	46	76	2	MAPPED
REN_0017	Perr Thorne	F	Tharun	proximidades de Stone-Âmbar	caverna	VELLUM_ARMORIAL	Humano; Vellum Armorial de nível 2; especialista em equipamento.	1	77	47	77	2	MAPPED
REN_0018	Wren Marek	F	Eshmara	proximidades de Brumas	subúrbio	MISTO	Humano; combinação de treinamento e técnicas clandestinas.	1	78	48	78	2	MAPPED
REN_0019	Dren Karr	F	Zarim	proximidades de Fornalia	estrada	VELLUM_MARCIAL	Humano; Vellum Marcial de nível 2; especialista em combate corporal.	1	79	49	79	2	MAPPED
REN_0020	Kael Veyr	F	Aeloria	proximidades de Lorwynne	pântano	ELYTH	Humano; usuário de Elyth; manifestação individual; alto risco de enfrentamento.	1	80	50	80	2	MAPPED
REN_0021	Rav Sang	F	Valkyrion	proximidades de Volmeria	ruínas	MAGIA	Humano; praticante de magia; domínio aproximado de nível 2; usa Mana e Códices.	1	81	51	81	2	MAPPED
REN_0022	Yorin Morn	F	Orinthal	proximidades de Crystalia	bairro comercial	VELLUM_ARMORIAL	Humano; Vellum Armorial de nível 2; especialista em equipamento.	1	82	52	82	2	MAPPED
REN_0023	Farel Falk	F	Myrthos	proximidades de Sem nome definido	montanhas	MISTO	Humano; combinação de treinamento e técnicas clandestinas.	1	83	53	83	2	MAPPED
REN_0024	Marek Rath	F	Nyssara	proximidades de Emerald Tide	floresta	VELLUM_MARCIAL	Humano; Vellum Marcial de nível 2; especialista em combate corporal.	1	84	54	84	2	MAPPED
REN_0025	Tav Voss	F	Kethruun	proximidades de Sandbones	caverna	ELYTH	Humano; usuário de Elyth; manifestação individual; alto risco de enfrentamento.	1	85	55	85	2	MAPPED
REN_0026	Ald Valec	F	Lyrien	proximidades de Aerocivitus	subúrbio	MAGIA	Humano; praticante de magia; domínio aproximado de nível 2; usa Mana e Códices.	1	86	56	86	2	MAPPED
REN_0027	Hadr Arden	F	Tharun	proximidades de Stone-Âmbar	estrada	VELLUM_ARMORIAL	Humano; Vellum Armorial de nível 2; especialista em equipamento.	1	87	57	87	2	MAPPED
REN_0028	Orven Riven	F	Eshmara	proximidades de Brumas	pântano	MISTO	Humano; combinação de treinamento e técnicas clandestinas.	1	88	58	88	2	MAPPED
REN_0029	Varek Drell	F	Zarim	proximidades de Fornalia	ruínas	VELLUM_MARCIAL	Humano; Vellum Marcial de nível 2; especialista em combate corporal.	1	89	59	89	2	MAPPED
REN_0030	Cyr Deyr	F	Aeloria	proximidades de Dawnspire	bairro comercial	ELYTH	Humano; usuário de Elyth; manifestação individual; alto risco de enfrentamento.	1	90	60	90	2	MAPPED
REN_0031	Jor Halden	F	Valkyrion	proximidades de Volmeria	montanhas	MAGIA	Humano; praticante de magia; domínio aproximado de nível 2; usa Mana e Códices.	1	91	61	91	2	MAPPED
REN_0032	Quin Mirel	F	Orinthal	proximidades de Crystalia	floresta	VELLUM_ARMORIAL	Humano; Vellum Armorial de nível 2; especialista em equipamento.	1	92	62	92	2	MAPPED
REN_0033	Xand Kest	F	Myrthos	proximidades de Sem nome definido	caverna	MISTO	Humano; combinação de treinamento e técnicas clandestinas.	1	93	63	93	2	MAPPED
REN_0034	Eryk Renn	F	Nyssara	proximidades de Emerald Tide	subúrbio	VELLUM_MARCIAL	Humano; Vellum Marcial de nível 2; especialista em combate corporal.	1	94	64	94	2	MAPPED
REN_0035	Lorn Dorn	F	Kethruun	proximidades de Sandbones	estrada	ELYTH	Humano; usuário de Elyth; manifestação individual; alto risco de enfrentamento.	1	95	65	95	2	MAPPED
REN_0036	Soren Khal	F	Lyrien	proximidades de Aerocivitus	pântano	MAGIA	Humano; praticante de magia; domínio aproximado de nível 2; usa Mana e Códices.	1	96	66	96	2	MAPPED
REN_0037	Zarek Thorne	F	Tharun	proximidades de Stone-Âmbar	ruínas	VELLUM_ARMORIAL	Humano; Vellum Armorial de nível 2; especialista em equipamento.	1	97	67	97	2	MAPPED
REN_0038	Garr Marek	F	Eshmara	proximidades de Brumas	bairro comercial	MISTO	Humano; combinação de treinamento e técnicas clandestinas.	1	98	68	98	2	MAPPED
REN_0039	Nyr Karr	F	Zarim	proximidades de Fornalia	montanhas	VELLUM_MARCIAL	Humano; Vellum Marcial de nível 2; especialista em combate corporal.	1	99	69	99	2	MAPPED
REN_0040	Ulrik Veyr	F	Aeloria	proximidades de Veyndaril	floresta	ELYTH	Humano; usuário de Elyth; manifestação individual; alto risco de enfrentamento.	1	100	30	100	2	MAPPED
REN_0041	Bren Sang	F	Valkyrion	proximidades de Volmeria	caverna	MAGIA	Humano; praticante de magia; domínio aproximado de nível 2; usa Mana e Códices.	1	101	31	101	2	MAPPED
REN_0042	Iven Morn	F	Orinthal	proximidades de Crystalia	subúrbio	VELLUM_ARMORIAL	Humano; Vellum Armorial de nível 2; especialista em equipamento.	1	102	32	102	2	MAPPED
REN_0043	Perr Falk	F	Myrthos	proximidades de Sem nome definido	estrada	MISTO	Humano; combinação de treinamento e técnicas clandestinas.	1	103	33	103	2	MAPPED
REN_0044	Wren Rath	F	Nyssara	proximidades de Emerald Tide	pântano	VELLUM_MARCIAL	Humano; Vellum Marcial de nível 2; especialista em combate corporal.	1	104	34	104	2	MAPPED
REN_0045	Dren Voss	F	Kethruun	proximidades de Sandbones	ruínas	ELYTH	Humano; usuário de Elyth; manifestação individual; alto risco de enfrentamento.	1	105	35	105	2	MAPPED
REN_0046	Kael Valec	F	Lyrien	proximidades de Aerocivitus	bairro comercial	MAGIA	Humano; praticante de magia; domínio aproximado de nível 2; usa Mana e Códices.	1	106	36	106	2	MAPPED
REN_0047	Rav Arden	F	Tharun	proximidades de Stone-Âmbar	montanhas	VELLUM_ARMORIAL	Humano; Vellum Armorial de nível 2; especialista em equipamento.	1	107	37	107	2	MAPPED
REN_0048	Yorin Riven	F	Eshmara	proximidades de Brumas	floresta	MISTO	Humano; combinação de treinamento e técnicas clandestinas.	1	108	38	108	2	MAPPED
REN_0049	Farel Drell	F	Zarim	proximidades de Fornalia	caverna	VELLUM_MARCIAL	Humano; Vellum Marcial de nível 2; especialista em combate corporal.	1	109	39	109	2	MAPPED
REN_0050	Marek Deyr	F	Aeloria	proximidades de Norhaven	subúrbio	ELYTH	Humano; usuário de Elyth; manifestação individual; alto risco de enfrentamento.	1	110	40	110	2	MAPPED
REN_0051	Tav Halden	F	Valkyrion	proximidades de Volmeria	estrada	MAGIA	Humano; praticante de magia; domínio aproximado de nível 2; usa Mana e Códices.	1	111	41	111	2	MAPPED
REN_0052	Ald Mirel	F	Orinthal	proximidades de Crystalia	pântano	VELLUM_ARMORIAL	Humano; Vellum Armorial de nível 2; especialista em equipamento.	1	112	42	112	2	MAPPED
REN_0053	Hadr Kest	F	Myrthos	proximidades de Sem nome definido	ruínas	MISTO	Humano; combinação de treinamento e técnicas clandestinas.	1	113	43	113	2	MAPPED
REN_0054	Orven Renn	F	Nyssara	proximidades de Emerald Tide	bairro comercial	VELLUM_MARCIAL	Humano; Vellum Marcial de nível 2; especialista em combate corporal.	1	114	44	114	2	MAPPED
REN_0055	Varek Dorn	F	Kethruun	proximidades de Sandbones	montanhas	ELYTH	Humano; usuário de Elyth; manifestação individual; alto risco de enfrentamento.	1	115	45	115	2	MAPPED
REN_0056	Cyr Khal	F	Lyrien	proximidades de Aerocivitus	floresta	MAGIA	Humano; praticante de magia; domínio aproximado de nível 2; usa Mana e Códices.	1	116	46	116	2	MAPPED
REN_0057	Jor Thorne	F	Tharun	proximidades de Stone-Âmbar	caverna	VELLUM_ARMORIAL	Humano; Vellum Armorial de nível 2; especialista em equipamento.	1	117	47	117	2	MAPPED
REN_0058	Quin Marek	F	Eshmara	proximidades de Brumas	subúrbio	MISTO	Humano; combinação de treinamento e técnicas clandestinas.	1	118	48	118	2	MAPPED
REN_0059	Xand Karr	F	Zarim	proximidades de Fornalia	estrada	VELLUM_MARCIAL	Humano; Vellum Marcial de nível 2; especialista em combate corporal.	1	119	49	119	2	MAPPED
REN_0060	Eryk Veyr	F	Aeloria	proximidades de Fenndral	pântano	ELYTH	Humano; usuário de Elyth; manifestação individual; alto risco de enfrentamento.	1	120	50	60	2	MAPPED
REN_0061	Lorn Sang	F	Valkyrion	proximidades de Volmeria	ruínas	MAGIA	Humano; praticante de magia; domínio aproximado de nível 2; usa Mana e Códices.	1	121	51	61	2	MAPPED
REN_0062	Soren Morn	F	Orinthal	proximidades de Crystalia	bairro comercial	VELLUM_ARMORIAL	Humano; Vellum Armorial de nível 2; especialista em equipamento.	1	122	52	62	2	MAPPED
REN_0063	Zarek Falk	F	Myrthos	proximidades de Sem nome definido	montanhas	MISTO	Humano; combinação de treinamento e técnicas clandestinas.	1	123	53	63	2	MAPPED
REN_0064	Garr Rath	F	Nyssara	proximidades de Emerald Tide	floresta	VELLUM_MARCIAL	Humano; Vellum Marcial de nível 2; especialista em combate corporal.	1	124	54	64	2	MAPPED
REN_0065	Nyr Voss	F	Kethruun	proximidades de Sandbones	caverna	ELYTH	Humano; usuário de Elyth; manifestação individual; alto risco de enfrentamento.	1	125	55	65	2	MAPPED
REN_0066	Ulrik Valec	F	Lyrien	proximidades de Aerocivitus	subúrbio	MAGIA	Humano; praticante de magia; domínio aproximado de nível 2; usa Mana e Códices.	1	126	56	66	2	MAPPED
REN_0067	Bren Arden	F	Tharun	proximidades de Stone-Âmbar	estrada	VELLUM_ARMORIAL	Humano; Vellum Armorial de nível 2; especialista em equipamento.	1	127	57	67	2	MAPPED
REN_0068	Iven Riven	F	Eshmara	proximidades de Brumas	pântano	MISTO	Humano; combinação de treinamento e técnicas clandestinas.	1	128	58	68	2	MAPPED
REN_0069	Perr Drell	F	Zarim	proximidades de Fornalia	ruínas	VELLUM_MARCIAL	Humano; Vellum Marcial de nível 2; especialista em combate corporal.	1	129	59	69	2	MAPPED
REN_0070	Wren Deyr	F	Aeloria	proximidades de Lunareth	bairro comercial	ELYTH	Humano; usuário de Elyth; manifestação individual; alto risco de enfrentamento.	1	130	60	70	2	MAPPED
REN_0071	Dren Halden	F	Valkyrion	proximidades de Volmeria	montanhas	MAGIA	Humano; praticante de magia; domínio aproximado de nível 2; usa Mana e Códices.	1	131	61	71	2	MAPPED
REN_0072	Kael Mirel	F	Orinthal	proximidades de Crystalia	floresta	VELLUM_ARMORIAL	Humano; Vellum Armorial de nível 2; especialista em equipamento.	1	132	62	72	2	MAPPED
REN_0073	Rav Kest	F	Myrthos	proximidades de Sem nome definido	caverna	MISTO	Humano; combinação de treinamento e técnicas clandestinas.	1	133	63	73	2	MAPPED
REN_0074	Yorin Renn	F	Nyssara	proximidades de Emerald Tide	subúrbio	VELLUM_MARCIAL	Humano; Vellum Marcial de nível 2; especialista em combate corporal.	1	134	64	74	2	MAPPED
REN_0075	Farel Dorn	F	Kethruun	proximidades de Sandbones	estrada	ELYTH	Humano; usuário de Elyth; manifestação individual; alto risco de enfrentamento.	1	135	65	75	2	MAPPED
REN_0076	Marek Khal	F	Lyrien	proximidades de Aerocivitus	pântano	MAGIA	Humano; praticante de magia; domínio aproximado de nível 2; usa Mana e Códices.	1	136	66	76	2	MAPPED
REN_0077	Tav Thorne	F	Tharun	proximidades de Stone-Âmbar	ruínas	VELLUM_ARMORIAL	Humano; Vellum Armorial de nível 2; especialista em equipamento.	1	137	67	77	2	MAPPED
REN_0078	Ald Marek	F	Eshmara	proximidades de Brumas	bairro comercial	MISTO	Humano; combinação de treinamento e técnicas clandestinas.	1	138	68	78	2	MAPPED
REN_0079	Hadr Karr	F	Zarim	proximidades de Fornalia	montanhas	VELLUM_MARCIAL	Humano; Vellum Marcial de nível 2; especialista em combate corporal.	1	139	69	79	2	MAPPED
REN_0080	Orven Veyr	F	Aeloria	proximidades de Verdralith	floresta	ELYTH	Humano; usuário de Elyth; manifestação individual; alto risco de enfrentamento.	1	140	30	80	2	MAPPED
REN_0081	Varek Sang	F	Valkyrion	proximidades de Volmeria	caverna	MAGIA	Humano; praticante de magia; domínio aproximado de nível 2; usa Mana e Códices.	1	141	31	81	2	MAPPED
REN_0082	Cyr Morn	F	Orinthal	proximidades de Crystalia	subúrbio	VELLUM_ARMORIAL	Humano; Vellum Armorial de nível 2; especialista em equipamento.	1	142	32	82	2	MAPPED
REN_0083	Jor Falk	F	Myrthos	proximidades de Sem nome definido	estrada	MISTO	Humano; combinação de treinamento e técnicas clandestinas.	1	143	33	83	2	MAPPED
REN_0084	Quin Rath	F	Nyssara	proximidades de Emerald Tide	pântano	VELLUM_MARCIAL	Humano; Vellum Marcial de nível 2; especialista em combate corporal.	1	144	34	84	2	MAPPED
REN_0085	Xand Voss	F	Kethruun	proximidades de Sandbones	ruínas	ELYTH	Humano; usuário de Elyth; manifestação individual; alto risco de enfrentamento.	1	145	35	85	2	MAPPED
REN_0086	Eryk Valec	F	Lyrien	proximidades de Aerocivitus	bairro comercial	MAGIA	Humano; praticante de magia; domínio aproximado de nível 2; usa Mana e Códices.	1	146	36	86	2	MAPPED
REN_0087	Lorn Arden	F	Tharun	proximidades de Stone-Âmbar	montanhas	VELLUM_ARMORIAL	Humano; Vellum Armorial de nível 2; especialista em equipamento.	1	147	37	87	2	MAPPED
REN_0088	Soren Riven	F	Eshmara	proximidades de Brumas	floresta	MISTO	Humano; combinação de treinamento e técnicas clandestinas.	1	148	38	88	2	MAPPED
REN_0089	Zarek Drell	F	Zarim	proximidades de Fornalia	caverna	VELLUM_MARCIAL	Humano; Vellum Marcial de nível 2; especialista em combate corporal.	1	149	39	89	2	MAPPED
REN_0090	Garr Deyr	F	Aeloria	proximidades de Netherholt	subúrbio	ELYTH	Humano; usuário de Elyth; manifestação individual; alto risco de enfrentamento.	1	60	40	90	2	MAPPED
REN_0091	Nyr Halden	F	Valkyrion	proximidades de Volmeria	estrada	MAGIA	Humano; praticante de magia; domínio aproximado de nível 2; usa Mana e Códices.	1	61	41	91	2	MAPPED
REN_0092	Ulrik Mirel	F	Orinthal	proximidades de Crystalia	pântano	VELLUM_ARMORIAL	Humano; Vellum Armorial de nível 2; especialista em equipamento.	1	62	42	92	2	MAPPED
REN_0093	Bren Kest	F	Myrthos	proximidades de Sem nome definido	ruínas	MISTO	Humano; combinação de treinamento e técnicas clandestinas.	1	63	43	93	2	MAPPED
REN_0094	Iven Renn	F	Nyssara	proximidades de Emerald Tide	bairro comercial	VELLUM_MARCIAL	Humano; Vellum Marcial de nível 2; especialista em combate corporal.	1	64	44	94	2	MAPPED
REN_0095	Perr Dorn	F	Kethruun	proximidades de Sandbones	montanhas	ELYTH	Humano; usuário de Elyth; manifestação individual; alto risco de enfrentamento.	1	65	45	95	2	MAPPED
REN_0096	Wren Khal	F	Lyrien	proximidades de Aerocivitus	floresta	MAGIA	Humano; praticante de magia; domínio aproximado de nível 2; usa Mana e Códices.	1	66	46	96	2	MAPPED
REN_0097	Dren Thorne	F	Tharun	proximidades de Stone-Âmbar	caverna	VELLUM_ARMORIAL	Humano; Vellum Armorial de nível 2; especialista em equipamento.	1	67	47	97	2	MAPPED
REN_0098	Kael Marek	F	Eshmara	proximidades de Brumas	subúrbio	MISTO	Humano; combinação de treinamento e técnicas clandestinas.	1	68	48	98	2	MAPPED
REN_0099	Rav Karr	F	Zarim	proximidades de Fornalia	estrada	VELLUM_MARCIAL	Humano; Vellum Marcial de nível 2; especialista em combate corporal.	1	69	49	99	2	MAPPED
REN_0100	Yorin Veyr	F	Aeloria	proximidades de Frostmere	pântano	ELYTH	Humano; usuário de Elyth; manifestação individual; alto risco de enfrentamento.	1	70	50	100	2	MAPPED
REN_0101	Farel Sang	F	Valkyrion	proximidades de Volmeria	ruínas	MAGIA	Humano; praticante de magia; domínio aproximado de nível 2; usa Mana e Códices.	1	71	51	101	2	MAPPED
REN_0102	Marek Morn	F	Orinthal	proximidades de Crystalia	bairro comercial	VELLUM_ARMORIAL	Humano; Vellum Armorial de nível 2; especialista em equipamento.	1	72	52	102	2	MAPPED
REN_0103	Tav Falk	F	Myrthos	proximidades de Sem nome definido	montanhas	MISTO	Humano; combinação de treinamento e técnicas clandestinas.	1	73	53	103	2	MAPPED
REN_0104	Ald Rath	F	Nyssara	proximidades de Emerald Tide	floresta	VELLUM_MARCIAL	Humano; Vellum Marcial de nível 2; especialista em combate corporal.	1	74	54	104	2	MAPPED
REN_0105	Hadr Voss	F	Kethruun	proximidades de Sandbones	caverna	ELYTH	Humano; usuário de Elyth; manifestação individual; alto risco de enfrentamento.	1	75	55	105	2	MAPPED
REN_0106	Orven Valec	F	Lyrien	proximidades de Aerocivitus	subúrbio	MAGIA	Humano; praticante de magia; domínio aproximado de nível 2; usa Mana e Códices.	1	76	56	106	2	MAPPED
REN_0107	Varek Arden	F	Tharun	proximidades de Stone-Âmbar	estrada	VELLUM_ARMORIAL	Humano; Vellum Armorial de nível 2; especialista em equipamento.	1	77	57	107	2	MAPPED
REN_0108	Cyr Riven	F	Eshmara	proximidades de Brumas	pântano	MISTO	Humano; combinação de treinamento e técnicas clandestinas.	1	78	58	108	2	MAPPED
REN_0109	Jor Drell	F	Zarim	proximidades de Fornalia	ruínas	VELLUM_MARCIAL	Humano; Vellum Marcial de nível 2; especialista em combate corporal.	1	79	59	109	2	MAPPED
REN_0110	Quin Deyr	F	Aeloria	proximidades de Xandralor	bairro comercial	ELYTH	Humano; usuário de Elyth; manifestação individual; alto risco de enfrentamento.	1	80	60	110	2	MAPPED
REN_0111	Xand Halden	F	Valkyrion	proximidades de Volmeria	montanhas	MAGIA	Humano; praticante de magia; domínio aproximado de nível 2; usa Mana e Códices.	1	81	61	111	2	MAPPED
REN_0112	Eryk Mirel	F	Orinthal	proximidades de Crystalia	floresta	VELLUM_ARMORIAL	Humano; Vellum Armorial de nível 2; especialista em equipamento.	1	82	62	112	2	MAPPED
REN_0113	Lorn Kest	F	Myrthos	proximidades de Sem nome definido	caverna	MISTO	Humano; combinação de treinamento e técnicas clandestinas.	1	83	63	113	2	MAPPED
REN_0114	Soren Renn	F	Nyssara	proximidades de Emerald Tide	subúrbio	VELLUM_MARCIAL	Humano; Vellum Marcial de nível 2; especialista em combate corporal.	1	84	64	114	2	MAPPED
REN_0115	Zarek Dorn	F	Kethruun	proximidades de Sandbones	estrada	ELYTH	Humano; usuário de Elyth; manifestação individual; alto risco de enfrentamento.	1	85	65	115	2	MAPPED
REN_0116	Garr Khal	F	Lyrien	proximidades de Aerocivitus	pântano	MAGIA	Humano; praticante de magia; domínio aproximado de nível 2; usa Mana e Códices.	1	86	66	116	2	MAPPED
REN_0117	Nyr Thorne	F	Tharun	proximidades de Stone-Âmbar	ruínas	VELLUM_ARMORIAL	Humano; Vellum Armorial de nível 2; especialista em equipamento.	1	87	67	117	2	MAPPED
REN_0118	Ulrik Marek	F	Eshmara	proximidades de Brumas	bairro comercial	MISTO	Humano; combinação de treinamento e técnicas clandestinas.	1	88	68	118	2	MAPPED
REN_0119	Bren Karr	F	Zarim	proximidades de Fornalia	montanhas	VELLUM_MARCIAL	Humano; Vellum Marcial de nível 2; especialista em combate corporal.	1	89	69	119	2	MAPPED
REN_0120	Iven Veyr	F	Aeloria	proximidades de Pyrelith	floresta	ELYTH	Humano; usuário de Elyth; manifestação individual; alto risco de enfrentamento.	1	90	30	60	2	MAPPED
REN_0121	Perr Sang	F	Valkyrion	proximidades de Volmeria	caverna	MAGIA	Humano; praticante de magia; domínio aproximado de nível 2; usa Mana e Códices.	1	91	31	61	2	MAPPED
REN_0122	Wren Morn	F	Orinthal	proximidades de Crystalia	subúrbio	VELLUM_ARMORIAL	Humano; Vellum Armorial de nível 2; especialista em equipamento.	1	92	32	62	2	MAPPED
REN_0123	Dren Falk	F	Myrthos	proximidades de Sem nome definido	estrada	MISTO	Humano; combinação de treinamento e técnicas clandestinas.	1	93	33	63	2	MAPPED
REN_0124	Kael Rath	F	Nyssara	proximidades de Emerald Tide	pântano	VELLUM_MARCIAL	Humano; Vellum Marcial de nível 2; especialista em combate corporal.	1	94	34	64	2	MAPPED
REN_0125	Rav Voss	F	Kethruun	proximidades de Sandbones	ruínas	ELYTH	Humano; usuário de Elyth; manifestação individual; alto risco de enfrentamento.	1	95	35	65	2	MAPPED
REN_0126	Yorin Valec	F	Lyrien	proximidades de Aerocivitus	bairro comercial	MAGIA	Humano; praticante de magia; domínio aproximado de nível 2; usa Mana e Códices.	1	96	36	66	2	MAPPED
REN_0127	Farel Arden	F	Tharun	proximidades de Stone-Âmbar	montanhas	VELLUM_ARMORIAL	Humano; Vellum Armorial de nível 2; especialista em equipamento.	1	97	37	67	2	MAPPED
REN_0128	Marek Riven	F	Eshmara	proximidades de Brumas	floresta	MISTO	Humano; combinação de treinamento e técnicas clandestinas.	1	98	38	68	2	MAPPED
REN_0129	Tav Drell	F	Zarim	proximidades de Fornalia	caverna	VELLUM_MARCIAL	Humano; Vellum Marcial de nível 2; especialista em combate corporal.	1	99	39	69	2	MAPPED
REN_0130	Ald Deyr	F	Aeloria	proximidades de Hallowspire	subúrbio	ELYTH	Humano; usuário de Elyth; manifestação individual; alto risco de enfrentamento.	1	100	40	70	2	MAPPED
REN_0131	Hadr Halden	F	Valkyrion	proximidades de Volmeria	estrada	MAGIA	Humano; praticante de magia; domínio aproximado de nível 2; usa Mana e Códices.	1	101	41	71	2	MAPPED
REN_0132	Orven Mirel	F	Orinthal	proximidades de Crystalia	pântano	VELLUM_ARMORIAL	Humano; Vellum Armorial de nível 2; especialista em equipamento.	1	102	42	72	2	MAPPED
REN_0133	Varek Kest	F	Myrthos	proximidades de Sem nome definido	ruínas	MISTO	Humano; combinação de treinamento e técnicas clandestinas.	1	103	43	73	2	MAPPED
REN_0134	Cyr Renn	F	Nyssara	proximidades de Emerald Tide	bairro comercial	VELLUM_MARCIAL	Humano; Vellum Marcial de nível 2; especialista em combate corporal.	1	104	44	74	2	MAPPED
REN_0135	Jor Dorn	F	Kethruun	proximidades de Sandbones	montanhas	ELYTH	Humano; usuário de Elyth; manifestação individual; alto risco de enfrentamento.	1	105	45	75	2	MAPPED
REN_0136	Quin Khal	F	Lyrien	proximidades de Aerocivitus	floresta	MAGIA	Humano; praticante de magia; domínio aproximado de nível 2; usa Mana e Códices.	1	106	46	76	2	MAPPED
REN_0137	Xand Thorne	F	Tharun	proximidades de Stone-Âmbar	caverna	VELLUM_ARMORIAL	Humano; Vellum Armorial de nível 2; especialista em equipamento.	1	107	47	77	2	MAPPED
REN_0138	Eryk Marek	F	Eshmara	proximidades de Brumas	subúrbio	MISTO	Humano; combinação de treinamento e técnicas clandestinas.	1	108	48	78	2	MAPPED
REN_0139	Lorn Karr	F	Zarim	proximidades de Fornalia	estrada	VELLUM_MARCIAL	Humano; Vellum Marcial de nível 2; especialista em combate corporal.	1	109	49	79	2	MAPPED
REN_0140	Soren Veyr	F	Aeloria	proximidades de Feyndral	pântano	ELYTH	Humano; usuário de Elyth; manifestação individual; alto risco de enfrentamento.	1	110	50	80	2	MAPPED
REN_0141	Zarek Sang	F	Valkyrion	proximidades de Volmeria	ruínas	MAGIA	Humano; praticante de magia; domínio aproximado de nível 2; usa Mana e Códices.	1	111	51	81	2	MAPPED
REN_0142	Garr Morn	F	Orinthal	proximidades de Crystalia	bairro comercial	VELLUM_ARMORIAL	Humano; Vellum Armorial de nível 2; especialista em equipamento.	1	112	52	82	2	MAPPED
REN_0143	Nyr Falk	F	Myrthos	proximidades de Sem nome definido	montanhas	MISTO	Humano; combinação de treinamento e técnicas clandestinas.	1	113	53	83	2	MAPPED
REN_0144	Ulrik Rath	F	Nyssara	proximidades de Emerald Tide	floresta	VELLUM_MARCIAL	Humano; Vellum Marcial de nível 2; especialista em combate corporal.	1	114	54	84	2	MAPPED
REN_0145	Bren Voss	F	Kethruun	proximidades de Sandbones	caverna	ELYTH	Humano; usuário de Elyth; manifestação individual; alto risco de enfrentamento.	1	115	55	85	2	MAPPED
REN_0146	Iven Valec	F	Lyrien	proximidades de Aerocivitus	subúrbio	MAGIA	Humano; praticante de magia; domínio aproximado de nível 2; usa Mana e Códices.	1	116	56	86	2	MAPPED
REN_0147	Perr Arden	F	Tharun	proximidades de Stone-Âmbar	estrada	VELLUM_ARMORIAL	Humano; Vellum Armorial de nível 2; especialista em equipamento.	1	117	57	87	2	MAPPED
REN_0148	Wren Riven	F	Eshmara	proximidades de Brumas	pântano	MISTO	Humano; combinação de treinamento e técnicas clandestinas.	1	118	58	88	2	MAPPED
REN_0149	Dren Drell	F	Zarim	proximidades de Fornalia	ruínas	VELLUM_MARCIAL	Humano; Vellum Marcial de nível 2; especialista em combate corporal.	1	119	59	89	2	MAPPED
REN_0150	Kael Deyr	F	Aeloria	proximidades de Xyrelith	bairro comercial	ELYTH	Humano; usuário de Elyth; manifestação individual; alto risco de enfrentamento.	1	120	60	90	2	MAPPED
REN_0151	Rav Halden	F	Valkyrion	proximidades de Volmeria	montanhas	MAGIA	Humano; praticante de magia; domínio aproximado de nível 2; usa Mana e Códices.	1	121	61	91	2	MAPPED
REN_0152	Yorin Mirel	F	Orinthal	proximidades de Crystalia	floresta	VELLUM_ARMORIAL	Humano; Vellum Armorial de nível 2; especialista em equipamento.	1	122	62	92	2	MAPPED
REN_0153	Farel Kest	F	Myrthos	proximidades de Sem nome definido	caverna	MISTO	Humano; combinação de treinamento e técnicas clandestinas.	1	123	63	93	2	MAPPED
REN_0154	Marek Renn	F	Nyssara	proximidades de Emerald Tide	subúrbio	VELLUM_MARCIAL	Humano; Vellum Marcial de nível 2; especialista em combate corporal.	1	124	64	94	2	MAPPED
REN_0155	Tav Dorn	F	Kethruun	proximidades de Sandbones	estrada	ELYTH	Humano; usuário de Elyth; manifestação individual; alto risco de enfrentamento.	1	125	65	95	2	MAPPED
REN_0156	Ald Khal	F	Lyrien	proximidades de Aerocivitus	pântano	MAGIA	Humano; praticante de magia; domínio aproximado de nível 2; usa Mana e Códices.	1	126	66	96	2	MAPPED
REN_0157	Hadr Thorne	F	Tharun	proximidades de Stone-Âmbar	ruínas	VELLUM_ARMORIAL	Humano; Vellum Armorial de nível 2; especialista em equipamento.	1	127	67	97	2	MAPPED
REN_0158	Orven Marek	F	Eshmara	proximidades de Brumas	bairro comercial	MISTO	Humano; combinação de treinamento e técnicas clandestinas.	1	128	68	98	2	MAPPED
REN_0159	Varek Karr	F	Zarim	proximidades de Fornalia	montanhas	VELLUM_MARCIAL	Humano; Vellum Marcial de nível 2; especialista em combate corporal.	1	129	69	99	2	MAPPED
REN_0160	Cyr Veyr	F	Aeloria	proximidades de Prismere	floresta	ELYTH	Humano; usuário de Elyth; manifestação individual; alto risco de enfrentamento.	1	130	30	100	2	MAPPED
REN_0161	Jor Sang	F	Valkyrion	proximidades de Volmeria	caverna	MAGIA	Humano; praticante de magia; domínio aproximado de nível 2; usa Mana e Códices.	1	131	31	101	2	MAPPED
REN_0162	Quin Morn	F	Orinthal	proximidades de Crystalia	subúrbio	VELLUM_ARMORIAL	Humano; Vellum Armorial de nível 2; especialista em equipamento.	1	132	32	102	2	MAPPED
REN_0163	Xand Falk	F	Myrthos	proximidades de Sem nome definido	estrada	MISTO	Humano; combinação de treinamento e técnicas clandestinas.	1	133	33	103	2	MAPPED
REN_0164	Eryk Rath	F	Nyssara	proximidades de Emerald Tide	pântano	VELLUM_MARCIAL	Humano; Vellum Marcial de nível 2; especialista em combate corporal.	1	134	34	104	2	MAPPED
REN_0165	Lorn Voss	F	Kethruun	proximidades de Sandbones	ruínas	ELYTH	Humano; usuário de Elyth; manifestação individual; alto risco de enfrentamento.	1	135	35	105	2	MAPPED
REN_0166	Soren Valec	F	Lyrien	proximidades de Aerocivitus	bairro comercial	MAGIA	Humano; praticante de magia; domínio aproximado de nível 2; usa Mana e Códices.	1	136	36	106	2	MAPPED
REN_0167	Zarek Arden	F	Tharun	proximidades de Stone-Âmbar	montanhas	VELLUM_ARMORIAL	Humano; Vellum Armorial de nível 2; especialista em equipamento.	1	137	37	107	2	MAPPED
REN_0168	Garr Riven	F	Eshmara	proximidades de Brumas	floresta	MISTO	Humano; combinação de treinamento e técnicas clandestinas.	1	138	38	108	2	MAPPED
REN_0169	Nyr Drell	F	Zarim	proximidades de Fornalia	caverna	VELLUM_MARCIAL	Humano; Vellum Marcial de nível 2; especialista em combate corporal.	1	139	39	109	2	MAPPED
REN_0170	Ulrik Deyr	F	Aeloria	proximidades de Highspire	subúrbio	ELYTH	Humano; usuário de Elyth; manifestação individual; alto risco de enfrentamento.	1	140	40	110	2	MAPPED
REN_0171	Bren Halden	F	Valkyrion	proximidades de Volmeria	estrada	MAGIA	Humano; praticante de magia; domínio aproximado de nível 2; usa Mana e Códices.	1	141	41	111	2	MAPPED
REN_0172	Iven Mirel	F	Orinthal	proximidades de Crystalia	pântano	VELLUM_ARMORIAL	Humano; Vellum Armorial de nível 2; especialista em equipamento.	1	142	42	112	2	MAPPED
REN_0173	Perr Kest	F	Myrthos	proximidades de Sem nome definido	ruínas	MISTO	Humano; combinação de treinamento e técnicas clandestinas.	1	143	43	113	2	MAPPED
REN_0174	Wren Renn	F	Nyssara	proximidades de Emerald Tide	bairro comercial	VELLUM_MARCIAL	Humano; Vellum Marcial de nível 2; especialista em combate corporal.	1	144	44	114	2	MAPPED
REN_0175	Dren Dorn	F	Kethruun	proximidades de Sandbones	montanhas	ELYTH	Humano; usuário de Elyth; manifestação individual; alto risco de enfrentamento.	1	145	45	115	2	MAPPED
REN_0176	Kael Khal	F	Lyrien	proximidades de Aerocivitus	floresta	MAGIA	Humano; praticante de magia; domínio aproximado de nível 2; usa Mana e Códices.	1	146	46	116	2	MAPPED
REN_0177	Rav Thorne	F	Tharun	proximidades de Stone-Âmbar	caverna	VELLUM_ARMORIAL	Humano; Vellum Armorial de nível 2; especialista em equipamento.	1	147	47	117	2	MAPPED
REN_0178	Yorin Marek	F	Eshmara	proximidades de Brumas	subúrbio	MISTO	Humano; combinação de treinamento e técnicas clandestinas.	1	148	48	118	2	MAPPED
REN_0179	Farel Karr	F	Zarim	proximidades de Fornalia	estrada	VELLUM_MARCIAL	Humano; Vellum Marcial de nível 2; especialista em combate corporal.	1	149	49	119	2	MAPPED
REN_0180	Marek Veyr	F	Aeloria	proximidades de Zorathen	pântano	ELYTH	Humano; usuário de Elyth; manifestação individual; alto risco de enfrentamento.	1	60	50	60	2	MAPPED
REN_0181	Tav Sang	F	Valkyrion	proximidades de Volmeria	ruínas	MAGIA	Humano; praticante de magia; domínio aproximado de nível 2; usa Mana e Códices.	1	61	51	61	2	MAPPED
REN_0182	Ald Morn	F	Orinthal	proximidades de Crystalia	bairro comercial	VELLUM_ARMORIAL	Humano; Vellum Armorial de nível 2; especialista em equipamento.	1	62	52	62	2	MAPPED
REN_0183	Hadr Falk	F	Myrthos	proximidades de Sem nome definido	montanhas	MISTO	Humano; combinação de treinamento e técnicas clandestinas.	1	63	53	63	2	MAPPED
REN_0184	Orven Rath	F	Nyssara	proximidades de Emerald Tide	floresta	VELLUM_MARCIAL	Humano; Vellum Marcial de nível 2; especialista em combate corporal.	1	64	54	64	2	MAPPED
REN_0185	Varek Voss	F	Kethruun	proximidades de Sandbones	caverna	ELYTH	Humano; usuário de Elyth; manifestação individual; alto risco de enfrentamento.	1	65	55	65	2	MAPPED
REN_0186	Cyr Valec	F	Lyrien	proximidades de Aerocivitus	subúrbio	MAGIA	Humano; praticante de magia; domínio aproximado de nível 2; usa Mana e Códices.	1	66	56	66	2	MAPPED
REN_0187	Jor Arden	F	Tharun	proximidades de Stone-Âmbar	estrada	VELLUM_ARMORIAL	Humano; Vellum Armorial de nível 2; especialista em equipamento.	1	67	57	67	2	MAPPED
REN_0188	Quin Riven	F	Eshmara	proximidades de Brumas	pântano	MISTO	Humano; combinação de treinamento e técnicas clandestinas.	1	68	58	68	2	MAPPED
REN_0189	Xand Drell	F	Zarim	proximidades de Fornalia	ruínas	VELLUM_MARCIAL	Humano; Vellum Marcial de nível 2; especialista em combate corporal.	1	69	59	69	2	MAPPED
REN_0190	Eryk Deyr	F	Aeloria	proximidades de Rivenholt	bairro comercial	ELYTH	Humano; usuário de Elyth; manifestação individual; alto risco de enfrentamento.	1	70	60	70	2	MAPPED
REN_0191	Lorn Halden	F	Valkyrion	proximidades de Volmeria	montanhas	MAGIA	Humano; praticante de magia; domínio aproximado de nível 2; usa Mana e Códices.	1	71	61	71	2	MAPPED
REN_0192	Soren Mirel	F	Orinthal	proximidades de Crystalia	floresta	VELLUM_ARMORIAL	Humano; Vellum Armorial de nível 2; especialista em equipamento.	1	72	62	72	2	MAPPED
REN_0193	Zarek Kest	F	Myrthos	proximidades de Sem nome definido	caverna	MISTO	Humano; combinação de treinamento e técnicas clandestinas.	1	73	63	73	2	MAPPED
REN_0194	Garr Renn	F	Nyssara	proximidades de Emerald Tide	subúrbio	VELLUM_MARCIAL	Humano; Vellum Marcial de nível 2; especialista em combate corporal.	1	74	64	74	2	MAPPED
REN_0195	Nyr Dorn	F	Kethruun	proximidades de Sandbones	estrada	ELYTH	Humano; usuário de Elyth; manifestação individual; alto risco de enfrentamento.	1	75	65	75	2	MAPPED
REN_0196	Ulrik Khal	F	Lyrien	proximidades de Aerocivitus	pântano	MAGIA	Humano; praticante de magia; domínio aproximado de nível 2; usa Mana e Códices.	1	76	66	76	2	MAPPED
REN_0197	Bren Thorne	F	Tharun	proximidades de Stone-Âmbar	ruínas	VELLUM_ARMORIAL	Humano; Vellum Armorial de nível 2; especialista em equipamento.	1	77	67	77	2	MAPPED
REN_0198	Iven Marek	F	Eshmara	proximidades de Brumas	bairro comercial	MISTO	Humano; combinação de treinamento e técnicas clandestinas.	1	78	68	78	2	MAPPED
REN_0199	Perr Karr	F	Zarim	proximidades de Fornalia	montanhas	VELLUM_MARCIAL	Humano; Vellum Marcial de nível 2; especialista em combate corporal.	1	79	69	79	2	MAPPED
REN_0200	Wren Veyr	F	Aeloria	proximidades de Jorathen	floresta	ELYTH	Humano; usuário de Elyth; manifestação individual; alto risco de enfrentamento.	1	80	30	80	2	MAPPED
REN_0201	Dren Sang	F	Valkyrion	proximidades de Volmeria	caverna	MAGIA	Humano; praticante de magia; domínio aproximado de nível 2; usa Mana e Códices.	1	81	31	81	2	MAPPED
REN_0202	Kael Morn	F	Orinthal	proximidades de Crystalia	subúrbio	VELLUM_ARMORIAL	Humano; Vellum Armorial de nível 2; especialista em equipamento.	1	82	32	82	2	MAPPED
REN_0203	Rav Falk	F	Myrthos	proximidades de Sem nome definido	estrada	MISTO	Humano; combinação de treinamento e técnicas clandestinas.	1	83	33	83	2	MAPPED
REN_0204	Yorin Rath	F	Nyssara	proximidades de Emerald Tide	pântano	VELLUM_MARCIAL	Humano; Vellum Marcial de nível 2; especialista em combate corporal.	1	84	34	84	2	MAPPED
REN_0205	Farel Voss	F	Kethruun	proximidades de Sandbones	ruínas	ELYTH	Humano; usuário de Elyth; manifestação individual; alto risco de enfrentamento.	1	85	35	85	2	MAPPED
REN_0206	Marek Valec	F	Lyrien	proximidades de Aerocivitus	bairro comercial	MAGIA	Humano; praticante de magia; domínio aproximado de nível 2; usa Mana e Códices.	1	86	36	86	2	MAPPED
REN_0207	Tav Arden	F	Tharun	proximidades de Stone-Âmbar	montanhas	VELLUM_ARMORIAL	Humano; Vellum Armorial de nível 2; especialista em equipamento.	1	87	37	87	2	MAPPED
REN_0208	Ald Riven	F	Eshmara	proximidades de Brumas	floresta	MISTO	Humano; combinação de treinamento e técnicas clandestinas.	1	88	38	88	2	MAPPED
REN_0209	Hadr Drell	F	Zarim	proximidades de Fornalia	caverna	VELLUM_MARCIAL	Humano; Vellum Marcial de nível 2; especialista em combate corporal.	1	89	39	89	2	MAPPED
REN_0210	Orven Deyr	F	Aeloria	proximidades de Brighthollow	subúrbio	ELYTH	Humano; usuário de Elyth; manifestação individual; alto risco de enfrentamento.	1	90	40	90	2	MAPPED
REN_0211	Varek Halden	F	Valkyrion	proximidades de Volmeria	estrada	MAGIA	Humano; praticante de magia; domínio aproximado de nível 2; usa Mana e Códices.	1	91	41	91	2	MAPPED
REN_0212	Cyr Mirel	F	Orinthal	proximidades de Crystalia	pântano	VELLUM_ARMORIAL	Humano; Vellum Armorial de nível 2; especialista em equipamento.	1	92	42	92	2	MAPPED
REN_0213	Jor Kest	F	Myrthos	proximidades de Sem nome definido	ruínas	MISTO	Humano; combinação de treinamento e técnicas clandestinas.	1	93	43	93	2	MAPPED
REN_0214	Quin Renn	F	Nyssara	proximidades de Emerald Tide	bairro comercial	VELLUM_MARCIAL	Humano; Vellum Marcial de nível 2; especialista em combate corporal.	1	94	44	94	2	MAPPED
REN_0215	Xand Dorn	F	Kethruun	proximidades de Sandbones	montanhas	ELYTH	Humano; usuário de Elyth; manifestação individual; alto risco de enfrentamento.	1	95	45	95	2	MAPPED
REN_0216	Eryk Khal	F	Lyrien	proximidades de Aerocivitus	floresta	MAGIA	Humano; praticante de magia; domínio aproximado de nível 2; usa Mana e Códices.	1	96	46	96	2	MAPPED
REN_0217	Lorn Thorne	F	Tharun	proximidades de Stone-Âmbar	caverna	VELLUM_ARMORIAL	Humano; Vellum Armorial de nível 2; especialista em equipamento.	1	97	47	97	2	MAPPED
REN_0218	Soren Marek	F	Eshmara	proximidades de Brumas	subúrbio	MISTO	Humano; combinação de treinamento e técnicas clandestinas.	1	98	48	98	2	MAPPED
REN_0219	Zarek Karr	F	Zarim	proximidades de Fornalia	estrada	VELLUM_MARCIAL	Humano; Vellum Marcial de nível 2; especialista em combate corporal.	1	99	49	99	2	MAPPED
REN_0220	Garr Veyr	F	Aeloria	proximidades de Zephyrholt	pântano	ELYTH	Humano; usuário de Elyth; manifestação individual; alto risco de enfrentamento.	1	100	50	100	2	MAPPED
REN_0221	Nyr Sang	F	Valkyrion	proximidades de Volmeria	ruínas	MAGIA	Humano; praticante de magia; domínio aproximado de nível 2; usa Mana e Códices.	1	101	51	101	2	MAPPED
REN_0222	Ulrik Morn	F	Orinthal	proximidades de Crystalia	bairro comercial	VELLUM_ARMORIAL	Humano; Vellum Armorial de nível 2; especialista em equipamento.	1	102	52	102	2	MAPPED
REN_0223	Bren Falk	F	Myrthos	proximidades de Sem nome definido	montanhas	MISTO	Humano; combinação de treinamento e técnicas clandestinas.	1	103	53	103	2	MAPPED
REN_0224	Iven Rath	F	Nyssara	proximidades de Emerald Tide	floresta	VELLUM_MARCIAL	Humano; Vellum Marcial de nível 2; especialista em combate corporal.	1	104	54	104	2	MAPPED
REN_0225	Perr Voss	F	Kethruun	proximidades de Sandbones	caverna	ELYTH	Humano; usuário de Elyth; manifestação individual; alto risco de enfrentamento.	1	105	55	105	2	MAPPED
REN_0226	Wren Valec	F	Lyrien	proximidades de Aerocivitus	subúrbio	MAGIA	Humano; praticante de magia; domínio aproximado de nível 2; usa Mana e Códices.	1	106	56	106	2	MAPPED
REN_0227	Dren Arden	F	Tharun	proximidades de Stone-Âmbar	estrada	VELLUM_ARMORIAL	Humano; Vellum Armorial de nível 2; especialista em equipamento.	1	107	57	107	2	MAPPED
REN_0228	Kael Riven	F	Eshmara	proximidades de Brumas	pântano	MISTO	Humano; combinação de treinamento e técnicas clandestinas.	1	108	58	108	2	MAPPED
REN_0229	Rav Drell	F	Zarim	proximidades de Fornalia	ruínas	VELLUM_MARCIAL	Humano; Vellum Marcial de nível 2; especialista em combate corporal.	1	109	59	109	2	MAPPED
REN_0230	Yorin Deyr	F	Aeloria	proximidades de Runedral	bairro comercial	ELYTH	Humano; usuário de Elyth; manifestação individual; alto risco de enfrentamento.	1	110	60	110	2	MAPPED
REN_0231	Farel Halden	F	Valkyrion	proximidades de Volmeria	montanhas	MAGIA	Humano; praticante de magia; domínio aproximado de nível 2; usa Mana e Códices.	1	111	61	111	2	MAPPED
REN_0232	Marek Mirel	F	Orinthal	proximidades de Crystalia	floresta	VELLUM_ARMORIAL	Humano; Vellum Armorial de nível 2; especialista em equipamento.	1	112	62	112	2	MAPPED
REN_0233	Tav Kest	F	Myrthos	proximidades de Sem nome definido	caverna	MISTO	Humano; combinação de treinamento e técnicas clandestinas.	1	113	63	113	2	MAPPED
REN_0234	Ald Renn	F	Nyssara	proximidades de Emerald Tide	subúrbio	VELLUM_MARCIAL	Humano; Vellum Marcial de nível 2; especialista em combate corporal.	1	114	64	114	2	MAPPED
REN_0235	Hadr Dorn	F	Kethruun	proximidades de Sandbones	estrada	ELYTH	Humano; usuário de Elyth; manifestação individual; alto risco de enfrentamento.	1	115	65	115	2	MAPPED
REN_0236	Orven Khal	F	Lyrien	proximidades de Aerocivitus	pântano	MAGIA	Humano; praticante de magia; domínio aproximado de nível 2; usa Mana e Códices.	1	116	66	116	2	MAPPED
REN_0237	Varek Thorne	F	Tharun	proximidades de Stone-Âmbar	ruínas	VELLUM_ARMORIAL	Humano; Vellum Armorial de nível 2; especialista em equipamento.	1	117	67	117	2	MAPPED
REN_0238	Cyr Marek	F	Eshmara	proximidades de Brumas	bairro comercial	MISTO	Humano; combinação de treinamento e técnicas clandestinas.	1	118	68	118	2	MAPPED
REN_0239	Jor Karr	F	Zarim	proximidades de Fornalia	montanhas	VELLUM_MARCIAL	Humano; Vellum Marcial de nível 2; especialista em combate corporal.	1	119	69	119	2	MAPPED
REN_0240	Quin Veyr	F	Aeloria	proximidades de Jorwyn	floresta	ELYTH	Humano; usuário de Elyth; manifestação individual; alto risco de enfrentamento.	1	120	30	60	2	MAPPED
REN_0241	Xand Sang	F	Valkyrion	proximidades de Volmeria	caverna	MAGIA	Humano; praticante de magia; domínio aproximado de nível 2; usa Mana e Códices.	1	121	31	61	2	MAPPED
REN_0242	Eryk Morn	F	Orinthal	proximidades de Crystalia	subúrbio	VELLUM_ARMORIAL	Humano; Vellum Armorial de nível 2; especialista em equipamento.	1	122	32	62	2	MAPPED
REN_0243	Lorn Falk	F	Myrthos	proximidades de Sem nome definido	estrada	MISTO	Humano; combinação de treinamento e técnicas clandestinas.	1	123	33	63	2	MAPPED
REN_0244	Soren Rath	F	Nyssara	proximidades de Emerald Tide	pântano	VELLUM_MARCIAL	Humano; Vellum Marcial de nível 2; especialista em combate corporal.	1	124	34	64	2	MAPPED
REN_0245	Zarek Voss	F	Kethruun	proximidades de Sandbones	ruínas	ELYTH	Humano; usuário de Elyth; manifestação individual; alto risco de enfrentamento.	1	125	35	65	2	MAPPED
REN_0246	Garr Valec	F	Lyrien	proximidades de Aerocivitus	bairro comercial	MAGIA	Humano; praticante de magia; domínio aproximado de nível 2; usa Mana e Códices.	1	126	36	66	2	MAPPED
REN_0247	Nyr Arden	F	Tharun	proximidades de Stone-Âmbar	montanhas	VELLUM_ARMORIAL	Humano; Vellum Armorial de nível 2; especialista em equipamento.	1	127	37	67	2	MAPPED
REN_0248	Ulrik Riven	F	Eshmara	proximidades de Brumas	floresta	MISTO	Humano; combinação de treinamento e técnicas clandestinas.	1	128	38	68	2	MAPPED
REN_0249	Bren Drell	F	Zarim	proximidades de Fornalia	caverna	VELLUM_MARCIAL	Humano; Vellum Marcial de nível 2; especialista em combate corporal.	1	129	39	69	2	MAPPED
REN_0250	Iven Deyr	F	Aeloria	proximidades de Blackmere	subúrbio	ELYTH	Humano; usuário de Elyth; manifestação individual; alto risco de enfrentamento.	1	130	40	70	2	MAPPED
REN_0251	Perr Halden	F	Valkyrion	proximidades de Volmeria	estrada	MAGIA	Humano; praticante de magia; domínio aproximado de nível 2; usa Mana e Códices.	1	131	41	71	2	MAPPED
REN_0252	Wren Mirel	F	Orinthal	proximidades de Crystalia	pântano	VELLUM_ARMORIAL	Humano; Vellum Armorial de nível 2; especialista em equipamento.	1	132	42	72	2	MAPPED
REN_0253	Dren Kest	F	Myrthos	proximidades de Sem nome definido	ruínas	MISTO	Humano; combinação de treinamento e técnicas clandestinas.	1	133	43	73	2	MAPPED
REN_0254	Kael Renn	F	Nyssara	proximidades de Emerald Tide	bairro comercial	VELLUM_MARCIAL	Humano; Vellum Marcial de nível 2; especialista em combate corporal.	1	134	44	74	2	MAPPED
REN_0255	Rav Dorn	F	Kethruun	proximidades de Sandbones	montanhas	ELYTH	Humano; usuário de Elyth; manifestação individual; alto risco de enfrentamento.	1	135	45	75	2	MAPPED
REN_0256	Yorin Khal	F	Lyrien	proximidades de Aerocivitus	floresta	MAGIA	Humano; praticante de magia; domínio aproximado de nível 2; usa Mana e Códices.	1	136	46	76	2	MAPPED
REN_0257	Farel Thorne	F	Tharun	proximidades de Stone-Âmbar	caverna	VELLUM_ARMORIAL	Humano; Vellum Armorial de nível 2; especialista em equipamento.	1	137	47	77	2	MAPPED
REN_0258	Marek Marek	F	Eshmara	proximidades de Brumas	subúrbio	MISTO	Humano; combinação de treinamento e técnicas clandestinas.	1	138	48	78	2	MAPPED
REN_0259	Tav Karr	F	Zarim	proximidades de Fornalia	estrada	VELLUM_MARCIAL	Humano; Vellum Marcial de nível 2; especialista em combate corporal.	1	139	49	79	2	MAPPED
REN_0260	Ald Veyr	F	Aeloria	proximidades de Thornmere	pântano	ELYTH	Humano; usuário de Elyth; manifestação individual; alto risco de enfrentamento.	1	140	50	80	2	MAPPED
REN_0261	Hadr Sang 261	F	Valkyrion	proximidades de Volmeria	ruínas	MAGIA	Humano; praticante de magia; domínio aproximado de nível 2; usa Mana e Códices.	1	141	51	81	2	MAPPED
REN_0262	Orven Morn 262	F	Orinthal	proximidades de Crystalia	bairro comercial	VELLUM_ARMORIAL	Humano; Vellum Armorial de nível 2; especialista em equipamento.	1	142	52	82	2	MAPPED
REN_0263	Varek Falk 263	F	Myrthos	proximidades de Sem nome definido	montanhas	MISTO	Humano; combinação de treinamento e técnicas clandestinas.	1	143	53	83	2	MAPPED
REN_0264	Cyr Rath 264	F	Nyssara	proximidades de Emerald Tide	floresta	VELLUM_MARCIAL	Humano; Vellum Marcial de nível 2; especialista em combate corporal.	1	144	54	84	2	MAPPED
REN_0265	Jor Voss 265	F	Kethruun	proximidades de Sandbones	caverna	ELYTH	Humano; usuário de Elyth; manifestação individual; alto risco de enfrentamento.	1	145	55	85	2	MAPPED
REN_0266	Quin Valec 266	F	Lyrien	proximidades de Aerocivitus	subúrbio	MAGIA	Humano; praticante de magia; domínio aproximado de nível 2; usa Mana e Códices.	1	146	56	86	2	MAPPED
REN_0267	Xand Arden 267	F	Tharun	proximidades de Stone-Âmbar	estrada	VELLUM_ARMORIAL	Humano; Vellum Armorial de nível 2; especialista em equipamento.	1	147	57	87	2	MAPPED
REN_0268	Eryk Riven 268	F	Eshmara	proximidades de Brumas	pântano	MISTO	Humano; combinação de treinamento e técnicas clandestinas.	1	148	58	88	2	MAPPED
REN_0269	Lorn Drell 269	F	Zarim	proximidades de Fornalia	ruínas	VELLUM_MARCIAL	Humano; Vellum Marcial de nível 2; especialista em combate corporal.	1	149	59	89	2	MAPPED
REN_0270	Soren Deyr 270	F	Aeloria	proximidades de Loryndor	bairro comercial	ELYTH	Humano; usuário de Elyth; manifestação individual; alto risco de enfrentamento.	1	60	60	90	2	MAPPED
REN_0271	Zarek Halden 271	F	Valkyrion	proximidades de Volmeria	montanhas	MAGIA	Humano; praticante de magia; domínio aproximado de nível 2; usa Mana e Códices.	1	61	61	91	2	MAPPED
REN_0272	Garr Mirel 272	F	Orinthal	proximidades de Crystalia	floresta	VELLUM_ARMORIAL	Humano; Vellum Armorial de nível 2; especialista em equipamento.	1	62	62	92	2	MAPPED
REN_0273	Nyr Kest 273	F	Myrthos	proximidades de Sem nome definido	caverna	MISTO	Humano; combinação de treinamento e técnicas clandestinas.	1	63	63	93	2	MAPPED
REN_0274	Ulrik Renn 274	F	Nyssara	proximidades de Emerald Tide	subúrbio	VELLUM_MARCIAL	Humano; Vellum Marcial de nível 2; especialista em combate corporal.	1	64	64	94	2	MAPPED
REN_0275	Bren Dorn 275	F	Kethruun	proximidades de Sandbones	estrada	ELYTH	Humano; usuário de Elyth; manifestação individual; alto risco de enfrentamento.	1	65	65	95	2	MAPPED
REN_0276	Iven Khal 276	F	Lyrien	proximidades de Aerocivitus	pântano	MAGIA	Humano; praticante de magia; domínio aproximado de nível 2; usa Mana e Códices.	1	66	66	96	2	MAPPED
REN_0277	Perr Thorne 277	F	Tharun	proximidades de Stone-Âmbar	ruínas	VELLUM_ARMORIAL	Humano; Vellum Armorial de nível 2; especialista em equipamento.	1	67	67	97	2	MAPPED
REN_0278	Wren Marek 278	F	Eshmara	proximidades de Brumas	bairro comercial	MISTO	Humano; combinação de treinamento e técnicas clandestinas.	1	68	68	98	2	MAPPED
REN_0279	Dren Karr 279	F	Zarim	proximidades de Fornalia	montanhas	VELLUM_MARCIAL	Humano; Vellum Marcial de nível 2; especialista em combate corporal.	1	69	69	99	2	MAPPED
REN_0280	Kael Veyr 280	F	Aeloria	proximidades de Duskmere	floresta	ELYTH	Humano; usuário de Elyth; manifestação individual; alto risco de enfrentamento.	1	70	30	100	2	MAPPED
REN_0281	Rav Sang 281	F	Valkyrion	proximidades de Volmeria	caverna	MAGIA	Humano; praticante de magia; domínio aproximado de nível 2; usa Mana e Códices.	1	71	31	101	2	MAPPED
REN_0282	Yorin Morn 282	F	Orinthal	proximidades de Crystalia	subúrbio	VELLUM_ARMORIAL	Humano; Vellum Armorial de nível 2; especialista em equipamento.	1	72	32	102	2	MAPPED
REN_0283	Farel Falk 283	F	Myrthos	proximidades de Sem nome definido	estrada	MISTO	Humano; combinação de treinamento e técnicas clandestinas.	1	73	33	103	2	MAPPED
REN_0284	Marek Rath 284	F	Nyssara	proximidades de Emerald Tide	pântano	VELLUM_MARCIAL	Humano; Vellum Marcial de nível 2; especialista em combate corporal.	1	74	34	104	2	MAPPED
REN_0285	Tav Voss 285	F	Kethruun	proximidades de Sandbones	ruínas	ELYTH	Humano; usuário de Elyth; manifestação individual; alto risco de enfrentamento.	1	75	35	105	2	MAPPED
REN_0286	Ald Valec 286	F	Lyrien	proximidades de Aerocivitus	bairro comercial	MAGIA	Humano; praticante de magia; domínio aproximado de nível 2; usa Mana e Códices.	1	76	36	106	2	MAPPED
REN_0287	Hadr Arden 287	F	Tharun	proximidades de Stone-Âmbar	montanhas	VELLUM_ARMORIAL	Humano; Vellum Armorial de nível 2; especialista em equipamento.	1	77	37	107	2	MAPPED
REN_0288	Orven Riven 288	F	Eshmara	proximidades de Brumas	floresta	MISTO	Humano; combinação de treinamento e técnicas clandestinas.	1	78	38	108	2	MAPPED
REN_0289	Varek Drell 289	F	Zarim	proximidades de Fornalia	caverna	VELLUM_MARCIAL	Humano; Vellum Marcial de nível 2; especialista em combate corporal.	1	79	39	109	2	MAPPED
REN_0290	Cyr Deyr 290	F	Aeloria	proximidades de Valdora	subúrbio	ELYTH	Humano; usuário de Elyth; manifestação individual; alto risco de enfrentamento.	1	80	40	110	2	MAPPED
REN_0291	Jor Halden 291	F	Valkyrion	proximidades de Volmeria	estrada	MAGIA	Humano; praticante de magia; domínio aproximado de nível 2; usa Mana e Códices.	1	81	41	111	2	MAPPED
REN_0292	Quin Mirel 292	F	Orinthal	proximidades de Crystalia	pântano	VELLUM_ARMORIAL	Humano; Vellum Armorial de nível 2; especialista em equipamento.	1	82	42	112	2	MAPPED
REN_0293	Xand Kest 293	F	Myrthos	proximidades de Sem nome definido	ruínas	MISTO	Humano; combinação de treinamento e técnicas clandestinas.	1	83	43	113	2	MAPPED
REN_0294	Eryk Renn 294	F	Nyssara	proximidades de Emerald Tide	bairro comercial	VELLUM_MARCIAL	Humano; Vellum Marcial de nível 2; especialista em combate corporal.	1	84	44	114	2	MAPPED
REN_0295	Lorn Dorn 295	F	Kethruun	proximidades de Sandbones	montanhas	ELYTH	Humano; usuário de Elyth; manifestação individual; alto risco de enfrentamento.	1	85	45	115	2	MAPPED
REN_0296	Soren Khal 296	F	Lyrien	proximidades de Aerocivitus	floresta	MAGIA	Humano; praticante de magia; domínio aproximado de nível 2; usa Mana e Códices.	1	86	46	116	2	MAPPED
REN_0297	Zarek Thorne 297	F	Tharun	proximidades de Stone-Âmbar	caverna	VELLUM_ARMORIAL	Humano; Vellum Armorial de nível 2; especialista em equipamento.	1	87	47	117	2	MAPPED
REN_0298	Garr Marek 298	F	Eshmara	proximidades de Brumas	subúrbio	MISTO	Humano; combinação de treinamento e técnicas clandestinas.	1	88	48	118	2	MAPPED
REN_0299	Nyr Karr 299	F	Zarim	proximidades de Fornalia	estrada	VELLUM_MARCIAL	Humano; Vellum Marcial de nível 2; especialista em combate corporal.	1	89	49	119	2	MAPPED
REN_0300	Ulrik Veyr 300	F	Aeloria	proximidades de Tindralith	pântano	ELYTH	Humano; usuário de Elyth; manifestação individual; alto risco de enfrentamento.	1	90	50	60	2	MAPPED
REN_0301	Bren Sang 301	F	Valkyrion	proximidades de Volmeria	ruínas	MAGIA	Humano; praticante de magia; domínio aproximado de nível 2; usa Mana e Códices.	1	91	51	61	2	MAPPED
REN_0302	Iven Morn 302	F	Orinthal	proximidades de Crystalia	bairro comercial	VELLUM_ARMORIAL	Humano; Vellum Armorial de nível 2; especialista em equipamento.	1	92	52	62	2	MAPPED
REN_0303	Perr Falk 303	F	Myrthos	proximidades de Sem nome definido	montanhas	MISTO	Humano; combinação de treinamento e técnicas clandestinas.	1	93	53	63	2	MAPPED
REN_0304	Wren Rath 304	F	Nyssara	proximidades de Emerald Tide	floresta	VELLUM_MARCIAL	Humano; Vellum Marcial de nível 2; especialista em combate corporal.	1	94	54	64	2	MAPPED
REN_0305	Dren Voss 305	F	Kethruun	proximidades de Sandbones	caverna	ELYTH	Humano; usuário de Elyth; manifestação individual; alto risco de enfrentamento.	1	95	55	65	2	MAPPED
REN_0306	Kael Valec 306	F	Lyrien	proximidades de Aerocivitus	subúrbio	MAGIA	Humano; praticante de magia; domínio aproximado de nível 2; usa Mana e Códices.	1	96	56	66	2	MAPPED
REN_0307	Rav Arden 307	F	Tharun	proximidades de Stone-Âmbar	estrada	VELLUM_ARMORIAL	Humano; Vellum Armorial de nível 2; especialista em equipamento.	1	97	57	67	2	MAPPED
REN_0308	Yorin Riven 308	F	Eshmara	proximidades de Brumas	pântano	MISTO	Humano; combinação de treinamento e técnicas clandestinas.	1	98	58	68	2	MAPPED
REN_0309	Farel Drell 309	F	Zarim	proximidades de Fornalia	ruínas	VELLUM_MARCIAL	Humano; Vellum Marcial de nível 2; especialista em combate corporal.	1	99	59	69	2	MAPPED
REN_0310	Marek Deyr 310	F	Aeloria	proximidades de Lorwynne	bairro comercial	ELYTH	Humano; usuário de Elyth; manifestação individual; alto risco de enfrentamento.	1	100	60	70	2	MAPPED
REN_0311	Tav Halden 311	F	Valkyrion	proximidades de Volmeria	montanhas	MAGIA	Humano; praticante de magia; domínio aproximado de nível 2; usa Mana e Códices.	1	101	61	71	2	MAPPED
REN_0312	Ald Mirel 312	F	Orinthal	proximidades de Crystalia	floresta	VELLUM_ARMORIAL	Humano; Vellum Armorial de nível 2; especialista em equipamento.	1	102	62	72	2	MAPPED
REN_0313	Hadr Kest 313	F	Myrthos	proximidades de Sem nome definido	caverna	MISTO	Humano; combinação de treinamento e técnicas clandestinas.	1	103	63	73	2	MAPPED
REN_0314	Orven Renn 314	F	Nyssara	proximidades de Emerald Tide	subúrbio	VELLUM_MARCIAL	Humano; Vellum Marcial de nível 2; especialista em combate corporal.	1	104	64	74	2	MAPPED
REN_0315	Varek Dorn 315	F	Kethruun	proximidades de Sandbones	estrada	ELYTH	Humano; usuário de Elyth; manifestação individual; alto risco de enfrentamento.	1	105	65	75	2	MAPPED
REN_0316	Cyr Khal 316	F	Lyrien	proximidades de Aerocivitus	pântano	MAGIA	Humano; praticante de magia; domínio aproximado de nível 2; usa Mana e Códices.	1	106	66	76	2	MAPPED
REN_0317	Jor Thorne 317	F	Tharun	proximidades de Stone-Âmbar	ruínas	VELLUM_ARMORIAL	Humano; Vellum Armorial de nível 2; especialista em equipamento.	1	107	67	77	2	MAPPED
REN_0318	Quin Marek 318	F	Eshmara	proximidades de Brumas	bairro comercial	MISTO	Humano; combinação de treinamento e técnicas clandestinas.	1	108	68	78	2	MAPPED
REN_0319	Xand Karr 319	F	Zarim	proximidades de Fornalia	montanhas	VELLUM_MARCIAL	Humano; Vellum Marcial de nível 2; especialista em combate corporal.	1	109	69	79	2	MAPPED
REN_0320	Eryk Veyr 320	F	Aeloria	proximidades de Dawnspire	floresta	ELYTH	Humano; usuário de Elyth; manifestação individual; alto risco de enfrentamento.	1	110	30	80	2	MAPPED
REN_0321	Lorn Sang 321	F	Valkyrion	proximidades de Volmeria	caverna	MAGIA	Humano; praticante de magia; domínio aproximado de nível 2; usa Mana e Códices.	1	111	31	81	2	MAPPED
REN_0322	Soren Morn 322	F	Orinthal	proximidades de Crystalia	subúrbio	VELLUM_ARMORIAL	Humano; Vellum Armorial de nível 2; especialista em equipamento.	1	112	32	82	2	MAPPED
REN_0323	Zarek Falk 323	F	Myrthos	proximidades de Sem nome definido	estrada	MISTO	Humano; combinação de treinamento e técnicas clandestinas.	1	113	33	83	2	MAPPED
REN_0324	Garr Rath 324	F	Nyssara	proximidades de Emerald Tide	pântano	VELLUM_MARCIAL	Humano; Vellum Marcial de nível 2; especialista em combate corporal.	1	114	34	84	2	MAPPED
REN_0325	Nyr Voss 325	F	Kethruun	proximidades de Sandbones	ruínas	ELYTH	Humano; usuário de Elyth; manifestação individual; alto risco de enfrentamento.	1	115	35	85	2	MAPPED
REN_0326	Ulrik Valec 326	F	Lyrien	proximidades de Aerocivitus	bairro comercial	MAGIA	Humano; praticante de magia; domínio aproximado de nível 2; usa Mana e Códices.	1	116	36	86	2	MAPPED
REN_0327	Bren Arden 327	F	Tharun	proximidades de Stone-Âmbar	montanhas	VELLUM_ARMORIAL	Humano; Vellum Armorial de nível 2; especialista em equipamento.	1	117	37	87	2	MAPPED
REN_0328	Iven Riven 328	F	Eshmara	proximidades de Brumas	floresta	MISTO	Humano; combinação de treinamento e técnicas clandestinas.	1	118	38	88	2	MAPPED
REN_0329	Perr Drell 329	F	Zarim	proximidades de Fornalia	caverna	VELLUM_MARCIAL	Humano; Vellum Marcial de nível 2; especialista em combate corporal.	1	119	39	89	2	MAPPED
REN_0330	Wren Deyr 330	F	Aeloria	proximidades de Veyndaril	subúrbio	ELYTH	Humano; usuário de Elyth; manifestação individual; alto risco de enfrentamento.	1	120	40	90	2	MAPPED
REN_0331	Dren Halden 331	F	Valkyrion	proximidades de Volmeria	estrada	MAGIA	Humano; praticante de magia; domínio aproximado de nível 2; usa Mana e Códices.	1	121	41	91	2	MAPPED
REN_0332	Kael Mirel 332	F	Orinthal	proximidades de Crystalia	pântano	VELLUM_ARMORIAL	Humano; Vellum Armorial de nível 2; especialista em equipamento.	1	122	42	92	2	MAPPED
REN_0333	Rav Kest 333	F	Myrthos	proximidades de Sem nome definido	ruínas	MISTO	Humano; combinação de treinamento e técnicas clandestinas.	1	123	43	93	2	MAPPED
REN_0334	Yorin Renn 334	F	Nyssara	proximidades de Emerald Tide	bairro comercial	VELLUM_MARCIAL	Humano; Vellum Marcial de nível 2; especialista em combate corporal.	1	124	44	94	2	MAPPED
REN_0335	Farel Dorn 335	F	Kethruun	proximidades de Sandbones	montanhas	ELYTH	Humano; usuário de Elyth; manifestação individual; alto risco de enfrentamento.	1	125	45	95	2	MAPPED
REN_0336	Marek Khal 336	F	Lyrien	proximidades de Aerocivitus	floresta	MAGIA	Humano; praticante de magia; domínio aproximado de nível 2; usa Mana e Códices.	1	126	46	96	2	MAPPED
REN_0337	Tav Thorne 337	F	Tharun	proximidades de Stone-Âmbar	caverna	VELLUM_ARMORIAL	Humano; Vellum Armorial de nível 2; especialista em equipamento.	1	127	47	97	2	MAPPED
REN_0338	Ald Marek 338	F	Eshmara	proximidades de Brumas	subúrbio	MISTO	Humano; combinação de treinamento e técnicas clandestinas.	1	128	48	98	2	MAPPED
REN_0339	Hadr Karr 339	F	Zarim	proximidades de Fornalia	estrada	VELLUM_MARCIAL	Humano; Vellum Marcial de nível 2; especialista em combate corporal.	1	129	49	99	2	MAPPED
REN_0340	Orven Veyr 340	F	Aeloria	proximidades de Norhaven	pântano	ELYTH	Humano; usuário de Elyth; manifestação individual; alto risco de enfrentamento.	1	130	50	100	2	MAPPED
REN_0341	Varek Sang 341	F	Valkyrion	proximidades de Volmeria	ruínas	MAGIA	Humano; praticante de magia; domínio aproximado de nível 2; usa Mana e Códices.	1	131	51	101	2	MAPPED
REN_0342	Cyr Morn 342	F	Orinthal	proximidades de Crystalia	bairro comercial	VELLUM_ARMORIAL	Humano; Vellum Armorial de nível 2; especialista em equipamento.	1	132	52	102	2	MAPPED
REN_0343	Jor Falk 343	F	Myrthos	proximidades de Sem nome definido	montanhas	MISTO	Humano; combinação de treinamento e técnicas clandestinas.	1	133	53	103	2	MAPPED
REN_0344	Quin Rath 344	F	Nyssara	proximidades de Emerald Tide	floresta	VELLUM_MARCIAL	Humano; Vellum Marcial de nível 2; especialista em combate corporal.	1	134	54	104	2	MAPPED
REN_0345	Xand Voss 345	F	Kethruun	proximidades de Sandbones	caverna	ELYTH	Humano; usuário de Elyth; manifestação individual; alto risco de enfrentamento.	1	135	55	105	2	MAPPED
REN_0346	Eryk Valec 346	F	Lyrien	proximidades de Aerocivitus	subúrbio	MAGIA	Humano; praticante de magia; domínio aproximado de nível 2; usa Mana e Códices.	1	136	56	106	2	MAPPED
REN_0347	Lorn Arden 347	F	Tharun	proximidades de Stone-Âmbar	estrada	VELLUM_ARMORIAL	Humano; Vellum Armorial de nível 2; especialista em equipamento.	1	137	57	107	2	MAPPED
REN_0348	Soren Riven 348	F	Eshmara	proximidades de Brumas	pântano	MISTO	Humano; combinação de treinamento e técnicas clandestinas.	1	138	58	108	2	MAPPED
REN_0349	Zarek Drell 349	F	Zarim	proximidades de Fornalia	ruínas	VELLUM_MARCIAL	Humano; Vellum Marcial de nível 2; especialista em combate corporal.	1	139	59	109	2	MAPPED
REN_0350	Garr Deyr 350	F	Aeloria	proximidades de Fenndral	bairro comercial	ELYTH	Humano; usuário de Elyth; manifestação individual; alto risco de enfrentamento.	1	140	60	110	2	MAPPED
REN_0351	Nyr Halden 351	F	Valkyrion	proximidades de Volmeria	montanhas	MAGIA	Humano; praticante de magia; domínio aproximado de nível 2; usa Mana e Códices.	1	141	61	111	2	MAPPED
REN_0352	Ulrik Mirel 352	F	Orinthal	proximidades de Crystalia	floresta	VELLUM_ARMORIAL	Humano; Vellum Armorial de nível 2; especialista em equipamento.	1	142	62	112	2	MAPPED
REN_0353	Bren Kest 353	F	Myrthos	proximidades de Sem nome definido	caverna	MISTO	Humano; combinação de treinamento e técnicas clandestinas.	1	143	63	113	2	MAPPED
REN_0354	Iven Renn 354	F	Nyssara	proximidades de Emerald Tide	subúrbio	VELLUM_MARCIAL	Humano; Vellum Marcial de nível 2; especialista em combate corporal.	1	144	64	114	2	MAPPED
REN_0355	Perr Dorn 355	F	Kethruun	proximidades de Sandbones	estrada	ELYTH	Humano; usuário de Elyth; manifestação individual; alto risco de enfrentamento.	1	145	65	115	2	MAPPED
REN_0356	Wren Khal 356	F	Lyrien	proximidades de Aerocivitus	pântano	MAGIA	Humano; praticante de magia; domínio aproximado de nível 2; usa Mana e Códices.	1	146	66	116	2	MAPPED
REN_0357	Dren Thorne 357	F	Tharun	proximidades de Stone-Âmbar	ruínas	VELLUM_ARMORIAL	Humano; Vellum Armorial de nível 2; especialista em equipamento.	1	147	67	117	2	MAPPED
REN_0358	Kael Marek 358	F	Eshmara	proximidades de Brumas	bairro comercial	MISTO	Humano; combinação de treinamento e técnicas clandestinas.	1	148	68	118	2	MAPPED
REN_0359	Rav Karr 359	F	Zarim	proximidades de Fornalia	montanhas	VELLUM_MARCIAL	Humano; Vellum Marcial de nível 2; especialista em combate corporal.	1	149	69	119	2	MAPPED
REN_0360	Yorin Veyr 360	F	Aeloria	proximidades de Lunareth	floresta	ELYTH	Humano; usuário de Elyth; manifestação individual; alto risco de enfrentamento.	1	60	30	60	2	MAPPED
REN_0361	Farel Sang 361	E	Valkyrion	proximidades de Volmeria	caverna	MAGIA	Humano; praticante de magia; domínio aproximado de nível 2; usa Mana e Códices.	2	251	141	281	2	MAPPED
REN_0362	Marek Morn 362	E	Orinthal	proximidades de Crystalia	subúrbio	VELLUM_ARMORIAL	Humano; Vellum Armorial de nível 3; especialista em equipamento.	2	252	142	282	2	MAPPED
REN_0363	Tav Falk 363	E	Myrthos	proximidades de Sem nome definido	estrada	MISTO	Humano; combinação de treinamento e técnicas clandestinas.	2	253	143	283	2	MAPPED
REN_0364	Ald Rath 364	E	Nyssara	proximidades de Emerald Tide	pântano	VELLUM_MARCIAL	Humano; Vellum Marcial de nível 3; especialista em combate corporal.	2	254	144	284	2	MAPPED
REN_0365	Hadr Voss 365	E	Kethruun	proximidades de Sandbones	ruínas	ELYTH	Humano; usuário de Elyth; manifestação individual; alto risco de enfrentamento.	2	255	145	285	2	MAPPED
REN_0366	Orven Valec 366	E	Lyrien	proximidades de Aerocivitus	bairro comercial	MAGIA	Humano; praticante de magia; domínio aproximado de nível 2; usa Mana e Códices.	2	256	146	286	2	MAPPED
REN_0367	Varek Arden 367	E	Tharun	proximidades de Stone-Âmbar	montanhas	VELLUM_ARMORIAL	Humano; Vellum Armorial de nível 3; especialista em equipamento.	2	257	147	287	2	MAPPED
REN_0368	Cyr Riven 368	E	Eshmara	proximidades de Brumas	floresta	MISTO	Humano; combinação de treinamento e técnicas clandestinas.	2	258	148	288	2	MAPPED
REN_0369	Jor Drell 369	E	Zarim	proximidades de Fornalia	caverna	VELLUM_MARCIAL	Humano; Vellum Marcial de nível 3; especialista em combate corporal.	2	259	149	289	2	MAPPED
REN_0370	Quin Deyr 370	E	Aeloria	proximidades de Verdralith	subúrbio	ELYTH	Humano; usuário de Elyth; manifestação individual; alto risco de enfrentamento.	2	260	150	290	2	MAPPED
REN_0371	Xand Halden 371	E	Valkyrion	proximidades de Volmeria	estrada	MAGIA	Humano; praticante de magia; domínio aproximado de nível 2; usa Mana e Códices.	2	261	151	291	2	MAPPED
REN_0372	Eryk Mirel 372	E	Orinthal	proximidades de Crystalia	pântano	VELLUM_ARMORIAL	Humano; Vellum Armorial de nível 3; especialista em equipamento.	2	262	152	292	2	MAPPED
REN_0373	Lorn Kest 373	E	Myrthos	proximidades de Sem nome definido	ruínas	MISTO	Humano; combinação de treinamento e técnicas clandestinas.	2	263	153	293	2	MAPPED
REN_0374	Soren Renn 374	E	Nyssara	proximidades de Emerald Tide	bairro comercial	VELLUM_MARCIAL	Humano; Vellum Marcial de nível 3; especialista em combate corporal.	2	264	154	294	2	MAPPED
REN_0375	Zarek Dorn 375	E	Kethruun	proximidades de Sandbones	montanhas	ELYTH	Humano; usuário de Elyth; manifestação individual; alto risco de enfrentamento.	2	265	155	295	2	MAPPED
REN_0376	Garr Khal 376	E	Lyrien	proximidades de Aerocivitus	floresta	MAGIA	Humano; praticante de magia; domínio aproximado de nível 2; usa Mana e Códices.	2	266	156	296	2	MAPPED
REN_0377	Nyr Thorne 377	E	Tharun	proximidades de Stone-Âmbar	caverna	VELLUM_ARMORIAL	Humano; Vellum Armorial de nível 3; especialista em equipamento.	2	267	157	297	2	MAPPED
REN_0378	Ulrik Marek 378	E	Eshmara	proximidades de Brumas	subúrbio	MISTO	Humano; combinação de treinamento e técnicas clandestinas.	2	268	158	298	2	MAPPED
REN_0379	Bren Karr 379	E	Zarim	proximidades de Fornalia	estrada	VELLUM_MARCIAL	Humano; Vellum Marcial de nível 3; especialista em combate corporal.	2	269	159	299	2	MAPPED
REN_0380	Iven Veyr 380	E	Aeloria	proximidades de Netherholt	pântano	ELYTH	Humano; usuário de Elyth; manifestação individual; alto risco de enfrentamento.	2	270	160	300	2	MAPPED
REN_0381	Perr Sang 381	E	Valkyrion	proximidades de Volmeria	ruínas	MAGIA	Humano; praticante de magia; domínio aproximado de nível 2; usa Mana e Códices.	2	271	161	301	2	MAPPED
REN_0382	Wren Morn 382	E	Orinthal	proximidades de Crystalia	bairro comercial	VELLUM_ARMORIAL	Humano; Vellum Armorial de nível 3; especialista em equipamento.	2	272	162	302	2	MAPPED
REN_0383	Dren Falk 383	E	Myrthos	proximidades de Sem nome definido	montanhas	MISTO	Humano; combinação de treinamento e técnicas clandestinas.	2	273	163	303	2	MAPPED
REN_0384	Kael Rath 384	E	Nyssara	proximidades de Emerald Tide	floresta	VELLUM_MARCIAL	Humano; Vellum Marcial de nível 3; especialista em combate corporal.	2	274	164	304	2	MAPPED
REN_0385	Rav Voss 385	E	Kethruun	proximidades de Sandbones	caverna	ELYTH	Humano; usuário de Elyth; manifestação individual; alto risco de enfrentamento.	2	275	165	305	2	MAPPED
REN_0386	Yorin Valec 386	E	Lyrien	proximidades de Aerocivitus	subúrbio	MAGIA	Humano; praticante de magia; domínio aproximado de nível 2; usa Mana e Códices.	2	276	166	306	2	MAPPED
REN_0387	Farel Arden 387	E	Tharun	proximidades de Stone-Âmbar	estrada	VELLUM_ARMORIAL	Humano; Vellum Armorial de nível 3; especialista em equipamento.	2	277	167	307	2	MAPPED
REN_0388	Marek Riven 388	E	Eshmara	proximidades de Brumas	pântano	MISTO	Humano; combinação de treinamento e técnicas clandestinas.	2	278	168	308	2	MAPPED
REN_0389	Tav Drell 389	E	Zarim	proximidades de Fornalia	ruínas	VELLUM_MARCIAL	Humano; Vellum Marcial de nível 3; especialista em combate corporal.	2	279	169	309	2	MAPPED
REN_0390	Ald Deyr 390	E	Aeloria	proximidades de Frostmere	bairro comercial	ELYTH	Humano; usuário de Elyth; manifestação individual; alto risco de enfrentamento.	2	280	170	310	2	MAPPED
REN_0391	Hadr Halden 391	E	Valkyrion	proximidades de Volmeria	montanhas	MAGIA	Humano; praticante de magia; domínio aproximado de nível 2; usa Mana e Códices.	2	281	171	311	2	MAPPED
REN_0392	Orven Mirel 392	E	Orinthal	proximidades de Crystalia	floresta	VELLUM_ARMORIAL	Humano; Vellum Armorial de nível 3; especialista em equipamento.	2	282	172	312	2	MAPPED
REN_0393	Varek Kest 393	E	Myrthos	proximidades de Sem nome definido	caverna	MISTO	Humano; combinação de treinamento e técnicas clandestinas.	2	283	173	313	2	MAPPED
REN_0394	Cyr Renn 394	E	Nyssara	proximidades de Emerald Tide	subúrbio	VELLUM_MARCIAL	Humano; Vellum Marcial de nível 3; especialista em combate corporal.	2	284	174	314	2	MAPPED
REN_0395	Jor Dorn 395	E	Kethruun	proximidades de Sandbones	estrada	ELYTH	Humano; usuário de Elyth; manifestação individual; alto risco de enfrentamento.	2	285	175	315	2	MAPPED
REN_0396	Quin Khal 396	E	Lyrien	proximidades de Aerocivitus	pântano	MAGIA	Humano; praticante de magia; domínio aproximado de nível 2; usa Mana e Códices.	2	286	176	316	2	MAPPED
REN_0397	Xand Thorne 397	E	Tharun	proximidades de Stone-Âmbar	ruínas	VELLUM_ARMORIAL	Humano; Vellum Armorial de nível 3; especialista em equipamento.	2	287	177	317	2	MAPPED
REN_0398	Eryk Marek 398	E	Eshmara	proximidades de Brumas	bairro comercial	MISTO	Humano; combinação de treinamento e técnicas clandestinas.	2	288	178	318	2	MAPPED
REN_0399	Lorn Karr 399	E	Zarim	proximidades de Fornalia	montanhas	VELLUM_MARCIAL	Humano; Vellum Marcial de nível 3; especialista em combate corporal.	2	289	179	319	2	MAPPED
REN_0400	Soren Veyr 400	E	Aeloria	proximidades de Xandralor	floresta	ELYTH	Humano; usuário de Elyth; manifestação individual; alto risco de enfrentamento.	2	290	140	320	2	MAPPED
REN_0401	Zarek Sang 401	E	Valkyrion	proximidades de Volmeria	caverna	MAGIA	Humano; praticante de magia; domínio aproximado de nível 2; usa Mana e Códices.	2	291	141	321	2	MAPPED
REN_0402	Garr Morn 402	E	Orinthal	proximidades de Crystalia	subúrbio	VELLUM_ARMORIAL	Humano; Vellum Armorial de nível 3; especialista em equipamento.	2	292	142	322	2	MAPPED
REN_0403	Nyr Falk 403	E	Myrthos	proximidades de Sem nome definido	estrada	MISTO	Humano; combinação de treinamento e técnicas clandestinas.	2	293	143	323	2	MAPPED
REN_0404	Ulrik Rath 404	E	Nyssara	proximidades de Emerald Tide	pântano	VELLUM_MARCIAL	Humano; Vellum Marcial de nível 3; especialista em combate corporal.	2	294	144	324	2	MAPPED
REN_0405	Bren Voss 405	E	Kethruun	proximidades de Sandbones	ruínas	ELYTH	Humano; usuário de Elyth; manifestação individual; alto risco de enfrentamento.	2	295	145	325	2	MAPPED
REN_0406	Iven Valec 406	E	Lyrien	proximidades de Aerocivitus	bairro comercial	MAGIA	Humano; praticante de magia; domínio aproximado de nível 2; usa Mana e Códices.	2	296	146	326	2	MAPPED
REN_0407	Perr Arden 407	E	Tharun	proximidades de Stone-Âmbar	montanhas	VELLUM_ARMORIAL	Humano; Vellum Armorial de nível 3; especialista em equipamento.	2	297	147	327	2	MAPPED
REN_0408	Wren Riven 408	E	Eshmara	proximidades de Brumas	floresta	MISTO	Humano; combinação de treinamento e técnicas clandestinas.	2	298	148	328	2	MAPPED
REN_0409	Dren Drell 409	E	Zarim	proximidades de Fornalia	caverna	VELLUM_MARCIAL	Humano; Vellum Marcial de nível 3; especialista em combate corporal.	2	299	149	329	2	MAPPED
REN_0410	Kael Deyr 410	E	Aeloria	proximidades de Pyrelith	subúrbio	ELYTH	Humano; usuário de Elyth; manifestação individual; alto risco de enfrentamento.	2	300	150	330	2	MAPPED
REN_0411	Rav Halden 411	E	Valkyrion	proximidades de Volmeria	estrada	MAGIA	Humano; praticante de magia; domínio aproximado de nível 2; usa Mana e Códices.	2	301	151	331	2	MAPPED
REN_0412	Yorin Mirel 412	E	Orinthal	proximidades de Crystalia	pântano	VELLUM_ARMORIAL	Humano; Vellum Armorial de nível 3; especialista em equipamento.	2	302	152	332	2	MAPPED
REN_0413	Farel Kest 413	E	Myrthos	proximidades de Sem nome definido	ruínas	MISTO	Humano; combinação de treinamento e técnicas clandestinas.	2	303	153	333	2	MAPPED
REN_0414	Marek Renn 414	E	Nyssara	proximidades de Emerald Tide	bairro comercial	VELLUM_MARCIAL	Humano; Vellum Marcial de nível 3; especialista em combate corporal.	2	304	154	334	2	MAPPED
REN_0415	Tav Dorn 415	E	Kethruun	proximidades de Sandbones	montanhas	ELYTH	Humano; usuário de Elyth; manifestação individual; alto risco de enfrentamento.	2	305	155	335	2	MAPPED
REN_0416	Ald Khal 416	E	Lyrien	proximidades de Aerocivitus	floresta	MAGIA	Humano; praticante de magia; domínio aproximado de nível 2; usa Mana e Códices.	2	306	156	336	2	MAPPED
REN_0417	Hadr Thorne 417	E	Tharun	proximidades de Stone-Âmbar	caverna	VELLUM_ARMORIAL	Humano; Vellum Armorial de nível 3; especialista em equipamento.	2	307	157	337	2	MAPPED
REN_0418	Orven Marek 418	E	Eshmara	proximidades de Brumas	subúrbio	MISTO	Humano; combinação de treinamento e técnicas clandestinas.	2	308	158	338	2	MAPPED
REN_0419	Varek Karr 419	E	Zarim	proximidades de Fornalia	estrada	VELLUM_MARCIAL	Humano; Vellum Marcial de nível 3; especialista em combate corporal.	2	309	159	339	2	MAPPED
REN_0420	Cyr Veyr 420	E	Aeloria	proximidades de Hallowspire	pântano	ELYTH	Humano; usuário de Elyth; manifestação individual; alto risco de enfrentamento.	2	310	160	280	2	MAPPED
REN_0421	Jor Sang 421	E	Valkyrion	proximidades de Volmeria	ruínas	MAGIA	Humano; praticante de magia; domínio aproximado de nível 2; usa Mana e Códices.	2	311	161	281	2	MAPPED
REN_0422	Quin Morn 422	E	Orinthal	proximidades de Crystalia	bairro comercial	VELLUM_ARMORIAL	Humano; Vellum Armorial de nível 3; especialista em equipamento.	2	312	162	282	2	MAPPED
REN_0423	Xand Falk 423	E	Myrthos	proximidades de Sem nome definido	montanhas	MISTO	Humano; combinação de treinamento e técnicas clandestinas.	2	313	163	283	2	MAPPED
REN_0424	Eryk Rath 424	E	Nyssara	proximidades de Emerald Tide	floresta	VELLUM_MARCIAL	Humano; Vellum Marcial de nível 3; especialista em combate corporal.	2	314	164	284	2	MAPPED
REN_0425	Lorn Voss 425	E	Kethruun	proximidades de Sandbones	caverna	ELYTH	Humano; usuário de Elyth; manifestação individual; alto risco de enfrentamento.	2	315	165	285	2	MAPPED
REN_0426	Soren Valec 426	E	Lyrien	proximidades de Aerocivitus	subúrbio	MAGIA	Humano; praticante de magia; domínio aproximado de nível 2; usa Mana e Códices.	2	316	166	286	2	MAPPED
REN_0427	Zarek Arden 427	E	Tharun	proximidades de Stone-Âmbar	estrada	VELLUM_ARMORIAL	Humano; Vellum Armorial de nível 3; especialista em equipamento.	2	317	167	287	2	MAPPED
REN_0428	Garr Riven 428	E	Eshmara	proximidades de Brumas	pântano	MISTO	Humano; combinação de treinamento e técnicas clandestinas.	2	318	168	288	2	MAPPED
REN_0429	Nyr Drell 429	E	Zarim	proximidades de Fornalia	ruínas	VELLUM_MARCIAL	Humano; Vellum Marcial de nível 3; especialista em combate corporal.	2	319	169	289	2	MAPPED
REN_0430	Ulrik Deyr 430	E	Aeloria	proximidades de Feyndral	bairro comercial	ELYTH	Humano; usuário de Elyth; manifestação individual; alto risco de enfrentamento.	2	320	170	290	2	MAPPED
REN_0431	Bren Halden 431	E	Valkyrion	proximidades de Volmeria	montanhas	MAGIA	Humano; praticante de magia; domínio aproximado de nível 2; usa Mana e Códices.	2	321	171	291	2	MAPPED
REN_0432	Iven Mirel 432	E	Orinthal	proximidades de Crystalia	floresta	VELLUM_ARMORIAL	Humano; Vellum Armorial de nível 3; especialista em equipamento.	2	322	172	292	2	MAPPED
REN_0433	Perr Kest 433	E	Myrthos	proximidades de Sem nome definido	caverna	MISTO	Humano; combinação de treinamento e técnicas clandestinas.	2	323	173	293	2	MAPPED
REN_0434	Wren Renn 434	E	Nyssara	proximidades de Emerald Tide	subúrbio	VELLUM_MARCIAL	Humano; Vellum Marcial de nível 3; especialista em combate corporal.	2	324	174	294	2	MAPPED
REN_0435	Dren Dorn 435	E	Kethruun	proximidades de Sandbones	estrada	ELYTH	Humano; usuário de Elyth; manifestação individual; alto risco de enfrentamento.	2	325	175	295	2	MAPPED
REN_0436	Kael Khal 436	E	Lyrien	proximidades de Aerocivitus	pântano	MAGIA	Humano; praticante de magia; domínio aproximado de nível 2; usa Mana e Códices.	2	326	176	296	2	MAPPED
REN_0437	Rav Thorne 437	E	Tharun	proximidades de Stone-Âmbar	ruínas	VELLUM_ARMORIAL	Humano; Vellum Armorial de nível 3; especialista em equipamento.	2	327	177	297	2	MAPPED
REN_0438	Yorin Marek 438	E	Eshmara	proximidades de Brumas	bairro comercial	MISTO	Humano; combinação de treinamento e técnicas clandestinas.	2	328	178	298	2	MAPPED
REN_0439	Farel Karr 439	E	Zarim	proximidades de Fornalia	montanhas	VELLUM_MARCIAL	Humano; Vellum Marcial de nível 3; especialista em combate corporal.	2	329	179	299	2	MAPPED
REN_0440	Marek Veyr 440	E	Aeloria	proximidades de Xyrelith	floresta	ELYTH	Humano; usuário de Elyth; manifestação individual; alto risco de enfrentamento.	2	330	140	300	2	MAPPED
REN_0441	Tav Sang 441	E	Valkyrion	proximidades de Volmeria	caverna	MAGIA	Humano; praticante de magia; domínio aproximado de nível 2; usa Mana e Códices.	2	331	141	301	2	MAPPED
REN_0442	Ald Morn 442	E	Orinthal	proximidades de Crystalia	subúrbio	VELLUM_ARMORIAL	Humano; Vellum Armorial de nível 3; especialista em equipamento.	2	332	142	302	2	MAPPED
REN_0443	Hadr Falk 443	E	Myrthos	proximidades de Sem nome definido	estrada	MISTO	Humano; combinação de treinamento e técnicas clandestinas.	2	333	143	303	2	MAPPED
REN_0444	Orven Rath 444	E	Nyssara	proximidades de Emerald Tide	pântano	VELLUM_MARCIAL	Humano; Vellum Marcial de nível 3; especialista em combate corporal.	2	334	144	304	2	MAPPED
REN_0445	Varek Voss 445	E	Kethruun	proximidades de Sandbones	ruínas	ELYTH	Humano; usuário de Elyth; manifestação individual; alto risco de enfrentamento.	2	335	145	305	2	MAPPED
REN_0446	Cyr Valec 446	E	Lyrien	proximidades de Aerocivitus	bairro comercial	MAGIA	Humano; praticante de magia; domínio aproximado de nível 2; usa Mana e Códices.	2	336	146	306	2	MAPPED
REN_0447	Jor Arden 447	E	Tharun	proximidades de Stone-Âmbar	montanhas	VELLUM_ARMORIAL	Humano; Vellum Armorial de nível 3; especialista em equipamento.	2	337	147	307	2	MAPPED
REN_0448	Quin Riven 448	E	Eshmara	proximidades de Brumas	floresta	MISTO	Humano; combinação de treinamento e técnicas clandestinas.	2	338	148	308	2	MAPPED
REN_0449	Xand Drell 449	E	Zarim	proximidades de Fornalia	caverna	VELLUM_MARCIAL	Humano; Vellum Marcial de nível 3; especialista em combate corporal.	2	339	149	309	2	MAPPED
REN_0450	Eryk Deyr 450	E	Aeloria	proximidades de Prismere	subúrbio	ELYTH	Humano; usuário de Elyth; manifestação individual; alto risco de enfrentamento.	2	250	150	310	2	MAPPED
REN_0451	Lorn Halden 451	E	Valkyrion	proximidades de Volmeria	estrada	MAGIA	Humano; praticante de magia; domínio aproximado de nível 2; usa Mana e Códices.	2	251	151	311	2	MAPPED
REN_0452	Soren Mirel 452	E	Orinthal	proximidades de Crystalia	pântano	VELLUM_ARMORIAL	Humano; Vellum Armorial de nível 3; especialista em equipamento.	2	252	152	312	2	MAPPED
REN_0453	Zarek Kest 453	E	Myrthos	proximidades de Sem nome definido	ruínas	MISTO	Humano; combinação de treinamento e técnicas clandestinas.	2	253	153	313	2	MAPPED
REN_0454	Garr Renn 454	E	Nyssara	proximidades de Emerald Tide	bairro comercial	VELLUM_MARCIAL	Humano; Vellum Marcial de nível 3; especialista em combate corporal.	2	254	154	314	2	MAPPED
REN_0455	Nyr Dorn 455	E	Kethruun	proximidades de Sandbones	montanhas	ELYTH	Humano; usuário de Elyth; manifestação individual; alto risco de enfrentamento.	2	255	155	315	2	MAPPED
REN_0456	Ulrik Khal 456	E	Lyrien	proximidades de Aerocivitus	floresta	MAGIA	Humano; praticante de magia; domínio aproximado de nível 2; usa Mana e Códices.	2	256	156	316	2	MAPPED
REN_0457	Bren Thorne 457	E	Tharun	proximidades de Stone-Âmbar	caverna	VELLUM_ARMORIAL	Humano; Vellum Armorial de nível 3; especialista em equipamento.	2	257	157	317	2	MAPPED
REN_0458	Iven Marek 458	E	Eshmara	proximidades de Brumas	subúrbio	MISTO	Humano; combinação de treinamento e técnicas clandestinas.	2	258	158	318	2	MAPPED
REN_0459	Perr Karr 459	E	Zarim	proximidades de Fornalia	estrada	VELLUM_MARCIAL	Humano; Vellum Marcial de nível 3; especialista em combate corporal.	2	259	159	319	2	MAPPED
REN_0460	Wren Veyr 460	E	Aeloria	proximidades de Highspire	pântano	ELYTH	Humano; usuário de Elyth; manifestação individual; alto risco de enfrentamento.	2	260	160	320	2	MAPPED
REN_0461	Dren Sang 461	E	Valkyrion	proximidades de Volmeria	ruínas	MAGIA	Humano; praticante de magia; domínio aproximado de nível 2; usa Mana e Códices.	2	261	161	321	2	MAPPED
REN_0462	Kael Morn 462	E	Orinthal	proximidades de Crystalia	bairro comercial	VELLUM_ARMORIAL	Humano; Vellum Armorial de nível 3; especialista em equipamento.	2	262	162	322	2	MAPPED
REN_0463	Rav Falk 463	E	Myrthos	proximidades de Sem nome definido	montanhas	MISTO	Humano; combinação de treinamento e técnicas clandestinas.	2	263	163	323	2	MAPPED
REN_0464	Yorin Rath 464	E	Nyssara	proximidades de Emerald Tide	floresta	VELLUM_MARCIAL	Humano; Vellum Marcial de nível 3; especialista em combate corporal.	2	264	164	324	2	MAPPED
REN_0465	Farel Voss 465	E	Kethruun	proximidades de Sandbones	caverna	ELYTH	Humano; usuário de Elyth; manifestação individual; alto risco de enfrentamento.	2	265	165	325	2	MAPPED
REN_0466	Marek Valec 466	E	Lyrien	proximidades de Aerocivitus	subúrbio	MAGIA	Humano; praticante de magia; domínio aproximado de nível 2; usa Mana e Códices.	2	266	166	326	2	MAPPED
REN_0467	Tav Arden 467	E	Tharun	proximidades de Stone-Âmbar	estrada	VELLUM_ARMORIAL	Humano; Vellum Armorial de nível 3; especialista em equipamento.	2	267	167	327	2	MAPPED
REN_0468	Ald Riven 468	E	Eshmara	proximidades de Brumas	pântano	MISTO	Humano; combinação de treinamento e técnicas clandestinas.	2	268	168	328	2	MAPPED
REN_0469	Hadr Drell 469	E	Zarim	proximidades de Fornalia	ruínas	VELLUM_MARCIAL	Humano; Vellum Marcial de nível 3; especialista em combate corporal.	2	269	169	329	2	MAPPED
REN_0470	Orven Deyr 470	E	Aeloria	proximidades de Zorathen	bairro comercial	ELYTH	Humano; usuário de Elyth; manifestação individual; alto risco de enfrentamento.	2	270	170	330	2	MAPPED
REN_0471	Varek Halden 471	E	Valkyrion	proximidades de Volmeria	montanhas	MAGIA	Humano; praticante de magia; domínio aproximado de nível 2; usa Mana e Códices.	2	271	171	331	2	MAPPED
REN_0472	Cyr Mirel 472	E	Orinthal	proximidades de Crystalia	floresta	VELLUM_ARMORIAL	Humano; Vellum Armorial de nível 3; especialista em equipamento.	2	272	172	332	2	MAPPED
REN_0473	Jor Kest 473	E	Myrthos	proximidades de Sem nome definido	caverna	MISTO	Humano; combinação de treinamento e técnicas clandestinas.	2	273	173	333	2	MAPPED
REN_0474	Quin Renn 474	E	Nyssara	proximidades de Emerald Tide	subúrbio	VELLUM_MARCIAL	Humano; Vellum Marcial de nível 3; especialista em combate corporal.	2	274	174	334	2	MAPPED
REN_0475	Xand Dorn 475	E	Kethruun	proximidades de Sandbones	estrada	ELYTH	Humano; usuário de Elyth; manifestação individual; alto risco de enfrentamento.	2	275	175	335	2	MAPPED
REN_0476	Eryk Khal 476	E	Lyrien	proximidades de Aerocivitus	pântano	MAGIA	Humano; praticante de magia; domínio aproximado de nível 2; usa Mana e Códices.	2	276	176	336	2	MAPPED
REN_0477	Lorn Thorne 477	E	Tharun	proximidades de Stone-Âmbar	ruínas	VELLUM_ARMORIAL	Humano; Vellum Armorial de nível 3; especialista em equipamento.	2	277	177	337	2	MAPPED
REN_0478	Soren Marek 478	E	Eshmara	proximidades de Brumas	bairro comercial	MISTO	Humano; combinação de treinamento e técnicas clandestinas.	2	278	178	338	2	MAPPED
REN_0479	Zarek Karr 479	E	Zarim	proximidades de Fornalia	montanhas	VELLUM_MARCIAL	Humano; Vellum Marcial de nível 3; especialista em combate corporal.	2	279	179	339	2	MAPPED
REN_0480	Garr Veyr 480	E	Aeloria	proximidades de Rivenholt	floresta	ELYTH	Humano; usuário de Elyth; manifestação individual; alto risco de enfrentamento.	2	280	140	280	2	MAPPED
REN_0481	Nyr Sang 481	E	Valkyrion	proximidades de Volmeria	caverna	MAGIA	Humano; praticante de magia; domínio aproximado de nível 2; usa Mana e Códices.	2	281	141	281	2	MAPPED
REN_0482	Ulrik Morn 482	E	Orinthal	proximidades de Crystalia	subúrbio	VELLUM_ARMORIAL	Humano; Vellum Armorial de nível 3; especialista em equipamento.	2	282	142	282	2	MAPPED
REN_0483	Bren Falk 483	E	Myrthos	proximidades de Sem nome definido	estrada	MISTO	Humano; combinação de treinamento e técnicas clandestinas.	2	283	143	283	2	MAPPED
REN_0484	Iven Rath 484	E	Nyssara	proximidades de Emerald Tide	pântano	VELLUM_MARCIAL	Humano; Vellum Marcial de nível 3; especialista em combate corporal.	2	284	144	284	2	MAPPED
REN_0485	Perr Voss 485	E	Kethruun	proximidades de Sandbones	ruínas	ELYTH	Humano; usuário de Elyth; manifestação individual; alto risco de enfrentamento.	2	285	145	285	2	MAPPED
REN_0486	Wren Valec 486	E	Lyrien	proximidades de Aerocivitus	bairro comercial	MAGIA	Humano; praticante de magia; domínio aproximado de nível 2; usa Mana e Códices.	2	286	146	286	2	MAPPED
REN_0487	Dren Arden 487	E	Tharun	proximidades de Stone-Âmbar	montanhas	VELLUM_ARMORIAL	Humano; Vellum Armorial de nível 3; especialista em equipamento.	2	287	147	287	2	MAPPED
REN_0488	Kael Riven 488	E	Eshmara	proximidades de Brumas	floresta	MISTO	Humano; combinação de treinamento e técnicas clandestinas.	2	288	148	288	2	MAPPED
REN_0489	Rav Drell 489	E	Zarim	proximidades de Fornalia	caverna	VELLUM_MARCIAL	Humano; Vellum Marcial de nível 3; especialista em combate corporal.	2	289	149	289	2	MAPPED
REN_0490	Yorin Deyr 490	E	Aeloria	proximidades de Jorathen	subúrbio	ELYTH	Humano; usuário de Elyth; manifestação individual; alto risco de enfrentamento.	2	290	150	290	2	MAPPED
REN_0491	Farel Halden 491	E	Valkyrion	proximidades de Volmeria	estrada	MAGIA	Humano; praticante de magia; domínio aproximado de nível 2; usa Mana e Códices.	2	291	151	291	2	MAPPED
REN_0492	Marek Mirel 492	E	Orinthal	proximidades de Crystalia	pântano	VELLUM_ARMORIAL	Humano; Vellum Armorial de nível 3; especialista em equipamento.	2	292	152	292	2	MAPPED
REN_0493	Tav Kest 493	E	Myrthos	proximidades de Sem nome definido	ruínas	MISTO	Humano; combinação de treinamento e técnicas clandestinas.	2	293	153	293	2	MAPPED
REN_0494	Ald Renn 494	E	Nyssara	proximidades de Emerald Tide	bairro comercial	VELLUM_MARCIAL	Humano; Vellum Marcial de nível 3; especialista em combate corporal.	2	294	154	294	2	MAPPED
REN_0495	Hadr Dorn 495	E	Kethruun	proximidades de Sandbones	montanhas	ELYTH	Humano; usuário de Elyth; manifestação individual; alto risco de enfrentamento.	2	295	155	295	2	MAPPED
REN_0496	Orven Khal 496	E	Lyrien	proximidades de Aerocivitus	floresta	MAGIA	Humano; praticante de magia; domínio aproximado de nível 2; usa Mana e Códices.	2	296	156	296	2	MAPPED
REN_0497	Varek Thorne 497	E	Tharun	proximidades de Stone-Âmbar	caverna	VELLUM_ARMORIAL	Humano; Vellum Armorial de nível 3; especialista em equipamento.	2	297	157	297	2	MAPPED
REN_0498	Cyr Marek 498	E	Eshmara	proximidades de Brumas	subúrbio	MISTO	Humano; combinação de treinamento e técnicas clandestinas.	2	298	158	298	2	MAPPED
REN_0499	Jor Karr 499	E	Zarim	proximidades de Fornalia	estrada	VELLUM_MARCIAL	Humano; Vellum Marcial de nível 3; especialista em combate corporal.	2	299	159	299	2	MAPPED
REN_0500	Quin Veyr 500	E	Aeloria	proximidades de Brighthollow	pântano	ELYTH	Humano; usuário de Elyth; manifestação individual; alto risco de enfrentamento.	2	300	160	300	2	MAPPED
REN_0501	Xand Sang 501	E	Valkyrion	proximidades de Volmeria	ruínas	MAGIA	Humano; praticante de magia; domínio aproximado de nível 2; usa Mana e Códices.	2	301	161	301	2	MAPPED
REN_0502	Eryk Morn 502	E	Orinthal	proximidades de Crystalia	bairro comercial	VELLUM_ARMORIAL	Humano; Vellum Armorial de nível 3; especialista em equipamento.	2	302	162	302	2	MAPPED
REN_0503	Lorn Falk 503	E	Myrthos	proximidades de Sem nome definido	montanhas	MISTO	Humano; combinação de treinamento e técnicas clandestinas.	2	303	163	303	2	MAPPED
REN_0504	Soren Rath 504	E	Nyssara	proximidades de Emerald Tide	floresta	VELLUM_MARCIAL	Humano; Vellum Marcial de nível 3; especialista em combate corporal.	2	304	164	304	2	MAPPED
REN_0505	Zarek Voss 505	E	Kethruun	proximidades de Sandbones	caverna	ELYTH	Humano; usuário de Elyth; manifestação individual; alto risco de enfrentamento.	2	305	165	305	2	MAPPED
REN_0506	Garr Valec 506	E	Lyrien	proximidades de Aerocivitus	subúrbio	MAGIA	Humano; praticante de magia; domínio aproximado de nível 2; usa Mana e Códices.	2	306	166	306	2	MAPPED
REN_0507	Nyr Arden 507	E	Tharun	proximidades de Stone-Âmbar	estrada	VELLUM_ARMORIAL	Humano; Vellum Armorial de nível 3; especialista em equipamento.	2	307	167	307	2	MAPPED
REN_0508	Ulrik Riven 508	E	Eshmara	proximidades de Brumas	pântano	MISTO	Humano; combinação de treinamento e técnicas clandestinas.	2	308	168	308	2	MAPPED
REN_0509	Bren Drell 509	E	Zarim	proximidades de Fornalia	ruínas	VELLUM_MARCIAL	Humano; Vellum Marcial de nível 3; especialista em combate corporal.	2	309	169	309	2	MAPPED
REN_0510	Iven Deyr 510	E	Aeloria	proximidades de Zephyrholt	bairro comercial	ELYTH	Humano; usuário de Elyth; manifestação individual; alto risco de enfrentamento.	2	310	170	310	2	MAPPED
REN_0511	Perr Halden 511	E	Valkyrion	proximidades de Volmeria	montanhas	MAGIA	Humano; praticante de magia; domínio aproximado de nível 2; usa Mana e Códices.	2	311	171	311	2	MAPPED
REN_0512	Wren Mirel 512	E	Orinthal	proximidades de Crystalia	floresta	VELLUM_ARMORIAL	Humano; Vellum Armorial de nível 3; especialista em equipamento.	2	312	172	312	2	MAPPED
REN_0513	Dren Kest 513	E	Myrthos	proximidades de Sem nome definido	caverna	MISTO	Humano; combinação de treinamento e técnicas clandestinas.	2	313	173	313	2	MAPPED
REN_0514	Kael Renn 514	E	Nyssara	proximidades de Emerald Tide	subúrbio	VELLUM_MARCIAL	Humano; Vellum Marcial de nível 3; especialista em combate corporal.	2	314	174	314	2	MAPPED
REN_0515	Rav Dorn 515	E	Kethruun	proximidades de Sandbones	estrada	ELYTH	Humano; usuário de Elyth; manifestação individual; alto risco de enfrentamento.	2	315	175	315	2	MAPPED
REN_0516	Yorin Khal 516	E	Lyrien	proximidades de Aerocivitus	pântano	MAGIA	Humano; praticante de magia; domínio aproximado de nível 2; usa Mana e Códices.	2	316	176	316	2	MAPPED
REN_0517	Farel Thorne 517	E	Tharun	proximidades de Stone-Âmbar	ruínas	VELLUM_ARMORIAL	Humano; Vellum Armorial de nível 3; especialista em equipamento.	2	317	177	317	2	MAPPED
REN_0518	Marek Marek 518	E	Eshmara	proximidades de Brumas	bairro comercial	MISTO	Humano; combinação de treinamento e técnicas clandestinas.	2	318	178	318	2	MAPPED
REN_0519	Tav Karr 519	E	Zarim	proximidades de Fornalia	montanhas	VELLUM_MARCIAL	Humano; Vellum Marcial de nível 3; especialista em combate corporal.	2	319	179	319	2	MAPPED
REN_0520	Ald Veyr 520	E	Aeloria	proximidades de Runedral	floresta	ELYTH	Humano; usuário de Elyth; manifestação individual; alto risco de enfrentamento.	2	320	140	320	2	MAPPED
REN_0521	Hadr Sang 521	E	Valkyrion	proximidades de Volmeria	caverna	MAGIA	Humano; praticante de magia; domínio aproximado de nível 2; usa Mana e Códices.	2	321	141	321	2	MAPPED
REN_0522	Orven Morn 522	E	Orinthal	proximidades de Crystalia	subúrbio	VELLUM_ARMORIAL	Humano; Vellum Armorial de nível 3; especialista em equipamento.	2	322	142	322	2	MAPPED
REN_0523	Varek Falk 523	E	Myrthos	proximidades de Sem nome definido	estrada	MISTO	Humano; combinação de treinamento e técnicas clandestinas.	2	323	143	323	2	MAPPED
REN_0524	Cyr Rath 524	E	Nyssara	proximidades de Emerald Tide	pântano	VELLUM_MARCIAL	Humano; Vellum Marcial de nível 3; especialista em combate corporal.	2	324	144	324	2	MAPPED
REN_0525	Jor Voss 525	E	Kethruun	proximidades de Sandbones	ruínas	ELYTH	Humano; usuário de Elyth; manifestação individual; alto risco de enfrentamento.	2	325	145	325	2	MAPPED
REN_0526	Quin Valec 526	E	Lyrien	proximidades de Aerocivitus	bairro comercial	MAGIA	Humano; praticante de magia; domínio aproximado de nível 2; usa Mana e Códices.	2	326	146	326	2	MAPPED
REN_0527	Xand Arden 527	E	Tharun	proximidades de Stone-Âmbar	montanhas	VELLUM_ARMORIAL	Humano; Vellum Armorial de nível 3; especialista em equipamento.	2	327	147	327	2	MAPPED
REN_0528	Eryk Riven 528	E	Eshmara	proximidades de Brumas	floresta	MISTO	Humano; combinação de treinamento e técnicas clandestinas.	2	328	148	328	2	MAPPED
REN_0529	Lorn Drell 529	E	Zarim	proximidades de Fornalia	caverna	VELLUM_MARCIAL	Humano; Vellum Marcial de nível 3; especialista em combate corporal.	2	329	149	329	2	MAPPED
REN_0530	Soren Deyr 530	E	Aeloria	proximidades de Jorwyn	subúrbio	ELYTH	Humano; usuário de Elyth; manifestação individual; alto risco de enfrentamento.	2	330	150	330	2	MAPPED
REN_0531	Zarek Halden 531	E	Valkyrion	proximidades de Volmeria	estrada	MAGIA	Humano; praticante de magia; domínio aproximado de nível 2; usa Mana e Códices.	2	331	151	331	2	MAPPED
REN_0532	Garr Mirel 532	E	Orinthal	proximidades de Crystalia	pântano	VELLUM_ARMORIAL	Humano; Vellum Armorial de nível 3; especialista em equipamento.	2	332	152	332	2	MAPPED
REN_0533	Nyr Kest 533	E	Myrthos	proximidades de Sem nome definido	ruínas	MISTO	Humano; combinação de treinamento e técnicas clandestinas.	2	333	153	333	2	MAPPED
REN_0534	Ulrik Renn 534	E	Nyssara	proximidades de Emerald Tide	bairro comercial	VELLUM_MARCIAL	Humano; Vellum Marcial de nível 3; especialista em combate corporal.	2	334	154	334	2	MAPPED
REN_0535	Bren Dorn 535	E	Kethruun	proximidades de Sandbones	montanhas	ELYTH	Humano; usuário de Elyth; manifestação individual; alto risco de enfrentamento.	2	335	155	335	2	MAPPED
REN_0536	Iven Khal 536	E	Lyrien	proximidades de Aerocivitus	floresta	MAGIA	Humano; praticante de magia; domínio aproximado de nível 2; usa Mana e Códices.	2	336	156	336	2	MAPPED
REN_0537	Perr Thorne 537	E	Tharun	proximidades de Stone-Âmbar	caverna	VELLUM_ARMORIAL	Humano; Vellum Armorial de nível 3; especialista em equipamento.	2	337	157	337	2	MAPPED
REN_0538	Wren Marek 538	E	Eshmara	proximidades de Brumas	subúrbio	MISTO	Humano; combinação de treinamento e técnicas clandestinas.	2	338	158	338	2	MAPPED
REN_0539	Dren Karr 539	E	Zarim	proximidades de Fornalia	estrada	VELLUM_MARCIAL	Humano; Vellum Marcial de nível 3; especialista em combate corporal.	2	339	159	339	2	MAPPED
REN_0540	Kael Veyr 540	E	Aeloria	proximidades de Blackmere	pântano	ELYTH	Humano; usuário de Elyth; manifestação individual; alto risco de enfrentamento.	2	250	160	280	2	MAPPED
REN_0541	Rav Sang 541	E	Valkyrion	proximidades de Volmeria	ruínas	MAGIA	Humano; praticante de magia; domínio aproximado de nível 2; usa Mana e Códices.	2	251	161	281	2	MAPPED
REN_0542	Yorin Morn 542	E	Orinthal	proximidades de Crystalia	bairro comercial	VELLUM_ARMORIAL	Humano; Vellum Armorial de nível 3; especialista em equipamento.	2	252	162	282	2	MAPPED
REN_0543	Farel Falk 543	E	Myrthos	proximidades de Sem nome definido	montanhas	MISTO	Humano; combinação de treinamento e técnicas clandestinas.	2	253	163	283	2	MAPPED
REN_0544	Marek Rath 544	E	Nyssara	proximidades de Emerald Tide	floresta	VELLUM_MARCIAL	Humano; Vellum Marcial de nível 3; especialista em combate corporal.	2	254	164	284	2	MAPPED
REN_0545	Tav Voss 545	E	Kethruun	proximidades de Sandbones	caverna	ELYTH	Humano; usuário de Elyth; manifestação individual; alto risco de enfrentamento.	2	255	165	285	2	MAPPED
REN_0546	Ald Valec 546	E	Lyrien	proximidades de Aerocivitus	subúrbio	MAGIA	Humano; praticante de magia; domínio aproximado de nível 2; usa Mana e Códices.	2	256	166	286	2	MAPPED
REN_0547	Hadr Arden 547	E	Tharun	proximidades de Stone-Âmbar	estrada	VELLUM_ARMORIAL	Humano; Vellum Armorial de nível 3; especialista em equipamento.	2	257	167	287	2	MAPPED
REN_0548	Orven Riven 548	E	Eshmara	proximidades de Brumas	pântano	MISTO	Humano; combinação de treinamento e técnicas clandestinas.	2	258	168	288	2	MAPPED
REN_0549	Varek Drell 549	E	Zarim	proximidades de Fornalia	ruínas	VELLUM_MARCIAL	Humano; Vellum Marcial de nível 3; especialista em combate corporal.	2	259	169	289	2	MAPPED
REN_0550	Cyr Deyr 550	E	Aeloria	proximidades de Thornmere	bairro comercial	ELYTH	Humano; usuário de Elyth; manifestação individual; alto risco de enfrentamento.	2	260	170	290	2	MAPPED
REN_0551	Jor Halden 551	E	Valkyrion	proximidades de Volmeria	montanhas	MAGIA	Humano; praticante de magia; domínio aproximado de nível 2; usa Mana e Códices.	2	261	171	291	2	MAPPED
REN_0552	Quin Mirel 552	E	Orinthal	proximidades de Crystalia	floresta	VELLUM_ARMORIAL	Humano; Vellum Armorial de nível 3; especialista em equipamento.	2	262	172	292	2	MAPPED
REN_0553	Xand Kest 553	E	Myrthos	proximidades de Sem nome definido	caverna	MISTO	Humano; combinação de treinamento e técnicas clandestinas.	2	263	173	293	2	MAPPED
REN_0554	Eryk Renn 554	E	Nyssara	proximidades de Emerald Tide	subúrbio	VELLUM_MARCIAL	Humano; Vellum Marcial de nível 3; especialista em combate corporal.	2	264	174	294	2	MAPPED
REN_0555	Lorn Dorn 555	E	Kethruun	proximidades de Sandbones	estrada	ELYTH	Humano; usuário de Elyth; manifestação individual; alto risco de enfrentamento.	2	265	175	295	2	MAPPED
REN_0556	Soren Khal 556	E	Lyrien	proximidades de Aerocivitus	pântano	MAGIA	Humano; praticante de magia; domínio aproximado de nível 2; usa Mana e Códices.	2	266	176	296	2	MAPPED
REN_0557	Zarek Thorne 557	E	Tharun	proximidades de Stone-Âmbar	ruínas	VELLUM_ARMORIAL	Humano; Vellum Armorial de nível 3; especialista em equipamento.	2	267	177	297	2	MAPPED
REN_0558	Garr Marek 558	E	Eshmara	proximidades de Brumas	bairro comercial	MISTO	Humano; combinação de treinamento e técnicas clandestinas.	2	268	178	298	2	MAPPED
REN_0559	Nyr Karr 559	E	Zarim	proximidades de Fornalia	montanhas	VELLUM_MARCIAL	Humano; Vellum Marcial de nível 3; especialista em combate corporal.	2	269	179	299	2	MAPPED
REN_0560	Ulrik Veyr 560	E	Aeloria	proximidades de Loryndor	floresta	ELYTH	Humano; usuário de Elyth; manifestação individual; alto risco de enfrentamento.	2	270	140	300	2	MAPPED
REN_0561	Bren Sang 561	E	Valkyrion	proximidades de Volmeria	caverna	MAGIA	Humano; praticante de magia; domínio aproximado de nível 2; usa Mana e Códices.	2	271	141	301	2	MAPPED
REN_0562	Iven Morn 562	E	Orinthal	proximidades de Crystalia	subúrbio	VELLUM_ARMORIAL	Humano; Vellum Armorial de nível 3; especialista em equipamento.	2	272	142	302	2	MAPPED
REN_0563	Perr Falk 563	E	Myrthos	proximidades de Sem nome definido	estrada	MISTO	Humano; combinação de treinamento e técnicas clandestinas.	2	273	143	303	2	MAPPED
REN_0564	Wren Rath 564	E	Nyssara	proximidades de Emerald Tide	pântano	VELLUM_MARCIAL	Humano; Vellum Marcial de nível 3; especialista em combate corporal.	2	274	144	304	2	MAPPED
REN_0565	Dren Voss 565	E	Kethruun	proximidades de Sandbones	ruínas	ELYTH	Humano; usuário de Elyth; manifestação individual; alto risco de enfrentamento.	2	275	145	305	2	MAPPED
REN_0566	Kael Valec 566	E	Lyrien	proximidades de Aerocivitus	bairro comercial	MAGIA	Humano; praticante de magia; domínio aproximado de nível 2; usa Mana e Códices.	2	276	146	306	2	MAPPED
REN_0567	Rav Arden 567	E	Tharun	proximidades de Stone-Âmbar	montanhas	VELLUM_ARMORIAL	Humano; Vellum Armorial de nível 3; especialista em equipamento.	2	277	147	307	2	MAPPED
REN_0568	Yorin Riven 568	E	Eshmara	proximidades de Brumas	floresta	MISTO	Humano; combinação de treinamento e técnicas clandestinas.	2	278	148	308	2	MAPPED
REN_0569	Farel Drell 569	E	Zarim	proximidades de Fornalia	caverna	VELLUM_MARCIAL	Humano; Vellum Marcial de nível 3; especialista em combate corporal.	2	279	149	309	2	MAPPED
REN_0570	Marek Deyr 570	E	Aeloria	proximidades de Duskmere	subúrbio	ELYTH	Humano; usuário de Elyth; manifestação individual; alto risco de enfrentamento.	2	280	150	310	2	MAPPED
REN_0571	Tav Halden 571	E	Valkyrion	proximidades de Volmeria	estrada	MAGIA	Humano; praticante de magia; domínio aproximado de nível 2; usa Mana e Códices.	2	281	151	311	2	MAPPED
REN_0572	Ald Mirel 572	E	Orinthal	proximidades de Crystalia	pântano	VELLUM_ARMORIAL	Humano; Vellum Armorial de nível 3; especialista em equipamento.	2	282	152	312	2	MAPPED
REN_0573	Hadr Kest 573	E	Myrthos	proximidades de Sem nome definido	ruínas	MISTO	Humano; combinação de treinamento e técnicas clandestinas.	2	283	153	313	2	MAPPED
REN_0574	Orven Renn 574	E	Nyssara	proximidades de Emerald Tide	bairro comercial	VELLUM_MARCIAL	Humano; Vellum Marcial de nível 3; especialista em combate corporal.	2	284	154	314	2	MAPPED
REN_0575	Varek Dorn 575	E	Kethruun	proximidades de Sandbones	montanhas	ELYTH	Humano; usuário de Elyth; manifestação individual; alto risco de enfrentamento.	2	285	155	315	2	MAPPED
REN_0576	Cyr Khal 576	E	Lyrien	proximidades de Aerocivitus	floresta	MAGIA	Humano; praticante de magia; domínio aproximado de nível 2; usa Mana e Códices.	2	286	156	316	2	MAPPED
REN_0577	Jor Thorne 577	E	Tharun	proximidades de Stone-Âmbar	caverna	VELLUM_ARMORIAL	Humano; Vellum Armorial de nível 3; especialista em equipamento.	2	287	157	317	2	MAPPED
REN_0578	Quin Marek 578	E	Eshmara	proximidades de Brumas	subúrbio	MISTO	Humano; combinação de treinamento e técnicas clandestinas.	2	288	158	318	2	MAPPED
REN_0579	Xand Karr 579	E	Zarim	proximidades de Fornalia	estrada	VELLUM_MARCIAL	Humano; Vellum Marcial de nível 3; especialista em combate corporal.	2	289	159	319	2	MAPPED
REN_0580	Eryk Veyr 580	E	Aeloria	proximidades de Valdora	pântano	ELYTH	Humano; usuário de Elyth; manifestação individual; alto risco de enfrentamento.	2	290	160	320	2	MAPPED
REN_0581	Lorn Sang 581	E	Valkyrion	proximidades de Volmeria	ruínas	MAGIA	Humano; praticante de magia; domínio aproximado de nível 2; usa Mana e Códices.	2	291	161	321	2	MAPPED
REN_0582	Soren Morn 582	E	Orinthal	proximidades de Crystalia	bairro comercial	VELLUM_ARMORIAL	Humano; Vellum Armorial de nível 3; especialista em equipamento.	2	292	162	322	2	MAPPED
REN_0583	Zarek Falk 583	E	Myrthos	proximidades de Sem nome definido	montanhas	MISTO	Humano; combinação de treinamento e técnicas clandestinas.	2	293	163	323	2	MAPPED
REN_0584	Garr Rath 584	E	Nyssara	proximidades de Emerald Tide	floresta	VELLUM_MARCIAL	Humano; Vellum Marcial de nível 3; especialista em combate corporal.	2	294	164	324	2	MAPPED
REN_0585	Nyr Voss 585	E	Kethruun	proximidades de Sandbones	caverna	ELYTH	Humano; usuário de Elyth; manifestação individual; alto risco de enfrentamento.	2	295	165	325	2	MAPPED
REN_0586	Ulrik Valec 586	E	Lyrien	proximidades de Aerocivitus	subúrbio	MAGIA	Humano; praticante de magia; domínio aproximado de nível 2; usa Mana e Códices.	2	296	166	326	2	MAPPED
REN_0587	Bren Arden 587	E	Tharun	proximidades de Stone-Âmbar	estrada	VELLUM_ARMORIAL	Humano; Vellum Armorial de nível 3; especialista em equipamento.	2	297	167	327	2	MAPPED
REN_0588	Iven Riven 588	E	Eshmara	proximidades de Brumas	pântano	MISTO	Humano; combinação de treinamento e técnicas clandestinas.	2	298	168	328	2	MAPPED
REN_0589	Perr Drell 589	E	Zarim	proximidades de Fornalia	ruínas	VELLUM_MARCIAL	Humano; Vellum Marcial de nível 3; especialista em combate corporal.	2	299	169	329	2	MAPPED
REN_0590	Wren Deyr 590	E	Aeloria	proximidades de Tindralith	bairro comercial	ELYTH	Humano; usuário de Elyth; manifestação individual; alto risco de enfrentamento.	2	300	170	330	2	MAPPED
REN_0591	Dren Halden 591	E	Valkyrion	proximidades de Volmeria	montanhas	MAGIA	Humano; praticante de magia; domínio aproximado de nível 2; usa Mana e Códices.	2	301	171	331	2	MAPPED
REN_0592	Kael Mirel 592	E	Orinthal	proximidades de Crystalia	floresta	VELLUM_ARMORIAL	Humano; Vellum Armorial de nível 3; especialista em equipamento.	2	302	172	332	2	MAPPED
REN_0593	Rav Kest 593	E	Myrthos	proximidades de Sem nome definido	caverna	MISTO	Humano; combinação de treinamento e técnicas clandestinas.	2	303	173	333	2	MAPPED
REN_0594	Yorin Renn 594	E	Nyssara	proximidades de Emerald Tide	subúrbio	VELLUM_MARCIAL	Humano; Vellum Marcial de nível 3; especialista em combate corporal.	2	304	174	334	2	MAPPED
REN_0595	Farel Dorn 595	E	Kethruun	proximidades de Sandbones	estrada	ELYTH	Humano; usuário de Elyth; manifestação individual; alto risco de enfrentamento.	2	305	175	335	2	MAPPED
REN_0596	Marek Khal 596	E	Lyrien	proximidades de Aerocivitus	pântano	MAGIA	Humano; praticante de magia; domínio aproximado de nível 2; usa Mana e Códices.	2	306	176	336	2	MAPPED
REN_0597	Tav Thorne 597	E	Tharun	proximidades de Stone-Âmbar	ruínas	VELLUM_ARMORIAL	Humano; Vellum Armorial de nível 3; especialista em equipamento.	2	307	177	337	2	MAPPED
REN_0598	Ald Marek 598	E	Eshmara	proximidades de Brumas	bairro comercial	MISTO	Humano; combinação de treinamento e técnicas clandestinas.	2	308	178	338	2	MAPPED
REN_0599	Hadr Karr 599	E	Zarim	proximidades de Fornalia	montanhas	VELLUM_MARCIAL	Humano; Vellum Marcial de nível 3; especialista em combate corporal.	2	309	179	339	2	MAPPED
REN_0600	Orven Veyr 600	E	Aeloria	proximidades de Lorwynne	floresta	ELYTH	Humano; usuário de Elyth; manifestação individual; alto risco de enfrentamento.	2	310	140	280	2	MAPPED
REN_0601	Varek Sang 601	E	Valkyrion	proximidades de Volmeria	caverna	MAGIA	Humano; praticante de magia; domínio aproximado de nível 2; usa Mana e Códices.	2	311	141	281	2	MAPPED
REN_0602	Cyr Morn 602	E	Orinthal	proximidades de Crystalia	subúrbio	VELLUM_ARMORIAL	Humano; Vellum Armorial de nível 3; especialista em equipamento.	2	312	142	282	2	MAPPED
REN_0603	Jor Falk 603	E	Myrthos	proximidades de Sem nome definido	estrada	MISTO	Humano; combinação de treinamento e técnicas clandestinas.	2	313	143	283	2	MAPPED
REN_0604	Quin Rath 604	E	Nyssara	proximidades de Emerald Tide	pântano	VELLUM_MARCIAL	Humano; Vellum Marcial de nível 3; especialista em combate corporal.	2	314	144	284	2	MAPPED
REN_0605	Xand Voss 605	E	Kethruun	proximidades de Sandbones	ruínas	ELYTH	Humano; usuário de Elyth; manifestação individual; alto risco de enfrentamento.	2	315	145	285	2	MAPPED
REN_0606	Eryk Valec 606	E	Lyrien	proximidades de Aerocivitus	bairro comercial	MAGIA	Humano; praticante de magia; domínio aproximado de nível 2; usa Mana e Códices.	2	316	146	286	2	MAPPED
REN_0607	Lorn Arden 607	E	Tharun	proximidades de Stone-Âmbar	montanhas	VELLUM_ARMORIAL	Humano; Vellum Armorial de nível 3; especialista em equipamento.	2	317	147	287	2	MAPPED
REN_0608	Soren Riven 608	E	Eshmara	proximidades de Brumas	floresta	MISTO	Humano; combinação de treinamento e técnicas clandestinas.	2	318	148	288	2	MAPPED
REN_0609	Zarek Drell 609	E	Zarim	proximidades de Fornalia	caverna	VELLUM_MARCIAL	Humano; Vellum Marcial de nível 3; especialista em combate corporal.	2	319	149	289	2	MAPPED
REN_0610	Garr Deyr 610	E	Aeloria	proximidades de Dawnspire	subúrbio	ELYTH	Humano; usuário de Elyth; manifestação individual; alto risco de enfrentamento.	2	320	150	290	2	MAPPED
REN_0611	Nyr Halden 611	E	Valkyrion	proximidades de Volmeria	estrada	MAGIA	Humano; praticante de magia; domínio aproximado de nível 2; usa Mana e Códices.	2	321	151	291	2	MAPPED
REN_0612	Ulrik Mirel 612	E	Orinthal	proximidades de Crystalia	pântano	VELLUM_ARMORIAL	Humano; Vellum Armorial de nível 3; especialista em equipamento.	2	322	152	292	2	MAPPED
REN_0613	Bren Kest 613	E	Myrthos	proximidades de Sem nome definido	ruínas	MISTO	Humano; combinação de treinamento e técnicas clandestinas.	2	323	153	293	2	MAPPED
REN_0614	Iven Renn 614	E	Nyssara	proximidades de Emerald Tide	bairro comercial	VELLUM_MARCIAL	Humano; Vellum Marcial de nível 3; especialista em combate corporal.	2	324	154	294	2	MAPPED
REN_0615	Perr Dorn 615	E	Kethruun	proximidades de Sandbones	montanhas	ELYTH	Humano; usuário de Elyth; manifestação individual; alto risco de enfrentamento.	2	325	155	295	2	MAPPED
REN_0616	Wren Khal 616	E	Lyrien	proximidades de Aerocivitus	floresta	MAGIA	Humano; praticante de magia; domínio aproximado de nível 2; usa Mana e Códices.	2	326	156	296	2	MAPPED
REN_0617	Dren Thorne 617	E	Tharun	proximidades de Stone-Âmbar	caverna	VELLUM_ARMORIAL	Humano; Vellum Armorial de nível 3; especialista em equipamento.	2	327	157	297	2	MAPPED
REN_0618	Kael Marek 618	E	Eshmara	proximidades de Brumas	subúrbio	MISTO	Humano; combinação de treinamento e técnicas clandestinas.	2	328	158	298	2	MAPPED
REN_0619	Rav Karr 619	E	Zarim	proximidades de Fornalia	estrada	VELLUM_MARCIAL	Humano; Vellum Marcial de nível 3; especialista em combate corporal.	2	329	159	299	2	MAPPED
REN_0620	Yorin Veyr 620	E	Aeloria	proximidades de Veyndaril	pântano	ELYTH	Humano; usuário de Elyth; manifestação individual; alto risco de enfrentamento.	2	330	160	300	2	MAPPED
REN_0621	Farel Sang 621	E	Valkyrion	proximidades de Volmeria	ruínas	MAGIA	Humano; praticante de magia; domínio aproximado de nível 2; usa Mana e Códices.	2	331	161	301	2	MAPPED
REN_0622	Marek Morn 622	E	Orinthal	proximidades de Crystalia	bairro comercial	VELLUM_ARMORIAL	Humano; Vellum Armorial de nível 3; especialista em equipamento.	2	332	162	302	2	MAPPED
REN_0623	Tav Falk 623	E	Myrthos	proximidades de Sem nome definido	montanhas	MISTO	Humano; combinação de treinamento e técnicas clandestinas.	2	333	163	303	2	MAPPED
REN_0624	Ald Rath 624	E	Nyssara	proximidades de Emerald Tide	floresta	VELLUM_MARCIAL	Humano; Vellum Marcial de nível 3; especialista em combate corporal.	2	334	164	304	2	MAPPED
REN_0625	Hadr Voss 625	E	Kethruun	proximidades de Sandbones	caverna	ELYTH	Humano; usuário de Elyth; manifestação individual; alto risco de enfrentamento.	2	335	165	305	2	MAPPED
REN_0626	Orven Valec 626	E	Lyrien	proximidades de Aerocivitus	subúrbio	MAGIA	Humano; praticante de magia; domínio aproximado de nível 2; usa Mana e Códices.	2	336	166	306	2	MAPPED
REN_0627	Varek Arden 627	E	Tharun	proximidades de Stone-Âmbar	estrada	VELLUM_ARMORIAL	Humano; Vellum Armorial de nível 3; especialista em equipamento.	2	337	167	307	2	MAPPED
REN_0628	Cyr Riven 628	E	Eshmara	proximidades de Brumas	pântano	MISTO	Humano; combinação de treinamento e técnicas clandestinas.	2	338	168	308	2	MAPPED
REN_0629	Jor Drell 629	E	Zarim	proximidades de Fornalia	ruínas	VELLUM_MARCIAL	Humano; Vellum Marcial de nível 3; especialista em combate corporal.	2	339	169	309	2	MAPPED
REN_0630	Quin Deyr 630	E	Aeloria	proximidades de Norhaven	bairro comercial	ELYTH	Humano; usuário de Elyth; manifestação individual; alto risco de enfrentamento.	2	250	170	310	2	MAPPED
REN_0631	Xand Halden 631	D	Valkyrion	proximidades de Volmeria	montanhas	MAGIA	Humano; praticante de magia; domínio aproximado de nível 3; usa Mana e Códices.	3	441	281	531	3	MAPPED
REN_0632	Eryk Mirel 632	D	Orinthal	proximidades de Crystalia	floresta	VELLUM_ARMORIAL	Humano; Vellum Armorial de nível 4; especialista em equipamento.	3	442	282	532	3	MAPPED
REN_0633	Lorn Kest 633	D	Myrthos	proximidades de Sem nome definido	caverna	MISTO	Humano; combinação de treinamento e técnicas clandestinas.	3	443	283	533	3	MAPPED
REN_0634	Soren Renn 634	D	Nyssara	proximidades de Emerald Tide	subúrbio	VELLUM_MARCIAL	Humano; Vellum Marcial de nível 4; especialista em combate corporal.	3	444	284	534	3	MAPPED
REN_0635	Zarek Dorn 635	D	Kethruun	proximidades de Sandbones	estrada	ELYTH	Humano; usuário de Elyth; manifestação individual; alto risco de enfrentamento.	3	445	285	535	3	MAPPED
REN_0636	Garr Khal 636	D	Lyrien	proximidades de Aerocivitus	pântano	MAGIA	Humano; praticante de magia; domínio aproximado de nível 3; usa Mana e Códices.	3	446	286	536	3	MAPPED
REN_0637	Nyr Thorne 637	D	Tharun	proximidades de Stone-Âmbar	ruínas	VELLUM_ARMORIAL	Humano; Vellum Armorial de nível 4; especialista em equipamento.	3	447	287	537	3	MAPPED
REN_0638	Ulrik Marek 638	D	Eshmara	proximidades de Brumas	bairro comercial	MISTO	Humano; combinação de treinamento e técnicas clandestinas.	3	448	288	538	3	MAPPED
REN_0639	Bren Karr 639	D	Zarim	proximidades de Fornalia	montanhas	VELLUM_MARCIAL	Humano; Vellum Marcial de nível 4; especialista em combate corporal.	3	449	289	539	3	MAPPED
REN_0640	Iven Veyr 640	D	Aeloria	proximidades de Fenndral	floresta	ELYTH	Humano; usuário de Elyth; manifestação individual; alto risco de enfrentamento.	3	450	250	540	3	MAPPED
REN_0641	Perr Sang 641	D	Valkyrion	proximidades de Volmeria	caverna	MAGIA	Humano; praticante de magia; domínio aproximado de nível 3; usa Mana e Códices.	3	451	251	541	3	MAPPED
REN_0642	Wren Morn 642	D	Orinthal	proximidades de Crystalia	subúrbio	VELLUM_ARMORIAL	Humano; Vellum Armorial de nível 4; especialista em equipamento.	3	452	252	542	3	MAPPED
REN_0643	Dren Falk 643	D	Myrthos	proximidades de Sem nome definido	estrada	MISTO	Humano; combinação de treinamento e técnicas clandestinas.	3	453	253	543	3	MAPPED
REN_0644	Kael Rath 644	D	Nyssara	proximidades de Emerald Tide	pântano	VELLUM_MARCIAL	Humano; Vellum Marcial de nível 4; especialista em combate corporal.	3	454	254	544	3	MAPPED
REN_0645	Rav Voss 645	D	Kethruun	proximidades de Sandbones	ruínas	ELYTH	Humano; usuário de Elyth; manifestação individual; alto risco de enfrentamento.	3	455	255	545	3	MAPPED
REN_0646	Yorin Valec 646	D	Lyrien	proximidades de Aerocivitus	bairro comercial	MAGIA	Humano; praticante de magia; domínio aproximado de nível 3; usa Mana e Códices.	3	456	256	546	3	MAPPED
REN_0647	Farel Arden 647	D	Tharun	proximidades de Stone-Âmbar	montanhas	VELLUM_ARMORIAL	Humano; Vellum Armorial de nível 4; especialista em equipamento.	3	457	257	547	3	MAPPED
REN_0648	Marek Riven 648	D	Eshmara	proximidades de Brumas	floresta	MISTO	Humano; combinação de treinamento e técnicas clandestinas.	3	458	258	548	3	MAPPED
REN_0649	Tav Drell 649	D	Zarim	proximidades de Fornalia	caverna	VELLUM_MARCIAL	Humano; Vellum Marcial de nível 4; especialista em combate corporal.	3	459	259	549	3	MAPPED
REN_0650	Ald Deyr 650	D	Aeloria	proximidades de Lunareth	subúrbio	ELYTH	Humano; usuário de Elyth; manifestação individual; alto risco de enfrentamento.	3	460	260	550	3	MAPPED
REN_0651	Hadr Halden 651	D	Valkyrion	proximidades de Volmeria	estrada	MAGIA	Humano; praticante de magia; domínio aproximado de nível 3; usa Mana e Códices.	3	461	261	551	3	MAPPED
REN_0652	Orven Mirel 652	D	Orinthal	proximidades de Crystalia	pântano	VELLUM_ARMORIAL	Humano; Vellum Armorial de nível 4; especialista em equipamento.	3	462	262	552	3	MAPPED
REN_0653	Varek Kest 653	D	Myrthos	proximidades de Sem nome definido	ruínas	MISTO	Humano; combinação de treinamento e técnicas clandestinas.	3	463	263	553	3	MAPPED
REN_0654	Cyr Renn 654	D	Nyssara	proximidades de Emerald Tide	bairro comercial	VELLUM_MARCIAL	Humano; Vellum Marcial de nível 4; especialista em combate corporal.	3	464	264	554	3	MAPPED
REN_0655	Jor Dorn 655	D	Kethruun	proximidades de Sandbones	montanhas	ELYTH	Humano; usuário de Elyth; manifestação individual; alto risco de enfrentamento.	3	465	265	555	3	MAPPED
REN_0656	Quin Khal 656	D	Lyrien	proximidades de Aerocivitus	floresta	MAGIA	Humano; praticante de magia; domínio aproximado de nível 3; usa Mana e Códices.	3	466	266	556	3	MAPPED
REN_0657	Xand Thorne 657	D	Tharun	proximidades de Stone-Âmbar	caverna	VELLUM_ARMORIAL	Humano; Vellum Armorial de nível 4; especialista em equipamento.	3	467	267	557	3	MAPPED
REN_0658	Eryk Marek 658	D	Eshmara	proximidades de Brumas	subúrbio	MISTO	Humano; combinação de treinamento e técnicas clandestinas.	3	468	268	558	3	MAPPED
REN_0659	Lorn Karr 659	D	Zarim	proximidades de Fornalia	estrada	VELLUM_MARCIAL	Humano; Vellum Marcial de nível 4; especialista em combate corporal.	3	469	269	559	3	MAPPED
REN_0660	Soren Veyr 660	D	Aeloria	proximidades de Verdralith	pântano	ELYTH	Humano; usuário de Elyth; manifestação individual; alto risco de enfrentamento.	3	470	270	500	3	MAPPED
REN_0661	Zarek Sang 661	D	Valkyrion	proximidades de Volmeria	ruínas	MAGIA	Humano; praticante de magia; domínio aproximado de nível 3; usa Mana e Códices.	3	471	271	501	3	MAPPED
REN_0662	Garr Morn 662	D	Orinthal	proximidades de Crystalia	bairro comercial	VELLUM_ARMORIAL	Humano; Vellum Armorial de nível 4; especialista em equipamento.	3	472	272	502	3	MAPPED
REN_0663	Nyr Falk 663	D	Myrthos	proximidades de Sem nome definido	montanhas	MISTO	Humano; combinação de treinamento e técnicas clandestinas.	3	473	273	503	3	MAPPED
REN_0664	Ulrik Rath 664	D	Nyssara	proximidades de Emerald Tide	floresta	VELLUM_MARCIAL	Humano; Vellum Marcial de nível 4; especialista em combate corporal.	3	474	274	504	3	MAPPED
REN_0665	Bren Voss 665	D	Kethruun	proximidades de Sandbones	caverna	ELYTH	Humano; usuário de Elyth; manifestação individual; alto risco de enfrentamento.	3	475	275	505	3	MAPPED
REN_0666	Iven Valec 666	D	Lyrien	proximidades de Aerocivitus	subúrbio	MAGIA	Humano; praticante de magia; domínio aproximado de nível 3; usa Mana e Códices.	3	476	276	506	3	MAPPED
REN_0667	Perr Arden 667	D	Tharun	proximidades de Stone-Âmbar	estrada	VELLUM_ARMORIAL	Humano; Vellum Armorial de nível 4; especialista em equipamento.	3	477	277	507	3	MAPPED
REN_0668	Wren Riven 668	D	Eshmara	proximidades de Brumas	pântano	MISTO	Humano; combinação de treinamento e técnicas clandestinas.	3	478	278	508	3	MAPPED
REN_0669	Dren Drell 669	D	Zarim	proximidades de Fornalia	ruínas	VELLUM_MARCIAL	Humano; Vellum Marcial de nível 4; especialista em combate corporal.	3	479	279	509	3	MAPPED
REN_0670	Kael Deyr 670	D	Aeloria	proximidades de Netherholt	bairro comercial	ELYTH	Humano; usuário de Elyth; manifestação individual; alto risco de enfrentamento.	3	480	280	510	3	MAPPED
REN_0671	Rav Halden 671	D	Valkyrion	proximidades de Volmeria	montanhas	MAGIA	Humano; praticante de magia; domínio aproximado de nível 3; usa Mana e Códices.	3	481	281	511	3	MAPPED
REN_0672	Yorin Mirel 672	D	Orinthal	proximidades de Crystalia	floresta	VELLUM_ARMORIAL	Humano; Vellum Armorial de nível 4; especialista em equipamento.	3	482	282	512	3	MAPPED
REN_0673	Farel Kest 673	D	Myrthos	proximidades de Sem nome definido	caverna	MISTO	Humano; combinação de treinamento e técnicas clandestinas.	3	483	283	513	3	MAPPED
REN_0674	Marek Renn 674	D	Nyssara	proximidades de Emerald Tide	subúrbio	VELLUM_MARCIAL	Humano; Vellum Marcial de nível 4; especialista em combate corporal.	3	484	284	514	3	MAPPED
REN_0675	Tav Dorn 675	D	Kethruun	proximidades de Sandbones	estrada	ELYTH	Humano; usuário de Elyth; manifestação individual; alto risco de enfrentamento.	3	485	285	515	3	MAPPED
REN_0676	Ald Khal 676	D	Lyrien	proximidades de Aerocivitus	pântano	MAGIA	Humano; praticante de magia; domínio aproximado de nível 3; usa Mana e Códices.	3	486	286	516	3	MAPPED
REN_0677	Hadr Thorne 677	D	Tharun	proximidades de Stone-Âmbar	ruínas	VELLUM_ARMORIAL	Humano; Vellum Armorial de nível 4; especialista em equipamento.	3	487	287	517	3	MAPPED
REN_0678	Orven Marek 678	D	Eshmara	proximidades de Brumas	bairro comercial	MISTO	Humano; combinação de treinamento e técnicas clandestinas.	3	488	288	518	3	MAPPED
REN_0679	Varek Karr 679	D	Zarim	proximidades de Fornalia	montanhas	VELLUM_MARCIAL	Humano; Vellum Marcial de nível 4; especialista em combate corporal.	3	489	289	519	3	MAPPED
REN_0680	Cyr Veyr 680	D	Aeloria	proximidades de Frostmere	floresta	ELYTH	Humano; usuário de Elyth; manifestação individual; alto risco de enfrentamento.	3	490	250	520	3	MAPPED
REN_0681	Jor Sang 681	D	Valkyrion	proximidades de Volmeria	caverna	MAGIA	Humano; praticante de magia; domínio aproximado de nível 3; usa Mana e Códices.	3	491	251	521	3	MAPPED
REN_0682	Quin Morn 682	D	Orinthal	proximidades de Crystalia	subúrbio	VELLUM_ARMORIAL	Humano; Vellum Armorial de nível 4; especialista em equipamento.	3	492	252	522	3	MAPPED
REN_0683	Xand Falk 683	D	Myrthos	proximidades de Sem nome definido	estrada	MISTO	Humano; combinação de treinamento e técnicas clandestinas.	3	493	253	523	3	MAPPED
REN_0684	Eryk Rath 684	D	Nyssara	proximidades de Emerald Tide	pântano	VELLUM_MARCIAL	Humano; Vellum Marcial de nível 4; especialista em combate corporal.	3	494	254	524	3	MAPPED
REN_0685	Lorn Voss 685	D	Kethruun	proximidades de Sandbones	ruínas	ELYTH	Humano; usuário de Elyth; manifestação individual; alto risco de enfrentamento.	3	495	255	525	3	MAPPED
REN_0686	Soren Valec 686	D	Lyrien	proximidades de Aerocivitus	bairro comercial	MAGIA	Humano; praticante de magia; domínio aproximado de nível 3; usa Mana e Códices.	3	496	256	526	3	MAPPED
REN_0687	Zarek Arden 687	D	Tharun	proximidades de Stone-Âmbar	montanhas	VELLUM_ARMORIAL	Humano; Vellum Armorial de nível 4; especialista em equipamento.	3	497	257	527	3	MAPPED
REN_0688	Garr Riven 688	D	Eshmara	proximidades de Brumas	floresta	MISTO	Humano; combinação de treinamento e técnicas clandestinas.	3	498	258	528	3	MAPPED
REN_0689	Nyr Drell 689	D	Zarim	proximidades de Fornalia	caverna	VELLUM_MARCIAL	Humano; Vellum Marcial de nível 4; especialista em combate corporal.	3	499	259	529	3	MAPPED
REN_0690	Ulrik Deyr 690	D	Aeloria	proximidades de Xandralor	subúrbio	ELYTH	Humano; usuário de Elyth; manifestação individual; alto risco de enfrentamento.	3	500	260	530	3	MAPPED
REN_0691	Bren Halden 691	D	Valkyrion	proximidades de Volmeria	estrada	MAGIA	Humano; praticante de magia; domínio aproximado de nível 3; usa Mana e Códices.	3	501	261	531	3	MAPPED
REN_0692	Iven Mirel 692	D	Orinthal	proximidades de Crystalia	pântano	VELLUM_ARMORIAL	Humano; Vellum Armorial de nível 4; especialista em equipamento.	3	502	262	532	3	MAPPED
REN_0693	Perr Kest 693	D	Myrthos	proximidades de Sem nome definido	ruínas	MISTO	Humano; combinação de treinamento e técnicas clandestinas.	3	503	263	533	3	MAPPED
REN_0694	Wren Renn 694	D	Nyssara	proximidades de Emerald Tide	bairro comercial	VELLUM_MARCIAL	Humano; Vellum Marcial de nível 4; especialista em combate corporal.	3	504	264	534	3	MAPPED
REN_0695	Dren Dorn 695	D	Kethruun	proximidades de Sandbones	montanhas	ELYTH	Humano; usuário de Elyth; manifestação individual; alto risco de enfrentamento.	3	505	265	535	3	MAPPED
REN_0696	Kael Khal 696	D	Lyrien	proximidades de Aerocivitus	floresta	MAGIA	Humano; praticante de magia; domínio aproximado de nível 3; usa Mana e Códices.	3	506	266	536	3	MAPPED
REN_0697	Rav Thorne 697	D	Tharun	proximidades de Stone-Âmbar	caverna	VELLUM_ARMORIAL	Humano; Vellum Armorial de nível 4; especialista em equipamento.	3	507	267	537	3	MAPPED
REN_0698	Yorin Marek 698	D	Eshmara	proximidades de Brumas	subúrbio	MISTO	Humano; combinação de treinamento e técnicas clandestinas.	3	508	268	538	3	MAPPED
REN_0699	Farel Karr 699	D	Zarim	proximidades de Fornalia	estrada	VELLUM_MARCIAL	Humano; Vellum Marcial de nível 4; especialista em combate corporal.	3	509	269	539	3	MAPPED
REN_0700	Marek Veyr 700	D	Aeloria	proximidades de Pyrelith	pântano	ELYTH	Humano; usuário de Elyth; manifestação individual; alto risco de enfrentamento.	3	510	270	540	3	MAPPED
REN_0701	Tav Sang 701	D	Valkyrion	proximidades de Volmeria	ruínas	MAGIA	Humano; praticante de magia; domínio aproximado de nível 3; usa Mana e Códices.	3	511	271	541	3	MAPPED
REN_0702	Ald Morn 702	D	Orinthal	proximidades de Crystalia	bairro comercial	VELLUM_ARMORIAL	Humano; Vellum Armorial de nível 4; especialista em equipamento.	3	512	272	542	3	MAPPED
REN_0703	Hadr Falk 703	D	Myrthos	proximidades de Sem nome definido	montanhas	MISTO	Humano; combinação de treinamento e técnicas clandestinas.	3	513	273	543	3	MAPPED
REN_0704	Orven Rath 704	D	Nyssara	proximidades de Emerald Tide	floresta	VELLUM_MARCIAL	Humano; Vellum Marcial de nível 4; especialista em combate corporal.	3	514	274	544	3	MAPPED
REN_0705	Varek Voss 705	D	Kethruun	proximidades de Sandbones	caverna	ELYTH	Humano; usuário de Elyth; manifestação individual; alto risco de enfrentamento.	3	515	275	545	3	MAPPED
REN_0706	Cyr Valec 706	D	Lyrien	proximidades de Aerocivitus	subúrbio	MAGIA	Humano; praticante de magia; domínio aproximado de nível 3; usa Mana e Códices.	3	516	276	546	3	MAPPED
REN_0707	Jor Arden 707	D	Tharun	proximidades de Stone-Âmbar	estrada	VELLUM_ARMORIAL	Humano; Vellum Armorial de nível 4; especialista em equipamento.	3	517	277	547	3	MAPPED
REN_0708	Quin Riven 708	D	Eshmara	proximidades de Brumas	pântano	MISTO	Humano; combinação de treinamento e técnicas clandestinas.	3	518	278	548	3	MAPPED
REN_0709	Xand Drell 709	D	Zarim	proximidades de Fornalia	ruínas	VELLUM_MARCIAL	Humano; Vellum Marcial de nível 4; especialista em combate corporal.	3	519	279	549	3	MAPPED
REN_0710	Eryk Deyr 710	D	Aeloria	proximidades de Hallowspire	bairro comercial	ELYTH	Humano; usuário de Elyth; manifestação individual; alto risco de enfrentamento.	3	520	280	550	3	MAPPED
REN_0711	Lorn Halden 711	D	Valkyrion	proximidades de Volmeria	montanhas	MAGIA	Humano; praticante de magia; domínio aproximado de nível 3; usa Mana e Códices.	3	521	281	551	3	MAPPED
REN_0712	Soren Mirel 712	D	Orinthal	proximidades de Crystalia	floresta	VELLUM_ARMORIAL	Humano; Vellum Armorial de nível 4; especialista em equipamento.	3	522	282	552	3	MAPPED
REN_0713	Zarek Kest 713	D	Myrthos	proximidades de Sem nome definido	caverna	MISTO	Humano; combinação de treinamento e técnicas clandestinas.	3	523	283	553	3	MAPPED
REN_0714	Garr Renn 714	D	Nyssara	proximidades de Emerald Tide	subúrbio	VELLUM_MARCIAL	Humano; Vellum Marcial de nível 4; especialista em combate corporal.	3	524	284	554	3	MAPPED
REN_0715	Nyr Dorn 715	D	Kethruun	proximidades de Sandbones	estrada	ELYTH	Humano; usuário de Elyth; manifestação individual; alto risco de enfrentamento.	3	525	285	555	3	MAPPED
REN_0716	Ulrik Khal 716	D	Lyrien	proximidades de Aerocivitus	pântano	MAGIA	Humano; praticante de magia; domínio aproximado de nível 3; usa Mana e Códices.	3	526	286	556	3	MAPPED
REN_0717	Bren Thorne 717	D	Tharun	proximidades de Stone-Âmbar	ruínas	VELLUM_ARMORIAL	Humano; Vellum Armorial de nível 4; especialista em equipamento.	3	527	287	557	3	MAPPED
REN_0718	Iven Marek 718	D	Eshmara	proximidades de Brumas	bairro comercial	MISTO	Humano; combinação de treinamento e técnicas clandestinas.	3	528	288	558	3	MAPPED
REN_0719	Perr Karr 719	D	Zarim	proximidades de Fornalia	montanhas	VELLUM_MARCIAL	Humano; Vellum Marcial de nível 4; especialista em combate corporal.	3	529	289	559	3	MAPPED
REN_0720	Wren Veyr 720	D	Aeloria	proximidades de Feyndral	floresta	ELYTH	Humano; usuário de Elyth; manifestação individual; alto risco de enfrentamento.	3	440	250	500	3	MAPPED
REN_0721	Dren Sang 721	D	Valkyrion	proximidades de Volmeria	caverna	MAGIA	Humano; praticante de magia; domínio aproximado de nível 3; usa Mana e Códices.	3	441	251	501	3	MAPPED
REN_0722	Kael Morn 722	D	Orinthal	proximidades de Crystalia	subúrbio	VELLUM_ARMORIAL	Humano; Vellum Armorial de nível 4; especialista em equipamento.	3	442	252	502	3	MAPPED
REN_0723	Rav Falk 723	D	Myrthos	proximidades de Sem nome definido	estrada	MISTO	Humano; combinação de treinamento e técnicas clandestinas.	3	443	253	503	3	MAPPED
REN_0724	Yorin Rath 724	D	Nyssara	proximidades de Emerald Tide	pântano	VELLUM_MARCIAL	Humano; Vellum Marcial de nível 4; especialista em combate corporal.	3	444	254	504	3	MAPPED
REN_0725	Farel Voss 725	D	Kethruun	proximidades de Sandbones	ruínas	ELYTH	Humano; usuário de Elyth; manifestação individual; alto risco de enfrentamento.	3	445	255	505	3	MAPPED
REN_0726	Marek Valec 726	D	Lyrien	proximidades de Aerocivitus	bairro comercial	MAGIA	Humano; praticante de magia; domínio aproximado de nível 3; usa Mana e Códices.	3	446	256	506	3	MAPPED
REN_0727	Tav Arden 727	D	Tharun	proximidades de Stone-Âmbar	montanhas	VELLUM_ARMORIAL	Humano; Vellum Armorial de nível 4; especialista em equipamento.	3	447	257	507	3	MAPPED
REN_0728	Ald Riven 728	D	Eshmara	proximidades de Brumas	floresta	MISTO	Humano; combinação de treinamento e técnicas clandestinas.	3	448	258	508	3	MAPPED
REN_0729	Hadr Drell 729	D	Zarim	proximidades de Fornalia	caverna	VELLUM_MARCIAL	Humano; Vellum Marcial de nível 4; especialista em combate corporal.	3	449	259	509	3	MAPPED
REN_0730	Orven Deyr 730	D	Aeloria	proximidades de Xyrelith	subúrbio	ELYTH	Humano; usuário de Elyth; manifestação individual; alto risco de enfrentamento.	3	450	260	510	3	MAPPED
REN_0731	Varek Halden 731	D	Valkyrion	proximidades de Volmeria	estrada	MAGIA	Humano; praticante de magia; domínio aproximado de nível 3; usa Mana e Códices.	3	451	261	511	3	MAPPED
REN_0732	Cyr Mirel 732	D	Orinthal	proximidades de Crystalia	pântano	VELLUM_ARMORIAL	Humano; Vellum Armorial de nível 4; especialista em equipamento.	3	452	262	512	3	MAPPED
REN_0733	Jor Kest 733	D	Myrthos	proximidades de Sem nome definido	ruínas	MISTO	Humano; combinação de treinamento e técnicas clandestinas.	3	453	263	513	3	MAPPED
REN_0734	Quin Renn 734	D	Nyssara	proximidades de Emerald Tide	bairro comercial	VELLUM_MARCIAL	Humano; Vellum Marcial de nível 4; especialista em combate corporal.	3	454	264	514	3	MAPPED
REN_0735	Xand Dorn 735	D	Kethruun	proximidades de Sandbones	montanhas	ELYTH	Humano; usuário de Elyth; manifestação individual; alto risco de enfrentamento.	3	455	265	515	3	MAPPED
REN_0736	Eryk Khal 736	D	Lyrien	proximidades de Aerocivitus	floresta	MAGIA	Humano; praticante de magia; domínio aproximado de nível 3; usa Mana e Códices.	3	456	266	516	3	MAPPED
REN_0737	Lorn Thorne 737	D	Tharun	proximidades de Stone-Âmbar	caverna	VELLUM_ARMORIAL	Humano; Vellum Armorial de nível 4; especialista em equipamento.	3	457	267	517	3	MAPPED
REN_0738	Soren Marek 738	D	Eshmara	proximidades de Brumas	subúrbio	MISTO	Humano; combinação de treinamento e técnicas clandestinas.	3	458	268	518	3	MAPPED
REN_0739	Zarek Karr 739	D	Zarim	proximidades de Fornalia	estrada	VELLUM_MARCIAL	Humano; Vellum Marcial de nível 4; especialista em combate corporal.	3	459	269	519	3	MAPPED
REN_0740	Garr Veyr 740	D	Aeloria	proximidades de Prismere	pântano	ELYTH	Humano; usuário de Elyth; manifestação individual; alto risco de enfrentamento.	3	460	270	520	3	MAPPED
REN_0741	Nyr Sang 741	D	Valkyrion	proximidades de Volmeria	ruínas	MAGIA	Humano; praticante de magia; domínio aproximado de nível 3; usa Mana e Códices.	3	461	271	521	3	MAPPED
REN_0742	Ulrik Morn 742	D	Orinthal	proximidades de Crystalia	bairro comercial	VELLUM_ARMORIAL	Humano; Vellum Armorial de nível 4; especialista em equipamento.	3	462	272	522	3	MAPPED
REN_0743	Bren Falk 743	D	Myrthos	proximidades de Sem nome definido	montanhas	MISTO	Humano; combinação de treinamento e técnicas clandestinas.	3	463	273	523	3	MAPPED
REN_0744	Iven Rath 744	D	Nyssara	proximidades de Emerald Tide	floresta	VELLUM_MARCIAL	Humano; Vellum Marcial de nível 4; especialista em combate corporal.	3	464	274	524	3	MAPPED
REN_0745	Perr Voss 745	D	Kethruun	proximidades de Sandbones	caverna	ELYTH	Humano; usuário de Elyth; manifestação individual; alto risco de enfrentamento.	3	465	275	525	3	MAPPED
REN_0746	Wren Valec 746	D	Lyrien	proximidades de Aerocivitus	subúrbio	MAGIA	Humano; praticante de magia; domínio aproximado de nível 3; usa Mana e Códices.	3	466	276	526	3	MAPPED
REN_0747	Dren Arden 747	D	Tharun	proximidades de Stone-Âmbar	estrada	VELLUM_ARMORIAL	Humano; Vellum Armorial de nível 4; especialista em equipamento.	3	467	277	527	3	MAPPED
REN_0748	Kael Riven 748	D	Eshmara	proximidades de Brumas	pântano	MISTO	Humano; combinação de treinamento e técnicas clandestinas.	3	468	278	528	3	MAPPED
REN_0749	Rav Drell 749	D	Zarim	proximidades de Fornalia	ruínas	VELLUM_MARCIAL	Humano; Vellum Marcial de nível 4; especialista em combate corporal.	3	469	279	529	3	MAPPED
REN_0750	Yorin Deyr 750	D	Aeloria	proximidades de Highspire	bairro comercial	ELYTH	Humano; usuário de Elyth; manifestação individual; alto risco de enfrentamento.	3	470	280	530	3	MAPPED
REN_0751	Farel Halden 751	D	Valkyrion	proximidades de Volmeria	montanhas	MAGIA	Humano; praticante de magia; domínio aproximado de nível 3; usa Mana e Códices.	3	471	281	531	3	MAPPED
REN_0752	Marek Mirel 752	D	Orinthal	proximidades de Crystalia	floresta	VELLUM_ARMORIAL	Humano; Vellum Armorial de nível 4; especialista em equipamento.	3	472	282	532	3	MAPPED
REN_0753	Tav Kest 753	D	Myrthos	proximidades de Sem nome definido	caverna	MISTO	Humano; combinação de treinamento e técnicas clandestinas.	3	473	283	533	3	MAPPED
REN_0754	Ald Renn 754	D	Nyssara	proximidades de Emerald Tide	subúrbio	VELLUM_MARCIAL	Humano; Vellum Marcial de nível 4; especialista em combate corporal.	3	474	284	534	3	MAPPED
REN_0755	Hadr Dorn 755	D	Kethruun	proximidades de Sandbones	estrada	ELYTH	Humano; usuário de Elyth; manifestação individual; alto risco de enfrentamento.	3	475	285	535	3	MAPPED
REN_0756	Orven Khal 756	D	Lyrien	proximidades de Aerocivitus	pântano	MAGIA	Humano; praticante de magia; domínio aproximado de nível 3; usa Mana e Códices.	3	476	286	536	3	MAPPED
REN_0757	Varek Thorne 757	D	Tharun	proximidades de Stone-Âmbar	ruínas	VELLUM_ARMORIAL	Humano; Vellum Armorial de nível 4; especialista em equipamento.	3	477	287	537	3	MAPPED
REN_0758	Cyr Marek 758	D	Eshmara	proximidades de Brumas	bairro comercial	MISTO	Humano; combinação de treinamento e técnicas clandestinas.	3	478	288	538	3	MAPPED
REN_0759	Jor Karr 759	D	Zarim	proximidades de Fornalia	montanhas	VELLUM_MARCIAL	Humano; Vellum Marcial de nível 4; especialista em combate corporal.	3	479	289	539	3	MAPPED
REN_0760	Quin Veyr 760	D	Aeloria	proximidades de Zorathen	floresta	ELYTH	Humano; usuário de Elyth; manifestação individual; alto risco de enfrentamento.	3	480	250	540	3	MAPPED
REN_0761	Xand Sang 761	D	Valkyrion	proximidades de Volmeria	caverna	MAGIA	Humano; praticante de magia; domínio aproximado de nível 3; usa Mana e Códices.	3	481	251	541	3	MAPPED
REN_0762	Eryk Morn 762	D	Orinthal	proximidades de Crystalia	subúrbio	VELLUM_ARMORIAL	Humano; Vellum Armorial de nível 4; especialista em equipamento.	3	482	252	542	3	MAPPED
REN_0763	Lorn Falk 763	D	Myrthos	proximidades de Sem nome definido	estrada	MISTO	Humano; combinação de treinamento e técnicas clandestinas.	3	483	253	543	3	MAPPED
REN_0764	Soren Rath 764	D	Nyssara	proximidades de Emerald Tide	pântano	VELLUM_MARCIAL	Humano; Vellum Marcial de nível 4; especialista em combate corporal.	3	484	254	544	3	MAPPED
REN_0765	Zarek Voss 765	D	Kethruun	proximidades de Sandbones	ruínas	ELYTH	Humano; usuário de Elyth; manifestação individual; alto risco de enfrentamento.	3	485	255	545	3	MAPPED
REN_0766	Garr Valec 766	D	Lyrien	proximidades de Aerocivitus	bairro comercial	MAGIA	Humano; praticante de magia; domínio aproximado de nível 3; usa Mana e Códices.	3	486	256	546	3	MAPPED
REN_0767	Nyr Arden 767	D	Tharun	proximidades de Stone-Âmbar	montanhas	VELLUM_ARMORIAL	Humano; Vellum Armorial de nível 4; especialista em equipamento.	3	487	257	547	3	MAPPED
REN_0768	Ulrik Riven 768	D	Eshmara	proximidades de Brumas	floresta	MISTO	Humano; combinação de treinamento e técnicas clandestinas.	3	488	258	548	3	MAPPED
REN_0769	Bren Drell 769	D	Zarim	proximidades de Fornalia	caverna	VELLUM_MARCIAL	Humano; Vellum Marcial de nível 4; especialista em combate corporal.	3	489	259	549	3	MAPPED
REN_0770	Iven Deyr 770	D	Aeloria	proximidades de Rivenholt	subúrbio	ELYTH	Humano; usuário de Elyth; manifestação individual; alto risco de enfrentamento.	3	490	260	550	3	MAPPED
REN_0771	Perr Halden 771	D	Valkyrion	proximidades de Volmeria	estrada	MAGIA	Humano; praticante de magia; domínio aproximado de nível 3; usa Mana e Códices.	3	491	261	551	3	MAPPED
REN_0772	Wren Mirel 772	D	Orinthal	proximidades de Crystalia	pântano	VELLUM_ARMORIAL	Humano; Vellum Armorial de nível 4; especialista em equipamento.	3	492	262	552	3	MAPPED
REN_0773	Dren Kest 773	D	Myrthos	proximidades de Sem nome definido	ruínas	MISTO	Humano; combinação de treinamento e técnicas clandestinas.	3	493	263	553	3	MAPPED
REN_0774	Kael Renn 774	D	Nyssara	proximidades de Emerald Tide	bairro comercial	VELLUM_MARCIAL	Humano; Vellum Marcial de nível 4; especialista em combate corporal.	3	494	264	554	3	MAPPED
REN_0775	Rav Dorn 775	D	Kethruun	proximidades de Sandbones	montanhas	ELYTH	Humano; usuário de Elyth; manifestação individual; alto risco de enfrentamento.	3	495	265	555	3	MAPPED
REN_0776	Yorin Khal 776	D	Lyrien	proximidades de Aerocivitus	floresta	MAGIA	Humano; praticante de magia; domínio aproximado de nível 3; usa Mana e Códices.	3	496	266	556	3	MAPPED
REN_0777	Farel Thorne 777	D	Tharun	proximidades de Stone-Âmbar	caverna	VELLUM_ARMORIAL	Humano; Vellum Armorial de nível 4; especialista em equipamento.	3	497	267	557	3	MAPPED
REN_0778	Marek Marek 778	D	Eshmara	proximidades de Brumas	subúrbio	MISTO	Humano; combinação de treinamento e técnicas clandestinas.	3	498	268	558	3	MAPPED
REN_0779	Tav Karr 779	D	Zarim	proximidades de Fornalia	estrada	VELLUM_MARCIAL	Humano; Vellum Marcial de nível 4; especialista em combate corporal.	3	499	269	559	3	MAPPED
REN_0780	Ald Veyr 780	D	Aeloria	proximidades de Jorathen	pântano	ELYTH	Humano; usuário de Elyth; manifestação individual; alto risco de enfrentamento.	3	500	270	500	3	MAPPED
REN_0781	Hadr Sang 781	D	Valkyrion	proximidades de Volmeria	ruínas	MAGIA	Humano; praticante de magia; domínio aproximado de nível 3; usa Mana e Códices.	3	501	271	501	3	MAPPED
REN_0782	Orven Morn 782	D	Orinthal	proximidades de Crystalia	bairro comercial	VELLUM_ARMORIAL	Humano; Vellum Armorial de nível 4; especialista em equipamento.	3	502	272	502	3	MAPPED
REN_0783	Varek Falk 783	D	Myrthos	proximidades de Sem nome definido	montanhas	MISTO	Humano; combinação de treinamento e técnicas clandestinas.	3	503	273	503	3	MAPPED
REN_0784	Cyr Rath 784	D	Nyssara	proximidades de Emerald Tide	floresta	VELLUM_MARCIAL	Humano; Vellum Marcial de nível 4; especialista em combate corporal.	3	504	274	504	3	MAPPED
REN_0785	Jor Voss 785	D	Kethruun	proximidades de Sandbones	caverna	ELYTH	Humano; usuário de Elyth; manifestação individual; alto risco de enfrentamento.	3	505	275	505	3	MAPPED
REN_0786	Quin Valec 786	D	Lyrien	proximidades de Aerocivitus	subúrbio	MAGIA	Humano; praticante de magia; domínio aproximado de nível 3; usa Mana e Códices.	3	506	276	506	3	MAPPED
REN_0787	Xand Arden 787	D	Tharun	proximidades de Stone-Âmbar	estrada	VELLUM_ARMORIAL	Humano; Vellum Armorial de nível 4; especialista em equipamento.	3	507	277	507	3	MAPPED
REN_0788	Eryk Riven 788	D	Eshmara	proximidades de Brumas	pântano	MISTO	Humano; combinação de treinamento e técnicas clandestinas.	3	508	278	508	3	MAPPED
REN_0789	Lorn Drell 789	D	Zarim	proximidades de Fornalia	ruínas	VELLUM_MARCIAL	Humano; Vellum Marcial de nível 4; especialista em combate corporal.	3	509	279	509	3	MAPPED
REN_0790	Soren Deyr 790	D	Aeloria	proximidades de Brighthollow	bairro comercial	ELYTH	Humano; usuário de Elyth; manifestação individual; alto risco de enfrentamento.	3	510	280	510	3	MAPPED
REN_0791	Zarek Halden 791	D	Valkyrion	proximidades de Volmeria	montanhas	MAGIA	Humano; praticante de magia; domínio aproximado de nível 3; usa Mana e Códices.	3	511	281	511	3	MAPPED
REN_0792	Garr Mirel 792	D	Orinthal	proximidades de Crystalia	floresta	VELLUM_ARMORIAL	Humano; Vellum Armorial de nível 4; especialista em equipamento.	3	512	282	512	3	MAPPED
REN_0793	Nyr Kest 793	D	Myrthos	proximidades de Sem nome definido	caverna	MISTO	Humano; combinação de treinamento e técnicas clandestinas.	3	513	283	513	3	MAPPED
REN_0794	Ulrik Renn 794	D	Nyssara	proximidades de Emerald Tide	subúrbio	VELLUM_MARCIAL	Humano; Vellum Marcial de nível 4; especialista em combate corporal.	3	514	284	514	3	MAPPED
REN_0795	Bren Dorn 795	D	Kethruun	proximidades de Sandbones	estrada	ELYTH	Humano; usuário de Elyth; manifestação individual; alto risco de enfrentamento.	3	515	285	515	3	MAPPED
REN_0796	Iven Khal 796	D	Lyrien	proximidades de Aerocivitus	pântano	MAGIA	Humano; praticante de magia; domínio aproximado de nível 3; usa Mana e Códices.	3	516	286	516	3	MAPPED
REN_0797	Perr Thorne 797	D	Tharun	proximidades de Stone-Âmbar	ruínas	VELLUM_ARMORIAL	Humano; Vellum Armorial de nível 4; especialista em equipamento.	3	517	287	517	3	MAPPED
REN_0798	Wren Marek 798	D	Eshmara	proximidades de Brumas	bairro comercial	MISTO	Humano; combinação de treinamento e técnicas clandestinas.	3	518	288	518	3	MAPPED
REN_0799	Dren Karr 799	D	Zarim	proximidades de Fornalia	montanhas	VELLUM_MARCIAL	Humano; Vellum Marcial de nível 4; especialista em combate corporal.	3	519	289	519	3	MAPPED
REN_0800	Kael Veyr 800	D	Aeloria	proximidades de Zephyrholt	floresta	ELYTH	Humano; usuário de Elyth; manifestação individual; alto risco de enfrentamento.	3	520	250	520	3	MAPPED
REN_0801	Rav Sang 801	D	Valkyrion	proximidades de Volmeria	caverna	MAGIA	Humano; praticante de magia; domínio aproximado de nível 3; usa Mana e Códices.	3	521	251	521	3	MAPPED
REN_0802	Yorin Morn 802	D	Orinthal	proximidades de Crystalia	subúrbio	VELLUM_ARMORIAL	Humano; Vellum Armorial de nível 4; especialista em equipamento.	3	522	252	522	3	MAPPED
REN_0803	Farel Falk 803	D	Myrthos	proximidades de Sem nome definido	estrada	MISTO	Humano; combinação de treinamento e técnicas clandestinas.	3	523	253	523	3	MAPPED
REN_0804	Marek Rath 804	D	Nyssara	proximidades de Emerald Tide	pântano	VELLUM_MARCIAL	Humano; Vellum Marcial de nível 4; especialista em combate corporal.	3	524	254	524	3	MAPPED
REN_0805	Tav Voss 805	D	Kethruun	proximidades de Sandbones	ruínas	ELYTH	Humano; usuário de Elyth; manifestação individual; alto risco de enfrentamento.	3	525	255	525	3	MAPPED
REN_0806	Ald Valec 806	D	Lyrien	proximidades de Aerocivitus	bairro comercial	MAGIA	Humano; praticante de magia; domínio aproximado de nível 3; usa Mana e Códices.	3	526	256	526	3	MAPPED
REN_0807	Hadr Arden 807	D	Tharun	proximidades de Stone-Âmbar	montanhas	VELLUM_ARMORIAL	Humano; Vellum Armorial de nível 4; especialista em equipamento.	3	527	257	527	3	MAPPED
REN_0808	Orven Riven 808	D	Eshmara	proximidades de Brumas	floresta	MISTO	Humano; combinação de treinamento e técnicas clandestinas.	3	528	258	528	3	MAPPED
REN_0809	Varek Drell 809	D	Zarim	proximidades de Fornalia	caverna	VELLUM_MARCIAL	Humano; Vellum Marcial de nível 4; especialista em combate corporal.	3	529	259	529	3	MAPPED
REN_0810	Cyr Deyr 810	D	Aeloria	proximidades de Runedral	subúrbio	ELYTH	Humano; usuário de Elyth; manifestação individual; alto risco de enfrentamento.	3	440	260	530	3	MAPPED
REN_0811	Jor Halden 811	D	Valkyrion	proximidades de Volmeria	estrada	MAGIA	Humano; praticante de magia; domínio aproximado de nível 3; usa Mana e Códices.	3	441	261	531	3	MAPPED
REN_0812	Quin Mirel 812	D	Orinthal	proximidades de Crystalia	pântano	VELLUM_ARMORIAL	Humano; Vellum Armorial de nível 4; especialista em equipamento.	3	442	262	532	3	MAPPED
REN_0813	Xand Kest 813	D	Myrthos	proximidades de Sem nome definido	ruínas	MISTO	Humano; combinação de treinamento e técnicas clandestinas.	3	443	263	533	3	MAPPED
REN_0814	Eryk Renn 814	D	Nyssara	proximidades de Emerald Tide	bairro comercial	VELLUM_MARCIAL	Humano; Vellum Marcial de nível 4; especialista em combate corporal.	3	444	264	534	3	MAPPED
REN_0815	Lorn Dorn 815	D	Kethruun	proximidades de Sandbones	montanhas	ELYTH	Humano; usuário de Elyth; manifestação individual; alto risco de enfrentamento.	3	445	265	535	3	MAPPED
REN_0816	Soren Khal 816	D	Lyrien	proximidades de Aerocivitus	floresta	MAGIA	Humano; praticante de magia; domínio aproximado de nível 3; usa Mana e Códices.	3	446	266	536	3	MAPPED
REN_0817	Zarek Thorne 817	D	Tharun	proximidades de Stone-Âmbar	caverna	VELLUM_ARMORIAL	Humano; Vellum Armorial de nível 4; especialista em equipamento.	3	447	267	537	3	MAPPED
REN_0818	Garr Marek 818	D	Eshmara	proximidades de Brumas	subúrbio	MISTO	Humano; combinação de treinamento e técnicas clandestinas.	3	448	268	538	3	MAPPED
REN_0819	Nyr Karr 819	D	Zarim	proximidades de Fornalia	estrada	VELLUM_MARCIAL	Humano; Vellum Marcial de nível 4; especialista em combate corporal.	3	449	269	539	3	MAPPED
REN_0820	Ulrik Veyr 820	D	Aeloria	proximidades de Jorwyn	pântano	ELYTH	Humano; usuário de Elyth; manifestação individual; alto risco de enfrentamento.	3	450	270	540	3	MAPPED
REN_0821	Bren Sang 821	C	Valkyrion	proximidades de Volmeria	ruínas	MAGIA	Humano; praticante de magia; domínio aproximado de nível 3; usa Mana e Códices.	4	641	381	761	3	MAPPED
REN_0822	Iven Morn 822	C	Orinthal	proximidades de Crystalia	bairro comercial	VELLUM_ARMORIAL	Humano; Vellum Armorial de nível 5; especialista em equipamento.	4	642	382	762	3	MAPPED
REN_0823	Perr Falk 823	C	Myrthos	proximidades de Sem nome definido	montanhas	MISTO	Humano; combinação de treinamento e técnicas clandestinas.	4	643	383	763	3	MAPPED
REN_0824	Wren Rath 824	C	Nyssara	proximidades de Emerald Tide	floresta	VELLUM_MARCIAL	Humano; Vellum Marcial de nível 5; especialista em combate corporal.	4	644	384	764	3	MAPPED
REN_0825	Dren Voss 825	C	Kethruun	proximidades de Sandbones	caverna	ELYTH	Humano; usuário de Elyth; manifestação individual; alto risco de enfrentamento.	4	645	385	765	3	MAPPED
REN_0826	Kael Valec 826	C	Lyrien	proximidades de Aerocivitus	subúrbio	MAGIA	Humano; praticante de magia; domínio aproximado de nível 3; usa Mana e Códices.	4	646	386	766	3	MAPPED
REN_0827	Rav Arden 827	C	Tharun	proximidades de Stone-Âmbar	estrada	VELLUM_ARMORIAL	Humano; Vellum Armorial de nível 5; especialista em equipamento.	4	647	387	767	3	MAPPED
REN_0828	Yorin Riven 828	C	Eshmara	proximidades de Brumas	pântano	MISTO	Humano; combinação de treinamento e técnicas clandestinas.	4	648	388	768	3	MAPPED
REN_0829	Farel Drell 829	C	Zarim	proximidades de Fornalia	ruínas	VELLUM_MARCIAL	Humano; Vellum Marcial de nível 5; especialista em combate corporal.	4	649	389	769	3	MAPPED
REN_0830	Marek Deyr 830	C	Aeloria	proximidades de Blackmere	bairro comercial	ELYTH	Humano; usuário de Elyth; manifestação individual; alto risco de enfrentamento.	4	650	390	770	3	MAPPED
REN_0831	Tav Halden 831	C	Valkyrion	proximidades de Volmeria	montanhas	MAGIA	Humano; praticante de magia; domínio aproximado de nível 3; usa Mana e Códices.	4	651	391	771	3	MAPPED
REN_0832	Ald Mirel 832	C	Orinthal	proximidades de Crystalia	floresta	VELLUM_ARMORIAL	Humano; Vellum Armorial de nível 5; especialista em equipamento.	4	652	392	772	3	MAPPED
REN_0833	Hadr Kest 833	C	Myrthos	proximidades de Sem nome definido	caverna	MISTO	Humano; combinação de treinamento e técnicas clandestinas.	4	653	393	773	3	MAPPED
REN_0834	Orven Renn 834	C	Nyssara	proximidades de Emerald Tide	subúrbio	VELLUM_MARCIAL	Humano; Vellum Marcial de nível 5; especialista em combate corporal.	4	654	394	774	3	MAPPED
REN_0835	Varek Dorn 835	C	Kethruun	proximidades de Sandbones	estrada	ELYTH	Humano; usuário de Elyth; manifestação individual; alto risco de enfrentamento.	4	655	395	775	3	MAPPED
REN_0836	Cyr Khal 836	C	Lyrien	proximidades de Aerocivitus	pântano	MAGIA	Humano; praticante de magia; domínio aproximado de nível 3; usa Mana e Códices.	4	656	396	776	3	MAPPED
REN_0837	Jor Thorne 837	C	Tharun	proximidades de Stone-Âmbar	ruínas	VELLUM_ARMORIAL	Humano; Vellum Armorial de nível 5; especialista em equipamento.	4	657	397	777	3	MAPPED
REN_0838	Quin Marek 838	C	Eshmara	proximidades de Brumas	bairro comercial	MISTO	Humano; combinação de treinamento e técnicas clandestinas.	4	658	398	778	3	MAPPED
REN_0839	Xand Karr 839	C	Zarim	proximidades de Fornalia	montanhas	VELLUM_MARCIAL	Humano; Vellum Marcial de nível 5; especialista em combate corporal.	4	659	399	779	3	MAPPED
REN_0840	Eryk Veyr 840	C	Aeloria	proximidades de Thornmere	floresta	ELYTH	Humano; usuário de Elyth; manifestação individual; alto risco de enfrentamento.	4	660	360	720	3	MAPPED
REN_0841	Lorn Sang 841	C	Valkyrion	proximidades de Volmeria	caverna	MAGIA	Humano; praticante de magia; domínio aproximado de nível 3; usa Mana e Códices.	4	661	361	721	3	MAPPED
REN_0842	Soren Morn 842	C	Orinthal	proximidades de Crystalia	subúrbio	VELLUM_ARMORIAL	Humano; Vellum Armorial de nível 5; especialista em equipamento.	4	662	362	722	3	MAPPED
REN_0843	Zarek Falk 843	C	Myrthos	proximidades de Sem nome definido	estrada	MISTO	Humano; combinação de treinamento e técnicas clandestinas.	4	663	363	723	3	MAPPED
REN_0844	Garr Rath 844	C	Nyssara	proximidades de Emerald Tide	pântano	VELLUM_MARCIAL	Humano; Vellum Marcial de nível 5; especialista em combate corporal.	4	664	364	724	3	MAPPED
REN_0845	Nyr Voss 845	C	Kethruun	proximidades de Sandbones	ruínas	ELYTH	Humano; usuário de Elyth; manifestação individual; alto risco de enfrentamento.	4	665	365	725	3	MAPPED
REN_0846	Ulrik Valec 846	C	Lyrien	proximidades de Aerocivitus	bairro comercial	MAGIA	Humano; praticante de magia; domínio aproximado de nível 3; usa Mana e Códices.	4	666	366	726	3	MAPPED
REN_0847	Bren Arden 847	C	Tharun	proximidades de Stone-Âmbar	montanhas	VELLUM_ARMORIAL	Humano; Vellum Armorial de nível 5; especialista em equipamento.	4	667	367	727	3	MAPPED
REN_0848	Iven Riven 848	C	Eshmara	proximidades de Brumas	floresta	MISTO	Humano; combinação de treinamento e técnicas clandestinas.	4	668	368	728	3	MAPPED
REN_0849	Perr Drell 849	C	Zarim	proximidades de Fornalia	caverna	VELLUM_MARCIAL	Humano; Vellum Marcial de nível 5; especialista em combate corporal.	4	669	369	729	3	MAPPED
REN_0850	Wren Deyr 850	C	Aeloria	proximidades de Loryndor	subúrbio	ELYTH	Humano; usuário de Elyth; manifestação individual; alto risco de enfrentamento.	4	670	370	730	3	MAPPED
REN_0851	Dren Halden 851	C	Valkyrion	proximidades de Volmeria	estrada	MAGIA	Humano; praticante de magia; domínio aproximado de nível 3; usa Mana e Códices.	4	671	371	731	3	MAPPED
REN_0852	Kael Mirel 852	C	Orinthal	proximidades de Crystalia	pântano	VELLUM_ARMORIAL	Humano; Vellum Armorial de nível 5; especialista em equipamento.	4	672	372	732	3	MAPPED
REN_0853	Rav Kest 853	C	Myrthos	proximidades de Sem nome definido	ruínas	MISTO	Humano; combinação de treinamento e técnicas clandestinas.	4	673	373	733	3	MAPPED
REN_0854	Yorin Renn 854	C	Nyssara	proximidades de Emerald Tide	bairro comercial	VELLUM_MARCIAL	Humano; Vellum Marcial de nível 5; especialista em combate corporal.	4	674	374	734	3	MAPPED
REN_0855	Farel Dorn 855	C	Kethruun	proximidades de Sandbones	montanhas	ELYTH	Humano; usuário de Elyth; manifestação individual; alto risco de enfrentamento.	4	675	375	735	3	MAPPED
REN_0856	Marek Khal 856	C	Lyrien	proximidades de Aerocivitus	floresta	MAGIA	Humano; praticante de magia; domínio aproximado de nível 3; usa Mana e Códices.	4	676	376	736	3	MAPPED
REN_0857	Tav Thorne 857	C	Tharun	proximidades de Stone-Âmbar	caverna	VELLUM_ARMORIAL	Humano; Vellum Armorial de nível 5; especialista em equipamento.	4	677	377	737	3	MAPPED
REN_0858	Ald Marek 858	C	Eshmara	proximidades de Brumas	subúrbio	MISTO	Humano; combinação de treinamento e técnicas clandestinas.	4	678	378	738	3	MAPPED
REN_0859	Hadr Karr 859	C	Zarim	proximidades de Fornalia	estrada	VELLUM_MARCIAL	Humano; Vellum Marcial de nível 5; especialista em combate corporal.	4	679	379	739	3	MAPPED
REN_0860	Orven Veyr 860	C	Aeloria	proximidades de Duskmere	pântano	ELYTH	Humano; usuário de Elyth; manifestação individual; alto risco de enfrentamento.	4	680	380	740	3	MAPPED
REN_0861	Varek Sang 861	C	Valkyrion	proximidades de Volmeria	ruínas	MAGIA	Humano; praticante de magia; domínio aproximado de nível 3; usa Mana e Códices.	4	681	381	741	3	MAPPED
REN_0862	Cyr Morn 862	C	Orinthal	proximidades de Crystalia	bairro comercial	VELLUM_ARMORIAL	Humano; Vellum Armorial de nível 5; especialista em equipamento.	4	682	382	742	3	MAPPED
REN_0863	Jor Falk 863	C	Myrthos	proximidades de Sem nome definido	montanhas	MISTO	Humano; combinação de treinamento e técnicas clandestinas.	4	683	383	743	3	MAPPED
REN_0864	Quin Rath 864	C	Nyssara	proximidades de Emerald Tide	floresta	VELLUM_MARCIAL	Humano; Vellum Marcial de nível 5; especialista em combate corporal.	4	684	384	744	3	MAPPED
REN_0865	Xand Voss 865	C	Kethruun	proximidades de Sandbones	caverna	ELYTH	Humano; usuário de Elyth; manifestação individual; alto risco de enfrentamento.	4	685	385	745	3	MAPPED
REN_0866	Eryk Valec 866	C	Lyrien	proximidades de Aerocivitus	subúrbio	MAGIA	Humano; praticante de magia; domínio aproximado de nível 3; usa Mana e Códices.	4	686	386	746	3	MAPPED
REN_0867	Lorn Arden 867	C	Tharun	proximidades de Stone-Âmbar	estrada	VELLUM_ARMORIAL	Humano; Vellum Armorial de nível 5; especialista em equipamento.	4	687	387	747	3	MAPPED
REN_0868	Soren Riven 868	C	Eshmara	proximidades de Brumas	pântano	MISTO	Humano; combinação de treinamento e técnicas clandestinas.	4	688	388	748	3	MAPPED
REN_0869	Zarek Drell 869	C	Zarim	proximidades de Fornalia	ruínas	VELLUM_MARCIAL	Humano; Vellum Marcial de nível 5; especialista em combate corporal.	4	689	389	749	3	MAPPED
REN_0870	Garr Deyr 870	C	Aeloria	proximidades de Valdora	bairro comercial	ELYTH	Humano; usuário de Elyth; manifestação individual; alto risco de enfrentamento.	4	690	390	750	3	MAPPED
REN_0871	Nyr Halden 871	C	Valkyrion	proximidades de Volmeria	montanhas	MAGIA	Humano; praticante de magia; domínio aproximado de nível 3; usa Mana e Códices.	4	691	391	751	3	MAPPED
REN_0872	Ulrik Mirel 872	C	Orinthal	proximidades de Crystalia	floresta	VELLUM_ARMORIAL	Humano; Vellum Armorial de nível 5; especialista em equipamento.	4	692	392	752	3	MAPPED
REN_0873	Bren Kest 873	C	Myrthos	proximidades de Sem nome definido	caverna	MISTO	Humano; combinação de treinamento e técnicas clandestinas.	4	693	393	753	3	MAPPED
REN_0874	Iven Renn 874	C	Nyssara	proximidades de Emerald Tide	subúrbio	VELLUM_MARCIAL	Humano; Vellum Marcial de nível 5; especialista em combate corporal.	4	694	394	754	3	MAPPED
REN_0875	Perr Dorn 875	C	Kethruun	proximidades de Sandbones	estrada	ELYTH	Humano; usuário de Elyth; manifestação individual; alto risco de enfrentamento.	4	695	395	755	3	MAPPED
REN_0876	Wren Khal 876	C	Lyrien	proximidades de Aerocivitus	pântano	MAGIA	Humano; praticante de magia; domínio aproximado de nível 3; usa Mana e Códices.	4	696	396	756	3	MAPPED
REN_0877	Dren Thorne 877	C	Tharun	proximidades de Stone-Âmbar	ruínas	VELLUM_ARMORIAL	Humano; Vellum Armorial de nível 5; especialista em equipamento.	4	697	397	757	3	MAPPED
REN_0878	Kael Marek 878	C	Eshmara	proximidades de Brumas	bairro comercial	MISTO	Humano; combinação de treinamento e técnicas clandestinas.	4	698	398	758	3	MAPPED
REN_0879	Rav Karr 879	C	Zarim	proximidades de Fornalia	montanhas	VELLUM_MARCIAL	Humano; Vellum Marcial de nível 5; especialista em combate corporal.	4	699	399	759	3	MAPPED
REN_0880	Yorin Veyr 880	C	Aeloria	proximidades de Tindralith	floresta	ELYTH	Humano; usuário de Elyth; manifestação individual; alto risco de enfrentamento.	4	700	360	760	3	MAPPED
REN_0881	Farel Sang 881	C	Valkyrion	proximidades de Volmeria	caverna	MAGIA	Humano; praticante de magia; domínio aproximado de nível 3; usa Mana e Códices.	4	701	361	761	3	MAPPED
REN_0882	Marek Morn 882	C	Orinthal	proximidades de Crystalia	subúrbio	VELLUM_ARMORIAL	Humano; Vellum Armorial de nível 5; especialista em equipamento.	4	702	362	762	3	MAPPED
REN_0883	Tav Falk 883	C	Myrthos	proximidades de Sem nome definido	estrada	MISTO	Humano; combinação de treinamento e técnicas clandestinas.	4	703	363	763	3	MAPPED
REN_0884	Ald Rath 884	C	Nyssara	proximidades de Emerald Tide	pântano	VELLUM_MARCIAL	Humano; Vellum Marcial de nível 5; especialista em combate corporal.	4	704	364	764	3	MAPPED
REN_0885	Hadr Voss 885	C	Kethruun	proximidades de Sandbones	ruínas	ELYTH	Humano; usuário de Elyth; manifestação individual; alto risco de enfrentamento.	4	705	365	765	3	MAPPED
REN_0886	Orven Valec 886	C	Lyrien	proximidades de Aerocivitus	bairro comercial	MAGIA	Humano; praticante de magia; domínio aproximado de nível 3; usa Mana e Códices.	4	706	366	766	3	MAPPED
REN_0887	Varek Arden 887	C	Tharun	proximidades de Stone-Âmbar	montanhas	VELLUM_ARMORIAL	Humano; Vellum Armorial de nível 5; especialista em equipamento.	4	707	367	767	3	MAPPED
REN_0888	Cyr Riven 888	C	Eshmara	proximidades de Brumas	floresta	MISTO	Humano; combinação de treinamento e técnicas clandestinas.	4	708	368	768	3	MAPPED
REN_0889	Jor Drell 889	C	Zarim	proximidades de Fornalia	caverna	VELLUM_MARCIAL	Humano; Vellum Marcial de nível 5; especialista em combate corporal.	4	709	369	769	3	MAPPED
REN_0890	Quin Deyr 890	C	Aeloria	proximidades de Lorwynne	subúrbio	ELYTH	Humano; usuário de Elyth; manifestação individual; alto risco de enfrentamento.	4	710	370	770	3	MAPPED
REN_0891	Xand Halden 891	C	Valkyrion	proximidades de Volmeria	estrada	MAGIA	Humano; praticante de magia; domínio aproximado de nível 3; usa Mana e Códices.	4	711	371	771	3	MAPPED
REN_0892	Eryk Mirel 892	C	Orinthal	proximidades de Crystalia	pântano	VELLUM_ARMORIAL	Humano; Vellum Armorial de nível 5; especialista em equipamento.	4	712	372	772	3	MAPPED
REN_0893	Lorn Kest 893	C	Myrthos	proximidades de Sem nome definido	ruínas	MISTO	Humano; combinação de treinamento e técnicas clandestinas.	4	713	373	773	3	MAPPED
REN_0894	Soren Renn 894	C	Nyssara	proximidades de Emerald Tide	bairro comercial	VELLUM_MARCIAL	Humano; Vellum Marcial de nível 5; especialista em combate corporal.	4	714	374	774	3	MAPPED
REN_0895	Zarek Dorn 895	C	Kethruun	proximidades de Sandbones	montanhas	ELYTH	Humano; usuário de Elyth; manifestação individual; alto risco de enfrentamento.	4	715	375	775	3	MAPPED
REN_0896	Garr Khal 896	C	Lyrien	proximidades de Aerocivitus	floresta	MAGIA	Humano; praticante de magia; domínio aproximado de nível 3; usa Mana e Códices.	4	716	376	776	3	MAPPED
REN_0897	Nyr Thorne 897	C	Tharun	proximidades de Stone-Âmbar	caverna	VELLUM_ARMORIAL	Humano; Vellum Armorial de nível 5; especialista em equipamento.	4	717	377	777	3	MAPPED
REN_0898	Ulrik Marek 898	C	Eshmara	proximidades de Brumas	subúrbio	MISTO	Humano; combinação de treinamento e técnicas clandestinas.	4	718	378	778	3	MAPPED
REN_0899	Bren Karr 899	C	Zarim	proximidades de Fornalia	estrada	VELLUM_MARCIAL	Humano; Vellum Marcial de nível 5; especialista em combate corporal.	4	719	379	779	3	MAPPED
REN_0900	Iven Veyr 900	C	Aeloria	proximidades de Dawnspire	pântano	ELYTH	Humano; usuário de Elyth; manifestação individual; alto risco de enfrentamento.	4	630	380	720	3	MAPPED
REN_0901	Perr Sang 901	C	Valkyrion	proximidades de Volmeria	ruínas	MAGIA	Humano; praticante de magia; domínio aproximado de nível 3; usa Mana e Códices.	4	631	381	721	3	MAPPED
REN_0902	Wren Morn 902	C	Orinthal	proximidades de Crystalia	bairro comercial	VELLUM_ARMORIAL	Humano; Vellum Armorial de nível 5; especialista em equipamento.	4	632	382	722	3	MAPPED
REN_0903	Dren Falk 903	C	Myrthos	proximidades de Sem nome definido	montanhas	MISTO	Humano; combinação de treinamento e técnicas clandestinas.	4	633	383	723	3	MAPPED
REN_0904	Kael Rath 904	C	Nyssara	proximidades de Emerald Tide	floresta	VELLUM_MARCIAL	Humano; Vellum Marcial de nível 5; especialista em combate corporal.	4	634	384	724	3	MAPPED
REN_0905	Rav Voss 905	C	Kethruun	proximidades de Sandbones	caverna	ELYTH	Humano; usuário de Elyth; manifestação individual; alto risco de enfrentamento.	4	635	385	725	3	MAPPED
REN_0906	Yorin Valec 906	C	Lyrien	proximidades de Aerocivitus	subúrbio	MAGIA	Humano; praticante de magia; domínio aproximado de nível 3; usa Mana e Códices.	4	636	386	726	3	MAPPED
REN_0907	Farel Arden 907	C	Tharun	proximidades de Stone-Âmbar	estrada	VELLUM_ARMORIAL	Humano; Vellum Armorial de nível 5; especialista em equipamento.	4	637	387	727	3	MAPPED
REN_0908	Marek Riven 908	C	Eshmara	proximidades de Brumas	pântano	MISTO	Humano; combinação de treinamento e técnicas clandestinas.	4	638	388	728	3	MAPPED
REN_0909	Tav Drell 909	C	Zarim	proximidades de Fornalia	ruínas	VELLUM_MARCIAL	Humano; Vellum Marcial de nível 5; especialista em combate corporal.	4	639	389	729	3	MAPPED
REN_0910	Ald Deyr 910	C	Aeloria	proximidades de Veyndaril	bairro comercial	ELYTH	Humano; usuário de Elyth; manifestação individual; alto risco de enfrentamento.	4	640	390	730	3	MAPPED
REN_0911	Hadr Halden 911	C	Valkyrion	proximidades de Volmeria	montanhas	MAGIA	Humano; praticante de magia; domínio aproximado de nível 3; usa Mana e Códices.	4	641	391	731	3	MAPPED
REN_0912	Orven Mirel 912	C	Orinthal	proximidades de Crystalia	floresta	VELLUM_ARMORIAL	Humano; Vellum Armorial de nível 5; especialista em equipamento.	4	642	392	732	3	MAPPED
REN_0913	Varek Kest 913	C	Myrthos	proximidades de Sem nome definido	caverna	MISTO	Humano; combinação de treinamento e técnicas clandestinas.	4	643	393	733	3	MAPPED
REN_0914	Cyr Renn 914	C	Nyssara	proximidades de Emerald Tide	subúrbio	VELLUM_MARCIAL	Humano; Vellum Marcial de nível 5; especialista em combate corporal.	4	644	394	734	3	MAPPED
REN_0915	Jor Dorn 915	C	Kethruun	proximidades de Sandbones	estrada	ELYTH	Humano; usuário de Elyth; manifestação individual; alto risco de enfrentamento.	4	645	395	735	3	MAPPED
REN_0916	Quin Khal 916	C	Lyrien	proximidades de Aerocivitus	pântano	MAGIA	Humano; praticante de magia; domínio aproximado de nível 3; usa Mana e Códices.	4	646	396	736	3	MAPPED
REN_0917	Xand Thorne 917	C	Tharun	proximidades de Stone-Âmbar	ruínas	VELLUM_ARMORIAL	Humano; Vellum Armorial de nível 5; especialista em equipamento.	4	647	397	737	3	MAPPED
REN_0918	Eryk Marek 918	C	Eshmara	proximidades de Brumas	bairro comercial	MISTO	Humano; combinação de treinamento e técnicas clandestinas.	4	648	398	738	3	MAPPED
REN_0919	Lorn Karr 919	C	Zarim	proximidades de Fornalia	montanhas	VELLUM_MARCIAL	Humano; Vellum Marcial de nível 5; especialista em combate corporal.	4	649	399	739	3	MAPPED
REN_0920	Soren Veyr 920	C	Aeloria	proximidades de Norhaven	floresta	ELYTH	Humano; usuário de Elyth; manifestação individual; alto risco de enfrentamento.	4	650	360	740	3	MAPPED
REN_0921	Zarek Sang 921	C	Valkyrion	proximidades de Volmeria	caverna	MAGIA	Humano; praticante de magia; domínio aproximado de nível 3; usa Mana e Códices.	4	651	361	741	3	MAPPED
REN_0922	Garr Morn 922	C	Orinthal	proximidades de Crystalia	subúrbio	VELLUM_ARMORIAL	Humano; Vellum Armorial de nível 5; especialista em equipamento.	4	652	362	742	3	MAPPED
REN_0923	Nyr Falk 923	C	Myrthos	proximidades de Sem nome definido	estrada	MISTO	Humano; combinação de treinamento e técnicas clandestinas.	4	653	363	743	3	MAPPED
REN_0924	Ulrik Rath 924	C	Nyssara	proximidades de Emerald Tide	pântano	VELLUM_MARCIAL	Humano; Vellum Marcial de nível 5; especialista em combate corporal.	4	654	364	744	3	MAPPED
REN_0925	Bren Voss 925	C	Kethruun	proximidades de Sandbones	ruínas	ELYTH	Humano; usuário de Elyth; manifestação individual; alto risco de enfrentamento.	4	655	365	745	3	MAPPED
REN_0926	Iven Valec 926	C	Lyrien	proximidades de Aerocivitus	bairro comercial	MAGIA	Humano; praticante de magia; domínio aproximado de nível 3; usa Mana e Códices.	4	656	366	746	3	MAPPED
REN_0927	Perr Arden 927	C	Tharun	proximidades de Stone-Âmbar	montanhas	VELLUM_ARMORIAL	Humano; Vellum Armorial de nível 5; especialista em equipamento.	4	657	367	747	3	MAPPED
REN_0928	Wren Riven 928	C	Eshmara	proximidades de Brumas	floresta	MISTO	Humano; combinação de treinamento e técnicas clandestinas.	4	658	368	748	3	MAPPED
REN_0929	Dren Drell 929	C	Zarim	proximidades de Fornalia	caverna	VELLUM_MARCIAL	Humano; Vellum Marcial de nível 5; especialista em combate corporal.	4	659	369	749	3	MAPPED
REN_0930	Kael Deyr 930	C	Aeloria	proximidades de Fenndral	subúrbio	ELYTH	Humano; usuário de Elyth; manifestação individual; alto risco de enfrentamento.	4	660	370	750	3	MAPPED
REN_0931	Rav Halden 931	C	Valkyrion	proximidades de Volmeria	estrada	MAGIA	Humano; praticante de magia; domínio aproximado de nível 3; usa Mana e Códices.	4	661	371	751	3	MAPPED
REN_0932	Yorin Mirel 932	C	Orinthal	proximidades de Crystalia	pântano	VELLUM_ARMORIAL	Humano; Vellum Armorial de nível 5; especialista em equipamento.	4	662	372	752	3	MAPPED
REN_0933	Farel Kest 933	C	Myrthos	proximidades de Sem nome definido	ruínas	MISTO	Humano; combinação de treinamento e técnicas clandestinas.	4	663	373	753	3	MAPPED
REN_0934	Marek Renn 934	C	Nyssara	proximidades de Emerald Tide	bairro comercial	VELLUM_MARCIAL	Humano; Vellum Marcial de nível 5; especialista em combate corporal.	4	664	374	754	3	MAPPED
REN_0935	Tav Dorn 935	C	Kethruun	proximidades de Sandbones	montanhas	ELYTH	Humano; usuário de Elyth; manifestação individual; alto risco de enfrentamento.	4	665	375	755	3	MAPPED
REN_0936	Ald Khal 936	C	Lyrien	proximidades de Aerocivitus	floresta	MAGIA	Humano; praticante de magia; domínio aproximado de nível 3; usa Mana e Códices.	4	666	376	756	3	MAPPED
REN_0937	Hadr Thorne 937	C	Tharun	proximidades de Stone-Âmbar	caverna	VELLUM_ARMORIAL	Humano; Vellum Armorial de nível 5; especialista em equipamento.	4	667	377	757	3	MAPPED
REN_0938	Orven Marek 938	C	Eshmara	proximidades de Brumas	subúrbio	MISTO	Humano; combinação de treinamento e técnicas clandestinas.	4	668	378	758	3	MAPPED
REN_0939	Varek Karr 939	C	Zarim	proximidades de Fornalia	estrada	VELLUM_MARCIAL	Humano; Vellum Marcial de nível 5; especialista em combate corporal.	4	669	379	759	3	MAPPED
REN_0940	Cyr Veyr 940	C	Aeloria	proximidades de Lunareth	pântano	ELYTH	Humano; usuário de Elyth; manifestação individual; alto risco de enfrentamento.	4	670	380	760	3	MAPPED
REN_0941	Jor Sang 941	C	Valkyrion	proximidades de Volmeria	ruínas	MAGIA	Humano; praticante de magia; domínio aproximado de nível 3; usa Mana e Códices.	4	671	381	761	3	MAPPED
REN_0942	Quin Morn 942	C	Orinthal	proximidades de Crystalia	bairro comercial	VELLUM_ARMORIAL	Humano; Vellum Armorial de nível 5; especialista em equipamento.	4	672	382	762	3	MAPPED
REN_0943	Xand Falk 943	C	Myrthos	proximidades de Sem nome definido	montanhas	MISTO	Humano; combinação de treinamento e técnicas clandestinas.	4	673	383	763	3	MAPPED
REN_0944	Eryk Rath 944	C	Nyssara	proximidades de Emerald Tide	floresta	VELLUM_MARCIAL	Humano; Vellum Marcial de nível 5; especialista em combate corporal.	4	674	384	764	3	MAPPED
REN_0945	Lorn Voss 945	C	Kethruun	proximidades de Sandbones	caverna	ELYTH	Humano; usuário de Elyth; manifestação individual; alto risco de enfrentamento.	4	675	385	765	3	MAPPED
REN_0946	Soren Valec 946	C	Lyrien	proximidades de Aerocivitus	subúrbio	MAGIA	Humano; praticante de magia; domínio aproximado de nível 3; usa Mana e Códices.	4	676	386	766	3	MAPPED
REN_0947	Zarek Arden 947	C	Tharun	proximidades de Stone-Âmbar	estrada	VELLUM_ARMORIAL	Humano; Vellum Armorial de nível 5; especialista em equipamento.	4	677	387	767	3	MAPPED
REN_0948	Garr Riven 948	C	Eshmara	proximidades de Brumas	pântano	MISTO	Humano; combinação de treinamento e técnicas clandestinas.	4	678	388	768	3	MAPPED
REN_0949	Nyr Drell 949	C	Zarim	proximidades de Fornalia	ruínas	VELLUM_MARCIAL	Humano; Vellum Marcial de nível 5; especialista em combate corporal.	4	679	389	769	3	MAPPED
REN_0950	Ulrik Deyr 950	C	Aeloria	proximidades de Verdralith	bairro comercial	ELYTH	Humano; usuário de Elyth; manifestação individual; alto risco de enfrentamento.	4	680	390	770	3	MAPPED
REN_0951	Bren Halden 951	B	Valkyrion	proximidades de Volmeria	montanhas	MAGIA	Humano; praticante de magia; domínio aproximado de nível 4; usa Mana e Códices.	5	871	501	991	4	MAPPED
REN_0952	Iven Mirel 952	B	Orinthal	proximidades de Crystalia	floresta	VELLUM_ARMORIAL	Humano; Vellum Armorial de nível 6; especialista em equipamento.	5	872	502	992	4	MAPPED
REN_0953	Perr Kest 953	B	Myrthos	proximidades de Sem nome definido	caverna	MISTO	Humano; combinação de treinamento e técnicas clandestinas.	5	873	503	993	4	MAPPED
REN_0954	Wren Renn 954	B	Nyssara	proximidades de Emerald Tide	subúrbio	VELLUM_MARCIAL	Humano; Vellum Marcial de nível 6; especialista em combate corporal.	5	874	504	994	4	MAPPED
REN_0955	Dren Dorn 955	B	Kethruun	proximidades de Sandbones	estrada	ELYTH	Humano; usuário de Elyth; manifestação individual; alto risco de enfrentamento.	5	875	505	995	4	MAPPED
REN_0956	Kael Khal 956	B	Lyrien	proximidades de Aerocivitus	pântano	MAGIA	Humano; praticante de magia; domínio aproximado de nível 4; usa Mana e Códices.	5	876	506	996	4	MAPPED
REN_0957	Rav Thorne 957	B	Tharun	proximidades de Stone-Âmbar	ruínas	VELLUM_ARMORIAL	Humano; Vellum Armorial de nível 6; especialista em equipamento.	5	877	507	997	4	MAPPED
REN_0958	Yorin Marek 958	B	Eshmara	proximidades de Brumas	bairro comercial	MISTO	Humano; combinação de treinamento e técnicas clandestinas.	5	878	508	998	4	MAPPED
REN_0959	Farel Karr 959	B	Zarim	proximidades de Fornalia	montanhas	VELLUM_MARCIAL	Humano; Vellum Marcial de nível 6; especialista em combate corporal.	5	879	509	999	4	MAPPED
REN_0960	Marek Veyr 960	B	Aeloria	proximidades de Netherholt	floresta	ELYTH	Humano; usuário de Elyth; manifestação individual; alto risco de enfrentamento.	5	880	470	940	4	MAPPED
REN_0961	Tav Sang 961	B	Valkyrion	proximidades de Volmeria	caverna	MAGIA	Humano; praticante de magia; domínio aproximado de nível 4; usa Mana e Códices.	5	881	471	941	4	MAPPED
REN_0962	Ald Morn 962	B	Orinthal	proximidades de Crystalia	subúrbio	VELLUM_ARMORIAL	Humano; Vellum Armorial de nível 6; especialista em equipamento.	5	882	472	942	4	MAPPED
REN_0963	Hadr Falk 963	B	Myrthos	proximidades de Sem nome definido	estrada	MISTO	Humano; combinação de treinamento e técnicas clandestinas.	5	883	473	943	4	MAPPED
REN_0964	Orven Rath 964	B	Nyssara	proximidades de Emerald Tide	pântano	VELLUM_MARCIAL	Humano; Vellum Marcial de nível 6; especialista em combate corporal.	5	884	474	944	4	MAPPED
REN_0965	Varek Voss 965	B	Kethruun	proximidades de Sandbones	ruínas	ELYTH	Humano; usuário de Elyth; manifestação individual; alto risco de enfrentamento.	5	885	475	945	4	MAPPED
REN_0966	Cyr Valec 966	B	Lyrien	proximidades de Aerocivitus	bairro comercial	MAGIA	Humano; praticante de magia; domínio aproximado de nível 4; usa Mana e Códices.	5	886	476	946	4	MAPPED
REN_0967	Jor Arden 967	B	Tharun	proximidades de Stone-Âmbar	montanhas	VELLUM_ARMORIAL	Humano; Vellum Armorial de nível 6; especialista em equipamento.	5	887	477	947	4	MAPPED
REN_0968	Quin Riven 968	B	Eshmara	proximidades de Brumas	floresta	MISTO	Humano; combinação de treinamento e técnicas clandestinas.	5	888	478	948	4	MAPPED
REN_0969	Xand Drell 969	B	Zarim	proximidades de Fornalia	caverna	VELLUM_MARCIAL	Humano; Vellum Marcial de nível 6; especialista em combate corporal.	5	889	479	949	4	MAPPED
REN_0970	Eryk Deyr 970	B	Aeloria	proximidades de Frostmere	subúrbio	ELYTH	Humano; usuário de Elyth; manifestação individual; alto risco de enfrentamento.	5	890	480	950	4	MAPPED
REN_0971	Lorn Halden 971	B	Valkyrion	proximidades de Volmeria	estrada	MAGIA	Humano; praticante de magia; domínio aproximado de nível 4; usa Mana e Códices.	5	891	481	951	4	MAPPED
REN_0972	Soren Mirel 972	B	Orinthal	proximidades de Crystalia	pântano	VELLUM_ARMORIAL	Humano; Vellum Armorial de nível 6; especialista em equipamento.	5	892	482	952	4	MAPPED
REN_0973	Zarek Kest 973	B	Myrthos	proximidades de Sem nome definido	ruínas	MISTO	Humano; combinação de treinamento e técnicas clandestinas.	5	893	483	953	4	MAPPED
REN_0974	Garr Renn 974	B	Nyssara	proximidades de Emerald Tide	bairro comercial	VELLUM_MARCIAL	Humano; Vellum Marcial de nível 6; especialista em combate corporal.	5	894	484	954	4	MAPPED
REN_0975	Nyr Dorn 975	B	Kethruun	proximidades de Sandbones	montanhas	ELYTH	Humano; usuário de Elyth; manifestação individual; alto risco de enfrentamento.	5	895	485	955	4	MAPPED
REN_0976	Ulrik Khal 976	B	Lyrien	proximidades de Aerocivitus	floresta	MAGIA	Humano; praticante de magia; domínio aproximado de nível 4; usa Mana e Códices.	5	896	486	956	4	MAPPED
REN_0977	Bren Thorne 977	B	Tharun	proximidades de Stone-Âmbar	caverna	VELLUM_ARMORIAL	Humano; Vellum Armorial de nível 6; especialista em equipamento.	5	897	487	957	4	MAPPED
REN_0978	Iven Marek 978	B	Eshmara	proximidades de Brumas	subúrbio	MISTO	Humano; combinação de treinamento e técnicas clandestinas.	5	898	488	958	4	MAPPED
REN_0979	Perr Karr 979	B	Zarim	proximidades de Fornalia	estrada	VELLUM_MARCIAL	Humano; Vellum Marcial de nível 6; especialista em combate corporal.	5	899	489	959	4	MAPPED
REN_0980	Wren Veyr 980	B	Aeloria	proximidades de Xandralor	pântano	ELYTH	Humano; usuário de Elyth; manifestação individual; alto risco de enfrentamento.	5	900	490	960	4	MAPPED
REN_0981	Dren Sang 981	B	Valkyrion	proximidades de Volmeria	ruínas	MAGIA	Humano; praticante de magia; domínio aproximado de nível 4; usa Mana e Códices.	5	901	491	961	4	MAPPED
REN_0982	Kael Morn 982	B	Orinthal	proximidades de Crystalia	bairro comercial	VELLUM_ARMORIAL	Humano; Vellum Armorial de nível 6; especialista em equipamento.	5	902	492	962	4	MAPPED
REN_0983	Rav Falk 983	B	Myrthos	proximidades de Sem nome definido	montanhas	MISTO	Humano; combinação de treinamento e técnicas clandestinas.	5	903	493	963	4	MAPPED
REN_0984	Yorin Rath 984	B	Nyssara	proximidades de Emerald Tide	floresta	VELLUM_MARCIAL	Humano; Vellum Marcial de nível 6; especialista em combate corporal.	5	904	494	964	4	MAPPED
REN_0985	Farel Voss 985	B	Kethruun	proximidades de Sandbones	caverna	ELYTH	Humano; usuário de Elyth; manifestação individual; alto risco de enfrentamento.	5	905	495	965	4	MAPPED
REN_0986	Marek Valec 986	B	Lyrien	proximidades de Aerocivitus	subúrbio	MAGIA	Humano; praticante de magia; domínio aproximado de nível 4; usa Mana e Códices.	5	906	496	966	4	MAPPED
REN_0987	Tav Arden 987	B	Tharun	proximidades de Stone-Âmbar	estrada	VELLUM_ARMORIAL	Humano; Vellum Armorial de nível 6; especialista em equipamento.	5	907	497	967	4	MAPPED
REN_0988	Ald Riven 988	B	Eshmara	proximidades de Brumas	pântano	MISTO	Humano; combinação de treinamento e técnicas clandestinas.	5	908	498	968	4	MAPPED
REN_0989	Hadr Drell 989	B	Zarim	proximidades de Fornalia	ruínas	VELLUM_MARCIAL	Humano; Vellum Marcial de nível 6; especialista em combate corporal.	5	909	499	969	4	MAPPED
REN_0990	Orven Deyr 990	B	Aeloria	proximidades de Pyrelith	bairro comercial	ELYTH	Humano; usuário de Elyth; manifestação individual; alto risco de enfrentamento.	5	820	500	970	4	MAPPED
REN_0991	Varek Halden 991	B	Valkyrion	proximidades de Volmeria	montanhas	MAGIA	Humano; praticante de magia; domínio aproximado de nível 4; usa Mana e Códices.	5	821	501	971	4	MAPPED
REN_0992	Cyr Mirel 992	B	Orinthal	proximidades de Crystalia	floresta	VELLUM_ARMORIAL	Humano; Vellum Armorial de nível 6; especialista em equipamento.	5	822	502	972	4	MAPPED
REN_0993	Jor Kest 993	B	Myrthos	proximidades de Sem nome definido	caverna	MISTO	Humano; combinação de treinamento e técnicas clandestinas.	5	823	503	973	4	MAPPED
REN_0994	Quin Renn 994	B	Nyssara	proximidades de Emerald Tide	subúrbio	VELLUM_MARCIAL	Humano; Vellum Marcial de nível 6; especialista em combate corporal.	5	824	504	974	4	MAPPED
REN_0995	Xand Dorn 995	B	Kethruun	proximidades de Sandbones	estrada	ELYTH	Humano; usuário de Elyth; manifestação individual; alto risco de enfrentamento.	5	825	505	975	4	MAPPED
REN_0996	Eryk Khal 996	B	Lyrien	proximidades de Aerocivitus	pântano	MAGIA	Humano; praticante de magia; domínio aproximado de nível 4; usa Mana e Códices.	5	826	506	976	4	MAPPED
REN_0997	Lorn Thorne 997	B	Tharun	proximidades de Stone-Âmbar	ruínas	VELLUM_ARMORIAL	Humano; Vellum Armorial de nível 6; especialista em equipamento.	5	827	507	977	4	MAPPED
REN_0998	Soren Marek 998	B	Eshmara	proximidades de Brumas	bairro comercial	MISTO	Humano; combinação de treinamento e técnicas clandestinas.	5	828	508	978	4	MAPPED
REN_0999	Zarek Karr 999	B	Zarim	proximidades de Fornalia	montanhas	VELLUM_MARCIAL	Humano; Vellum Marcial de nível 6; especialista em combate corporal.	5	829	509	979	4	MAPPED
REN_1000	Garr Veyr 1000	B	Aeloria	proximidades de Hallowspire	floresta	ELYTH	Humano; usuário de Elyth; manifestação individual; alto risco de enfrentamento.	5	830	470	980	4	MAPPED
REN_1001	Nyr Sang 1001	B	Valkyrion	proximidades de Volmeria	caverna	MAGIA	Humano; praticante de magia; domínio aproximado de nível 4; usa Mana e Códices.	5	831	471	981	4	MAPPED
REN_1002	Ulrik Morn 1002	B	Orinthal	proximidades de Crystalia	subúrbio	VELLUM_ARMORIAL	Humano; Vellum Armorial de nível 6; especialista em equipamento.	5	832	472	982	4	MAPPED
REN_1003	Bren Falk 1003	B	Myrthos	proximidades de Sem nome definido	estrada	MISTO	Humano; combinação de treinamento e técnicas clandestinas.	5	833	473	983	4	MAPPED
REN_1004	Iven Rath 1004	B	Nyssara	proximidades de Emerald Tide	pântano	VELLUM_MARCIAL	Humano; Vellum Marcial de nível 6; especialista em combate corporal.	5	834	474	984	4	MAPPED
REN_1005	Perr Voss 1005	B	Kethruun	proximidades de Sandbones	ruínas	ELYTH	Humano; usuário de Elyth; manifestação individual; alto risco de enfrentamento.	5	835	475	985	4	MAPPED
REN_1006	Wren Valec 1006	B	Lyrien	proximidades de Aerocivitus	bairro comercial	MAGIA	Humano; praticante de magia; domínio aproximado de nível 4; usa Mana e Códices.	5	836	476	986	4	MAPPED
REN_1007	Dren Arden 1007	B	Tharun	proximidades de Stone-Âmbar	montanhas	VELLUM_ARMORIAL	Humano; Vellum Armorial de nível 6; especialista em equipamento.	5	837	477	987	4	MAPPED
REN_1008	Kael Riven 1008	B	Eshmara	proximidades de Brumas	floresta	MISTO	Humano; combinação de treinamento e técnicas clandestinas.	5	838	478	988	4	MAPPED
REN_1009	Rav Drell 1009	B	Zarim	proximidades de Fornalia	caverna	VELLUM_MARCIAL	Humano; Vellum Marcial de nível 6; especialista em combate corporal.	5	839	479	989	4	MAPPED
REN_1010	Yorin Deyr 1010	B	Aeloria	proximidades de Feyndral	subúrbio	ELYTH	Humano; usuário de Elyth; manifestação individual; alto risco de enfrentamento.	5	840	480	990	4	MAPPED
REN_1011	Farel Halden 1011	B	Valkyrion	proximidades de Volmeria	estrada	MAGIA	Humano; praticante de magia; domínio aproximado de nível 4; usa Mana e Códices.	5	841	481	991	4	MAPPED
REN_1012	Marek Mirel 1012	B	Orinthal	proximidades de Crystalia	pântano	VELLUM_ARMORIAL	Humano; Vellum Armorial de nível 6; especialista em equipamento.	5	842	482	992	4	MAPPED
REN_1013	Tav Kest 1013	B	Myrthos	proximidades de Sem nome definido	ruínas	MISTO	Humano; combinação de treinamento e técnicas clandestinas.	5	843	483	993	4	MAPPED
REN_1014	Ald Renn 1014	B	Nyssara	proximidades de Emerald Tide	bairro comercial	VELLUM_MARCIAL	Humano; Vellum Marcial de nível 6; especialista em combate corporal.	5	844	484	994	4	MAPPED
REN_1015	Hadr Dorn 1015	B	Kethruun	proximidades de Sandbones	montanhas	ELYTH	Humano; usuário de Elyth; manifestação individual; alto risco de enfrentamento.	5	845	485	995	4	MAPPED
REN_1016	Orven Khal 1016	B	Lyrien	proximidades de Aerocivitus	floresta	MAGIA	Humano; praticante de magia; domínio aproximado de nível 4; usa Mana e Códices.	5	846	486	996	4	MAPPED
REN_1017	Varek Thorne 1017	B	Tharun	proximidades de Stone-Âmbar	caverna	VELLUM_ARMORIAL	Humano; Vellum Armorial de nível 6; especialista em equipamento.	5	847	487	997	4	MAPPED
REN_1018	Cyr Marek 1018	B	Eshmara	proximidades de Brumas	subúrbio	MISTO	Humano; combinação de treinamento e técnicas clandestinas.	5	848	488	998	4	MAPPED
REN_1019	Jor Karr 1019	B	Zarim	proximidades de Fornalia	estrada	VELLUM_MARCIAL	Humano; Vellum Marcial de nível 6; especialista em combate corporal.	5	849	489	999	4	MAPPED
REN_1020	Quin Veyr 1020	B	Aeloria	proximidades de Xyrelith	pântano	ELYTH	Humano; usuário de Elyth; manifestação individual; alto risco de enfrentamento.	5	850	490	940	4	MAPPED
REN_1021	Xand Sang 1021	B	Valkyrion	proximidades de Volmeria	ruínas	MAGIA	Humano; praticante de magia; domínio aproximado de nível 4; usa Mana e Códices.	5	851	491	941	4	MAPPED
REN_1022	Eryk Morn 1022	B	Orinthal	proximidades de Crystalia	bairro comercial	VELLUM_ARMORIAL	Humano; Vellum Armorial de nível 6; especialista em equipamento.	5	852	492	942	4	MAPPED
REN_1023	Lorn Falk 1023	B	Myrthos	proximidades de Sem nome definido	montanhas	MISTO	Humano; combinação de treinamento e técnicas clandestinas.	5	853	493	943	4	MAPPED
REN_1024	Soren Rath 1024	B	Nyssara	proximidades de Emerald Tide	floresta	VELLUM_MARCIAL	Humano; Vellum Marcial de nível 6; especialista em combate corporal.	5	854	494	944	4	MAPPED
REN_1025	Zarek Voss 1025	B	Kethruun	proximidades de Sandbones	caverna	ELYTH	Humano; usuário de Elyth; manifestação individual; alto risco de enfrentamento.	5	855	495	945	4	MAPPED
REN_1026	Garr Valec 1026	B	Lyrien	proximidades de Aerocivitus	subúrbio	MAGIA	Humano; praticante de magia; domínio aproximado de nível 4; usa Mana e Códices.	5	856	496	946	4	MAPPED
REN_1027	Nyr Arden 1027	B	Tharun	proximidades de Stone-Âmbar	estrada	VELLUM_ARMORIAL	Humano; Vellum Armorial de nível 6; especialista em equipamento.	5	857	497	947	4	MAPPED
REN_1028	Ulrik Riven 1028	B	Eshmara	proximidades de Brumas	pântano	MISTO	Humano; combinação de treinamento e técnicas clandestinas.	5	858	498	948	4	MAPPED
REN_1029	Bren Drell 1029	B	Zarim	proximidades de Fornalia	ruínas	VELLUM_MARCIAL	Humano; Vellum Marcial de nível 6; especialista em combate corporal.	5	859	499	949	4	MAPPED
REN_1030	Iven Deyr 1030	B	Aeloria	proximidades de Prismere	bairro comercial	ELYTH	Humano; usuário de Elyth; manifestação individual; alto risco de enfrentamento.	5	860	500	950	4	MAPPED
REN_1031	Perr Halden 1031	B	Valkyrion	proximidades de Volmeria	montanhas	MAGIA	Humano; praticante de magia; domínio aproximado de nível 4; usa Mana e Códices.	5	861	501	951	4	MAPPED
REN_1032	Wren Mirel 1032	B	Orinthal	proximidades de Crystalia	floresta	VELLUM_ARMORIAL	Humano; Vellum Armorial de nível 6; especialista em equipamento.	5	862	502	952	4	MAPPED
REN_1033	Dren Kest 1033	B	Myrthos	proximidades de Sem nome definido	caverna	MISTO	Humano; combinação de treinamento e técnicas clandestinas.	5	863	503	953	4	MAPPED
REN_1034	Kael Renn 1034	B	Nyssara	proximidades de Emerald Tide	subúrbio	VELLUM_MARCIAL	Humano; Vellum Marcial de nível 6; especialista em combate corporal.	5	864	504	954	4	MAPPED
REN_1035	Rav Dorn 1035	B	Kethruun	proximidades de Sandbones	estrada	ELYTH	Humano; usuário de Elyth; manifestação individual; alto risco de enfrentamento.	5	865	505	955	4	MAPPED
REN_1036	Yorin Khal 1036	B	Lyrien	proximidades de Aerocivitus	pântano	MAGIA	Humano; praticante de magia; domínio aproximado de nível 4; usa Mana e Códices.	5	866	506	956	4	MAPPED
REN_1037	Farel Thorne 1037	B	Tharun	proximidades de Stone-Âmbar	ruínas	VELLUM_ARMORIAL	Humano; Vellum Armorial de nível 6; especialista em equipamento.	5	867	507	957	4	MAPPED
REN_1038	Marek Marek 1038	B	Eshmara	proximidades de Brumas	bairro comercial	MISTO	Humano; combinação de treinamento e técnicas clandestinas.	5	868	508	958	4	MAPPED
REN_1039	Tav Karr 1039	B	Zarim	proximidades de Fornalia	montanhas	VELLUM_MARCIAL	Humano; Vellum Marcial de nível 6; especialista em combate corporal.	5	869	509	959	4	MAPPED
REN_1040	Ald Veyr 1040	B	Aeloria	proximidades de Highspire	floresta	ELYTH	Humano; usuário de Elyth; manifestação individual; alto risco de enfrentamento.	5	870	470	960	4	MAPPED
REN_1041	Hadr Sang 1041	A	Valkyrion	proximidades de Volmeria	caverna	VELLUM_ARMORIAL	Humano; Vellum Armorial de nível 7; especialista em equipamento.	6	1061	581	1181	4	MAPPED
REN_1042	Orven Morn 1042	A	Orinthal	proximidades de Crystalia	subúrbio	VELLUM_MARCIAL	Humano; Vellum Marcial de nível 7; especialista em combate corporal.	6	1062	582	1182	4	MAPPED
REN_1043	Varek Falk 1043	A	Myrthos	proximidades de Sem nome definido	estrada	MAGIA	Humano; praticante de magia; domínio aproximado de nível 4; usa Mana e Códices.	6	1063	583	1183	4	MAPPED
REN_1044	Cyr Rath 1044	A	Nyssara	proximidades de Emerald Tide	pântano	ELYTH	Humano; usuário de Elyth; manifestação individual; alto risco de enfrentamento.	6	1064	584	1184	4	MAPPED
REN_1045	Jor Voss 1045	A	Kethruun	proximidades de Sandbones	ruínas	VELLUM_ARMORIAL	Humano; Vellum Armorial de nível 7; especialista em equipamento.	6	1065	585	1185	4	MAPPED
REN_1046	Quin Valec 1046	A	Lyrien	proximidades de Aerocivitus	bairro comercial	VELLUM_MARCIAL	Humano; Vellum Marcial de nível 7; especialista em combate corporal.	6	1066	586	1186	4	MAPPED
REN_1047	Xand Arden 1047	A	Tharun	proximidades de Stone-Âmbar	montanhas	MAGIA	Humano; praticante de magia; domínio aproximado de nível 4; usa Mana e Códices.	6	1067	587	1187	4	MAPPED
REN_1048	Eryk Riven 1048	A	Eshmara	proximidades de Brumas	floresta	ELYTH	Humano; usuário de Elyth; manifestação individual; alto risco de enfrentamento.	6	1068	588	1188	4	MAPPED
REN_1049	Lorn Drell 1049	A	Zarim	proximidades de Fornalia	caverna	VELLUM_ARMORIAL	Humano; Vellum Armorial de nível 7; especialista em equipamento.	6	1069	589	1189	4	MAPPED
REN_1050	Soren Deyr 1050	A	Aeloria	proximidades de Zorathen	subúrbio	VELLUM_MARCIAL	Humano; Vellum Marcial de nível 7; especialista em combate corporal.	6	1070	590	1190	4	MAPPED
REN_1051	Zarek Halden 1051	A	Valkyrion	proximidades de Volmeria	estrada	MAGIA	Humano; praticante de magia; domínio aproximado de nível 4; usa Mana e Códices.	6	1071	591	1191	4	MAPPED
REN_1052	Garr Mirel 1052	A	Orinthal	proximidades de Crystalia	pântano	ELYTH	Humano; usuário de Elyth; manifestação individual; alto risco de enfrentamento.	6	1072	592	1192	4	MAPPED
REN_1053	Nyr Kest 1053	A	Myrthos	proximidades de Sem nome definido	ruínas	VELLUM_ARMORIAL	Humano; Vellum Armorial de nível 7; especialista em equipamento.	6	1073	593	1193	4	MAPPED
REN_1054	Ulrik Renn 1054	A	Nyssara	proximidades de Emerald Tide	bairro comercial	VELLUM_MARCIAL	Humano; Vellum Marcial de nível 7; especialista em combate corporal.	6	1074	594	1194	4	MAPPED
REN_1055	Bren Dorn 1055	A	Kethruun	proximidades de Sandbones	montanhas	MAGIA	Humano; praticante de magia; domínio aproximado de nível 4; usa Mana e Códices.	6	1075	595	1195	4	MAPPED
REN_1056	Iven Khal 1056	A	Lyrien	proximidades de Aerocivitus	floresta	ELYTH	Humano; usuário de Elyth; manifestação individual; alto risco de enfrentamento.	6	1076	596	1196	4	MAPPED
REN_1057	Perr Thorne 1057	A	Tharun	proximidades de Stone-Âmbar	caverna	VELLUM_ARMORIAL	Humano; Vellum Armorial de nível 7; especialista em equipamento.	6	1077	597	1197	4	MAPPED
REN_1058	Wren Marek 1058	A	Eshmara	proximidades de Brumas	subúrbio	VELLUM_MARCIAL	Humano; Vellum Marcial de nível 7; especialista em combate corporal.	6	1078	598	1198	4	MAPPED
REN_1059	Dren Karr 1059	A	Zarim	proximidades de Fornalia	estrada	MAGIA	Humano; praticante de magia; domínio aproximado de nível 4; usa Mana e Códices.	6	1079	599	1199	4	MAPPED
REN_1060	Kael Veyr 1060	A	Aeloria	proximidades de Rivenholt	pântano	ELYTH	Humano; usuário de Elyth; manifestação individual; alto risco de enfrentamento.	6	1080	600	1200	4	MAPPED
REN_1061	Rav Sang 1061	A	Valkyrion	proximidades de Volmeria	ruínas	VELLUM_ARMORIAL	Humano; Vellum Armorial de nível 7; especialista em equipamento.	6	1081	601	1201	4	MAPPED
REN_1062	Yorin Morn 1062	A	Orinthal	proximidades de Crystalia	bairro comercial	VELLUM_MARCIAL	Humano; Vellum Marcial de nível 7; especialista em combate corporal.	6	1082	602	1202	4	MAPPED
REN_1063	Farel Falk 1063	A	Myrthos	proximidades de Sem nome definido	montanhas	MAGIA	Humano; praticante de magia; domínio aproximado de nível 4; usa Mana e Códices.	6	1083	603	1203	4	MAPPED
REN_1064	Marek Rath 1064	A	Nyssara	proximidades de Emerald Tide	floresta	ELYTH	Humano; usuário de Elyth; manifestação individual; alto risco de enfrentamento.	6	1084	604	1204	4	MAPPED
REN_1065	Tav Voss 1065	A	Kethruun	proximidades de Sandbones	caverna	VELLUM_ARMORIAL	Humano; Vellum Armorial de nível 7; especialista em equipamento.	6	1085	605	1205	4	MAPPED
REN_1066	Ald Valec 1066	A	Lyrien	proximidades de Aerocivitus	subúrbio	VELLUM_MARCIAL	Humano; Vellum Marcial de nível 7; especialista em combate corporal.	6	1086	606	1206	4	MAPPED
REN_1067	Hadr Arden 1067	A	Tharun	proximidades de Stone-Âmbar	estrada	MAGIA	Humano; praticante de magia; domínio aproximado de nível 4; usa Mana e Códices.	6	1087	607	1207	4	MAPPED
REN_1068	Orven Riven 1068	A	Eshmara	proximidades de Brumas	pântano	ELYTH	Humano; usuário de Elyth; manifestação individual; alto risco de enfrentamento.	6	1088	608	1208	4	MAPPED
REN_1069	Varek Drell 1069	A	Zarim	proximidades de Fornalia	ruínas	VELLUM_ARMORIAL	Humano; Vellum Armorial de nível 7; especialista em equipamento.	6	1089	609	1209	4	MAPPED
REN_1070	Cyr Deyr 1070	A	Aeloria	proximidades de Jorathen	bairro comercial	VELLUM_MARCIAL	Humano; Vellum Marcial de nível 7; especialista em combate corporal.	6	1090	610	1210	4	MAPPED
REN_1071	Jor Halden 1071	A	Valkyrion	proximidades de Volmeria	montanhas	MAGIA	Humano; praticante de magia; domínio aproximado de nível 4; usa Mana e Códices.	6	1091	611	1211	4	MAPPED
REN_1072	Quin Mirel 1072	A	Orinthal	proximidades de Crystalia	floresta	ELYTH	Humano; usuário de Elyth; manifestação individual; alto risco de enfrentamento.	6	1092	612	1212	4	MAPPED
REN_1073	Xand Kest 1073	A	Myrthos	proximidades de Sem nome definido	caverna	VELLUM_ARMORIAL	Humano; Vellum Armorial de nível 7; especialista em equipamento.	6	1093	613	1213	4	MAPPED
REN_1074	Eryk Renn 1074	A	Nyssara	proximidades de Emerald Tide	subúrbio	VELLUM_MARCIAL	Humano; Vellum Marcial de nível 7; especialista em combate corporal.	6	1094	614	1214	4	MAPPED
REN_1075	Lorn Dorn 1075	A	Kethruun	proximidades de Sandbones	estrada	MAGIA	Humano; praticante de magia; domínio aproximado de nível 4; usa Mana e Códices.	6	1095	615	1215	4	MAPPED
REN_1076	Soren Khal 1076	A	Lyrien	proximidades de Aerocivitus	pântano	ELYTH	Humano; usuário de Elyth; manifestação individual; alto risco de enfrentamento.	6	1096	616	1216	4	MAPPED
REN_1077	Zarek Thorne 1077	A	Tharun	proximidades de Stone-Âmbar	ruínas	VELLUM_ARMORIAL	Humano; Vellum Armorial de nível 7; especialista em equipamento.	6	1097	617	1217	4	MAPPED
REN_1078	Garr Marek 1078	A	Eshmara	proximidades de Brumas	bairro comercial	VELLUM_MARCIAL	Humano; Vellum Marcial de nível 7; especialista em combate corporal.	6	1098	618	1218	4	MAPPED
REN_1079	Nyr Karr 1079	A	Zarim	proximidades de Fornalia	montanhas	MAGIA	Humano; praticante de magia; domínio aproximado de nível 4; usa Mana e Códices.	6	1099	619	1219	4	MAPPED
REN_1080	Ulrik Veyr 1080	A	Aeloria	proximidades de Brighthollow	floresta	ELYTH	Humano; usuário de Elyth; manifestação individual; alto risco de enfrentamento.	6	1010	580	1160	4	MAPPED
REN_1081	Bren Sang 1081	A	Valkyrion	proximidades de Volmeria	caverna	VELLUM_ARMORIAL	Humano; Vellum Armorial de nível 7; especialista em equipamento.	6	1011	581	1161	4	MAPPED
REN_1082	Iven Morn 1082	A	Orinthal	proximidades de Crystalia	subúrbio	VELLUM_MARCIAL	Humano; Vellum Marcial de nível 7; especialista em combate corporal.	6	1012	582	1162	4	MAPPED
REN_1083	Perr Falk 1083	A	Myrthos	proximidades de Sem nome definido	estrada	MAGIA	Humano; praticante de magia; domínio aproximado de nível 4; usa Mana e Códices.	6	1013	583	1163	4	MAPPED
REN_1084	Wren Rath 1084	A	Nyssara	proximidades de Emerald Tide	pântano	ELYTH	Humano; usuário de Elyth; manifestação individual; alto risco de enfrentamento.	6	1014	584	1164	4	MAPPED
REN_1085	Dren Voss 1085	A	Kethruun	proximidades de Sandbones	ruínas	VELLUM_ARMORIAL	Humano; Vellum Armorial de nível 7; especialista em equipamento.	6	1015	585	1165	4	MAPPED
REN_1086	Kael Valec 1086	A	Lyrien	proximidades de Aerocivitus	bairro comercial	VELLUM_MARCIAL	Humano; Vellum Marcial de nível 7; especialista em combate corporal.	6	1016	586	1166	4	MAPPED
REN_1087	Rav Arden 1087	A	Tharun	proximidades de Stone-Âmbar	montanhas	MAGIA	Humano; praticante de magia; domínio aproximado de nível 4; usa Mana e Códices.	6	1017	587	1167	4	MAPPED
REN_1088	Yorin Riven 1088	A	Eshmara	proximidades de Brumas	floresta	ELYTH	Humano; usuário de Elyth; manifestação individual; alto risco de enfrentamento.	6	1018	588	1168	4	MAPPED
REN_1089	Farel Drell 1089	A	Zarim	proximidades de Fornalia	caverna	VELLUM_ARMORIAL	Humano; Vellum Armorial de nível 7; especialista em equipamento.	6	1019	589	1169	4	MAPPED
REN_1090	Marek Deyr 1090	A	Aeloria	proximidades de Zephyrholt	subúrbio	VELLUM_MARCIAL	Humano; Vellum Marcial de nível 7; especialista em combate corporal.	6	1020	590	1170	4	MAPPED
REN_1091	Tav Halden 1091	A	Valkyrion	proximidades de Volmeria	estrada	MAGIA	Humano; praticante de magia; domínio aproximado de nível 4; usa Mana e Códices.	6	1021	591	1171	4	MAPPED
REN_1092	Ald Mirel 1092	A	Orinthal	proximidades de Crystalia	pântano	ELYTH	Humano; usuário de Elyth; manifestação individual; alto risco de enfrentamento.	6	1022	592	1172	4	MAPPED
REN_1093	Hadr Kest 1093	A	Myrthos	proximidades de Sem nome definido	ruínas	VELLUM_ARMORIAL	Humano; Vellum Armorial de nível 7; especialista em equipamento.	6	1023	593	1173	4	MAPPED
REN_1094	Orven Renn 1094	A	Nyssara	proximidades de Emerald Tide	bairro comercial	VELLUM_MARCIAL	Humano; Vellum Marcial de nível 7; especialista em combate corporal.	6	1024	594	1174	4	MAPPED
REN_1095	Varek Dorn 1095	A	Kethruun	proximidades de Sandbones	montanhas	MAGIA	Humano; praticante de magia; domínio aproximado de nível 4; usa Mana e Códices.	6	1025	595	1175	4	MAPPED
REN_1096	Cyr Khal 1096	A	Lyrien	proximidades de Aerocivitus	floresta	ELYTH	Humano; usuário de Elyth; manifestação individual; alto risco de enfrentamento.	6	1026	596	1176	4	MAPPED
REN_1097	Jor Thorne 1097	A	Tharun	proximidades de Stone-Âmbar	caverna	VELLUM_ARMORIAL	Humano; Vellum Armorial de nível 7; especialista em equipamento.	6	1027	597	1177	4	MAPPED
REN_1098	Quin Marek 1098	A	Eshmara	proximidades de Brumas	subúrbio	VELLUM_MARCIAL	Humano; Vellum Marcial de nível 7; especialista em combate corporal.	6	1028	598	1178	4	MAPPED
REN_1099	Xand Karr 1099	A	Zarim	proximidades de Fornalia	estrada	MAGIA	Humano; praticante de magia; domínio aproximado de nível 4; usa Mana e Códices.	6	1029	599	1179	4	MAPPED
REN_1100	Eryk Veyr 1100	A	Aeloria	proximidades de Runedral	pântano	ELYTH	Humano; usuário de Elyth; manifestação individual; alto risco de enfrentamento.	6	1030	600	1180	4	MAPPED
REN_1101	Lorn Sang 1101	A	Valkyrion	proximidades de Volmeria	ruínas	VELLUM_ARMORIAL	Humano; Vellum Armorial de nível 7; especialista em equipamento.	6	1031	601	1181	4	MAPPED
REN_1102	Soren Morn 1102	A	Orinthal	proximidades de Crystalia	bairro comercial	VELLUM_MARCIAL	Humano; Vellum Marcial de nível 7; especialista em combate corporal.	6	1032	602	1182	4	MAPPED
REN_1103	Zarek Falk 1103	A	Myrthos	proximidades de Sem nome definido	montanhas	MAGIA	Humano; praticante de magia; domínio aproximado de nível 4; usa Mana e Códices.	6	1033	603	1183	4	MAPPED
REN_1104	Garr Rath 1104	A	Nyssara	proximidades de Emerald Tide	floresta	ELYTH	Humano; usuário de Elyth; manifestação individual; alto risco de enfrentamento.	6	1034	604	1184	4	MAPPED
REN_1105	Nyr Voss 1105	A	Kethruun	proximidades de Sandbones	caverna	VELLUM_ARMORIAL	Humano; Vellum Armorial de nível 7; especialista em equipamento.	6	1035	605	1185	4	MAPPED
REN_1106	Ulrik Valec 1106	A	Lyrien	proximidades de Aerocivitus	subúrbio	VELLUM_MARCIAL	Humano; Vellum Marcial de nível 7; especialista em combate corporal.	6	1036	606	1186	4	MAPPED
REN_1107	Bren Arden 1107	A	Tharun	proximidades de Stone-Âmbar	estrada	MAGIA	Humano; praticante de magia; domínio aproximado de nível 4; usa Mana e Códices.	6	1037	607	1187	4	MAPPED
REN_1108	Iven Riven 1108	A	Eshmara	proximidades de Brumas	pântano	ELYTH	Humano; usuário de Elyth; manifestação individual; alto risco de enfrentamento.	6	1038	608	1188	4	MAPPED
REN_1109	Perr Drell 1109	A	Zarim	proximidades de Fornalia	ruínas	VELLUM_ARMORIAL	Humano; Vellum Armorial de nível 7; especialista em equipamento.	6	1039	609	1189	4	MAPPED
REN_1110	Wren Deyr 1110	A	Aeloria	proximidades de Jorwyn	bairro comercial	VELLUM_MARCIAL	Humano; Vellum Marcial de nível 7; especialista em combate corporal.	6	1040	610	1190	4	MAPPED
REN_1111	Dren Halden 1111	S	Valkyrion	proximidades de Volmeria	montanhas	MAGIA	Humano; praticante de magia; domínio aproximado de nível 5; usa Mana e Códices.	7	1231	721	1411	5	MAPPED
REN_1112	Kael Mirel 1112	S	Orinthal	proximidades de Crystalia	floresta	ELYTH	Humano; usuário de Elyth; manifestação individual; alto risco de enfrentamento.	7	1232	722	1412	5	MAPPED
REN_1113	Rav Kest 1113	S	Myrthos	proximidades de Sem nome definido	caverna	VELLUM_ARMORIAL	Humano; Vellum Armorial de nível 7; especialista em equipamento.	7	1233	723	1413	5	MAPPED
REN_1114	Yorin Renn 1114	S	Nyssara	proximidades de Emerald Tide	subúrbio	VELLUM_MARCIAL	Humano; Vellum Marcial de nível 7; especialista em combate corporal.	7	1234	724	1414	5	MAPPED
REN_1115	Farel Dorn 1115	S	Kethruun	proximidades de Sandbones	estrada	MAGIA	Humano; praticante de magia; domínio aproximado de nível 5; usa Mana e Códices.	7	1235	725	1415	5	MAPPED
REN_1116	Marek Khal 1116	S	Lyrien	proximidades de Aerocivitus	pântano	ELYTH	Humano; usuário de Elyth; manifestação individual; alto risco de enfrentamento.	7	1236	726	1416	5	MAPPED
REN_1117	Tav Thorne 1117	S	Tharun	proximidades de Stone-Âmbar	ruínas	VELLUM_ARMORIAL	Humano; Vellum Armorial de nível 7; especialista em equipamento.	7	1237	727	1417	5	MAPPED
REN_1118	Ald Marek 1118	S	Eshmara	proximidades de Brumas	bairro comercial	VELLUM_MARCIAL	Humano; Vellum Marcial de nível 7; especialista em combate corporal.	7	1238	728	1418	5	MAPPED
REN_1119	Hadr Karr 1119	S	Zarim	proximidades de Fornalia	montanhas	MAGIA	Humano; praticante de magia; domínio aproximado de nível 5; usa Mana e Códices.	7	1239	729	1419	5	MAPPED
REN_1120	Orven Veyr 1120	S	Aeloria	proximidades de Blackmere	floresta	ELYTH	Humano; usuário de Elyth; manifestação individual; alto risco de enfrentamento.	7	1240	690	1420	5	MAPPED
REN_1121	Varek Sang 1121	S	Valkyrion	proximidades de Volmeria	caverna	VELLUM_ARMORIAL	Humano; Vellum Armorial de nível 7; especialista em equipamento.	7	1241	691	1421	5	MAPPED
REN_1122	Cyr Morn 1122	S	Orinthal	proximidades de Crystalia	subúrbio	VELLUM_MARCIAL	Humano; Vellum Marcial de nível 7; especialista em combate corporal.	7	1242	692	1422	5	MAPPED
REN_1123	Jor Falk 1123	S	Myrthos	proximidades de Sem nome definido	estrada	MAGIA	Humano; praticante de magia; domínio aproximado de nível 5; usa Mana e Códices.	7	1243	693	1423	5	MAPPED
REN_1124	Quin Rath 1124	S	Nyssara	proximidades de Emerald Tide	pântano	ELYTH	Humano; usuário de Elyth; manifestação individual; alto risco de enfrentamento.	7	1244	694	1424	5	MAPPED
REN_1125	Xand Voss 1125	S	Kethruun	proximidades de Sandbones	ruínas	VELLUM_ARMORIAL	Humano; Vellum Armorial de nível 7; especialista em equipamento.	7	1245	695	1425	5	MAPPED
REN_1126	Eryk Valec 1126	S	Lyrien	proximidades de Aerocivitus	bairro comercial	VELLUM_MARCIAL	Humano; Vellum Marcial de nível 7; especialista em combate corporal.	7	1246	696	1426	5	MAPPED
REN_1127	Lorn Arden 1127	S	Tharun	proximidades de Stone-Âmbar	montanhas	MAGIA	Humano; praticante de magia; domínio aproximado de nível 5; usa Mana e Códices.	7	1247	697	1427	5	MAPPED
REN_1128	Soren Riven 1128	S	Eshmara	proximidades de Brumas	floresta	ELYTH	Humano; usuário de Elyth; manifestação individual; alto risco de enfrentamento.	7	1248	698	1428	5	MAPPED
REN_1129	Zarek Drell 1129	S	Zarim	proximidades de Fornalia	caverna	VELLUM_ARMORIAL	Humano; Vellum Armorial de nível 7; especialista em equipamento.	7	1249	699	1429	5	MAPPED
REN_1130	Garr Deyr 1130	S	Aeloria	proximidades de Thornmere	subúrbio	VELLUM_MARCIAL	Humano; Vellum Marcial de nível 7; especialista em combate corporal.	7	1250	700	1430	5	MAPPED
REN_1131	Nyr Halden 1131	S	Valkyrion	proximidades de Volmeria	estrada	MAGIA	Humano; praticante de magia; domínio aproximado de nível 5; usa Mana e Códices.	7	1251	701	1431	5	MAPPED
REN_1132	Ulrik Mirel 1132	S	Orinthal	proximidades de Crystalia	pântano	ELYTH	Humano; usuário de Elyth; manifestação individual; alto risco de enfrentamento.	7	1252	702	1432	5	MAPPED
REN_1133	Bren Kest 1133	S	Myrthos	proximidades de Sem nome definido	ruínas	VELLUM_ARMORIAL	Humano; Vellum Armorial de nível 7; especialista em equipamento.	7	1253	703	1433	5	MAPPED
REN_1134	Iven Renn 1134	S	Nyssara	proximidades de Emerald Tide	bairro comercial	VELLUM_MARCIAL	Humano; Vellum Marcial de nível 7; especialista em combate corporal.	7	1254	704	1434	5	MAPPED
REN_1135	Perr Dorn 1135	S	Kethruun	proximidades de Sandbones	montanhas	MAGIA	Humano; praticante de magia; domínio aproximado de nível 5; usa Mana e Códices.	7	1255	705	1435	5	MAPPED
REN_1136	Wren Khal 1136	S	Lyrien	proximidades de Aerocivitus	floresta	ELYTH	Humano; usuário de Elyth; manifestação individual; alto risco de enfrentamento.	7	1256	706	1436	5	MAPPED
REN_1137	Dren Thorne 1137	S	Tharun	proximidades de Stone-Âmbar	caverna	VELLUM_ARMORIAL	Humano; Vellum Armorial de nível 7; especialista em equipamento.	7	1257	707	1437	5	MAPPED
REN_1138	Kael Marek 1138	S	Eshmara	proximidades de Brumas	subúrbio	VELLUM_MARCIAL	Humano; Vellum Marcial de nível 7; especialista em combate corporal.	7	1258	708	1438	5	MAPPED
REN_1139	Rav Karr 1139	S	Zarim	proximidades de Fornalia	estrada	MAGIA	Humano; praticante de magia; domínio aproximado de nível 5; usa Mana e Códices.	7	1259	709	1439	5	MAPPED
REN_1140	Yorin Veyr 1140	S	Aeloria	proximidades de Loryndor	pântano	ELYTH	Humano; usuário de Elyth; manifestação individual; alto risco de enfrentamento.	7	1260	710	1380	5	MAPPED
REN_1141	Farel Sang 1141	S	Valkyrion	proximidades de Volmeria	ruínas	VELLUM_ARMORIAL	Humano; Vellum Armorial de nível 7; especialista em equipamento.	7	1261	711	1381	5	MAPPED
REN_1142	Marek Morn 1142	S	Orinthal	proximidades de Crystalia	bairro comercial	VELLUM_MARCIAL	Humano; Vellum Marcial de nível 7; especialista em combate corporal.	7	1262	712	1382	5	MAPPED
REN_1143	Tav Falk 1143	S	Myrthos	proximidades de Sem nome definido	montanhas	MAGIA	Humano; praticante de magia; domínio aproximado de nível 5; usa Mana e Códices.	7	1263	713	1383	5	MAPPED
REN_1144	Ald Rath 1144	S	Nyssara	proximidades de Emerald Tide	floresta	ELYTH	Humano; usuário de Elyth; manifestação individual; alto risco de enfrentamento.	7	1264	714	1384	5	MAPPED
REN_1145	Hadr Voss 1145	S	Kethruun	proximidades de Sandbones	caverna	VELLUM_ARMORIAL	Humano; Vellum Armorial de nível 7; especialista em equipamento.	7	1265	715	1385	5	MAPPED
REN_1146	Orven Valec 1146	S	Lyrien	proximidades de Aerocivitus	subúrbio	VELLUM_MARCIAL	Humano; Vellum Marcial de nível 7; especialista em combate corporal.	7	1266	716	1386	5	MAPPED
REN_1147	Varek Arden 1147	S	Tharun	proximidades de Stone-Âmbar	estrada	MAGIA	Humano; praticante de magia; domínio aproximado de nível 5; usa Mana e Códices.	7	1267	717	1387	5	MAPPED
REN_1148	Cyr Riven 1148	S	Eshmara	proximidades de Brumas	pântano	ELYTH	Humano; usuário de Elyth; manifestação individual; alto risco de enfrentamento.	7	1268	718	1388	5	MAPPED
REN_1149	Jor Drell 1149	S	Zarim	proximidades de Fornalia	ruínas	VELLUM_ARMORIAL	Humano; Vellum Armorial de nível 7; especialista em equipamento.	7	1269	719	1389	5	MAPPED
REN_1150	Quin Deyr 1150	S	Aeloria	proximidades de Duskmere	bairro comercial	VELLUM_MARCIAL	Humano; Vellum Marcial de nível 7; especialista em combate corporal.	7	1270	720	1390	5	MAPPED
REN_1151	Xand Halden 1151	S	Valkyrion	proximidades de Volmeria	montanhas	MAGIA	Humano; praticante de magia; domínio aproximado de nível 5; usa Mana e Códices.	7	1271	721	1391	5	MAPPED
REN_1152	Eryk Mirel 1152	S	Orinthal	proximidades de Crystalia	floresta	ELYTH	Humano; usuário de Elyth; manifestação individual; alto risco de enfrentamento.	7	1272	722	1392	5	MAPPED
REN_1153	Lorn Kest 1153	S	Myrthos	proximidades de Sem nome definido	caverna	VELLUM_ARMORIAL	Humano; Vellum Armorial de nível 7; especialista em equipamento.	7	1273	723	1393	5	MAPPED
REN_1154	Soren Renn 1154	S	Nyssara	proximidades de Emerald Tide	subúrbio	VELLUM_MARCIAL	Humano; Vellum Marcial de nível 7; especialista em combate corporal.	7	1274	724	1394	5	MAPPED
REN_1155	Zarek Dorn 1155	S	Kethruun	proximidades de Sandbones	estrada	MAGIA	Humano; praticante de magia; domínio aproximado de nível 5; usa Mana e Códices.	7	1275	725	1395	5	MAPPED
REN_1156	Garr Khal 1156	S	Lyrien	proximidades de Aerocivitus	pântano	ELYTH	Humano; usuário de Elyth; manifestação individual; alto risco de enfrentamento.	7	1276	726	1396	5	MAPPED
REN_1157	Nyr Thorne 1157	S	Tharun	proximidades de Stone-Âmbar	ruínas	VELLUM_ARMORIAL	Humano; Vellum Armorial de nível 7; especialista em equipamento.	7	1277	727	1397	5	MAPPED
REN_1158	Ulrik Marek 1158	S	Eshmara	proximidades de Brumas	bairro comercial	VELLUM_MARCIAL	Humano; Vellum Marcial de nível 7; especialista em combate corporal.	7	1278	728	1398	5	MAPPED
REN_1159	Bren Karr 1159	S	Zarim	proximidades de Fornalia	montanhas	MAGIA	Humano; praticante de magia; domínio aproximado de nível 5; usa Mana e Códices.	7	1279	729	1399	5	MAPPED
REN_1160	Iven Veyr 1160	S	Aeloria	proximidades de Valdora	floresta	ELYTH	Humano; usuário de Elyth; manifestação individual; alto risco de enfrentamento.	7	1280	690	1400	5	MAPPED
REN_1161	Perr Sang 1161	S	Valkyrion	proximidades de Volmeria	caverna	VELLUM_ARMORIAL	Humano; Vellum Armorial de nível 7; especialista em equipamento.	7	1281	691	1401	5	MAPPED
REN_1162	Wren Morn 1162	S	Orinthal	proximidades de Crystalia	subúrbio	VELLUM_MARCIAL	Humano; Vellum Marcial de nível 7; especialista em combate corporal.	7	1282	692	1402	5	MAPPED
REN_1163	Dren Falk 1163	S	Myrthos	proximidades de Sem nome definido	estrada	MAGIA	Humano; praticante de magia; domínio aproximado de nível 5; usa Mana e Códices.	7	1283	693	1403	5	MAPPED
REN_1164	Kael Rath 1164	S	Nyssara	proximidades de Emerald Tide	pântano	ELYTH	Humano; usuário de Elyth; manifestação individual; alto risco de enfrentamento.	7	1284	694	1404	5	MAPPED
REN_1165	Rav Voss 1165	S	Kethruun	proximidades de Sandbones	ruínas	VELLUM_ARMORIAL	Humano; Vellum Armorial de nível 7; especialista em equipamento.	7	1285	695	1405	5	MAPPED
REN_1166	Yorin Valec 1166	Z	Lyrien	proximidades de Aerocivitus	bairro comercial	VELLUM_MARCIAL	Humano; Vellum Marcial de nível 7; especialista em combate corporal.	8	1476	806	1626	5	MAPPED
REN_1167	Farel Arden 1167	Z	Tharun	proximidades de Stone-Âmbar	montanhas	MAGIA	Humano; praticante de magia; domínio aproximado de nível 5; usa Mana e Códices.	8	1477	807	1627	5	MAPPED
REN_1168	Marek Riven 1168	Z	Eshmara	proximidades de Brumas	floresta	ELYTH	Humano; usuário de Elyth; manifestação individual; alto risco de enfrentamento.	8	1478	808	1628	5	MAPPED
REN_1169	Tav Drell 1169	Z	Zarim	proximidades de Fornalia	caverna	VELLUM_ARMORIAL	Humano; Vellum Armorial de nível 7; especialista em equipamento.	8	1479	809	1629	5	MAPPED
REN_1170	Ald Deyr 1170	Z	Aeloria	proximidades de Tindralith	subúrbio	VELLUM_MARCIAL	Humano; Vellum Marcial de nível 7; especialista em combate corporal.	8	1390	810	1630	5	MAPPED
REN_1171	Hadr Halden 1171	Z	Valkyrion	proximidades de Volmeria	estrada	MAGIA	Humano; praticante de magia; domínio aproximado de nível 5; usa Mana e Códices.	8	1391	811	1631	5	MAPPED
REN_1172	Orven Mirel 1172	Z	Orinthal	proximidades de Crystalia	pântano	ELYTH	Humano; usuário de Elyth; manifestação individual; alto risco de enfrentamento.	8	1392	812	1632	5	MAPPED
REN_1173	Varek Kest 1173	Z	Myrthos	proximidades de Sem nome definido	ruínas	VELLUM_ARMORIAL	Humano; Vellum Armorial de nível 7; especialista em equipamento.	8	1393	813	1633	5	MAPPED
REN_1174	Cyr Renn 1174	Z	Nyssara	proximidades de Emerald Tide	bairro comercial	VELLUM_MARCIAL	Humano; Vellum Marcial de nível 7; especialista em combate corporal.	8	1394	814	1634	5	MAPPED
REN_1175	Jor Dorn 1175	Z	Kethruun	proximidades de Sandbones	montanhas	MAGIA	Humano; praticante de magia; domínio aproximado de nível 5; usa Mana e Códices.	8	1395	815	1635	5	MAPPED
REN_1176	Quin Khal 1176	Z	Lyrien	proximidades de Aerocivitus	floresta	ELYTH	Humano; usuário de Elyth; manifestação individual; alto risco de enfrentamento.	8	1396	816	1636	5	MAPPED
REN_1177	Xand Thorne 1177	Z	Tharun	proximidades de Stone-Âmbar	caverna	VELLUM_ARMORIAL	Humano; Vellum Armorial de nível 7; especialista em equipamento.	8	1397	817	1637	5	MAPPED
REN_1178	Eryk Marek 1178	Z	Eshmara	proximidades de Brumas	subúrbio	VELLUM_MARCIAL	Humano; Vellum Marcial de nível 7; especialista em combate corporal.	8	1398	818	1638	5	MAPPED
REN_1179	Lorn Karr 1179	Z	Zarim	proximidades de Fornalia	estrada	MAGIA	Humano; praticante de magia; domínio aproximado de nível 5; usa Mana e Códices.	8	1399	819	1639	5	MAPPED
REN_1180	Soren Veyr 1180	Z	Aeloria	proximidades de Lorwynne	pântano	ELYTH	Humano; usuário de Elyth; manifestação individual; alto risco de enfrentamento.	8	1400	820	1640	5	MAPPED
REN_1181	Zarek Sang 1181	Z	Valkyrion	proximidades de Volmeria	ruínas	VELLUM_ARMORIAL	Humano; Vellum Armorial de nível 7; especialista em equipamento.	8	1401	821	1641	5	MAPPED
REN_1182	Garr Morn 1182	Z	Orinthal	proximidades de Crystalia	bairro comercial	VELLUM_MARCIAL	Humano; Vellum Marcial de nível 7; especialista em combate corporal.	8	1402	822	1642	5	MAPPED
REN_1183	Nyr Falk 1183	Z	Myrthos	proximidades de Sem nome definido	montanhas	MAGIA	Humano; praticante de magia; domínio aproximado de nível 5; usa Mana e Códices.	8	1403	823	1643	5	MAPPED
REN_1184	Ulrik Rath 1184	Z	Nyssara	proximidades de Emerald Tide	floresta	ELYTH	Humano; usuário de Elyth; manifestação individual; alto risco de enfrentamento.	8	1404	824	1644	5	MAPPED
REN_1185	Bren Voss 1185	Z	Kethruun	proximidades de Sandbones	caverna	VELLUM_ARMORIAL	Humano; Vellum Armorial de nível 7; especialista em equipamento.	8	1405	825	1645	5	MAPPED
REN_1186	Iven Valec 1186	Z	Lyrien	proximidades de Aerocivitus	subúrbio	VELLUM_MARCIAL	Humano; Vellum Marcial de nível 7; especialista em combate corporal.	8	1406	826	1646	5	MAPPED
REN_1187	Perr Arden 1187	Z	Tharun	proximidades de Stone-Âmbar	estrada	MAGIA	Humano; praticante de magia; domínio aproximado de nível 5; usa Mana e Códices.	8	1407	827	1647	5	MAPPED
REN_1188	Wren Riven 1188	Z	Eshmara	proximidades de Brumas	pântano	ELYTH	Humano; usuário de Elyth; manifestação individual; alto risco de enfrentamento.	8	1408	828	1648	5	MAPPED
REN_1189	Dren Drell 1189	Z	Zarim	proximidades de Fornalia	ruínas	VELLUM_ARMORIAL	Humano; Vellum Armorial de nível 7; especialista em equipamento.	8	1409	829	1649	5	MAPPED
REN_1190	Kael Deyr 1190	Z	Aeloria	proximidades de Dawnspire	bairro comercial	VELLUM_MARCIAL	Humano; Vellum Marcial de nível 7; especialista em combate corporal.	8	1410	830	1650	5	MAPPED
REN_1191	Rav Halden 1191	Z	Valkyrion	proximidades de Volmeria	montanhas	MAGIA	Humano; praticante de magia; domínio aproximado de nível 5; usa Mana e Códices.	8	1411	831	1651	5	MAPPED
REN_1192	Yorin Mirel 1192	Z	Orinthal	proximidades de Crystalia	floresta	ELYTH	Humano; usuário de Elyth; manifestação individual; alto risco de enfrentamento.	8	1412	832	1652	5	MAPPED
REN_1193	Farel Kest 1193	Z	Myrthos	proximidades de Sem nome definido	caverna	VELLUM_ARMORIAL	Humano; Vellum Armorial de nível 7; especialista em equipamento.	8	1413	833	1653	5	MAPPED
REN_1194	Marek Renn 1194	Z	Nyssara	proximidades de Emerald Tide	subúrbio	VELLUM_MARCIAL	Humano; Vellum Marcial de nível 7; especialista em combate corporal.	8	1414	834	1654	5	MAPPED
REN_1195	Tav Dorn 1195	Z	Kethruun	proximidades de Sandbones	estrada	MAGIA	Humano; praticante de magia; domínio aproximado de nível 5; usa Mana e Códices.	8	1415	835	1655	5	MAPPED
REN_1196	Ald Khal 1196	Z	Lyrien	proximidades de Aerocivitus	pântano	ELYTH	Humano; usuário de Elyth; manifestação individual; alto risco de enfrentamento.	8	1416	836	1656	5	MAPPED
REN_1197	Hadr Thorne 1197	Z	Tharun	proximidades de Stone-Âmbar	ruínas	VELLUM_ARMORIAL	Humano; Vellum Armorial de nível 7; especialista em equipamento.	8	1417	837	1657	5	MAPPED
REN_1198	Orven Marek 1198	Z	Eshmara	proximidades de Brumas	bairro comercial	VELLUM_MARCIAL	Humano; Vellum Marcial de nível 7; especialista em combate corporal.	8	1418	838	1658	5	MAPPED
REN_1199	Varek Karr 1199	Z	Zarim	proximidades de Fornalia	montanhas	MAGIA	Humano; praticante de magia; domínio aproximado de nível 5; usa Mana e Códices.	8	1419	839	1659	5	MAPPED
REN_1200	Cyr Veyr 1200	Z	Aeloria	proximidades de Veyndaril	floresta	ELYTH	Humano; usuário de Elyth; manifestação individual; alto risco de enfrentamento.	8	1420	800	1600	5	MAPPED
