id	category	rarity	lifePath	realm	location	minLevel	minDay	weight	title	text	choice1	req1	next1	effect1	failNext1	failEffect1	combat1	choice2	req2	next2	effect2	failNext2	failEffect2	combat2	tags	requirements	cooldown
STORY_ADVENTURER_001	CHAIN	UNIQUE	ADVENTURER	ANY	ANY	1	1	200	O primeiro contrato — etapa 1	A vida de aventureiro começa com trabalhos aparentemente pequenos. Aos poucos, contratos se conectam, cidades passam a depender de suas decisões e a Guilda deixa de ser apenas um lugar onde se pega uma missão. Quando a guerra entre os dez reinos explode, suas escolhas anteriores determinam quais aliados ainda confiam em você. No fim da jornada, o despertar de um grande dragão transforma uma carreira em lenda.	Seguir o caminho proposto e assumir o risco.	life:ADVENTURER&!flag:story_adventurer_1	END	xp=30;reputation=1;flag:story_adventurer_1=1	END	xp=15;flag:story_adventurer_1=1		Procurar uma alternativa antes de agir.	life:ADVENTURER&!flag:story_adventurer_1	END	xp=20;flag:story_adventurer_1=1	END	fatigue=1;flag:story_adventurer_1=1		PROGRESSION;EPIC	life:ADVENTURER&!flag:story_adventurer_1	0
STORY_ADVENTURER_002	CHAIN	UNIQUE	ADVENTURER	ANY	ANY	1	13	200	O primeiro contrato — etapa 2	A vida de aventureiro começa com trabalhos aparentemente pequenos. Aos poucos, contratos se conectam, cidades passam a depender de suas decisões e a Guilda deixa de ser apenas um lugar onde se pega uma missão. Quando a guerra entre os dez reinos explode, suas escolhas anteriores determinam quais aliados ainda confiam em você. No fim da jornada, o despertar de um grande dragão transforma uma carreira em lenda.	Seguir o caminho proposto e assumir o risco.	life:ADVENTURER&!flag:story_adventurer_2&flag:story_adventurer_1	END	xp=32;reputation=1;flag:story_adventurer_2=1	END	xp=16;flag:story_adventurer_2=1		Procurar uma alternativa antes de agir.	life:ADVENTURER&!flag:story_adventurer_2&flag:story_adventurer_1	END	xp=21;flag:story_adventurer_2=1	END	fatigue=1;flag:story_adventurer_2=1		PROGRESSION;EPIC	life:ADVENTURER&!flag:story_adventurer_2&flag:story_adventurer_1	0
STORY_ADVENTURER_003	CHAIN	UNIQUE	ADVENTURER	ANY	ANY	1	25	200	O primeiro contrato — etapa 3	A vida de aventureiro começa com trabalhos aparentemente pequenos. Aos poucos, contratos se conectam, cidades passam a depender de suas decisões e a Guilda deixa de ser apenas um lugar onde se pega uma missão. Quando a guerra entre os dez reinos explode, suas escolhas anteriores determinam quais aliados ainda confiam em você. No fim da jornada, o despertar de um grande dragão transforma uma carreira em lenda.	Seguir o caminho proposto e assumir o risco.	life:ADVENTURER&!flag:story_adventurer_3&flag:story_adventurer_2	END	xp=34;reputation=1;flag:story_adventurer_3=1	END	xp=17;flag:story_adventurer_3=1		Procurar uma alternativa antes de agir.	life:ADVENTURER&!flag:story_adventurer_3&flag:story_adventurer_2	END	xp=22;flag:story_adventurer_3=1	END	fatigue=1;flag:story_adventurer_3=1		PROGRESSION;EPIC	life:ADVENTURER&!flag:story_adventurer_3&flag:story_adventurer_2	0
STORY_ADVENTURER_004	CHAIN	UNIQUE	ADVENTURER	ANY	ANY	1	37	200	O primeiro contrato — etapa 4	A vida de aventureiro começa com trabalhos aparentemente pequenos. Aos poucos, contratos se conectam, cidades passam a depender de suas decisões e a Guilda deixa de ser apenas um lugar onde se pega uma missão. Quando a guerra entre os dez reinos explode, suas escolhas anteriores determinam quais aliados ainda confiam em você. No fim da jornada, o despertar de um grande dragão transforma uma carreira em lenda.	Seguir o caminho proposto e assumir o risco.	life:ADVENTURER&!flag:story_adventurer_4&flag:story_adventurer_3	END	xp=36;reputation=1;flag:story_adventurer_4=1	END	xp=18;flag:story_adventurer_4=1		Procurar uma alternativa antes de agir.	life:ADVENTURER&!flag:story_adventurer_4&flag:story_adventurer_3	END	xp=23;flag:story_adventurer_4=1	END	fatigue=1;flag:story_adventurer_4=1		PROGRESSION;EPIC	life:ADVENTURER&!flag:story_adventurer_4&flag:story_adventurer_3	0
STORY_ADVENTURER_005	CHAIN	UNIQUE	ADVENTURER	ANY	ANY	1	49	200	O primeiro contrato — etapa 5	A vida de aventureiro começa com trabalhos aparentemente pequenos. Aos poucos, contratos se conectam, cidades passam a depender de suas decisões e a Guilda deixa de ser apenas um lugar onde se pega uma missão. Quando a guerra entre os dez reinos explode, suas escolhas anteriores determinam quais aliados ainda confiam em você. No fim da jornada, o despertar de um grande dragão transforma uma carreira em lenda.	Seguir o caminho proposto e assumir o risco.	life:ADVENTURER&!flag:story_adventurer_5&flag:story_adventurer_4	END	xp=38;reputation=1;flag:story_adventurer_5=1	END	xp=19;flag:story_adventurer_5=1		Procurar uma alternativa antes de agir.	life:ADVENTURER&!flag:story_adventurer_5&flag:story_adventurer_4	END	xp=24;flag:story_adventurer_5=1	END	fatigue=1;flag:story_adventurer_5=1		PROGRESSION;EPIC	life:ADVENTURER&!flag:story_adventurer_5&flag:story_adventurer_4	0
STORY_ADVENTURER_006	CHAIN	UNIQUE	ADVENTURER	ANY	ANY	1	61	200	Uma reputação pequena — etapa 6	A vida de aventureiro começa com trabalhos aparentemente pequenos. Aos poucos, contratos se conectam, cidades passam a depender de suas decisões e a Guilda deixa de ser apenas um lugar onde se pega uma missão. Quando a guerra entre os dez reinos explode, suas escolhas anteriores determinam quais aliados ainda confiam em você. No fim da jornada, o despertar de um grande dragão transforma uma carreira em lenda.	Seguir o caminho proposto e assumir o risco.	life:ADVENTURER&!flag:story_adventurer_6&flag:story_adventurer_5	END	xp=40;reputation=1;flag:story_adventurer_6=1	END	xp=20;flag:story_adventurer_6=1		Procurar uma alternativa antes de agir.	life:ADVENTURER&!flag:story_adventurer_6&flag:story_adventurer_5	END	xp=25;flag:story_adventurer_6=1	END	fatigue=1;flag:story_adventurer_6=1		PROGRESSION;EPIC	life:ADVENTURER&!flag:story_adventurer_6&flag:story_adventurer_5	0
STORY_ADVENTURER_007	CHAIN	UNIQUE	ADVENTURER	ANY	ANY	2	73	200	Uma reputação pequena — etapa 7	A vida de aventureiro começa com trabalhos aparentemente pequenos. Aos poucos, contratos se conectam, cidades passam a depender de suas decisões e a Guilda deixa de ser apenas um lugar onde se pega uma missão. Quando a guerra entre os dez reinos explode, suas escolhas anteriores determinam quais aliados ainda confiam em você. No fim da jornada, o despertar de um grande dragão transforma uma carreira em lenda.	Seguir o caminho proposto e assumir o risco.	life:ADVENTURER&!flag:story_adventurer_7&flag:story_adventurer_6	END	xp=42;reputation=1;flag:story_adventurer_7=1	END	xp=21;flag:story_adventurer_7=1		Procurar uma alternativa antes de agir.	life:ADVENTURER&!flag:story_adventurer_7&flag:story_adventurer_6	END	xp=26;flag:story_adventurer_7=1	END	fatigue=1;flag:story_adventurer_7=1		PROGRESSION;EPIC	life:ADVENTURER&!flag:story_adventurer_7&flag:story_adventurer_6	0
STORY_ADVENTURER_008	CHAIN	UNIQUE	ADVENTURER	ANY	ANY	2	85	200	Uma reputação pequena — etapa 8	A vida de aventureiro começa com trabalhos aparentemente pequenos. Aos poucos, contratos se conectam, cidades passam a depender de suas decisões e a Guilda deixa de ser apenas um lugar onde se pega uma missão. Quando a guerra entre os dez reinos explode, suas escolhas anteriores determinam quais aliados ainda confiam em você. No fim da jornada, o despertar de um grande dragão transforma uma carreira em lenda.	Seguir o caminho proposto e assumir o risco.	life:ADVENTURER&!flag:story_adventurer_8&flag:story_adventurer_7	END	xp=44;reputation=1;flag:story_adventurer_8=1	END	xp=22;flag:story_adventurer_8=1		Procurar uma alternativa antes de agir.	life:ADVENTURER&!flag:story_adventurer_8&flag:story_adventurer_7	END	xp=27;flag:story_adventurer_8=1	END	fatigue=1;flag:story_adventurer_8=1		PROGRESSION;EPIC	life:ADVENTURER&!flag:story_adventurer_8&flag:story_adventurer_7	0
STORY_ADVENTURER_009	CHAIN	UNIQUE	ADVENTURER	ANY	ANY	2	97	200	Uma reputação pequena — etapa 9	A vida de aventureiro começa com trabalhos aparentemente pequenos. Aos poucos, contratos se conectam, cidades passam a depender de suas decisões e a Guilda deixa de ser apenas um lugar onde se pega uma missão. Quando a guerra entre os dez reinos explode, suas escolhas anteriores determinam quais aliados ainda confiam em você. No fim da jornada, o despertar de um grande dragão transforma uma carreira em lenda.	Seguir o caminho proposto e assumir o risco.	life:ADVENTURER&!flag:story_adventurer_9&flag:story_adventurer_8	END	xp=46;reputation=1;flag:story_adventurer_9=1	END	xp=23;flag:story_adventurer_9=1		Procurar uma alternativa antes de agir.	life:ADVENTURER&!flag:story_adventurer_9&flag:story_adventurer_8	END	xp=28;flag:story_adventurer_9=1	END	fatigue=1;flag:story_adventurer_9=1		PROGRESSION;EPIC	life:ADVENTURER&!flag:story_adventurer_9&flag:story_adventurer_8	0
STORY_ADVENTURER_010	CHAIN	UNIQUE	ADVENTURER	ANY	ANY	2	109	200	Uma reputação pequena — etapa 10	A vida de aventureiro começa com trabalhos aparentemente pequenos. Aos poucos, contratos se conectam, cidades passam a depender de suas decisões e a Guilda deixa de ser apenas um lugar onde se pega uma missão. Quando a guerra entre os dez reinos explode, suas escolhas anteriores determinam quais aliados ainda confiam em você. No fim da jornada, o despertar de um grande dragão transforma uma carreira em lenda.	Seguir o caminho proposto e assumir o risco.	life:ADVENTURER&!flag:story_adventurer_10&flag:story_adventurer_9	END	xp=48;reputation=1;flag:story_adventurer_10=1	END	xp=24;flag:story_adventurer_10=1		Procurar uma alternativa antes de agir.	life:ADVENTURER&!flag:story_adventurer_10&flag:story_adventurer_9	END	xp=29;flag:story_adventurer_10=1	END	fatigue=1;flag:story_adventurer_10=1		PROGRESSION;EPIC	life:ADVENTURER&!flag:story_adventurer_10&flag:story_adventurer_9	0
STORY_ADVENTURER_011	CHAIN	UNIQUE	ADVENTURER	ANY	ANY	2	121	200	A estrada abre — etapa 11	A vida de aventureiro começa com trabalhos aparentemente pequenos. Aos poucos, contratos se conectam, cidades passam a depender de suas decisões e a Guilda deixa de ser apenas um lugar onde se pega uma missão. Quando a guerra entre os dez reinos explode, suas escolhas anteriores determinam quais aliados ainda confiam em você. No fim da jornada, o despertar de um grande dragão transforma uma carreira em lenda.	Seguir o caminho proposto e assumir o risco.	life:ADVENTURER&!flag:story_adventurer_11&flag:story_adventurer_10	END	xp=50;reputation=1;flag:story_adventurer_11=1	END	xp=25;flag:story_adventurer_11=1		Procurar uma alternativa antes de agir.	life:ADVENTURER&!flag:story_adventurer_11&flag:story_adventurer_10	END	xp=30;flag:story_adventurer_11=1	END	fatigue=1;flag:story_adventurer_11=1		PROGRESSION;EPIC	life:ADVENTURER&!flag:story_adventurer_11&flag:story_adventurer_10	0
STORY_ADVENTURER_012	CHAIN	UNIQUE	ADVENTURER	ANY	ANY	2	133	200	A estrada abre — etapa 12	A vida de aventureiro começa com trabalhos aparentemente pequenos. Aos poucos, contratos se conectam, cidades passam a depender de suas decisões e a Guilda deixa de ser apenas um lugar onde se pega uma missão. Quando a guerra entre os dez reinos explode, suas escolhas anteriores determinam quais aliados ainda confiam em você. No fim da jornada, o despertar de um grande dragão transforma uma carreira em lenda.	Seguir o caminho proposto e assumir o risco.	life:ADVENTURER&!flag:story_adventurer_12&flag:story_adventurer_11	END	xp=52;reputation=1;flag:story_adventurer_12=1	END	xp=26;flag:story_adventurer_12=1		Procurar uma alternativa antes de agir.	life:ADVENTURER&!flag:story_adventurer_12&flag:story_adventurer_11	END	xp=31;flag:story_adventurer_12=1	END	fatigue=1;flag:story_adventurer_12=1		PROGRESSION;EPIC	life:ADVENTURER&!flag:story_adventurer_12&flag:story_adventurer_11	0
STORY_ADVENTURER_013	CHAIN	UNIQUE	ADVENTURER	ANY	ANY	3	145	200	A estrada abre — etapa 13	A vida de aventureiro começa com trabalhos aparentemente pequenos. Aos poucos, contratos se conectam, cidades passam a depender de suas decisões e a Guilda deixa de ser apenas um lugar onde se pega uma missão. Quando a guerra entre os dez reinos explode, suas escolhas anteriores determinam quais aliados ainda confiam em você. No fim da jornada, o despertar de um grande dragão transforma uma carreira em lenda.	Seguir o caminho proposto e assumir o risco.	life:ADVENTURER&!flag:story_adventurer_13&flag:story_adventurer_12	END	xp=54;reputation=1;flag:story_adventurer_13=1	END	xp=27;flag:story_adventurer_13=1		Procurar uma alternativa antes de agir.	life:ADVENTURER&!flag:story_adventurer_13&flag:story_adventurer_12	END	xp=32;flag:story_adventurer_13=1	END	fatigue=1;flag:story_adventurer_13=1		PROGRESSION;EPIC	life:ADVENTURER&!flag:story_adventurer_13&flag:story_adventurer_12	0
STORY_ADVENTURER_014	CHAIN	UNIQUE	ADVENTURER	ANY	ANY	3	157	200	A estrada abre — etapa 14	A vida de aventureiro começa com trabalhos aparentemente pequenos. Aos poucos, contratos se conectam, cidades passam a depender de suas decisões e a Guilda deixa de ser apenas um lugar onde se pega uma missão. Quando a guerra entre os dez reinos explode, suas escolhas anteriores determinam quais aliados ainda confiam em você. No fim da jornada, o despertar de um grande dragão transforma uma carreira em lenda.	Seguir o caminho proposto e assumir o risco.	life:ADVENTURER&!flag:story_adventurer_14&flag:story_adventurer_13	END	xp=56;reputation=1;flag:story_adventurer_14=1	END	xp=28;flag:story_adventurer_14=1		Procurar uma alternativa antes de agir.	life:ADVENTURER&!flag:story_adventurer_14&flag:story_adventurer_13	END	xp=33;flag:story_adventurer_14=1	END	fatigue=1;flag:story_adventurer_14=1		PROGRESSION;EPIC	life:ADVENTURER&!flag:story_adventurer_14&flag:story_adventurer_13	0
STORY_ADVENTURER_015	CHAIN	UNIQUE	ADVENTURER	ANY	ANY	3	169	200	A estrada abre — etapa 15	A vida de aventureiro começa com trabalhos aparentemente pequenos. Aos poucos, contratos se conectam, cidades passam a depender de suas decisões e a Guilda deixa de ser apenas um lugar onde se pega uma missão. Quando a guerra entre os dez reinos explode, suas escolhas anteriores determinam quais aliados ainda confiam em você. No fim da jornada, o despertar de um grande dragão transforma uma carreira em lenda.	Seguir o caminho proposto e assumir o risco.	life:ADVENTURER&!flag:story_adventurer_15&flag:story_adventurer_14	END	xp=58;reputation=1;flag:story_adventurer_15=1	END	xp=29;flag:story_adventurer_15=1		Procurar uma alternativa antes de agir.	life:ADVENTURER&!flag:story_adventurer_15&flag:story_adventurer_14	END	xp=34;flag:story_adventurer_15=1	END	fatigue=1;flag:story_adventurer_15=1		PROGRESSION;EPIC	life:ADVENTURER&!flag:story_adventurer_15&flag:story_adventurer_14	0
STORY_ADVENTURER_016	CHAIN	UNIQUE	ADVENTURER	ANY	ANY	3	181	200	O preço da fama — etapa 16	A vida de aventureiro começa com trabalhos aparentemente pequenos. Aos poucos, contratos se conectam, cidades passam a depender de suas decisões e a Guilda deixa de ser apenas um lugar onde se pega uma missão. Quando a guerra entre os dez reinos explode, suas escolhas anteriores determinam quais aliados ainda confiam em você. No fim da jornada, o despertar de um grande dragão transforma uma carreira em lenda.	Seguir o caminho proposto e assumir o risco.	life:ADVENTURER&!flag:story_adventurer_16&flag:story_adventurer_15	END	xp=60;reputation=1;flag:story_adventurer_16=1	END	xp=30;flag:story_adventurer_16=1		Procurar uma alternativa antes de agir.	life:ADVENTURER&!flag:story_adventurer_16&flag:story_adventurer_15	END	xp=35;flag:story_adventurer_16=1	END	fatigue=1;flag:story_adventurer_16=1		PROGRESSION;EPIC	life:ADVENTURER&!flag:story_adventurer_16&flag:story_adventurer_15	0
STORY_ADVENTURER_017	CHAIN	UNIQUE	ADVENTURER	ANY	ANY	3	193	200	O preço da fama — etapa 17	A vida de aventureiro começa com trabalhos aparentemente pequenos. Aos poucos, contratos se conectam, cidades passam a depender de suas decisões e a Guilda deixa de ser apenas um lugar onde se pega uma missão. Quando a guerra entre os dez reinos explode, suas escolhas anteriores determinam quais aliados ainda confiam em você. No fim da jornada, o despertar de um grande dragão transforma uma carreira em lenda.	Seguir o caminho proposto e assumir o risco.	life:ADVENTURER&!flag:story_adventurer_17&flag:story_adventurer_16	END	xp=62;reputation=1;flag:story_adventurer_17=1	END	xp=31;flag:story_adventurer_17=1		Procurar uma alternativa antes de agir.	life:ADVENTURER&!flag:story_adventurer_17&flag:story_adventurer_16	END	xp=36;flag:story_adventurer_17=1	END	fatigue=1;flag:story_adventurer_17=1		PROGRESSION;EPIC	life:ADVENTURER&!flag:story_adventurer_17&flag:story_adventurer_16	0
STORY_ADVENTURER_018	CHAIN	UNIQUE	ADVENTURER	ANY	ANY	3	205	200	O preço da fama — etapa 18	A vida de aventureiro começa com trabalhos aparentemente pequenos. Aos poucos, contratos se conectam, cidades passam a depender de suas decisões e a Guilda deixa de ser apenas um lugar onde se pega uma missão. Quando a guerra entre os dez reinos explode, suas escolhas anteriores determinam quais aliados ainda confiam em você. No fim da jornada, o despertar de um grande dragão transforma uma carreira em lenda.	Seguir o caminho proposto e assumir o risco.	life:ADVENTURER&!flag:story_adventurer_18&flag:story_adventurer_17	END	xp=64;reputation=1;flag:story_adventurer_18=1	END	xp=32;flag:story_adventurer_18=1		Procurar uma alternativa antes de agir.	life:ADVENTURER&!flag:story_adventurer_18&flag:story_adventurer_17	END	xp=37;flag:story_adventurer_18=1	END	fatigue=1;flag:story_adventurer_18=1		PROGRESSION;EPIC	life:ADVENTURER&!flag:story_adventurer_18&flag:story_adventurer_17	0
STORY_ADVENTURER_019	CHAIN	UNIQUE	ADVENTURER	ANY	ANY	4	217	200	O preço da fama — etapa 19	A vida de aventureiro começa com trabalhos aparentemente pequenos. Aos poucos, contratos se conectam, cidades passam a depender de suas decisões e a Guilda deixa de ser apenas um lugar onde se pega uma missão. Quando a guerra entre os dez reinos explode, suas escolhas anteriores determinam quais aliados ainda confiam em você. No fim da jornada, o despertar de um grande dragão transforma uma carreira em lenda.	Seguir o caminho proposto e assumir o risco.	life:ADVENTURER&!flag:story_adventurer_19&flag:story_adventurer_18	END	xp=66;reputation=1;flag:story_adventurer_19=1	END	xp=33;flag:story_adventurer_19=1		Procurar uma alternativa antes de agir.	life:ADVENTURER&!flag:story_adventurer_19&flag:story_adventurer_18	END	xp=38;flag:story_adventurer_19=1	END	fatigue=1;flag:story_adventurer_19=1		PROGRESSION;EPIC	life:ADVENTURER&!flag:story_adventurer_19&flag:story_adventurer_18	0
STORY_ADVENTURER_020	CHAIN	UNIQUE	ADVENTURER	ANY	ANY	4	229	200	O preço da fama — etapa 20	A vida de aventureiro começa com trabalhos aparentemente pequenos. Aos poucos, contratos se conectam, cidades passam a depender de suas decisões e a Guilda deixa de ser apenas um lugar onde se pega uma missão. Quando a guerra entre os dez reinos explode, suas escolhas anteriores determinam quais aliados ainda confiam em você. No fim da jornada, o despertar de um grande dragão transforma uma carreira em lenda.	Seguir o caminho proposto e assumir o risco.	life:ADVENTURER&!flag:story_adventurer_20&flag:story_adventurer_19	END	xp=68;reputation=1;flag:story_adventurer_20=1	END	xp=34;flag:story_adventurer_20=1		Procurar uma alternativa antes de agir.	life:ADVENTURER&!flag:story_adventurer_20&flag:story_adventurer_19	END	xp=39;flag:story_adventurer_20=1	END	fatigue=1;flag:story_adventurer_20=1		PROGRESSION;EPIC	life:ADVENTURER&!flag:story_adventurer_20&flag:story_adventurer_19	0
STORY_ADVENTURER_021	CHAIN	UNIQUE	ADVENTURER	ANY	ANY	4	241	200	Sombras na fronteira — etapa 21	A vida de aventureiro começa com trabalhos aparentemente pequenos. Aos poucos, contratos se conectam, cidades passam a depender de suas decisões e a Guilda deixa de ser apenas um lugar onde se pega uma missão. Quando a guerra entre os dez reinos explode, suas escolhas anteriores determinam quais aliados ainda confiam em você. No fim da jornada, o despertar de um grande dragão transforma uma carreira em lenda.	Seguir o caminho proposto e assumir o risco.	life:ADVENTURER&!flag:story_adventurer_21&flag:story_adventurer_20	END	xp=70;reputation=1;flag:story_adventurer_21=1	END	xp=35;flag:story_adventurer_21=1		Procurar uma alternativa antes de agir.	life:ADVENTURER&!flag:story_adventurer_21&flag:story_adventurer_20	END	xp=40;flag:story_adventurer_21=1	END	fatigue=1;flag:story_adventurer_21=1		PROGRESSION;EPIC	life:ADVENTURER&!flag:story_adventurer_21&flag:story_adventurer_20	0
STORY_ADVENTURER_022	CHAIN	UNIQUE	ADVENTURER	ANY	ANY	4	253	200	Sombras na fronteira — etapa 22	A vida de aventureiro começa com trabalhos aparentemente pequenos. Aos poucos, contratos se conectam, cidades passam a depender de suas decisões e a Guilda deixa de ser apenas um lugar onde se pega uma missão. Quando a guerra entre os dez reinos explode, suas escolhas anteriores determinam quais aliados ainda confiam em você. No fim da jornada, o despertar de um grande dragão transforma uma carreira em lenda.	Seguir o caminho proposto e assumir o risco.	life:ADVENTURER&!flag:story_adventurer_22&flag:story_adventurer_21	END	xp=72;reputation=1;flag:story_adventurer_22=1	END	xp=36;flag:story_adventurer_22=1		Procurar uma alternativa antes de agir.	life:ADVENTURER&!flag:story_adventurer_22&flag:story_adventurer_21	END	xp=41;flag:story_adventurer_22=1	END	fatigue=1;flag:story_adventurer_22=1		PROGRESSION;EPIC	life:ADVENTURER&!flag:story_adventurer_22&flag:story_adventurer_21	0
STORY_ADVENTURER_023	CHAIN	UNIQUE	ADVENTURER	ANY	ANY	4	265	200	Sombras na fronteira — etapa 23	A vida de aventureiro começa com trabalhos aparentemente pequenos. Aos poucos, contratos se conectam, cidades passam a depender de suas decisões e a Guilda deixa de ser apenas um lugar onde se pega uma missão. Quando a guerra entre os dez reinos explode, suas escolhas anteriores determinam quais aliados ainda confiam em você. No fim da jornada, o despertar de um grande dragão transforma uma carreira em lenda.	Seguir o caminho proposto e assumir o risco.	life:ADVENTURER&!flag:story_adventurer_23&flag:story_adventurer_22	END	xp=74;reputation=1;flag:story_adventurer_23=1	END	xp=37;flag:story_adventurer_23=1		Procurar uma alternativa antes de agir.	life:ADVENTURER&!flag:story_adventurer_23&flag:story_adventurer_22	END	xp=42;flag:story_adventurer_23=1	END	fatigue=1;flag:story_adventurer_23=1		PROGRESSION;EPIC	life:ADVENTURER&!flag:story_adventurer_23&flag:story_adventurer_22	0
STORY_ADVENTURER_024	CHAIN	UNIQUE	ADVENTURER	ANY	ANY	4	277	200	Sombras na fronteira — etapa 24	A vida de aventureiro começa com trabalhos aparentemente pequenos. Aos poucos, contratos se conectam, cidades passam a depender de suas decisões e a Guilda deixa de ser apenas um lugar onde se pega uma missão. Quando a guerra entre os dez reinos explode, suas escolhas anteriores determinam quais aliados ainda confiam em você. No fim da jornada, o despertar de um grande dragão transforma uma carreira em lenda.	Seguir o caminho proposto e assumir o risco.	life:ADVENTURER&!flag:story_adventurer_24&flag:story_adventurer_23	END	xp=76;reputation=1;flag:story_adventurer_24=1	END	xp=38;flag:story_adventurer_24=1		Procurar uma alternativa antes de agir.	life:ADVENTURER&!flag:story_adventurer_24&flag:story_adventurer_23	END	xp=43;flag:story_adventurer_24=1	END	fatigue=1;flag:story_adventurer_24=1		PROGRESSION;EPIC	life:ADVENTURER&!flag:story_adventurer_24&flag:story_adventurer_23	0
STORY_ADVENTURER_025	CHAIN	UNIQUE	ADVENTURER	ANY	ANY	5	289	200	Sombras na fronteira — etapa 25	A vida de aventureiro começa com trabalhos aparentemente pequenos. Aos poucos, contratos se conectam, cidades passam a depender de suas decisões e a Guilda deixa de ser apenas um lugar onde se pega uma missão. Quando a guerra entre os dez reinos explode, suas escolhas anteriores determinam quais aliados ainda confiam em você. No fim da jornada, o despertar de um grande dragão transforma uma carreira em lenda.	Seguir o caminho proposto e assumir o risco.	life:ADVENTURER&!flag:story_adventurer_25&flag:story_adventurer_24	END	xp=78;reputation=1;flag:story_adventurer_25=1	END	xp=39;flag:story_adventurer_25=1		Procurar uma alternativa antes de agir.	life:ADVENTURER&!flag:story_adventurer_25&flag:story_adventurer_24	END	xp=44;flag:story_adventurer_25=1	END	fatigue=1;flag:story_adventurer_25=1		PROGRESSION;EPIC	life:ADVENTURER&!flag:story_adventurer_25&flag:story_adventurer_24	0
STORY_ADVENTURER_026	CHAIN	UNIQUE	ADVENTURER	ANY	ANY	5	301	200	A Guilda observa — etapa 26	A vida de aventureiro começa com trabalhos aparentemente pequenos. Aos poucos, contratos se conectam, cidades passam a depender de suas decisões e a Guilda deixa de ser apenas um lugar onde se pega uma missão. Quando a guerra entre os dez reinos explode, suas escolhas anteriores determinam quais aliados ainda confiam em você. No fim da jornada, o despertar de um grande dragão transforma uma carreira em lenda.	Seguir o caminho proposto e assumir o risco.	life:ADVENTURER&!flag:story_adventurer_26&flag:story_adventurer_25	END	xp=80;reputation=1;flag:story_adventurer_26=1	END	xp=40;flag:story_adventurer_26=1		Procurar uma alternativa antes de agir.	life:ADVENTURER&!flag:story_adventurer_26&flag:story_adventurer_25	END	xp=45;flag:story_adventurer_26=1	END	fatigue=1;flag:story_adventurer_26=1		PROGRESSION;EPIC	life:ADVENTURER&!flag:story_adventurer_26&flag:story_adventurer_25	0
STORY_ADVENTURER_027	CHAIN	UNIQUE	ADVENTURER	ANY	ANY	5	313	200	A Guilda observa — etapa 27	A vida de aventureiro começa com trabalhos aparentemente pequenos. Aos poucos, contratos se conectam, cidades passam a depender de suas decisões e a Guilda deixa de ser apenas um lugar onde se pega uma missão. Quando a guerra entre os dez reinos explode, suas escolhas anteriores determinam quais aliados ainda confiam em você. No fim da jornada, o despertar de um grande dragão transforma uma carreira em lenda.	Seguir o caminho proposto e assumir o risco.	life:ADVENTURER&!flag:story_adventurer_27&flag:story_adventurer_26	END	xp=82;reputation=1;flag:story_adventurer_27=1	END	xp=41;flag:story_adventurer_27=1		Procurar uma alternativa antes de agir.	life:ADVENTURER&!flag:story_adventurer_27&flag:story_adventurer_26	END	xp=46;flag:story_adventurer_27=1	END	fatigue=1;flag:story_adventurer_27=1		PROGRESSION;EPIC	life:ADVENTURER&!flag:story_adventurer_27&flag:story_adventurer_26	0
STORY_ADVENTURER_028	CHAIN	UNIQUE	ADVENTURER	ANY	ANY	5	325	200	A Guilda observa — etapa 28	A vida de aventureiro começa com trabalhos aparentemente pequenos. Aos poucos, contratos se conectam, cidades passam a depender de suas decisões e a Guilda deixa de ser apenas um lugar onde se pega uma missão. Quando a guerra entre os dez reinos explode, suas escolhas anteriores determinam quais aliados ainda confiam em você. No fim da jornada, o despertar de um grande dragão transforma uma carreira em lenda.	Seguir o caminho proposto e assumir o risco.	life:ADVENTURER&!flag:story_adventurer_28&flag:story_adventurer_27	END	xp=84;reputation=1;flag:story_adventurer_28=1	END	xp=42;flag:story_adventurer_28=1		Procurar uma alternativa antes de agir.	life:ADVENTURER&!flag:story_adventurer_28&flag:story_adventurer_27	END	xp=47;flag:story_adventurer_28=1	END	fatigue=1;flag:story_adventurer_28=1		PROGRESSION;EPIC	life:ADVENTURER&!flag:story_adventurer_28&flag:story_adventurer_27	0
STORY_ADVENTURER_029	CHAIN	UNIQUE	ADVENTURER	ANY	ANY	5	337	200	A Guilda observa — etapa 29	A vida de aventureiro começa com trabalhos aparentemente pequenos. Aos poucos, contratos se conectam, cidades passam a depender de suas decisões e a Guilda deixa de ser apenas um lugar onde se pega uma missão. Quando a guerra entre os dez reinos explode, suas escolhas anteriores determinam quais aliados ainda confiam em você. No fim da jornada, o despertar de um grande dragão transforma uma carreira em lenda.	Seguir o caminho proposto e assumir o risco.	life:ADVENTURER&!flag:story_adventurer_29&flag:story_adventurer_28	END	xp=86;reputation=1;flag:story_adventurer_29=1	END	xp=43;flag:story_adventurer_29=1		Procurar uma alternativa antes de agir.	life:ADVENTURER&!flag:story_adventurer_29&flag:story_adventurer_28	END	xp=48;flag:story_adventurer_29=1	END	fatigue=1;flag:story_adventurer_29=1		PROGRESSION;EPIC	life:ADVENTURER&!flag:story_adventurer_29&flag:story_adventurer_28	0
STORY_ADVENTURER_030	CHAIN	UNIQUE	ADVENTURER	ANY	ANY	5	349	200	A Guilda observa — etapa 30	A vida de aventureiro começa com trabalhos aparentemente pequenos. Aos poucos, contratos se conectam, cidades passam a depender de suas decisões e a Guilda deixa de ser apenas um lugar onde se pega uma missão. Quando a guerra entre os dez reinos explode, suas escolhas anteriores determinam quais aliados ainda confiam em você. No fim da jornada, o despertar de um grande dragão transforma uma carreira em lenda.	Seguir o caminho proposto e assumir o risco.	life:ADVENTURER&!flag:story_adventurer_30&flag:story_adventurer_29	END	xp=88;reputation=1;flag:story_adventurer_30=1	END	xp=44;flag:story_adventurer_30=1		Procurar uma alternativa antes de agir.	life:ADVENTURER&!flag:story_adventurer_30&flag:story_adventurer_29	END	xp=49;flag:story_adventurer_30=1	END	fatigue=1;flag:story_adventurer_30=1		PROGRESSION;EPIC	life:ADVENTURER&!flag:story_adventurer_30&flag:story_adventurer_29	0
STORY_ADVENTURER_031	CHAIN	UNIQUE	ADVENTURER	ANY	ANY	6	361	200	O nome que circula — etapa 31	A vida de aventureiro começa com trabalhos aparentemente pequenos. Aos poucos, contratos se conectam, cidades passam a depender de suas decisões e a Guilda deixa de ser apenas um lugar onde se pega uma missão. Quando a guerra entre os dez reinos explode, suas escolhas anteriores determinam quais aliados ainda confiam em você. No fim da jornada, o despertar de um grande dragão transforma uma carreira em lenda.	Seguir o caminho proposto e assumir o risco.	life:ADVENTURER&!flag:story_adventurer_31&flag:story_adventurer_30	END	xp=90;reputation=1;flag:story_adventurer_31=1	END	xp=45;flag:story_adventurer_31=1		Procurar uma alternativa antes de agir.	life:ADVENTURER&!flag:story_adventurer_31&flag:story_adventurer_30	END	xp=50;flag:story_adventurer_31=1	END	fatigue=1;flag:story_adventurer_31=1		PROGRESSION;EPIC	life:ADVENTURER&!flag:story_adventurer_31&flag:story_adventurer_30	0
STORY_ADVENTURER_032	CHAIN	UNIQUE	ADVENTURER	ANY	ANY	6	373	200	O nome que circula — etapa 32	A vida de aventureiro começa com trabalhos aparentemente pequenos. Aos poucos, contratos se conectam, cidades passam a depender de suas decisões e a Guilda deixa de ser apenas um lugar onde se pega uma missão. Quando a guerra entre os dez reinos explode, suas escolhas anteriores determinam quais aliados ainda confiam em você. No fim da jornada, o despertar de um grande dragão transforma uma carreira em lenda.	Seguir o caminho proposto e assumir o risco.	life:ADVENTURER&!flag:story_adventurer_32&flag:story_adventurer_31	END	xp=92;reputation=1;flag:story_adventurer_32=1	END	xp=46;flag:story_adventurer_32=1		Procurar uma alternativa antes de agir.	life:ADVENTURER&!flag:story_adventurer_32&flag:story_adventurer_31	END	xp=51;flag:story_adventurer_32=1	END	fatigue=1;flag:story_adventurer_32=1		PROGRESSION;EPIC	life:ADVENTURER&!flag:story_adventurer_32&flag:story_adventurer_31	0
STORY_ADVENTURER_033	CHAIN	UNIQUE	ADVENTURER	ANY	ANY	6	385	200	O nome que circula — etapa 33	A vida de aventureiro começa com trabalhos aparentemente pequenos. Aos poucos, contratos se conectam, cidades passam a depender de suas decisões e a Guilda deixa de ser apenas um lugar onde se pega uma missão. Quando a guerra entre os dez reinos explode, suas escolhas anteriores determinam quais aliados ainda confiam em você. No fim da jornada, o despertar de um grande dragão transforma uma carreira em lenda.	Seguir o caminho proposto e assumir o risco.	life:ADVENTURER&!flag:story_adventurer_33&flag:story_adventurer_32	END	xp=94;reputation=1;flag:story_adventurer_33=1	END	xp=47;flag:story_adventurer_33=1		Procurar uma alternativa antes de agir.	life:ADVENTURER&!flag:story_adventurer_33&flag:story_adventurer_32	END	xp=52;flag:story_adventurer_33=1	END	fatigue=1;flag:story_adventurer_33=1		PROGRESSION;EPIC	life:ADVENTURER&!flag:story_adventurer_33&flag:story_adventurer_32	0
STORY_ADVENTURER_034	CHAIN	UNIQUE	ADVENTURER	ANY	ANY	6	397	200	O nome que circula — etapa 34	A vida de aventureiro começa com trabalhos aparentemente pequenos. Aos poucos, contratos se conectam, cidades passam a depender de suas decisões e a Guilda deixa de ser apenas um lugar onde se pega uma missão. Quando a guerra entre os dez reinos explode, suas escolhas anteriores determinam quais aliados ainda confiam em você. No fim da jornada, o despertar de um grande dragão transforma uma carreira em lenda.	Seguir o caminho proposto e assumir o risco.	life:ADVENTURER&!flag:story_adventurer_34&flag:story_adventurer_33	END	xp=96;reputation=1;flag:story_adventurer_34=1	END	xp=48;flag:story_adventurer_34=1		Procurar uma alternativa antes de agir.	life:ADVENTURER&!flag:story_adventurer_34&flag:story_adventurer_33	END	xp=53;flag:story_adventurer_34=1	END	fatigue=1;flag:story_adventurer_34=1		PROGRESSION;EPIC	life:ADVENTURER&!flag:story_adventurer_34&flag:story_adventurer_33	0
STORY_ADVENTURER_035	CHAIN	UNIQUE	ADVENTURER	ANY	ANY	6	409	200	O nome que circula — etapa 35	A vida de aventureiro começa com trabalhos aparentemente pequenos. Aos poucos, contratos se conectam, cidades passam a depender de suas decisões e a Guilda deixa de ser apenas um lugar onde se pega uma missão. Quando a guerra entre os dez reinos explode, suas escolhas anteriores determinam quais aliados ainda confiam em você. No fim da jornada, o despertar de um grande dragão transforma uma carreira em lenda.	Seguir o caminho proposto e assumir o risco.	life:ADVENTURER&!flag:story_adventurer_35&flag:story_adventurer_34	END	xp=98;reputation=1;flag:story_adventurer_35=1	END	xp=49;flag:story_adventurer_35=1		Procurar uma alternativa antes de agir.	life:ADVENTURER&!flag:story_adventurer_35&flag:story_adventurer_34	END	xp=54;flag:story_adventurer_35=1	END	fatigue=1;flag:story_adventurer_35=1		PROGRESSION;EPIC	life:ADVENTURER&!flag:story_adventurer_35&flag:story_adventurer_34	0
STORY_ADVENTURER_036	CHAIN	UNIQUE	ADVENTURER	ANY	ANY	6	421	200	O cerco — etapa 36	A vida de aventureiro começa com trabalhos aparentemente pequenos. Aos poucos, contratos se conectam, cidades passam a depender de suas decisões e a Guilda deixa de ser apenas um lugar onde se pega uma missão. Quando a guerra entre os dez reinos explode, suas escolhas anteriores determinam quais aliados ainda confiam em você. No fim da jornada, o despertar de um grande dragão transforma uma carreira em lenda.	Seguir o caminho proposto e assumir o risco.	life:ADVENTURER&!flag:story_adventurer_36&flag:story_adventurer_35	END	xp=100;reputation=1;flag:story_adventurer_36=1	END	xp=50;flag:story_adventurer_36=1		Procurar uma alternativa antes de agir.	life:ADVENTURER&!flag:story_adventurer_36&flag:story_adventurer_35	END	xp=55;flag:story_adventurer_36=1	END	fatigue=1;flag:story_adventurer_36=1		PROGRESSION;EPIC	life:ADVENTURER&!flag:story_adventurer_36&flag:story_adventurer_35	0
STORY_ADVENTURER_037	CHAIN	UNIQUE	ADVENTURER	ANY	ANY	7	433	200	O cerco — etapa 37	A vida de aventureiro começa com trabalhos aparentemente pequenos. Aos poucos, contratos se conectam, cidades passam a depender de suas decisões e a Guilda deixa de ser apenas um lugar onde se pega uma missão. Quando a guerra entre os dez reinos explode, suas escolhas anteriores determinam quais aliados ainda confiam em você. No fim da jornada, o despertar de um grande dragão transforma uma carreira em lenda.	Seguir o caminho proposto e assumir o risco.	life:ADVENTURER&!flag:story_adventurer_37&flag:story_adventurer_36	END	xp=102;reputation=1;flag:story_adventurer_37=1	END	xp=51;flag:story_adventurer_37=1		Procurar uma alternativa antes de agir.	life:ADVENTURER&!flag:story_adventurer_37&flag:story_adventurer_36	END	xp=56;flag:story_adventurer_37=1	END	fatigue=1;flag:story_adventurer_37=1		PROGRESSION;EPIC	life:ADVENTURER&!flag:story_adventurer_37&flag:story_adventurer_36	0
STORY_ADVENTURER_038	CHAIN	UNIQUE	ADVENTURER	ANY	ANY	7	445	200	O cerco — etapa 38	A vida de aventureiro começa com trabalhos aparentemente pequenos. Aos poucos, contratos se conectam, cidades passam a depender de suas decisões e a Guilda deixa de ser apenas um lugar onde se pega uma missão. Quando a guerra entre os dez reinos explode, suas escolhas anteriores determinam quais aliados ainda confiam em você. No fim da jornada, o despertar de um grande dragão transforma uma carreira em lenda.	Seguir o caminho proposto e assumir o risco.	life:ADVENTURER&!flag:story_adventurer_38&flag:story_adventurer_37	END	xp=104;reputation=1;flag:story_adventurer_38=1	END	xp=52;flag:story_adventurer_38=1		Procurar uma alternativa antes de agir.	life:ADVENTURER&!flag:story_adventurer_38&flag:story_adventurer_37	END	xp=57;flag:story_adventurer_38=1	END	fatigue=1;flag:story_adventurer_38=1		PROGRESSION;EPIC	life:ADVENTURER&!flag:story_adventurer_38&flag:story_adventurer_37	0
STORY_ADVENTURER_039	CHAIN	UNIQUE	ADVENTURER	ANY	ANY	7	457	200	O cerco — etapa 39	A vida de aventureiro começa com trabalhos aparentemente pequenos. Aos poucos, contratos se conectam, cidades passam a depender de suas decisões e a Guilda deixa de ser apenas um lugar onde se pega uma missão. Quando a guerra entre os dez reinos explode, suas escolhas anteriores determinam quais aliados ainda confiam em você. No fim da jornada, o despertar de um grande dragão transforma uma carreira em lenda.	Seguir o caminho proposto e assumir o risco.	life:ADVENTURER&!flag:story_adventurer_39&flag:story_adventurer_38	END	xp=106;reputation=1;flag:story_adventurer_39=1	END	xp=53;flag:story_adventurer_39=1		Procurar uma alternativa antes de agir.	life:ADVENTURER&!flag:story_adventurer_39&flag:story_adventurer_38	END	xp=58;flag:story_adventurer_39=1	END	fatigue=1;flag:story_adventurer_39=1		PROGRESSION;EPIC	life:ADVENTURER&!flag:story_adventurer_39&flag:story_adventurer_38	0
STORY_ADVENTURER_040	CHAIN	UNIQUE	ADVENTURER	ANY	ANY	7	469	200	O cerco — etapa 40	A vida de aventureiro começa com trabalhos aparentemente pequenos. Aos poucos, contratos se conectam, cidades passam a depender de suas decisões e a Guilda deixa de ser apenas um lugar onde se pega uma missão. Quando a guerra entre os dez reinos explode, suas escolhas anteriores determinam quais aliados ainda confiam em você. No fim da jornada, o despertar de um grande dragão transforma uma carreira em lenda.	Seguir o caminho proposto e assumir o risco.	life:ADVENTURER&!flag:story_adventurer_40&flag:story_adventurer_39	END	xp=108;reputation=1;flag:story_adventurer_40=1	END	xp=54;flag:story_adventurer_40=1		Procurar uma alternativa antes de agir.	life:ADVENTURER&!flag:story_adventurer_40&flag:story_adventurer_39	END	xp=59;flag:story_adventurer_40=1	END	fatigue=1;flag:story_adventurer_40=1		PROGRESSION;EPIC	life:ADVENTURER&!flag:story_adventurer_40&flag:story_adventurer_39	0
STORY_ADVENTURER_041	CHAIN	UNIQUE	ADVENTURER	ANY	ANY	7	481	200	A aliança — etapa 41	A vida de aventureiro começa com trabalhos aparentemente pequenos. Aos poucos, contratos se conectam, cidades passam a depender de suas decisões e a Guilda deixa de ser apenas um lugar onde se pega uma missão. Quando a guerra entre os dez reinos explode, suas escolhas anteriores determinam quais aliados ainda confiam em você. No fim da jornada, o despertar de um grande dragão transforma uma carreira em lenda.	Seguir o caminho proposto e assumir o risco.	life:ADVENTURER&!flag:story_adventurer_41&flag:story_adventurer_40	END	xp=110;reputation=1;flag:story_adventurer_41=1	END	xp=55;flag:story_adventurer_41=1		Procurar uma alternativa antes de agir.	life:ADVENTURER&!flag:story_adventurer_41&flag:story_adventurer_40	END	xp=60;flag:story_adventurer_41=1	END	fatigue=1;flag:story_adventurer_41=1		PROGRESSION;EPIC	life:ADVENTURER&!flag:story_adventurer_41&flag:story_adventurer_40	0
STORY_ADVENTURER_042	CHAIN	UNIQUE	ADVENTURER	ANY	ANY	7	493	200	A aliança — etapa 42	A vida de aventureiro começa com trabalhos aparentemente pequenos. Aos poucos, contratos se conectam, cidades passam a depender de suas decisões e a Guilda deixa de ser apenas um lugar onde se pega uma missão. Quando a guerra entre os dez reinos explode, suas escolhas anteriores determinam quais aliados ainda confiam em você. No fim da jornada, o despertar de um grande dragão transforma uma carreira em lenda.	Seguir o caminho proposto e assumir o risco.	life:ADVENTURER&!flag:story_adventurer_42&flag:story_adventurer_41	END	xp=112;reputation=1;flag:story_adventurer_42=1	END	xp=56;flag:story_adventurer_42=1		Procurar uma alternativa antes de agir.	life:ADVENTURER&!flag:story_adventurer_42&flag:story_adventurer_41	END	xp=61;flag:story_adventurer_42=1	END	fatigue=1;flag:story_adventurer_42=1		PROGRESSION;EPIC	life:ADVENTURER&!flag:story_adventurer_42&flag:story_adventurer_41	0
STORY_ADVENTURER_043	CHAIN	UNIQUE	ADVENTURER	ANY	ANY	8	505	200	A aliança — etapa 43	A vida de aventureiro começa com trabalhos aparentemente pequenos. Aos poucos, contratos se conectam, cidades passam a depender de suas decisões e a Guilda deixa de ser apenas um lugar onde se pega uma missão. Quando a guerra entre os dez reinos explode, suas escolhas anteriores determinam quais aliados ainda confiam em você. No fim da jornada, o despertar de um grande dragão transforma uma carreira em lenda.	Seguir o caminho proposto e assumir o risco.	life:ADVENTURER&!flag:story_adventurer_43&flag:story_adventurer_42	END	xp=114;reputation=1;flag:story_adventurer_43=1	END	xp=57;flag:story_adventurer_43=1		Procurar uma alternativa antes de agir.	life:ADVENTURER&!flag:story_adventurer_43&flag:story_adventurer_42	END	xp=62;flag:story_adventurer_43=1	END	fatigue=1;flag:story_adventurer_43=1		PROGRESSION;EPIC	life:ADVENTURER&!flag:story_adventurer_43&flag:story_adventurer_42	0
STORY_ADVENTURER_044	CHAIN	UNIQUE	ADVENTURER	ANY	ANY	8	517	200	A aliança — etapa 44	A vida de aventureiro começa com trabalhos aparentemente pequenos. Aos poucos, contratos se conectam, cidades passam a depender de suas decisões e a Guilda deixa de ser apenas um lugar onde se pega uma missão. Quando a guerra entre os dez reinos explode, suas escolhas anteriores determinam quais aliados ainda confiam em você. No fim da jornada, o despertar de um grande dragão transforma uma carreira em lenda.	Seguir o caminho proposto e assumir o risco.	life:ADVENTURER&!flag:story_adventurer_44&flag:story_adventurer_43	END	xp=116;reputation=1;flag:story_adventurer_44=1	END	xp=58;flag:story_adventurer_44=1		Procurar uma alternativa antes de agir.	life:ADVENTURER&!flag:story_adventurer_44&flag:story_adventurer_43	END	xp=63;flag:story_adventurer_44=1	END	fatigue=1;flag:story_adventurer_44=1		PROGRESSION;EPIC	life:ADVENTURER&!flag:story_adventurer_44&flag:story_adventurer_43	0
STORY_ADVENTURER_045	CHAIN	UNIQUE	ADVENTURER	ANY	ANY	8	529	200	A aliança — etapa 45	A vida de aventureiro começa com trabalhos aparentemente pequenos. Aos poucos, contratos se conectam, cidades passam a depender de suas decisões e a Guilda deixa de ser apenas um lugar onde se pega uma missão. Quando a guerra entre os dez reinos explode, suas escolhas anteriores determinam quais aliados ainda confiam em você. No fim da jornada, o despertar de um grande dragão transforma uma carreira em lenda.	Seguir o caminho proposto e assumir o risco.	life:ADVENTURER&!flag:story_adventurer_45&flag:story_adventurer_44	END	xp=118;reputation=1;flag:story_adventurer_45=1	END	xp=59;flag:story_adventurer_45=1		Procurar uma alternativa antes de agir.	life:ADVENTURER&!flag:story_adventurer_45&flag:story_adventurer_44	END	xp=64;flag:story_adventurer_45=1	END	fatigue=1;flag:story_adventurer_45=1		PROGRESSION;EPIC	life:ADVENTURER&!flag:story_adventurer_45&flag:story_adventurer_44	0
STORY_ADVENTURER_046	CHAIN	UNIQUE	ADVENTURER	ANY	ANY	8	541	200	A guerra dos dez reinos — etapa 46	A vida de aventureiro começa com trabalhos aparentemente pequenos. Aos poucos, contratos se conectam, cidades passam a depender de suas decisões e a Guilda deixa de ser apenas um lugar onde se pega uma missão. Quando a guerra entre os dez reinos explode, suas escolhas anteriores determinam quais aliados ainda confiam em você. No fim da jornada, o despertar de um grande dragão transforma uma carreira em lenda.	Seguir o caminho proposto e assumir o risco.	life:ADVENTURER&!flag:story_adventurer_46&flag:story_adventurer_45	END	xp=120;reputation=1;flag:story_adventurer_46=1	END	xp=60;flag:story_adventurer_46=1		Procurar uma alternativa antes de agir.	life:ADVENTURER&!flag:story_adventurer_46&flag:story_adventurer_45	END	xp=65;flag:story_adventurer_46=1	END	fatigue=1;flag:story_adventurer_46=1		PROGRESSION;EPIC	life:ADVENTURER&!flag:story_adventurer_46&flag:story_adventurer_45	0
STORY_ADVENTURER_047	CHAIN	UNIQUE	ADVENTURER	ANY	ANY	8	553	200	A guerra dos dez reinos — etapa 47	A vida de aventureiro começa com trabalhos aparentemente pequenos. Aos poucos, contratos se conectam, cidades passam a depender de suas decisões e a Guilda deixa de ser apenas um lugar onde se pega uma missão. Quando a guerra entre os dez reinos explode, suas escolhas anteriores determinam quais aliados ainda confiam em você. No fim da jornada, o despertar de um grande dragão transforma uma carreira em lenda.	Seguir o caminho proposto e assumir o risco.	life:ADVENTURER&!flag:story_adventurer_47&flag:story_adventurer_46	END	xp=122;reputation=1;flag:story_adventurer_47=1	END	xp=61;flag:story_adventurer_47=1		Procurar uma alternativa antes de agir.	life:ADVENTURER&!flag:story_adventurer_47&flag:story_adventurer_46	END	xp=66;flag:story_adventurer_47=1	END	fatigue=1;flag:story_adventurer_47=1		PROGRESSION;EPIC	life:ADVENTURER&!flag:story_adventurer_47&flag:story_adventurer_46	0
STORY_ADVENTURER_048	CHAIN	UNIQUE	ADVENTURER	ANY	ANY	8	565	200	A guerra dos dez reinos — etapa 48	A vida de aventureiro começa com trabalhos aparentemente pequenos. Aos poucos, contratos se conectam, cidades passam a depender de suas decisões e a Guilda deixa de ser apenas um lugar onde se pega uma missão. Quando a guerra entre os dez reinos explode, suas escolhas anteriores determinam quais aliados ainda confiam em você. No fim da jornada, o despertar de um grande dragão transforma uma carreira em lenda.	Seguir o caminho proposto e assumir o risco.	life:ADVENTURER&!flag:story_adventurer_48&flag:story_adventurer_47	END	xp=124;reputation=1;flag:story_adventurer_48=1	END	xp=62;flag:story_adventurer_48=1		Procurar uma alternativa antes de agir.	life:ADVENTURER&!flag:story_adventurer_48&flag:story_adventurer_47	END	xp=67;flag:story_adventurer_48=1	END	fatigue=1;flag:story_adventurer_48=1		PROGRESSION;EPIC	life:ADVENTURER&!flag:story_adventurer_48&flag:story_adventurer_47	0
STORY_ADVENTURER_049	CHAIN	UNIQUE	ADVENTURER	ANY	ANY	9	577	200	A guerra dos dez reinos — etapa 49	A vida de aventureiro começa com trabalhos aparentemente pequenos. Aos poucos, contratos se conectam, cidades passam a depender de suas decisões e a Guilda deixa de ser apenas um lugar onde se pega uma missão. Quando a guerra entre os dez reinos explode, suas escolhas anteriores determinam quais aliados ainda confiam em você. No fim da jornada, o despertar de um grande dragão transforma uma carreira em lenda.	Seguir o caminho proposto e assumir o risco.	life:ADVENTURER&!flag:story_adventurer_49&flag:story_adventurer_48	END	xp=126;reputation=1;flag:story_adventurer_49=1	END	xp=63;flag:story_adventurer_49=1		Procurar uma alternativa antes de agir.	life:ADVENTURER&!flag:story_adventurer_49&flag:story_adventurer_48	END	xp=68;flag:story_adventurer_49=1	END	fatigue=1;flag:story_adventurer_49=1		PROGRESSION;EPIC	life:ADVENTURER&!flag:story_adventurer_49&flag:story_adventurer_48	0
STORY_ADVENTURER_050	CHAIN	UNIQUE	ADVENTURER	ANY	ANY	9	589	200	A guerra dos dez reinos — etapa 50	A vida de aventureiro começa com trabalhos aparentemente pequenos. Aos poucos, contratos se conectam, cidades passam a depender de suas decisões e a Guilda deixa de ser apenas um lugar onde se pega uma missão. Quando a guerra entre os dez reinos explode, suas escolhas anteriores determinam quais aliados ainda confiam em você. No fim da jornada, o despertar de um grande dragão transforma uma carreira em lenda.	Seguir o caminho proposto e assumir o risco.	life:ADVENTURER&!flag:story_adventurer_50&flag:story_adventurer_49	END	xp=128;reputation=1;flag:story_adventurer_50=1	END	xp=64;flag:story_adventurer_50=1		Procurar uma alternativa antes de agir.	life:ADVENTURER&!flag:story_adventurer_50&flag:story_adventurer_49	END	xp=69;flag:story_adventurer_50=1	END	fatigue=1;flag:story_adventurer_50=1		PROGRESSION;EPIC	life:ADVENTURER&!flag:story_adventurer_50&flag:story_adventurer_49	0
STORY_ADVENTURER_051	CHAIN	UNIQUE	ADVENTURER	ANY	ANY	9	601	200	O dragão desperta — etapa 51	A vida de aventureiro começa com trabalhos aparentemente pequenos. Aos poucos, contratos se conectam, cidades passam a depender de suas decisões e a Guilda deixa de ser apenas um lugar onde se pega uma missão. Quando a guerra entre os dez reinos explode, suas escolhas anteriores determinam quais aliados ainda confiam em você. No fim da jornada, o despertar de um grande dragão transforma uma carreira em lenda.	Seguir o caminho proposto e assumir o risco.	life:ADVENTURER&!flag:story_adventurer_51&flag:story_adventurer_50	END	xp=130;reputation=1;flag:story_adventurer_51=1	END	xp=65;flag:story_adventurer_51=1		Procurar uma alternativa antes de agir.	life:ADVENTURER&!flag:story_adventurer_51&flag:story_adventurer_50	END	xp=70;flag:story_adventurer_51=1	END	fatigue=1;flag:story_adventurer_51=1		PROGRESSION;EPIC	life:ADVENTURER&!flag:story_adventurer_51&flag:story_adventurer_50	0
STORY_ADVENTURER_052	CHAIN	UNIQUE	ADVENTURER	ANY	ANY	9	613	200	O dragão desperta — etapa 52	A vida de aventureiro começa com trabalhos aparentemente pequenos. Aos poucos, contratos se conectam, cidades passam a depender de suas decisões e a Guilda deixa de ser apenas um lugar onde se pega uma missão. Quando a guerra entre os dez reinos explode, suas escolhas anteriores determinam quais aliados ainda confiam em você. No fim da jornada, o despertar de um grande dragão transforma uma carreira em lenda.	Seguir o caminho proposto e assumir o risco.	life:ADVENTURER&!flag:story_adventurer_52&flag:story_adventurer_51	END	xp=132;reputation=1;flag:story_adventurer_52=1	END	xp=66;flag:story_adventurer_52=1		Procurar uma alternativa antes de agir.	life:ADVENTURER&!flag:story_adventurer_52&flag:story_adventurer_51	END	xp=71;flag:story_adventurer_52=1	END	fatigue=1;flag:story_adventurer_52=1		PROGRESSION;EPIC	life:ADVENTURER&!flag:story_adventurer_52&flag:story_adventurer_51	0
STORY_ADVENTURER_053	CHAIN	UNIQUE	ADVENTURER	ANY	ANY	9	625	200	O dragão desperta — etapa 53	A vida de aventureiro começa com trabalhos aparentemente pequenos. Aos poucos, contratos se conectam, cidades passam a depender de suas decisões e a Guilda deixa de ser apenas um lugar onde se pega uma missão. Quando a guerra entre os dez reinos explode, suas escolhas anteriores determinam quais aliados ainda confiam em você. No fim da jornada, o despertar de um grande dragão transforma uma carreira em lenda.	Seguir o caminho proposto e assumir o risco.	life:ADVENTURER&!flag:story_adventurer_53&flag:story_adventurer_52	END	xp=134;reputation=1;flag:story_adventurer_53=1	END	xp=67;flag:story_adventurer_53=1		Procurar uma alternativa antes de agir.	life:ADVENTURER&!flag:story_adventurer_53&flag:story_adventurer_52	END	xp=72;flag:story_adventurer_53=1	END	fatigue=1;flag:story_adventurer_53=1		PROGRESSION;EPIC	life:ADVENTURER&!flag:story_adventurer_53&flag:story_adventurer_52	0
STORY_ADVENTURER_054	CHAIN	UNIQUE	ADVENTURER	ANY	ANY	9	637	200	O dragão desperta — etapa 54	A vida de aventureiro começa com trabalhos aparentemente pequenos. Aos poucos, contratos se conectam, cidades passam a depender de suas decisões e a Guilda deixa de ser apenas um lugar onde se pega uma missão. Quando a guerra entre os dez reinos explode, suas escolhas anteriores determinam quais aliados ainda confiam em você. No fim da jornada, o despertar de um grande dragão transforma uma carreira em lenda.	Seguir o caminho proposto e assumir o risco.	life:ADVENTURER&!flag:story_adventurer_54&flag:story_adventurer_53	END	xp=136;reputation=1;flag:story_adventurer_54=1	END	xp=68;flag:story_adventurer_54=1		Procurar uma alternativa antes de agir.	life:ADVENTURER&!flag:story_adventurer_54&flag:story_adventurer_53	END	xp=73;flag:story_adventurer_54=1	END	fatigue=1;flag:story_adventurer_54=1		PROGRESSION;EPIC	life:ADVENTURER&!flag:story_adventurer_54&flag:story_adventurer_53	0
STORY_ADVENTURER_055	CHAIN	UNIQUE	ADVENTURER	ANY	ANY	10	649	200	O dragão desperta — etapa 55	A vida de aventureiro começa com trabalhos aparentemente pequenos. Aos poucos, contratos se conectam, cidades passam a depender de suas decisões e a Guilda deixa de ser apenas um lugar onde se pega uma missão. Quando a guerra entre os dez reinos explode, suas escolhas anteriores determinam quais aliados ainda confiam em você. No fim da jornada, o despertar de um grande dragão transforma uma carreira em lenda.	Seguir o caminho proposto e assumir o risco.	life:ADVENTURER&!flag:story_adventurer_55&flag:story_adventurer_54	END	xp=138;reputation=1;flag:story_adventurer_55=1	END	xp=69;flag:story_adventurer_55=1		Procurar uma alternativa antes de agir.	life:ADVENTURER&!flag:story_adventurer_55&flag:story_adventurer_54	END	xp=74;flag:story_adventurer_55=1	END	fatigue=1;flag:story_adventurer_55=1		PROGRESSION;EPIC	life:ADVENTURER&!flag:story_adventurer_55&flag:story_adventurer_54	0
STORY_ADVENTURER_056	CHAIN	UNIQUE	ADVENTURER	ANY	ANY	10	661	200	A última expedição — etapa 56	A vida de aventureiro começa com trabalhos aparentemente pequenos. Aos poucos, contratos se conectam, cidades passam a depender de suas decisões e a Guilda deixa de ser apenas um lugar onde se pega uma missão. Quando a guerra entre os dez reinos explode, suas escolhas anteriores determinam quais aliados ainda confiam em você. No fim da jornada, o despertar de um grande dragão transforma uma carreira em lenda.	Seguir o caminho proposto e assumir o risco.	life:ADVENTURER&!flag:story_adventurer_56&flag:story_adventurer_55	END	xp=140;reputation=1;flag:story_adventurer_56=1	END	xp=70;flag:story_adventurer_56=1		Procurar uma alternativa antes de agir.	life:ADVENTURER&!flag:story_adventurer_56&flag:story_adventurer_55	END	xp=75;flag:story_adventurer_56=1	END	fatigue=1;flag:story_adventurer_56=1		PROGRESSION;EPIC	life:ADVENTURER&!flag:story_adventurer_56&flag:story_adventurer_55	0
STORY_ADVENTURER_057	CHAIN	UNIQUE	ADVENTURER	ANY	ANY	10	673	200	A última expedição — etapa 57	A vida de aventureiro começa com trabalhos aparentemente pequenos. Aos poucos, contratos se conectam, cidades passam a depender de suas decisões e a Guilda deixa de ser apenas um lugar onde se pega uma missão. Quando a guerra entre os dez reinos explode, suas escolhas anteriores determinam quais aliados ainda confiam em você. No fim da jornada, o despertar de um grande dragão transforma uma carreira em lenda.	Seguir o caminho proposto e assumir o risco.	life:ADVENTURER&!flag:story_adventurer_57&flag:story_adventurer_56	END	xp=142;reputation=1;flag:story_adventurer_57=1	END	xp=71;flag:story_adventurer_57=1		Procurar uma alternativa antes de agir.	life:ADVENTURER&!flag:story_adventurer_57&flag:story_adventurer_56	END	xp=76;flag:story_adventurer_57=1	END	fatigue=1;flag:story_adventurer_57=1		PROGRESSION;EPIC	life:ADVENTURER&!flag:story_adventurer_57&flag:story_adventurer_56	0
STORY_ADVENTURER_058	CHAIN	UNIQUE	ADVENTURER	ANY	ANY	10	685	200	A última expedição — etapa 58	A vida de aventureiro começa com trabalhos aparentemente pequenos. Aos poucos, contratos se conectam, cidades passam a depender de suas decisões e a Guilda deixa de ser apenas um lugar onde se pega uma missão. Quando a guerra entre os dez reinos explode, suas escolhas anteriores determinam quais aliados ainda confiam em você. No fim da jornada, o despertar de um grande dragão transforma uma carreira em lenda.	Seguir o caminho proposto e assumir o risco.	life:ADVENTURER&!flag:story_adventurer_58&flag:story_adventurer_57	END	xp=144;reputation=1;flag:story_adventurer_58=1	END	xp=72;flag:story_adventurer_58=1		Procurar uma alternativa antes de agir.	life:ADVENTURER&!flag:story_adventurer_58&flag:story_adventurer_57	END	xp=77;flag:story_adventurer_58=1	END	fatigue=1;flag:story_adventurer_58=1		PROGRESSION;EPIC	life:ADVENTURER&!flag:story_adventurer_58&flag:story_adventurer_57	0
STORY_ADVENTURER_059	CHAIN	UNIQUE	ADVENTURER	ANY	ANY	10	697	200	A última expedição — etapa 59	A vida de aventureiro começa com trabalhos aparentemente pequenos. Aos poucos, contratos se conectam, cidades passam a depender de suas decisões e a Guilda deixa de ser apenas um lugar onde se pega uma missão. Quando a guerra entre os dez reinos explode, suas escolhas anteriores determinam quais aliados ainda confiam em você. No fim da jornada, o despertar de um grande dragão transforma uma carreira em lenda.	Seguir o caminho proposto e assumir o risco.	life:ADVENTURER&!flag:story_adventurer_59&flag:story_adventurer_58	END	xp=146;reputation=1;flag:story_adventurer_59=1	END	xp=73;flag:story_adventurer_59=1		Procurar uma alternativa antes de agir.	life:ADVENTURER&!flag:story_adventurer_59&flag:story_adventurer_58	END	xp=78;flag:story_adventurer_59=1	END	fatigue=1;flag:story_adventurer_59=1		PROGRESSION;EPIC	life:ADVENTURER&!flag:story_adventurer_59&flag:story_adventurer_58	0
STORY_ADVENTURER_060	CHAIN	UNIQUE	ADVENTURER	ANY	ANY	10	709	200	O Grande Dragão — A Última Missão	A guerra entre os dez reinos chegou ao ponto sem retorno. Enquanto exércitos tentam impedir que fronteiras desmoronem, um antigo selo se rompe e um grande dragão desperta. A última missão da sua carreira de aventureiro é reunir aliados, atravessar a zona de guerra e chegar ao coração da criatura. Se vencer, seu nome será levado ao Prólogo como um dos heróis que trouxeram a paz.	Seguir o caminho proposto e assumir o risco.	life:ADVENTURER&!flag:story_adventurer_60&flag:story_adventurer_59	END	xp=500;reputation=25;flag:story_adventurer_60=1;prologue=EPI_0003	END	xp=74;flag:story_adventurer_60=1		Procurar uma alternativa antes de agir.	life:ADVENTURER&!flag:story_adventurer_60&flag:story_adventurer_59	END	xp=250;reputation=5;flag:story_adventurer_60=1;prologue=EPI_0004	END	fatigue=1;flag:story_adventurer_60=1		PROGRESSION;EPIC	life:ADVENTURER&!flag:story_adventurer_60&flag:story_adventurer_59	0
STORY_INDEPENDENT_001	CHAIN	UNIQUE	INDEPENDENT	ANY	ANY	1	1	200	Crônicas do Mago — Etapa 1	Seu caminho mágico começa entre grimórios, professores e experimentos que nem sempre saem como planejado. A cada novo círculo, você descobre que magia não é apenas poder: é responsabilidade, pesquisa e consequência. Quando a guerra dos dez reinos chega, o herói da Guilda precisa de alguém capaz de compreender forças que não podem ser enfrentadas apenas com uma espada. Sua trajetória termina quando, ao lado do herói, você enfrenta o dragão desperto e recebe o título de Grande Sábio.	Seguir o caminho proposto e assumir o risco.	life:INDEPENDENT&!flag:story_independent_1	END	xp=30;reputation=1;flag:story_independent_1=1	END	xp=15;flag:story_independent_1=1		Procurar uma alternativa antes de agir.	life:INDEPENDENT&!flag:story_independent_1	END	xp=20;flag:story_independent_1=1	END	fatigue=1;flag:story_independent_1=1		PROGRESSION;EPIC	life:INDEPENDENT&!flag:story_independent_1	0
STORY_INDEPENDENT_002	CHAIN	UNIQUE	INDEPENDENT	ANY	ANY	1	13	200	Crônicas do Mago — Etapa 2	Seu caminho mágico começa entre grimórios, professores e experimentos que nem sempre saem como planejado. A cada novo círculo, você descobre que magia não é apenas poder: é responsabilidade, pesquisa e consequência. Quando a guerra dos dez reinos chega, o herói da Guilda precisa de alguém capaz de compreender forças que não podem ser enfrentadas apenas com uma espada. Sua trajetória termina quando, ao lado do herói, você enfrenta o dragão desperto e recebe o título de Grande Sábio.	Seguir o caminho proposto e assumir o risco.	life:INDEPENDENT&!flag:story_independent_2&flag:story_independent_1	END	xp=32;reputation=1;flag:story_independent_2=1	END	xp=16;flag:story_independent_2=1		Procurar uma alternativa antes de agir.	life:INDEPENDENT&!flag:story_independent_2&flag:story_independent_1	END	xp=21;flag:story_independent_2=1	END	fatigue=1;flag:story_independent_2=1		PROGRESSION;EPIC	life:INDEPENDENT&!flag:story_independent_2&flag:story_independent_1	0
STORY_INDEPENDENT_003	CHAIN	UNIQUE	INDEPENDENT	ANY	ANY	1	25	200	Crônicas do Mago — Etapa 3	Seu caminho mágico começa entre grimórios, professores e experimentos que nem sempre saem como planejado. A cada novo círculo, você descobre que magia não é apenas poder: é responsabilidade, pesquisa e consequência. Quando a guerra dos dez reinos chega, o herói da Guilda precisa de alguém capaz de compreender forças que não podem ser enfrentadas apenas com uma espada. Sua trajetória termina quando, ao lado do herói, você enfrenta o dragão desperto e recebe o título de Grande Sábio.	Seguir o caminho proposto e assumir o risco.	life:INDEPENDENT&!flag:story_independent_3&flag:story_independent_2	END	xp=34;reputation=1;flag:story_independent_3=1	END	xp=17;flag:story_independent_3=1		Procurar uma alternativa antes de agir.	life:INDEPENDENT&!flag:story_independent_3&flag:story_independent_2	END	xp=22;flag:story_independent_3=1	END	fatigue=1;flag:story_independent_3=1		PROGRESSION;EPIC	life:INDEPENDENT&!flag:story_independent_3&flag:story_independent_2	0
STORY_INDEPENDENT_004	CHAIN	UNIQUE	INDEPENDENT	ANY	ANY	1	37	200	Crônicas do Mago — Etapa 4	Seu caminho mágico começa entre grimórios, professores e experimentos que nem sempre saem como planejado. A cada novo círculo, você descobre que magia não é apenas poder: é responsabilidade, pesquisa e consequência. Quando a guerra dos dez reinos chega, o herói da Guilda precisa de alguém capaz de compreender forças que não podem ser enfrentadas apenas com uma espada. Sua trajetória termina quando, ao lado do herói, você enfrenta o dragão desperto e recebe o título de Grande Sábio.	Seguir o caminho proposto e assumir o risco.	life:INDEPENDENT&!flag:story_independent_4&flag:story_independent_3	END	xp=36;reputation=1;flag:story_independent_4=1	END	xp=18;flag:story_independent_4=1		Procurar uma alternativa antes de agir.	life:INDEPENDENT&!flag:story_independent_4&flag:story_independent_3	END	xp=23;flag:story_independent_4=1	END	fatigue=1;flag:story_independent_4=1		PROGRESSION;EPIC	life:INDEPENDENT&!flag:story_independent_4&flag:story_independent_3	0
STORY_INDEPENDENT_005	CHAIN	UNIQUE	INDEPENDENT	ANY	ANY	1	49	200	Crônicas do Mago — Etapa 5	Seu caminho mágico começa entre grimórios, professores e experimentos que nem sempre saem como planejado. A cada novo círculo, você descobre que magia não é apenas poder: é responsabilidade, pesquisa e consequência. Quando a guerra dos dez reinos chega, o herói da Guilda precisa de alguém capaz de compreender forças que não podem ser enfrentadas apenas com uma espada. Sua trajetória termina quando, ao lado do herói, você enfrenta o dragão desperto e recebe o título de Grande Sábio.	Seguir o caminho proposto e assumir o risco.	life:INDEPENDENT&!flag:story_independent_5&flag:story_independent_4	END	xp=38;reputation=1;flag:story_independent_5=1	END	xp=19;flag:story_independent_5=1		Procurar uma alternativa antes de agir.	life:INDEPENDENT&!flag:story_independent_5&flag:story_independent_4	END	xp=24;flag:story_independent_5=1	END	fatigue=1;flag:story_independent_5=1		PROGRESSION;EPIC	life:INDEPENDENT&!flag:story_independent_5&flag:story_independent_4	0
STORY_INDEPENDENT_006	CHAIN	UNIQUE	INDEPENDENT	ANY	ANY	1	61	200	Crônicas do Mago — Etapa 6	Seu caminho mágico começa entre grimórios, professores e experimentos que nem sempre saem como planejado. A cada novo círculo, você descobre que magia não é apenas poder: é responsabilidade, pesquisa e consequência. Quando a guerra dos dez reinos chega, o herói da Guilda precisa de alguém capaz de compreender forças que não podem ser enfrentadas apenas com uma espada. Sua trajetória termina quando, ao lado do herói, você enfrenta o dragão desperto e recebe o título de Grande Sábio.	Seguir o caminho proposto e assumir o risco.	life:INDEPENDENT&!flag:story_independent_6&flag:story_independent_5	END	xp=40;reputation=1;flag:story_independent_6=1	END	xp=20;flag:story_independent_6=1		Procurar uma alternativa antes de agir.	life:INDEPENDENT&!flag:story_independent_6&flag:story_independent_5	END	xp=25;flag:story_independent_6=1	END	fatigue=1;flag:story_independent_6=1		PROGRESSION;EPIC	life:INDEPENDENT&!flag:story_independent_6&flag:story_independent_5	0
STORY_INDEPENDENT_007	CHAIN	UNIQUE	INDEPENDENT	ANY	ANY	2	73	200	Crônicas do Mago — Etapa 7	Seu caminho mágico começa entre grimórios, professores e experimentos que nem sempre saem como planejado. A cada novo círculo, você descobre que magia não é apenas poder: é responsabilidade, pesquisa e consequência. Quando a guerra dos dez reinos chega, o herói da Guilda precisa de alguém capaz de compreender forças que não podem ser enfrentadas apenas com uma espada. Sua trajetória termina quando, ao lado do herói, você enfrenta o dragão desperto e recebe o título de Grande Sábio.	Seguir o caminho proposto e assumir o risco.	life:INDEPENDENT&!flag:story_independent_7&flag:story_independent_6	END	xp=42;reputation=1;flag:story_independent_7=1	END	xp=21;flag:story_independent_7=1		Procurar uma alternativa antes de agir.	life:INDEPENDENT&!flag:story_independent_7&flag:story_independent_6	END	xp=26;flag:story_independent_7=1	END	fatigue=1;flag:story_independent_7=1		PROGRESSION;EPIC	life:INDEPENDENT&!flag:story_independent_7&flag:story_independent_6	0
STORY_INDEPENDENT_008	CHAIN	UNIQUE	INDEPENDENT	ANY	ANY	2	85	200	Crônicas do Mago — Etapa 8	Seu caminho mágico começa entre grimórios, professores e experimentos que nem sempre saem como planejado. A cada novo círculo, você descobre que magia não é apenas poder: é responsabilidade, pesquisa e consequência. Quando a guerra dos dez reinos chega, o herói da Guilda precisa de alguém capaz de compreender forças que não podem ser enfrentadas apenas com uma espada. Sua trajetória termina quando, ao lado do herói, você enfrenta o dragão desperto e recebe o título de Grande Sábio.	Seguir o caminho proposto e assumir o risco.	life:INDEPENDENT&!flag:story_independent_8&flag:story_independent_7	END	xp=44;reputation=1;flag:story_independent_8=1	END	xp=22;flag:story_independent_8=1		Procurar uma alternativa antes de agir.	life:INDEPENDENT&!flag:story_independent_8&flag:story_independent_7	END	xp=27;flag:story_independent_8=1	END	fatigue=1;flag:story_independent_8=1		PROGRESSION;EPIC	life:INDEPENDENT&!flag:story_independent_8&flag:story_independent_7	0
STORY_INDEPENDENT_009	CHAIN	UNIQUE	INDEPENDENT	ANY	ANY	2	97	200	Crônicas do Mago — Etapa 9	Seu caminho mágico começa entre grimórios, professores e experimentos que nem sempre saem como planejado. A cada novo círculo, você descobre que magia não é apenas poder: é responsabilidade, pesquisa e consequência. Quando a guerra dos dez reinos chega, o herói da Guilda precisa de alguém capaz de compreender forças que não podem ser enfrentadas apenas com uma espada. Sua trajetória termina quando, ao lado do herói, você enfrenta o dragão desperto e recebe o título de Grande Sábio.	Seguir o caminho proposto e assumir o risco.	life:INDEPENDENT&!flag:story_independent_9&flag:story_independent_8	END	xp=46;reputation=1;flag:story_independent_9=1	END	xp=23;flag:story_independent_9=1		Procurar uma alternativa antes de agir.	life:INDEPENDENT&!flag:story_independent_9&flag:story_independent_8	END	xp=28;flag:story_independent_9=1	END	fatigue=1;flag:story_independent_9=1		PROGRESSION;EPIC	life:INDEPENDENT&!flag:story_independent_9&flag:story_independent_8	0
STORY_INDEPENDENT_010	CHAIN	UNIQUE	INDEPENDENT	ANY	ANY	2	109	200	Crônicas do Mago — Etapa 10	Seu caminho mágico começa entre grimórios, professores e experimentos que nem sempre saem como planejado. A cada novo círculo, você descobre que magia não é apenas poder: é responsabilidade, pesquisa e consequência. Quando a guerra dos dez reinos chega, o herói da Guilda precisa de alguém capaz de compreender forças que não podem ser enfrentadas apenas com uma espada. Sua trajetória termina quando, ao lado do herói, você enfrenta o dragão desperto e recebe o título de Grande Sábio.	Seguir o caminho proposto e assumir o risco.	life:INDEPENDENT&!flag:story_independent_10&flag:story_independent_9	END	xp=48;reputation=1;flag:story_independent_10=1	END	xp=24;flag:story_independent_10=1		Procurar uma alternativa antes de agir.	life:INDEPENDENT&!flag:story_independent_10&flag:story_independent_9	END	xp=29;flag:story_independent_10=1	END	fatigue=1;flag:story_independent_10=1		PROGRESSION;EPIC	life:INDEPENDENT&!flag:story_independent_10&flag:story_independent_9	0
STORY_INDEPENDENT_011	CHAIN	UNIQUE	INDEPENDENT	ANY	ANY	2	121	200	Crônicas do Mago — Etapa 11	Seu caminho mágico começa entre grimórios, professores e experimentos que nem sempre saem como planejado. A cada novo círculo, você descobre que magia não é apenas poder: é responsabilidade, pesquisa e consequência. Quando a guerra dos dez reinos chega, o herói da Guilda precisa de alguém capaz de compreender forças que não podem ser enfrentadas apenas com uma espada. Sua trajetória termina quando, ao lado do herói, você enfrenta o dragão desperto e recebe o título de Grande Sábio.	Seguir o caminho proposto e assumir o risco.	life:INDEPENDENT&!flag:story_independent_11&flag:story_independent_10	END	xp=50;reputation=1;flag:story_independent_11=1	END	xp=25;flag:story_independent_11=1		Procurar uma alternativa antes de agir.	life:INDEPENDENT&!flag:story_independent_11&flag:story_independent_10	END	xp=30;flag:story_independent_11=1	END	fatigue=1;flag:story_independent_11=1		PROGRESSION;EPIC	life:INDEPENDENT&!flag:story_independent_11&flag:story_independent_10	0
STORY_INDEPENDENT_012	CHAIN	UNIQUE	INDEPENDENT	ANY	ANY	2	133	200	Crônicas do Mago — Etapa 12	Seu caminho mágico começa entre grimórios, professores e experimentos que nem sempre saem como planejado. A cada novo círculo, você descobre que magia não é apenas poder: é responsabilidade, pesquisa e consequência. Quando a guerra dos dez reinos chega, o herói da Guilda precisa de alguém capaz de compreender forças que não podem ser enfrentadas apenas com uma espada. Sua trajetória termina quando, ao lado do herói, você enfrenta o dragão desperto e recebe o título de Grande Sábio.	Seguir o caminho proposto e assumir o risco.	life:INDEPENDENT&!flag:story_independent_12&flag:story_independent_11	END	xp=52;reputation=1;flag:story_independent_12=1	END	xp=26;flag:story_independent_12=1		Procurar uma alternativa antes de agir.	life:INDEPENDENT&!flag:story_independent_12&flag:story_independent_11	END	xp=31;flag:story_independent_12=1	END	fatigue=1;flag:story_independent_12=1		PROGRESSION;EPIC	life:INDEPENDENT&!flag:story_independent_12&flag:story_independent_11	0
STORY_INDEPENDENT_013	CHAIN	UNIQUE	INDEPENDENT	ANY	ANY	3	145	200	Crônicas do Mago — Etapa 13	Seu caminho mágico começa entre grimórios, professores e experimentos que nem sempre saem como planejado. A cada novo círculo, você descobre que magia não é apenas poder: é responsabilidade, pesquisa e consequência. Quando a guerra dos dez reinos chega, o herói da Guilda precisa de alguém capaz de compreender forças que não podem ser enfrentadas apenas com uma espada. Sua trajetória termina quando, ao lado do herói, você enfrenta o dragão desperto e recebe o título de Grande Sábio.	Seguir o caminho proposto e assumir o risco.	life:INDEPENDENT&!flag:story_independent_13&flag:story_independent_12	END	xp=54;reputation=1;flag:story_independent_13=1	END	xp=27;flag:story_independent_13=1		Procurar uma alternativa antes de agir.	life:INDEPENDENT&!flag:story_independent_13&flag:story_independent_12	END	xp=32;flag:story_independent_13=1	END	fatigue=1;flag:story_independent_13=1		PROGRESSION;EPIC	life:INDEPENDENT&!flag:story_independent_13&flag:story_independent_12	0
STORY_INDEPENDENT_014	CHAIN	UNIQUE	INDEPENDENT	ANY	ANY	3	157	200	Crônicas do Mago — Etapa 14	Seu caminho mágico começa entre grimórios, professores e experimentos que nem sempre saem como planejado. A cada novo círculo, você descobre que magia não é apenas poder: é responsabilidade, pesquisa e consequência. Quando a guerra dos dez reinos chega, o herói da Guilda precisa de alguém capaz de compreender forças que não podem ser enfrentadas apenas com uma espada. Sua trajetória termina quando, ao lado do herói, você enfrenta o dragão desperto e recebe o título de Grande Sábio.	Seguir o caminho proposto e assumir o risco.	life:INDEPENDENT&!flag:story_independent_14&flag:story_independent_13	END	xp=56;reputation=1;flag:story_independent_14=1	END	xp=28;flag:story_independent_14=1		Procurar uma alternativa antes de agir.	life:INDEPENDENT&!flag:story_independent_14&flag:story_independent_13	END	xp=33;flag:story_independent_14=1	END	fatigue=1;flag:story_independent_14=1		PROGRESSION;EPIC	life:INDEPENDENT&!flag:story_independent_14&flag:story_independent_13	0
STORY_INDEPENDENT_015	CHAIN	UNIQUE	INDEPENDENT	ANY	ANY	3	169	200	Crônicas do Mago — Etapa 15	Seu caminho mágico começa entre grimórios, professores e experimentos que nem sempre saem como planejado. A cada novo círculo, você descobre que magia não é apenas poder: é responsabilidade, pesquisa e consequência. Quando a guerra dos dez reinos chega, o herói da Guilda precisa de alguém capaz de compreender forças que não podem ser enfrentadas apenas com uma espada. Sua trajetória termina quando, ao lado do herói, você enfrenta o dragão desperto e recebe o título de Grande Sábio.	Seguir o caminho proposto e assumir o risco.	life:INDEPENDENT&!flag:story_independent_15&flag:story_independent_14	END	xp=58;reputation=1;flag:story_independent_15=1	END	xp=29;flag:story_independent_15=1		Procurar uma alternativa antes de agir.	life:INDEPENDENT&!flag:story_independent_15&flag:story_independent_14	END	xp=34;flag:story_independent_15=1	END	fatigue=1;flag:story_independent_15=1		PROGRESSION;EPIC	life:INDEPENDENT&!flag:story_independent_15&flag:story_independent_14	0
STORY_INDEPENDENT_016	CHAIN	UNIQUE	INDEPENDENT	ANY	ANY	3	181	200	Crônicas do Mago — Etapa 16	Seu caminho mágico começa entre grimórios, professores e experimentos que nem sempre saem como planejado. A cada novo círculo, você descobre que magia não é apenas poder: é responsabilidade, pesquisa e consequência. Quando a guerra dos dez reinos chega, o herói da Guilda precisa de alguém capaz de compreender forças que não podem ser enfrentadas apenas com uma espada. Sua trajetória termina quando, ao lado do herói, você enfrenta o dragão desperto e recebe o título de Grande Sábio.	Seguir o caminho proposto e assumir o risco.	life:INDEPENDENT&!flag:story_independent_16&flag:story_independent_15	END	xp=60;reputation=1;flag:story_independent_16=1	END	xp=30;flag:story_independent_16=1		Procurar uma alternativa antes de agir.	life:INDEPENDENT&!flag:story_independent_16&flag:story_independent_15	END	xp=35;flag:story_independent_16=1	END	fatigue=1;flag:story_independent_16=1		PROGRESSION;EPIC	life:INDEPENDENT&!flag:story_independent_16&flag:story_independent_15	0
STORY_INDEPENDENT_017	CHAIN	UNIQUE	INDEPENDENT	ANY	ANY	3	193	200	Crônicas do Mago — Etapa 17	Seu caminho mágico começa entre grimórios, professores e experimentos que nem sempre saem como planejado. A cada novo círculo, você descobre que magia não é apenas poder: é responsabilidade, pesquisa e consequência. Quando a guerra dos dez reinos chega, o herói da Guilda precisa de alguém capaz de compreender forças que não podem ser enfrentadas apenas com uma espada. Sua trajetória termina quando, ao lado do herói, você enfrenta o dragão desperto e recebe o título de Grande Sábio.	Seguir o caminho proposto e assumir o risco.	life:INDEPENDENT&!flag:story_independent_17&flag:story_independent_16	END	xp=62;reputation=1;flag:story_independent_17=1	END	xp=31;flag:story_independent_17=1		Procurar uma alternativa antes de agir.	life:INDEPENDENT&!flag:story_independent_17&flag:story_independent_16	END	xp=36;flag:story_independent_17=1	END	fatigue=1;flag:story_independent_17=1		PROGRESSION;EPIC	life:INDEPENDENT&!flag:story_independent_17&flag:story_independent_16	0
STORY_INDEPENDENT_018	CHAIN	UNIQUE	INDEPENDENT	ANY	ANY	3	205	200	Crônicas do Mago — Etapa 18	Seu caminho mágico começa entre grimórios, professores e experimentos que nem sempre saem como planejado. A cada novo círculo, você descobre que magia não é apenas poder: é responsabilidade, pesquisa e consequência. Quando a guerra dos dez reinos chega, o herói da Guilda precisa de alguém capaz de compreender forças que não podem ser enfrentadas apenas com uma espada. Sua trajetória termina quando, ao lado do herói, você enfrenta o dragão desperto e recebe o título de Grande Sábio.	Seguir o caminho proposto e assumir o risco.	life:INDEPENDENT&!flag:story_independent_18&flag:story_independent_17	END	xp=64;reputation=1;flag:story_independent_18=1	END	xp=32;flag:story_independent_18=1		Procurar uma alternativa antes de agir.	life:INDEPENDENT&!flag:story_independent_18&flag:story_independent_17	END	xp=37;flag:story_independent_18=1	END	fatigue=1;flag:story_independent_18=1		PROGRESSION;EPIC	life:INDEPENDENT&!flag:story_independent_18&flag:story_independent_17	0
STORY_INDEPENDENT_019	CHAIN	UNIQUE	INDEPENDENT	ANY	ANY	4	217	200	Crônicas do Mago — Etapa 19	Seu caminho mágico começa entre grimórios, professores e experimentos que nem sempre saem como planejado. A cada novo círculo, você descobre que magia não é apenas poder: é responsabilidade, pesquisa e consequência. Quando a guerra dos dez reinos chega, o herói da Guilda precisa de alguém capaz de compreender forças que não podem ser enfrentadas apenas com uma espada. Sua trajetória termina quando, ao lado do herói, você enfrenta o dragão desperto e recebe o título de Grande Sábio.	Seguir o caminho proposto e assumir o risco.	life:INDEPENDENT&!flag:story_independent_19&flag:story_independent_18	END	xp=66;reputation=1;flag:story_independent_19=1	END	xp=33;flag:story_independent_19=1		Procurar uma alternativa antes de agir.	life:INDEPENDENT&!flag:story_independent_19&flag:story_independent_18	END	xp=38;flag:story_independent_19=1	END	fatigue=1;flag:story_independent_19=1		PROGRESSION;EPIC	life:INDEPENDENT&!flag:story_independent_19&flag:story_independent_18	0
STORY_INDEPENDENT_020	CHAIN	UNIQUE	INDEPENDENT	ANY	ANY	4	229	200	Crônicas do Mago — Etapa 20	Seu caminho mágico começa entre grimórios, professores e experimentos que nem sempre saem como planejado. A cada novo círculo, você descobre que magia não é apenas poder: é responsabilidade, pesquisa e consequência. Quando a guerra dos dez reinos chega, o herói da Guilda precisa de alguém capaz de compreender forças que não podem ser enfrentadas apenas com uma espada. Sua trajetória termina quando, ao lado do herói, você enfrenta o dragão desperto e recebe o título de Grande Sábio.	Seguir o caminho proposto e assumir o risco.	life:INDEPENDENT&!flag:story_independent_20&flag:story_independent_19	END	xp=68;reputation=1;flag:story_independent_20=1	END	xp=34;flag:story_independent_20=1		Procurar uma alternativa antes de agir.	life:INDEPENDENT&!flag:story_independent_20&flag:story_independent_19	END	xp=39;flag:story_independent_20=1	END	fatigue=1;flag:story_independent_20=1		PROGRESSION;EPIC	life:INDEPENDENT&!flag:story_independent_20&flag:story_independent_19	0
STORY_INDEPENDENT_021	CHAIN	UNIQUE	INDEPENDENT	ANY	ANY	4	241	200	Crônicas do Mago — Etapa 21	Seu caminho mágico começa entre grimórios, professores e experimentos que nem sempre saem como planejado. A cada novo círculo, você descobre que magia não é apenas poder: é responsabilidade, pesquisa e consequência. Quando a guerra dos dez reinos chega, o herói da Guilda precisa de alguém capaz de compreender forças que não podem ser enfrentadas apenas com uma espada. Sua trajetória termina quando, ao lado do herói, você enfrenta o dragão desperto e recebe o título de Grande Sábio.	Seguir o caminho proposto e assumir o risco.	life:INDEPENDENT&!flag:story_independent_21&flag:story_independent_20	END	xp=70;reputation=1;flag:story_independent_21=1	END	xp=35;flag:story_independent_21=1		Procurar uma alternativa antes de agir.	life:INDEPENDENT&!flag:story_independent_21&flag:story_independent_20	END	xp=40;flag:story_independent_21=1	END	fatigue=1;flag:story_independent_21=1		PROGRESSION;EPIC	life:INDEPENDENT&!flag:story_independent_21&flag:story_independent_20	0
STORY_INDEPENDENT_022	CHAIN	UNIQUE	INDEPENDENT	ANY	ANY	4	253	200	Crônicas do Mago — Etapa 22	Seu caminho mágico começa entre grimórios, professores e experimentos que nem sempre saem como planejado. A cada novo círculo, você descobre que magia não é apenas poder: é responsabilidade, pesquisa e consequência. Quando a guerra dos dez reinos chega, o herói da Guilda precisa de alguém capaz de compreender forças que não podem ser enfrentadas apenas com uma espada. Sua trajetória termina quando, ao lado do herói, você enfrenta o dragão desperto e recebe o título de Grande Sábio.	Seguir o caminho proposto e assumir o risco.	life:INDEPENDENT&!flag:story_independent_22&flag:story_independent_21	END	xp=72;reputation=1;flag:story_independent_22=1	END	xp=36;flag:story_independent_22=1		Procurar uma alternativa antes de agir.	life:INDEPENDENT&!flag:story_independent_22&flag:story_independent_21	END	xp=41;flag:story_independent_22=1	END	fatigue=1;flag:story_independent_22=1		PROGRESSION;EPIC	life:INDEPENDENT&!flag:story_independent_22&flag:story_independent_21	0
STORY_INDEPENDENT_023	CHAIN	UNIQUE	INDEPENDENT	ANY	ANY	4	265	200	Crônicas do Mago — Etapa 23	Seu caminho mágico começa entre grimórios, professores e experimentos que nem sempre saem como planejado. A cada novo círculo, você descobre que magia não é apenas poder: é responsabilidade, pesquisa e consequência. Quando a guerra dos dez reinos chega, o herói da Guilda precisa de alguém capaz de compreender forças que não podem ser enfrentadas apenas com uma espada. Sua trajetória termina quando, ao lado do herói, você enfrenta o dragão desperto e recebe o título de Grande Sábio.	Seguir o caminho proposto e assumir o risco.	life:INDEPENDENT&!flag:story_independent_23&flag:story_independent_22	END	xp=74;reputation=1;flag:story_independent_23=1	END	xp=37;flag:story_independent_23=1		Procurar uma alternativa antes de agir.	life:INDEPENDENT&!flag:story_independent_23&flag:story_independent_22	END	xp=42;flag:story_independent_23=1	END	fatigue=1;flag:story_independent_23=1		PROGRESSION;EPIC	life:INDEPENDENT&!flag:story_independent_23&flag:story_independent_22	0
STORY_INDEPENDENT_024	CHAIN	UNIQUE	INDEPENDENT	ANY	ANY	4	277	200	Crônicas do Mago — Etapa 24	Seu caminho mágico começa entre grimórios, professores e experimentos que nem sempre saem como planejado. A cada novo círculo, você descobre que magia não é apenas poder: é responsabilidade, pesquisa e consequência. Quando a guerra dos dez reinos chega, o herói da Guilda precisa de alguém capaz de compreender forças que não podem ser enfrentadas apenas com uma espada. Sua trajetória termina quando, ao lado do herói, você enfrenta o dragão desperto e recebe o título de Grande Sábio.	Seguir o caminho proposto e assumir o risco.	life:INDEPENDENT&!flag:story_independent_24&flag:story_independent_23	END	xp=76;reputation=1;flag:story_independent_24=1	END	xp=38;flag:story_independent_24=1		Procurar uma alternativa antes de agir.	life:INDEPENDENT&!flag:story_independent_24&flag:story_independent_23	END	xp=43;flag:story_independent_24=1	END	fatigue=1;flag:story_independent_24=1		PROGRESSION;EPIC	life:INDEPENDENT&!flag:story_independent_24&flag:story_independent_23	0
STORY_INDEPENDENT_025	CHAIN	UNIQUE	INDEPENDENT	ANY	ANY	5	289	200	Crônicas do Mago — Etapa 25	Seu caminho mágico começa entre grimórios, professores e experimentos que nem sempre saem como planejado. A cada novo círculo, você descobre que magia não é apenas poder: é responsabilidade, pesquisa e consequência. Quando a guerra dos dez reinos chega, o herói da Guilda precisa de alguém capaz de compreender forças que não podem ser enfrentadas apenas com uma espada. Sua trajetória termina quando, ao lado do herói, você enfrenta o dragão desperto e recebe o título de Grande Sábio.	Seguir o caminho proposto e assumir o risco.	life:INDEPENDENT&!flag:story_independent_25&flag:story_independent_24	END	xp=78;reputation=1;flag:story_independent_25=1	END	xp=39;flag:story_independent_25=1		Procurar uma alternativa antes de agir.	life:INDEPENDENT&!flag:story_independent_25&flag:story_independent_24	END	xp=44;flag:story_independent_25=1	END	fatigue=1;flag:story_independent_25=1		PROGRESSION;EPIC	life:INDEPENDENT&!flag:story_independent_25&flag:story_independent_24	0
STORY_INDEPENDENT_026	CHAIN	UNIQUE	INDEPENDENT	ANY	ANY	5	301	200	Crônicas do Mago — Etapa 26	Seu caminho mágico começa entre grimórios, professores e experimentos que nem sempre saem como planejado. A cada novo círculo, você descobre que magia não é apenas poder: é responsabilidade, pesquisa e consequência. Quando a guerra dos dez reinos chega, o herói da Guilda precisa de alguém capaz de compreender forças que não podem ser enfrentadas apenas com uma espada. Sua trajetória termina quando, ao lado do herói, você enfrenta o dragão desperto e recebe o título de Grande Sábio.	Seguir o caminho proposto e assumir o risco.	life:INDEPENDENT&!flag:story_independent_26&flag:story_independent_25	END	xp=80;reputation=1;flag:story_independent_26=1	END	xp=40;flag:story_independent_26=1		Procurar uma alternativa antes de agir.	life:INDEPENDENT&!flag:story_independent_26&flag:story_independent_25	END	xp=45;flag:story_independent_26=1	END	fatigue=1;flag:story_independent_26=1		PROGRESSION;EPIC	life:INDEPENDENT&!flag:story_independent_26&flag:story_independent_25	0
STORY_INDEPENDENT_027	CHAIN	UNIQUE	INDEPENDENT	ANY	ANY	5	313	200	Crônicas do Mago — Etapa 27	Seu caminho mágico começa entre grimórios, professores e experimentos que nem sempre saem como planejado. A cada novo círculo, você descobre que magia não é apenas poder: é responsabilidade, pesquisa e consequência. Quando a guerra dos dez reinos chega, o herói da Guilda precisa de alguém capaz de compreender forças que não podem ser enfrentadas apenas com uma espada. Sua trajetória termina quando, ao lado do herói, você enfrenta o dragão desperto e recebe o título de Grande Sábio.	Seguir o caminho proposto e assumir o risco.	life:INDEPENDENT&!flag:story_independent_27&flag:story_independent_26	END	xp=82;reputation=1;flag:story_independent_27=1	END	xp=41;flag:story_independent_27=1		Procurar uma alternativa antes de agir.	life:INDEPENDENT&!flag:story_independent_27&flag:story_independent_26	END	xp=46;flag:story_independent_27=1	END	fatigue=1;flag:story_independent_27=1		PROGRESSION;EPIC	life:INDEPENDENT&!flag:story_independent_27&flag:story_independent_26	0
STORY_INDEPENDENT_028	CHAIN	UNIQUE	INDEPENDENT	ANY	ANY	5	325	200	Crônicas do Mago — Etapa 28	Seu caminho mágico começa entre grimórios, professores e experimentos que nem sempre saem como planejado. A cada novo círculo, você descobre que magia não é apenas poder: é responsabilidade, pesquisa e consequência. Quando a guerra dos dez reinos chega, o herói da Guilda precisa de alguém capaz de compreender forças que não podem ser enfrentadas apenas com uma espada. Sua trajetória termina quando, ao lado do herói, você enfrenta o dragão desperto e recebe o título de Grande Sábio.	Seguir o caminho proposto e assumir o risco.	life:INDEPENDENT&!flag:story_independent_28&flag:story_independent_27	END	xp=84;reputation=1;flag:story_independent_28=1	END	xp=42;flag:story_independent_28=1		Procurar uma alternativa antes de agir.	life:INDEPENDENT&!flag:story_independent_28&flag:story_independent_27	END	xp=47;flag:story_independent_28=1	END	fatigue=1;flag:story_independent_28=1		PROGRESSION;EPIC	life:INDEPENDENT&!flag:story_independent_28&flag:story_independent_27	0
STORY_INDEPENDENT_029	CHAIN	UNIQUE	INDEPENDENT	ANY	ANY	5	337	200	Crônicas do Mago — Etapa 29	Seu caminho mágico começa entre grimórios, professores e experimentos que nem sempre saem como planejado. A cada novo círculo, você descobre que magia não é apenas poder: é responsabilidade, pesquisa e consequência. Quando a guerra dos dez reinos chega, o herói da Guilda precisa de alguém capaz de compreender forças que não podem ser enfrentadas apenas com uma espada. Sua trajetória termina quando, ao lado do herói, você enfrenta o dragão desperto e recebe o título de Grande Sábio.	Seguir o caminho proposto e assumir o risco.	life:INDEPENDENT&!flag:story_independent_29&flag:story_independent_28	END	xp=86;reputation=1;flag:story_independent_29=1	END	xp=43;flag:story_independent_29=1		Procurar uma alternativa antes de agir.	life:INDEPENDENT&!flag:story_independent_29&flag:story_independent_28	END	xp=48;flag:story_independent_29=1	END	fatigue=1;flag:story_independent_29=1		PROGRESSION;EPIC	life:INDEPENDENT&!flag:story_independent_29&flag:story_independent_28	0
STORY_INDEPENDENT_030	CHAIN	UNIQUE	INDEPENDENT	ANY	ANY	5	349	200	Crônicas do Mago — Etapa 30	Seu caminho mágico começa entre grimórios, professores e experimentos que nem sempre saem como planejado. A cada novo círculo, você descobre que magia não é apenas poder: é responsabilidade, pesquisa e consequência. Quando a guerra dos dez reinos chega, o herói da Guilda precisa de alguém capaz de compreender forças que não podem ser enfrentadas apenas com uma espada. Sua trajetória termina quando, ao lado do herói, você enfrenta o dragão desperto e recebe o título de Grande Sábio.	Seguir o caminho proposto e assumir o risco.	life:INDEPENDENT&!flag:story_independent_30&flag:story_independent_29	END	xp=88;reputation=1;flag:story_independent_30=1	END	xp=44;flag:story_independent_30=1		Procurar uma alternativa antes de agir.	life:INDEPENDENT&!flag:story_independent_30&flag:story_independent_29	END	xp=49;flag:story_independent_30=1	END	fatigue=1;flag:story_independent_30=1		PROGRESSION;EPIC	life:INDEPENDENT&!flag:story_independent_30&flag:story_independent_29	0
STORY_INDEPENDENT_031	CHAIN	UNIQUE	INDEPENDENT	ANY	ANY	6	361	200	Crônicas do Mago — Etapa 31	Seu caminho mágico começa entre grimórios, professores e experimentos que nem sempre saem como planejado. A cada novo círculo, você descobre que magia não é apenas poder: é responsabilidade, pesquisa e consequência. Quando a guerra dos dez reinos chega, o herói da Guilda precisa de alguém capaz de compreender forças que não podem ser enfrentadas apenas com uma espada. Sua trajetória termina quando, ao lado do herói, você enfrenta o dragão desperto e recebe o título de Grande Sábio.	Seguir o caminho proposto e assumir o risco.	life:INDEPENDENT&!flag:story_independent_31&flag:story_independent_30	END	xp=90;reputation=1;flag:story_independent_31=1	END	xp=45;flag:story_independent_31=1		Procurar uma alternativa antes de agir.	life:INDEPENDENT&!flag:story_independent_31&flag:story_independent_30	END	xp=50;flag:story_independent_31=1	END	fatigue=1;flag:story_independent_31=1		PROGRESSION;EPIC	life:INDEPENDENT&!flag:story_independent_31&flag:story_independent_30	0
STORY_INDEPENDENT_032	CHAIN	UNIQUE	INDEPENDENT	ANY	ANY	6	373	200	Crônicas do Mago — Etapa 32	Seu caminho mágico começa entre grimórios, professores e experimentos que nem sempre saem como planejado. A cada novo círculo, você descobre que magia não é apenas poder: é responsabilidade, pesquisa e consequência. Quando a guerra dos dez reinos chega, o herói da Guilda precisa de alguém capaz de compreender forças que não podem ser enfrentadas apenas com uma espada. Sua trajetória termina quando, ao lado do herói, você enfrenta o dragão desperto e recebe o título de Grande Sábio.	Seguir o caminho proposto e assumir o risco.	life:INDEPENDENT&!flag:story_independent_32&flag:story_independent_31	END	xp=92;reputation=1;flag:story_independent_32=1	END	xp=46;flag:story_independent_32=1		Procurar uma alternativa antes de agir.	life:INDEPENDENT&!flag:story_independent_32&flag:story_independent_31	END	xp=51;flag:story_independent_32=1	END	fatigue=1;flag:story_independent_32=1		PROGRESSION;EPIC	life:INDEPENDENT&!flag:story_independent_32&flag:story_independent_31	0
STORY_INDEPENDENT_033	CHAIN	UNIQUE	INDEPENDENT	ANY	ANY	6	385	200	Crônicas do Mago — Etapa 33	Seu caminho mágico começa entre grimórios, professores e experimentos que nem sempre saem como planejado. A cada novo círculo, você descobre que magia não é apenas poder: é responsabilidade, pesquisa e consequência. Quando a guerra dos dez reinos chega, o herói da Guilda precisa de alguém capaz de compreender forças que não podem ser enfrentadas apenas com uma espada. Sua trajetória termina quando, ao lado do herói, você enfrenta o dragão desperto e recebe o título de Grande Sábio.	Seguir o caminho proposto e assumir o risco.	life:INDEPENDENT&!flag:story_independent_33&flag:story_independent_32	END	xp=94;reputation=1;flag:story_independent_33=1	END	xp=47;flag:story_independent_33=1		Procurar uma alternativa antes de agir.	life:INDEPENDENT&!flag:story_independent_33&flag:story_independent_32	END	xp=52;flag:story_independent_33=1	END	fatigue=1;flag:story_independent_33=1		PROGRESSION;EPIC	life:INDEPENDENT&!flag:story_independent_33&flag:story_independent_32	0
STORY_INDEPENDENT_034	CHAIN	UNIQUE	INDEPENDENT	ANY	ANY	6	397	200	Crônicas do Mago — Etapa 34	Seu caminho mágico começa entre grimórios, professores e experimentos que nem sempre saem como planejado. A cada novo círculo, você descobre que magia não é apenas poder: é responsabilidade, pesquisa e consequência. Quando a guerra dos dez reinos chega, o herói da Guilda precisa de alguém capaz de compreender forças que não podem ser enfrentadas apenas com uma espada. Sua trajetória termina quando, ao lado do herói, você enfrenta o dragão desperto e recebe o título de Grande Sábio.	Seguir o caminho proposto e assumir o risco.	life:INDEPENDENT&!flag:story_independent_34&flag:story_independent_33	END	xp=96;reputation=1;flag:story_independent_34=1	END	xp=48;flag:story_independent_34=1		Procurar uma alternativa antes de agir.	life:INDEPENDENT&!flag:story_independent_34&flag:story_independent_33	END	xp=53;flag:story_independent_34=1	END	fatigue=1;flag:story_independent_34=1		PROGRESSION;EPIC	life:INDEPENDENT&!flag:story_independent_34&flag:story_independent_33	0
STORY_INDEPENDENT_035	CHAIN	UNIQUE	INDEPENDENT	ANY	ANY	6	409	200	Crônicas do Mago — Etapa 35	Seu caminho mágico começa entre grimórios, professores e experimentos que nem sempre saem como planejado. A cada novo círculo, você descobre que magia não é apenas poder: é responsabilidade, pesquisa e consequência. Quando a guerra dos dez reinos chega, o herói da Guilda precisa de alguém capaz de compreender forças que não podem ser enfrentadas apenas com uma espada. Sua trajetória termina quando, ao lado do herói, você enfrenta o dragão desperto e recebe o título de Grande Sábio.	Seguir o caminho proposto e assumir o risco.	life:INDEPENDENT&!flag:story_independent_35&flag:story_independent_34	END	xp=98;reputation=1;flag:story_independent_35=1	END	xp=49;flag:story_independent_35=1		Procurar uma alternativa antes de agir.	life:INDEPENDENT&!flag:story_independent_35&flag:story_independent_34	END	xp=54;flag:story_independent_35=1	END	fatigue=1;flag:story_independent_35=1		PROGRESSION;EPIC	life:INDEPENDENT&!flag:story_independent_35&flag:story_independent_34	0
STORY_INDEPENDENT_036	CHAIN	UNIQUE	INDEPENDENT	ANY	ANY	6	421	200	Crônicas do Mago — Etapa 36	Seu caminho mágico começa entre grimórios, professores e experimentos que nem sempre saem como planejado. A cada novo círculo, você descobre que magia não é apenas poder: é responsabilidade, pesquisa e consequência. Quando a guerra dos dez reinos chega, o herói da Guilda precisa de alguém capaz de compreender forças que não podem ser enfrentadas apenas com uma espada. Sua trajetória termina quando, ao lado do herói, você enfrenta o dragão desperto e recebe o título de Grande Sábio.	Seguir o caminho proposto e assumir o risco.	life:INDEPENDENT&!flag:story_independent_36&flag:story_independent_35	END	xp=100;reputation=1;flag:story_independent_36=1	END	xp=50;flag:story_independent_36=1		Procurar uma alternativa antes de agir.	life:INDEPENDENT&!flag:story_independent_36&flag:story_independent_35	END	xp=55;flag:story_independent_36=1	END	fatigue=1;flag:story_independent_36=1		PROGRESSION;EPIC	life:INDEPENDENT&!flag:story_independent_36&flag:story_independent_35	0
STORY_INDEPENDENT_037	CHAIN	UNIQUE	INDEPENDENT	ANY	ANY	7	433	200	Crônicas do Mago — Etapa 37	Seu caminho mágico começa entre grimórios, professores e experimentos que nem sempre saem como planejado. A cada novo círculo, você descobre que magia não é apenas poder: é responsabilidade, pesquisa e consequência. Quando a guerra dos dez reinos chega, o herói da Guilda precisa de alguém capaz de compreender forças que não podem ser enfrentadas apenas com uma espada. Sua trajetória termina quando, ao lado do herói, você enfrenta o dragão desperto e recebe o título de Grande Sábio.	Seguir o caminho proposto e assumir o risco.	life:INDEPENDENT&!flag:story_independent_37&flag:story_independent_36	END	xp=102;reputation=1;flag:story_independent_37=1	END	xp=51;flag:story_independent_37=1		Procurar uma alternativa antes de agir.	life:INDEPENDENT&!flag:story_independent_37&flag:story_independent_36	END	xp=56;flag:story_independent_37=1	END	fatigue=1;flag:story_independent_37=1		PROGRESSION;EPIC	life:INDEPENDENT&!flag:story_independent_37&flag:story_independent_36	0
STORY_INDEPENDENT_038	CHAIN	UNIQUE	INDEPENDENT	ANY	ANY	7	445	200	Crônicas do Mago — Etapa 38	Seu caminho mágico começa entre grimórios, professores e experimentos que nem sempre saem como planejado. A cada novo círculo, você descobre que magia não é apenas poder: é responsabilidade, pesquisa e consequência. Quando a guerra dos dez reinos chega, o herói da Guilda precisa de alguém capaz de compreender forças que não podem ser enfrentadas apenas com uma espada. Sua trajetória termina quando, ao lado do herói, você enfrenta o dragão desperto e recebe o título de Grande Sábio.	Seguir o caminho proposto e assumir o risco.	life:INDEPENDENT&!flag:story_independent_38&flag:story_independent_37	END	xp=104;reputation=1;flag:story_independent_38=1	END	xp=52;flag:story_independent_38=1		Procurar uma alternativa antes de agir.	life:INDEPENDENT&!flag:story_independent_38&flag:story_independent_37	END	xp=57;flag:story_independent_38=1	END	fatigue=1;flag:story_independent_38=1		PROGRESSION;EPIC	life:INDEPENDENT&!flag:story_independent_38&flag:story_independent_37	0
STORY_INDEPENDENT_039	CHAIN	UNIQUE	INDEPENDENT	ANY	ANY	7	457	200	Crônicas do Mago — Etapa 39	Seu caminho mágico começa entre grimórios, professores e experimentos que nem sempre saem como planejado. A cada novo círculo, você descobre que magia não é apenas poder: é responsabilidade, pesquisa e consequência. Quando a guerra dos dez reinos chega, o herói da Guilda precisa de alguém capaz de compreender forças que não podem ser enfrentadas apenas com uma espada. Sua trajetória termina quando, ao lado do herói, você enfrenta o dragão desperto e recebe o título de Grande Sábio.	Seguir o caminho proposto e assumir o risco.	life:INDEPENDENT&!flag:story_independent_39&flag:story_independent_38	END	xp=106;reputation=1;flag:story_independent_39=1	END	xp=53;flag:story_independent_39=1		Procurar uma alternativa antes de agir.	life:INDEPENDENT&!flag:story_independent_39&flag:story_independent_38	END	xp=58;flag:story_independent_39=1	END	fatigue=1;flag:story_independent_39=1		PROGRESSION;EPIC	life:INDEPENDENT&!flag:story_independent_39&flag:story_independent_38	0
STORY_INDEPENDENT_040	CHAIN	UNIQUE	INDEPENDENT	ANY	ANY	7	469	200	Crônicas do Mago — Etapa 40	Seu caminho mágico começa entre grimórios, professores e experimentos que nem sempre saem como planejado. A cada novo círculo, você descobre que magia não é apenas poder: é responsabilidade, pesquisa e consequência. Quando a guerra dos dez reinos chega, o herói da Guilda precisa de alguém capaz de compreender forças que não podem ser enfrentadas apenas com uma espada. Sua trajetória termina quando, ao lado do herói, você enfrenta o dragão desperto e recebe o título de Grande Sábio.	Seguir o caminho proposto e assumir o risco.	life:INDEPENDENT&!flag:story_independent_40&flag:story_independent_39	END	xp=108;reputation=1;flag:story_independent_40=1	END	xp=54;flag:story_independent_40=1		Procurar uma alternativa antes de agir.	life:INDEPENDENT&!flag:story_independent_40&flag:story_independent_39	END	xp=59;flag:story_independent_40=1	END	fatigue=1;flag:story_independent_40=1		PROGRESSION;EPIC	life:INDEPENDENT&!flag:story_independent_40&flag:story_independent_39	0
STORY_INDEPENDENT_041	CHAIN	UNIQUE	INDEPENDENT	ANY	ANY	7	481	200	Crônicas do Mago — Etapa 41	Seu caminho mágico começa entre grimórios, professores e experimentos que nem sempre saem como planejado. A cada novo círculo, você descobre que magia não é apenas poder: é responsabilidade, pesquisa e consequência. Quando a guerra dos dez reinos chega, o herói da Guilda precisa de alguém capaz de compreender forças que não podem ser enfrentadas apenas com uma espada. Sua trajetória termina quando, ao lado do herói, você enfrenta o dragão desperto e recebe o título de Grande Sábio.	Seguir o caminho proposto e assumir o risco.	life:INDEPENDENT&!flag:story_independent_41&flag:story_independent_40	END	xp=110;reputation=1;flag:story_independent_41=1	END	xp=55;flag:story_independent_41=1		Procurar uma alternativa antes de agir.	life:INDEPENDENT&!flag:story_independent_41&flag:story_independent_40	END	xp=60;flag:story_independent_41=1	END	fatigue=1;flag:story_independent_41=1		PROGRESSION;EPIC	life:INDEPENDENT&!flag:story_independent_41&flag:story_independent_40	0
STORY_INDEPENDENT_042	CHAIN	UNIQUE	INDEPENDENT	ANY	ANY	7	493	200	Crônicas do Mago — Etapa 42	Seu caminho mágico começa entre grimórios, professores e experimentos que nem sempre saem como planejado. A cada novo círculo, você descobre que magia não é apenas poder: é responsabilidade, pesquisa e consequência. Quando a guerra dos dez reinos chega, o herói da Guilda precisa de alguém capaz de compreender forças que não podem ser enfrentadas apenas com uma espada. Sua trajetória termina quando, ao lado do herói, você enfrenta o dragão desperto e recebe o título de Grande Sábio.	Seguir o caminho proposto e assumir o risco.	life:INDEPENDENT&!flag:story_independent_42&flag:story_independent_41	END	xp=112;reputation=1;flag:story_independent_42=1	END	xp=56;flag:story_independent_42=1		Procurar uma alternativa antes de agir.	life:INDEPENDENT&!flag:story_independent_42&flag:story_independent_41	END	xp=61;flag:story_independent_42=1	END	fatigue=1;flag:story_independent_42=1		PROGRESSION;EPIC	life:INDEPENDENT&!flag:story_independent_42&flag:story_independent_41	0
STORY_INDEPENDENT_043	CHAIN	UNIQUE	INDEPENDENT	ANY	ANY	8	505	200	Crônicas do Mago — Etapa 43	Seu caminho mágico começa entre grimórios, professores e experimentos que nem sempre saem como planejado. A cada novo círculo, você descobre que magia não é apenas poder: é responsabilidade, pesquisa e consequência. Quando a guerra dos dez reinos chega, o herói da Guilda precisa de alguém capaz de compreender forças que não podem ser enfrentadas apenas com uma espada. Sua trajetória termina quando, ao lado do herói, você enfrenta o dragão desperto e recebe o título de Grande Sábio.	Seguir o caminho proposto e assumir o risco.	life:INDEPENDENT&!flag:story_independent_43&flag:story_independent_42	END	xp=114;reputation=1;flag:story_independent_43=1	END	xp=57;flag:story_independent_43=1		Procurar uma alternativa antes de agir.	life:INDEPENDENT&!flag:story_independent_43&flag:story_independent_42	END	xp=62;flag:story_independent_43=1	END	fatigue=1;flag:story_independent_43=1		PROGRESSION;EPIC	life:INDEPENDENT&!flag:story_independent_43&flag:story_independent_42	0
STORY_INDEPENDENT_044	CHAIN	UNIQUE	INDEPENDENT	ANY	ANY	8	517	200	Crônicas do Mago — Etapa 44	Seu caminho mágico começa entre grimórios, professores e experimentos que nem sempre saem como planejado. A cada novo círculo, você descobre que magia não é apenas poder: é responsabilidade, pesquisa e consequência. Quando a guerra dos dez reinos chega, o herói da Guilda precisa de alguém capaz de compreender forças que não podem ser enfrentadas apenas com uma espada. Sua trajetória termina quando, ao lado do herói, você enfrenta o dragão desperto e recebe o título de Grande Sábio.	Seguir o caminho proposto e assumir o risco.	life:INDEPENDENT&!flag:story_independent_44&flag:story_independent_43	END	xp=116;reputation=1;flag:story_independent_44=1	END	xp=58;flag:story_independent_44=1		Procurar uma alternativa antes de agir.	life:INDEPENDENT&!flag:story_independent_44&flag:story_independent_43	END	xp=63;flag:story_independent_44=1	END	fatigue=1;flag:story_independent_44=1		PROGRESSION;EPIC	life:INDEPENDENT&!flag:story_independent_44&flag:story_independent_43	0
STORY_INDEPENDENT_045	CHAIN	UNIQUE	INDEPENDENT	ANY	ANY	8	529	200	Crônicas do Mago — Etapa 45	Seu caminho mágico começa entre grimórios, professores e experimentos que nem sempre saem como planejado. A cada novo círculo, você descobre que magia não é apenas poder: é responsabilidade, pesquisa e consequência. Quando a guerra dos dez reinos chega, o herói da Guilda precisa de alguém capaz de compreender forças que não podem ser enfrentadas apenas com uma espada. Sua trajetória termina quando, ao lado do herói, você enfrenta o dragão desperto e recebe o título de Grande Sábio.	Seguir o caminho proposto e assumir o risco.	life:INDEPENDENT&!flag:story_independent_45&flag:story_independent_44	END	xp=118;reputation=1;flag:story_independent_45=1	END	xp=59;flag:story_independent_45=1		Procurar uma alternativa antes de agir.	life:INDEPENDENT&!flag:story_independent_45&flag:story_independent_44	END	xp=64;flag:story_independent_45=1	END	fatigue=1;flag:story_independent_45=1		PROGRESSION;EPIC	life:INDEPENDENT&!flag:story_independent_45&flag:story_independent_44	0
STORY_INDEPENDENT_046	CHAIN	UNIQUE	INDEPENDENT	ANY	ANY	8	541	200	Crônicas do Mago — Etapa 46	Seu caminho mágico começa entre grimórios, professores e experimentos que nem sempre saem como planejado. A cada novo círculo, você descobre que magia não é apenas poder: é responsabilidade, pesquisa e consequência. Quando a guerra dos dez reinos chega, o herói da Guilda precisa de alguém capaz de compreender forças que não podem ser enfrentadas apenas com uma espada. Sua trajetória termina quando, ao lado do herói, você enfrenta o dragão desperto e recebe o título de Grande Sábio.	Seguir o caminho proposto e assumir o risco.	life:INDEPENDENT&!flag:story_independent_46&flag:story_independent_45	END	xp=120;reputation=1;flag:story_independent_46=1	END	xp=60;flag:story_independent_46=1		Procurar uma alternativa antes de agir.	life:INDEPENDENT&!flag:story_independent_46&flag:story_independent_45	END	xp=65;flag:story_independent_46=1	END	fatigue=1;flag:story_independent_46=1		PROGRESSION;EPIC	life:INDEPENDENT&!flag:story_independent_46&flag:story_independent_45	0
STORY_INDEPENDENT_047	CHAIN	UNIQUE	INDEPENDENT	ANY	ANY	8	553	200	Crônicas do Mago — Etapa 47	Seu caminho mágico começa entre grimórios, professores e experimentos que nem sempre saem como planejado. A cada novo círculo, você descobre que magia não é apenas poder: é responsabilidade, pesquisa e consequência. Quando a guerra dos dez reinos chega, o herói da Guilda precisa de alguém capaz de compreender forças que não podem ser enfrentadas apenas com uma espada. Sua trajetória termina quando, ao lado do herói, você enfrenta o dragão desperto e recebe o título de Grande Sábio.	Seguir o caminho proposto e assumir o risco.	life:INDEPENDENT&!flag:story_independent_47&flag:story_independent_46	END	xp=122;reputation=1;flag:story_independent_47=1	END	xp=61;flag:story_independent_47=1		Procurar uma alternativa antes de agir.	life:INDEPENDENT&!flag:story_independent_47&flag:story_independent_46	END	xp=66;flag:story_independent_47=1	END	fatigue=1;flag:story_independent_47=1		PROGRESSION;EPIC	life:INDEPENDENT&!flag:story_independent_47&flag:story_independent_46	0
STORY_INDEPENDENT_048	CHAIN	UNIQUE	INDEPENDENT	ANY	ANY	8	565	200	Crônicas do Mago — Etapa 48	Seu caminho mágico começa entre grimórios, professores e experimentos que nem sempre saem como planejado. A cada novo círculo, você descobre que magia não é apenas poder: é responsabilidade, pesquisa e consequência. Quando a guerra dos dez reinos chega, o herói da Guilda precisa de alguém capaz de compreender forças que não podem ser enfrentadas apenas com uma espada. Sua trajetória termina quando, ao lado do herói, você enfrenta o dragão desperto e recebe o título de Grande Sábio.	Seguir o caminho proposto e assumir o risco.	life:INDEPENDENT&!flag:story_independent_48&flag:story_independent_47	END	xp=124;reputation=1;flag:story_independent_48=1	END	xp=62;flag:story_independent_48=1		Procurar uma alternativa antes de agir.	life:INDEPENDENT&!flag:story_independent_48&flag:story_independent_47	END	xp=67;flag:story_independent_48=1	END	fatigue=1;flag:story_independent_48=1		PROGRESSION;EPIC	life:INDEPENDENT&!flag:story_independent_48&flag:story_independent_47	0
STORY_INDEPENDENT_049	CHAIN	UNIQUE	INDEPENDENT	ANY	ANY	9	577	200	Crônicas do Mago — Etapa 49	Seu caminho mágico começa entre grimórios, professores e experimentos que nem sempre saem como planejado. A cada novo círculo, você descobre que magia não é apenas poder: é responsabilidade, pesquisa e consequência. Quando a guerra dos dez reinos chega, o herói da Guilda precisa de alguém capaz de compreender forças que não podem ser enfrentadas apenas com uma espada. Sua trajetória termina quando, ao lado do herói, você enfrenta o dragão desperto e recebe o título de Grande Sábio.	Seguir o caminho proposto e assumir o risco.	life:INDEPENDENT&!flag:story_independent_49&flag:story_independent_48	END	xp=126;reputation=1;flag:story_independent_49=1	END	xp=63;flag:story_independent_49=1		Procurar uma alternativa antes de agir.	life:INDEPENDENT&!flag:story_independent_49&flag:story_independent_48	END	xp=68;flag:story_independent_49=1	END	fatigue=1;flag:story_independent_49=1		PROGRESSION;EPIC	life:INDEPENDENT&!flag:story_independent_49&flag:story_independent_48	0
STORY_INDEPENDENT_050	CHAIN	UNIQUE	INDEPENDENT	ANY	ANY	9	589	200	Crônicas do Mago — Etapa 50	Seu caminho mágico começa entre grimórios, professores e experimentos que nem sempre saem como planejado. A cada novo círculo, você descobre que magia não é apenas poder: é responsabilidade, pesquisa e consequência. Quando a guerra dos dez reinos chega, o herói da Guilda precisa de alguém capaz de compreender forças que não podem ser enfrentadas apenas com uma espada. Sua trajetória termina quando, ao lado do herói, você enfrenta o dragão desperto e recebe o título de Grande Sábio.	Seguir o caminho proposto e assumir o risco.	life:INDEPENDENT&!flag:story_independent_50&flag:story_independent_49	END	xp=128;reputation=1;flag:story_independent_50=1	END	xp=64;flag:story_independent_50=1		Procurar uma alternativa antes de agir.	life:INDEPENDENT&!flag:story_independent_50&flag:story_independent_49	END	xp=69;flag:story_independent_50=1	END	fatigue=1;flag:story_independent_50=1		PROGRESSION;EPIC	life:INDEPENDENT&!flag:story_independent_50&flag:story_independent_49	0
STORY_INDEPENDENT_051	CHAIN	UNIQUE	INDEPENDENT	ANY	ANY	9	601	200	Crônicas do Mago — Etapa 51	Seu caminho mágico começa entre grimórios, professores e experimentos que nem sempre saem como planejado. A cada novo círculo, você descobre que magia não é apenas poder: é responsabilidade, pesquisa e consequência. Quando a guerra dos dez reinos chega, o herói da Guilda precisa de alguém capaz de compreender forças que não podem ser enfrentadas apenas com uma espada. Sua trajetória termina quando, ao lado do herói, você enfrenta o dragão desperto e recebe o título de Grande Sábio.	Seguir o caminho proposto e assumir o risco.	life:INDEPENDENT&!flag:story_independent_51&flag:story_independent_50	END	xp=130;reputation=1;flag:story_independent_51=1	END	xp=65;flag:story_independent_51=1		Procurar uma alternativa antes de agir.	life:INDEPENDENT&!flag:story_independent_51&flag:story_independent_50	END	xp=70;flag:story_independent_51=1	END	fatigue=1;flag:story_independent_51=1		PROGRESSION;EPIC	life:INDEPENDENT&!flag:story_independent_51&flag:story_independent_50	0
STORY_INDEPENDENT_052	CHAIN	UNIQUE	INDEPENDENT	ANY	ANY	9	613	200	Crônicas do Mago — Etapa 52	Seu caminho mágico começa entre grimórios, professores e experimentos que nem sempre saem como planejado. A cada novo círculo, você descobre que magia não é apenas poder: é responsabilidade, pesquisa e consequência. Quando a guerra dos dez reinos chega, o herói da Guilda precisa de alguém capaz de compreender forças que não podem ser enfrentadas apenas com uma espada. Sua trajetória termina quando, ao lado do herói, você enfrenta o dragão desperto e recebe o título de Grande Sábio.	Seguir o caminho proposto e assumir o risco.	life:INDEPENDENT&!flag:story_independent_52&flag:story_independent_51	END	xp=132;reputation=1;flag:story_independent_52=1	END	xp=66;flag:story_independent_52=1		Procurar uma alternativa antes de agir.	life:INDEPENDENT&!flag:story_independent_52&flag:story_independent_51	END	xp=71;flag:story_independent_52=1	END	fatigue=1;flag:story_independent_52=1		PROGRESSION;EPIC	life:INDEPENDENT&!flag:story_independent_52&flag:story_independent_51	0
STORY_INDEPENDENT_053	CHAIN	UNIQUE	INDEPENDENT	ANY	ANY	9	625	200	Crônicas do Mago — Etapa 53	Seu caminho mágico começa entre grimórios, professores e experimentos que nem sempre saem como planejado. A cada novo círculo, você descobre que magia não é apenas poder: é responsabilidade, pesquisa e consequência. Quando a guerra dos dez reinos chega, o herói da Guilda precisa de alguém capaz de compreender forças que não podem ser enfrentadas apenas com uma espada. Sua trajetória termina quando, ao lado do herói, você enfrenta o dragão desperto e recebe o título de Grande Sábio.	Seguir o caminho proposto e assumir o risco.	life:INDEPENDENT&!flag:story_independent_53&flag:story_independent_52	END	xp=134;reputation=1;flag:story_independent_53=1	END	xp=67;flag:story_independent_53=1		Procurar uma alternativa antes de agir.	life:INDEPENDENT&!flag:story_independent_53&flag:story_independent_52	END	xp=72;flag:story_independent_53=1	END	fatigue=1;flag:story_independent_53=1		PROGRESSION;EPIC	life:INDEPENDENT&!flag:story_independent_53&flag:story_independent_52	0
STORY_INDEPENDENT_054	CHAIN	UNIQUE	INDEPENDENT	ANY	ANY	9	637	200	Crônicas do Mago — Etapa 54	Seu caminho mágico começa entre grimórios, professores e experimentos que nem sempre saem como planejado. A cada novo círculo, você descobre que magia não é apenas poder: é responsabilidade, pesquisa e consequência. Quando a guerra dos dez reinos chega, o herói da Guilda precisa de alguém capaz de compreender forças que não podem ser enfrentadas apenas com uma espada. Sua trajetória termina quando, ao lado do herói, você enfrenta o dragão desperto e recebe o título de Grande Sábio.	Seguir o caminho proposto e assumir o risco.	life:INDEPENDENT&!flag:story_independent_54&flag:story_independent_53	END	xp=136;reputation=1;flag:story_independent_54=1	END	xp=68;flag:story_independent_54=1		Procurar uma alternativa antes de agir.	life:INDEPENDENT&!flag:story_independent_54&flag:story_independent_53	END	xp=73;flag:story_independent_54=1	END	fatigue=1;flag:story_independent_54=1		PROGRESSION;EPIC	life:INDEPENDENT&!flag:story_independent_54&flag:story_independent_53	0
STORY_INDEPENDENT_055	CHAIN	UNIQUE	INDEPENDENT	ANY	ANY	10	649	200	Crônicas do Mago — Etapa 55	Seu caminho mágico começa entre grimórios, professores e experimentos que nem sempre saem como planejado. A cada novo círculo, você descobre que magia não é apenas poder: é responsabilidade, pesquisa e consequência. Quando a guerra dos dez reinos chega, o herói da Guilda precisa de alguém capaz de compreender forças que não podem ser enfrentadas apenas com uma espada. Sua trajetória termina quando, ao lado do herói, você enfrenta o dragão desperto e recebe o título de Grande Sábio.	Seguir o caminho proposto e assumir o risco.	life:INDEPENDENT&!flag:story_independent_55&flag:story_independent_54	END	xp=138;reputation=1;flag:story_independent_55=1	END	xp=69;flag:story_independent_55=1		Procurar uma alternativa antes de agir.	life:INDEPENDENT&!flag:story_independent_55&flag:story_independent_54	END	xp=74;flag:story_independent_55=1	END	fatigue=1;flag:story_independent_55=1		PROGRESSION;EPIC	life:INDEPENDENT&!flag:story_independent_55&flag:story_independent_54	0
STORY_INDEPENDENT_056	CHAIN	UNIQUE	INDEPENDENT	ANY	ANY	10	661	200	Crônicas do Mago — Etapa 56	Seu caminho mágico começa entre grimórios, professores e experimentos que nem sempre saem como planejado. A cada novo círculo, você descobre que magia não é apenas poder: é responsabilidade, pesquisa e consequência. Quando a guerra dos dez reinos chega, o herói da Guilda precisa de alguém capaz de compreender forças que não podem ser enfrentadas apenas com uma espada. Sua trajetória termina quando, ao lado do herói, você enfrenta o dragão desperto e recebe o título de Grande Sábio.	Seguir o caminho proposto e assumir o risco.	life:INDEPENDENT&!flag:story_independent_56&flag:story_independent_55	END	xp=140;reputation=1;flag:story_independent_56=1	END	xp=70;flag:story_independent_56=1		Procurar uma alternativa antes de agir.	life:INDEPENDENT&!flag:story_independent_56&flag:story_independent_55	END	xp=75;flag:story_independent_56=1	END	fatigue=1;flag:story_independent_56=1		PROGRESSION;EPIC	life:INDEPENDENT&!flag:story_independent_56&flag:story_independent_55	0
STORY_INDEPENDENT_057	CHAIN	UNIQUE	INDEPENDENT	ANY	ANY	10	673	200	Crônicas do Mago — Etapa 57	Seu caminho mágico começa entre grimórios, professores e experimentos que nem sempre saem como planejado. A cada novo círculo, você descobre que magia não é apenas poder: é responsabilidade, pesquisa e consequência. Quando a guerra dos dez reinos chega, o herói da Guilda precisa de alguém capaz de compreender forças que não podem ser enfrentadas apenas com uma espada. Sua trajetória termina quando, ao lado do herói, você enfrenta o dragão desperto e recebe o título de Grande Sábio.	Seguir o caminho proposto e assumir o risco.	life:INDEPENDENT&!flag:story_independent_57&flag:story_independent_56	END	xp=142;reputation=1;flag:story_independent_57=1	END	xp=71;flag:story_independent_57=1		Procurar uma alternativa antes de agir.	life:INDEPENDENT&!flag:story_independent_57&flag:story_independent_56	END	xp=76;flag:story_independent_57=1	END	fatigue=1;flag:story_independent_57=1		PROGRESSION;EPIC	life:INDEPENDENT&!flag:story_independent_57&flag:story_independent_56	0
STORY_INDEPENDENT_058	CHAIN	UNIQUE	INDEPENDENT	ANY	ANY	10	685	200	Crônicas do Mago — Etapa 58	Seu caminho mágico começa entre grimórios, professores e experimentos que nem sempre saem como planejado. A cada novo círculo, você descobre que magia não é apenas poder: é responsabilidade, pesquisa e consequência. Quando a guerra dos dez reinos chega, o herói da Guilda precisa de alguém capaz de compreender forças que não podem ser enfrentadas apenas com uma espada. Sua trajetória termina quando, ao lado do herói, você enfrenta o dragão desperto e recebe o título de Grande Sábio.	Seguir o caminho proposto e assumir o risco.	life:INDEPENDENT&!flag:story_independent_58&flag:story_independent_57	END	xp=144;reputation=1;flag:story_independent_58=1	END	xp=72;flag:story_independent_58=1		Procurar uma alternativa antes de agir.	life:INDEPENDENT&!flag:story_independent_58&flag:story_independent_57	END	xp=77;flag:story_independent_58=1	END	fatigue=1;flag:story_independent_58=1		PROGRESSION;EPIC	life:INDEPENDENT&!flag:story_independent_58&flag:story_independent_57	0
STORY_INDEPENDENT_059	CHAIN	UNIQUE	INDEPENDENT	ANY	ANY	10	697	200	Crônicas do Mago — Etapa 59	Seu caminho mágico começa entre grimórios, professores e experimentos que nem sempre saem como planejado. A cada novo círculo, você descobre que magia não é apenas poder: é responsabilidade, pesquisa e consequência. Quando a guerra dos dez reinos chega, o herói da Guilda precisa de alguém capaz de compreender forças que não podem ser enfrentadas apenas com uma espada. Sua trajetória termina quando, ao lado do herói, você enfrenta o dragão desperto e recebe o título de Grande Sábio.	Seguir o caminho proposto e assumir o risco.	life:INDEPENDENT&!flag:story_independent_59&flag:story_independent_58	END	xp=146;reputation=1;flag:story_independent_59=1	END	xp=73;flag:story_independent_59=1		Procurar uma alternativa antes de agir.	life:INDEPENDENT&!flag:story_independent_59&flag:story_independent_58	END	xp=78;flag:story_independent_59=1	END	fatigue=1;flag:story_independent_59=1		PROGRESSION;EPIC	life:INDEPENDENT&!flag:story_independent_59&flag:story_independent_58	0
STORY_INDEPENDENT_060	CHAIN	UNIQUE	INDEPENDENT	ANY	ANY	10	709	200	O Grande Sábio — A Magia Depois da Guerra	Você chega ao fim da guerra ao lado do aventureiro. O dragão despertado não pode ser vencido apenas por força: seus selos, sua magia e seu conhecimento abrem o caminho para o golpe final. Depois da vitória, os reinos reconhecem sua contribuição e lhe concedem o título de Grande Sábio.	Seguir o caminho proposto e assumir o risco.	life:INDEPENDENT&!flag:story_independent_60&flag:story_independent_59	END	xp=500;reputation=25;flag:story_independent_60=1;prologue=EPI_0003	END	xp=74;flag:story_independent_60=1		Procurar uma alternativa antes de agir.	life:INDEPENDENT&!flag:story_independent_60&flag:story_independent_59	END	xp=250;reputation=5;flag:story_independent_60=1;prologue=EPI_0004	END	fatigue=1;flag:story_independent_60=1		PROGRESSION;EPIC	life:INDEPENDENT&!flag:story_independent_60&flag:story_independent_59	0
STORY_VALARYN_001	CHAIN	UNIQUE	VALARYN	ANY	Valdora	1	1	200	Academia de Valdora — Calouro — Etapa 1	As primeiras semanas na Academia misturam teoria, exercícios de Elyth, treinamento de sobrevivência e a difícil arte de conviver com dezenas de colegas talentosos. Seu progresso depende tanto do estudo quanto de como trata as pessoas.	Seguir o caminho proposto e assumir o risco.	life:VALARYN&!flag:story_valaryn_1	END	xp=30;reputation=1;flag:story_valaryn_1=1	END	xp=15;flag:story_valaryn_1=1		Procurar uma alternativa antes de agir.	life:VALARYN&!flag:story_valaryn_1	END	xp=20;flag:story_valaryn_1=1	END	fatigue=1;flag:story_valaryn_1=1		PROGRESSION;EPIC	life:VALARYN&!flag:story_valaryn_1	0
STORY_VALARYN_002	CHAIN	UNIQUE	VALARYN	ANY	Valdora	1	19	200	Academia de Valdora — Calouro — Etapa 2	As primeiras semanas na Academia misturam teoria, exercícios de Elyth, treinamento de sobrevivência e a difícil arte de conviver com dezenas de colegas talentosos. Seu progresso depende tanto do estudo quanto de como trata as pessoas.	Seguir o caminho proposto e assumir o risco.	life:VALARYN&!flag:story_valaryn_2&flag:story_valaryn_1	END	xp=32;reputation=1;flag:story_valaryn_2=1	END	xp=16;flag:story_valaryn_2=1		Procurar uma alternativa antes de agir.	life:VALARYN&!flag:story_valaryn_2&flag:story_valaryn_1	END	xp=21;flag:story_valaryn_2=1	END	fatigue=1;flag:story_valaryn_2=1		PROGRESSION;EPIC	life:VALARYN&!flag:story_valaryn_2&flag:story_valaryn_1	0
STORY_VALARYN_003	CHAIN	UNIQUE	VALARYN	ANY	Valdora	1	37	200	Academia de Valdora — Calouro — Etapa 3	As primeiras semanas na Academia misturam teoria, exercícios de Elyth, treinamento de sobrevivência e a difícil arte de conviver com dezenas de colegas talentosos. Seu progresso depende tanto do estudo quanto de como trata as pessoas.	Seguir o caminho proposto e assumir o risco.	life:VALARYN&!flag:story_valaryn_3&flag:story_valaryn_2	END	xp=34;reputation=1;flag:story_valaryn_3=1	END	xp=17;flag:story_valaryn_3=1		Procurar uma alternativa antes de agir.	life:VALARYN&!flag:story_valaryn_3&flag:story_valaryn_2	END	xp=22;flag:story_valaryn_3=1	END	fatigue=1;flag:story_valaryn_3=1		PROGRESSION;EPIC	life:VALARYN&!flag:story_valaryn_3&flag:story_valaryn_2	0
STORY_VALARYN_004	CHAIN	UNIQUE	VALARYN	ANY	Valdora	1	55	200	Academia de Valdora — Calouro — Etapa 4	As primeiras semanas na Academia misturam teoria, exercícios de Elyth, treinamento de sobrevivência e a difícil arte de conviver com dezenas de colegas talentosos. Seu progresso depende tanto do estudo quanto de como trata as pessoas.	Seguir o caminho proposto e assumir o risco.	life:VALARYN&!flag:story_valaryn_4&flag:story_valaryn_3	END	xp=36;reputation=1;flag:story_valaryn_4=1	END	xp=18;flag:story_valaryn_4=1		Procurar uma alternativa antes de agir.	life:VALARYN&!flag:story_valaryn_4&flag:story_valaryn_3	END	xp=23;flag:story_valaryn_4=1	END	fatigue=1;flag:story_valaryn_4=1		PROGRESSION;EPIC	life:VALARYN&!flag:story_valaryn_4&flag:story_valaryn_3	0
STORY_VALARYN_005	CHAIN	UNIQUE	VALARYN	ANY	Valdora	1	73	200	Academia de Valdora — Calouro — Etapa 5	As primeiras semanas na Academia misturam teoria, exercícios de Elyth, treinamento de sobrevivência e a difícil arte de conviver com dezenas de colegas talentosos. Seu progresso depende tanto do estudo quanto de como trata as pessoas.	Seguir o caminho proposto e assumir o risco.	life:VALARYN&!flag:story_valaryn_5&flag:story_valaryn_4	END	xp=38;reputation=1;flag:story_valaryn_5=1	END	xp=19;flag:story_valaryn_5=1		Procurar uma alternativa antes de agir.	life:VALARYN&!flag:story_valaryn_5&flag:story_valaryn_4	END	xp=24;flag:story_valaryn_5=1	END	fatigue=1;flag:story_valaryn_5=1		PROGRESSION;EPIC	life:VALARYN&!flag:story_valaryn_5&flag:story_valaryn_4	0
STORY_VALARYN_006	CHAIN	UNIQUE	VALARYN	ANY	Valdora	1	91	200	Academia de Valdora — Calouro — Etapa 6	As primeiras semanas na Academia misturam teoria, exercícios de Elyth, treinamento de sobrevivência e a difícil arte de conviver com dezenas de colegas talentosos. Seu progresso depende tanto do estudo quanto de como trata as pessoas.	Seguir o caminho proposto e assumir o risco.	life:VALARYN&!flag:story_valaryn_6&flag:story_valaryn_5	END	xp=40;reputation=1;flag:story_valaryn_6=1	END	xp=20;flag:story_valaryn_6=1		Procurar uma alternativa antes de agir.	life:VALARYN&!flag:story_valaryn_6&flag:story_valaryn_5	END	xp=25;flag:story_valaryn_6=1	END	fatigue=1;flag:story_valaryn_6=1		PROGRESSION;EPIC	life:VALARYN&!flag:story_valaryn_6&flag:story_valaryn_5	0
STORY_VALARYN_007	CHAIN	UNIQUE	VALARYN	ANY	Valdora	2	109	200	Academia de Valdora — Calouro — Etapa 7	As primeiras semanas na Academia misturam teoria, exercícios de Elyth, treinamento de sobrevivência e a difícil arte de conviver com dezenas de colegas talentosos. Seu progresso depende tanto do estudo quanto de como trata as pessoas.	Seguir o caminho proposto e assumir o risco.	life:VALARYN&!flag:story_valaryn_7&flag:story_valaryn_6	END	xp=42;reputation=1;flag:story_valaryn_7=1	END	xp=21;flag:story_valaryn_7=1		Procurar uma alternativa antes de agir.	life:VALARYN&!flag:story_valaryn_7&flag:story_valaryn_6	END	xp=26;flag:story_valaryn_7=1	END	fatigue=1;flag:story_valaryn_7=1		PROGRESSION;EPIC	life:VALARYN&!flag:story_valaryn_7&flag:story_valaryn_6	0
STORY_VALARYN_008	CHAIN	UNIQUE	VALARYN	ANY	Valdora	2	127	200	Academia de Valdora — Calouro — Etapa 8	As primeiras semanas na Academia misturam teoria, exercícios de Elyth, treinamento de sobrevivência e a difícil arte de conviver com dezenas de colegas talentosos. Seu progresso depende tanto do estudo quanto de como trata as pessoas.	Seguir o caminho proposto e assumir o risco.	life:VALARYN&!flag:story_valaryn_8&flag:story_valaryn_7	END	xp=44;reputation=1;flag:story_valaryn_8=1	END	xp=22;flag:story_valaryn_8=1		Procurar uma alternativa antes de agir.	life:VALARYN&!flag:story_valaryn_8&flag:story_valaryn_7	END	xp=27;flag:story_valaryn_8=1	END	fatigue=1;flag:story_valaryn_8=1		PROGRESSION;EPIC	life:VALARYN&!flag:story_valaryn_8&flag:story_valaryn_7	0
STORY_VALARYN_009	CHAIN	UNIQUE	VALARYN	ANY	Valdora	2	145	200	Academia de Valdora — Calouro — Etapa 9	As primeiras semanas na Academia misturam teoria, exercícios de Elyth, treinamento de sobrevivência e a difícil arte de conviver com dezenas de colegas talentosos. Seu progresso depende tanto do estudo quanto de como trata as pessoas.	Seguir o caminho proposto e assumir o risco.	life:VALARYN&!flag:story_valaryn_9&flag:story_valaryn_8	END	xp=46;reputation=1;flag:story_valaryn_9=1	END	xp=23;flag:story_valaryn_9=1		Procurar uma alternativa antes de agir.	life:VALARYN&!flag:story_valaryn_9&flag:story_valaryn_8	END	xp=28;flag:story_valaryn_9=1	END	fatigue=1;flag:story_valaryn_9=1		PROGRESSION;EPIC	life:VALARYN&!flag:story_valaryn_9&flag:story_valaryn_8	0
STORY_VALARYN_010	CHAIN	UNIQUE	VALARYN	ANY	Valdora	2	163	200	Academia de Valdora — Calouro — Etapa 10	As primeiras semanas na Academia misturam teoria, exercícios de Elyth, treinamento de sobrevivência e a difícil arte de conviver com dezenas de colegas talentosos. Seu progresso depende tanto do estudo quanto de como trata as pessoas.	Seguir o caminho proposto e assumir o risco.	life:VALARYN&!flag:story_valaryn_10&flag:story_valaryn_9	END	xp=48;reputation=1;flag:story_valaryn_10=1	END	xp=24;flag:story_valaryn_10=1		Procurar uma alternativa antes de agir.	life:VALARYN&!flag:story_valaryn_10&flag:story_valaryn_9	END	xp=29;flag:story_valaryn_10=1	END	fatigue=1;flag:story_valaryn_10=1		PROGRESSION;EPIC	life:VALARYN&!flag:story_valaryn_10&flag:story_valaryn_9	0
STORY_VALARYN_011	CHAIN	UNIQUE	VALARYN	ANY	Valdora	2	181	200	Academia de Valdora — Calouro — Etapa 11	As primeiras semanas na Academia misturam teoria, exercícios de Elyth, treinamento de sobrevivência e a difícil arte de conviver com dezenas de colegas talentosos. Seu progresso depende tanto do estudo quanto de como trata as pessoas.	Seguir o caminho proposto e assumir o risco.	life:VALARYN&!flag:story_valaryn_11&flag:story_valaryn_10	END	xp=50;reputation=1;flag:story_valaryn_11=1	END	xp=25;flag:story_valaryn_11=1		Procurar uma alternativa antes de agir.	life:VALARYN&!flag:story_valaryn_11&flag:story_valaryn_10	END	xp=30;flag:story_valaryn_11=1	END	fatigue=1;flag:story_valaryn_11=1		PROGRESSION;EPIC	life:VALARYN&!flag:story_valaryn_11&flag:story_valaryn_10	0
STORY_VALARYN_012	CHAIN	UNIQUE	VALARYN	ANY	Valdora	2	199	200	Academia de Valdora — Calouro — Etapa 12	As primeiras semanas na Academia misturam teoria, exercícios de Elyth, treinamento de sobrevivência e a difícil arte de conviver com dezenas de colegas talentosos. Seu progresso depende tanto do estudo quanto de como trata as pessoas.	Seguir o caminho proposto e assumir o risco.	life:VALARYN&!flag:story_valaryn_12&flag:story_valaryn_11	END	xp=52;reputation=1;flag:story_valaryn_12=1	END	xp=26;flag:story_valaryn_12=1		Procurar uma alternativa antes de agir.	life:VALARYN&!flag:story_valaryn_12&flag:story_valaryn_11	END	xp=31;flag:story_valaryn_12=1	END	fatigue=1;flag:story_valaryn_12=1		PROGRESSION;EPIC	life:VALARYN&!flag:story_valaryn_12&flag:story_valaryn_11	0
STORY_VALARYN_013	CHAIN	UNIQUE	VALARYN	ANY	Valdora	3	217	200	Academia de Valdora — Calouro — Etapa 13	As primeiras semanas na Academia misturam teoria, exercícios de Elyth, treinamento de sobrevivência e a difícil arte de conviver com dezenas de colegas talentosos. Seu progresso depende tanto do estudo quanto de como trata as pessoas.	Seguir o caminho proposto e assumir o risco.	life:VALARYN&!flag:story_valaryn_13&flag:story_valaryn_12	END	xp=54;reputation=1;flag:story_valaryn_13=1	END	xp=27;flag:story_valaryn_13=1		Procurar uma alternativa antes de agir.	life:VALARYN&!flag:story_valaryn_13&flag:story_valaryn_12	END	xp=32;flag:story_valaryn_13=1	END	fatigue=1;flag:story_valaryn_13=1		PROGRESSION;EPIC	life:VALARYN&!flag:story_valaryn_13&flag:story_valaryn_12	0
STORY_VALARYN_014	CHAIN	UNIQUE	VALARYN	ANY	Valdora	3	235	200	Academia de Valdora — Calouro — Etapa 14	As primeiras semanas na Academia misturam teoria, exercícios de Elyth, treinamento de sobrevivência e a difícil arte de conviver com dezenas de colegas talentosos. Seu progresso depende tanto do estudo quanto de como trata as pessoas.	Seguir o caminho proposto e assumir o risco.	life:VALARYN&!flag:story_valaryn_14&flag:story_valaryn_13	END	xp=56;reputation=1;flag:story_valaryn_14=1	END	xp=28;flag:story_valaryn_14=1		Procurar uma alternativa antes de agir.	life:VALARYN&!flag:story_valaryn_14&flag:story_valaryn_13	END	xp=33;flag:story_valaryn_14=1	END	fatigue=1;flag:story_valaryn_14=1		PROGRESSION;EPIC	life:VALARYN&!flag:story_valaryn_14&flag:story_valaryn_13	0
STORY_VALARYN_015	CHAIN	UNIQUE	VALARYN	ANY	Valdora	3	253	200	Academia de Valdora — Calouro — Etapa 15	As primeiras semanas na Academia misturam teoria, exercícios de Elyth, treinamento de sobrevivência e a difícil arte de conviver com dezenas de colegas talentosos. Seu progresso depende tanto do estudo quanto de como trata as pessoas.	Seguir o caminho proposto e assumir o risco.	life:VALARYN&!flag:story_valaryn_15&flag:story_valaryn_14	END	xp=58;reputation=1;flag:story_valaryn_15=1	END	xp=29;flag:story_valaryn_15=1		Procurar uma alternativa antes de agir.	life:VALARYN&!flag:story_valaryn_15&flag:story_valaryn_14	END	xp=34;flag:story_valaryn_15=1	END	fatigue=1;flag:story_valaryn_15=1		PROGRESSION;EPIC	life:VALARYN&!flag:story_valaryn_15&flag:story_valaryn_14	0
STORY_VALARYN_016	CHAIN	UNIQUE	VALARYN	ANY	Valdora	3	271	200	Academia de Valdora — Calouro — Etapa 16	As primeiras semanas na Academia misturam teoria, exercícios de Elyth, treinamento de sobrevivência e a difícil arte de conviver com dezenas de colegas talentosos. Seu progresso depende tanto do estudo quanto de como trata as pessoas.	Seguir o caminho proposto e assumir o risco.	life:VALARYN&!flag:story_valaryn_16&flag:story_valaryn_15	END	xp=60;reputation=1;flag:story_valaryn_16=1	END	xp=30;flag:story_valaryn_16=1		Procurar uma alternativa antes de agir.	life:VALARYN&!flag:story_valaryn_16&flag:story_valaryn_15	END	xp=35;flag:story_valaryn_16=1	END	fatigue=1;flag:story_valaryn_16=1		PROGRESSION;EPIC	life:VALARYN&!flag:story_valaryn_16&flag:story_valaryn_15	0
STORY_VALARYN_017	CHAIN	UNIQUE	VALARYN	ANY	Valdora	3	289	200	Academia de Valdora — Calouro — Etapa 17	As primeiras semanas na Academia misturam teoria, exercícios de Elyth, treinamento de sobrevivência e a difícil arte de conviver com dezenas de colegas talentosos. Seu progresso depende tanto do estudo quanto de como trata as pessoas.	Seguir o caminho proposto e assumir o risco.	life:VALARYN&!flag:story_valaryn_17&flag:story_valaryn_16	END	xp=62;reputation=1;flag:story_valaryn_17=1	END	xp=31;flag:story_valaryn_17=1		Procurar uma alternativa antes de agir.	life:VALARYN&!flag:story_valaryn_17&flag:story_valaryn_16	END	xp=36;flag:story_valaryn_17=1	END	fatigue=1;flag:story_valaryn_17=1		PROGRESSION;EPIC	life:VALARYN&!flag:story_valaryn_17&flag:story_valaryn_16	0
STORY_VALARYN_018	CHAIN	UNIQUE	VALARYN	ANY	Valdora	3	307	200	Academia de Valdora — Calouro — Etapa 18	As primeiras semanas na Academia misturam teoria, exercícios de Elyth, treinamento de sobrevivência e a difícil arte de conviver com dezenas de colegas talentosos. Seu progresso depende tanto do estudo quanto de como trata as pessoas.	Seguir o caminho proposto e assumir o risco.	life:VALARYN&!flag:story_valaryn_18&flag:story_valaryn_17	END	xp=64;reputation=1;flag:story_valaryn_18=1	END	xp=32;flag:story_valaryn_18=1		Procurar uma alternativa antes de agir.	life:VALARYN&!flag:story_valaryn_18&flag:story_valaryn_17	END	xp=37;flag:story_valaryn_18=1	END	fatigue=1;flag:story_valaryn_18=1		PROGRESSION;EPIC	life:VALARYN&!flag:story_valaryn_18&flag:story_valaryn_17	0
STORY_VALARYN_019	CHAIN	UNIQUE	VALARYN	ANY	Valdora	4	325	200	Academia de Valdora — Calouro — Etapa 19	As primeiras semanas na Academia misturam teoria, exercícios de Elyth, treinamento de sobrevivência e a difícil arte de conviver com dezenas de colegas talentosos. Seu progresso depende tanto do estudo quanto de como trata as pessoas.	Seguir o caminho proposto e assumir o risco.	life:VALARYN&!flag:story_valaryn_19&flag:story_valaryn_18	END	xp=66;reputation=1;flag:story_valaryn_19=1	END	xp=33;flag:story_valaryn_19=1		Procurar uma alternativa antes de agir.	life:VALARYN&!flag:story_valaryn_19&flag:story_valaryn_18	END	xp=38;flag:story_valaryn_19=1	END	fatigue=1;flag:story_valaryn_19=1		PROGRESSION;EPIC	life:VALARYN&!flag:story_valaryn_19&flag:story_valaryn_18	0
STORY_VALARYN_020	CHAIN	UNIQUE	VALARYN	ANY	Valdora	4	343	200	Academia de Valdora — Calouro — Etapa 20	As primeiras semanas na Academia misturam teoria, exercícios de Elyth, treinamento de sobrevivência e a difícil arte de conviver com dezenas de colegas talentosos. Seu progresso depende tanto do estudo quanto de como trata as pessoas.	Seguir o caminho proposto e assumir o risco.	life:VALARYN&!flag:story_valaryn_20&flag:story_valaryn_19	END	xp=68;reputation=1;flag:story_valaryn_20=1	END	xp=34;flag:story_valaryn_20=1		Procurar uma alternativa antes de agir.	life:VALARYN&!flag:story_valaryn_20&flag:story_valaryn_19	END	xp=39;flag:story_valaryn_20=1	END	fatigue=1;flag:story_valaryn_20=1		PROGRESSION;EPIC	life:VALARYN&!flag:story_valaryn_20&flag:story_valaryn_19	0
STORY_VALARYN_021	CHAIN	UNIQUE	VALARYN	ANY	Valdora	4	361	200	Academia de Valdora — Aprendiz — Etapa 21	No segundo ano, as antigas turmas dão lugar aos clãs. Missões internas, gincanas e rivalidades começam a definir reputações. Cada vitória muda o lugar que você ocupa dentro da Academia.	Seguir o caminho proposto e assumir o risco.	life:VALARYN&!flag:story_valaryn_21&flag:story_valaryn_20	END	xp=70;reputation=1;flag:story_valaryn_21=1	END	xp=35;flag:story_valaryn_21=1		Procurar uma alternativa antes de agir.	life:VALARYN&!flag:story_valaryn_21&flag:story_valaryn_20	END	xp=40;flag:story_valaryn_21=1	END	fatigue=1;flag:story_valaryn_21=1		PROGRESSION;EPIC	life:VALARYN&!flag:story_valaryn_21&flag:story_valaryn_20	0
STORY_VALARYN_022	CHAIN	UNIQUE	VALARYN	ANY	Valdora	4	379	200	Academia de Valdora — Aprendiz — Etapa 22	No segundo ano, as antigas turmas dão lugar aos clãs. Missões internas, gincanas e rivalidades começam a definir reputações. Cada vitória muda o lugar que você ocupa dentro da Academia.	Seguir o caminho proposto e assumir o risco.	life:VALARYN&!flag:story_valaryn_22&flag:story_valaryn_21	END	xp=72;reputation=1;flag:story_valaryn_22=1	END	xp=36;flag:story_valaryn_22=1		Procurar uma alternativa antes de agir.	life:VALARYN&!flag:story_valaryn_22&flag:story_valaryn_21	END	xp=41;flag:story_valaryn_22=1	END	fatigue=1;flag:story_valaryn_22=1		PROGRESSION;EPIC	life:VALARYN&!flag:story_valaryn_22&flag:story_valaryn_21	0
STORY_VALARYN_023	CHAIN	UNIQUE	VALARYN	ANY	Valdora	4	397	200	Academia de Valdora — Aprendiz — Etapa 23	No segundo ano, as antigas turmas dão lugar aos clãs. Missões internas, gincanas e rivalidades começam a definir reputações. Cada vitória muda o lugar que você ocupa dentro da Academia.	Seguir o caminho proposto e assumir o risco.	life:VALARYN&!flag:story_valaryn_23&flag:story_valaryn_22	END	xp=74;reputation=1;flag:story_valaryn_23=1	END	xp=37;flag:story_valaryn_23=1		Procurar uma alternativa antes de agir.	life:VALARYN&!flag:story_valaryn_23&flag:story_valaryn_22	END	xp=42;flag:story_valaryn_23=1	END	fatigue=1;flag:story_valaryn_23=1		PROGRESSION;EPIC	life:VALARYN&!flag:story_valaryn_23&flag:story_valaryn_22	0
STORY_VALARYN_024	CHAIN	UNIQUE	VALARYN	ANY	Valdora	4	415	200	Academia de Valdora — Aprendiz — Etapa 24	No segundo ano, as antigas turmas dão lugar aos clãs. Missões internas, gincanas e rivalidades começam a definir reputações. Cada vitória muda o lugar que você ocupa dentro da Academia.	Seguir o caminho proposto e assumir o risco.	life:VALARYN&!flag:story_valaryn_24&flag:story_valaryn_23	END	xp=76;reputation=1;flag:story_valaryn_24=1	END	xp=38;flag:story_valaryn_24=1		Procurar uma alternativa antes de agir.	life:VALARYN&!flag:story_valaryn_24&flag:story_valaryn_23	END	xp=43;flag:story_valaryn_24=1	END	fatigue=1;flag:story_valaryn_24=1		PROGRESSION;EPIC	life:VALARYN&!flag:story_valaryn_24&flag:story_valaryn_23	0
STORY_VALARYN_025	CHAIN	UNIQUE	VALARYN	ANY	Valdora	5	433	200	Academia de Valdora — Aprendiz — Etapa 25	No segundo ano, as antigas turmas dão lugar aos clãs. Missões internas, gincanas e rivalidades começam a definir reputações. Cada vitória muda o lugar que você ocupa dentro da Academia.	Seguir o caminho proposto e assumir o risco.	life:VALARYN&!flag:story_valaryn_25&flag:story_valaryn_24	END	xp=78;reputation=1;flag:story_valaryn_25=1	END	xp=39;flag:story_valaryn_25=1		Procurar uma alternativa antes de agir.	life:VALARYN&!flag:story_valaryn_25&flag:story_valaryn_24	END	xp=44;flag:story_valaryn_25=1	END	fatigue=1;flag:story_valaryn_25=1		PROGRESSION;EPIC	life:VALARYN&!flag:story_valaryn_25&flag:story_valaryn_24	0
STORY_VALARYN_026	CHAIN	UNIQUE	VALARYN	ANY	Valdora	5	451	200	Academia de Valdora — Aprendiz — Etapa 26	No segundo ano, as antigas turmas dão lugar aos clãs. Missões internas, gincanas e rivalidades começam a definir reputações. Cada vitória muda o lugar que você ocupa dentro da Academia.	Seguir o caminho proposto e assumir o risco.	life:VALARYN&!flag:story_valaryn_26&flag:story_valaryn_25	END	xp=80;reputation=1;flag:story_valaryn_26=1	END	xp=40;flag:story_valaryn_26=1		Procurar uma alternativa antes de agir.	life:VALARYN&!flag:story_valaryn_26&flag:story_valaryn_25	END	xp=45;flag:story_valaryn_26=1	END	fatigue=1;flag:story_valaryn_26=1		PROGRESSION;EPIC	life:VALARYN&!flag:story_valaryn_26&flag:story_valaryn_25	0
STORY_VALARYN_027	CHAIN	UNIQUE	VALARYN	ANY	Valdora	5	469	200	Academia de Valdora — Aprendiz — Etapa 27	No segundo ano, as antigas turmas dão lugar aos clãs. Missões internas, gincanas e rivalidades começam a definir reputações. Cada vitória muda o lugar que você ocupa dentro da Academia.	Seguir o caminho proposto e assumir o risco.	life:VALARYN&!flag:story_valaryn_27&flag:story_valaryn_26	END	xp=82;reputation=1;flag:story_valaryn_27=1	END	xp=41;flag:story_valaryn_27=1		Procurar uma alternativa antes de agir.	life:VALARYN&!flag:story_valaryn_27&flag:story_valaryn_26	END	xp=46;flag:story_valaryn_27=1	END	fatigue=1;flag:story_valaryn_27=1		PROGRESSION;EPIC	life:VALARYN&!flag:story_valaryn_27&flag:story_valaryn_26	0
STORY_VALARYN_028	CHAIN	UNIQUE	VALARYN	ANY	Valdora	5	487	200	Academia de Valdora — Aprendiz — Etapa 28	No segundo ano, as antigas turmas dão lugar aos clãs. Missões internas, gincanas e rivalidades começam a definir reputações. Cada vitória muda o lugar que você ocupa dentro da Academia.	Seguir o caminho proposto e assumir o risco.	life:VALARYN&!flag:story_valaryn_28&flag:story_valaryn_27	END	xp=84;reputation=1;flag:story_valaryn_28=1	END	xp=42;flag:story_valaryn_28=1		Procurar uma alternativa antes de agir.	life:VALARYN&!flag:story_valaryn_28&flag:story_valaryn_27	END	xp=47;flag:story_valaryn_28=1	END	fatigue=1;flag:story_valaryn_28=1		PROGRESSION;EPIC	life:VALARYN&!flag:story_valaryn_28&flag:story_valaryn_27	0
STORY_VALARYN_029	CHAIN	UNIQUE	VALARYN	ANY	Valdora	5	505	200	Academia de Valdora — Aprendiz — Etapa 29	No segundo ano, as antigas turmas dão lugar aos clãs. Missões internas, gincanas e rivalidades começam a definir reputações. Cada vitória muda o lugar que você ocupa dentro da Academia.	Seguir o caminho proposto e assumir o risco.	life:VALARYN&!flag:story_valaryn_29&flag:story_valaryn_28	END	xp=86;reputation=1;flag:story_valaryn_29=1	END	xp=43;flag:story_valaryn_29=1		Procurar uma alternativa antes de agir.	life:VALARYN&!flag:story_valaryn_29&flag:story_valaryn_28	END	xp=48;flag:story_valaryn_29=1	END	fatigue=1;flag:story_valaryn_29=1		PROGRESSION;EPIC	life:VALARYN&!flag:story_valaryn_29&flag:story_valaryn_28	0
STORY_VALARYN_030	CHAIN	UNIQUE	VALARYN	ANY	Valdora	5	523	200	Academia de Valdora — Aprendiz — Etapa 30	No segundo ano, as antigas turmas dão lugar aos clãs. Missões internas, gincanas e rivalidades começam a definir reputações. Cada vitória muda o lugar que você ocupa dentro da Academia.	Seguir o caminho proposto e assumir o risco.	life:VALARYN&!flag:story_valaryn_30&flag:story_valaryn_29	END	xp=88;reputation=1;flag:story_valaryn_30=1	END	xp=44;flag:story_valaryn_30=1		Procurar uma alternativa antes de agir.	life:VALARYN&!flag:story_valaryn_30&flag:story_valaryn_29	END	xp=49;flag:story_valaryn_30=1	END	fatigue=1;flag:story_valaryn_30=1		PROGRESSION;EPIC	life:VALARYN&!flag:story_valaryn_30&flag:story_valaryn_29	0
STORY_VALARYN_031	CHAIN	UNIQUE	VALARYN	ANY	Valdora	6	541	200	Academia de Valdora — Aprendiz — Etapa 31	No segundo ano, as antigas turmas dão lugar aos clãs. Missões internas, gincanas e rivalidades começam a definir reputações. Cada vitória muda o lugar que você ocupa dentro da Academia.	Seguir o caminho proposto e assumir o risco.	life:VALARYN&!flag:story_valaryn_31&flag:story_valaryn_30	END	xp=90;reputation=1;flag:story_valaryn_31=1	END	xp=45;flag:story_valaryn_31=1		Procurar uma alternativa antes de agir.	life:VALARYN&!flag:story_valaryn_31&flag:story_valaryn_30	END	xp=50;flag:story_valaryn_31=1	END	fatigue=1;flag:story_valaryn_31=1		PROGRESSION;EPIC	life:VALARYN&!flag:story_valaryn_31&flag:story_valaryn_30	0
STORY_VALARYN_032	CHAIN	UNIQUE	VALARYN	ANY	Valdora	6	559	200	Academia de Valdora — Aprendiz — Etapa 32	No segundo ano, as antigas turmas dão lugar aos clãs. Missões internas, gincanas e rivalidades começam a definir reputações. Cada vitória muda o lugar que você ocupa dentro da Academia.	Seguir o caminho proposto e assumir o risco.	life:VALARYN&!flag:story_valaryn_32&flag:story_valaryn_31	END	xp=92;reputation=1;flag:story_valaryn_32=1	END	xp=46;flag:story_valaryn_32=1		Procurar uma alternativa antes de agir.	life:VALARYN&!flag:story_valaryn_32&flag:story_valaryn_31	END	xp=51;flag:story_valaryn_32=1	END	fatigue=1;flag:story_valaryn_32=1		PROGRESSION;EPIC	life:VALARYN&!flag:story_valaryn_32&flag:story_valaryn_31	0
STORY_VALARYN_033	CHAIN	UNIQUE	VALARYN	ANY	Valdora	6	577	200	Academia de Valdora — Aprendiz — Etapa 33	No segundo ano, as antigas turmas dão lugar aos clãs. Missões internas, gincanas e rivalidades começam a definir reputações. Cada vitória muda o lugar que você ocupa dentro da Academia.	Seguir o caminho proposto e assumir o risco.	life:VALARYN&!flag:story_valaryn_33&flag:story_valaryn_32	END	xp=94;reputation=1;flag:story_valaryn_33=1	END	xp=47;flag:story_valaryn_33=1		Procurar uma alternativa antes de agir.	life:VALARYN&!flag:story_valaryn_33&flag:story_valaryn_32	END	xp=52;flag:story_valaryn_33=1	END	fatigue=1;flag:story_valaryn_33=1		PROGRESSION;EPIC	life:VALARYN&!flag:story_valaryn_33&flag:story_valaryn_32	0
STORY_VALARYN_034	CHAIN	UNIQUE	VALARYN	ANY	Valdora	6	595	200	Academia de Valdora — Aprendiz — Etapa 34	No segundo ano, as antigas turmas dão lugar aos clãs. Missões internas, gincanas e rivalidades começam a definir reputações. Cada vitória muda o lugar que você ocupa dentro da Academia.	Seguir o caminho proposto e assumir o risco.	life:VALARYN&!flag:story_valaryn_34&flag:story_valaryn_33	END	xp=96;reputation=1;flag:story_valaryn_34=1	END	xp=48;flag:story_valaryn_34=1		Procurar uma alternativa antes de agir.	life:VALARYN&!flag:story_valaryn_34&flag:story_valaryn_33	END	xp=53;flag:story_valaryn_34=1	END	fatigue=1;flag:story_valaryn_34=1		PROGRESSION;EPIC	life:VALARYN&!flag:story_valaryn_34&flag:story_valaryn_33	0
STORY_VALARYN_035	CHAIN	UNIQUE	VALARYN	ANY	Valdora	6	613	200	Academia de Valdora — Aprendiz — Etapa 35	No segundo ano, as antigas turmas dão lugar aos clãs. Missões internas, gincanas e rivalidades começam a definir reputações. Cada vitória muda o lugar que você ocupa dentro da Academia.	Seguir o caminho proposto e assumir o risco.	life:VALARYN&!flag:story_valaryn_35&flag:story_valaryn_34	END	xp=98;reputation=1;flag:story_valaryn_35=1	END	xp=49;flag:story_valaryn_35=1		Procurar uma alternativa antes de agir.	life:VALARYN&!flag:story_valaryn_35&flag:story_valaryn_34	END	xp=54;flag:story_valaryn_35=1	END	fatigue=1;flag:story_valaryn_35=1		PROGRESSION;EPIC	life:VALARYN&!flag:story_valaryn_35&flag:story_valaryn_34	0
STORY_VALARYN_036	CHAIN	UNIQUE	VALARYN	ANY	Valdora	6	631	200	Academia de Valdora — Aprendiz — Etapa 36	No segundo ano, as antigas turmas dão lugar aos clãs. Missões internas, gincanas e rivalidades começam a definir reputações. Cada vitória muda o lugar que você ocupa dentro da Academia.	Seguir o caminho proposto e assumir o risco.	life:VALARYN&!flag:story_valaryn_36&flag:story_valaryn_35	END	xp=100;reputation=1;flag:story_valaryn_36=1	END	xp=50;flag:story_valaryn_36=1		Procurar uma alternativa antes de agir.	life:VALARYN&!flag:story_valaryn_36&flag:story_valaryn_35	END	xp=55;flag:story_valaryn_36=1	END	fatigue=1;flag:story_valaryn_36=1		PROGRESSION;EPIC	life:VALARYN&!flag:story_valaryn_36&flag:story_valaryn_35	0
STORY_VALARYN_037	CHAIN	UNIQUE	VALARYN	ANY	Valdora	7	649	200	Academia de Valdora — Aprendiz — Etapa 37	No segundo ano, as antigas turmas dão lugar aos clãs. Missões internas, gincanas e rivalidades começam a definir reputações. Cada vitória muda o lugar que você ocupa dentro da Academia.	Seguir o caminho proposto e assumir o risco.	life:VALARYN&!flag:story_valaryn_37&flag:story_valaryn_36	END	xp=102;reputation=1;flag:story_valaryn_37=1	END	xp=51;flag:story_valaryn_37=1		Procurar uma alternativa antes de agir.	life:VALARYN&!flag:story_valaryn_37&flag:story_valaryn_36	END	xp=56;flag:story_valaryn_37=1	END	fatigue=1;flag:story_valaryn_37=1		PROGRESSION;EPIC	life:VALARYN&!flag:story_valaryn_37&flag:story_valaryn_36	0
STORY_VALARYN_038	CHAIN	UNIQUE	VALARYN	ANY	Valdora	7	667	200	Academia de Valdora — Aprendiz — Etapa 38	No segundo ano, as antigas turmas dão lugar aos clãs. Missões internas, gincanas e rivalidades começam a definir reputações. Cada vitória muda o lugar que você ocupa dentro da Academia.	Seguir o caminho proposto e assumir o risco.	life:VALARYN&!flag:story_valaryn_38&flag:story_valaryn_37	END	xp=104;reputation=1;flag:story_valaryn_38=1	END	xp=52;flag:story_valaryn_38=1		Procurar uma alternativa antes de agir.	life:VALARYN&!flag:story_valaryn_38&flag:story_valaryn_37	END	xp=57;flag:story_valaryn_38=1	END	fatigue=1;flag:story_valaryn_38=1		PROGRESSION;EPIC	life:VALARYN&!flag:story_valaryn_38&flag:story_valaryn_37	0
STORY_VALARYN_039	CHAIN	UNIQUE	VALARYN	ANY	Valdora	7	685	200	Academia de Valdora — Aprendiz — Etapa 39	No segundo ano, as antigas turmas dão lugar aos clãs. Missões internas, gincanas e rivalidades começam a definir reputações. Cada vitória muda o lugar que você ocupa dentro da Academia.	Seguir o caminho proposto e assumir o risco.	life:VALARYN&!flag:story_valaryn_39&flag:story_valaryn_38	END	xp=106;reputation=1;flag:story_valaryn_39=1	END	xp=53;flag:story_valaryn_39=1		Procurar uma alternativa antes de agir.	life:VALARYN&!flag:story_valaryn_39&flag:story_valaryn_38	END	xp=58;flag:story_valaryn_39=1	END	fatigue=1;flag:story_valaryn_39=1		PROGRESSION;EPIC	life:VALARYN&!flag:story_valaryn_39&flag:story_valaryn_38	0
STORY_VALARYN_040	CHAIN	UNIQUE	VALARYN	ANY	Valdora	7	703	200	Academia de Valdora — Aprendiz — Etapa 40	No segundo ano, as antigas turmas dão lugar aos clãs. Missões internas, gincanas e rivalidades começam a definir reputações. Cada vitória muda o lugar que você ocupa dentro da Academia.	Seguir o caminho proposto e assumir o risco.	life:VALARYN&!flag:story_valaryn_40&flag:story_valaryn_39	END	xp=108;reputation=1;flag:story_valaryn_40=1	END	xp=54;flag:story_valaryn_40=1		Procurar uma alternativa antes de agir.	life:VALARYN&!flag:story_valaryn_40&flag:story_valaryn_39	END	xp=59;flag:story_valaryn_40=1	END	fatigue=1;flag:story_valaryn_40=1		PROGRESSION;EPIC	life:VALARYN&!flag:story_valaryn_40&flag:story_valaryn_39	0
STORY_VALARYN_041	CHAIN	UNIQUE	VALARYN	ANY	Valdora	7	721	200	Academia de Valdora — Aspirante — Etapa 41	No terceiro ano, o aprendizado deixa de ser apenas acadêmico. Veteranos passam a supervisionar Aspirantes em missões reais, e cada decisão carrega o peso de uma vida confiada a você.	Seguir o caminho proposto e assumir o risco.	life:VALARYN&!flag:story_valaryn_41&flag:story_valaryn_40	END	xp=110;reputation=1;flag:story_valaryn_41=1	END	xp=55;flag:story_valaryn_41=1		Procurar uma alternativa antes de agir.	life:VALARYN&!flag:story_valaryn_41&flag:story_valaryn_40	END	xp=60;flag:story_valaryn_41=1	END	fatigue=1;flag:story_valaryn_41=1		PROGRESSION;EPIC	life:VALARYN&!flag:story_valaryn_41&flag:story_valaryn_40	0
STORY_VALARYN_042	CHAIN	UNIQUE	VALARYN	ANY	Valdora	7	739	200	Academia de Valdora — Aspirante — Etapa 42	No terceiro ano, o aprendizado deixa de ser apenas acadêmico. Veteranos passam a supervisionar Aspirantes em missões reais, e cada decisão carrega o peso de uma vida confiada a você.	Seguir o caminho proposto e assumir o risco.	life:VALARYN&!flag:story_valaryn_42&flag:story_valaryn_41	END	xp=112;reputation=1;flag:story_valaryn_42=1	END	xp=56;flag:story_valaryn_42=1		Procurar uma alternativa antes de agir.	life:VALARYN&!flag:story_valaryn_42&flag:story_valaryn_41	END	xp=61;flag:story_valaryn_42=1	END	fatigue=1;flag:story_valaryn_42=1		PROGRESSION;EPIC	life:VALARYN&!flag:story_valaryn_42&flag:story_valaryn_41	0
STORY_VALARYN_043	CHAIN	UNIQUE	VALARYN	ANY	Valdora	8	757	200	Academia de Valdora — Aspirante — Etapa 43	No terceiro ano, o aprendizado deixa de ser apenas acadêmico. Veteranos passam a supervisionar Aspirantes em missões reais, e cada decisão carrega o peso de uma vida confiada a você.	Seguir o caminho proposto e assumir o risco.	life:VALARYN&!flag:story_valaryn_43&flag:story_valaryn_42	END	xp=114;reputation=1;flag:story_valaryn_43=1	END	xp=57;flag:story_valaryn_43=1		Procurar uma alternativa antes de agir.	life:VALARYN&!flag:story_valaryn_43&flag:story_valaryn_42	END	xp=62;flag:story_valaryn_43=1	END	fatigue=1;flag:story_valaryn_43=1		PROGRESSION;EPIC	life:VALARYN&!flag:story_valaryn_43&flag:story_valaryn_42	0
STORY_VALARYN_044	CHAIN	UNIQUE	VALARYN	ANY	Valdora	8	775	200	Academia de Valdora — Aspirante — Etapa 44	No terceiro ano, o aprendizado deixa de ser apenas acadêmico. Veteranos passam a supervisionar Aspirantes em missões reais, e cada decisão carrega o peso de uma vida confiada a você.	Seguir o caminho proposto e assumir o risco.	life:VALARYN&!flag:story_valaryn_44&flag:story_valaryn_43	END	xp=116;reputation=1;flag:story_valaryn_44=1	END	xp=58;flag:story_valaryn_44=1		Procurar uma alternativa antes de agir.	life:VALARYN&!flag:story_valaryn_44&flag:story_valaryn_43	END	xp=63;flag:story_valaryn_44=1	END	fatigue=1;flag:story_valaryn_44=1		PROGRESSION;EPIC	life:VALARYN&!flag:story_valaryn_44&flag:story_valaryn_43	0
STORY_VALARYN_045	CHAIN	UNIQUE	VALARYN	ANY	Valdora	8	793	200	Academia de Valdora — Aspirante — Etapa 45	No terceiro ano, o aprendizado deixa de ser apenas acadêmico. Veteranos passam a supervisionar Aspirantes em missões reais, e cada decisão carrega o peso de uma vida confiada a você.	Seguir o caminho proposto e assumir o risco.	life:VALARYN&!flag:story_valaryn_45&flag:story_valaryn_44	END	xp=118;reputation=1;flag:story_valaryn_45=1	END	xp=59;flag:story_valaryn_45=1		Procurar uma alternativa antes de agir.	life:VALARYN&!flag:story_valaryn_45&flag:story_valaryn_44	END	xp=64;flag:story_valaryn_45=1	END	fatigue=1;flag:story_valaryn_45=1		PROGRESSION;EPIC	life:VALARYN&!flag:story_valaryn_45&flag:story_valaryn_44	0
STORY_VALARYN_046	CHAIN	UNIQUE	VALARYN	ANY	Valdora	8	811	200	Academia de Valdora — Aspirante — Etapa 46	No terceiro ano, o aprendizado deixa de ser apenas acadêmico. Veteranos passam a supervisionar Aspirantes em missões reais, e cada decisão carrega o peso de uma vida confiada a você.	Seguir o caminho proposto e assumir o risco.	life:VALARYN&!flag:story_valaryn_46&flag:story_valaryn_45	END	xp=120;reputation=1;flag:story_valaryn_46=1	END	xp=60;flag:story_valaryn_46=1		Procurar uma alternativa antes de agir.	life:VALARYN&!flag:story_valaryn_46&flag:story_valaryn_45	END	xp=65;flag:story_valaryn_46=1	END	fatigue=1;flag:story_valaryn_46=1		PROGRESSION;EPIC	life:VALARYN&!flag:story_valaryn_46&flag:story_valaryn_45	0
STORY_VALARYN_047	CHAIN	UNIQUE	VALARYN	ANY	Valdora	8	829	200	Academia de Valdora — Aspirante — Etapa 47	No terceiro ano, o aprendizado deixa de ser apenas acadêmico. Veteranos passam a supervisionar Aspirantes em missões reais, e cada decisão carrega o peso de uma vida confiada a você.	Seguir o caminho proposto e assumir o risco.	life:VALARYN&!flag:story_valaryn_47&flag:story_valaryn_46	END	xp=122;reputation=1;flag:story_valaryn_47=1	END	xp=61;flag:story_valaryn_47=1		Procurar uma alternativa antes de agir.	life:VALARYN&!flag:story_valaryn_47&flag:story_valaryn_46	END	xp=66;flag:story_valaryn_47=1	END	fatigue=1;flag:story_valaryn_47=1		PROGRESSION;EPIC	life:VALARYN&!flag:story_valaryn_47&flag:story_valaryn_46	0
STORY_VALARYN_048	CHAIN	UNIQUE	VALARYN	ANY	Valdora	8	847	200	Academia de Valdora — Aspirante — Etapa 48	No terceiro ano, o aprendizado deixa de ser apenas acadêmico. Veteranos passam a supervisionar Aspirantes em missões reais, e cada decisão carrega o peso de uma vida confiada a você.	Seguir o caminho proposto e assumir o risco.	life:VALARYN&!flag:story_valaryn_48&flag:story_valaryn_47	END	xp=124;reputation=1;flag:story_valaryn_48=1	END	xp=62;flag:story_valaryn_48=1		Procurar uma alternativa antes de agir.	life:VALARYN&!flag:story_valaryn_48&flag:story_valaryn_47	END	xp=67;flag:story_valaryn_48=1	END	fatigue=1;flag:story_valaryn_48=1		PROGRESSION;EPIC	life:VALARYN&!flag:story_valaryn_48&flag:story_valaryn_47	0
STORY_VALARYN_049	CHAIN	UNIQUE	VALARYN	ANY	Valdora	9	865	200	Academia de Valdora — Aspirante — Etapa 49	No terceiro ano, o aprendizado deixa de ser apenas acadêmico. Veteranos passam a supervisionar Aspirantes em missões reais, e cada decisão carrega o peso de uma vida confiada a você.	Seguir o caminho proposto e assumir o risco.	life:VALARYN&!flag:story_valaryn_49&flag:story_valaryn_48	END	xp=126;reputation=1;flag:story_valaryn_49=1	END	xp=63;flag:story_valaryn_49=1		Procurar uma alternativa antes de agir.	life:VALARYN&!flag:story_valaryn_49&flag:story_valaryn_48	END	xp=68;flag:story_valaryn_49=1	END	fatigue=1;flag:story_valaryn_49=1		PROGRESSION;EPIC	life:VALARYN&!flag:story_valaryn_49&flag:story_valaryn_48	0
STORY_VALARYN_050	CHAIN	UNIQUE	VALARYN	ANY	Valdora	9	883	200	Academia de Valdora — Aspirante — Etapa 50	No terceiro ano, o aprendizado deixa de ser apenas acadêmico. Veteranos passam a supervisionar Aspirantes em missões reais, e cada decisão carrega o peso de uma vida confiada a você.	Seguir o caminho proposto e assumir o risco.	life:VALARYN&!flag:story_valaryn_50&flag:story_valaryn_49	END	xp=128;reputation=1;flag:story_valaryn_50=1	END	xp=64;flag:story_valaryn_50=1		Procurar uma alternativa antes de agir.	life:VALARYN&!flag:story_valaryn_50&flag:story_valaryn_49	END	xp=69;flag:story_valaryn_50=1	END	fatigue=1;flag:story_valaryn_50=1		PROGRESSION;EPIC	life:VALARYN&!flag:story_valaryn_50&flag:story_valaryn_49	0
STORY_VALARYN_051	CHAIN	UNIQUE	VALARYN	ANY	Valdora	9	901	200	Academia de Valdora — Aspirante — Etapa 51	No terceiro ano, o aprendizado deixa de ser apenas acadêmico. Veteranos passam a supervisionar Aspirantes em missões reais, e cada decisão carrega o peso de uma vida confiada a você.	Seguir o caminho proposto e assumir o risco.	life:VALARYN&!flag:story_valaryn_51&flag:story_valaryn_50	END	xp=130;reputation=1;flag:story_valaryn_51=1	END	xp=65;flag:story_valaryn_51=1		Procurar uma alternativa antes de agir.	life:VALARYN&!flag:story_valaryn_51&flag:story_valaryn_50	END	xp=70;flag:story_valaryn_51=1	END	fatigue=1;flag:story_valaryn_51=1		PROGRESSION;EPIC	life:VALARYN&!flag:story_valaryn_51&flag:story_valaryn_50	0
STORY_VALARYN_052	CHAIN	UNIQUE	VALARYN	ANY	Valdora	9	919	200	Academia de Valdora — Aspirante — Etapa 52	No terceiro ano, o aprendizado deixa de ser apenas acadêmico. Veteranos passam a supervisionar Aspirantes em missões reais, e cada decisão carrega o peso de uma vida confiada a você.	Seguir o caminho proposto e assumir o risco.	life:VALARYN&!flag:story_valaryn_52&flag:story_valaryn_51	END	xp=132;reputation=1;flag:story_valaryn_52=1	END	xp=66;flag:story_valaryn_52=1		Procurar uma alternativa antes de agir.	life:VALARYN&!flag:story_valaryn_52&flag:story_valaryn_51	END	xp=71;flag:story_valaryn_52=1	END	fatigue=1;flag:story_valaryn_52=1		PROGRESSION;EPIC	life:VALARYN&!flag:story_valaryn_52&flag:story_valaryn_51	0
STORY_VALARYN_053	CHAIN	UNIQUE	VALARYN	ANY	Valdora	9	937	200	Academia de Valdora — Aspirante — Etapa 53	No terceiro ano, o aprendizado deixa de ser apenas acadêmico. Veteranos passam a supervisionar Aspirantes em missões reais, e cada decisão carrega o peso de uma vida confiada a você.	Seguir o caminho proposto e assumir o risco.	life:VALARYN&!flag:story_valaryn_53&flag:story_valaryn_52	END	xp=134;reputation=1;flag:story_valaryn_53=1	END	xp=67;flag:story_valaryn_53=1		Procurar uma alternativa antes de agir.	life:VALARYN&!flag:story_valaryn_53&flag:story_valaryn_52	END	xp=72;flag:story_valaryn_53=1	END	fatigue=1;flag:story_valaryn_53=1		PROGRESSION;EPIC	life:VALARYN&!flag:story_valaryn_53&flag:story_valaryn_52	0
STORY_VALARYN_054	CHAIN	UNIQUE	VALARYN	ANY	Valdora	9	955	200	Academia de Valdora — Aspirante — Etapa 54	No terceiro ano, o aprendizado deixa de ser apenas acadêmico. Veteranos passam a supervisionar Aspirantes em missões reais, e cada decisão carrega o peso de uma vida confiada a você.	Seguir o caminho proposto e assumir o risco.	life:VALARYN&!flag:story_valaryn_54&flag:story_valaryn_53	END	xp=136;reputation=1;flag:story_valaryn_54=1	END	xp=68;flag:story_valaryn_54=1		Procurar uma alternativa antes de agir.	life:VALARYN&!flag:story_valaryn_54&flag:story_valaryn_53	END	xp=73;flag:story_valaryn_54=1	END	fatigue=1;flag:story_valaryn_54=1		PROGRESSION;EPIC	life:VALARYN&!flag:story_valaryn_54&flag:story_valaryn_53	0
STORY_VALARYN_055	CHAIN	UNIQUE	VALARYN	ANY	Valdora	10	973	200	Academia de Valdora — Aspirante — Etapa 55	No terceiro ano, o aprendizado deixa de ser apenas acadêmico. Veteranos passam a supervisionar Aspirantes em missões reais, e cada decisão carrega o peso de uma vida confiada a você.	Seguir o caminho proposto e assumir o risco.	life:VALARYN&!flag:story_valaryn_55&flag:story_valaryn_54	END	xp=138;reputation=1;flag:story_valaryn_55=1	END	xp=69;flag:story_valaryn_55=1		Procurar uma alternativa antes de agir.	life:VALARYN&!flag:story_valaryn_55&flag:story_valaryn_54	END	xp=74;flag:story_valaryn_55=1	END	fatigue=1;flag:story_valaryn_55=1		PROGRESSION;EPIC	life:VALARYN&!flag:story_valaryn_55&flag:story_valaryn_54	0
STORY_VALARYN_056	CHAIN	UNIQUE	VALARYN	ANY	Valdora	10	991	200	Academia de Valdora — Aspirante — Etapa 56	A guerra entre os dez reinos se aproxima. Mesmo antes da formatura, a Academia precisa decidir se seus futuros Valaryns serão apenas bons combatentes ou verdadeiros defensores de Aeloria.	Seguir o caminho proposto e assumir o risco.	life:VALARYN&!flag:story_valaryn_56&flag:story_valaryn_55	END	xp=140;reputation=1;flag:story_valaryn_56=1	END	xp=70;flag:story_valaryn_56=1		Procurar uma alternativa antes de agir.	life:VALARYN&!flag:story_valaryn_56&flag:story_valaryn_55	END	xp=75;flag:story_valaryn_56=1	END	fatigue=1;flag:story_valaryn_56=1		PROGRESSION;EPIC	life:VALARYN&!flag:story_valaryn_56&flag:story_valaryn_55	0
STORY_VALARYN_057	CHAIN	UNIQUE	VALARYN	ANY	Valdora	10	1009	200	Academia de Valdora — Aspirante — Etapa 57	A guerra entre os dez reinos se aproxima. Mesmo antes da formatura, a Academia precisa decidir se seus futuros Valaryns serão apenas bons combatentes ou verdadeiros defensores de Aeloria.	Seguir o caminho proposto e assumir o risco.	life:VALARYN&!flag:story_valaryn_57&flag:story_valaryn_56	END	xp=142;reputation=1;flag:story_valaryn_57=1	END	xp=71;flag:story_valaryn_57=1		Procurar uma alternativa antes de agir.	life:VALARYN&!flag:story_valaryn_57&flag:story_valaryn_56	END	xp=76;flag:story_valaryn_57=1	END	fatigue=1;flag:story_valaryn_57=1		PROGRESSION;EPIC	life:VALARYN&!flag:story_valaryn_57&flag:story_valaryn_56	0
STORY_VALARYN_058	CHAIN	UNIQUE	VALARYN	ANY	Valdora	10	1027	200	Academia de Valdora — Aspirante — Etapa 58	A guerra entre os dez reinos se aproxima. Mesmo antes da formatura, a Academia precisa decidir se seus futuros Valaryns serão apenas bons combatentes ou verdadeiros defensores de Aeloria.	Seguir o caminho proposto e assumir o risco.	life:VALARYN&!flag:story_valaryn_58&flag:story_valaryn_57	END	xp=144;reputation=1;flag:story_valaryn_58=1	END	xp=72;flag:story_valaryn_58=1		Procurar uma alternativa antes de agir.	life:VALARYN&!flag:story_valaryn_58&flag:story_valaryn_57	END	xp=77;flag:story_valaryn_58=1	END	fatigue=1;flag:story_valaryn_58=1		PROGRESSION;EPIC	life:VALARYN&!flag:story_valaryn_58&flag:story_valaryn_57	0
STORY_VALARYN_059	CHAIN	UNIQUE	VALARYN	ANY	Valdora	10	1045	200	Academia de Valdora — Aspirante — Etapa 59	A guerra entre os dez reinos se aproxima. Mesmo antes da formatura, a Academia precisa decidir se seus futuros Valaryns serão apenas bons combatentes ou verdadeiros defensores de Aeloria.	Seguir o caminho proposto e assumir o risco.	life:VALARYN&!flag:story_valaryn_59&flag:story_valaryn_58	END	xp=146;reputation=1;flag:story_valaryn_59=1	END	xp=73;flag:story_valaryn_59=1		Procurar uma alternativa antes de agir.	life:VALARYN&!flag:story_valaryn_59&flag:story_valaryn_58	END	xp=78;flag:story_valaryn_59=1	END	fatigue=1;flag:story_valaryn_59=1		PROGRESSION;EPIC	life:VALARYN&!flag:story_valaryn_59&flag:story_valaryn_58	0
STORY_VALARYN_060	CHAIN	UNIQUE	VALARYN	ANY	Valdora	10	1063	200	O Grande Torneio — Licença de Valaryn	O terceiro ano termina com o grande torneio. Depois das aulas, dos clãs, dos estágios e das missões reais, resta uma última avaliação: provar que você consegue defender vidas sem perder o controle do próprio poder. Ao cruzar o último círculo da arena, você recebe a licença de Valaryn e deixa a Academia como Cadete.	Seguir o caminho proposto e assumir o risco.	life:VALARYN&!flag:story_valaryn_60&flag:story_valaryn_59	END	xp=500;reputation=20;flag:story_valaryn_60=1;flag:academia_formado=1	END	xp=74;flag:story_valaryn_60=1		Procurar uma alternativa antes de agir.	life:VALARYN&!flag:story_valaryn_60&flag:story_valaryn_59	END	xp=250;reputation=5;flag:story_valaryn_60=1;flag:academia_formado=1	END	fatigue=1;flag:story_valaryn_60=1		PROGRESSION;EPIC	life:VALARYN&!flag:story_valaryn_60&flag:story_valaryn_59	0
RND_0001	ACADEMIC	COMMON	VALARYN	Aeloria	Valdora	1	530	60	Academia — Torneio De Fim De Ano	Valdora amanhece diferente. A Academia reúne estudantes para um torneio de fim de ano. Há regras claras, árbitros e consequências: o objetivo não é apenas vencer, mas demonstrar que um futuro Valaryn sabe proteger, cooperar e assumir responsabilidade.	Entrar na prova com preparação.	life:VALARYN&academyYear>=1	END	xp=40;reputation=2	END	fatigue=2		Ajudar outro aluno antes da prova.	life:VALARYN&academyYear>=1	END	xp=25;rel:ACAD_1_001=1	END	fatigue=1		ACADEMY;TOURNAMENT	life:VALARYN&academyYear>=1	120
RND_0002	ACADEMIC	COMMON	VALARYN	Aeloria	Valdora	1	893	60	Academia — Gincana Dos Clãs	Valdora amanhece diferente. A Academia reúne estudantes para um gincana dos clãs. Há regras claras, árbitros e consequências: o objetivo não é apenas vencer, mas demonstrar que um futuro Valaryn sabe proteger, cooperar e assumir responsabilidade.	Entrar na prova com preparação.	life:VALARYN&academyYear>=2	END	xp=40;reputation=2	END	fatigue=2		Ajudar outro aluno antes da prova.	life:VALARYN&academyYear>=2	END	xp=25;rel:ACAD_1_001=1	END	fatigue=1		ACADEMY;TOURNAMENT	life:VALARYN&academyYear>=2	120
RND_0003	ACADEMIC	COMMON	VALARYN	Aeloria	Valdora	1	1256	60	Academia — Estágio De Campo	Valdora amanhece diferente. A Academia reúne estudantes para um estágio de campo. Há regras claras, árbitros e consequências: o objetivo não é apenas vencer, mas demonstrar que um futuro Valaryn sabe proteger, cooperar e assumir responsabilidade.	Entrar na prova com preparação.	life:VALARYN&academyYear>=3	END	xp=40;reputation=2	END	fatigue=2		Ajudar outro aluno antes da prova.	life:VALARYN&academyYear>=3	END	xp=25;rel:ACAD_1_001=1	END	fatigue=1		ACADEMY;TOURNAMENT	life:VALARYN&academyYear>=3	120
RND_0004	ACADEMIC	COMMON	VALARYN	Aeloria	Valdora	1	539	60	Academia — Prova Prática	Valdora amanhece diferente. A Academia reúne estudantes para um prova prática. Há regras claras, árbitros e consequências: o objetivo não é apenas vencer, mas demonstrar que um futuro Valaryn sabe proteger, cooperar e assumir responsabilidade.	Entrar na prova com preparação.	life:VALARYN&academyYear>=1	END	xp=40;reputation=2	END	fatigue=2		Ajudar outro aluno antes da prova.	life:VALARYN&academyYear>=1	END	xp=25;rel:ACAD_1_001=1	END	fatigue=1		ACADEMY;TOURNAMENT	life:VALARYN&academyYear>=1	120
RND_0005	ACADEMIC	COMMON	VALARYN	Aeloria	Valdora	1	902	60	Academia — Mata-Mata Entre Os 64	Valdora amanhece diferente. A Academia reúne estudantes para um mata-mata entre os 64. Há regras claras, árbitros e consequências: o objetivo não é apenas vencer, mas demonstrar que um futuro Valaryn sabe proteger, cooperar e assumir responsabilidade.	Entrar na prova com preparação.	life:VALARYN&academyYear>=2	END	xp=40;reputation=2	END	fatigue=2		Ajudar outro aluno antes da prova.	life:VALARYN&academyYear>=2	END	xp=25;rel:ACAD_1_001=1	END	fatigue=1		ACADEMY;TOURNAMENT	life:VALARYN&academyYear>=2	120
RND_0006	ACADEMIC	COMMON	VALARYN	Aeloria	Valdora	1	1265	60	Academia — Avaliação De Elyth	Valdora amanhece diferente. A Academia reúne estudantes para um avaliação de Elyth. Há regras claras, árbitros e consequências: o objetivo não é apenas vencer, mas demonstrar que um futuro Valaryn sabe proteger, cooperar e assumir responsabilidade.	Entrar na prova com preparação.	life:VALARYN&academyYear>=3	END	xp=40;reputation=2	END	fatigue=2		Ajudar outro aluno antes da prova.	life:VALARYN&academyYear>=3	END	xp=25;rel:ACAD_1_001=1	END	fatigue=1		ACADEMY;TOURNAMENT	life:VALARYN&academyYear>=3	120
RND_0007	ACADEMIC	COMMON	VALARYN	Aeloria	Valdora	1	548	60	Academia — Simulação De Resgate	Valdora amanhece diferente. A Academia reúne estudantes para um simulação de resgate. Há regras claras, árbitros e consequências: o objetivo não é apenas vencer, mas demonstrar que um futuro Valaryn sabe proteger, cooperar e assumir responsabilidade.	Entrar na prova com preparação.	life:VALARYN&academyYear>=1	END	xp=40;reputation=2	END	fatigue=2		Ajudar outro aluno antes da prova.	life:VALARYN&academyYear>=1	END	xp=25;rel:ACAD_1_001=1	END	fatigue=1		ACADEMY;TOURNAMENT	life:VALARYN&academyYear>=1	120
RND_0008	ACADEMIC	COMMON	VALARYN	Aeloria	Valdora	1	911	60	Academia — Duelo Supervisionado	Valdora amanhece diferente. A Academia reúne estudantes para um duelo supervisionado. Há regras claras, árbitros e consequências: o objetivo não é apenas vencer, mas demonstrar que um futuro Valaryn sabe proteger, cooperar e assumir responsabilidade.	Entrar na prova com preparação.	life:VALARYN&academyYear>=2	END	xp=40;reputation=2	END	fatigue=2		Ajudar outro aluno antes da prova.	life:VALARYN&academyYear>=2	END	xp=25;rel:ACAD_1_001=1	END	fatigue=1		ACADEMY;TOURNAMENT	life:VALARYN&academyYear>=2	120
RND_0009	ACADEMIC	COMMON	VALARYN	Aeloria	Valdora	1	1274	60	Academia — Torneio De Fim De Ano	Valdora amanhece diferente. A Academia reúne estudantes para um torneio de fim de ano. Há regras claras, árbitros e consequências: o objetivo não é apenas vencer, mas demonstrar que um futuro Valaryn sabe proteger, cooperar e assumir responsabilidade.	Entrar na prova com preparação.	life:VALARYN&academyYear>=3	END	xp=40;reputation=2	END	fatigue=2		Ajudar outro aluno antes da prova.	life:VALARYN&academyYear>=3	END	xp=25;rel:ACAD_1_001=1	END	fatigue=1		ACADEMY;TOURNAMENT	life:VALARYN&academyYear>=3	120
RND_0010	ACADEMIC	COMMON	VALARYN	Aeloria	Valdora	1	557	60	Academia — Gincana Dos Clãs	Valdora amanhece diferente. A Academia reúne estudantes para um gincana dos clãs. Há regras claras, árbitros e consequências: o objetivo não é apenas vencer, mas demonstrar que um futuro Valaryn sabe proteger, cooperar e assumir responsabilidade.	Entrar na prova com preparação.	life:VALARYN&academyYear>=1	END	xp=40;reputation=2	END	fatigue=2		Ajudar outro aluno antes da prova.	life:VALARYN&academyYear>=1	END	xp=25;rel:ACAD_1_001=1	END	fatigue=1		ACADEMY;TOURNAMENT	life:VALARYN&academyYear>=1	120
RND_0011	ACADEMIC	COMMON	VALARYN	Aeloria	Valdora	1	920	60	Academia — Estágio De Campo	Valdora amanhece diferente. A Academia reúne estudantes para um estágio de campo. Há regras claras, árbitros e consequências: o objetivo não é apenas vencer, mas demonstrar que um futuro Valaryn sabe proteger, cooperar e assumir responsabilidade.	Entrar na prova com preparação.	life:VALARYN&academyYear>=2	END	xp=40;reputation=2	END	fatigue=2		Ajudar outro aluno antes da prova.	life:VALARYN&academyYear>=2	END	xp=25;rel:ACAD_1_001=1	END	fatigue=1		ACADEMY;TOURNAMENT	life:VALARYN&academyYear>=2	120
RND_0012	ACADEMIC	COMMON	VALARYN	Aeloria	Valdora	1	1283	60	Academia — Prova Prática	Valdora amanhece diferente. A Academia reúne estudantes para um prova prática. Há regras claras, árbitros e consequências: o objetivo não é apenas vencer, mas demonstrar que um futuro Valaryn sabe proteger, cooperar e assumir responsabilidade.	Entrar na prova com preparação.	life:VALARYN&academyYear>=3	END	xp=40;reputation=2	END	fatigue=2		Ajudar outro aluno antes da prova.	life:VALARYN&academyYear>=3	END	xp=25;rel:ACAD_1_001=1	END	fatigue=1		ACADEMY;TOURNAMENT	life:VALARYN&academyYear>=3	120
RND_0013	ACADEMIC	COMMON	VALARYN	Aeloria	Valdora	1	566	60	Academia — Mata-Mata Entre Os 64	Valdora amanhece diferente. A Academia reúne estudantes para um mata-mata entre os 64. Há regras claras, árbitros e consequências: o objetivo não é apenas vencer, mas demonstrar que um futuro Valaryn sabe proteger, cooperar e assumir responsabilidade.	Entrar na prova com preparação.	life:VALARYN&academyYear>=1	END	xp=40;reputation=2	END	fatigue=2		Ajudar outro aluno antes da prova.	life:VALARYN&academyYear>=1	END	xp=25;rel:ACAD_1_001=1	END	fatigue=1		ACADEMY;TOURNAMENT	life:VALARYN&academyYear>=1	120
RND_0014	ACADEMIC	COMMON	VALARYN	Aeloria	Valdora	1	929	60	Academia — Avaliação De Elyth	Valdora amanhece diferente. A Academia reúne estudantes para um avaliação de Elyth. Há regras claras, árbitros e consequências: o objetivo não é apenas vencer, mas demonstrar que um futuro Valaryn sabe proteger, cooperar e assumir responsabilidade.	Entrar na prova com preparação.	life:VALARYN&academyYear>=2	END	xp=40;reputation=2	END	fatigue=2		Ajudar outro aluno antes da prova.	life:VALARYN&academyYear>=2	END	xp=25;rel:ACAD_1_001=1	END	fatigue=1		ACADEMY;TOURNAMENT	life:VALARYN&academyYear>=2	120
RND_0015	ACADEMIC	COMMON	VALARYN	Aeloria	Valdora	1	1292	60	Academia — Simulação De Resgate	Valdora amanhece diferente. A Academia reúne estudantes para um simulação de resgate. Há regras claras, árbitros e consequências: o objetivo não é apenas vencer, mas demonstrar que um futuro Valaryn sabe proteger, cooperar e assumir responsabilidade.	Entrar na prova com preparação.	life:VALARYN&academyYear>=3	END	xp=40;reputation=2	END	fatigue=2		Ajudar outro aluno antes da prova.	life:VALARYN&academyYear>=3	END	xp=25;rel:ACAD_1_001=1	END	fatigue=1		ACADEMY;TOURNAMENT	life:VALARYN&academyYear>=3	120
RND_0016	ACADEMIC	COMMON	VALARYN	Aeloria	Valdora	1	575	60	Academia — Duelo Supervisionado	Valdora amanhece diferente. A Academia reúne estudantes para um duelo supervisionado. Há regras claras, árbitros e consequências: o objetivo não é apenas vencer, mas demonstrar que um futuro Valaryn sabe proteger, cooperar e assumir responsabilidade.	Entrar na prova com preparação.	life:VALARYN&academyYear>=1	END	xp=40;reputation=2	END	fatigue=2		Ajudar outro aluno antes da prova.	life:VALARYN&academyYear>=1	END	xp=25;rel:ACAD_1_001=1	END	fatigue=1		ACADEMY;TOURNAMENT	life:VALARYN&academyYear>=1	120
RND_0017	ACADEMIC	COMMON	VALARYN	Aeloria	Valdora	1	938	60	Academia — Torneio De Fim De Ano	Valdora amanhece diferente. A Academia reúne estudantes para um torneio de fim de ano. Há regras claras, árbitros e consequências: o objetivo não é apenas vencer, mas demonstrar que um futuro Valaryn sabe proteger, cooperar e assumir responsabilidade.	Entrar na prova com preparação.	life:VALARYN&academyYear>=2	END	xp=40;reputation=2	END	fatigue=2		Ajudar outro aluno antes da prova.	life:VALARYN&academyYear>=2	END	xp=25;rel:ACAD_1_001=1	END	fatigue=1		ACADEMY;TOURNAMENT	life:VALARYN&academyYear>=2	120
RND_0018	ACADEMIC	COMMON	VALARYN	Aeloria	Valdora	1	1301	60	Academia — Gincana Dos Clãs	Valdora amanhece diferente. A Academia reúne estudantes para um gincana dos clãs. Há regras claras, árbitros e consequências: o objetivo não é apenas vencer, mas demonstrar que um futuro Valaryn sabe proteger, cooperar e assumir responsabilidade.	Entrar na prova com preparação.	life:VALARYN&academyYear>=3	END	xp=40;reputation=2	END	fatigue=2		Ajudar outro aluno antes da prova.	life:VALARYN&academyYear>=3	END	xp=25;rel:ACAD_1_001=1	END	fatigue=1		ACADEMY;TOURNAMENT	life:VALARYN&academyYear>=3	120
RND_0019	ACADEMIC	COMMON	VALARYN	Aeloria	Valdora	1	584	60	Academia — Estágio De Campo	Valdora amanhece diferente. A Academia reúne estudantes para um estágio de campo. Há regras claras, árbitros e consequências: o objetivo não é apenas vencer, mas demonstrar que um futuro Valaryn sabe proteger, cooperar e assumir responsabilidade.	Entrar na prova com preparação.	life:VALARYN&academyYear>=1	END	xp=40;reputation=2	END	fatigue=2		Ajudar outro aluno antes da prova.	life:VALARYN&academyYear>=1	END	xp=25;rel:ACAD_1_001=1	END	fatigue=1		ACADEMY;TOURNAMENT	life:VALARYN&academyYear>=1	120
RND_0020	ACADEMIC	COMMON	VALARYN	Aeloria	Valdora	1	947	60	Academia — Prova Prática	Valdora amanhece diferente. A Academia reúne estudantes para um prova prática. Há regras claras, árbitros e consequências: o objetivo não é apenas vencer, mas demonstrar que um futuro Valaryn sabe proteger, cooperar e assumir responsabilidade.	Entrar na prova com preparação.	life:VALARYN&academyYear>=2	END	xp=40;reputation=2	END	fatigue=2		Ajudar outro aluno antes da prova.	life:VALARYN&academyYear>=2	END	xp=25;rel:ACAD_1_001=1	END	fatigue=1		ACADEMY;TOURNAMENT	life:VALARYN&academyYear>=2	120
RND_0021	ACADEMIC	COMMON	VALARYN	Aeloria	Valdora	1	1310	60	Academia — Mata-Mata Entre Os 64	Valdora amanhece diferente. A Academia reúne estudantes para um mata-mata entre os 64. Há regras claras, árbitros e consequências: o objetivo não é apenas vencer, mas demonstrar que um futuro Valaryn sabe proteger, cooperar e assumir responsabilidade.	Entrar na prova com preparação.	life:VALARYN&academyYear>=3	END	xp=40;reputation=2	END	fatigue=2		Ajudar outro aluno antes da prova.	life:VALARYN&academyYear>=3	END	xp=25;rel:ACAD_1_001=1	END	fatigue=1		ACADEMY;TOURNAMENT	life:VALARYN&academyYear>=3	120
RND_0022	ACADEMIC	COMMON	VALARYN	Aeloria	Valdora	1	593	60	Academia — Avaliação De Elyth	Valdora amanhece diferente. A Academia reúne estudantes para um avaliação de Elyth. Há regras claras, árbitros e consequências: o objetivo não é apenas vencer, mas demonstrar que um futuro Valaryn sabe proteger, cooperar e assumir responsabilidade.	Entrar na prova com preparação.	life:VALARYN&academyYear>=1	END	xp=40;reputation=2	END	fatigue=2		Ajudar outro aluno antes da prova.	life:VALARYN&academyYear>=1	END	xp=25;rel:ACAD_1_001=1	END	fatigue=1		ACADEMY;TOURNAMENT	life:VALARYN&academyYear>=1	120
RND_0023	ACADEMIC	COMMON	VALARYN	Aeloria	Valdora	1	956	60	Academia — Simulação De Resgate	Valdora amanhece diferente. A Academia reúne estudantes para um simulação de resgate. Há regras claras, árbitros e consequências: o objetivo não é apenas vencer, mas demonstrar que um futuro Valaryn sabe proteger, cooperar e assumir responsabilidade.	Entrar na prova com preparação.	life:VALARYN&academyYear>=2	END	xp=40;reputation=2	END	fatigue=2		Ajudar outro aluno antes da prova.	life:VALARYN&academyYear>=2	END	xp=25;rel:ACAD_1_001=1	END	fatigue=1		ACADEMY;TOURNAMENT	life:VALARYN&academyYear>=2	120
RND_0024	ACADEMIC	COMMON	VALARYN	Aeloria	Valdora	1	1319	60	Academia — Duelo Supervisionado	Valdora amanhece diferente. A Academia reúne estudantes para um duelo supervisionado. Há regras claras, árbitros e consequências: o objetivo não é apenas vencer, mas demonstrar que um futuro Valaryn sabe proteger, cooperar e assumir responsabilidade.	Entrar na prova com preparação.	life:VALARYN&academyYear>=3	END	xp=40;reputation=2	END	fatigue=2		Ajudar outro aluno antes da prova.	life:VALARYN&academyYear>=3	END	xp=25;rel:ACAD_1_001=1	END	fatigue=1		ACADEMY;TOURNAMENT	life:VALARYN&academyYear>=3	120
RND_0025	ACADEMIC	COMMON	VALARYN	Aeloria	Valdora	1	602	60	Academia — Torneio De Fim De Ano	Valdora amanhece diferente. A Academia reúne estudantes para um torneio de fim de ano. Há regras claras, árbitros e consequências: o objetivo não é apenas vencer, mas demonstrar que um futuro Valaryn sabe proteger, cooperar e assumir responsabilidade.	Entrar na prova com preparação.	life:VALARYN&academyYear>=1	END	xp=40;reputation=2	END	fatigue=2		Ajudar outro aluno antes da prova.	life:VALARYN&academyYear>=1	END	xp=25;rel:ACAD_1_001=1	END	fatigue=1		ACADEMY;TOURNAMENT	life:VALARYN&academyYear>=1	120
RND_0026	ACADEMIC	COMMON	VALARYN	Aeloria	Valdora	1	965	60	Academia — Gincana Dos Clãs	Valdora amanhece diferente. A Academia reúne estudantes para um gincana dos clãs. Há regras claras, árbitros e consequências: o objetivo não é apenas vencer, mas demonstrar que um futuro Valaryn sabe proteger, cooperar e assumir responsabilidade.	Entrar na prova com preparação.	life:VALARYN&academyYear>=2	END	xp=40;reputation=2	END	fatigue=2		Ajudar outro aluno antes da prova.	life:VALARYN&academyYear>=2	END	xp=25;rel:ACAD_1_001=1	END	fatigue=1		ACADEMY;TOURNAMENT	life:VALARYN&academyYear>=2	120
RND_0027	ACADEMIC	COMMON	VALARYN	Aeloria	Valdora	1	1328	60	Academia — Estágio De Campo	Valdora amanhece diferente. A Academia reúne estudantes para um estágio de campo. Há regras claras, árbitros e consequências: o objetivo não é apenas vencer, mas demonstrar que um futuro Valaryn sabe proteger, cooperar e assumir responsabilidade.	Entrar na prova com preparação.	life:VALARYN&academyYear>=3	END	xp=40;reputation=2	END	fatigue=2		Ajudar outro aluno antes da prova.	life:VALARYN&academyYear>=3	END	xp=25;rel:ACAD_1_001=1	END	fatigue=1		ACADEMY;TOURNAMENT	life:VALARYN&academyYear>=3	120
RND_0028	ACADEMIC	COMMON	VALARYN	Aeloria	Valdora	1	611	60	Academia — Prova Prática	Valdora amanhece diferente. A Academia reúne estudantes para um prova prática. Há regras claras, árbitros e consequências: o objetivo não é apenas vencer, mas demonstrar que um futuro Valaryn sabe proteger, cooperar e assumir responsabilidade.	Entrar na prova com preparação.	life:VALARYN&academyYear>=1	END	xp=40;reputation=2	END	fatigue=2		Ajudar outro aluno antes da prova.	life:VALARYN&academyYear>=1	END	xp=25;rel:ACAD_1_001=1	END	fatigue=1		ACADEMY;TOURNAMENT	life:VALARYN&academyYear>=1	120
RND_0029	ACADEMIC	COMMON	VALARYN	Aeloria	Valdora	1	974	60	Academia — Mata-Mata Entre Os 64	Valdora amanhece diferente. A Academia reúne estudantes para um mata-mata entre os 64. Há regras claras, árbitros e consequências: o objetivo não é apenas vencer, mas demonstrar que um futuro Valaryn sabe proteger, cooperar e assumir responsabilidade.	Entrar na prova com preparação.	life:VALARYN&academyYear>=2	END	xp=40;reputation=2	END	fatigue=2		Ajudar outro aluno antes da prova.	life:VALARYN&academyYear>=2	END	xp=25;rel:ACAD_1_001=1	END	fatigue=1		ACADEMY;TOURNAMENT	life:VALARYN&academyYear>=2	120
RND_0030	ACADEMIC	COMMON	VALARYN	Aeloria	Valdora	1	1337	60	Academia — Avaliação De Elyth	Valdora amanhece diferente. A Academia reúne estudantes para um avaliação de Elyth. Há regras claras, árbitros e consequências: o objetivo não é apenas vencer, mas demonstrar que um futuro Valaryn sabe proteger, cooperar e assumir responsabilidade.	Entrar na prova com preparação.	life:VALARYN&academyYear>=3	END	xp=40;reputation=2	END	fatigue=2		Ajudar outro aluno antes da prova.	life:VALARYN&academyYear>=3	END	xp=25;rel:ACAD_1_001=1	END	fatigue=1		ACADEMY;TOURNAMENT	life:VALARYN&academyYear>=3	120
RND_0031	OPPORTUNITY	COMMON	ANY	Myrthos	Sem nome definido	1	91	10	Mercadoria esquecida	Sem nome definido segue sua rotina, mas pequenos detalhes chamam sua atenção. Um comerciante fala baixo, um viajante observa a estrada e uma oportunidade aparece onde você menos esperava. Em Altheria, até um dia comum pode deixar uma marca.	Investigar a situação.	PER>=5	END	xp=3	END	fatigue=1		Continuar seu caminho.	NONE	END	fatigue=0	END	fatigue=1		RANDOM;NARRATIVE	NONE	12
RND_0032	MONSTER	COMMON	ANY	Myrthos	Sem nome definido	5	94	10	Rastros na estrada — Elemental	As marcas no barro contam uma história antes mesmo de você ver a criatura. Galhos quebrados, um cheiro estranho e o silêncio repentino dos pássaros sugerem que um elemental está próximo. Você pode investigar ou seguir adiante.	Investigar a situação.	PER>=5	END	xp=5	END	fatigue=1	AEL_MON_0001	Continuar seu caminho.	NONE	END	fatigue=0	END	fatigue=1		RANDOM;NARRATIVE	NONE	14
RND_0033	ROAD	COMMON	ANY	Nyssara	Emerald Tide	8	1	8	Uma manhã que parecia comum	Emerald Tide segue sua rotina, mas pequenos detalhes chamam sua atenção. Um comerciante fala baixo, um viajante observa a estrada e uma oportunidade aparece onde você menos esperava. Em Altheria, até um dia comum pode deixar uma marca.	Investigar a situação.	PER>=5	END	xp=8	END	fatigue=1		Continuar seu caminho.	NONE	END	fatigue=0	END	fatigue=1		RANDOM;NARRATIVE	NONE	17
RND_0034	ACADEMIC	COMMON	ANY	Eshmara	Brumas	2	6	6	Entre aulas e rivalidades	O corredor da Academia de Valdora está cheio. Um colega pede ajuda, outro provoca você e um professor observa de longe, aparentemente interessado em descobrir quem consegue resolver o problema sem transformar tudo em uma briga.	Investigar a situação.	PER>=5	END	xp=4	END	fatigue=1		Continuar seu caminho.	NONE	END	fatigue=0	END	fatigue=1		RANDOM;NARRATIVE	NONE	6
RND_0035	MONSTER	COMMON	ANY	Eshmara	Brumas	4	135	2	Rastros na estrada — Spider	As marcas no barro contam uma história antes mesmo de você ver a criatura. Galhos quebrados, um cheiro estranho e o silêncio repentino dos pássaros sugerem que um spider está próximo. Você pode investigar ou seguir adiante.	Investigar a situação.	PER>=5	END	xp=2	END	fatigue=1	AEL_MON_0001	Continuar seu caminho.	NONE	END	fatigue=0	END	fatigue=1		RANDOM;NARRATIVE	NONE	9
RND_0036	CITY	COMMON	ANY	Myrthos	Sem nome definido	7	55	10	Uma porta entreaberta	Sem nome definido segue sua rotina, mas pequenos detalhes chamam sua atenção. Um comerciante fala baixo, um viajante observa a estrada e uma oportunidade aparece onde você menos esperava. Em Altheria, até um dia comum pode deixar uma marca.	Investigar a situação.	PER>=5	END	xp=5	END	fatigue=1		Continuar seu caminho.	NONE	END	fatigue=0	END	fatigue=1		RANDOM;NARRATIVE	NONE	11
RND_0037	GUILD	COMMON	ANY	Nyssara	Emerald Tide	7	23	12	Uma porta entreaberta	Emerald Tide segue sua rotina, mas pequenos detalhes chamam sua atenção. Um comerciante fala baixo, um viajante observa a estrada e uma oportunidade aparece onde você menos esperava. Em Altheria, até um dia comum pode deixar uma marca.	Investigar a situação.	PER>=5	END	xp=4	END	fatigue=1		Continuar seu caminho.	NONE	END	fatigue=0	END	fatigue=1		RANDOM;NARRATIVE	NONE	5
RND_0038	GUILD	COMMON	ANY	Zarim	Fornalia	5	61	14	Sinais na fronteira	Fornalia segue sua rotina, mas pequenos detalhes chamam sua atenção. Um comerciante fala baixo, um viajante observa a estrada e uma oportunidade aparece onde você menos esperava. Em Altheria, até um dia comum pode deixar uma marca.	Investigar a situação.	PER>=5	END	xp=3	END	fatigue=1		Continuar seu caminho.	NONE	END	fatigue=0	END	fatigue=1		RANDOM;NARRATIVE	NONE	18
RND_0039	GUILD	COMMON	ANY	Tharun	Stone-Âmbar	7	73	14	Pedido inesperado	Stone-Âmbar segue sua rotina, mas pequenos detalhes chamam sua atenção. Um comerciante fala baixo, um viajante observa a estrada e uma oportunidade aparece onde você menos esperava. Em Altheria, até um dia comum pode deixar uma marca.	Investigar a situação.	PER>=5	END	xp=3	END	fatigue=1		Continuar seu caminho.	NONE	END	fatigue=0	END	fatigue=1		RANDOM;NARRATIVE	NONE	6
RND_0040	OPPORTUNITY	COMMON	ANY	Orinthal	Crystalia	1	62	12	Uma porta entreaberta	Crystalia segue sua rotina, mas pequenos detalhes chamam sua atenção. Um comerciante fala baixo, um viajante observa a estrada e uma oportunidade aparece onde você menos esperava. Em Altheria, até um dia comum pode deixar uma marca.	Investigar a situação.	PER>=5	END	xp=8	END	fatigue=1		Continuar seu caminho.	NONE	END	fatigue=0	END	fatigue=1		RANDOM;NARRATIVE	NONE	15
RND_0041	GUILD	COMMON	ANY	Myrthos	Sem nome definido	3	61	4	Sinais na fronteira	Sem nome definido segue sua rotina, mas pequenos detalhes chamam sua atenção. Um comerciante fala baixo, um viajante observa a estrada e uma oportunidade aparece onde você menos esperava. Em Altheria, até um dia comum pode deixar uma marca.	Investigar a situação.	PER>=5	END	xp=3	END	fatigue=1		Continuar seu caminho.	NONE	END	fatigue=0	END	fatigue=1		RANDOM;NARRATIVE	NONE	13
RND_0042	MONSTER	COMMON	ANY	Valkyrion	Volmeria	2	1	2	Rastros na estrada — Mooncalf	As marcas no barro contam uma história antes mesmo de você ver a criatura. Galhos quebrados, um cheiro estranho e o silêncio repentino dos pássaros sugerem que um mooncalf está próximo. Você pode investigar ou seguir adiante.	Investigar a situação.	PER>=5	END	xp=3	END	fatigue=1	AEL_MON_0001	Continuar seu caminho.	NONE	END	fatigue=0	END	fatigue=1		RANDOM;NARRATIVE	NONE	7
RND_0043	MONSTER	COMMON	ANY	Aeloria	Arvenholt	1	90	10	Rastros na estrada — Basilisk	As marcas no barro contam uma história antes mesmo de você ver a criatura. Galhos quebrados, um cheiro estranho e o silêncio repentino dos pássaros sugerem que um basilisk está próximo. Você pode investigar ou seguir adiante.	Investigar a situação.	PER>=5	END	xp=3	END	fatigue=1	AEL_MON_0001	Continuar seu caminho.	NONE	END	fatigue=0	END	fatigue=1		RANDOM;NARRATIVE	NONE	15
RND_0044	SOCIAL	COMMON	ANY	Orinthal	Crystalia	6	65	14	Uma pessoa à beira da estrada	A poucos passos da estrada, uma pessoa surge ofegante. Ela conta que alguém levou seu filho e aponta para a trilha ainda recente. A distância é pequena; o problema é que você não sabe o que encontrará no fim dela.	Investigar a situação.	PER>=5	END	xp=5	END	fatigue=1		Continuar seu caminho.	NONE	END	fatigue=0	END	fatigue=1		RANDOM;NARRATIVE	NONE	12
RND_0045	CITY	COMMON	ANY	Eshmara	Brumas	8	32	6	Pedido inesperado	Brumas segue sua rotina, mas pequenos detalhes chamam sua atenção. Um comerciante fala baixo, um viajante observa a estrada e uma oportunidade aparece onde você menos esperava. Em Altheria, até um dia comum pode deixar uma marca.	Investigar a situação.	PER>=5	END	xp=8	END	fatigue=1		Continuar seu caminho.	NONE	END	fatigue=0	END	fatigue=1		RANDOM;NARRATIVE	NONE	8
RND_0046	ACADEMIC	COMMON	ANY	Orinthal	Crystalia	4	137	7	Entre aulas e rivalidades	O corredor da Academia de Valdora está cheio. Um colega pede ajuda, outro provoca você e um professor observa de longe, aparentemente interessado em descobrir quem consegue resolver o problema sem transformar tudo em uma briga.	Investigar a situação.	PER>=5	END	xp=7	END	fatigue=1		Continuar seu caminho.	NONE	END	fatigue=0	END	fatigue=1		RANDOM;NARRATIVE	NONE	13
RND_0047	ACADEMIC	COMMON	ANY	Lyrien	Aerocivitus	1	119	14	Entre aulas e rivalidades	O corredor da Academia de Valdora está cheio. Um colega pede ajuda, outro provoca você e um professor observa de longe, aparentemente interessado em descobrir quem consegue resolver o problema sem transformar tudo em uma briga.	Investigar a situação.	PER>=5	END	xp=2	END	fatigue=1		Continuar seu caminho.	NONE	END	fatigue=0	END	fatigue=1		RANDOM;NARRATIVE	NONE	18
RND_0048	ACADEMIC	COMMON	ANY	Tharun	Stone-Âmbar	3	61	12	Entre aulas e rivalidades	O corredor da Academia de Valdora está cheio. Um colega pede ajuda, outro provoca você e um professor observa de longe, aparentemente interessado em descobrir quem consegue resolver o problema sem transformar tudo em uma briga.	Investigar a situação.	PER>=5	END	xp=1	END	fatigue=1		Continuar seu caminho.	NONE	END	fatigue=0	END	fatigue=1		RANDOM;NARRATIVE	NONE	11
RND_0049	GUILD	COMMON	ANY	Eshmara	Brumas	3	105	7	Uma manhã que parecia comum	Brumas segue sua rotina, mas pequenos detalhes chamam sua atenção. Um comerciante fala baixo, um viajante observa a estrada e uma oportunidade aparece onde você menos esperava. Em Altheria, até um dia comum pode deixar uma marca.	Investigar a situação.	PER>=5	END	xp=1	END	fatigue=1		Continuar seu caminho.	NONE	END	fatigue=0	END	fatigue=1		RANDOM;NARRATIVE	NONE	4
RND_0050	SOCIAL	COMMON	ANY	Myrthos	Sem nome definido	3	52	7	Uma pessoa à beira da estrada	A poucos passos da estrada, uma pessoa surge ofegante. Ela conta que alguém levou seu filho e aponta para a trilha ainda recente. A distância é pequena; o problema é que você não sabe o que encontrará no fim dela.	Investigar a situação.	PER>=5	END	xp=3	END	fatigue=1		Continuar seu caminho.	NONE	END	fatigue=0	END	fatigue=1		RANDOM;NARRATIVE	NONE	5
RND_0051	SOCIAL	COMMON	ANY	Nyssara	Emerald Tide	8	83	3	Uma pessoa à beira da estrada	A poucos passos da estrada, uma pessoa surge ofegante. Ela conta que alguém levou seu filho e aponta para a trilha ainda recente. A distância é pequena; o problema é que você não sabe o que encontrará no fim dela.	Investigar a situação.	PER>=5	END	xp=3	END	fatigue=1		Continuar seu caminho.	NONE	END	fatigue=0	END	fatigue=1		RANDOM;NARRATIVE	NONE	5
RND_0052	ACADEMIC	COMMON	ANY	Orinthal	Crystalia	3	45	11	Entre aulas e rivalidades	O corredor da Academia de Valdora está cheio. Um colega pede ajuda, outro provoca você e um professor observa de longe, aparentemente interessado em descobrir quem consegue resolver o problema sem transformar tudo em uma briga.	Investigar a situação.	PER>=5	END	xp=7	END	fatigue=1		Continuar seu caminho.	NONE	END	fatigue=0	END	fatigue=1		RANDOM;NARRATIVE	NONE	15
RND_0053	SOCIAL	COMMON	ANY	Nyssara	Emerald Tide	8	108	13	Uma pessoa à beira da estrada	A poucos passos da estrada, uma pessoa surge ofegante. Ela conta que alguém levou seu filho e aponta para a trilha ainda recente. A distância é pequena; o problema é que você não sabe o que encontrará no fim dela.	Investigar a situação.	PER>=5	END	xp=7	END	fatigue=1		Continuar seu caminho.	NONE	END	fatigue=0	END	fatigue=1		RANDOM;NARRATIVE	NONE	13
RND_0054	CITY	COMMON	ANY	Myrthos	Sem nome definido	7	122	6	Mercadoria esquecida	Sem nome definido segue sua rotina, mas pequenos detalhes chamam sua atenção. Um comerciante fala baixo, um viajante observa a estrada e uma oportunidade aparece onde você menos esperava. Em Altheria, até um dia comum pode deixar uma marca.	Investigar a situação.	PER>=5	END	xp=3	END	fatigue=1		Continuar seu caminho.	NONE	END	fatigue=0	END	fatigue=1		RANDOM;NARRATIVE	NONE	13
RND_0055	OPPORTUNITY	COMMON	ANY	Myrthos	Sem nome definido	3	45	4	Uma porta entreaberta	Sem nome definido segue sua rotina, mas pequenos detalhes chamam sua atenção. Um comerciante fala baixo, um viajante observa a estrada e uma oportunidade aparece onde você menos esperava. Em Altheria, até um dia comum pode deixar uma marca.	Investigar a situação.	PER>=5	END	xp=3	END	fatigue=1		Continuar seu caminho.	NONE	END	fatigue=0	END	fatigue=1		RANDOM;NARRATIVE	NONE	6
RND_0056	SOCIAL	COMMON	ANY	Kethruun	Sandbones	5	104	7	Uma pessoa à beira da estrada	A poucos passos da estrada, uma pessoa surge ofegante. Ela conta que alguém levou seu filho e aponta para a trilha ainda recente. A distância é pequena; o problema é que você não sabe o que encontrará no fim dela.	Investigar a situação.	PER>=5	END	xp=3	END	fatigue=1		Continuar seu caminho.	NONE	END	fatigue=0	END	fatigue=1		RANDOM;NARRATIVE	NONE	10
RND_0057	CITY	COMMON	ANY	Aeloria	Rivenholt	4	145	4	Sinais na fronteira	Rivenholt segue sua rotina, mas pequenos detalhes chamam sua atenção. Um comerciante fala baixo, um viajante observa a estrada e uma oportunidade aparece onde você menos esperava. Em Altheria, até um dia comum pode deixar uma marca.	Investigar a situação.	PER>=5	END	xp=5	END	fatigue=1		Continuar seu caminho.	NONE	END	fatigue=0	END	fatigue=1		RANDOM;NARRATIVE	NONE	10
RND_0058	GUILD	COMMON	ANY	Myrthos	Sem nome definido	8	148	14	Mercadoria esquecida	Sem nome definido segue sua rotina, mas pequenos detalhes chamam sua atenção. Um comerciante fala baixo, um viajante observa a estrada e uma oportunidade aparece onde você menos esperava. Em Altheria, até um dia comum pode deixar uma marca.	Investigar a situação.	PER>=5	END	xp=4	END	fatigue=1		Continuar seu caminho.	NONE	END	fatigue=0	END	fatigue=1		RANDOM;NARRATIVE	NONE	9
RND_0059	CITY	COMMON	ANY	Lyrien	Aerocivitus	3	31	8	Sinais na fronteira	Aerocivitus segue sua rotina, mas pequenos detalhes chamam sua atenção. Um comerciante fala baixo, um viajante observa a estrada e uma oportunidade aparece onde você menos esperava. Em Altheria, até um dia comum pode deixar uma marca.	Investigar a situação.	PER>=5	END	xp=8	END	fatigue=1		Continuar seu caminho.	NONE	END	fatigue=0	END	fatigue=1		RANDOM;NARRATIVE	NONE	13
RND_0060	MONSTER	COMMON	ANY	Valkyrion	Volmeria	2	145	11	Rastros na estrada — Djinn	As marcas no barro contam uma história antes mesmo de você ver a criatura. Galhos quebrados, um cheiro estranho e o silêncio repentino dos pássaros sugerem que um djinn está próximo. Você pode investigar ou seguir adiante.	Investigar a situação.	PER>=5	END	xp=6	END	fatigue=1	AEL_MON_0001	Continuar seu caminho.	NONE	END	fatigue=0	END	fatigue=1		RANDOM;NARRATIVE	NONE	17
RND_0061	GUILD	COMMON	ANY	Myrthos	Sem nome definido	7	148	6	Uma porta entreaberta	Sem nome definido segue sua rotina, mas pequenos detalhes chamam sua atenção. Um comerciante fala baixo, um viajante observa a estrada e uma oportunidade aparece onde você menos esperava. Em Altheria, até um dia comum pode deixar uma marca.	Investigar a situação.	PER>=5	END	xp=4	END	fatigue=1		Continuar seu caminho.	NONE	END	fatigue=0	END	fatigue=1		RANDOM;NARRATIVE	NONE	19
RND_0062	MONSTER	COMMON	ANY	Valkyrion	Volmeria	6	117	13	Rastros na estrada — Drake	As marcas no barro contam uma história antes mesmo de você ver a criatura. Galhos quebrados, um cheiro estranho e o silêncio repentino dos pássaros sugerem que um drake está próximo. Você pode investigar ou seguir adiante.	Investigar a situação.	PER>=5	END	xp=3	END	fatigue=1	AEL_MON_0001	Continuar seu caminho.	NONE	END	fatigue=0	END	fatigue=1		RANDOM;NARRATIVE	NONE	11
RND_0063	CITY	COMMON	ANY	Nyssara	Emerald Tide	8	143	7	Sinais na fronteira	Emerald Tide segue sua rotina, mas pequenos detalhes chamam sua atenção. Um comerciante fala baixo, um viajante observa a estrada e uma oportunidade aparece onde você menos esperava. Em Altheria, até um dia comum pode deixar uma marca.	Investigar a situação.	PER>=5	END	xp=5	END	fatigue=1		Continuar seu caminho.	NONE	END	fatigue=0	END	fatigue=1		RANDOM;NARRATIVE	NONE	11
RND_0064	SOCIAL	COMMON	ANY	Kethruun	Sandbones	8	108	11	Uma pessoa à beira da estrada	A poucos passos da estrada, uma pessoa surge ofegante. Ela conta que alguém levou seu filho e aponta para a trilha ainda recente. A distância é pequena; o problema é que você não sabe o que encontrará no fim dela.	Investigar a situação.	PER>=5	END	xp=1	END	fatigue=1		Continuar seu caminho.	NONE	END	fatigue=0	END	fatigue=1		RANDOM;NARRATIVE	NONE	13
RND_0065	ROAD	COMMON	ANY	Nyssara	Emerald Tide	6	85	5	Uma manhã que parecia comum	Emerald Tide segue sua rotina, mas pequenos detalhes chamam sua atenção. Um comerciante fala baixo, um viajante observa a estrada e uma oportunidade aparece onde você menos esperava. Em Altheria, até um dia comum pode deixar uma marca.	Investigar a situação.	PER>=5	END	xp=1	END	fatigue=1		Continuar seu caminho.	NONE	END	fatigue=0	END	fatigue=1		RANDOM;NARRATIVE	NONE	9
RND_0066	OPPORTUNITY	COMMON	ANY	Aeloria	Blackmere	1	77	5	Mercadoria esquecida	Blackmere segue sua rotina, mas pequenos detalhes chamam sua atenção. Um comerciante fala baixo, um viajante observa a estrada e uma oportunidade aparece onde você menos esperava. Em Altheria, até um dia comum pode deixar uma marca.	Investigar a situação.	PER>=5	END	xp=4	END	fatigue=1		Continuar seu caminho.	NONE	END	fatigue=0	END	fatigue=1		RANDOM;NARRATIVE	NONE	19
RND_0067	SOCIAL	COMMON	ANY	Valkyrion	Volmeria	2	31	11	Uma pessoa à beira da estrada	A poucos passos da estrada, uma pessoa surge ofegante. Ela conta que alguém levou seu filho e aponta para a trilha ainda recente. A distância é pequena; o problema é que você não sabe o que encontrará no fim dela.	Investigar a situação.	PER>=5	END	xp=4	END	fatigue=1		Continuar seu caminho.	NONE	END	fatigue=0	END	fatigue=1		RANDOM;NARRATIVE	NONE	6
RND_0068	CITY	COMMON	ANY	Valkyrion	Volmeria	7	89	12	Sinais na fronteira	Volmeria segue sua rotina, mas pequenos detalhes chamam sua atenção. Um comerciante fala baixo, um viajante observa a estrada e uma oportunidade aparece onde você menos esperava. Em Altheria, até um dia comum pode deixar uma marca.	Investigar a situação.	PER>=5	END	xp=3	END	fatigue=1		Continuar seu caminho.	NONE	END	fatigue=0	END	fatigue=1		RANDOM;NARRATIVE	NONE	4
RND_0069	CITY	COMMON	ANY	Valkyrion	Volmeria	5	122	4	Mercadoria esquecida	Volmeria segue sua rotina, mas pequenos detalhes chamam sua atenção. Um comerciante fala baixo, um viajante observa a estrada e uma oportunidade aparece onde você menos esperava. Em Altheria, até um dia comum pode deixar uma marca.	Investigar a situação.	PER>=5	END	xp=2	END	fatigue=1		Continuar seu caminho.	NONE	END	fatigue=0	END	fatigue=1		RANDOM;NARRATIVE	NONE	19
RND_0070	ROAD	COMMON	ANY	Zarim	Fornalia	4	114	2	Rumor de taverna	Fornalia segue sua rotina, mas pequenos detalhes chamam sua atenção. Um comerciante fala baixo, um viajante observa a estrada e uma oportunidade aparece onde você menos esperava. Em Altheria, até um dia comum pode deixar uma marca.	Investigar a situação.	PER>=5	END	xp=6	END	fatigue=1		Continuar seu caminho.	NONE	END	fatigue=0	END	fatigue=1		RANDOM;NARRATIVE	NONE	16
RND_0071	MONSTER	COMMON	ANY	Aeloria	Verdralith	7	80	3	Rastros na estrada — Vampire	As marcas no barro contam uma história antes mesmo de você ver a criatura. Galhos quebrados, um cheiro estranho e o silêncio repentino dos pássaros sugerem que um vampire está próximo. Você pode investigar ou seguir adiante.	Investigar a situação.	PER>=5	END	xp=6	END	fatigue=1	AEL_MON_0001	Continuar seu caminho.	NONE	END	fatigue=0	END	fatigue=1		RANDOM;NARRATIVE	NONE	14
RND_0072	GUILD	COMMON	ANY	Nyssara	Emerald Tide	2	3	9	Mercadoria esquecida	Emerald Tide segue sua rotina, mas pequenos detalhes chamam sua atenção. Um comerciante fala baixo, um viajante observa a estrada e uma oportunidade aparece onde você menos esperava. Em Altheria, até um dia comum pode deixar uma marca.	Investigar a situação.	PER>=5	END	xp=8	END	fatigue=1		Continuar seu caminho.	NONE	END	fatigue=0	END	fatigue=1		RANDOM;NARRATIVE	NONE	13
RND_0073	ROAD	COMMON	ANY	Kethruun	Sandbones	7	40	11	Uma porta entreaberta	Sandbones segue sua rotina, mas pequenos detalhes chamam sua atenção. Um comerciante fala baixo, um viajante observa a estrada e uma oportunidade aparece onde você menos esperava. Em Altheria, até um dia comum pode deixar uma marca.	Investigar a situação.	PER>=5	END	xp=1	END	fatigue=1		Continuar seu caminho.	NONE	END	fatigue=0	END	fatigue=1		RANDOM;NARRATIVE	NONE	12
RND_0074	MONSTER	COMMON	ANY	Eshmara	Brumas	2	99	10	Rastros na estrada — Troll	As marcas no barro contam uma história antes mesmo de você ver a criatura. Galhos quebrados, um cheiro estranho e o silêncio repentino dos pássaros sugerem que um troll está próximo. Você pode investigar ou seguir adiante.	Investigar a situação.	PER>=5	END	xp=3	END	fatigue=1	AEL_MON_0001	Continuar seu caminho.	NONE	END	fatigue=0	END	fatigue=1		RANDOM;NARRATIVE	NONE	4
RND_0075	OPPORTUNITY	COMMON	ANY	Myrthos	Sem nome definido	3	17	8	Sinais na fronteira	Sem nome definido segue sua rotina, mas pequenos detalhes chamam sua atenção. Um comerciante fala baixo, um viajante observa a estrada e uma oportunidade aparece onde você menos esperava. Em Altheria, até um dia comum pode deixar uma marca.	Investigar a situação.	PER>=5	END	xp=5	END	fatigue=1		Continuar seu caminho.	NONE	END	fatigue=0	END	fatigue=1		RANDOM;NARRATIVE	NONE	16
RND_0076	OPPORTUNITY	COMMON	ANY	Tharun	Stone-Âmbar	8	32	13	Sinais na fronteira	Stone-Âmbar segue sua rotina, mas pequenos detalhes chamam sua atenção. Um comerciante fala baixo, um viajante observa a estrada e uma oportunidade aparece onde você menos esperava. Em Altheria, até um dia comum pode deixar uma marca.	Investigar a situação.	PER>=5	END	xp=5	END	fatigue=1		Continuar seu caminho.	NONE	END	fatigue=0	END	fatigue=1		RANDOM;NARRATIVE	NONE	7
RND_0077	ROAD	COMMON	ANY	Tharun	Stone-Âmbar	3	2	9	Uma manhã que parecia comum	Stone-Âmbar segue sua rotina, mas pequenos detalhes chamam sua atenção. Um comerciante fala baixo, um viajante observa a estrada e uma oportunidade aparece onde você menos esperava. Em Altheria, até um dia comum pode deixar uma marca.	Investigar a situação.	PER>=5	END	xp=8	END	fatigue=1		Continuar seu caminho.	NONE	END	fatigue=0	END	fatigue=1		RANDOM;NARRATIVE	NONE	6
RND_0078	CITY	COMMON	ANY	Tharun	Stone-Âmbar	2	137	9	Rumor de taverna	Stone-Âmbar segue sua rotina, mas pequenos detalhes chamam sua atenção. Um comerciante fala baixo, um viajante observa a estrada e uma oportunidade aparece onde você menos esperava. Em Altheria, até um dia comum pode deixar uma marca.	Investigar a situação.	PER>=5	END	xp=4	END	fatigue=1		Continuar seu caminho.	NONE	END	fatigue=0	END	fatigue=1		RANDOM;NARRATIVE	NONE	18
RND_0079	CITY	COMMON	ANY	Myrthos	Sem nome definido	5	129	3	Mercadoria esquecida	Sem nome definido segue sua rotina, mas pequenos detalhes chamam sua atenção. Um comerciante fala baixo, um viajante observa a estrada e uma oportunidade aparece onde você menos esperava. Em Altheria, até um dia comum pode deixar uma marca.	Investigar a situação.	PER>=5	END	xp=7	END	fatigue=1		Continuar seu caminho.	NONE	END	fatigue=0	END	fatigue=1		RANDOM;NARRATIVE	NONE	10
RND_0080	MONSTER	COMMON	ANY	Myrthos	Sem nome definido	2	103	10	Rastros na estrada — Rakshasa	As marcas no barro contam uma história antes mesmo de você ver a criatura. Galhos quebrados, um cheiro estranho e o silêncio repentino dos pássaros sugerem que um rakshasa está próximo. Você pode investigar ou seguir adiante.	Investigar a situação.	PER>=5	END	xp=5	END	fatigue=1	AEL_MON_0001	Continuar seu caminho.	NONE	END	fatigue=0	END	fatigue=1		RANDOM;NARRATIVE	NONE	17
RND_0081	MONSTER	COMMON	ANY	Eshmara	Brumas	5	125	10	Rastros na estrada — Mantis	As marcas no barro contam uma história antes mesmo de você ver a criatura. Galhos quebrados, um cheiro estranho e o silêncio repentino dos pássaros sugerem que um mantis está próximo. Você pode investigar ou seguir adiante.	Investigar a situação.	PER>=5	END	xp=8	END	fatigue=1	AEL_MON_0001	Continuar seu caminho.	NONE	END	fatigue=0	END	fatigue=1		RANDOM;NARRATIVE	NONE	14
RND_0082	MONSTER	COMMON	ANY	Eshmara	Brumas	3	30	12	Rastros na estrada — Wyrm	As marcas no barro contam uma história antes mesmo de você ver a criatura. Galhos quebrados, um cheiro estranho e o silêncio repentino dos pássaros sugerem que um wyrm está próximo. Você pode investigar ou seguir adiante.	Investigar a situação.	PER>=5	END	xp=6	END	fatigue=1	AEL_MON_0001	Continuar seu caminho.	NONE	END	fatigue=0	END	fatigue=1		RANDOM;NARRATIVE	NONE	15
RND_0083	OPPORTUNITY	COMMON	ANY	Orinthal	Crystalia	4	117	11	Sinais na fronteira	Crystalia segue sua rotina, mas pequenos detalhes chamam sua atenção. Um comerciante fala baixo, um viajante observa a estrada e uma oportunidade aparece onde você menos esperava. Em Altheria, até um dia comum pode deixar uma marca.	Investigar a situação.	PER>=5	END	xp=4	END	fatigue=1		Continuar seu caminho.	NONE	END	fatigue=0	END	fatigue=1		RANDOM;NARRATIVE	NONE	17
RND_0084	MONSTER	COMMON	ANY	Myrthos	Sem nome definido	4	115	7	Rastros na estrada — Bat	As marcas no barro contam uma história antes mesmo de você ver a criatura. Galhos quebrados, um cheiro estranho e o silêncio repentino dos pássaros sugerem que um bat está próximo. Você pode investigar ou seguir adiante.	Investigar a situação.	PER>=5	END	xp=1	END	fatigue=1	AEL_MON_0001	Continuar seu caminho.	NONE	END	fatigue=0	END	fatigue=1		RANDOM;NARRATIVE	NONE	8
RND_0085	SOCIAL	COMMON	ANY	Myrthos	Sem nome definido	5	93	6	Uma pessoa à beira da estrada	A poucos passos da estrada, uma pessoa surge ofegante. Ela conta que alguém levou seu filho e aponta para a trilha ainda recente. A distância é pequena; o problema é que você não sabe o que encontrará no fim dela.	Investigar a situação.	PER>=5	END	xp=8	END	fatigue=1		Continuar seu caminho.	NONE	END	fatigue=0	END	fatigue=1		RANDOM;NARRATIVE	NONE	19
RND_0086	ACADEMIC	COMMON	ANY	Kethruun	Sandbones	1	117	2	Entre aulas e rivalidades	O corredor da Academia de Valdora está cheio. Um colega pede ajuda, outro provoca você e um professor observa de longe, aparentemente interessado em descobrir quem consegue resolver o problema sem transformar tudo em uma briga.	Investigar a situação.	PER>=5	END	xp=8	END	fatigue=1		Continuar seu caminho.	NONE	END	fatigue=0	END	fatigue=1		RANDOM;NARRATIVE	NONE	13
RND_0087	CITY	COMMON	ANY	Nyssara	Emerald Tide	3	25	2	Rumor de taverna	Emerald Tide segue sua rotina, mas pequenos detalhes chamam sua atenção. Um comerciante fala baixo, um viajante observa a estrada e uma oportunidade aparece onde você menos esperava. Em Altheria, até um dia comum pode deixar uma marca.	Investigar a situação.	PER>=5	END	xp=5	END	fatigue=1		Continuar seu caminho.	NONE	END	fatigue=0	END	fatigue=1		RANDOM;NARRATIVE	NONE	15
RND_0088	CITY	COMMON	ANY	Zarim	Fornalia	1	67	11	Uma manhã que parecia comum	Fornalia segue sua rotina, mas pequenos detalhes chamam sua atenção. Um comerciante fala baixo, um viajante observa a estrada e uma oportunidade aparece onde você menos esperava. Em Altheria, até um dia comum pode deixar uma marca.	Investigar a situação.	PER>=5	END	xp=7	END	fatigue=1		Continuar seu caminho.	NONE	END	fatigue=0	END	fatigue=1		RANDOM;NARRATIVE	NONE	15
RND_0089	SOCIAL	COMMON	ANY	Orinthal	Crystalia	4	29	9	Uma pessoa à beira da estrada	A poucos passos da estrada, uma pessoa surge ofegante. Ela conta que alguém levou seu filho e aponta para a trilha ainda recente. A distância é pequena; o problema é que você não sabe o que encontrará no fim dela.	Investigar a situação.	PER>=5	END	xp=1	END	fatigue=1		Continuar seu caminho.	NONE	END	fatigue=0	END	fatigue=1		RANDOM;NARRATIVE	NONE	9
RND_0090	SOCIAL	COMMON	ANY	Aeloria	Umbravale	3	114	3	Uma pessoa à beira da estrada	A poucos passos da estrada, uma pessoa surge ofegante. Ela conta que alguém levou seu filho e aponta para a trilha ainda recente. A distância é pequena; o problema é que você não sabe o que encontrará no fim dela.	Investigar a situação.	PER>=5	END	xp=1	END	fatigue=1		Continuar seu caminho.	NONE	END	fatigue=0	END	fatigue=1		RANDOM;NARRATIVE	NONE	14
RND_0091	GUILD	COMMON	ANY	Aeloria	Ulthmere	4	18	8	Sinais na fronteira	Ulthmere segue sua rotina, mas pequenos detalhes chamam sua atenção. Um comerciante fala baixo, um viajante observa a estrada e uma oportunidade aparece onde você menos esperava. Em Altheria, até um dia comum pode deixar uma marca.	Investigar a situação.	PER>=5	END	xp=1	END	fatigue=1		Continuar seu caminho.	NONE	END	fatigue=0	END	fatigue=1		RANDOM;NARRATIVE	NONE	3
RND_0092	OPPORTUNITY	COMMON	ANY	Zarim	Fornalia	3	18	13	Pedido inesperado	Fornalia segue sua rotina, mas pequenos detalhes chamam sua atenção. Um comerciante fala baixo, um viajante observa a estrada e uma oportunidade aparece onde você menos esperava. Em Altheria, até um dia comum pode deixar uma marca.	Investigar a situação.	PER>=5	END	xp=2	END	fatigue=1		Continuar seu caminho.	NONE	END	fatigue=0	END	fatigue=1		RANDOM;NARRATIVE	NONE	7
RND_0093	CITY	COMMON	ANY	Tharun	Stone-Âmbar	2	64	4	Pedido inesperado	Stone-Âmbar segue sua rotina, mas pequenos detalhes chamam sua atenção. Um comerciante fala baixo, um viajante observa a estrada e uma oportunidade aparece onde você menos esperava. Em Altheria, até um dia comum pode deixar uma marca.	Investigar a situação.	PER>=5	END	xp=6	END	fatigue=1		Continuar seu caminho.	NONE	END	fatigue=0	END	fatigue=1		RANDOM;NARRATIVE	NONE	19
RND_0094	CITY	COMMON	ANY	Valkyrion	Volmeria	3	125	8	Uma manhã que parecia comum	Volmeria segue sua rotina, mas pequenos detalhes chamam sua atenção. Um comerciante fala baixo, um viajante observa a estrada e uma oportunidade aparece onde você menos esperava. Em Altheria, até um dia comum pode deixar uma marca.	Investigar a situação.	PER>=5	END	xp=3	END	fatigue=1		Continuar seu caminho.	NONE	END	fatigue=0	END	fatigue=1		RANDOM;NARRATIVE	NONE	5
RND_0095	CITY	COMMON	ANY	Aeloria	Feyndral	8	21	2	Pedido inesperado	Feyndral segue sua rotina, mas pequenos detalhes chamam sua atenção. Um comerciante fala baixo, um viajante observa a estrada e uma oportunidade aparece onde você menos esperava. Em Altheria, até um dia comum pode deixar uma marca.	Investigar a situação.	PER>=5	END	xp=7	END	fatigue=1		Continuar seu caminho.	NONE	END	fatigue=0	END	fatigue=1		RANDOM;NARRATIVE	NONE	8
RND_0096	SOCIAL	COMMON	ANY	Aeloria	Duskmere	6	126	11	Uma pessoa à beira da estrada	A poucos passos da estrada, uma pessoa surge ofegante. Ela conta que alguém levou seu filho e aponta para a trilha ainda recente. A distância é pequena; o problema é que você não sabe o que encontrará no fim dela.	Investigar a situação.	PER>=5	END	xp=5	END	fatigue=1		Continuar seu caminho.	NONE	END	fatigue=0	END	fatigue=1		RANDOM;NARRATIVE	NONE	7
RND_0097	SOCIAL	COMMON	ANY	Tharun	Stone-Âmbar	1	66	7	Uma pessoa à beira da estrada	A poucos passos da estrada, uma pessoa surge ofegante. Ela conta que alguém levou seu filho e aponta para a trilha ainda recente. A distância é pequena; o problema é que você não sabe o que encontrará no fim dela.	Investigar a situação.	PER>=5	END	xp=5	END	fatigue=1		Continuar seu caminho.	NONE	END	fatigue=0	END	fatigue=1		RANDOM;NARRATIVE	NONE	8
RND_0098	SOCIAL	COMMON	ANY	Myrthos	Sem nome definido	3	22	3	Uma pessoa à beira da estrada	A poucos passos da estrada, uma pessoa surge ofegante. Ela conta que alguém levou seu filho e aponta para a trilha ainda recente. A distância é pequena; o problema é que você não sabe o que encontrará no fim dela.	Investigar a situação.	PER>=5	END	xp=5	END	fatigue=1		Continuar seu caminho.	NONE	END	fatigue=0	END	fatigue=1		RANDOM;NARRATIVE	NONE	15
RND_0099	GUILD	COMMON	ANY	Myrthos	Sem nome definido	5	78	11	Mercadoria esquecida	Sem nome definido segue sua rotina, mas pequenos detalhes chamam sua atenção. Um comerciante fala baixo, um viajante observa a estrada e uma oportunidade aparece onde você menos esperava. Em Altheria, até um dia comum pode deixar uma marca.	Investigar a situação.	PER>=5	END	xp=1	END	fatigue=1		Continuar seu caminho.	NONE	END	fatigue=0	END	fatigue=1		RANDOM;NARRATIVE	NONE	10
RND_0100	OPPORTUNITY	COMMON	ANY	Kethruun	Sandbones	3	1	2	Rumor de taverna	Sandbones segue sua rotina, mas pequenos detalhes chamam sua atenção. Um comerciante fala baixo, um viajante observa a estrada e uma oportunidade aparece onde você menos esperava. Em Altheria, até um dia comum pode deixar uma marca.	Investigar a situação.	PER>=5	END	xp=6	END	fatigue=1		Continuar seu caminho.	NONE	END	fatigue=0	END	fatigue=1		RANDOM;NARRATIVE	NONE	3
RND_0101	SOCIAL	COMMON	ANY	Valkyrion	Volmeria	8	15	7	Uma pessoa à beira da estrada	A poucos passos da estrada, uma pessoa surge ofegante. Ela conta que alguém levou seu filho e aponta para a trilha ainda recente. A distância é pequena; o problema é que você não sabe o que encontrará no fim dela.	Investigar a situação.	PER>=5	END	xp=3	END	fatigue=1		Continuar seu caminho.	NONE	END	fatigue=0	END	fatigue=1		RANDOM;NARRATIVE	NONE	13
RND_0102	OPPORTUNITY	COMMON	ANY	Lyrien	Aerocivitus	4	42	3	Uma manhã que parecia comum	Aerocivitus segue sua rotina, mas pequenos detalhes chamam sua atenção. Um comerciante fala baixo, um viajante observa a estrada e uma oportunidade aparece onde você menos esperava. Em Altheria, até um dia comum pode deixar uma marca.	Investigar a situação.	PER>=5	END	xp=8	END	fatigue=1		Continuar seu caminho.	NONE	END	fatigue=0	END	fatigue=1		RANDOM;NARRATIVE	NONE	9
RND_0103	ACADEMIC	COMMON	ANY	Lyrien	Aerocivitus	4	23	12	Entre aulas e rivalidades	O corredor da Academia de Valdora está cheio. Um colega pede ajuda, outro provoca você e um professor observa de longe, aparentemente interessado em descobrir quem consegue resolver o problema sem transformar tudo em uma briga.	Investigar a situação.	PER>=5	END	xp=2	END	fatigue=1		Continuar seu caminho.	NONE	END	fatigue=0	END	fatigue=1		RANDOM;NARRATIVE	NONE	19
RND_0104	MONSTER	COMMON	ANY	Tharun	Stone-Âmbar	8	51	9	Rastros na estrada — Naga	As marcas no barro contam uma história antes mesmo de você ver a criatura. Galhos quebrados, um cheiro estranho e o silêncio repentino dos pássaros sugerem que um naga está próximo. Você pode investigar ou seguir adiante.	Investigar a situação.	PER>=5	END	xp=2	END	fatigue=1	AEL_MON_0001	Continuar seu caminho.	NONE	END	fatigue=0	END	fatigue=1		RANDOM;NARRATIVE	NONE	11
RND_0105	SOCIAL	COMMON	ANY	Aeloria	Ulthmere	3	86	12	Uma pessoa à beira da estrada	A poucos passos da estrada, uma pessoa surge ofegante. Ela conta que alguém levou seu filho e aponta para a trilha ainda recente. A distância é pequena; o problema é que você não sabe o que encontrará no fim dela.	Investigar a situação.	PER>=5	END	xp=2	END	fatigue=1		Continuar seu caminho.	NONE	END	fatigue=0	END	fatigue=1		RANDOM;NARRATIVE	NONE	13
RND_0106	SOCIAL	COMMON	ANY	Valkyrion	Volmeria	3	51	10	Uma pessoa à beira da estrada	A poucos passos da estrada, uma pessoa surge ofegante. Ela conta que alguém levou seu filho e aponta para a trilha ainda recente. A distância é pequena; o problema é que você não sabe o que encontrará no fim dela.	Investigar a situação.	PER>=5	END	xp=5	END	fatigue=1		Continuar seu caminho.	NONE	END	fatigue=0	END	fatigue=1		RANDOM;NARRATIVE	NONE	8
RND_0107	ROAD	COMMON	ANY	Tharun	Stone-Âmbar	2	147	4	Mercadoria esquecida	Stone-Âmbar segue sua rotina, mas pequenos detalhes chamam sua atenção. Um comerciante fala baixo, um viajante observa a estrada e uma oportunidade aparece onde você menos esperava. Em Altheria, até um dia comum pode deixar uma marca.	Investigar a situação.	PER>=5	END	xp=8	END	fatigue=1		Continuar seu caminho.	NONE	END	fatigue=0	END	fatigue=1		RANDOM;NARRATIVE	NONE	5
RND_0108	ACADEMIC	COMMON	ANY	Aeloria	Norhaven	3	60	14	Entre aulas e rivalidades	O corredor da Academia de Valdora está cheio. Um colega pede ajuda, outro provoca você e um professor observa de longe, aparentemente interessado em descobrir quem consegue resolver o problema sem transformar tudo em uma briga.	Investigar a situação.	PER>=5	END	xp=8	END	fatigue=1		Continuar seu caminho.	NONE	END	fatigue=0	END	fatigue=1		RANDOM;NARRATIVE	NONE	10
RND_0109	MONSTER	COMMON	ANY	Lyrien	Aerocivitus	4	45	6	Rastros na estrada — Rat	As marcas no barro contam uma história antes mesmo de você ver a criatura. Galhos quebrados, um cheiro estranho e o silêncio repentino dos pássaros sugerem que um rat está próximo. Você pode investigar ou seguir adiante.	Investigar a situação.	PER>=5	END	xp=3	END	fatigue=1	AEL_MON_0001	Continuar seu caminho.	NONE	END	fatigue=0	END	fatigue=1		RANDOM;NARRATIVE	NONE	16
RND_0110	MONSTER	COMMON	ANY	Kethruun	Sandbones	4	40	11	Rastros na estrada — Lynx	As marcas no barro contam uma história antes mesmo de você ver a criatura. Galhos quebrados, um cheiro estranho e o silêncio repentino dos pássaros sugerem que um lynx está próximo. Você pode investigar ou seguir adiante.	Investigar a situação.	PER>=5	END	xp=8	END	fatigue=1	AEL_MON_0001	Continuar seu caminho.	NONE	END	fatigue=0	END	fatigue=1		RANDOM;NARRATIVE	NONE	6
RND_0111	ROAD	COMMON	ANY	Orinthal	Crystalia	5	92	14	Rumor de taverna	Crystalia segue sua rotina, mas pequenos detalhes chamam sua atenção. Um comerciante fala baixo, um viajante observa a estrada e uma oportunidade aparece onde você menos esperava. Em Altheria, até um dia comum pode deixar uma marca.	Investigar a situação.	PER>=5	END	xp=5	END	fatigue=1		Continuar seu caminho.	NONE	END	fatigue=0	END	fatigue=1		RANDOM;NARRATIVE	NONE	7
RND_0112	SOCIAL	COMMON	ANY	Lyrien	Aerocivitus	6	113	2	Uma pessoa à beira da estrada	A poucos passos da estrada, uma pessoa surge ofegante. Ela conta que alguém levou seu filho e aponta para a trilha ainda recente. A distância é pequena; o problema é que você não sabe o que encontrará no fim dela.	Investigar a situação.	PER>=5	END	xp=3	END	fatigue=1		Continuar seu caminho.	NONE	END	fatigue=0	END	fatigue=1		RANDOM;NARRATIVE	NONE	16
RND_0113	OPPORTUNITY	COMMON	ANY	Orinthal	Crystalia	2	64	3	Rumor de taverna	Crystalia segue sua rotina, mas pequenos detalhes chamam sua atenção. Um comerciante fala baixo, um viajante observa a estrada e uma oportunidade aparece onde você menos esperava. Em Altheria, até um dia comum pode deixar uma marca.	Investigar a situação.	PER>=5	END	xp=6	END	fatigue=1		Continuar seu caminho.	NONE	END	fatigue=0	END	fatigue=1		RANDOM;NARRATIVE	NONE	13
RND_0114	ROAD	COMMON	ANY	Eshmara	Brumas	8	60	5	Mercadoria esquecida	Brumas segue sua rotina, mas pequenos detalhes chamam sua atenção. Um comerciante fala baixo, um viajante observa a estrada e uma oportunidade aparece onde você menos esperava. Em Altheria, até um dia comum pode deixar uma marca.	Investigar a situação.	PER>=5	END	xp=8	END	fatigue=1		Continuar seu caminho.	NONE	END	fatigue=0	END	fatigue=1		RANDOM;NARRATIVE	NONE	19
RND_0115	OPPORTUNITY	COMMON	ANY	Kethruun	Sandbones	6	39	5	Uma porta entreaberta	Sandbones segue sua rotina, mas pequenos detalhes chamam sua atenção. Um comerciante fala baixo, um viajante observa a estrada e uma oportunidade aparece onde você menos esperava. Em Altheria, até um dia comum pode deixar uma marca.	Investigar a situação.	PER>=5	END	xp=6	END	fatigue=1		Continuar seu caminho.	NONE	END	fatigue=0	END	fatigue=1		RANDOM;NARRATIVE	NONE	12
RND_0116	OPPORTUNITY	COMMON	ANY	Zarim	Fornalia	1	72	5	Uma porta entreaberta	Fornalia segue sua rotina, mas pequenos detalhes chamam sua atenção. Um comerciante fala baixo, um viajante observa a estrada e uma oportunidade aparece onde você menos esperava. Em Altheria, até um dia comum pode deixar uma marca.	Investigar a situação.	PER>=5	END	xp=2	END	fatigue=1		Continuar seu caminho.	NONE	END	fatigue=0	END	fatigue=1		RANDOM;NARRATIVE	NONE	7
RND_0117	OPPORTUNITY	COMMON	ANY	Orinthal	Crystalia	6	126	12	Mercadoria esquecida	Crystalia segue sua rotina, mas pequenos detalhes chamam sua atenção. Um comerciante fala baixo, um viajante observa a estrada e uma oportunidade aparece onde você menos esperava. Em Altheria, até um dia comum pode deixar uma marca.	Investigar a situação.	PER>=5	END	xp=7	END	fatigue=1		Continuar seu caminho.	NONE	END	fatigue=0	END	fatigue=1		RANDOM;NARRATIVE	NONE	14
RND_0118	ROAD	COMMON	ANY	Myrthos	Sem nome definido	8	140	4	Pedido inesperado	Sem nome definido segue sua rotina, mas pequenos detalhes chamam sua atenção. Um comerciante fala baixo, um viajante observa a estrada e uma oportunidade aparece onde você menos esperava. Em Altheria, até um dia comum pode deixar uma marca.	Investigar a situação.	PER>=5	END	xp=1	END	fatigue=1		Continuar seu caminho.	NONE	END	fatigue=0	END	fatigue=1		RANDOM;NARRATIVE	NONE	19
RND_0119	OPPORTUNITY	COMMON	ANY	Tharun	Stone-Âmbar	2	55	11	Uma manhã que parecia comum	Stone-Âmbar segue sua rotina, mas pequenos detalhes chamam sua atenção. Um comerciante fala baixo, um viajante observa a estrada e uma oportunidade aparece onde você menos esperava. Em Altheria, até um dia comum pode deixar uma marca.	Investigar a situação.	PER>=5	END	xp=1	END	fatigue=1		Continuar seu caminho.	NONE	END	fatigue=0	END	fatigue=1		RANDOM;NARRATIVE	NONE	14
RND_0120	ROAD	COMMON	ANY	Orinthal	Crystalia	4	48	5	Uma manhã que parecia comum	Crystalia segue sua rotina, mas pequenos detalhes chamam sua atenção. Um comerciante fala baixo, um viajante observa a estrada e uma oportunidade aparece onde você menos esperava. Em Altheria, até um dia comum pode deixar uma marca.	Investigar a situação.	PER>=5	END	xp=3	END	fatigue=1		Continuar seu caminho.	NONE	END	fatigue=0	END	fatigue=1		RANDOM;NARRATIVE	NONE	16
RND_0121	CITY	COMMON	ANY	Kethruun	Sandbones	5	116	3	Uma manhã que parecia comum	Sandbones segue sua rotina, mas pequenos detalhes chamam sua atenção. Um comerciante fala baixo, um viajante observa a estrada e uma oportunidade aparece onde você menos esperava. Em Altheria, até um dia comum pode deixar uma marca.	Investigar a situação.	PER>=5	END	xp=4	END	fatigue=1		Continuar seu caminho.	NONE	END	fatigue=0	END	fatigue=1		RANDOM;NARRATIVE	NONE	8
RND_0122	CITY	COMMON	ANY	Valkyrion	Volmeria	5	27	2	Uma porta entreaberta	Volmeria segue sua rotina, mas pequenos detalhes chamam sua atenção. Um comerciante fala baixo, um viajante observa a estrada e uma oportunidade aparece onde você menos esperava. Em Altheria, até um dia comum pode deixar uma marca.	Investigar a situação.	PER>=5	END	xp=5	END	fatigue=1		Continuar seu caminho.	NONE	END	fatigue=0	END	fatigue=1		RANDOM;NARRATIVE	NONE	4
RND_0123	ROAD	COMMON	ANY	Nyssara	Emerald Tide	6	135	11	Uma manhã que parecia comum	Emerald Tide segue sua rotina, mas pequenos detalhes chamam sua atenção. Um comerciante fala baixo, um viajante observa a estrada e uma oportunidade aparece onde você menos esperava. Em Altheria, até um dia comum pode deixar uma marca.	Investigar a situação.	PER>=5	END	xp=3	END	fatigue=1		Continuar seu caminho.	NONE	END	fatigue=0	END	fatigue=1		RANDOM;NARRATIVE	NONE	14
RND_0124	GUILD	COMMON	ANY	Myrthos	Sem nome definido	1	116	6	Sinais na fronteira	Sem nome definido segue sua rotina, mas pequenos detalhes chamam sua atenção. Um comerciante fala baixo, um viajante observa a estrada e uma oportunidade aparece onde você menos esperava. Em Altheria, até um dia comum pode deixar uma marca.	Investigar a situação.	PER>=5	END	xp=3	END	fatigue=1		Continuar seu caminho.	NONE	END	fatigue=0	END	fatigue=1		RANDOM;NARRATIVE	NONE	16
RND_0125	ROAD	COMMON	ANY	Lyrien	Aerocivitus	8	122	2	Rumor de taverna	Aerocivitus segue sua rotina, mas pequenos detalhes chamam sua atenção. Um comerciante fala baixo, um viajante observa a estrada e uma oportunidade aparece onde você menos esperava. Em Altheria, até um dia comum pode deixar uma marca.	Investigar a situação.	PER>=5	END	xp=3	END	fatigue=1		Continuar seu caminho.	NONE	END	fatigue=0	END	fatigue=1		RANDOM;NARRATIVE	NONE	17
RND_0126	GUILD	COMMON	ANY	Myrthos	Sem nome definido	5	23	14	Pedido inesperado	Sem nome definido segue sua rotina, mas pequenos detalhes chamam sua atenção. Um comerciante fala baixo, um viajante observa a estrada e uma oportunidade aparece onde você menos esperava. Em Altheria, até um dia comum pode deixar uma marca.	Investigar a situação.	PER>=5	END	xp=4	END	fatigue=1		Continuar seu caminho.	NONE	END	fatigue=0	END	fatigue=1		RANDOM;NARRATIVE	NONE	16
RND_0127	OPPORTUNITY	COMMON	ANY	Kethruun	Sandbones	4	11	5	Pedido inesperado	Sandbones segue sua rotina, mas pequenos detalhes chamam sua atenção. Um comerciante fala baixo, um viajante observa a estrada e uma oportunidade aparece onde você menos esperava. Em Altheria, até um dia comum pode deixar uma marca.	Investigar a situação.	PER>=5	END	xp=6	END	fatigue=1		Continuar seu caminho.	NONE	END	fatigue=0	END	fatigue=1		RANDOM;NARRATIVE	NONE	8
RND_0128	GUILD	COMMON	ANY	Eshmara	Brumas	4	26	4	Uma manhã que parecia comum	Brumas segue sua rotina, mas pequenos detalhes chamam sua atenção. Um comerciante fala baixo, um viajante observa a estrada e uma oportunidade aparece onde você menos esperava. Em Altheria, até um dia comum pode deixar uma marca.	Investigar a situação.	PER>=5	END	xp=6	END	fatigue=1		Continuar seu caminho.	NONE	END	fatigue=0	END	fatigue=1		RANDOM;NARRATIVE	NONE	8
RND_0129	OPPORTUNITY	COMMON	ANY	Tharun	Stone-Âmbar	2	63	12	Uma manhã que parecia comum	Stone-Âmbar segue sua rotina, mas pequenos detalhes chamam sua atenção. Um comerciante fala baixo, um viajante observa a estrada e uma oportunidade aparece onde você menos esperava. Em Altheria, até um dia comum pode deixar uma marca.	Investigar a situação.	PER>=5	END	xp=2	END	fatigue=1		Continuar seu caminho.	NONE	END	fatigue=0	END	fatigue=1		RANDOM;NARRATIVE	NONE	15
RND_0130	OPPORTUNITY	COMMON	ANY	Aeloria	Blackmere	1	92	11	Pedido inesperado	Blackmere segue sua rotina, mas pequenos detalhes chamam sua atenção. Um comerciante fala baixo, um viajante observa a estrada e uma oportunidade aparece onde você menos esperava. Em Altheria, até um dia comum pode deixar uma marca.	Investigar a situação.	PER>=5	END	xp=7	END	fatigue=1		Continuar seu caminho.	NONE	END	fatigue=0	END	fatigue=1		RANDOM;NARRATIVE	NONE	19
RND_0131	MONSTER	COMMON	ANY	Myrthos	Sem nome definido	4	30	11	Rastros na estrada — Bat	As marcas no barro contam uma história antes mesmo de você ver a criatura. Galhos quebrados, um cheiro estranho e o silêncio repentino dos pássaros sugerem que um bat está próximo. Você pode investigar ou seguir adiante.	Investigar a situação.	PER>=5	END	xp=7	END	fatigue=1	AEL_MON_0001	Continuar seu caminho.	NONE	END	fatigue=0	END	fatigue=1		RANDOM;NARRATIVE	NONE	6
RND_0132	ROAD	COMMON	ANY	Myrthos	Sem nome definido	3	25	5	Uma porta entreaberta	Sem nome definido segue sua rotina, mas pequenos detalhes chamam sua atenção. Um comerciante fala baixo, um viajante observa a estrada e uma oportunidade aparece onde você menos esperava. Em Altheria, até um dia comum pode deixar uma marca.	Investigar a situação.	PER>=5	END	xp=8	END	fatigue=1		Continuar seu caminho.	NONE	END	fatigue=0	END	fatigue=1		RANDOM;NARRATIVE	NONE	10
RND_0133	CITY	COMMON	ANY	Tharun	Stone-Âmbar	1	93	12	Pedido inesperado	Stone-Âmbar segue sua rotina, mas pequenos detalhes chamam sua atenção. Um comerciante fala baixo, um viajante observa a estrada e uma oportunidade aparece onde você menos esperava. Em Altheria, até um dia comum pode deixar uma marca.	Investigar a situação.	PER>=5	END	xp=5	END	fatigue=1		Continuar seu caminho.	NONE	END	fatigue=0	END	fatigue=1		RANDOM;NARRATIVE	NONE	18
RND_0134	GUILD	COMMON	ANY	Orinthal	Crystalia	3	8	7	Rumor de taverna	Crystalia segue sua rotina, mas pequenos detalhes chamam sua atenção. Um comerciante fala baixo, um viajante observa a estrada e uma oportunidade aparece onde você menos esperava. Em Altheria, até um dia comum pode deixar uma marca.	Investigar a situação.	PER>=5	END	xp=6	END	fatigue=1		Continuar seu caminho.	NONE	END	fatigue=0	END	fatigue=1		RANDOM;NARRATIVE	NONE	17
RND_0135	OPPORTUNITY	COMMON	ANY	Eshmara	Brumas	7	144	12	Rumor de taverna	Brumas segue sua rotina, mas pequenos detalhes chamam sua atenção. Um comerciante fala baixo, um viajante observa a estrada e uma oportunidade aparece onde você menos esperava. Em Altheria, até um dia comum pode deixar uma marca.	Investigar a situação.	PER>=5	END	xp=4	END	fatigue=1		Continuar seu caminho.	NONE	END	fatigue=0	END	fatigue=1		RANDOM;NARRATIVE	NONE	8
RND_0136	ROAD	COMMON	ANY	Zarim	Fornalia	2	9	6	Rumor de taverna	Fornalia segue sua rotina, mas pequenos detalhes chamam sua atenção. Um comerciante fala baixo, um viajante observa a estrada e uma oportunidade aparece onde você menos esperava. Em Altheria, até um dia comum pode deixar uma marca.	Investigar a situação.	PER>=5	END	xp=6	END	fatigue=1		Continuar seu caminho.	NONE	END	fatigue=0	END	fatigue=1		RANDOM;NARRATIVE	NONE	5
RND_0137	GUILD	COMMON	ANY	Nyssara	Emerald Tide	1	108	6	Uma manhã que parecia comum	Emerald Tide segue sua rotina, mas pequenos detalhes chamam sua atenção. Um comerciante fala baixo, um viajante observa a estrada e uma oportunidade aparece onde você menos esperava. Em Altheria, até um dia comum pode deixar uma marca.	Investigar a situação.	PER>=5	END	xp=2	END	fatigue=1		Continuar seu caminho.	NONE	END	fatigue=0	END	fatigue=1		RANDOM;NARRATIVE	NONE	15
RND_0138	OPPORTUNITY	COMMON	ANY	Myrthos	Sem nome definido	2	111	2	Rumor de taverna	Sem nome definido segue sua rotina, mas pequenos detalhes chamam sua atenção. Um comerciante fala baixo, um viajante observa a estrada e uma oportunidade aparece onde você menos esperava. Em Altheria, até um dia comum pode deixar uma marca.	Investigar a situação.	PER>=5	END	xp=8	END	fatigue=1		Continuar seu caminho.	NONE	END	fatigue=0	END	fatigue=1		RANDOM;NARRATIVE	NONE	3
RND_0139	GUILD	COMMON	ANY	Valkyrion	Volmeria	3	137	3	Mercadoria esquecida	Volmeria segue sua rotina, mas pequenos detalhes chamam sua atenção. Um comerciante fala baixo, um viajante observa a estrada e uma oportunidade aparece onde você menos esperava. Em Altheria, até um dia comum pode deixar uma marca.	Investigar a situação.	PER>=5	END	xp=1	END	fatigue=1		Continuar seu caminho.	NONE	END	fatigue=0	END	fatigue=1		RANDOM;NARRATIVE	NONE	10
RND_0140	ROAD	COMMON	ANY	Valkyrion	Volmeria	2	122	5	Pedido inesperado	Volmeria segue sua rotina, mas pequenos detalhes chamam sua atenção. Um comerciante fala baixo, um viajante observa a estrada e uma oportunidade aparece onde você menos esperava. Em Altheria, até um dia comum pode deixar uma marca.	Investigar a situação.	PER>=5	END	xp=3	END	fatigue=1		Continuar seu caminho.	NONE	END	fatigue=0	END	fatigue=1		RANDOM;NARRATIVE	NONE	15
RND_0141	SOCIAL	COMMON	ANY	Myrthos	Sem nome definido	6	106	6	Uma pessoa à beira da estrada	A poucos passos da estrada, uma pessoa surge ofegante. Ela conta que alguém levou seu filho e aponta para a trilha ainda recente. A distância é pequena; o problema é que você não sabe o que encontrará no fim dela.	Investigar a situação.	PER>=5	END	xp=7	END	fatigue=1		Continuar seu caminho.	NONE	END	fatigue=0	END	fatigue=1		RANDOM;NARRATIVE	NONE	7
RND_0142	SOCIAL	COMMON	ANY	Nyssara	Emerald Tide	4	119	2	Uma pessoa à beira da estrada	A poucos passos da estrada, uma pessoa surge ofegante. Ela conta que alguém levou seu filho e aponta para a trilha ainda recente. A distância é pequena; o problema é que você não sabe o que encontrará no fim dela.	Investigar a situação.	PER>=5	END	xp=7	END	fatigue=1		Continuar seu caminho.	NONE	END	fatigue=0	END	fatigue=1		RANDOM;NARRATIVE	NONE	15
RND_0143	GUILD	COMMON	ANY	Lyrien	Aerocivitus	3	60	7	Sinais na fronteira	Aerocivitus segue sua rotina, mas pequenos detalhes chamam sua atenção. Um comerciante fala baixo, um viajante observa a estrada e uma oportunidade aparece onde você menos esperava. Em Altheria, até um dia comum pode deixar uma marca.	Investigar a situação.	PER>=5	END	xp=5	END	fatigue=1		Continuar seu caminho.	NONE	END	fatigue=0	END	fatigue=1		RANDOM;NARRATIVE	NONE	5
RND_0144	OPPORTUNITY	COMMON	ANY	Nyssara	Emerald Tide	1	144	2	Sinais na fronteira	Emerald Tide segue sua rotina, mas pequenos detalhes chamam sua atenção. Um comerciante fala baixo, um viajante observa a estrada e uma oportunidade aparece onde você menos esperava. Em Altheria, até um dia comum pode deixar uma marca.	Investigar a situação.	PER>=5	END	xp=7	END	fatigue=1		Continuar seu caminho.	NONE	END	fatigue=0	END	fatigue=1		RANDOM;NARRATIVE	NONE	18
RND_0145	ROAD	COMMON	ANY	Myrthos	Sem nome definido	1	28	14	Mercadoria esquecida	Sem nome definido segue sua rotina, mas pequenos detalhes chamam sua atenção. Um comerciante fala baixo, um viajante observa a estrada e uma oportunidade aparece onde você menos esperava. Em Altheria, até um dia comum pode deixar uma marca.	Investigar a situação.	PER>=5	END	xp=2	END	fatigue=1		Continuar seu caminho.	NONE	END	fatigue=0	END	fatigue=1		RANDOM;NARRATIVE	NONE	16
RND_0146	ACADEMIC	COMMON	ANY	Eshmara	Brumas	5	149	10	Entre aulas e rivalidades	O corredor da Academia de Valdora está cheio. Um colega pede ajuda, outro provoca você e um professor observa de longe, aparentemente interessado em descobrir quem consegue resolver o problema sem transformar tudo em uma briga.	Investigar a situação.	PER>=5	END	xp=2	END	fatigue=1		Continuar seu caminho.	NONE	END	fatigue=0	END	fatigue=1		RANDOM;NARRATIVE	NONE	12
RND_0147	SOCIAL	COMMON	ANY	Orinthal	Crystalia	1	61	13	Uma pessoa à beira da estrada	A poucos passos da estrada, uma pessoa surge ofegante. Ela conta que alguém levou seu filho e aponta para a trilha ainda recente. A distância é pequena; o problema é que você não sabe o que encontrará no fim dela.	Investigar a situação.	PER>=5	END	xp=4	END	fatigue=1		Continuar seu caminho.	NONE	END	fatigue=0	END	fatigue=1		RANDOM;NARRATIVE	NONE	16
RND_0148	OPPORTUNITY	COMMON	ANY	Myrthos	Sem nome definido	3	68	2	Mercadoria esquecida	Sem nome definido segue sua rotina, mas pequenos detalhes chamam sua atenção. Um comerciante fala baixo, um viajante observa a estrada e uma oportunidade aparece onde você menos esperava. Em Altheria, até um dia comum pode deixar uma marca.	Investigar a situação.	PER>=5	END	xp=7	END	fatigue=1		Continuar seu caminho.	NONE	END	fatigue=0	END	fatigue=1		RANDOM;NARRATIVE	NONE	5
RND_0149	ROAD	COMMON	ANY	Aeloria	Runedral	7	9	10	Pedido inesperado	Runedral segue sua rotina, mas pequenos detalhes chamam sua atenção. Um comerciante fala baixo, um viajante observa a estrada e uma oportunidade aparece onde você menos esperava. Em Altheria, até um dia comum pode deixar uma marca.	Investigar a situação.	PER>=5	END	xp=1	END	fatigue=1		Continuar seu caminho.	NONE	END	fatigue=0	END	fatigue=1		RANDOM;NARRATIVE	NONE	8
RND_0150	ACADEMIC	COMMON	ANY	Valkyrion	Volmeria	1	82	2	Entre aulas e rivalidades	O corredor da Academia de Valdora está cheio. Um colega pede ajuda, outro provoca você e um professor observa de longe, aparentemente interessado em descobrir quem consegue resolver o problema sem transformar tudo em uma briga.	Investigar a situação.	PER>=5	END	xp=6	END	fatigue=1		Continuar seu caminho.	NONE	END	fatigue=0	END	fatigue=1		RANDOM;NARRATIVE	NONE	11
RND_0151	ROAD	COMMON	ANY	Tharun	Stone-Âmbar	2	30	6	Uma porta entreaberta	Stone-Âmbar segue sua rotina, mas pequenos detalhes chamam sua atenção. Um comerciante fala baixo, um viajante observa a estrada e uma oportunidade aparece onde você menos esperava. Em Altheria, até um dia comum pode deixar uma marca.	Investigar a situação.	PER>=5	END	xp=7	END	fatigue=1		Continuar seu caminho.	NONE	END	fatigue=0	END	fatigue=1		RANDOM;NARRATIVE	NONE	8
RND_0152	MONSTER	COMMON	ANY	Eshmara	Brumas	2	48	8	Rastros na estrada — Nightmare	As marcas no barro contam uma história antes mesmo de você ver a criatura. Galhos quebrados, um cheiro estranho e o silêncio repentino dos pássaros sugerem que um nightmare está próximo. Você pode investigar ou seguir adiante.	Investigar a situação.	PER>=5	END	xp=8	END	fatigue=1	AEL_MON_0001	Continuar seu caminho.	NONE	END	fatigue=0	END	fatigue=1		RANDOM;NARRATIVE	NONE	15
RND_0153	OPPORTUNITY	COMMON	ANY	Kethruun	Sandbones	1	123	12	Uma manhã que parecia comum	Sandbones segue sua rotina, mas pequenos detalhes chamam sua atenção. Um comerciante fala baixo, um viajante observa a estrada e uma oportunidade aparece onde você menos esperava. Em Altheria, até um dia comum pode deixar uma marca.	Investigar a situação.	PER>=5	END	xp=6	END	fatigue=1		Continuar seu caminho.	NONE	END	fatigue=0	END	fatigue=1		RANDOM;NARRATIVE	NONE	15
RND_0154	GUILD	COMMON	ANY	Valkyrion	Volmeria	4	81	7	Sinais na fronteira	Volmeria segue sua rotina, mas pequenos detalhes chamam sua atenção. Um comerciante fala baixo, um viajante observa a estrada e uma oportunidade aparece onde você menos esperava. Em Altheria, até um dia comum pode deixar uma marca.	Investigar a situação.	PER>=5	END	xp=5	END	fatigue=1		Continuar seu caminho.	NONE	END	fatigue=0	END	fatigue=1		RANDOM;NARRATIVE	NONE	11
RND_0155	GUILD	COMMON	ANY	Myrthos	Sem nome definido	5	30	9	Pedido inesperado	Sem nome definido segue sua rotina, mas pequenos detalhes chamam sua atenção. Um comerciante fala baixo, um viajante observa a estrada e uma oportunidade aparece onde você menos esperava. Em Altheria, até um dia comum pode deixar uma marca.	Investigar a situação.	PER>=5	END	xp=8	END	fatigue=1		Continuar seu caminho.	NONE	END	fatigue=0	END	fatigue=1		RANDOM;NARRATIVE	NONE	3
RND_0156	OPPORTUNITY	COMMON	ANY	Myrthos	Sem nome definido	5	118	6	Sinais na fronteira	Sem nome definido segue sua rotina, mas pequenos detalhes chamam sua atenção. Um comerciante fala baixo, um viajante observa a estrada e uma oportunidade aparece onde você menos esperava. Em Altheria, até um dia comum pode deixar uma marca.	Investigar a situação.	PER>=5	END	xp=8	END	fatigue=1		Continuar seu caminho.	NONE	END	fatigue=0	END	fatigue=1		RANDOM;NARRATIVE	NONE	10
RND_0157	MONSTER	COMMON	ANY	Aeloria	Loryndor	3	6	9	Rastros na estrada — Boar	As marcas no barro contam uma história antes mesmo de você ver a criatura. Galhos quebrados, um cheiro estranho e o silêncio repentino dos pássaros sugerem que um boar está próximo. Você pode investigar ou seguir adiante.	Investigar a situação.	PER>=5	END	xp=8	END	fatigue=1	AEL_MON_0001	Continuar seu caminho.	NONE	END	fatigue=0	END	fatigue=1		RANDOM;NARRATIVE	NONE	14
RND_0158	SOCIAL	COMMON	ANY	Valkyrion	Volmeria	5	118	14	Uma pessoa à beira da estrada	A poucos passos da estrada, uma pessoa surge ofegante. Ela conta que alguém levou seu filho e aponta para a trilha ainda recente. A distância é pequena; o problema é que você não sabe o que encontrará no fim dela.	Investigar a situação.	PER>=5	END	xp=4	END	fatigue=1		Continuar seu caminho.	NONE	END	fatigue=0	END	fatigue=1		RANDOM;NARRATIVE	NONE	12
RND_0159	OPPORTUNITY	COMMON	ANY	Orinthal	Crystalia	5	102	10	Pedido inesperado	Crystalia segue sua rotina, mas pequenos detalhes chamam sua atenção. Um comerciante fala baixo, um viajante observa a estrada e uma oportunidade aparece onde você menos esperava. Em Altheria, até um dia comum pode deixar uma marca.	Investigar a situação.	PER>=5	END	xp=6	END	fatigue=1		Continuar seu caminho.	NONE	END	fatigue=0	END	fatigue=1		RANDOM;NARRATIVE	NONE	8
RND_0160	OPPORTUNITY	COMMON	ANY	Tharun	Stone-Âmbar	3	56	5	Uma porta entreaberta	Stone-Âmbar segue sua rotina, mas pequenos detalhes chamam sua atenção. Um comerciante fala baixo, um viajante observa a estrada e uma oportunidade aparece onde você menos esperava. Em Altheria, até um dia comum pode deixar uma marca.	Investigar a situação.	PER>=5	END	xp=7	END	fatigue=1		Continuar seu caminho.	NONE	END	fatigue=0	END	fatigue=1		RANDOM;NARRATIVE	NONE	13
RND_0161	ROAD	COMMON	ANY	Orinthal	Crystalia	5	47	6	Uma porta entreaberta	Crystalia segue sua rotina, mas pequenos detalhes chamam sua atenção. Um comerciante fala baixo, um viajante observa a estrada e uma oportunidade aparece onde você menos esperava. Em Altheria, até um dia comum pode deixar uma marca.	Investigar a situação.	PER>=5	END	xp=8	END	fatigue=1		Continuar seu caminho.	NONE	END	fatigue=0	END	fatigue=1		RANDOM;NARRATIVE	NONE	5
RND_0162	CITY	COMMON	ANY	Aeloria	Prismere	5	115	13	Sinais na fronteira	Prismere segue sua rotina, mas pequenos detalhes chamam sua atenção. Um comerciante fala baixo, um viajante observa a estrada e uma oportunidade aparece onde você menos esperava. Em Altheria, até um dia comum pode deixar uma marca.	Investigar a situação.	PER>=5	END	xp=8	END	fatigue=1		Continuar seu caminho.	NONE	END	fatigue=0	END	fatigue=1		RANDOM;NARRATIVE	NONE	5
RND_0163	ACADEMIC	COMMON	ANY	Aeloria	Blackmere	3	111	6	Entre aulas e rivalidades	O corredor da Academia de Valdora está cheio. Um colega pede ajuda, outro provoca você e um professor observa de longe, aparentemente interessado em descobrir quem consegue resolver o problema sem transformar tudo em uma briga.	Investigar a situação.	PER>=5	END	xp=6	END	fatigue=1		Continuar seu caminho.	NONE	END	fatigue=0	END	fatigue=1		RANDOM;NARRATIVE	NONE	19
RND_0164	OPPORTUNITY	COMMON	ANY	Aeloria	Jorathen	1	112	4	Sinais na fronteira	Jorathen segue sua rotina, mas pequenos detalhes chamam sua atenção. Um comerciante fala baixo, um viajante observa a estrada e uma oportunidade aparece onde você menos esperava. Em Altheria, até um dia comum pode deixar uma marca.	Investigar a situação.	PER>=5	END	xp=4	END	fatigue=1		Continuar seu caminho.	NONE	END	fatigue=0	END	fatigue=1		RANDOM;NARRATIVE	NONE	17
RND_0165	ACADEMIC	COMMON	ANY	Tharun	Stone-Âmbar	8	91	12	Entre aulas e rivalidades	O corredor da Academia de Valdora está cheio. Um colega pede ajuda, outro provoca você e um professor observa de longe, aparentemente interessado em descobrir quem consegue resolver o problema sem transformar tudo em uma briga.	Investigar a situação.	PER>=5	END	xp=5	END	fatigue=1		Continuar seu caminho.	NONE	END	fatigue=0	END	fatigue=1		RANDOM;NARRATIVE	NONE	18
RND_0166	MONSTER	COMMON	ANY	Lyrien	Aerocivitus	7	12	8	Rastros na estrada — Gryphon	As marcas no barro contam uma história antes mesmo de você ver a criatura. Galhos quebrados, um cheiro estranho e o silêncio repentino dos pássaros sugerem que um gryphon está próximo. Você pode investigar ou seguir adiante.	Investigar a situação.	PER>=5	END	xp=7	END	fatigue=1	AEL_MON_0001	Continuar seu caminho.	NONE	END	fatigue=0	END	fatigue=1		RANDOM;NARRATIVE	NONE	10
RND_0167	ACADEMIC	COMMON	ANY	Tharun	Stone-Âmbar	5	36	7	Entre aulas e rivalidades	O corredor da Academia de Valdora está cheio. Um colega pede ajuda, outro provoca você e um professor observa de longe, aparentemente interessado em descobrir quem consegue resolver o problema sem transformar tudo em uma briga.	Investigar a situação.	PER>=5	END	xp=3	END	fatigue=1		Continuar seu caminho.	NONE	END	fatigue=0	END	fatigue=1		RANDOM;NARRATIVE	NONE	18
RND_0168	ACADEMIC	COMMON	ANY	Orinthal	Crystalia	8	6	13	Entre aulas e rivalidades	O corredor da Academia de Valdora está cheio. Um colega pede ajuda, outro provoca você e um professor observa de longe, aparentemente interessado em descobrir quem consegue resolver o problema sem transformar tudo em uma briga.	Investigar a situação.	PER>=5	END	xp=4	END	fatigue=1		Continuar seu caminho.	NONE	END	fatigue=0	END	fatigue=1		RANDOM;NARRATIVE	NONE	12
RND_0169	SOCIAL	COMMON	ANY	Myrthos	Sem nome definido	7	85	13	Uma pessoa à beira da estrada	A poucos passos da estrada, uma pessoa surge ofegante. Ela conta que alguém levou seu filho e aponta para a trilha ainda recente. A distância é pequena; o problema é que você não sabe o que encontrará no fim dela.	Investigar a situação.	PER>=5	END	xp=6	END	fatigue=1		Continuar seu caminho.	NONE	END	fatigue=0	END	fatigue=1		RANDOM;NARRATIVE	NONE	14
RND_0170	ACADEMIC	COMMON	ANY	Zarim	Fornalia	4	56	7	Entre aulas e rivalidades	O corredor da Academia de Valdora está cheio. Um colega pede ajuda, outro provoca você e um professor observa de longe, aparentemente interessado em descobrir quem consegue resolver o problema sem transformar tudo em uma briga.	Investigar a situação.	PER>=5	END	xp=4	END	fatigue=1		Continuar seu caminho.	NONE	END	fatigue=0	END	fatigue=1		RANDOM;NARRATIVE	NONE	9
RND_0171	MONSTER	COMMON	ANY	Kethruun	Sandbones	1	117	2	Rastros na estrada — Wyrm	As marcas no barro contam uma história antes mesmo de você ver a criatura. Galhos quebrados, um cheiro estranho e o silêncio repentino dos pássaros sugerem que um wyrm está próximo. Você pode investigar ou seguir adiante.	Investigar a situação.	PER>=5	END	xp=5	END	fatigue=1	AEL_MON_0001	Continuar seu caminho.	NONE	END	fatigue=0	END	fatigue=1		RANDOM;NARRATIVE	NONE	14
RND_0172	OPPORTUNITY	COMMON	ANY	Myrthos	Sem nome definido	1	97	3	Pedido inesperado	Sem nome definido segue sua rotina, mas pequenos detalhes chamam sua atenção. Um comerciante fala baixo, um viajante observa a estrada e uma oportunidade aparece onde você menos esperava. Em Altheria, até um dia comum pode deixar uma marca.	Investigar a situação.	PER>=5	END	xp=1	END	fatigue=1		Continuar seu caminho.	NONE	END	fatigue=0	END	fatigue=1		RANDOM;NARRATIVE	NONE	4
RND_0173	CITY	COMMON	ANY	Lyrien	Aerocivitus	2	28	9	Sinais na fronteira	Aerocivitus segue sua rotina, mas pequenos detalhes chamam sua atenção. Um comerciante fala baixo, um viajante observa a estrada e uma oportunidade aparece onde você menos esperava. Em Altheria, até um dia comum pode deixar uma marca.	Investigar a situação.	PER>=5	END	xp=5	END	fatigue=1		Continuar seu caminho.	NONE	END	fatigue=0	END	fatigue=1		RANDOM;NARRATIVE	NONE	11
RND_0174	CITY	COMMON	ANY	Orinthal	Crystalia	4	29	8	Rumor de taverna	Crystalia segue sua rotina, mas pequenos detalhes chamam sua atenção. Um comerciante fala baixo, um viajante observa a estrada e uma oportunidade aparece onde você menos esperava. Em Altheria, até um dia comum pode deixar uma marca.	Investigar a situação.	PER>=5	END	xp=1	END	fatigue=1		Continuar seu caminho.	NONE	END	fatigue=0	END	fatigue=1		RANDOM;NARRATIVE	NONE	11
RND_0175	CITY	COMMON	ANY	Myrthos	Sem nome definido	7	147	12	Uma manhã que parecia comum	Sem nome definido segue sua rotina, mas pequenos detalhes chamam sua atenção. Um comerciante fala baixo, um viajante observa a estrada e uma oportunidade aparece onde você menos esperava. Em Altheria, até um dia comum pode deixar uma marca.	Investigar a situação.	PER>=5	END	xp=8	END	fatigue=1		Continuar seu caminho.	NONE	END	fatigue=0	END	fatigue=1		RANDOM;NARRATIVE	NONE	6
RND_0176	ACADEMIC	COMMON	ANY	Nyssara	Emerald Tide	4	73	2	Entre aulas e rivalidades	O corredor da Academia de Valdora está cheio. Um colega pede ajuda, outro provoca você e um professor observa de longe, aparentemente interessado em descobrir quem consegue resolver o problema sem transformar tudo em uma briga.	Investigar a situação.	PER>=5	END	xp=1	END	fatigue=1		Continuar seu caminho.	NONE	END	fatigue=0	END	fatigue=1		RANDOM;NARRATIVE	NONE	19
RND_0177	ROAD	COMMON	ANY	Zarim	Fornalia	4	96	3	Uma porta entreaberta	Fornalia segue sua rotina, mas pequenos detalhes chamam sua atenção. Um comerciante fala baixo, um viajante observa a estrada e uma oportunidade aparece onde você menos esperava. Em Altheria, até um dia comum pode deixar uma marca.	Investigar a situação.	PER>=5	END	xp=5	END	fatigue=1		Continuar seu caminho.	NONE	END	fatigue=0	END	fatigue=1		RANDOM;NARRATIVE	NONE	17
RND_0178	ACADEMIC	COMMON	ANY	Valkyrion	Volmeria	5	72	11	Entre aulas e rivalidades	O corredor da Academia de Valdora está cheio. Um colega pede ajuda, outro provoca você e um professor observa de longe, aparentemente interessado em descobrir quem consegue resolver o problema sem transformar tudo em uma briga.	Investigar a situação.	PER>=5	END	xp=7	END	fatigue=1		Continuar seu caminho.	NONE	END	fatigue=0	END	fatigue=1		RANDOM;NARRATIVE	NONE	16
RND_0179	ROAD	COMMON	ANY	Valkyrion	Volmeria	2	71	4	Uma manhã que parecia comum	Volmeria segue sua rotina, mas pequenos detalhes chamam sua atenção. Um comerciante fala baixo, um viajante observa a estrada e uma oportunidade aparece onde você menos esperava. Em Altheria, até um dia comum pode deixar uma marca.	Investigar a situação.	PER>=5	END	xp=6	END	fatigue=1		Continuar seu caminho.	NONE	END	fatigue=0	END	fatigue=1		RANDOM;NARRATIVE	NONE	10
RND_0180	SOCIAL	COMMON	ANY	Eshmara	Brumas	4	77	10	Uma pessoa à beira da estrada	A poucos passos da estrada, uma pessoa surge ofegante. Ela conta que alguém levou seu filho e aponta para a trilha ainda recente. A distância é pequena; o problema é que você não sabe o que encontrará no fim dela.	Investigar a situação.	PER>=5	END	xp=7	END	fatigue=1		Continuar seu caminho.	NONE	END	fatigue=0	END	fatigue=1		RANDOM;NARRATIVE	NONE	8
RND_0181	ACADEMIC	COMMON	ANY	Nyssara	Emerald Tide	6	74	12	Entre aulas e rivalidades	O corredor da Academia de Valdora está cheio. Um colega pede ajuda, outro provoca você e um professor observa de longe, aparentemente interessado em descobrir quem consegue resolver o problema sem transformar tudo em uma briga.	Investigar a situação.	PER>=5	END	xp=1	END	fatigue=1		Continuar seu caminho.	NONE	END	fatigue=0	END	fatigue=1		RANDOM;NARRATIVE	NONE	7
RND_0182	GUILD	COMMON	ANY	Nyssara	Emerald Tide	7	135	4	Uma porta entreaberta	Emerald Tide segue sua rotina, mas pequenos detalhes chamam sua atenção. Um comerciante fala baixo, um viajante observa a estrada e uma oportunidade aparece onde você menos esperava. Em Altheria, até um dia comum pode deixar uma marca.	Investigar a situação.	PER>=5	END	xp=1	END	fatigue=1		Continuar seu caminho.	NONE	END	fatigue=0	END	fatigue=1		RANDOM;NARRATIVE	NONE	6
RND_0183	CITY	COMMON	ANY	Nyssara	Emerald Tide	4	120	13	Pedido inesperado	Emerald Tide segue sua rotina, mas pequenos detalhes chamam sua atenção. Um comerciante fala baixo, um viajante observa a estrada e uma oportunidade aparece onde você menos esperava. Em Altheria, até um dia comum pode deixar uma marca.	Investigar a situação.	PER>=5	END	xp=8	END	fatigue=1		Continuar seu caminho.	NONE	END	fatigue=0	END	fatigue=1		RANDOM;NARRATIVE	NONE	6
RND_0184	OPPORTUNITY	COMMON	ANY	Zarim	Fornalia	8	110	5	Sinais na fronteira	Fornalia segue sua rotina, mas pequenos detalhes chamam sua atenção. Um comerciante fala baixo, um viajante observa a estrada e uma oportunidade aparece onde você menos esperava. Em Altheria, até um dia comum pode deixar uma marca.	Investigar a situação.	PER>=5	END	xp=3	END	fatigue=1		Continuar seu caminho.	NONE	END	fatigue=0	END	fatigue=1		RANDOM;NARRATIVE	NONE	6
RND_0185	SOCIAL	COMMON	ANY	Lyrien	Aerocivitus	3	146	6	Uma pessoa à beira da estrada	A poucos passos da estrada, uma pessoa surge ofegante. Ela conta que alguém levou seu filho e aponta para a trilha ainda recente. A distância é pequena; o problema é que você não sabe o que encontrará no fim dela.	Investigar a situação.	PER>=5	END	xp=1	END	fatigue=1		Continuar seu caminho.	NONE	END	fatigue=0	END	fatigue=1		RANDOM;NARRATIVE	NONE	13
RND_0186	MONSTER	COMMON	ANY	Myrthos	Sem nome definido	7	14	6	Rastros na estrada — Unicorn	As marcas no barro contam uma história antes mesmo de você ver a criatura. Galhos quebrados, um cheiro estranho e o silêncio repentino dos pássaros sugerem que um unicorn está próximo. Você pode investigar ou seguir adiante.	Investigar a situação.	PER>=5	END	xp=1	END	fatigue=1	AEL_MON_0001	Continuar seu caminho.	NONE	END	fatigue=0	END	fatigue=1		RANDOM;NARRATIVE	NONE	6
RND_0187	OPPORTUNITY	COMMON	ANY	Nyssara	Emerald Tide	8	27	6	Sinais na fronteira	Emerald Tide segue sua rotina, mas pequenos detalhes chamam sua atenção. Um comerciante fala baixo, um viajante observa a estrada e uma oportunidade aparece onde você menos esperava. Em Altheria, até um dia comum pode deixar uma marca.	Investigar a situação.	PER>=5	END	xp=6	END	fatigue=1		Continuar seu caminho.	NONE	END	fatigue=0	END	fatigue=1		RANDOM;NARRATIVE	NONE	9
RND_0188	ACADEMIC	COMMON	ANY	Orinthal	Crystalia	3	128	8	Entre aulas e rivalidades	O corredor da Academia de Valdora está cheio. Um colega pede ajuda, outro provoca você e um professor observa de longe, aparentemente interessado em descobrir quem consegue resolver o problema sem transformar tudo em uma briga.	Investigar a situação.	PER>=5	END	xp=3	END	fatigue=1		Continuar seu caminho.	NONE	END	fatigue=0	END	fatigue=1		RANDOM;NARRATIVE	NONE	6
RND_0189	ROAD	COMMON	ANY	Aeloria	Hallowspire	4	93	8	Sinais na fronteira	Hallowspire segue sua rotina, mas pequenos detalhes chamam sua atenção. Um comerciante fala baixo, um viajante observa a estrada e uma oportunidade aparece onde você menos esperava. Em Altheria, até um dia comum pode deixar uma marca.	Investigar a situação.	PER>=5	END	xp=3	END	fatigue=1		Continuar seu caminho.	NONE	END	fatigue=0	END	fatigue=1		RANDOM;NARRATIVE	NONE	17
RND_0190	ROAD	COMMON	ANY	Kethruun	Sandbones	6	32	10	Mercadoria esquecida	Sandbones segue sua rotina, mas pequenos detalhes chamam sua atenção. Um comerciante fala baixo, um viajante observa a estrada e uma oportunidade aparece onde você menos esperava. Em Altheria, até um dia comum pode deixar uma marca.	Investigar a situação.	PER>=5	END	xp=2	END	fatigue=1		Continuar seu caminho.	NONE	END	fatigue=0	END	fatigue=1		RANDOM;NARRATIVE	NONE	16
RND_0191	MONSTER	COMMON	ANY	Orinthal	Crystalia	1	18	2	Rastros na estrada — Vampire	As marcas no barro contam uma história antes mesmo de você ver a criatura. Galhos quebrados, um cheiro estranho e o silêncio repentino dos pássaros sugerem que um vampire está próximo. Você pode investigar ou seguir adiante.	Investigar a situação.	PER>=5	END	xp=2	END	fatigue=1	AEL_MON_0001	Continuar seu caminho.	NONE	END	fatigue=0	END	fatigue=1		RANDOM;NARRATIVE	NONE	11
RND_0192	GUILD	COMMON	ANY	Eshmara	Brumas	1	109	6	Rumor de taverna	Brumas segue sua rotina, mas pequenos detalhes chamam sua atenção. Um comerciante fala baixo, um viajante observa a estrada e uma oportunidade aparece onde você menos esperava. Em Altheria, até um dia comum pode deixar uma marca.	Investigar a situação.	PER>=5	END	xp=5	END	fatigue=1		Continuar seu caminho.	NONE	END	fatigue=0	END	fatigue=1		RANDOM;NARRATIVE	NONE	17
RND_0193	OPPORTUNITY	COMMON	ANY	Zarim	Fornalia	5	51	5	Rumor de taverna	Fornalia segue sua rotina, mas pequenos detalhes chamam sua atenção. Um comerciante fala baixo, um viajante observa a estrada e uma oportunidade aparece onde você menos esperava. Em Altheria, até um dia comum pode deixar uma marca.	Investigar a situação.	PER>=5	END	xp=1	END	fatigue=1		Continuar seu caminho.	NONE	END	fatigue=0	END	fatigue=1		RANDOM;NARRATIVE	NONE	5
RND_0194	ACADEMIC	COMMON	ANY	Zarim	Fornalia	2	70	2	Entre aulas e rivalidades	O corredor da Academia de Valdora está cheio. Um colega pede ajuda, outro provoca você e um professor observa de longe, aparentemente interessado em descobrir quem consegue resolver o problema sem transformar tudo em uma briga.	Investigar a situação.	PER>=5	END	xp=8	END	fatigue=1		Continuar seu caminho.	NONE	END	fatigue=0	END	fatigue=1		RANDOM;NARRATIVE	NONE	5
RND_0195	ROAD	COMMON	ANY	Myrthos	Sem nome definido	7	120	5	Mercadoria esquecida	Sem nome definido segue sua rotina, mas pequenos detalhes chamam sua atenção. Um comerciante fala baixo, um viajante observa a estrada e uma oportunidade aparece onde você menos esperava. Em Altheria, até um dia comum pode deixar uma marca.	Investigar a situação.	PER>=5	END	xp=3	END	fatigue=1		Continuar seu caminho.	NONE	END	fatigue=0	END	fatigue=1		RANDOM;NARRATIVE	NONE	17
RND_0196	SOCIAL	COMMON	ANY	Eshmara	Brumas	1	7	14	Uma pessoa à beira da estrada	A poucos passos da estrada, uma pessoa surge ofegante. Ela conta que alguém levou seu filho e aponta para a trilha ainda recente. A distância é pequena; o problema é que você não sabe o que encontrará no fim dela.	Investigar a situação.	PER>=5	END	xp=3	END	fatigue=1		Continuar seu caminho.	NONE	END	fatigue=0	END	fatigue=1		RANDOM;NARRATIVE	NONE	12
RND_0197	CITY	COMMON	ANY	Eshmara	Brumas	5	118	4	Pedido inesperado	Brumas segue sua rotina, mas pequenos detalhes chamam sua atenção. Um comerciante fala baixo, um viajante observa a estrada e uma oportunidade aparece onde você menos esperava. Em Altheria, até um dia comum pode deixar uma marca.	Investigar a situação.	PER>=5	END	xp=2	END	fatigue=1		Continuar seu caminho.	NONE	END	fatigue=0	END	fatigue=1		RANDOM;NARRATIVE	NONE	11
RND_0198	ROAD	COMMON	ANY	Eshmara	Brumas	8	22	7	Uma porta entreaberta	Brumas segue sua rotina, mas pequenos detalhes chamam sua atenção. Um comerciante fala baixo, um viajante observa a estrada e uma oportunidade aparece onde você menos esperava. Em Altheria, até um dia comum pode deixar uma marca.	Investigar a situação.	PER>=5	END	xp=3	END	fatigue=1		Continuar seu caminho.	NONE	END	fatigue=0	END	fatigue=1		RANDOM;NARRATIVE	NONE	12
RND_0199	GUILD	COMMON	ANY	Kethruun	Sandbones	6	7	6	Mercadoria esquecida	Sandbones segue sua rotina, mas pequenos detalhes chamam sua atenção. Um comerciante fala baixo, um viajante observa a estrada e uma oportunidade aparece onde você menos esperava. Em Altheria, até um dia comum pode deixar uma marca.	Investigar a situação.	PER>=5	END	xp=1	END	fatigue=1		Continuar seu caminho.	NONE	END	fatigue=0	END	fatigue=1		RANDOM;NARRATIVE	NONE	17
RND_0200	GUILD	COMMON	ANY	Aeloria	Rivenholt	7	39	3	Uma porta entreaberta	Rivenholt segue sua rotina, mas pequenos detalhes chamam sua atenção. Um comerciante fala baixo, um viajante observa a estrada e uma oportunidade aparece onde você menos esperava. Em Altheria, até um dia comum pode deixar uma marca.	Investigar a situação.	PER>=5	END	xp=2	END	fatigue=1		Continuar seu caminho.	NONE	END	fatigue=0	END	fatigue=1		RANDOM;NARRATIVE	NONE	7
RND_0201	ROAD	COMMON	ANY	Myrthos	Sem nome definido	8	144	7	Sinais na fronteira	Sem nome definido segue sua rotina, mas pequenos detalhes chamam sua atenção. Um comerciante fala baixo, um viajante observa a estrada e uma oportunidade aparece onde você menos esperava. Em Altheria, até um dia comum pode deixar uma marca.	Investigar a situação.	PER>=5	END	xp=3	END	fatigue=1		Continuar seu caminho.	NONE	END	fatigue=0	END	fatigue=1		RANDOM;NARRATIVE	NONE	13
RND_0202	GUILD	COMMON	ANY	Eshmara	Brumas	8	25	10	Sinais na fronteira	Brumas segue sua rotina, mas pequenos detalhes chamam sua atenção. Um comerciante fala baixo, um viajante observa a estrada e uma oportunidade aparece onde você menos esperava. Em Altheria, até um dia comum pode deixar uma marca.	Investigar a situação.	PER>=5	END	xp=1	END	fatigue=1		Continuar seu caminho.	NONE	END	fatigue=0	END	fatigue=1		RANDOM;NARRATIVE	NONE	18
RND_0203	MONSTER	COMMON	ANY	Aeloria	Stormhaven	8	54	8	Rastros na estrada — Gryphon	As marcas no barro contam uma história antes mesmo de você ver a criatura. Galhos quebrados, um cheiro estranho e o silêncio repentino dos pássaros sugerem que um gryphon está próximo. Você pode investigar ou seguir adiante.	Investigar a situação.	PER>=5	END	xp=3	END	fatigue=1	AEL_MON_0001	Continuar seu caminho.	NONE	END	fatigue=0	END	fatigue=1		RANDOM;NARRATIVE	NONE	17
RND_0204	ROAD	COMMON	ANY	Tharun	Stone-Âmbar	6	89	4	Pedido inesperado	Stone-Âmbar segue sua rotina, mas pequenos detalhes chamam sua atenção. Um comerciante fala baixo, um viajante observa a estrada e uma oportunidade aparece onde você menos esperava. Em Altheria, até um dia comum pode deixar uma marca.	Investigar a situação.	PER>=5	END	xp=1	END	fatigue=1		Continuar seu caminho.	NONE	END	fatigue=0	END	fatigue=1		RANDOM;NARRATIVE	NONE	18
RND_0205	ROAD	COMMON	ANY	Nyssara	Emerald Tide	5	83	11	Pedido inesperado	Emerald Tide segue sua rotina, mas pequenos detalhes chamam sua atenção. Um comerciante fala baixo, um viajante observa a estrada e uma oportunidade aparece onde você menos esperava. Em Altheria, até um dia comum pode deixar uma marca.	Investigar a situação.	PER>=5	END	xp=4	END	fatigue=1		Continuar seu caminho.	NONE	END	fatigue=0	END	fatigue=1		RANDOM;NARRATIVE	NONE	11
RND_0206	GUILD	COMMON	ANY	Kethruun	Sandbones	5	24	4	Sinais na fronteira	Sandbones segue sua rotina, mas pequenos detalhes chamam sua atenção. Um comerciante fala baixo, um viajante observa a estrada e uma oportunidade aparece onde você menos esperava. Em Altheria, até um dia comum pode deixar uma marca.	Investigar a situação.	PER>=5	END	xp=4	END	fatigue=1		Continuar seu caminho.	NONE	END	fatigue=0	END	fatigue=1		RANDOM;NARRATIVE	NONE	14
RND_0207	CITY	COMMON	ANY	Valkyrion	Volmeria	6	52	11	Rumor de taverna	Volmeria segue sua rotina, mas pequenos detalhes chamam sua atenção. Um comerciante fala baixo, um viajante observa a estrada e uma oportunidade aparece onde você menos esperava. Em Altheria, até um dia comum pode deixar uma marca.	Investigar a situação.	PER>=5	END	xp=8	END	fatigue=1		Continuar seu caminho.	NONE	END	fatigue=0	END	fatigue=1		RANDOM;NARRATIVE	NONE	12
RND_0208	CITY	COMMON	ANY	Eshmara	Brumas	3	62	13	Sinais na fronteira	Brumas segue sua rotina, mas pequenos detalhes chamam sua atenção. Um comerciante fala baixo, um viajante observa a estrada e uma oportunidade aparece onde você menos esperava. Em Altheria, até um dia comum pode deixar uma marca.	Investigar a situação.	PER>=5	END	xp=6	END	fatigue=1		Continuar seu caminho.	NONE	END	fatigue=0	END	fatigue=1		RANDOM;NARRATIVE	NONE	17
RND_0209	OPPORTUNITY	COMMON	ANY	Orinthal	Crystalia	8	144	14	Pedido inesperado	Crystalia segue sua rotina, mas pequenos detalhes chamam sua atenção. Um comerciante fala baixo, um viajante observa a estrada e uma oportunidade aparece onde você menos esperava. Em Altheria, até um dia comum pode deixar uma marca.	Investigar a situação.	PER>=5	END	xp=7	END	fatigue=1		Continuar seu caminho.	NONE	END	fatigue=0	END	fatigue=1		RANDOM;NARRATIVE	NONE	11
RND_0210	ROAD	COMMON	ANY	Eshmara	Brumas	5	137	11	Mercadoria esquecida	Brumas segue sua rotina, mas pequenos detalhes chamam sua atenção. Um comerciante fala baixo, um viajante observa a estrada e uma oportunidade aparece onde você menos esperava. Em Altheria, até um dia comum pode deixar uma marca.	Investigar a situação.	PER>=5	END	xp=7	END	fatigue=1		Continuar seu caminho.	NONE	END	fatigue=0	END	fatigue=1		RANDOM;NARRATIVE	NONE	11
RND_0211	ACADEMIC	COMMON	ANY	Myrthos	Sem nome definido	8	78	4	Entre aulas e rivalidades	O corredor da Academia de Valdora está cheio. Um colega pede ajuda, outro provoca você e um professor observa de longe, aparentemente interessado em descobrir quem consegue resolver o problema sem transformar tudo em uma briga.	Investigar a situação.	PER>=5	END	xp=4	END	fatigue=1		Continuar seu caminho.	NONE	END	fatigue=0	END	fatigue=1		RANDOM;NARRATIVE	NONE	4
RND_0212	CITY	COMMON	ANY	Kethruun	Sandbones	7	2	14	Uma manhã que parecia comum	Sandbones segue sua rotina, mas pequenos detalhes chamam sua atenção. Um comerciante fala baixo, um viajante observa a estrada e uma oportunidade aparece onde você menos esperava. Em Altheria, até um dia comum pode deixar uma marca.	Investigar a situação.	PER>=5	END	xp=5	END	fatigue=1		Continuar seu caminho.	NONE	END	fatigue=0	END	fatigue=1		RANDOM;NARRATIVE	NONE	6
RND_0213	ROAD	COMMON	ANY	Tharun	Stone-Âmbar	5	145	11	Rumor de taverna	Stone-Âmbar segue sua rotina, mas pequenos detalhes chamam sua atenção. Um comerciante fala baixo, um viajante observa a estrada e uma oportunidade aparece onde você menos esperava. Em Altheria, até um dia comum pode deixar uma marca.	Investigar a situação.	PER>=5	END	xp=6	END	fatigue=1		Continuar seu caminho.	NONE	END	fatigue=0	END	fatigue=1		RANDOM;NARRATIVE	NONE	10
RND_0214	SOCIAL	COMMON	ANY	Zarim	Fornalia	7	139	14	Uma pessoa à beira da estrada	A poucos passos da estrada, uma pessoa surge ofegante. Ela conta que alguém levou seu filho e aponta para a trilha ainda recente. A distância é pequena; o problema é que você não sabe o que encontrará no fim dela.	Investigar a situação.	PER>=5	END	xp=8	END	fatigue=1		Continuar seu caminho.	NONE	END	fatigue=0	END	fatigue=1		RANDOM;NARRATIVE	NONE	7
RND_0215	OPPORTUNITY	COMMON	ANY	Zarim	Fornalia	6	78	8	Rumor de taverna	Fornalia segue sua rotina, mas pequenos detalhes chamam sua atenção. Um comerciante fala baixo, um viajante observa a estrada e uma oportunidade aparece onde você menos esperava. Em Altheria, até um dia comum pode deixar uma marca.	Investigar a situação.	PER>=5	END	xp=1	END	fatigue=1		Continuar seu caminho.	NONE	END	fatigue=0	END	fatigue=1		RANDOM;NARRATIVE	NONE	18
RND_0216	ROAD	COMMON	ANY	Nyssara	Emerald Tide	4	10	11	Mercadoria esquecida	Emerald Tide segue sua rotina, mas pequenos detalhes chamam sua atenção. Um comerciante fala baixo, um viajante observa a estrada e uma oportunidade aparece onde você menos esperava. Em Altheria, até um dia comum pode deixar uma marca.	Investigar a situação.	PER>=5	END	xp=3	END	fatigue=1		Continuar seu caminho.	NONE	END	fatigue=0	END	fatigue=1		RANDOM;NARRATIVE	NONE	8
RND_0217	MONSTER	COMMON	ANY	Myrthos	Sem nome definido	8	5	2	Rastros na estrada — Wolf	As marcas no barro contam uma história antes mesmo de você ver a criatura. Galhos quebrados, um cheiro estranho e o silêncio repentino dos pássaros sugerem que um wolf está próximo. Você pode investigar ou seguir adiante.	Investigar a situação.	PER>=5	END	xp=7	END	fatigue=1	AEL_MON_0001	Continuar seu caminho.	NONE	END	fatigue=0	END	fatigue=1		RANDOM;NARRATIVE	NONE	9
RND_0218	MONSTER	COMMON	ANY	Valkyrion	Volmeria	6	121	10	Rastros na estrada — Leviathan	As marcas no barro contam uma história antes mesmo de você ver a criatura. Galhos quebrados, um cheiro estranho e o silêncio repentino dos pássaros sugerem que um leviathan está próximo. Você pode investigar ou seguir adiante.	Investigar a situação.	PER>=5	END	xp=6	END	fatigue=1	AEL_MON_0001	Continuar seu caminho.	NONE	END	fatigue=0	END	fatigue=1		RANDOM;NARRATIVE	NONE	17
RND_0219	GUILD	COMMON	ANY	Valkyrion	Volmeria	6	134	11	Rumor de taverna	Volmeria segue sua rotina, mas pequenos detalhes chamam sua atenção. Um comerciante fala baixo, um viajante observa a estrada e uma oportunidade aparece onde você menos esperava. Em Altheria, até um dia comum pode deixar uma marca.	Investigar a situação.	PER>=5	END	xp=1	END	fatigue=1		Continuar seu caminho.	NONE	END	fatigue=0	END	fatigue=1		RANDOM;NARRATIVE	NONE	17
RND_0220	GUILD	COMMON	ANY	Nyssara	Emerald Tide	5	102	11	Pedido inesperado	Emerald Tide segue sua rotina, mas pequenos detalhes chamam sua atenção. Um comerciante fala baixo, um viajante observa a estrada e uma oportunidade aparece onde você menos esperava. Em Altheria, até um dia comum pode deixar uma marca.	Investigar a situação.	PER>=5	END	xp=2	END	fatigue=1		Continuar seu caminho.	NONE	END	fatigue=0	END	fatigue=1		RANDOM;NARRATIVE	NONE	14
RND_0221	MONSTER	COMMON	ANY	Nyssara	Emerald Tide	6	9	11	Rastros na estrada — Demon	As marcas no barro contam uma história antes mesmo de você ver a criatura. Galhos quebrados, um cheiro estranho e o silêncio repentino dos pássaros sugerem que um demon está próximo. Você pode investigar ou seguir adiante.	Investigar a situação.	PER>=5	END	xp=8	END	fatigue=1	AEL_MON_0001	Continuar seu caminho.	NONE	END	fatigue=0	END	fatigue=1		RANDOM;NARRATIVE	NONE	8
RND_0222	ROAD	COMMON	ANY	Aeloria	Ulthmere	8	87	10	Sinais na fronteira	Ulthmere segue sua rotina, mas pequenos detalhes chamam sua atenção. Um comerciante fala baixo, um viajante observa a estrada e uma oportunidade aparece onde você menos esperava. Em Altheria, até um dia comum pode deixar uma marca.	Investigar a situação.	PER>=5	END	xp=3	END	fatigue=1		Continuar seu caminho.	NONE	END	fatigue=0	END	fatigue=1		RANDOM;NARRATIVE	NONE	13
RND_0223	MONSTER	COMMON	ANY	Myrthos	Sem nome definido	1	103	3	Rastros na estrada — Mantis	As marcas no barro contam uma história antes mesmo de você ver a criatura. Galhos quebrados, um cheiro estranho e o silêncio repentino dos pássaros sugerem que um mantis está próximo. Você pode investigar ou seguir adiante.	Investigar a situação.	PER>=5	END	xp=8	END	fatigue=1	AEL_MON_0001	Continuar seu caminho.	NONE	END	fatigue=0	END	fatigue=1		RANDOM;NARRATIVE	NONE	11
RND_0224	ACADEMIC	COMMON	ANY	Myrthos	Sem nome definido	7	147	5	Entre aulas e rivalidades	O corredor da Academia de Valdora está cheio. Um colega pede ajuda, outro provoca você e um professor observa de longe, aparentemente interessado em descobrir quem consegue resolver o problema sem transformar tudo em uma briga.	Investigar a situação.	PER>=5	END	xp=2	END	fatigue=1		Continuar seu caminho.	NONE	END	fatigue=0	END	fatigue=1		RANDOM;NARRATIVE	NONE	10
RND_0225	SOCIAL	COMMON	ANY	Myrthos	Sem nome definido	6	83	3	Uma pessoa à beira da estrada	A poucos passos da estrada, uma pessoa surge ofegante. Ela conta que alguém levou seu filho e aponta para a trilha ainda recente. A distância é pequena; o problema é que você não sabe o que encontrará no fim dela.	Investigar a situação.	PER>=5	END	xp=1	END	fatigue=1		Continuar seu caminho.	NONE	END	fatigue=0	END	fatigue=1		RANDOM;NARRATIVE	NONE	3
RND_0226	GUILD	COMMON	ANY	Orinthal	Crystalia	2	5	6	Mercadoria esquecida	Crystalia segue sua rotina, mas pequenos detalhes chamam sua atenção. Um comerciante fala baixo, um viajante observa a estrada e uma oportunidade aparece onde você menos esperava. Em Altheria, até um dia comum pode deixar uma marca.	Investigar a situação.	PER>=5	END	xp=8	END	fatigue=1		Continuar seu caminho.	NONE	END	fatigue=0	END	fatigue=1		RANDOM;NARRATIVE	NONE	9
RND_0227	ACADEMIC	COMMON	ANY	Orinthal	Crystalia	7	23	3	Entre aulas e rivalidades	O corredor da Academia de Valdora está cheio. Um colega pede ajuda, outro provoca você e um professor observa de longe, aparentemente interessado em descobrir quem consegue resolver o problema sem transformar tudo em uma briga.	Investigar a situação.	PER>=5	END	xp=7	END	fatigue=1		Continuar seu caminho.	NONE	END	fatigue=0	END	fatigue=1		RANDOM;NARRATIVE	NONE	6
RND_0228	ROAD	COMMON	ANY	Myrthos	Sem nome definido	2	107	11	Pedido inesperado	Sem nome definido segue sua rotina, mas pequenos detalhes chamam sua atenção. Um comerciante fala baixo, um viajante observa a estrada e uma oportunidade aparece onde você menos esperava. Em Altheria, até um dia comum pode deixar uma marca.	Investigar a situação.	PER>=5	END	xp=7	END	fatigue=1		Continuar seu caminho.	NONE	END	fatigue=0	END	fatigue=1		RANDOM;NARRATIVE	NONE	18
RND_0229	GUILD	COMMON	ANY	Orinthal	Crystalia	2	53	9	Uma porta entreaberta	Crystalia segue sua rotina, mas pequenos detalhes chamam sua atenção. Um comerciante fala baixo, um viajante observa a estrada e uma oportunidade aparece onde você menos esperava. Em Altheria, até um dia comum pode deixar uma marca.	Investigar a situação.	PER>=5	END	xp=8	END	fatigue=1		Continuar seu caminho.	NONE	END	fatigue=0	END	fatigue=1		RANDOM;NARRATIVE	NONE	15
RND_0230	MONSTER	COMMON	ANY	Myrthos	Sem nome definido	6	72	3	Rastros na estrada — Lich	As marcas no barro contam uma história antes mesmo de você ver a criatura. Galhos quebrados, um cheiro estranho e o silêncio repentino dos pássaros sugerem que um lich está próximo. Você pode investigar ou seguir adiante.	Investigar a situação.	PER>=5	END	xp=5	END	fatigue=1	AEL_MON_0001	Continuar seu caminho.	NONE	END	fatigue=0	END	fatigue=1		RANDOM;NARRATIVE	NONE	17
RND_0231	SOCIAL	COMMON	ANY	Aeloria	Valdora	1	85	2	Uma pessoa à beira da estrada	A poucos passos da estrada, uma pessoa surge ofegante. Ela conta que alguém levou seu filho e aponta para a trilha ainda recente. A distância é pequena; o problema é que você não sabe o que encontrará no fim dela.	Investigar a situação.	PER>=5	END	xp=6	END	fatigue=1		Continuar seu caminho.	NONE	END	fatigue=0	END	fatigue=1		RANDOM;NARRATIVE	NONE	7
RND_0232	ACADEMIC	COMMON	ANY	Zarim	Fornalia	7	139	9	Entre aulas e rivalidades	O corredor da Academia de Valdora está cheio. Um colega pede ajuda, outro provoca você e um professor observa de longe, aparentemente interessado em descobrir quem consegue resolver o problema sem transformar tudo em uma briga.	Investigar a situação.	PER>=5	END	xp=7	END	fatigue=1		Continuar seu caminho.	NONE	END	fatigue=0	END	fatigue=1		RANDOM;NARRATIVE	NONE	13
RND_0233	ROAD	COMMON	ANY	Tharun	Stone-Âmbar	7	88	8	Rumor de taverna	Stone-Âmbar segue sua rotina, mas pequenos detalhes chamam sua atenção. Um comerciante fala baixo, um viajante observa a estrada e uma oportunidade aparece onde você menos esperava. Em Altheria, até um dia comum pode deixar uma marca.	Investigar a situação.	PER>=5	END	xp=3	END	fatigue=1		Continuar seu caminho.	NONE	END	fatigue=0	END	fatigue=1		RANDOM;NARRATIVE	NONE	13
RND_0234	ACADEMIC	COMMON	ANY	Zarim	Fornalia	6	56	3	Entre aulas e rivalidades	O corredor da Academia de Valdora está cheio. Um colega pede ajuda, outro provoca você e um professor observa de longe, aparentemente interessado em descobrir quem consegue resolver o problema sem transformar tudo em uma briga.	Investigar a situação.	PER>=5	END	xp=1	END	fatigue=1		Continuar seu caminho.	NONE	END	fatigue=0	END	fatigue=1		RANDOM;NARRATIVE	NONE	17
RND_0235	SOCIAL	COMMON	ANY	Aeloria	Wyrmhaven	7	143	2	Uma pessoa à beira da estrada	A poucos passos da estrada, uma pessoa surge ofegante. Ela conta que alguém levou seu filho e aponta para a trilha ainda recente. A distância é pequena; o problema é que você não sabe o que encontrará no fim dela.	Investigar a situação.	PER>=5	END	xp=6	END	fatigue=1		Continuar seu caminho.	NONE	END	fatigue=0	END	fatigue=1		RANDOM;NARRATIVE	NONE	17
RND_0236	ACADEMIC	COMMON	ANY	Valkyrion	Volmeria	2	5	13	Entre aulas e rivalidades	O corredor da Academia de Valdora está cheio. Um colega pede ajuda, outro provoca você e um professor observa de longe, aparentemente interessado em descobrir quem consegue resolver o problema sem transformar tudo em uma briga.	Investigar a situação.	PER>=5	END	xp=2	END	fatigue=1		Continuar seu caminho.	NONE	END	fatigue=0	END	fatigue=1		RANDOM;NARRATIVE	NONE	4
RND_0237	OPPORTUNITY	COMMON	ANY	Valkyrion	Volmeria	8	2	6	Uma manhã que parecia comum	Volmeria segue sua rotina, mas pequenos detalhes chamam sua atenção. Um comerciante fala baixo, um viajante observa a estrada e uma oportunidade aparece onde você menos esperava. Em Altheria, até um dia comum pode deixar uma marca.	Investigar a situação.	PER>=5	END	xp=2	END	fatigue=1		Continuar seu caminho.	NONE	END	fatigue=0	END	fatigue=1		RANDOM;NARRATIVE	NONE	14
RND_0238	SOCIAL	COMMON	ANY	Zarim	Fornalia	1	142	13	Uma pessoa à beira da estrada	A poucos passos da estrada, uma pessoa surge ofegante. Ela conta que alguém levou seu filho e aponta para a trilha ainda recente. A distância é pequena; o problema é que você não sabe o que encontrará no fim dela.	Investigar a situação.	PER>=5	END	xp=1	END	fatigue=1		Continuar seu caminho.	NONE	END	fatigue=0	END	fatigue=1		RANDOM;NARRATIVE	NONE	12
RND_0239	ACADEMIC	COMMON	ANY	Valkyrion	Volmeria	5	134	4	Entre aulas e rivalidades	O corredor da Academia de Valdora está cheio. Um colega pede ajuda, outro provoca você e um professor observa de longe, aparentemente interessado em descobrir quem consegue resolver o problema sem transformar tudo em uma briga.	Investigar a situação.	PER>=5	END	xp=6	END	fatigue=1		Continuar seu caminho.	NONE	END	fatigue=0	END	fatigue=1		RANDOM;NARRATIVE	NONE	4
RND_0240	GUILD	COMMON	ANY	Eshmara	Brumas	3	70	9	Pedido inesperado	Brumas segue sua rotina, mas pequenos detalhes chamam sua atenção. Um comerciante fala baixo, um viajante observa a estrada e uma oportunidade aparece onde você menos esperava. Em Altheria, até um dia comum pode deixar uma marca.	Investigar a situação.	PER>=5	END	xp=1	END	fatigue=1		Continuar seu caminho.	NONE	END	fatigue=0	END	fatigue=1		RANDOM;NARRATIVE	NONE	3
RND_0241	OPPORTUNITY	COMMON	ANY	Zarim	Fornalia	6	94	12	Rumor de taverna	Fornalia segue sua rotina, mas pequenos detalhes chamam sua atenção. Um comerciante fala baixo, um viajante observa a estrada e uma oportunidade aparece onde você menos esperava. Em Altheria, até um dia comum pode deixar uma marca.	Investigar a situação.	PER>=5	END	xp=3	END	fatigue=1		Continuar seu caminho.	NONE	END	fatigue=0	END	fatigue=1		RANDOM;NARRATIVE	NONE	16
RND_0242	CITY	COMMON	ANY	Lyrien	Aerocivitus	3	122	11	Rumor de taverna	Aerocivitus segue sua rotina, mas pequenos detalhes chamam sua atenção. Um comerciante fala baixo, um viajante observa a estrada e uma oportunidade aparece onde você menos esperava. Em Altheria, até um dia comum pode deixar uma marca.	Investigar a situação.	PER>=5	END	xp=6	END	fatigue=1		Continuar seu caminho.	NONE	END	fatigue=0	END	fatigue=1		RANDOM;NARRATIVE	NONE	10
RND_0243	SOCIAL	COMMON	ANY	Orinthal	Crystalia	7	65	13	Uma pessoa à beira da estrada	A poucos passos da estrada, uma pessoa surge ofegante. Ela conta que alguém levou seu filho e aponta para a trilha ainda recente. A distância é pequena; o problema é que você não sabe o que encontrará no fim dela.	Investigar a situação.	PER>=5	END	xp=3	END	fatigue=1		Continuar seu caminho.	NONE	END	fatigue=0	END	fatigue=1		RANDOM;NARRATIVE	NONE	15
RND_0244	CITY	COMMON	ANY	Aeloria	Lunareth	8	86	3	Mercadoria esquecida	Lunareth segue sua rotina, mas pequenos detalhes chamam sua atenção. Um comerciante fala baixo, um viajante observa a estrada e uma oportunidade aparece onde você menos esperava. Em Altheria, até um dia comum pode deixar uma marca.	Investigar a situação.	PER>=5	END	xp=1	END	fatigue=1		Continuar seu caminho.	NONE	END	fatigue=0	END	fatigue=1		RANDOM;NARRATIVE	NONE	3
RND_0245	ACADEMIC	COMMON	ANY	Kethruun	Sandbones	5	116	13	Entre aulas e rivalidades	O corredor da Academia de Valdora está cheio. Um colega pede ajuda, outro provoca você e um professor observa de longe, aparentemente interessado em descobrir quem consegue resolver o problema sem transformar tudo em uma briga.	Investigar a situação.	PER>=5	END	xp=8	END	fatigue=1		Continuar seu caminho.	NONE	END	fatigue=0	END	fatigue=1		RANDOM;NARRATIVE	NONE	7
RND_0246	ACADEMIC	COMMON	ANY	Valkyrion	Volmeria	4	48	3	Entre aulas e rivalidades	O corredor da Academia de Valdora está cheio. Um colega pede ajuda, outro provoca você e um professor observa de longe, aparentemente interessado em descobrir quem consegue resolver o problema sem transformar tudo em uma briga.	Investigar a situação.	PER>=5	END	xp=8	END	fatigue=1		Continuar seu caminho.	NONE	END	fatigue=0	END	fatigue=1		RANDOM;NARRATIVE	NONE	6
RND_0247	MONSTER	COMMON	ANY	Valkyrion	Volmeria	8	39	14	Rastros na estrada — Slime	As marcas no barro contam uma história antes mesmo de você ver a criatura. Galhos quebrados, um cheiro estranho e o silêncio repentino dos pássaros sugerem que um slime está próximo. Você pode investigar ou seguir adiante.	Investigar a situação.	PER>=5	END	xp=3	END	fatigue=1	AEL_MON_0001	Continuar seu caminho.	NONE	END	fatigue=0	END	fatigue=1		RANDOM;NARRATIVE	NONE	9
RND_0248	MONSTER	COMMON	ANY	Valkyrion	Volmeria	8	126	6	Rastros na estrada — Crow	As marcas no barro contam uma história antes mesmo de você ver a criatura. Galhos quebrados, um cheiro estranho e o silêncio repentino dos pássaros sugerem que um crow está próximo. Você pode investigar ou seguir adiante.	Investigar a situação.	PER>=5	END	xp=7	END	fatigue=1	AEL_MON_0001	Continuar seu caminho.	NONE	END	fatigue=0	END	fatigue=1		RANDOM;NARRATIVE	NONE	19
RND_0249	SOCIAL	COMMON	ANY	Nyssara	Emerald Tide	4	54	14	Uma pessoa à beira da estrada	A poucos passos da estrada, uma pessoa surge ofegante. Ela conta que alguém levou seu filho e aponta para a trilha ainda recente. A distância é pequena; o problema é que você não sabe o que encontrará no fim dela.	Investigar a situação.	PER>=5	END	xp=1	END	fatigue=1		Continuar seu caminho.	NONE	END	fatigue=0	END	fatigue=1		RANDOM;NARRATIVE	NONE	7
RND_0250	OPPORTUNITY	COMMON	ANY	Tharun	Stone-Âmbar	3	57	9	Sinais na fronteira	Stone-Âmbar segue sua rotina, mas pequenos detalhes chamam sua atenção. Um comerciante fala baixo, um viajante observa a estrada e uma oportunidade aparece onde você menos esperava. Em Altheria, até um dia comum pode deixar uma marca.	Investigar a situação.	PER>=5	END	xp=2	END	fatigue=1		Continuar seu caminho.	NONE	END	fatigue=0	END	fatigue=1		RANDOM;NARRATIVE	NONE	9
RND_0251	SOCIAL	COMMON	ANY	Valkyrion	Volmeria	2	135	9	Uma pessoa à beira da estrada	A poucos passos da estrada, uma pessoa surge ofegante. Ela conta que alguém levou seu filho e aponta para a trilha ainda recente. A distância é pequena; o problema é que você não sabe o que encontrará no fim dela.	Investigar a situação.	PER>=5	END	xp=6	END	fatigue=1		Continuar seu caminho.	NONE	END	fatigue=0	END	fatigue=1		RANDOM;NARRATIVE	NONE	5
RND_0252	OPPORTUNITY	COMMON	ANY	Aeloria	Loryndor	8	73	9	Sinais na fronteira	Loryndor segue sua rotina, mas pequenos detalhes chamam sua atenção. Um comerciante fala baixo, um viajante observa a estrada e uma oportunidade aparece onde você menos esperava. Em Altheria, até um dia comum pode deixar uma marca.	Investigar a situação.	PER>=5	END	xp=6	END	fatigue=1		Continuar seu caminho.	NONE	END	fatigue=0	END	fatigue=1		RANDOM;NARRATIVE	NONE	13
RND_0253	ROAD	COMMON	ANY	Nyssara	Emerald Tide	5	35	14	Mercadoria esquecida	Emerald Tide segue sua rotina, mas pequenos detalhes chamam sua atenção. Um comerciante fala baixo, um viajante observa a estrada e uma oportunidade aparece onde você menos esperava. Em Altheria, até um dia comum pode deixar uma marca.	Investigar a situação.	PER>=5	END	xp=5	END	fatigue=1		Continuar seu caminho.	NONE	END	fatigue=0	END	fatigue=1		RANDOM;NARRATIVE	NONE	9
RND_0254	OPPORTUNITY	COMMON	ANY	Aeloria	Pyrelith	5	121	10	Sinais na fronteira	Pyrelith segue sua rotina, mas pequenos detalhes chamam sua atenção. Um comerciante fala baixo, um viajante observa a estrada e uma oportunidade aparece onde você menos esperava. Em Altheria, até um dia comum pode deixar uma marca.	Investigar a situação.	PER>=5	END	xp=1	END	fatigue=1		Continuar seu caminho.	NONE	END	fatigue=0	END	fatigue=1		RANDOM;NARRATIVE	NONE	14
RND_0255	ROAD	COMMON	ANY	Zarim	Fornalia	7	86	2	Pedido inesperado	Fornalia segue sua rotina, mas pequenos detalhes chamam sua atenção. Um comerciante fala baixo, um viajante observa a estrada e uma oportunidade aparece onde você menos esperava. Em Altheria, até um dia comum pode deixar uma marca.	Investigar a situação.	PER>=5	END	xp=5	END	fatigue=1		Continuar seu caminho.	NONE	END	fatigue=0	END	fatigue=1		RANDOM;NARRATIVE	NONE	6
RND_0256	SOCIAL	COMMON	ANY	Myrthos	Sem nome definido	5	2	9	Uma pessoa à beira da estrada	A poucos passos da estrada, uma pessoa surge ofegante. Ela conta que alguém levou seu filho e aponta para a trilha ainda recente. A distância é pequena; o problema é que você não sabe o que encontrará no fim dela.	Investigar a situação.	PER>=5	END	xp=7	END	fatigue=1		Continuar seu caminho.	NONE	END	fatigue=0	END	fatigue=1		RANDOM;NARRATIVE	NONE	12
RND_0257	GUILD	COMMON	ANY	Valkyrion	Volmeria	6	85	10	Pedido inesperado	Volmeria segue sua rotina, mas pequenos detalhes chamam sua atenção. Um comerciante fala baixo, um viajante observa a estrada e uma oportunidade aparece onde você menos esperava. Em Altheria, até um dia comum pode deixar uma marca.	Investigar a situação.	PER>=5	END	xp=3	END	fatigue=1		Continuar seu caminho.	NONE	END	fatigue=0	END	fatigue=1		RANDOM;NARRATIVE	NONE	15
RND_0258	GUILD	COMMON	ANY	Eshmara	Brumas	7	107	14	Uma manhã que parecia comum	Brumas segue sua rotina, mas pequenos detalhes chamam sua atenção. Um comerciante fala baixo, um viajante observa a estrada e uma oportunidade aparece onde você menos esperava. Em Altheria, até um dia comum pode deixar uma marca.	Investigar a situação.	PER>=5	END	xp=4	END	fatigue=1		Continuar seu caminho.	NONE	END	fatigue=0	END	fatigue=1		RANDOM;NARRATIVE	NONE	17
RND_0259	GUILD	COMMON	ANY	Nyssara	Emerald Tide	2	115	4	Mercadoria esquecida	Emerald Tide segue sua rotina, mas pequenos detalhes chamam sua atenção. Um comerciante fala baixo, um viajante observa a estrada e uma oportunidade aparece onde você menos esperava. Em Altheria, até um dia comum pode deixar uma marca.	Investigar a situação.	PER>=5	END	xp=2	END	fatigue=1		Continuar seu caminho.	NONE	END	fatigue=0	END	fatigue=1		RANDOM;NARRATIVE	NONE	11
RND_0260	CITY	COMMON	ANY	Myrthos	Sem nome definido	2	142	14	Uma porta entreaberta	Sem nome definido segue sua rotina, mas pequenos detalhes chamam sua atenção. Um comerciante fala baixo, um viajante observa a estrada e uma oportunidade aparece onde você menos esperava. Em Altheria, até um dia comum pode deixar uma marca.	Investigar a situação.	PER>=5	END	xp=3	END	fatigue=1		Continuar seu caminho.	NONE	END	fatigue=0	END	fatigue=1		RANDOM;NARRATIVE	NONE	13
RND_0261	ROAD	COMMON	ANY	Orinthal	Crystalia	3	149	7	Rumor de taverna	Crystalia segue sua rotina, mas pequenos detalhes chamam sua atenção. Um comerciante fala baixo, um viajante observa a estrada e uma oportunidade aparece onde você menos esperava. Em Altheria, até um dia comum pode deixar uma marca.	Investigar a situação.	PER>=5	END	xp=4	END	fatigue=1		Continuar seu caminho.	NONE	END	fatigue=0	END	fatigue=1		RANDOM;NARRATIVE	NONE	7
RND_0262	OPPORTUNITY	COMMON	ANY	Valkyrion	Volmeria	6	30	5	Mercadoria esquecida	Volmeria segue sua rotina, mas pequenos detalhes chamam sua atenção. Um comerciante fala baixo, um viajante observa a estrada e uma oportunidade aparece onde você menos esperava. Em Altheria, até um dia comum pode deixar uma marca.	Investigar a situação.	PER>=5	END	xp=8	END	fatigue=1		Continuar seu caminho.	NONE	END	fatigue=0	END	fatigue=1		RANDOM;NARRATIVE	NONE	11
RND_0263	ROAD	COMMON	ANY	Aeloria	Cindralith	5	34	13	Sinais na fronteira	Cindralith segue sua rotina, mas pequenos detalhes chamam sua atenção. Um comerciante fala baixo, um viajante observa a estrada e uma oportunidade aparece onde você menos esperava. Em Altheria, até um dia comum pode deixar uma marca.	Investigar a situação.	PER>=5	END	xp=8	END	fatigue=1		Continuar seu caminho.	NONE	END	fatigue=0	END	fatigue=1		RANDOM;NARRATIVE	NONE	16
RND_0264	ROAD	COMMON	ANY	Kethruun	Sandbones	8	135	8	Uma manhã que parecia comum	Sandbones segue sua rotina, mas pequenos detalhes chamam sua atenção. Um comerciante fala baixo, um viajante observa a estrada e uma oportunidade aparece onde você menos esperava. Em Altheria, até um dia comum pode deixar uma marca.	Investigar a situação.	PER>=5	END	xp=6	END	fatigue=1		Continuar seu caminho.	NONE	END	fatigue=0	END	fatigue=1		RANDOM;NARRATIVE	NONE	16
RND_0265	MONSTER	COMMON	ANY	Eshmara	Brumas	1	77	7	Rastros na estrada — Colossus	As marcas no barro contam uma história antes mesmo de você ver a criatura. Galhos quebrados, um cheiro estranho e o silêncio repentino dos pássaros sugerem que um colossus está próximo. Você pode investigar ou seguir adiante.	Investigar a situação.	PER>=5	END	xp=5	END	fatigue=1	AEL_MON_0001	Continuar seu caminho.	NONE	END	fatigue=0	END	fatigue=1		RANDOM;NARRATIVE	NONE	6
RND_0266	MONSTER	COMMON	ANY	Zarim	Fornalia	2	36	2	Rastros na estrada — Vampire	As marcas no barro contam uma história antes mesmo de você ver a criatura. Galhos quebrados, um cheiro estranho e o silêncio repentino dos pássaros sugerem que um vampire está próximo. Você pode investigar ou seguir adiante.	Investigar a situação.	PER>=5	END	xp=7	END	fatigue=1	AEL_MON_0001	Continuar seu caminho.	NONE	END	fatigue=0	END	fatigue=1		RANDOM;NARRATIVE	NONE	3
RND_0267	ACADEMIC	COMMON	ANY	Tharun	Stone-Âmbar	2	139	5	Entre aulas e rivalidades	O corredor da Academia de Valdora está cheio. Um colega pede ajuda, outro provoca você e um professor observa de longe, aparentemente interessado em descobrir quem consegue resolver o problema sem transformar tudo em uma briga.	Investigar a situação.	PER>=5	END	xp=7	END	fatigue=1		Continuar seu caminho.	NONE	END	fatigue=0	END	fatigue=1		RANDOM;NARRATIVE	NONE	18
RND_0268	ACADEMIC	COMMON	ANY	Valkyrion	Volmeria	3	103	10	Entre aulas e rivalidades	O corredor da Academia de Valdora está cheio. Um colega pede ajuda, outro provoca você e um professor observa de longe, aparentemente interessado em descobrir quem consegue resolver o problema sem transformar tudo em uma briga.	Investigar a situação.	PER>=5	END	xp=5	END	fatigue=1		Continuar seu caminho.	NONE	END	fatigue=0	END	fatigue=1		RANDOM;NARRATIVE	NONE	3
RND_0269	MONSTER	COMMON	ANY	Tharun	Stone-Âmbar	8	99	5	Rastros na estrada — Manticores	As marcas no barro contam uma história antes mesmo de você ver a criatura. Galhos quebrados, um cheiro estranho e o silêncio repentino dos pássaros sugerem que um manticores está próximo. Você pode investigar ou seguir adiante.	Investigar a situação.	PER>=5	END	xp=8	END	fatigue=1	AEL_MON_0001	Continuar seu caminho.	NONE	END	fatigue=0	END	fatigue=1		RANDOM;NARRATIVE	NONE	14
RND_0270	ACADEMIC	COMMON	ANY	Lyrien	Aerocivitus	7	144	10	Entre aulas e rivalidades	O corredor da Academia de Valdora está cheio. Um colega pede ajuda, outro provoca você e um professor observa de longe, aparentemente interessado em descobrir quem consegue resolver o problema sem transformar tudo em uma briga.	Investigar a situação.	PER>=5	END	xp=1	END	fatigue=1		Continuar seu caminho.	NONE	END	fatigue=0	END	fatigue=1		RANDOM;NARRATIVE	NONE	11
RND_0271	ROAD	COMMON	ANY	Orinthal	Crystalia	4	134	11	Pedido inesperado	Crystalia segue sua rotina, mas pequenos detalhes chamam sua atenção. Um comerciante fala baixo, um viajante observa a estrada e uma oportunidade aparece onde você menos esperava. Em Altheria, até um dia comum pode deixar uma marca.	Investigar a situação.	PER>=5	END	xp=4	END	fatigue=1		Continuar seu caminho.	NONE	END	fatigue=0	END	fatigue=1		RANDOM;NARRATIVE	NONE	10
RND_0272	ROAD	COMMON	ANY	Zarim	Fornalia	7	67	11	Pedido inesperado	Fornalia segue sua rotina, mas pequenos detalhes chamam sua atenção. Um comerciante fala baixo, um viajante observa a estrada e uma oportunidade aparece onde você menos esperava. Em Altheria, até um dia comum pode deixar uma marca.	Investigar a situação.	PER>=5	END	xp=4	END	fatigue=1		Continuar seu caminho.	NONE	END	fatigue=0	END	fatigue=1		RANDOM;NARRATIVE	NONE	16
RND_0273	ACADEMIC	COMMON	ANY	Nyssara	Emerald Tide	2	34	10	Entre aulas e rivalidades	O corredor da Academia de Valdora está cheio. Um colega pede ajuda, outro provoca você e um professor observa de longe, aparentemente interessado em descobrir quem consegue resolver o problema sem transformar tudo em uma briga.	Investigar a situação.	PER>=5	END	xp=2	END	fatigue=1		Continuar seu caminho.	NONE	END	fatigue=0	END	fatigue=1		RANDOM;NARRATIVE	NONE	13
RND_0274	ACADEMIC	COMMON	ANY	Valkyrion	Volmeria	7	112	8	Entre aulas e rivalidades	O corredor da Academia de Valdora está cheio. Um colega pede ajuda, outro provoca você e um professor observa de longe, aparentemente interessado em descobrir quem consegue resolver o problema sem transformar tudo em uma briga.	Investigar a situação.	PER>=5	END	xp=7	END	fatigue=1		Continuar seu caminho.	NONE	END	fatigue=0	END	fatigue=1		RANDOM;NARRATIVE	NONE	11
RND_0275	CITY	COMMON	ANY	Tharun	Stone-Âmbar	5	61	10	Sinais na fronteira	Stone-Âmbar segue sua rotina, mas pequenos detalhes chamam sua atenção. Um comerciante fala baixo, um viajante observa a estrada e uma oportunidade aparece onde você menos esperava. Em Altheria, até um dia comum pode deixar uma marca.	Investigar a situação.	PER>=5	END	xp=6	END	fatigue=1		Continuar seu caminho.	NONE	END	fatigue=0	END	fatigue=1		RANDOM;NARRATIVE	NONE	7
RND_0276	GUILD	COMMON	ANY	Tharun	Stone-Âmbar	4	104	4	Rumor de taverna	Stone-Âmbar segue sua rotina, mas pequenos detalhes chamam sua atenção. Um comerciante fala baixo, um viajante observa a estrada e uma oportunidade aparece onde você menos esperava. Em Altheria, até um dia comum pode deixar uma marca.	Investigar a situação.	PER>=5	END	xp=8	END	fatigue=1		Continuar seu caminho.	NONE	END	fatigue=0	END	fatigue=1		RANDOM;NARRATIVE	NONE	12
RND_0277	ROAD	COMMON	ANY	Nyssara	Emerald Tide	2	43	10	Pedido inesperado	Emerald Tide segue sua rotina, mas pequenos detalhes chamam sua atenção. Um comerciante fala baixo, um viajante observa a estrada e uma oportunidade aparece onde você menos esperava. Em Altheria, até um dia comum pode deixar uma marca.	Investigar a situação.	PER>=5	END	xp=4	END	fatigue=1		Continuar seu caminho.	NONE	END	fatigue=0	END	fatigue=1		RANDOM;NARRATIVE	NONE	10
RND_0278	ACADEMIC	COMMON	ANY	Orinthal	Crystalia	3	88	3	Entre aulas e rivalidades	O corredor da Academia de Valdora está cheio. Um colega pede ajuda, outro provoca você e um professor observa de longe, aparentemente interessado em descobrir quem consegue resolver o problema sem transformar tudo em uma briga.	Investigar a situação.	PER>=5	END	xp=4	END	fatigue=1		Continuar seu caminho.	NONE	END	fatigue=0	END	fatigue=1		RANDOM;NARRATIVE	NONE	15
RND_0279	CITY	COMMON	ANY	Nyssara	Emerald Tide	1	107	9	Pedido inesperado	Emerald Tide segue sua rotina, mas pequenos detalhes chamam sua atenção. Um comerciante fala baixo, um viajante observa a estrada e uma oportunidade aparece onde você menos esperava. Em Altheria, até um dia comum pode deixar uma marca.	Investigar a situação.	PER>=5	END	xp=3	END	fatigue=1		Continuar seu caminho.	NONE	END	fatigue=0	END	fatigue=1		RANDOM;NARRATIVE	NONE	11
RND_0280	ROAD	COMMON	ANY	Kethruun	Sandbones	2	115	2	Pedido inesperado	Sandbones segue sua rotina, mas pequenos detalhes chamam sua atenção. Um comerciante fala baixo, um viajante observa a estrada e uma oportunidade aparece onde você menos esperava. Em Altheria, até um dia comum pode deixar uma marca.	Investigar a situação.	PER>=5	END	xp=7	END	fatigue=1		Continuar seu caminho.	NONE	END	fatigue=0	END	fatigue=1		RANDOM;NARRATIVE	NONE	8
RND_0281	ROAD	COMMON	ANY	Nyssara	Emerald Tide	6	117	7	Rumor de taverna	Emerald Tide segue sua rotina, mas pequenos detalhes chamam sua atenção. Um comerciante fala baixo, um viajante observa a estrada e uma oportunidade aparece onde você menos esperava. Em Altheria, até um dia comum pode deixar uma marca.	Investigar a situação.	PER>=5	END	xp=3	END	fatigue=1		Continuar seu caminho.	NONE	END	fatigue=0	END	fatigue=1		RANDOM;NARRATIVE	NONE	13
RND_0282	OPPORTUNITY	COMMON	ANY	Aeloria	Wyrmhaven	8	48	13	Uma porta entreaberta	Wyrmhaven segue sua rotina, mas pequenos detalhes chamam sua atenção. Um comerciante fala baixo, um viajante observa a estrada e uma oportunidade aparece onde você menos esperava. Em Altheria, até um dia comum pode deixar uma marca.	Investigar a situação.	PER>=5	END	xp=7	END	fatigue=1		Continuar seu caminho.	NONE	END	fatigue=0	END	fatigue=1		RANDOM;NARRATIVE	NONE	7
RND_0283	ROAD	COMMON	ANY	Kethruun	Sandbones	8	70	6	Uma manhã que parecia comum	Sandbones segue sua rotina, mas pequenos detalhes chamam sua atenção. Um comerciante fala baixo, um viajante observa a estrada e uma oportunidade aparece onde você menos esperava. Em Altheria, até um dia comum pode deixar uma marca.	Investigar a situação.	PER>=5	END	xp=3	END	fatigue=1		Continuar seu caminho.	NONE	END	fatigue=0	END	fatigue=1		RANDOM;NARRATIVE	NONE	7
RND_0284	GUILD	COMMON	ANY	Orinthal	Crystalia	6	63	5	Uma manhã que parecia comum	Crystalia segue sua rotina, mas pequenos detalhes chamam sua atenção. Um comerciante fala baixo, um viajante observa a estrada e uma oportunidade aparece onde você menos esperava. Em Altheria, até um dia comum pode deixar uma marca.	Investigar a situação.	PER>=5	END	xp=4	END	fatigue=1		Continuar seu caminho.	NONE	END	fatigue=0	END	fatigue=1		RANDOM;NARRATIVE	NONE	9
RND_0285	CITY	COMMON	ANY	Orinthal	Crystalia	8	138	6	Mercadoria esquecida	Crystalia segue sua rotina, mas pequenos detalhes chamam sua atenção. Um comerciante fala baixo, um viajante observa a estrada e uma oportunidade aparece onde você menos esperava. Em Altheria, até um dia comum pode deixar uma marca.	Investigar a situação.	PER>=5	END	xp=1	END	fatigue=1		Continuar seu caminho.	NONE	END	fatigue=0	END	fatigue=1		RANDOM;NARRATIVE	NONE	9
RND_0286	CITY	COMMON	ANY	Valkyrion	Volmeria	4	102	7	Mercadoria esquecida	Volmeria segue sua rotina, mas pequenos detalhes chamam sua atenção. Um comerciante fala baixo, um viajante observa a estrada e uma oportunidade aparece onde você menos esperava. Em Altheria, até um dia comum pode deixar uma marca.	Investigar a situação.	PER>=5	END	xp=7	END	fatigue=1		Continuar seu caminho.	NONE	END	fatigue=0	END	fatigue=1		RANDOM;NARRATIVE	NONE	4
RND_0287	SOCIAL	COMMON	ANY	Zarim	Fornalia	5	54	6	Uma pessoa à beira da estrada	A poucos passos da estrada, uma pessoa surge ofegante. Ela conta que alguém levou seu filho e aponta para a trilha ainda recente. A distância é pequena; o problema é que você não sabe o que encontrará no fim dela.	Investigar a situação.	PER>=5	END	xp=4	END	fatigue=1		Continuar seu caminho.	NONE	END	fatigue=0	END	fatigue=1		RANDOM;NARRATIVE	NONE	4
RND_0288	GUILD	COMMON	ANY	Aeloria	Irondral	3	112	8	Mercadoria esquecida	Irondral segue sua rotina, mas pequenos detalhes chamam sua atenção. Um comerciante fala baixo, um viajante observa a estrada e uma oportunidade aparece onde você menos esperava. Em Altheria, até um dia comum pode deixar uma marca.	Investigar a situação.	PER>=5	END	xp=6	END	fatigue=1		Continuar seu caminho.	NONE	END	fatigue=0	END	fatigue=1		RANDOM;NARRATIVE	NONE	13
RND_0289	MONSTER	COMMON	ANY	Myrthos	Sem nome definido	5	46	4	Rastros na estrada — Djinn	As marcas no barro contam uma história antes mesmo de você ver a criatura. Galhos quebrados, um cheiro estranho e o silêncio repentino dos pássaros sugerem que um djinn está próximo. Você pode investigar ou seguir adiante.	Investigar a situação.	PER>=5	END	xp=3	END	fatigue=1	AEL_MON_0001	Continuar seu caminho.	NONE	END	fatigue=0	END	fatigue=1		RANDOM;NARRATIVE	NONE	12
RND_0290	GUILD	COMMON	ANY	Myrthos	Sem nome definido	2	80	7	Uma porta entreaberta	Sem nome definido segue sua rotina, mas pequenos detalhes chamam sua atenção. Um comerciante fala baixo, um viajante observa a estrada e uma oportunidade aparece onde você menos esperava. Em Altheria, até um dia comum pode deixar uma marca.	Investigar a situação.	PER>=5	END	xp=6	END	fatigue=1		Continuar seu caminho.	NONE	END	fatigue=0	END	fatigue=1		RANDOM;NARRATIVE	NONE	19
RND_0291	MONSTER	COMMON	ANY	Tharun	Stone-Âmbar	2	40	5	Rastros na estrada — Lynx	As marcas no barro contam uma história antes mesmo de você ver a criatura. Galhos quebrados, um cheiro estranho e o silêncio repentino dos pássaros sugerem que um lynx está próximo. Você pode investigar ou seguir adiante.	Investigar a situação.	PER>=5	END	xp=7	END	fatigue=1	AEL_MON_0001	Continuar seu caminho.	NONE	END	fatigue=0	END	fatigue=1		RANDOM;NARRATIVE	NONE	12
RND_0292	ROAD	COMMON	ANY	Nyssara	Emerald Tide	3	116	14	Rumor de taverna	Emerald Tide segue sua rotina, mas pequenos detalhes chamam sua atenção. Um comerciante fala baixo, um viajante observa a estrada e uma oportunidade aparece onde você menos esperava. Em Altheria, até um dia comum pode deixar uma marca.	Investigar a situação.	PER>=5	END	xp=7	END	fatigue=1		Continuar seu caminho.	NONE	END	fatigue=0	END	fatigue=1		RANDOM;NARRATIVE	NONE	14
RND_0293	SOCIAL	COMMON	ANY	Eshmara	Brumas	7	31	4	Uma pessoa à beira da estrada	A poucos passos da estrada, uma pessoa surge ofegante. Ela conta que alguém levou seu filho e aponta para a trilha ainda recente. A distância é pequena; o problema é que você não sabe o que encontrará no fim dela.	Investigar a situação.	PER>=5	END	xp=5	END	fatigue=1		Continuar seu caminho.	NONE	END	fatigue=0	END	fatigue=1		RANDOM;NARRATIVE	NONE	6
RND_0294	GUILD	COMMON	ANY	Aeloria	Myrendale	5	58	8	Pedido inesperado	Myrendale segue sua rotina, mas pequenos detalhes chamam sua atenção. Um comerciante fala baixo, um viajante observa a estrada e uma oportunidade aparece onde você menos esperava. Em Altheria, até um dia comum pode deixar uma marca.	Investigar a situação.	PER>=5	END	xp=1	END	fatigue=1		Continuar seu caminho.	NONE	END	fatigue=0	END	fatigue=1		RANDOM;NARRATIVE	NONE	5
RND_0295	SOCIAL	COMMON	ANY	Tharun	Stone-Âmbar	2	135	14	Uma pessoa à beira da estrada	A poucos passos da estrada, uma pessoa surge ofegante. Ela conta que alguém levou seu filho e aponta para a trilha ainda recente. A distância é pequena; o problema é que você não sabe o que encontrará no fim dela.	Investigar a situação.	PER>=5	END	xp=6	END	fatigue=1		Continuar seu caminho.	NONE	END	fatigue=0	END	fatigue=1		RANDOM;NARRATIVE	NONE	17
RND_0296	ACADEMIC	COMMON	ANY	Valkyrion	Volmeria	7	24	8	Entre aulas e rivalidades	O corredor da Academia de Valdora está cheio. Um colega pede ajuda, outro provoca você e um professor observa de longe, aparentemente interessado em descobrir quem consegue resolver o problema sem transformar tudo em uma briga.	Investigar a situação.	PER>=5	END	xp=6	END	fatigue=1		Continuar seu caminho.	NONE	END	fatigue=0	END	fatigue=1		RANDOM;NARRATIVE	NONE	9
RND_0297	OPPORTUNITY	COMMON	ANY	Nyssara	Emerald Tide	4	45	14	Rumor de taverna	Emerald Tide segue sua rotina, mas pequenos detalhes chamam sua atenção. Um comerciante fala baixo, um viajante observa a estrada e uma oportunidade aparece onde você menos esperava. Em Altheria, até um dia comum pode deixar uma marca.	Investigar a situação.	PER>=5	END	xp=5	END	fatigue=1		Continuar seu caminho.	NONE	END	fatigue=0	END	fatigue=1		RANDOM;NARRATIVE	NONE	16
RND_0298	OPPORTUNITY	COMMON	ANY	Orinthal	Crystalia	4	59	3	Mercadoria esquecida	Crystalia segue sua rotina, mas pequenos detalhes chamam sua atenção. Um comerciante fala baixo, um viajante observa a estrada e uma oportunidade aparece onde você menos esperava. Em Altheria, até um dia comum pode deixar uma marca.	Investigar a situação.	PER>=5	END	xp=5	END	fatigue=1		Continuar seu caminho.	NONE	END	fatigue=0	END	fatigue=1		RANDOM;NARRATIVE	NONE	8
RND_0299	CITY	COMMON	ANY	Nyssara	Emerald Tide	1	68	3	Uma manhã que parecia comum	Emerald Tide segue sua rotina, mas pequenos detalhes chamam sua atenção. Um comerciante fala baixo, um viajante observa a estrada e uma oportunidade aparece onde você menos esperava. Em Altheria, até um dia comum pode deixar uma marca.	Investigar a situação.	PER>=5	END	xp=3	END	fatigue=1		Continuar seu caminho.	NONE	END	fatigue=0	END	fatigue=1		RANDOM;NARRATIVE	NONE	13
RND_0300	CITY	COMMON	ANY	Aeloria	Hallowspire	8	114	8	Mercadoria esquecida	Hallowspire segue sua rotina, mas pequenos detalhes chamam sua atenção. Um comerciante fala baixo, um viajante observa a estrada e uma oportunidade aparece onde você menos esperava. Em Altheria, até um dia comum pode deixar uma marca.	Investigar a situação.	PER>=5	END	xp=7	END	fatigue=1		Continuar seu caminho.	NONE	END	fatigue=0	END	fatigue=1		RANDOM;NARRATIVE	NONE	19
RND_0301	ACADEMIC	COMMON	ANY	Valkyrion	Volmeria	4	71	9	Entre aulas e rivalidades	O corredor da Academia de Valdora está cheio. Um colega pede ajuda, outro provoca você e um professor observa de longe, aparentemente interessado em descobrir quem consegue resolver o problema sem transformar tudo em uma briga.	Investigar a situação.	PER>=5	END	xp=2	END	fatigue=1		Continuar seu caminho.	NONE	END	fatigue=0	END	fatigue=1		RANDOM;NARRATIVE	NONE	6
RND_0302	MONSTER	COMMON	ANY	Nyssara	Emerald Tide	2	47	3	Rastros na estrada — Griffin	As marcas no barro contam uma história antes mesmo de você ver a criatura. Galhos quebrados, um cheiro estranho e o silêncio repentino dos pássaros sugerem que um griffin está próximo. Você pode investigar ou seguir adiante.	Investigar a situação.	PER>=5	END	xp=6	END	fatigue=1	AEL_MON_0001	Continuar seu caminho.	NONE	END	fatigue=0	END	fatigue=1		RANDOM;NARRATIVE	NONE	17
RND_0303	GUILD	COMMON	ANY	Myrthos	Sem nome definido	2	33	5	Uma porta entreaberta	Sem nome definido segue sua rotina, mas pequenos detalhes chamam sua atenção. Um comerciante fala baixo, um viajante observa a estrada e uma oportunidade aparece onde você menos esperava. Em Altheria, até um dia comum pode deixar uma marca.	Investigar a situação.	PER>=5	END	xp=4	END	fatigue=1		Continuar seu caminho.	NONE	END	fatigue=0	END	fatigue=1		RANDOM;NARRATIVE	NONE	4
RND_0304	OPPORTUNITY	COMMON	ANY	Eshmara	Brumas	5	78	2	Sinais na fronteira	Brumas segue sua rotina, mas pequenos detalhes chamam sua atenção. Um comerciante fala baixo, um viajante observa a estrada e uma oportunidade aparece onde você menos esperava. Em Altheria, até um dia comum pode deixar uma marca.	Investigar a situação.	PER>=5	END	xp=7	END	fatigue=1		Continuar seu caminho.	NONE	END	fatigue=0	END	fatigue=1		RANDOM;NARRATIVE	NONE	4
RND_0305	ACADEMIC	COMMON	ANY	Myrthos	Sem nome definido	1	142	6	Entre aulas e rivalidades	O corredor da Academia de Valdora está cheio. Um colega pede ajuda, outro provoca você e um professor observa de longe, aparentemente interessado em descobrir quem consegue resolver o problema sem transformar tudo em uma briga.	Investigar a situação.	PER>=5	END	xp=3	END	fatigue=1		Continuar seu caminho.	NONE	END	fatigue=0	END	fatigue=1		RANDOM;NARRATIVE	NONE	15
RND_0306	SOCIAL	COMMON	ANY	Lyrien	Aerocivitus	4	15	5	Uma pessoa à beira da estrada	A poucos passos da estrada, uma pessoa surge ofegante. Ela conta que alguém levou seu filho e aponta para a trilha ainda recente. A distância é pequena; o problema é que você não sabe o que encontrará no fim dela.	Investigar a situação.	PER>=5	END	xp=6	END	fatigue=1		Continuar seu caminho.	NONE	END	fatigue=0	END	fatigue=1		RANDOM;NARRATIVE	NONE	7
RND_0307	MONSTER	COMMON	ANY	Valkyrion	Volmeria	1	23	2	Rastros na estrada — Harpy	As marcas no barro contam uma história antes mesmo de você ver a criatura. Galhos quebrados, um cheiro estranho e o silêncio repentino dos pássaros sugerem que um harpy está próximo. Você pode investigar ou seguir adiante.	Investigar a situação.	PER>=5	END	xp=8	END	fatigue=1	AEL_MON_0001	Continuar seu caminho.	NONE	END	fatigue=0	END	fatigue=1		RANDOM;NARRATIVE	NONE	13
RND_0308	MONSTER	COMMON	ANY	Eshmara	Brumas	6	52	2	Rastros na estrada — Djinn	As marcas no barro contam uma história antes mesmo de você ver a criatura. Galhos quebrados, um cheiro estranho e o silêncio repentino dos pássaros sugerem que um djinn está próximo. Você pode investigar ou seguir adiante.	Investigar a situação.	PER>=5	END	xp=1	END	fatigue=1	AEL_MON_0001	Continuar seu caminho.	NONE	END	fatigue=0	END	fatigue=1		RANDOM;NARRATIVE	NONE	16
RND_0309	OPPORTUNITY	COMMON	ANY	Valkyrion	Volmeria	4	17	13	Mercadoria esquecida	Volmeria segue sua rotina, mas pequenos detalhes chamam sua atenção. Um comerciante fala baixo, um viajante observa a estrada e uma oportunidade aparece onde você menos esperava. Em Altheria, até um dia comum pode deixar uma marca.	Investigar a situação.	PER>=5	END	xp=1	END	fatigue=1		Continuar seu caminho.	NONE	END	fatigue=0	END	fatigue=1		RANDOM;NARRATIVE	NONE	8
RND_0310	ACADEMIC	COMMON	ANY	Orinthal	Crystalia	2	116	13	Entre aulas e rivalidades	O corredor da Academia de Valdora está cheio. Um colega pede ajuda, outro provoca você e um professor observa de longe, aparentemente interessado em descobrir quem consegue resolver o problema sem transformar tudo em uma briga.	Investigar a situação.	PER>=5	END	xp=1	END	fatigue=1		Continuar seu caminho.	NONE	END	fatigue=0	END	fatigue=1		RANDOM;NARRATIVE	NONE	4
RND_0311	OPPORTUNITY	COMMON	ANY	Aeloria	Veyndaril	1	93	3	Mercadoria esquecida	Veyndaril segue sua rotina, mas pequenos detalhes chamam sua atenção. Um comerciante fala baixo, um viajante observa a estrada e uma oportunidade aparece onde você menos esperava. Em Altheria, até um dia comum pode deixar uma marca.	Investigar a situação.	PER>=5	END	xp=3	END	fatigue=1		Continuar seu caminho.	NONE	END	fatigue=0	END	fatigue=1		RANDOM;NARRATIVE	NONE	9
RND_0312	ACADEMIC	COMMON	ANY	Tharun	Stone-Âmbar	8	109	11	Entre aulas e rivalidades	O corredor da Academia de Valdora está cheio. Um colega pede ajuda, outro provoca você e um professor observa de longe, aparentemente interessado em descobrir quem consegue resolver o problema sem transformar tudo em uma briga.	Investigar a situação.	PER>=5	END	xp=4	END	fatigue=1		Continuar seu caminho.	NONE	END	fatigue=0	END	fatigue=1		RANDOM;NARRATIVE	NONE	5
RND_0313	CITY	COMMON	ANY	Aeloria	Drakensport	4	75	4	Uma porta entreaberta	Drakensport segue sua rotina, mas pequenos detalhes chamam sua atenção. Um comerciante fala baixo, um viajante observa a estrada e uma oportunidade aparece onde você menos esperava. Em Altheria, até um dia comum pode deixar uma marca.	Investigar a situação.	PER>=5	END	xp=1	END	fatigue=1		Continuar seu caminho.	NONE	END	fatigue=0	END	fatigue=1		RANDOM;NARRATIVE	NONE	11
RND_0314	ROAD	COMMON	ANY	Valkyrion	Volmeria	7	46	2	Uma porta entreaberta	Volmeria segue sua rotina, mas pequenos detalhes chamam sua atenção. Um comerciante fala baixo, um viajante observa a estrada e uma oportunidade aparece onde você menos esperava. Em Altheria, até um dia comum pode deixar uma marca.	Investigar a situação.	PER>=5	END	xp=7	END	fatigue=1		Continuar seu caminho.	NONE	END	fatigue=0	END	fatigue=1		RANDOM;NARRATIVE	NONE	8
RND_0315	GUILD	COMMON	ANY	Valkyrion	Volmeria	8	137	8	Uma manhã que parecia comum	Volmeria segue sua rotina, mas pequenos detalhes chamam sua atenção. Um comerciante fala baixo, um viajante observa a estrada e uma oportunidade aparece onde você menos esperava. Em Altheria, até um dia comum pode deixar uma marca.	Investigar a situação.	PER>=5	END	xp=7	END	fatigue=1		Continuar seu caminho.	NONE	END	fatigue=0	END	fatigue=1		RANDOM;NARRATIVE	NONE	6
RND_0316	ROAD	COMMON	ANY	Kethruun	Sandbones	5	86	7	Rumor de taverna	Sandbones segue sua rotina, mas pequenos detalhes chamam sua atenção. Um comerciante fala baixo, um viajante observa a estrada e uma oportunidade aparece onde você menos esperava. Em Altheria, até um dia comum pode deixar uma marca.	Investigar a situação.	PER>=5	END	xp=8	END	fatigue=1		Continuar seu caminho.	NONE	END	fatigue=0	END	fatigue=1		RANDOM;NARRATIVE	NONE	12
RND_0317	SOCIAL	COMMON	ANY	Nyssara	Emerald Tide	6	129	3	Uma pessoa à beira da estrada	A poucos passos da estrada, uma pessoa surge ofegante. Ela conta que alguém levou seu filho e aponta para a trilha ainda recente. A distância é pequena; o problema é que você não sabe o que encontrará no fim dela.	Investigar a situação.	PER>=5	END	xp=1	END	fatigue=1		Continuar seu caminho.	NONE	END	fatigue=0	END	fatigue=1		RANDOM;NARRATIVE	NONE	13
RND_0318	SOCIAL	COMMON	ANY	Eshmara	Brumas	1	18	8	Uma pessoa à beira da estrada	A poucos passos da estrada, uma pessoa surge ofegante. Ela conta que alguém levou seu filho e aponta para a trilha ainda recente. A distância é pequena; o problema é que você não sabe o que encontrará no fim dela.	Investigar a situação.	PER>=5	END	xp=1	END	fatigue=1		Continuar seu caminho.	NONE	END	fatigue=0	END	fatigue=1		RANDOM;NARRATIVE	NONE	17
RND_0319	MONSTER	COMMON	ANY	Aeloria	Caelwyn	5	15	10	Rastros na estrada — Golem	As marcas no barro contam uma história antes mesmo de você ver a criatura. Galhos quebrados, um cheiro estranho e o silêncio repentino dos pássaros sugerem que um golem está próximo. Você pode investigar ou seguir adiante.	Investigar a situação.	PER>=5	END	xp=8	END	fatigue=1	AEL_MON_0001	Continuar seu caminho.	NONE	END	fatigue=0	END	fatigue=1		RANDOM;NARRATIVE	NONE	3
RND_0320	MONSTER	COMMON	ANY	Eshmara	Brumas	4	73	13	Rastros na estrada — Crow	As marcas no barro contam uma história antes mesmo de você ver a criatura. Galhos quebrados, um cheiro estranho e o silêncio repentino dos pássaros sugerem que um crow está próximo. Você pode investigar ou seguir adiante.	Investigar a situação.	PER>=5	END	xp=1	END	fatigue=1	AEL_MON_0001	Continuar seu caminho.	NONE	END	fatigue=0	END	fatigue=1		RANDOM;NARRATIVE	NONE	17
RND_0321	OPPORTUNITY	COMMON	ANY	Nyssara	Emerald Tide	3	140	9	Sinais na fronteira	Emerald Tide segue sua rotina, mas pequenos detalhes chamam sua atenção. Um comerciante fala baixo, um viajante observa a estrada e uma oportunidade aparece onde você menos esperava. Em Altheria, até um dia comum pode deixar uma marca.	Investigar a situação.	PER>=5	END	xp=4	END	fatigue=1		Continuar seu caminho.	NONE	END	fatigue=0	END	fatigue=1		RANDOM;NARRATIVE	NONE	9
RND_0322	CITY	COMMON	ANY	Zarim	Fornalia	1	6	7	Mercadoria esquecida	Fornalia segue sua rotina, mas pequenos detalhes chamam sua atenção. Um comerciante fala baixo, um viajante observa a estrada e uma oportunidade aparece onde você menos esperava. Em Altheria, até um dia comum pode deixar uma marca.	Investigar a situação.	PER>=5	END	xp=8	END	fatigue=1		Continuar seu caminho.	NONE	END	fatigue=0	END	fatigue=1		RANDOM;NARRATIVE	NONE	13
RND_0323	CITY	COMMON	ANY	Eshmara	Brumas	2	111	13	Rumor de taverna	Brumas segue sua rotina, mas pequenos detalhes chamam sua atenção. Um comerciante fala baixo, um viajante observa a estrada e uma oportunidade aparece onde você menos esperava. Em Altheria, até um dia comum pode deixar uma marca.	Investigar a situação.	PER>=5	END	xp=8	END	fatigue=1		Continuar seu caminho.	NONE	END	fatigue=0	END	fatigue=1		RANDOM;NARRATIVE	NONE	10
RND_0324	SOCIAL	COMMON	ANY	Eshmara	Brumas	7	89	5	Uma pessoa à beira da estrada	A poucos passos da estrada, uma pessoa surge ofegante. Ela conta que alguém levou seu filho e aponta para a trilha ainda recente. A distância é pequena; o problema é que você não sabe o que encontrará no fim dela.	Investigar a situação.	PER>=5	END	xp=6	END	fatigue=1		Continuar seu caminho.	NONE	END	fatigue=0	END	fatigue=1		RANDOM;NARRATIVE	NONE	4
RND_0325	CITY	COMMON	ANY	Eshmara	Brumas	4	80	5	Uma porta entreaberta	Brumas segue sua rotina, mas pequenos detalhes chamam sua atenção. Um comerciante fala baixo, um viajante observa a estrada e uma oportunidade aparece onde você menos esperava. Em Altheria, até um dia comum pode deixar uma marca.	Investigar a situação.	PER>=5	END	xp=8	END	fatigue=1		Continuar seu caminho.	NONE	END	fatigue=0	END	fatigue=1		RANDOM;NARRATIVE	NONE	12
RND_0326	ACADEMIC	COMMON	ANY	Eshmara	Brumas	1	116	11	Entre aulas e rivalidades	O corredor da Academia de Valdora está cheio. Um colega pede ajuda, outro provoca você e um professor observa de longe, aparentemente interessado em descobrir quem consegue resolver o problema sem transformar tudo em uma briga.	Investigar a situação.	PER>=5	END	xp=7	END	fatigue=1		Continuar seu caminho.	NONE	END	fatigue=0	END	fatigue=1		RANDOM;NARRATIVE	NONE	9
RND_0327	MONSTER	COMMON	ANY	Aeloria	Brighthollow	1	51	5	Rastros na estrada — Roc	As marcas no barro contam uma história antes mesmo de você ver a criatura. Galhos quebrados, um cheiro estranho e o silêncio repentino dos pássaros sugerem que um roc está próximo. Você pode investigar ou seguir adiante.	Investigar a situação.	PER>=5	END	xp=1	END	fatigue=1	AEL_MON_0001	Continuar seu caminho.	NONE	END	fatigue=0	END	fatigue=1		RANDOM;NARRATIVE	NONE	14
RND_0328	CITY	COMMON	ANY	Myrthos	Sem nome definido	5	7	14	Pedido inesperado	Sem nome definido segue sua rotina, mas pequenos detalhes chamam sua atenção. Um comerciante fala baixo, um viajante observa a estrada e uma oportunidade aparece onde você menos esperava. Em Altheria, até um dia comum pode deixar uma marca.	Investigar a situação.	PER>=5	END	xp=6	END	fatigue=1		Continuar seu caminho.	NONE	END	fatigue=0	END	fatigue=1		RANDOM;NARRATIVE	NONE	18
RND_0329	ACADEMIC	COMMON	ANY	Orinthal	Crystalia	1	41	14	Entre aulas e rivalidades	O corredor da Academia de Valdora está cheio. Um colega pede ajuda, outro provoca você e um professor observa de longe, aparentemente interessado em descobrir quem consegue resolver o problema sem transformar tudo em uma briga.	Investigar a situação.	PER>=5	END	xp=7	END	fatigue=1		Continuar seu caminho.	NONE	END	fatigue=0	END	fatigue=1		RANDOM;NARRATIVE	NONE	10
RND_0330	GUILD	COMMON	ANY	Kethruun	Sandbones	6	119	9	Mercadoria esquecida	Sandbones segue sua rotina, mas pequenos detalhes chamam sua atenção. Um comerciante fala baixo, um viajante observa a estrada e uma oportunidade aparece onde você menos esperava. Em Altheria, até um dia comum pode deixar uma marca.	Investigar a situação.	PER>=5	END	xp=5	END	fatigue=1		Continuar seu caminho.	NONE	END	fatigue=0	END	fatigue=1		RANDOM;NARRATIVE	NONE	4
RND_0331	SOCIAL	COMMON	ANY	Eshmara	Brumas	2	8	4	Uma pessoa à beira da estrada	A poucos passos da estrada, uma pessoa surge ofegante. Ela conta que alguém levou seu filho e aponta para a trilha ainda recente. A distância é pequena; o problema é que você não sabe o que encontrará no fim dela.	Investigar a situação.	PER>=5	END	xp=6	END	fatigue=1		Continuar seu caminho.	NONE	END	fatigue=0	END	fatigue=1		RANDOM;NARRATIVE	NONE	15
RND_0332	SOCIAL	COMMON	ANY	Valkyrion	Volmeria	1	1	7	Uma pessoa à beira da estrada	A poucos passos da estrada, uma pessoa surge ofegante. Ela conta que alguém levou seu filho e aponta para a trilha ainda recente. A distância é pequena; o problema é que você não sabe o que encontrará no fim dela.	Investigar a situação.	PER>=5	END	xp=6	END	fatigue=1		Continuar seu caminho.	NONE	END	fatigue=0	END	fatigue=1		RANDOM;NARRATIVE	NONE	18
RND_0333	GUILD	COMMON	ANY	Tharun	Stone-Âmbar	6	72	6	Pedido inesperado	Stone-Âmbar segue sua rotina, mas pequenos detalhes chamam sua atenção. Um comerciante fala baixo, um viajante observa a estrada e uma oportunidade aparece onde você menos esperava. Em Altheria, até um dia comum pode deixar uma marca.	Investigar a situação.	PER>=5	END	xp=3	END	fatigue=1		Continuar seu caminho.	NONE	END	fatigue=0	END	fatigue=1		RANDOM;NARRATIVE	NONE	17
RND_0334	OPPORTUNITY	COMMON	ANY	Valkyrion	Volmeria	7	117	6	Sinais na fronteira	Volmeria segue sua rotina, mas pequenos detalhes chamam sua atenção. Um comerciante fala baixo, um viajante observa a estrada e uma oportunidade aparece onde você menos esperava. Em Altheria, até um dia comum pode deixar uma marca.	Investigar a situação.	PER>=5	END	xp=4	END	fatigue=1		Continuar seu caminho.	NONE	END	fatigue=0	END	fatigue=1		RANDOM;NARRATIVE	NONE	5
RND_0335	ACADEMIC	COMMON	ANY	Kethruun	Sandbones	6	42	6	Entre aulas e rivalidades	O corredor da Academia de Valdora está cheio. Um colega pede ajuda, outro provoca você e um professor observa de longe, aparentemente interessado em descobrir quem consegue resolver o problema sem transformar tudo em uma briga.	Investigar a situação.	PER>=5	END	xp=3	END	fatigue=1		Continuar seu caminho.	NONE	END	fatigue=0	END	fatigue=1		RANDOM;NARRATIVE	NONE	4
RND_0336	MONSTER	COMMON	ANY	Aeloria	Yndralor	7	127	13	Rastros na estrada — Lynx	As marcas no barro contam uma história antes mesmo de você ver a criatura. Galhos quebrados, um cheiro estranho e o silêncio repentino dos pássaros sugerem que um lynx está próximo. Você pode investigar ou seguir adiante.	Investigar a situação.	PER>=5	END	xp=3	END	fatigue=1	AEL_MON_0001	Continuar seu caminho.	NONE	END	fatigue=0	END	fatigue=1		RANDOM;NARRATIVE	NONE	18
RND_0337	GUILD	COMMON	ANY	Valkyrion	Volmeria	5	3	6	Mercadoria esquecida	Volmeria segue sua rotina, mas pequenos detalhes chamam sua atenção. Um comerciante fala baixo, um viajante observa a estrada e uma oportunidade aparece onde você menos esperava. Em Altheria, até um dia comum pode deixar uma marca.	Investigar a situação.	PER>=5	END	xp=8	END	fatigue=1		Continuar seu caminho.	NONE	END	fatigue=0	END	fatigue=1		RANDOM;NARRATIVE	NONE	15
RND_0338	MONSTER	COMMON	ANY	Valkyrion	Volmeria	6	123	6	Rastros na estrada — Wraith	As marcas no barro contam uma história antes mesmo de você ver a criatura. Galhos quebrados, um cheiro estranho e o silêncio repentino dos pássaros sugerem que um wraith está próximo. Você pode investigar ou seguir adiante.	Investigar a situação.	PER>=5	END	xp=8	END	fatigue=1	AEL_MON_0001	Continuar seu caminho.	NONE	END	fatigue=0	END	fatigue=1		RANDOM;NARRATIVE	NONE	8
RND_0339	ROAD	COMMON	ANY	Valkyrion	Volmeria	4	50	9	Mercadoria esquecida	Volmeria segue sua rotina, mas pequenos detalhes chamam sua atenção. Um comerciante fala baixo, um viajante observa a estrada e uma oportunidade aparece onde você menos esperava. Em Altheria, até um dia comum pode deixar uma marca.	Investigar a situação.	PER>=5	END	xp=7	END	fatigue=1		Continuar seu caminho.	NONE	END	fatigue=0	END	fatigue=1		RANDOM;NARRATIVE	NONE	5
RND_0340	CITY	COMMON	ANY	Valkyrion	Volmeria	5	97	7	Uma manhã que parecia comum	Volmeria segue sua rotina, mas pequenos detalhes chamam sua atenção. Um comerciante fala baixo, um viajante observa a estrada e uma oportunidade aparece onde você menos esperava. Em Altheria, até um dia comum pode deixar uma marca.	Investigar a situação.	PER>=5	END	xp=6	END	fatigue=1		Continuar seu caminho.	NONE	END	fatigue=0	END	fatigue=1		RANDOM;NARRATIVE	NONE	4
RND_0341	ACADEMIC	COMMON	ANY	Eshmara	Brumas	7	24	8	Entre aulas e rivalidades	O corredor da Academia de Valdora está cheio. Um colega pede ajuda, outro provoca você e um professor observa de longe, aparentemente interessado em descobrir quem consegue resolver o problema sem transformar tudo em uma briga.	Investigar a situação.	PER>=5	END	xp=4	END	fatigue=1		Continuar seu caminho.	NONE	END	fatigue=0	END	fatigue=1		RANDOM;NARRATIVE	NONE	18
RND_0342	MONSTER	COMMON	ANY	Valkyrion	Volmeria	6	97	11	Rastros na estrada — Troll	As marcas no barro contam uma história antes mesmo de você ver a criatura. Galhos quebrados, um cheiro estranho e o silêncio repentino dos pássaros sugerem que um troll está próximo. Você pode investigar ou seguir adiante.	Investigar a situação.	PER>=5	END	xp=6	END	fatigue=1	AEL_MON_0001	Continuar seu caminho.	NONE	END	fatigue=0	END	fatigue=1		RANDOM;NARRATIVE	NONE	10
RND_0343	MONSTER	COMMON	ANY	Kethruun	Sandbones	1	121	13	Rastros na estrada — Orc	As marcas no barro contam uma história antes mesmo de você ver a criatura. Galhos quebrados, um cheiro estranho e o silêncio repentino dos pássaros sugerem que um orc está próximo. Você pode investigar ou seguir adiante.	Investigar a situação.	PER>=5	END	xp=4	END	fatigue=1	AEL_MON_0001	Continuar seu caminho.	NONE	END	fatigue=0	END	fatigue=1		RANDOM;NARRATIVE	NONE	5
RND_0344	OPPORTUNITY	COMMON	ANY	Orinthal	Crystalia	8	88	6	Pedido inesperado	Crystalia segue sua rotina, mas pequenos detalhes chamam sua atenção. Um comerciante fala baixo, um viajante observa a estrada e uma oportunidade aparece onde você menos esperava. Em Altheria, até um dia comum pode deixar uma marca.	Investigar a situação.	PER>=5	END	xp=5	END	fatigue=1		Continuar seu caminho.	NONE	END	fatigue=0	END	fatigue=1		RANDOM;NARRATIVE	NONE	13
RND_0345	OPPORTUNITY	COMMON	ANY	Kethruun	Sandbones	2	40	10	Uma manhã que parecia comum	Sandbones segue sua rotina, mas pequenos detalhes chamam sua atenção. Um comerciante fala baixo, um viajante observa a estrada e uma oportunidade aparece onde você menos esperava. Em Altheria, até um dia comum pode deixar uma marca.	Investigar a situação.	PER>=5	END	xp=2	END	fatigue=1		Continuar seu caminho.	NONE	END	fatigue=0	END	fatigue=1		RANDOM;NARRATIVE	NONE	4
RND_0346	ROAD	COMMON	ANY	Kethruun	Sandbones	1	16	6	Uma porta entreaberta	Sandbones segue sua rotina, mas pequenos detalhes chamam sua atenção. Um comerciante fala baixo, um viajante observa a estrada e uma oportunidade aparece onde você menos esperava. Em Altheria, até um dia comum pode deixar uma marca.	Investigar a situação.	PER>=5	END	xp=3	END	fatigue=1		Continuar seu caminho.	NONE	END	fatigue=0	END	fatigue=1		RANDOM;NARRATIVE	NONE	11
RND_0347	MONSTER	COMMON	ANY	Zarim	Fornalia	4	134	11	Rastros na estrada — Treant	As marcas no barro contam uma história antes mesmo de você ver a criatura. Galhos quebrados, um cheiro estranho e o silêncio repentino dos pássaros sugerem que um treant está próximo. Você pode investigar ou seguir adiante.	Investigar a situação.	PER>=5	END	xp=4	END	fatigue=1	AEL_MON_0001	Continuar seu caminho.	NONE	END	fatigue=0	END	fatigue=1		RANDOM;NARRATIVE	NONE	14
RND_0348	SOCIAL	COMMON	ANY	Valkyrion	Volmeria	4	22	8	Uma pessoa à beira da estrada	A poucos passos da estrada, uma pessoa surge ofegante. Ela conta que alguém levou seu filho e aponta para a trilha ainda recente. A distância é pequena; o problema é que você não sabe o que encontrará no fim dela.	Investigar a situação.	PER>=5	END	xp=3	END	fatigue=1		Continuar seu caminho.	NONE	END	fatigue=0	END	fatigue=1		RANDOM;NARRATIVE	NONE	17
RND_0349	SOCIAL	COMMON	ANY	Valkyrion	Volmeria	7	70	9	Uma pessoa à beira da estrada	A poucos passos da estrada, uma pessoa surge ofegante. Ela conta que alguém levou seu filho e aponta para a trilha ainda recente. A distância é pequena; o problema é que você não sabe o que encontrará no fim dela.	Investigar a situação.	PER>=5	END	xp=8	END	fatigue=1		Continuar seu caminho.	NONE	END	fatigue=0	END	fatigue=1		RANDOM;NARRATIVE	NONE	11
RND_0350	ROAD	COMMON	ANY	Nyssara	Emerald Tide	8	132	12	Uma manhã que parecia comum	Emerald Tide segue sua rotina, mas pequenos detalhes chamam sua atenção. Um comerciante fala baixo, um viajante observa a estrada e uma oportunidade aparece onde você menos esperava. Em Altheria, até um dia comum pode deixar uma marca.	Investigar a situação.	PER>=5	END	xp=1	END	fatigue=1		Continuar seu caminho.	NONE	END	fatigue=0	END	fatigue=1		RANDOM;NARRATIVE	NONE	5
RND_0351	MONSTER	COMMON	ANY	Eshmara	Brumas	5	41	14	Rastros na estrada — Mimic	As marcas no barro contam uma história antes mesmo de você ver a criatura. Galhos quebrados, um cheiro estranho e o silêncio repentino dos pássaros sugerem que um mimic está próximo. Você pode investigar ou seguir adiante.	Investigar a situação.	PER>=5	END	xp=1	END	fatigue=1	AEL_MON_0001	Continuar seu caminho.	NONE	END	fatigue=0	END	fatigue=1		RANDOM;NARRATIVE	NONE	17
RND_0352	MONSTER	COMMON	ANY	Tharun	Stone-Âmbar	8	62	14	Rastros na estrada — Goblin	As marcas no barro contam uma história antes mesmo de você ver a criatura. Galhos quebrados, um cheiro estranho e o silêncio repentino dos pássaros sugerem que um goblin está próximo. Você pode investigar ou seguir adiante.	Investigar a situação.	PER>=5	END	xp=4	END	fatigue=1	AEL_MON_0001	Continuar seu caminho.	NONE	END	fatigue=0	END	fatigue=1		RANDOM;NARRATIVE	NONE	3
RND_0353	ACADEMIC	COMMON	ANY	Myrthos	Sem nome definido	1	66	13	Entre aulas e rivalidades	O corredor da Academia de Valdora está cheio. Um colega pede ajuda, outro provoca você e um professor observa de longe, aparentemente interessado em descobrir quem consegue resolver o problema sem transformar tudo em uma briga.	Investigar a situação.	PER>=5	END	xp=2	END	fatigue=1		Continuar seu caminho.	NONE	END	fatigue=0	END	fatigue=1		RANDOM;NARRATIVE	NONE	3
RND_0354	GUILD	COMMON	ANY	Aeloria	Xyrelith	8	59	12	Rumor de taverna	Xyrelith segue sua rotina, mas pequenos detalhes chamam sua atenção. Um comerciante fala baixo, um viajante observa a estrada e uma oportunidade aparece onde você menos esperava. Em Altheria, até um dia comum pode deixar uma marca.	Investigar a situação.	PER>=5	END	xp=7	END	fatigue=1		Continuar seu caminho.	NONE	END	fatigue=0	END	fatigue=1		RANDOM;NARRATIVE	NONE	16
RND_0355	ROAD	COMMON	ANY	Valkyrion	Volmeria	4	46	11	Rumor de taverna	Volmeria segue sua rotina, mas pequenos detalhes chamam sua atenção. Um comerciante fala baixo, um viajante observa a estrada e uma oportunidade aparece onde você menos esperava. Em Altheria, até um dia comum pode deixar uma marca.	Investigar a situação.	PER>=5	END	xp=2	END	fatigue=1		Continuar seu caminho.	NONE	END	fatigue=0	END	fatigue=1		RANDOM;NARRATIVE	NONE	12
RND_0356	ROAD	COMMON	ANY	Tharun	Stone-Âmbar	5	50	10	Sinais na fronteira	Stone-Âmbar segue sua rotina, mas pequenos detalhes chamam sua atenção. Um comerciante fala baixo, um viajante observa a estrada e uma oportunidade aparece onde você menos esperava. Em Altheria, até um dia comum pode deixar uma marca.	Investigar a situação.	PER>=5	END	xp=1	END	fatigue=1		Continuar seu caminho.	NONE	END	fatigue=0	END	fatigue=1		RANDOM;NARRATIVE	NONE	11
RND_0357	ACADEMIC	COMMON	ANY	Nyssara	Emerald Tide	6	11	12	Entre aulas e rivalidades	O corredor da Academia de Valdora está cheio. Um colega pede ajuda, outro provoca você e um professor observa de longe, aparentemente interessado em descobrir quem consegue resolver o problema sem transformar tudo em uma briga.	Investigar a situação.	PER>=5	END	xp=7	END	fatigue=1		Continuar seu caminho.	NONE	END	fatigue=0	END	fatigue=1		RANDOM;NARRATIVE	NONE	14
RND_0358	SOCIAL	COMMON	ANY	Orinthal	Crystalia	4	24	12	Uma pessoa à beira da estrada	A poucos passos da estrada, uma pessoa surge ofegante. Ela conta que alguém levou seu filho e aponta para a trilha ainda recente. A distância é pequena; o problema é que você não sabe o que encontrará no fim dela.	Investigar a situação.	PER>=5	END	xp=7	END	fatigue=1		Continuar seu caminho.	NONE	END	fatigue=0	END	fatigue=1		RANDOM;NARRATIVE	NONE	16
RND_0359	CITY	COMMON	ANY	Lyrien	Aerocivitus	3	20	7	Mercadoria esquecida	Aerocivitus segue sua rotina, mas pequenos detalhes chamam sua atenção. Um comerciante fala baixo, um viajante observa a estrada e uma oportunidade aparece onde você menos esperava. Em Altheria, até um dia comum pode deixar uma marca.	Investigar a situação.	PER>=5	END	xp=7	END	fatigue=1		Continuar seu caminho.	NONE	END	fatigue=0	END	fatigue=1		RANDOM;NARRATIVE	NONE	4
RND_0360	MONSTER	COMMON	ANY	Valkyrion	Volmeria	4	128	12	Rastros na estrada — Slime	As marcas no barro contam uma história antes mesmo de você ver a criatura. Galhos quebrados, um cheiro estranho e o silêncio repentino dos pássaros sugerem que um slime está próximo. Você pode investigar ou seguir adiante.	Investigar a situação.	PER>=5	END	xp=1	END	fatigue=1	AEL_MON_0001	Continuar seu caminho.	NONE	END	fatigue=0	END	fatigue=1		RANDOM;NARRATIVE	NONE	12
RND_0361	ACADEMIC	COMMON	ANY	Eshmara	Brumas	2	145	3	Entre aulas e rivalidades	O corredor da Academia de Valdora está cheio. Um colega pede ajuda, outro provoca você e um professor observa de longe, aparentemente interessado em descobrir quem consegue resolver o problema sem transformar tudo em uma briga.	Investigar a situação.	PER>=5	END	xp=6	END	fatigue=1		Continuar seu caminho.	NONE	END	fatigue=0	END	fatigue=1		RANDOM;NARRATIVE	NONE	9
RND_0362	ACADEMIC	COMMON	ANY	Valkyrion	Volmeria	7	31	7	Entre aulas e rivalidades	O corredor da Academia de Valdora está cheio. Um colega pede ajuda, outro provoca você e um professor observa de longe, aparentemente interessado em descobrir quem consegue resolver o problema sem transformar tudo em uma briga.	Investigar a situação.	PER>=5	END	xp=4	END	fatigue=1		Continuar seu caminho.	NONE	END	fatigue=0	END	fatigue=1		RANDOM;NARRATIVE	NONE	18
RND_0363	CITY	COMMON	ANY	Valkyrion	Volmeria	5	118	10	Uma porta entreaberta	Volmeria segue sua rotina, mas pequenos detalhes chamam sua atenção. Um comerciante fala baixo, um viajante observa a estrada e uma oportunidade aparece onde você menos esperava. Em Altheria, até um dia comum pode deixar uma marca.	Investigar a situação.	PER>=5	END	xp=5	END	fatigue=1		Continuar seu caminho.	NONE	END	fatigue=0	END	fatigue=1		RANDOM;NARRATIVE	NONE	11
RND_0364	OPPORTUNITY	COMMON	ANY	Kethruun	Sandbones	5	76	13	Pedido inesperado	Sandbones segue sua rotina, mas pequenos detalhes chamam sua atenção. Um comerciante fala baixo, um viajante observa a estrada e uma oportunidade aparece onde você menos esperava. Em Altheria, até um dia comum pode deixar uma marca.	Investigar a situação.	PER>=5	END	xp=7	END	fatigue=1		Continuar seu caminho.	NONE	END	fatigue=0	END	fatigue=1		RANDOM;NARRATIVE	NONE	9
RND_0365	ROAD	COMMON	ANY	Aeloria	Feyndral	4	140	12	Pedido inesperado	Feyndral segue sua rotina, mas pequenos detalhes chamam sua atenção. Um comerciante fala baixo, um viajante observa a estrada e uma oportunidade aparece onde você menos esperava. Em Altheria, até um dia comum pode deixar uma marca.	Investigar a situação.	PER>=5	END	xp=4	END	fatigue=1		Continuar seu caminho.	NONE	END	fatigue=0	END	fatigue=1		RANDOM;NARRATIVE	NONE	5
RND_0366	ROAD	COMMON	ANY	Aeloria	Verdralith	2	41	14	Rumor de taverna	Verdralith segue sua rotina, mas pequenos detalhes chamam sua atenção. Um comerciante fala baixo, um viajante observa a estrada e uma oportunidade aparece onde você menos esperava. Em Altheria, até um dia comum pode deixar uma marca.	Investigar a situação.	PER>=5	END	xp=3	END	fatigue=1		Continuar seu caminho.	NONE	END	fatigue=0	END	fatigue=1		RANDOM;NARRATIVE	NONE	13
RND_0367	ROAD	COMMON	ANY	Valkyrion	Volmeria	6	113	11	Sinais na fronteira	Volmeria segue sua rotina, mas pequenos detalhes chamam sua atenção. Um comerciante fala baixo, um viajante observa a estrada e uma oportunidade aparece onde você menos esperava. Em Altheria, até um dia comum pode deixar uma marca.	Investigar a situação.	PER>=5	END	xp=3	END	fatigue=1		Continuar seu caminho.	NONE	END	fatigue=0	END	fatigue=1		RANDOM;NARRATIVE	NONE	9
RND_0368	MONSTER	COMMON	ANY	Valkyrion	Volmeria	7	35	2	Rastros na estrada — Toad	As marcas no barro contam uma história antes mesmo de você ver a criatura. Galhos quebrados, um cheiro estranho e o silêncio repentino dos pássaros sugerem que um toad está próximo. Você pode investigar ou seguir adiante.	Investigar a situação.	PER>=5	END	xp=3	END	fatigue=1	AEL_MON_0001	Continuar seu caminho.	NONE	END	fatigue=0	END	fatigue=1		RANDOM;NARRATIVE	NONE	4
RND_0369	ROAD	COMMON	ANY	Kethruun	Sandbones	6	80	14	Uma manhã que parecia comum	Sandbones segue sua rotina, mas pequenos detalhes chamam sua atenção. Um comerciante fala baixo, um viajante observa a estrada e uma oportunidade aparece onde você menos esperava. Em Altheria, até um dia comum pode deixar uma marca.	Investigar a situação.	PER>=5	END	xp=7	END	fatigue=1		Continuar seu caminho.	NONE	END	fatigue=0	END	fatigue=1		RANDOM;NARRATIVE	NONE	9
RND_0370	ACADEMIC	COMMON	ANY	Aeloria	Verdralith	3	93	10	Entre aulas e rivalidades	O corredor da Academia de Valdora está cheio. Um colega pede ajuda, outro provoca você e um professor observa de longe, aparentemente interessado em descobrir quem consegue resolver o problema sem transformar tudo em uma briga.	Investigar a situação.	PER>=5	END	xp=7	END	fatigue=1		Continuar seu caminho.	NONE	END	fatigue=0	END	fatigue=1		RANDOM;NARRATIVE	NONE	16
RND_0371	MONSTER	COMMON	ANY	Lyrien	Aerocivitus	4	59	9	Rastros na estrada — Minotaur	As marcas no barro contam uma história antes mesmo de você ver a criatura. Galhos quebrados, um cheiro estranho e o silêncio repentino dos pássaros sugerem que um minotaur está próximo. Você pode investigar ou seguir adiante.	Investigar a situação.	PER>=5	END	xp=7	END	fatigue=1	AEL_MON_0001	Continuar seu caminho.	NONE	END	fatigue=0	END	fatigue=1		RANDOM;NARRATIVE	NONE	12
RND_0372	SOCIAL	COMMON	ANY	Eshmara	Brumas	1	46	6	Uma pessoa à beira da estrada	A poucos passos da estrada, uma pessoa surge ofegante. Ela conta que alguém levou seu filho e aponta para a trilha ainda recente. A distância é pequena; o problema é que você não sabe o que encontrará no fim dela.	Investigar a situação.	PER>=5	END	xp=1	END	fatigue=1		Continuar seu caminho.	NONE	END	fatigue=0	END	fatigue=1		RANDOM;NARRATIVE	NONE	16
RND_0373	MONSTER	COMMON	ANY	Myrthos	Sem nome definido	6	133	9	Rastros na estrada — Salamander	As marcas no barro contam uma história antes mesmo de você ver a criatura. Galhos quebrados, um cheiro estranho e o silêncio repentino dos pássaros sugerem que um salamander está próximo. Você pode investigar ou seguir adiante.	Investigar a situação.	PER>=5	END	xp=1	END	fatigue=1	AEL_MON_0001	Continuar seu caminho.	NONE	END	fatigue=0	END	fatigue=1		RANDOM;NARRATIVE	NONE	10
RND_0374	OPPORTUNITY	COMMON	ANY	Lyrien	Aerocivitus	8	54	9	Uma porta entreaberta	Aerocivitus segue sua rotina, mas pequenos detalhes chamam sua atenção. Um comerciante fala baixo, um viajante observa a estrada e uma oportunidade aparece onde você menos esperava. Em Altheria, até um dia comum pode deixar uma marca.	Investigar a situação.	PER>=5	END	xp=7	END	fatigue=1		Continuar seu caminho.	NONE	END	fatigue=0	END	fatigue=1		RANDOM;NARRATIVE	NONE	5
RND_0375	OPPORTUNITY	COMMON	ANY	Eshmara	Brumas	1	53	2	Uma manhã que parecia comum	Brumas segue sua rotina, mas pequenos detalhes chamam sua atenção. Um comerciante fala baixo, um viajante observa a estrada e uma oportunidade aparece onde você menos esperava. Em Altheria, até um dia comum pode deixar uma marca.	Investigar a situação.	PER>=5	END	xp=1	END	fatigue=1		Continuar seu caminho.	NONE	END	fatigue=0	END	fatigue=1		RANDOM;NARRATIVE	NONE	17
RND_0376	MONSTER	COMMON	ANY	Zarim	Fornalia	2	129	9	Rastros na estrada — Treant	As marcas no barro contam uma história antes mesmo de você ver a criatura. Galhos quebrados, um cheiro estranho e o silêncio repentino dos pássaros sugerem que um treant está próximo. Você pode investigar ou seguir adiante.	Investigar a situação.	PER>=5	END	xp=4	END	fatigue=1	AEL_MON_0001	Continuar seu caminho.	NONE	END	fatigue=0	END	fatigue=1		RANDOM;NARRATIVE	NONE	4
RND_0377	ROAD	COMMON	ANY	Myrthos	Sem nome definido	5	106	11	Sinais na fronteira	Sem nome definido segue sua rotina, mas pequenos detalhes chamam sua atenção. Um comerciante fala baixo, um viajante observa a estrada e uma oportunidade aparece onde você menos esperava. Em Altheria, até um dia comum pode deixar uma marca.	Investigar a situação.	PER>=5	END	xp=5	END	fatigue=1		Continuar seu caminho.	NONE	END	fatigue=0	END	fatigue=1		RANDOM;NARRATIVE	NONE	10
RND_0378	SOCIAL	COMMON	ANY	Nyssara	Emerald Tide	5	91	12	Uma pessoa à beira da estrada	A poucos passos da estrada, uma pessoa surge ofegante. Ela conta que alguém levou seu filho e aponta para a trilha ainda recente. A distância é pequena; o problema é que você não sabe o que encontrará no fim dela.	Investigar a situação.	PER>=5	END	xp=1	END	fatigue=1		Continuar seu caminho.	NONE	END	fatigue=0	END	fatigue=1		RANDOM;NARRATIVE	NONE	14
RND_0379	MONSTER	COMMON	ANY	Eshmara	Brumas	8	121	8	Rastros na estrada — Nightmare	As marcas no barro contam uma história antes mesmo de você ver a criatura. Galhos quebrados, um cheiro estranho e o silêncio repentino dos pássaros sugerem que um nightmare está próximo. Você pode investigar ou seguir adiante.	Investigar a situação.	PER>=5	END	xp=3	END	fatigue=1	AEL_MON_0001	Continuar seu caminho.	NONE	END	fatigue=0	END	fatigue=1		RANDOM;NARRATIVE	NONE	12
RND_0380	ROAD	COMMON	ANY	Orinthal	Crystalia	7	18	9	Uma porta entreaberta	Crystalia segue sua rotina, mas pequenos detalhes chamam sua atenção. Um comerciante fala baixo, um viajante observa a estrada e uma oportunidade aparece onde você menos esperava. Em Altheria, até um dia comum pode deixar uma marca.	Investigar a situação.	PER>=5	END	xp=4	END	fatigue=1		Continuar seu caminho.	NONE	END	fatigue=0	END	fatigue=1		RANDOM;NARRATIVE	NONE	12
RND_0381	OPPORTUNITY	COMMON	ANY	Nyssara	Emerald Tide	5	106	11	Mercadoria esquecida	Emerald Tide segue sua rotina, mas pequenos detalhes chamam sua atenção. Um comerciante fala baixo, um viajante observa a estrada e uma oportunidade aparece onde você menos esperava. Em Altheria, até um dia comum pode deixar uma marca.	Investigar a situação.	PER>=5	END	xp=3	END	fatigue=1		Continuar seu caminho.	NONE	END	fatigue=0	END	fatigue=1		RANDOM;NARRATIVE	NONE	17
RND_0382	ACADEMIC	COMMON	ANY	Kethruun	Sandbones	7	132	6	Entre aulas e rivalidades	O corredor da Academia de Valdora está cheio. Um colega pede ajuda, outro provoca você e um professor observa de longe, aparentemente interessado em descobrir quem consegue resolver o problema sem transformar tudo em uma briga.	Investigar a situação.	PER>=5	END	xp=5	END	fatigue=1		Continuar seu caminho.	NONE	END	fatigue=0	END	fatigue=1		RANDOM;NARRATIVE	NONE	15
RND_0383	CITY	COMMON	ANY	Aeloria	Umbravale	4	119	7	Mercadoria esquecida	Umbravale segue sua rotina, mas pequenos detalhes chamam sua atenção. Um comerciante fala baixo, um viajante observa a estrada e uma oportunidade aparece onde você menos esperava. Em Altheria, até um dia comum pode deixar uma marca.	Investigar a situação.	PER>=5	END	xp=5	END	fatigue=1		Continuar seu caminho.	NONE	END	fatigue=0	END	fatigue=1		RANDOM;NARRATIVE	NONE	11
RND_0384	ROAD	COMMON	ANY	Zarim	Fornalia	1	47	12	Uma porta entreaberta	Fornalia segue sua rotina, mas pequenos detalhes chamam sua atenção. Um comerciante fala baixo, um viajante observa a estrada e uma oportunidade aparece onde você menos esperava. Em Altheria, até um dia comum pode deixar uma marca.	Investigar a situação.	PER>=5	END	xp=4	END	fatigue=1		Continuar seu caminho.	NONE	END	fatigue=0	END	fatigue=1		RANDOM;NARRATIVE	NONE	16
RND_0385	CITY	COMMON	ANY	Myrthos	Sem nome definido	3	137	14	Rumor de taverna	Sem nome definido segue sua rotina, mas pequenos detalhes chamam sua atenção. Um comerciante fala baixo, um viajante observa a estrada e uma oportunidade aparece onde você menos esperava. Em Altheria, até um dia comum pode deixar uma marca.	Investigar a situação.	PER>=5	END	xp=5	END	fatigue=1		Continuar seu caminho.	NONE	END	fatigue=0	END	fatigue=1		RANDOM;NARRATIVE	NONE	10
RND_0386	ACADEMIC	COMMON	ANY	Tharun	Stone-Âmbar	7	143	10	Entre aulas e rivalidades	O corredor da Academia de Valdora está cheio. Um colega pede ajuda, outro provoca você e um professor observa de longe, aparentemente interessado em descobrir quem consegue resolver o problema sem transformar tudo em uma briga.	Investigar a situação.	PER>=5	END	xp=5	END	fatigue=1		Continuar seu caminho.	NONE	END	fatigue=0	END	fatigue=1		RANDOM;NARRATIVE	NONE	13
RND_0387	SOCIAL	COMMON	ANY	Lyrien	Aerocivitus	2	139	9	Uma pessoa à beira da estrada	A poucos passos da estrada, uma pessoa surge ofegante. Ela conta que alguém levou seu filho e aponta para a trilha ainda recente. A distância é pequena; o problema é que você não sabe o que encontrará no fim dela.	Investigar a situação.	PER>=5	END	xp=8	END	fatigue=1		Continuar seu caminho.	NONE	END	fatigue=0	END	fatigue=1		RANDOM;NARRATIVE	NONE	17
RND_0388	CITY	COMMON	ANY	Tharun	Stone-Âmbar	3	71	3	Rumor de taverna	Stone-Âmbar segue sua rotina, mas pequenos detalhes chamam sua atenção. Um comerciante fala baixo, um viajante observa a estrada e uma oportunidade aparece onde você menos esperava. Em Altheria, até um dia comum pode deixar uma marca.	Investigar a situação.	PER>=5	END	xp=5	END	fatigue=1		Continuar seu caminho.	NONE	END	fatigue=0	END	fatigue=1		RANDOM;NARRATIVE	NONE	17
RND_0389	CITY	COMMON	ANY	Lyrien	Aerocivitus	7	42	9	Uma manhã que parecia comum	Aerocivitus segue sua rotina, mas pequenos detalhes chamam sua atenção. Um comerciante fala baixo, um viajante observa a estrada e uma oportunidade aparece onde você menos esperava. Em Altheria, até um dia comum pode deixar uma marca.	Investigar a situação.	PER>=5	END	xp=7	END	fatigue=1		Continuar seu caminho.	NONE	END	fatigue=0	END	fatigue=1		RANDOM;NARRATIVE	NONE	8
RND_0390	CITY	COMMON	ANY	Myrthos	Sem nome definido	8	127	6	Rumor de taverna	Sem nome definido segue sua rotina, mas pequenos detalhes chamam sua atenção. Um comerciante fala baixo, um viajante observa a estrada e uma oportunidade aparece onde você menos esperava. Em Altheria, até um dia comum pode deixar uma marca.	Investigar a situação.	PER>=5	END	xp=5	END	fatigue=1		Continuar seu caminho.	NONE	END	fatigue=0	END	fatigue=1		RANDOM;NARRATIVE	NONE	4
RND_0391	GUILD	COMMON	ANY	Lyrien	Aerocivitus	1	97	13	Pedido inesperado	Aerocivitus segue sua rotina, mas pequenos detalhes chamam sua atenção. Um comerciante fala baixo, um viajante observa a estrada e uma oportunidade aparece onde você menos esperava. Em Altheria, até um dia comum pode deixar uma marca.	Investigar a situação.	PER>=5	END	xp=1	END	fatigue=1		Continuar seu caminho.	NONE	END	fatigue=0	END	fatigue=1		RANDOM;NARRATIVE	NONE	16
RND_0392	GUILD	COMMON	ANY	Nyssara	Emerald Tide	4	3	13	Uma manhã que parecia comum	Emerald Tide segue sua rotina, mas pequenos detalhes chamam sua atenção. Um comerciante fala baixo, um viajante observa a estrada e uma oportunidade aparece onde você menos esperava. Em Altheria, até um dia comum pode deixar uma marca.	Investigar a situação.	PER>=5	END	xp=8	END	fatigue=1		Continuar seu caminho.	NONE	END	fatigue=0	END	fatigue=1		RANDOM;NARRATIVE	NONE	15
RND_0393	GUILD	COMMON	ANY	Eshmara	Brumas	8	90	10	Sinais na fronteira	Brumas segue sua rotina, mas pequenos detalhes chamam sua atenção. Um comerciante fala baixo, um viajante observa a estrada e uma oportunidade aparece onde você menos esperava. Em Altheria, até um dia comum pode deixar uma marca.	Investigar a situação.	PER>=5	END	xp=5	END	fatigue=1		Continuar seu caminho.	NONE	END	fatigue=0	END	fatigue=1		RANDOM;NARRATIVE	NONE	11
RND_0394	OPPORTUNITY	COMMON	ANY	Eshmara	Brumas	6	71	3	Uma manhã que parecia comum	Brumas segue sua rotina, mas pequenos detalhes chamam sua atenção. Um comerciante fala baixo, um viajante observa a estrada e uma oportunidade aparece onde você menos esperava. Em Altheria, até um dia comum pode deixar uma marca.	Investigar a situação.	PER>=5	END	xp=7	END	fatigue=1		Continuar seu caminho.	NONE	END	fatigue=0	END	fatigue=1		RANDOM;NARRATIVE	NONE	10
RND_0395	CITY	COMMON	ANY	Aeloria	Prismere	5	26	10	Sinais na fronteira	Prismere segue sua rotina, mas pequenos detalhes chamam sua atenção. Um comerciante fala baixo, um viajante observa a estrada e uma oportunidade aparece onde você menos esperava. Em Altheria, até um dia comum pode deixar uma marca.	Investigar a situação.	PER>=5	END	xp=1	END	fatigue=1		Continuar seu caminho.	NONE	END	fatigue=0	END	fatigue=1		RANDOM;NARRATIVE	NONE	13
RND_0396	MONSTER	COMMON	ANY	Tharun	Stone-Âmbar	7	97	9	Rastros na estrada — Sprite	As marcas no barro contam uma história antes mesmo de você ver a criatura. Galhos quebrados, um cheiro estranho e o silêncio repentino dos pássaros sugerem que um sprite está próximo. Você pode investigar ou seguir adiante.	Investigar a situação.	PER>=5	END	xp=4	END	fatigue=1	AEL_MON_0001	Continuar seu caminho.	NONE	END	fatigue=0	END	fatigue=1		RANDOM;NARRATIVE	NONE	15
RND_0397	SOCIAL	COMMON	ANY	Valkyrion	Volmeria	1	52	7	Uma pessoa à beira da estrada	A poucos passos da estrada, uma pessoa surge ofegante. Ela conta que alguém levou seu filho e aponta para a trilha ainda recente. A distância é pequena; o problema é que você não sabe o que encontrará no fim dela.	Investigar a situação.	PER>=5	END	xp=4	END	fatigue=1		Continuar seu caminho.	NONE	END	fatigue=0	END	fatigue=1		RANDOM;NARRATIVE	NONE	4
RND_0398	ROAD	COMMON	ANY	Tharun	Stone-Âmbar	3	138	10	Pedido inesperado	Stone-Âmbar segue sua rotina, mas pequenos detalhes chamam sua atenção. Um comerciante fala baixo, um viajante observa a estrada e uma oportunidade aparece onde você menos esperava. Em Altheria, até um dia comum pode deixar uma marca.	Investigar a situação.	PER>=5	END	xp=6	END	fatigue=1		Continuar seu caminho.	NONE	END	fatigue=0	END	fatigue=1		RANDOM;NARRATIVE	NONE	5
RND_0399	ACADEMIC	COMMON	ANY	Myrthos	Sem nome definido	6	49	14	Entre aulas e rivalidades	O corredor da Academia de Valdora está cheio. Um colega pede ajuda, outro provoca você e um professor observa de longe, aparentemente interessado em descobrir quem consegue resolver o problema sem transformar tudo em uma briga.	Investigar a situação.	PER>=5	END	xp=2	END	fatigue=1		Continuar seu caminho.	NONE	END	fatigue=0	END	fatigue=1		RANDOM;NARRATIVE	NONE	8
RND_0400	GUILD	COMMON	ANY	Kethruun	Sandbones	8	69	13	Uma manhã que parecia comum	Sandbones segue sua rotina, mas pequenos detalhes chamam sua atenção. Um comerciante fala baixo, um viajante observa a estrada e uma oportunidade aparece onde você menos esperava. Em Altheria, até um dia comum pode deixar uma marca.	Investigar a situação.	PER>=5	END	xp=6	END	fatigue=1		Continuar seu caminho.	NONE	END	fatigue=0	END	fatigue=1		RANDOM;NARRATIVE	NONE	10
RND_0401	CITY	COMMON	ANY	Tharun	Stone-Âmbar	1	94	12	Rumor de taverna	Stone-Âmbar segue sua rotina, mas pequenos detalhes chamam sua atenção. Um comerciante fala baixo, um viajante observa a estrada e uma oportunidade aparece onde você menos esperava. Em Altheria, até um dia comum pode deixar uma marca.	Investigar a situação.	PER>=5	END	xp=3	END	fatigue=1		Continuar seu caminho.	NONE	END	fatigue=0	END	fatigue=1		RANDOM;NARRATIVE	NONE	10
RND_0402	CITY	COMMON	ANY	Aeloria	Drakensport	1	51	7	Uma porta entreaberta	Drakensport segue sua rotina, mas pequenos detalhes chamam sua atenção. Um comerciante fala baixo, um viajante observa a estrada e uma oportunidade aparece onde você menos esperava. Em Altheria, até um dia comum pode deixar uma marca.	Investigar a situação.	PER>=5	END	xp=8	END	fatigue=1		Continuar seu caminho.	NONE	END	fatigue=0	END	fatigue=1		RANDOM;NARRATIVE	NONE	15
RND_0403	ACADEMIC	COMMON	ANY	Lyrien	Aerocivitus	6	3	14	Entre aulas e rivalidades	O corredor da Academia de Valdora está cheio. Um colega pede ajuda, outro provoca você e um professor observa de longe, aparentemente interessado em descobrir quem consegue resolver o problema sem transformar tudo em uma briga.	Investigar a situação.	PER>=5	END	xp=1	END	fatigue=1		Continuar seu caminho.	NONE	END	fatigue=0	END	fatigue=1		RANDOM;NARRATIVE	NONE	17
RND_0404	OPPORTUNITY	COMMON	ANY	Myrthos	Sem nome definido	4	109	13	Mercadoria esquecida	Sem nome definido segue sua rotina, mas pequenos detalhes chamam sua atenção. Um comerciante fala baixo, um viajante observa a estrada e uma oportunidade aparece onde você menos esperava. Em Altheria, até um dia comum pode deixar uma marca.	Investigar a situação.	PER>=5	END	xp=4	END	fatigue=1		Continuar seu caminho.	NONE	END	fatigue=0	END	fatigue=1		RANDOM;NARRATIVE	NONE	10
RND_0405	CITY	COMMON	ANY	Myrthos	Sem nome definido	2	117	4	Sinais na fronteira	Sem nome definido segue sua rotina, mas pequenos detalhes chamam sua atenção. Um comerciante fala baixo, um viajante observa a estrada e uma oportunidade aparece onde você menos esperava. Em Altheria, até um dia comum pode deixar uma marca.	Investigar a situação.	PER>=5	END	xp=7	END	fatigue=1		Continuar seu caminho.	NONE	END	fatigue=0	END	fatigue=1		RANDOM;NARRATIVE	NONE	7
RND_0406	MONSTER	COMMON	ANY	Nyssara	Emerald Tide	2	90	11	Rastros na estrada — Naga	As marcas no barro contam uma história antes mesmo de você ver a criatura. Galhos quebrados, um cheiro estranho e o silêncio repentino dos pássaros sugerem que um naga está próximo. Você pode investigar ou seguir adiante.	Investigar a situação.	PER>=5	END	xp=2	END	fatigue=1	AEL_MON_0001	Continuar seu caminho.	NONE	END	fatigue=0	END	fatigue=1		RANDOM;NARRATIVE	NONE	10
RND_0407	OPPORTUNITY	COMMON	ANY	Valkyrion	Volmeria	8	1	6	Uma porta entreaberta	Volmeria segue sua rotina, mas pequenos detalhes chamam sua atenção. Um comerciante fala baixo, um viajante observa a estrada e uma oportunidade aparece onde você menos esperava. Em Altheria, até um dia comum pode deixar uma marca.	Investigar a situação.	PER>=5	END	xp=2	END	fatigue=1		Continuar seu caminho.	NONE	END	fatigue=0	END	fatigue=1		RANDOM;NARRATIVE	NONE	19
RND_0408	CITY	COMMON	ANY	Zarim	Fornalia	7	50	14	Uma manhã que parecia comum	Fornalia segue sua rotina, mas pequenos detalhes chamam sua atenção. Um comerciante fala baixo, um viajante observa a estrada e uma oportunidade aparece onde você menos esperava. Em Altheria, até um dia comum pode deixar uma marca.	Investigar a situação.	PER>=5	END	xp=3	END	fatigue=1		Continuar seu caminho.	NONE	END	fatigue=0	END	fatigue=1		RANDOM;NARRATIVE	NONE	9
RND_0409	OPPORTUNITY	COMMON	ANY	Nyssara	Emerald Tide	2	21	7	Rumor de taverna	Emerald Tide segue sua rotina, mas pequenos detalhes chamam sua atenção. Um comerciante fala baixo, um viajante observa a estrada e uma oportunidade aparece onde você menos esperava. Em Altheria, até um dia comum pode deixar uma marca.	Investigar a situação.	PER>=5	END	xp=4	END	fatigue=1		Continuar seu caminho.	NONE	END	fatigue=0	END	fatigue=1		RANDOM;NARRATIVE	NONE	16
RND_0410	GUILD	COMMON	ANY	Aeloria	Eldrath	2	122	9	Sinais na fronteira	Eldrath segue sua rotina, mas pequenos detalhes chamam sua atenção. Um comerciante fala baixo, um viajante observa a estrada e uma oportunidade aparece onde você menos esperava. Em Altheria, até um dia comum pode deixar uma marca.	Investigar a situação.	PER>=5	END	xp=1	END	fatigue=1		Continuar seu caminho.	NONE	END	fatigue=0	END	fatigue=1		RANDOM;NARRATIVE	NONE	8
RND_0411	MONSTER	COMMON	ANY	Myrthos	Sem nome definido	6	49	6	Rastros na estrada — Toad	As marcas no barro contam uma história antes mesmo de você ver a criatura. Galhos quebrados, um cheiro estranho e o silêncio repentino dos pássaros sugerem que um toad está próximo. Você pode investigar ou seguir adiante.	Investigar a situação.	PER>=5	END	xp=5	END	fatigue=1	AEL_MON_0001	Continuar seu caminho.	NONE	END	fatigue=0	END	fatigue=1		RANDOM;NARRATIVE	NONE	3
RND_0412	ROAD	COMMON	ANY	Tharun	Stone-Âmbar	7	107	13	Sinais na fronteira	Stone-Âmbar segue sua rotina, mas pequenos detalhes chamam sua atenção. Um comerciante fala baixo, um viajante observa a estrada e uma oportunidade aparece onde você menos esperava. Em Altheria, até um dia comum pode deixar uma marca.	Investigar a situação.	PER>=5	END	xp=3	END	fatigue=1		Continuar seu caminho.	NONE	END	fatigue=0	END	fatigue=1		RANDOM;NARRATIVE	NONE	14
RND_0413	CITY	COMMON	ANY	Kethruun	Sandbones	3	127	10	Uma manhã que parecia comum	Sandbones segue sua rotina, mas pequenos detalhes chamam sua atenção. Um comerciante fala baixo, um viajante observa a estrada e uma oportunidade aparece onde você menos esperava. Em Altheria, até um dia comum pode deixar uma marca.	Investigar a situação.	PER>=5	END	xp=4	END	fatigue=1		Continuar seu caminho.	NONE	END	fatigue=0	END	fatigue=1		RANDOM;NARRATIVE	NONE	10
RND_0414	MONSTER	COMMON	ANY	Valkyrion	Volmeria	8	103	3	Rastros na estrada — Treant	As marcas no barro contam uma história antes mesmo de você ver a criatura. Galhos quebrados, um cheiro estranho e o silêncio repentino dos pássaros sugerem que um treant está próximo. Você pode investigar ou seguir adiante.	Investigar a situação.	PER>=5	END	xp=8	END	fatigue=1	AEL_MON_0001	Continuar seu caminho.	NONE	END	fatigue=0	END	fatigue=1		RANDOM;NARRATIVE	NONE	6
RND_0415	SOCIAL	COMMON	ANY	Tharun	Stone-Âmbar	7	138	3	Uma pessoa à beira da estrada	A poucos passos da estrada, uma pessoa surge ofegante. Ela conta que alguém levou seu filho e aponta para a trilha ainda recente. A distância é pequena; o problema é que você não sabe o que encontrará no fim dela.	Investigar a situação.	PER>=5	END	xp=2	END	fatigue=1		Continuar seu caminho.	NONE	END	fatigue=0	END	fatigue=1		RANDOM;NARRATIVE	NONE	5
RND_0416	MONSTER	COMMON	ANY	Lyrien	Aerocivitus	7	88	4	Rastros na estrada — Basilisk	As marcas no barro contam uma história antes mesmo de você ver a criatura. Galhos quebrados, um cheiro estranho e o silêncio repentino dos pássaros sugerem que um basilisk está próximo. Você pode investigar ou seguir adiante.	Investigar a situação.	PER>=5	END	xp=4	END	fatigue=1	AEL_MON_0001	Continuar seu caminho.	NONE	END	fatigue=0	END	fatigue=1		RANDOM;NARRATIVE	NONE	12
RND_0417	ACADEMIC	COMMON	ANY	Tharun	Stone-Âmbar	2	146	10	Entre aulas e rivalidades	O corredor da Academia de Valdora está cheio. Um colega pede ajuda, outro provoca você e um professor observa de longe, aparentemente interessado em descobrir quem consegue resolver o problema sem transformar tudo em uma briga.	Investigar a situação.	PER>=5	END	xp=5	END	fatigue=1		Continuar seu caminho.	NONE	END	fatigue=0	END	fatigue=1		RANDOM;NARRATIVE	NONE	6
RND_0418	MONSTER	COMMON	ANY	Orinthal	Crystalia	2	68	3	Rastros na estrada — Treant	As marcas no barro contam uma história antes mesmo de você ver a criatura. Galhos quebrados, um cheiro estranho e o silêncio repentino dos pássaros sugerem que um treant está próximo. Você pode investigar ou seguir adiante.	Investigar a situação.	PER>=5	END	xp=8	END	fatigue=1	AEL_MON_0001	Continuar seu caminho.	NONE	END	fatigue=0	END	fatigue=1		RANDOM;NARRATIVE	NONE	13
RND_0419	ACADEMIC	COMMON	ANY	Myrthos	Sem nome definido	8	139	11	Entre aulas e rivalidades	O corredor da Academia de Valdora está cheio. Um colega pede ajuda, outro provoca você e um professor observa de longe, aparentemente interessado em descobrir quem consegue resolver o problema sem transformar tudo em uma briga.	Investigar a situação.	PER>=5	END	xp=1	END	fatigue=1		Continuar seu caminho.	NONE	END	fatigue=0	END	fatigue=1		RANDOM;NARRATIVE	NONE	11
RND_0420	SOCIAL	COMMON	ANY	Nyssara	Emerald Tide	2	40	11	Uma pessoa à beira da estrada	A poucos passos da estrada, uma pessoa surge ofegante. Ela conta que alguém levou seu filho e aponta para a trilha ainda recente. A distância é pequena; o problema é que você não sabe o que encontrará no fim dela.	Investigar a situação.	PER>=5	END	xp=5	END	fatigue=1		Continuar seu caminho.	NONE	END	fatigue=0	END	fatigue=1		RANDOM;NARRATIVE	NONE	19
RND_0421	ACADEMIC	COMMON	ANY	Zarim	Fornalia	2	47	4	Entre aulas e rivalidades	O corredor da Academia de Valdora está cheio. Um colega pede ajuda, outro provoca você e um professor observa de longe, aparentemente interessado em descobrir quem consegue resolver o problema sem transformar tudo em uma briga.	Investigar a situação.	PER>=5	END	xp=8	END	fatigue=1		Continuar seu caminho.	NONE	END	fatigue=0	END	fatigue=1		RANDOM;NARRATIVE	NONE	7
RND_0422	OPPORTUNITY	COMMON	ANY	Nyssara	Emerald Tide	5	34	6	Rumor de taverna	Emerald Tide segue sua rotina, mas pequenos detalhes chamam sua atenção. Um comerciante fala baixo, um viajante observa a estrada e uma oportunidade aparece onde você menos esperava. Em Altheria, até um dia comum pode deixar uma marca.	Investigar a situação.	PER>=5	END	xp=2	END	fatigue=1		Continuar seu caminho.	NONE	END	fatigue=0	END	fatigue=1		RANDOM;NARRATIVE	NONE	12
RND_0423	CITY	COMMON	ANY	Aeloria	Greystone	2	64	7	Sinais na fronteira	Greystone segue sua rotina, mas pequenos detalhes chamam sua atenção. Um comerciante fala baixo, um viajante observa a estrada e uma oportunidade aparece onde você menos esperava. Em Altheria, até um dia comum pode deixar uma marca.	Investigar a situação.	PER>=5	END	xp=5	END	fatigue=1		Continuar seu caminho.	NONE	END	fatigue=0	END	fatigue=1		RANDOM;NARRATIVE	NONE	13
RND_0424	GUILD	COMMON	ANY	Zarim	Fornalia	3	3	12	Pedido inesperado	Fornalia segue sua rotina, mas pequenos detalhes chamam sua atenção. Um comerciante fala baixo, um viajante observa a estrada e uma oportunidade aparece onde você menos esperava. Em Altheria, até um dia comum pode deixar uma marca.	Investigar a situação.	PER>=5	END	xp=4	END	fatigue=1		Continuar seu caminho.	NONE	END	fatigue=0	END	fatigue=1		RANDOM;NARRATIVE	NONE	7
RND_0425	ROAD	COMMON	ANY	Aeloria	Goldhaven	7	20	5	Rumor de taverna	Goldhaven segue sua rotina, mas pequenos detalhes chamam sua atenção. Um comerciante fala baixo, um viajante observa a estrada e uma oportunidade aparece onde você menos esperava. Em Altheria, até um dia comum pode deixar uma marca.	Investigar a situação.	PER>=5	END	xp=6	END	fatigue=1		Continuar seu caminho.	NONE	END	fatigue=0	END	fatigue=1		RANDOM;NARRATIVE	NONE	16
RND_0426	ACADEMIC	COMMON	ANY	Nyssara	Emerald Tide	3	27	4	Entre aulas e rivalidades	O corredor da Academia de Valdora está cheio. Um colega pede ajuda, outro provoca você e um professor observa de longe, aparentemente interessado em descobrir quem consegue resolver o problema sem transformar tudo em uma briga.	Investigar a situação.	PER>=5	END	xp=1	END	fatigue=1		Continuar seu caminho.	NONE	END	fatigue=0	END	fatigue=1		RANDOM;NARRATIVE	NONE	8
RND_0427	SOCIAL	COMMON	ANY	Orinthal	Crystalia	3	8	3	Uma pessoa à beira da estrada	A poucos passos da estrada, uma pessoa surge ofegante. Ela conta que alguém levou seu filho e aponta para a trilha ainda recente. A distância é pequena; o problema é que você não sabe o que encontrará no fim dela.	Investigar a situação.	PER>=5	END	xp=8	END	fatigue=1		Continuar seu caminho.	NONE	END	fatigue=0	END	fatigue=1		RANDOM;NARRATIVE	NONE	8
RND_0428	ROAD	COMMON	ANY	Orinthal	Crystalia	4	147	3	Rumor de taverna	Crystalia segue sua rotina, mas pequenos detalhes chamam sua atenção. Um comerciante fala baixo, um viajante observa a estrada e uma oportunidade aparece onde você menos esperava. Em Altheria, até um dia comum pode deixar uma marca.	Investigar a situação.	PER>=5	END	xp=2	END	fatigue=1		Continuar seu caminho.	NONE	END	fatigue=0	END	fatigue=1		RANDOM;NARRATIVE	NONE	17
RND_0429	MONSTER	COMMON	ANY	Lyrien	Aerocivitus	6	105	9	Rastros na estrada — Ogre	As marcas no barro contam uma história antes mesmo de você ver a criatura. Galhos quebrados, um cheiro estranho e o silêncio repentino dos pássaros sugerem que um ogre está próximo. Você pode investigar ou seguir adiante.	Investigar a situação.	PER>=5	END	xp=8	END	fatigue=1	AEL_MON_0001	Continuar seu caminho.	NONE	END	fatigue=0	END	fatigue=1		RANDOM;NARRATIVE	NONE	8
RND_0430	OPPORTUNITY	COMMON	ANY	Zarim	Fornalia	2	17	14	Rumor de taverna	Fornalia segue sua rotina, mas pequenos detalhes chamam sua atenção. Um comerciante fala baixo, um viajante observa a estrada e uma oportunidade aparece onde você menos esperava. Em Altheria, até um dia comum pode deixar uma marca.	Investigar a situação.	PER>=5	END	xp=3	END	fatigue=1		Continuar seu caminho.	NONE	END	fatigue=0	END	fatigue=1		RANDOM;NARRATIVE	NONE	18
RND_0431	ROAD	COMMON	ANY	Aeloria	Crestwyn	1	50	10	Mercadoria esquecida	Crestwyn segue sua rotina, mas pequenos detalhes chamam sua atenção. Um comerciante fala baixo, um viajante observa a estrada e uma oportunidade aparece onde você menos esperava. Em Altheria, até um dia comum pode deixar uma marca.	Investigar a situação.	PER>=5	END	xp=8	END	fatigue=1		Continuar seu caminho.	NONE	END	fatigue=0	END	fatigue=1		RANDOM;NARRATIVE	NONE	7
RND_0432	ACADEMIC	COMMON	ANY	Myrthos	Sem nome definido	7	103	12	Entre aulas e rivalidades	O corredor da Academia de Valdora está cheio. Um colega pede ajuda, outro provoca você e um professor observa de longe, aparentemente interessado em descobrir quem consegue resolver o problema sem transformar tudo em uma briga.	Investigar a situação.	PER>=5	END	xp=7	END	fatigue=1		Continuar seu caminho.	NONE	END	fatigue=0	END	fatigue=1		RANDOM;NARRATIVE	NONE	4
RND_0433	OPPORTUNITY	COMMON	ANY	Valkyrion	Volmeria	1	12	14	Mercadoria esquecida	Volmeria segue sua rotina, mas pequenos detalhes chamam sua atenção. Um comerciante fala baixo, um viajante observa a estrada e uma oportunidade aparece onde você menos esperava. Em Altheria, até um dia comum pode deixar uma marca.	Investigar a situação.	PER>=5	END	xp=5	END	fatigue=1		Continuar seu caminho.	NONE	END	fatigue=0	END	fatigue=1		RANDOM;NARRATIVE	NONE	18
RND_0434	GUILD	COMMON	ANY	Nyssara	Emerald Tide	3	127	4	Sinais na fronteira	Emerald Tide segue sua rotina, mas pequenos detalhes chamam sua atenção. Um comerciante fala baixo, um viajante observa a estrada e uma oportunidade aparece onde você menos esperava. Em Altheria, até um dia comum pode deixar uma marca.	Investigar a situação.	PER>=5	END	xp=3	END	fatigue=1		Continuar seu caminho.	NONE	END	fatigue=0	END	fatigue=1		RANDOM;NARRATIVE	NONE	14
RND_0435	ACADEMIC	COMMON	ANY	Valkyrion	Volmeria	1	97	11	Entre aulas e rivalidades	O corredor da Academia de Valdora está cheio. Um colega pede ajuda, outro provoca você e um professor observa de longe, aparentemente interessado em descobrir quem consegue resolver o problema sem transformar tudo em uma briga.	Investigar a situação.	PER>=5	END	xp=4	END	fatigue=1		Continuar seu caminho.	NONE	END	fatigue=0	END	fatigue=1		RANDOM;NARRATIVE	NONE	18
RND_0436	MONSTER	COMMON	ANY	Eshmara	Brumas	5	98	10	Rastros na estrada — Mimic	As marcas no barro contam uma história antes mesmo de você ver a criatura. Galhos quebrados, um cheiro estranho e o silêncio repentino dos pássaros sugerem que um mimic está próximo. Você pode investigar ou seguir adiante.	Investigar a situação.	PER>=5	END	xp=6	END	fatigue=1	AEL_MON_0001	Continuar seu caminho.	NONE	END	fatigue=0	END	fatigue=1		RANDOM;NARRATIVE	NONE	13
RND_0437	SOCIAL	COMMON	ANY	Valkyrion	Volmeria	4	100	8	Uma pessoa à beira da estrada	A poucos passos da estrada, uma pessoa surge ofegante. Ela conta que alguém levou seu filho e aponta para a trilha ainda recente. A distância é pequena; o problema é que você não sabe o que encontrará no fim dela.	Investigar a situação.	PER>=5	END	xp=8	END	fatigue=1		Continuar seu caminho.	NONE	END	fatigue=0	END	fatigue=1		RANDOM;NARRATIVE	NONE	10
RND_0438	MONSTER	COMMON	ANY	Zarim	Fornalia	1	92	8	Rastros na estrada — Beetle	As marcas no barro contam uma história antes mesmo de você ver a criatura. Galhos quebrados, um cheiro estranho e o silêncio repentino dos pássaros sugerem que um beetle está próximo. Você pode investigar ou seguir adiante.	Investigar a situação.	PER>=5	END	xp=7	END	fatigue=1	AEL_MON_0001	Continuar seu caminho.	NONE	END	fatigue=0	END	fatigue=1		RANDOM;NARRATIVE	NONE	15
RND_0439	SOCIAL	COMMON	ANY	Orinthal	Crystalia	6	106	14	Uma pessoa à beira da estrada	A poucos passos da estrada, uma pessoa surge ofegante. Ela conta que alguém levou seu filho e aponta para a trilha ainda recente. A distância é pequena; o problema é que você não sabe o que encontrará no fim dela.	Investigar a situação.	PER>=5	END	xp=1	END	fatigue=1		Continuar seu caminho.	NONE	END	fatigue=0	END	fatigue=1		RANDOM;NARRATIVE	NONE	9
RND_0440	OPPORTUNITY	COMMON	ANY	Kethruun	Sandbones	5	18	8	Uma porta entreaberta	Sandbones segue sua rotina, mas pequenos detalhes chamam sua atenção. Um comerciante fala baixo, um viajante observa a estrada e uma oportunidade aparece onde você menos esperava. Em Altheria, até um dia comum pode deixar uma marca.	Investigar a situação.	PER>=5	END	xp=3	END	fatigue=1		Continuar seu caminho.	NONE	END	fatigue=0	END	fatigue=1		RANDOM;NARRATIVE	NONE	9
RND_0441	OPPORTUNITY	COMMON	ANY	Valkyrion	Volmeria	5	104	5	Sinais na fronteira	Volmeria segue sua rotina, mas pequenos detalhes chamam sua atenção. Um comerciante fala baixo, um viajante observa a estrada e uma oportunidade aparece onde você menos esperava. Em Altheria, até um dia comum pode deixar uma marca.	Investigar a situação.	PER>=5	END	xp=2	END	fatigue=1		Continuar seu caminho.	NONE	END	fatigue=0	END	fatigue=1		RANDOM;NARRATIVE	NONE	13
RND_0442	MONSTER	COMMON	ANY	Myrthos	Sem nome definido	4	107	11	Rastros na estrada — Colossus	As marcas no barro contam uma história antes mesmo de você ver a criatura. Galhos quebrados, um cheiro estranho e o silêncio repentino dos pássaros sugerem que um colossus está próximo. Você pode investigar ou seguir adiante.	Investigar a situação.	PER>=5	END	xp=2	END	fatigue=1	AEL_MON_0001	Continuar seu caminho.	NONE	END	fatigue=0	END	fatigue=1		RANDOM;NARRATIVE	NONE	16
RND_0443	OPPORTUNITY	COMMON	ANY	Myrthos	Sem nome definido	1	61	3	Uma manhã que parecia comum	Sem nome definido segue sua rotina, mas pequenos detalhes chamam sua atenção. Um comerciante fala baixo, um viajante observa a estrada e uma oportunidade aparece onde você menos esperava. Em Altheria, até um dia comum pode deixar uma marca.	Investigar a situação.	PER>=5	END	xp=8	END	fatigue=1		Continuar seu caminho.	NONE	END	fatigue=0	END	fatigue=1		RANDOM;NARRATIVE	NONE	6
RND_0444	SOCIAL	COMMON	ANY	Aeloria	Netherholt	5	70	11	Uma pessoa à beira da estrada	A poucos passos da estrada, uma pessoa surge ofegante. Ela conta que alguém levou seu filho e aponta para a trilha ainda recente. A distância é pequena; o problema é que você não sabe o que encontrará no fim dela.	Investigar a situação.	PER>=5	END	xp=7	END	fatigue=1		Continuar seu caminho.	NONE	END	fatigue=0	END	fatigue=1		RANDOM;NARRATIVE	NONE	15
RND_0445	MONSTER	COMMON	ANY	Tharun	Stone-Âmbar	3	148	4	Rastros na estrada — Lynx	As marcas no barro contam uma história antes mesmo de você ver a criatura. Galhos quebrados, um cheiro estranho e o silêncio repentino dos pássaros sugerem que um lynx está próximo. Você pode investigar ou seguir adiante.	Investigar a situação.	PER>=5	END	xp=6	END	fatigue=1	AEL_MON_0001	Continuar seu caminho.	NONE	END	fatigue=0	END	fatigue=1		RANDOM;NARRATIVE	NONE	11
RND_0446	OPPORTUNITY	COMMON	ANY	Nyssara	Emerald Tide	2	95	2	Pedido inesperado	Emerald Tide segue sua rotina, mas pequenos detalhes chamam sua atenção. Um comerciante fala baixo, um viajante observa a estrada e uma oportunidade aparece onde você menos esperava. Em Altheria, até um dia comum pode deixar uma marca.	Investigar a situação.	PER>=5	END	xp=7	END	fatigue=1		Continuar seu caminho.	NONE	END	fatigue=0	END	fatigue=1		RANDOM;NARRATIVE	NONE	8
RND_0447	CITY	COMMON	ANY	Myrthos	Sem nome definido	2	26	10	Sinais na fronteira	Sem nome definido segue sua rotina, mas pequenos detalhes chamam sua atenção. Um comerciante fala baixo, um viajante observa a estrada e uma oportunidade aparece onde você menos esperava. Em Altheria, até um dia comum pode deixar uma marca.	Investigar a situação.	PER>=5	END	xp=7	END	fatigue=1		Continuar seu caminho.	NONE	END	fatigue=0	END	fatigue=1		RANDOM;NARRATIVE	NONE	7
RND_0448	SOCIAL	COMMON	ANY	Myrthos	Sem nome definido	7	95	10	Uma pessoa à beira da estrada	A poucos passos da estrada, uma pessoa surge ofegante. Ela conta que alguém levou seu filho e aponta para a trilha ainda recente. A distância é pequena; o problema é que você não sabe o que encontrará no fim dela.	Investigar a situação.	PER>=5	END	xp=3	END	fatigue=1		Continuar seu caminho.	NONE	END	fatigue=0	END	fatigue=1		RANDOM;NARRATIVE	NONE	5
RND_0449	GUILD	COMMON	ANY	Aeloria	Tindralith	1	134	11	Uma porta entreaberta	Tindralith segue sua rotina, mas pequenos detalhes chamam sua atenção. Um comerciante fala baixo, um viajante observa a estrada e uma oportunidade aparece onde você menos esperava. Em Altheria, até um dia comum pode deixar uma marca.	Investigar a situação.	PER>=5	END	xp=3	END	fatigue=1		Continuar seu caminho.	NONE	END	fatigue=0	END	fatigue=1		RANDOM;NARRATIVE	NONE	14
RND_0450	CITY	COMMON	ANY	Aeloria	Highspire	8	78	2	Uma porta entreaberta	Highspire segue sua rotina, mas pequenos detalhes chamam sua atenção. Um comerciante fala baixo, um viajante observa a estrada e uma oportunidade aparece onde você menos esperava. Em Altheria, até um dia comum pode deixar uma marca.	Investigar a situação.	PER>=5	END	xp=7	END	fatigue=1		Continuar seu caminho.	NONE	END	fatigue=0	END	fatigue=1		RANDOM;NARRATIVE	NONE	19
RND_0451	CITY	COMMON	ANY	Nyssara	Emerald Tide	4	15	13	Rumor de taverna	Emerald Tide segue sua rotina, mas pequenos detalhes chamam sua atenção. Um comerciante fala baixo, um viajante observa a estrada e uma oportunidade aparece onde você menos esperava. Em Altheria, até um dia comum pode deixar uma marca.	Investigar a situação.	PER>=5	END	xp=6	END	fatigue=1		Continuar seu caminho.	NONE	END	fatigue=0	END	fatigue=1		RANDOM;NARRATIVE	NONE	18
RND_0452	MONSTER	COMMON	ANY	Lyrien	Aerocivitus	8	68	7	Rastros na estrada — Crow	As marcas no barro contam uma história antes mesmo de você ver a criatura. Galhos quebrados, um cheiro estranho e o silêncio repentino dos pássaros sugerem que um crow está próximo. Você pode investigar ou seguir adiante.	Investigar a situação.	PER>=5	END	xp=3	END	fatigue=1	AEL_MON_0001	Continuar seu caminho.	NONE	END	fatigue=0	END	fatigue=1		RANDOM;NARRATIVE	NONE	12
RND_0453	SOCIAL	COMMON	ANY	Zarim	Fornalia	8	121	9	Uma pessoa à beira da estrada	A poucos passos da estrada, uma pessoa surge ofegante. Ela conta que alguém levou seu filho e aponta para a trilha ainda recente. A distância é pequena; o problema é que você não sabe o que encontrará no fim dela.	Investigar a situação.	PER>=5	END	xp=6	END	fatigue=1		Continuar seu caminho.	NONE	END	fatigue=0	END	fatigue=1		RANDOM;NARRATIVE	NONE	15
RND_0454	GUILD	COMMON	ANY	Orinthal	Crystalia	1	42	4	Uma manhã que parecia comum	Crystalia segue sua rotina, mas pequenos detalhes chamam sua atenção. Um comerciante fala baixo, um viajante observa a estrada e uma oportunidade aparece onde você menos esperava. Em Altheria, até um dia comum pode deixar uma marca.	Investigar a situação.	PER>=5	END	xp=5	END	fatigue=1		Continuar seu caminho.	NONE	END	fatigue=0	END	fatigue=1		RANDOM;NARRATIVE	NONE	13
RND_0455	ACADEMIC	COMMON	ANY	Orinthal	Crystalia	2	69	5	Entre aulas e rivalidades	O corredor da Academia de Valdora está cheio. Um colega pede ajuda, outro provoca você e um professor observa de longe, aparentemente interessado em descobrir quem consegue resolver o problema sem transformar tudo em uma briga.	Investigar a situação.	PER>=5	END	xp=3	END	fatigue=1		Continuar seu caminho.	NONE	END	fatigue=0	END	fatigue=1		RANDOM;NARRATIVE	NONE	13
RND_0456	SOCIAL	COMMON	ANY	Zarim	Fornalia	3	119	10	Uma pessoa à beira da estrada	A poucos passos da estrada, uma pessoa surge ofegante. Ela conta que alguém levou seu filho e aponta para a trilha ainda recente. A distância é pequena; o problema é que você não sabe o que encontrará no fim dela.	Investigar a situação.	PER>=5	END	xp=1	END	fatigue=1		Continuar seu caminho.	NONE	END	fatigue=0	END	fatigue=1		RANDOM;NARRATIVE	NONE	15
RND_0457	OPPORTUNITY	COMMON	ANY	Eshmara	Brumas	2	61	14	Rumor de taverna	Brumas segue sua rotina, mas pequenos detalhes chamam sua atenção. Um comerciante fala baixo, um viajante observa a estrada e uma oportunidade aparece onde você menos esperava. Em Altheria, até um dia comum pode deixar uma marca.	Investigar a situação.	PER>=5	END	xp=5	END	fatigue=1		Continuar seu caminho.	NONE	END	fatigue=0	END	fatigue=1		RANDOM;NARRATIVE	NONE	15
RND_0458	SOCIAL	COMMON	ANY	Zarim	Fornalia	5	88	5	Uma pessoa à beira da estrada	A poucos passos da estrada, uma pessoa surge ofegante. Ela conta que alguém levou seu filho e aponta para a trilha ainda recente. A distância é pequena; o problema é que você não sabe o que encontrará no fim dela.	Investigar a situação.	PER>=5	END	xp=7	END	fatigue=1		Continuar seu caminho.	NONE	END	fatigue=0	END	fatigue=1		RANDOM;NARRATIVE	NONE	12
RND_0459	MONSTER	COMMON	ANY	Lyrien	Aerocivitus	8	108	14	Rastros na estrada — Sprite	As marcas no barro contam uma história antes mesmo de você ver a criatura. Galhos quebrados, um cheiro estranho e o silêncio repentino dos pássaros sugerem que um sprite está próximo. Você pode investigar ou seguir adiante.	Investigar a situação.	PER>=5	END	xp=4	END	fatigue=1	AEL_MON_0001	Continuar seu caminho.	NONE	END	fatigue=0	END	fatigue=1		RANDOM;NARRATIVE	NONE	19
RND_0460	MONSTER	COMMON	ANY	Myrthos	Sem nome definido	4	11	14	Rastros na estrada — Gryphon	As marcas no barro contam uma história antes mesmo de você ver a criatura. Galhos quebrados, um cheiro estranho e o silêncio repentino dos pássaros sugerem que um gryphon está próximo. Você pode investigar ou seguir adiante.	Investigar a situação.	PER>=5	END	xp=6	END	fatigue=1	AEL_MON_0001	Continuar seu caminho.	NONE	END	fatigue=0	END	fatigue=1		RANDOM;NARRATIVE	NONE	19
RND_0461	GUILD	COMMON	ANY	Myrthos	Sem nome definido	5	115	14	Uma manhã que parecia comum	Sem nome definido segue sua rotina, mas pequenos detalhes chamam sua atenção. Um comerciante fala baixo, um viajante observa a estrada e uma oportunidade aparece onde você menos esperava. Em Altheria, até um dia comum pode deixar uma marca.	Investigar a situação.	PER>=5	END	xp=7	END	fatigue=1		Continuar seu caminho.	NONE	END	fatigue=0	END	fatigue=1		RANDOM;NARRATIVE	NONE	5
RND_0462	MONSTER	COMMON	ANY	Tharun	Stone-Âmbar	2	103	4	Rastros na estrada — Spider	As marcas no barro contam uma história antes mesmo de você ver a criatura. Galhos quebrados, um cheiro estranho e o silêncio repentino dos pássaros sugerem que um spider está próximo. Você pode investigar ou seguir adiante.	Investigar a situação.	PER>=5	END	xp=6	END	fatigue=1	AEL_MON_0001	Continuar seu caminho.	NONE	END	fatigue=0	END	fatigue=1		RANDOM;NARRATIVE	NONE	11
RND_0463	MONSTER	COMMON	ANY	Valkyrion	Volmeria	2	35	14	Rastros na estrada — Sprite	As marcas no barro contam uma história antes mesmo de você ver a criatura. Galhos quebrados, um cheiro estranho e o silêncio repentino dos pássaros sugerem que um sprite está próximo. Você pode investigar ou seguir adiante.	Investigar a situação.	PER>=5	END	xp=2	END	fatigue=1	AEL_MON_0001	Continuar seu caminho.	NONE	END	fatigue=0	END	fatigue=1		RANDOM;NARRATIVE	NONE	4
RND_0464	ACADEMIC	COMMON	ANY	Myrthos	Sem nome definido	6	35	13	Entre aulas e rivalidades	O corredor da Academia de Valdora está cheio. Um colega pede ajuda, outro provoca você e um professor observa de longe, aparentemente interessado em descobrir quem consegue resolver o problema sem transformar tudo em uma briga.	Investigar a situação.	PER>=5	END	xp=5	END	fatigue=1		Continuar seu caminho.	NONE	END	fatigue=0	END	fatigue=1		RANDOM;NARRATIVE	NONE	19
RND_0465	ROAD	COMMON	ANY	Zarim	Fornalia	3	141	7	Rumor de taverna	Fornalia segue sua rotina, mas pequenos detalhes chamam sua atenção. Um comerciante fala baixo, um viajante observa a estrada e uma oportunidade aparece onde você menos esperava. Em Altheria, até um dia comum pode deixar uma marca.	Investigar a situação.	PER>=5	END	xp=6	END	fatigue=1		Continuar seu caminho.	NONE	END	fatigue=0	END	fatigue=1		RANDOM;NARRATIVE	NONE	16
RND_0466	MONSTER	COMMON	ANY	Orinthal	Crystalia	6	142	4	Rastros na estrada — Lynx	As marcas no barro contam uma história antes mesmo de você ver a criatura. Galhos quebrados, um cheiro estranho e o silêncio repentino dos pássaros sugerem que um lynx está próximo. Você pode investigar ou seguir adiante.	Investigar a situação.	PER>=5	END	xp=5	END	fatigue=1	AEL_MON_0001	Continuar seu caminho.	NONE	END	fatigue=0	END	fatigue=1		RANDOM;NARRATIVE	NONE	11
RND_0467	GUILD	COMMON	ANY	Kethruun	Sandbones	8	37	12	Mercadoria esquecida	Sandbones segue sua rotina, mas pequenos detalhes chamam sua atenção. Um comerciante fala baixo, um viajante observa a estrada e uma oportunidade aparece onde você menos esperava. Em Altheria, até um dia comum pode deixar uma marca.	Investigar a situação.	PER>=5	END	xp=3	END	fatigue=1		Continuar seu caminho.	NONE	END	fatigue=0	END	fatigue=1		RANDOM;NARRATIVE	NONE	14
RND_0468	OPPORTUNITY	COMMON	ANY	Nyssara	Emerald Tide	7	57	11	Rumor de taverna	Emerald Tide segue sua rotina, mas pequenos detalhes chamam sua atenção. Um comerciante fala baixo, um viajante observa a estrada e uma oportunidade aparece onde você menos esperava. Em Altheria, até um dia comum pode deixar uma marca.	Investigar a situação.	PER>=5	END	xp=6	END	fatigue=1		Continuar seu caminho.	NONE	END	fatigue=0	END	fatigue=1		RANDOM;NARRATIVE	NONE	4
RND_0469	GUILD	COMMON	ANY	Kethruun	Sandbones	3	55	8	Rumor de taverna	Sandbones segue sua rotina, mas pequenos detalhes chamam sua atenção. Um comerciante fala baixo, um viajante observa a estrada e uma oportunidade aparece onde você menos esperava. Em Altheria, até um dia comum pode deixar uma marca.	Investigar a situação.	PER>=5	END	xp=2	END	fatigue=1		Continuar seu caminho.	NONE	END	fatigue=0	END	fatigue=1		RANDOM;NARRATIVE	NONE	14
RND_0470	ACADEMIC	COMMON	ANY	Nyssara	Emerald Tide	5	49	12	Entre aulas e rivalidades	O corredor da Academia de Valdora está cheio. Um colega pede ajuda, outro provoca você e um professor observa de longe, aparentemente interessado em descobrir quem consegue resolver o problema sem transformar tudo em uma briga.	Investigar a situação.	PER>=5	END	xp=3	END	fatigue=1		Continuar seu caminho.	NONE	END	fatigue=0	END	fatigue=1		RANDOM;NARRATIVE	NONE	3
RND_0471	ROAD	COMMON	ANY	Eshmara	Brumas	4	105	7	Uma porta entreaberta	Brumas segue sua rotina, mas pequenos detalhes chamam sua atenção. Um comerciante fala baixo, um viajante observa a estrada e uma oportunidade aparece onde você menos esperava. Em Altheria, até um dia comum pode deixar uma marca.	Investigar a situação.	PER>=5	END	xp=8	END	fatigue=1		Continuar seu caminho.	NONE	END	fatigue=0	END	fatigue=1		RANDOM;NARRATIVE	NONE	18
RND_0472	ROAD	COMMON	ANY	Tharun	Stone-Âmbar	8	62	13	Rumor de taverna	Stone-Âmbar segue sua rotina, mas pequenos detalhes chamam sua atenção. Um comerciante fala baixo, um viajante observa a estrada e uma oportunidade aparece onde você menos esperava. Em Altheria, até um dia comum pode deixar uma marca.	Investigar a situação.	PER>=5	END	xp=6	END	fatigue=1		Continuar seu caminho.	NONE	END	fatigue=0	END	fatigue=1		RANDOM;NARRATIVE	NONE	7
RND_0473	CITY	COMMON	ANY	Lyrien	Aerocivitus	8	5	5	Pedido inesperado	Aerocivitus segue sua rotina, mas pequenos detalhes chamam sua atenção. Um comerciante fala baixo, um viajante observa a estrada e uma oportunidade aparece onde você menos esperava. Em Altheria, até um dia comum pode deixar uma marca.	Investigar a situação.	PER>=5	END	xp=4	END	fatigue=1		Continuar seu caminho.	NONE	END	fatigue=0	END	fatigue=1		RANDOM;NARRATIVE	NONE	11
RND_0474	CITY	COMMON	ANY	Lyrien	Aerocivitus	2	76	4	Uma manhã que parecia comum	Aerocivitus segue sua rotina, mas pequenos detalhes chamam sua atenção. Um comerciante fala baixo, um viajante observa a estrada e uma oportunidade aparece onde você menos esperava. Em Altheria, até um dia comum pode deixar uma marca.	Investigar a situação.	PER>=5	END	xp=5	END	fatigue=1		Continuar seu caminho.	NONE	END	fatigue=0	END	fatigue=1		RANDOM;NARRATIVE	NONE	10
RND_0475	OPPORTUNITY	COMMON	ANY	Tharun	Stone-Âmbar	4	4	10	Mercadoria esquecida	Stone-Âmbar segue sua rotina, mas pequenos detalhes chamam sua atenção. Um comerciante fala baixo, um viajante observa a estrada e uma oportunidade aparece onde você menos esperava. Em Altheria, até um dia comum pode deixar uma marca.	Investigar a situação.	PER>=5	END	xp=1	END	fatigue=1		Continuar seu caminho.	NONE	END	fatigue=0	END	fatigue=1		RANDOM;NARRATIVE	NONE	4
RND_0476	MONSTER	COMMON	ANY	Kethruun	Sandbones	8	104	5	Rastros na estrada — Specter	As marcas no barro contam uma história antes mesmo de você ver a criatura. Galhos quebrados, um cheiro estranho e o silêncio repentino dos pássaros sugerem que um specter está próximo. Você pode investigar ou seguir adiante.	Investigar a situação.	PER>=5	END	xp=5	END	fatigue=1	AEL_MON_0001	Continuar seu caminho.	NONE	END	fatigue=0	END	fatigue=1		RANDOM;NARRATIVE	NONE	9
RND_0477	GUILD	COMMON	ANY	Orinthal	Crystalia	6	81	11	Uma manhã que parecia comum	Crystalia segue sua rotina, mas pequenos detalhes chamam sua atenção. Um comerciante fala baixo, um viajante observa a estrada e uma oportunidade aparece onde você menos esperava. Em Altheria, até um dia comum pode deixar uma marca.	Investigar a situação.	PER>=5	END	xp=7	END	fatigue=1		Continuar seu caminho.	NONE	END	fatigue=0	END	fatigue=1		RANDOM;NARRATIVE	NONE	10
RND_0478	CITY	COMMON	ANY	Orinthal	Crystalia	2	103	6	Mercadoria esquecida	Crystalia segue sua rotina, mas pequenos detalhes chamam sua atenção. Um comerciante fala baixo, um viajante observa a estrada e uma oportunidade aparece onde você menos esperava. Em Altheria, até um dia comum pode deixar uma marca.	Investigar a situação.	PER>=5	END	xp=7	END	fatigue=1		Continuar seu caminho.	NONE	END	fatigue=0	END	fatigue=1		RANDOM;NARRATIVE	NONE	5
RND_0479	GUILD	COMMON	ANY	Zarim	Fornalia	8	63	10	Rumor de taverna	Fornalia segue sua rotina, mas pequenos detalhes chamam sua atenção. Um comerciante fala baixo, um viajante observa a estrada e uma oportunidade aparece onde você menos esperava. Em Altheria, até um dia comum pode deixar uma marca.	Investigar a situação.	PER>=5	END	xp=4	END	fatigue=1		Continuar seu caminho.	NONE	END	fatigue=0	END	fatigue=1		RANDOM;NARRATIVE	NONE	11
RND_0480	CITY	COMMON	ANY	Kethruun	Sandbones	5	11	11	Pedido inesperado	Sandbones segue sua rotina, mas pequenos detalhes chamam sua atenção. Um comerciante fala baixo, um viajante observa a estrada e uma oportunidade aparece onde você menos esperava. Em Altheria, até um dia comum pode deixar uma marca.	Investigar a situação.	PER>=5	END	xp=5	END	fatigue=1		Continuar seu caminho.	NONE	END	fatigue=0	END	fatigue=1		RANDOM;NARRATIVE	NONE	4
RND_0481	ROAD	COMMON	ANY	Myrthos	Sem nome definido	1	60	12	Pedido inesperado	Sem nome definido segue sua rotina, mas pequenos detalhes chamam sua atenção. Um comerciante fala baixo, um viajante observa a estrada e uma oportunidade aparece onde você menos esperava. Em Altheria, até um dia comum pode deixar uma marca.	Investigar a situação.	PER>=5	END	xp=3	END	fatigue=1		Continuar seu caminho.	NONE	END	fatigue=0	END	fatigue=1		RANDOM;NARRATIVE	NONE	3
RND_0482	ROAD	COMMON	ANY	Kethruun	Sandbones	2	33	3	Mercadoria esquecida	Sandbones segue sua rotina, mas pequenos detalhes chamam sua atenção. Um comerciante fala baixo, um viajante observa a estrada e uma oportunidade aparece onde você menos esperava. Em Altheria, até um dia comum pode deixar uma marca.	Investigar a situação.	PER>=5	END	xp=2	END	fatigue=1		Continuar seu caminho.	NONE	END	fatigue=0	END	fatigue=1		RANDOM;NARRATIVE	NONE	12
RND_0483	ACADEMIC	COMMON	ANY	Nyssara	Emerald Tide	2	100	4	Entre aulas e rivalidades	O corredor da Academia de Valdora está cheio. Um colega pede ajuda, outro provoca você e um professor observa de longe, aparentemente interessado em descobrir quem consegue resolver o problema sem transformar tudo em uma briga.	Investigar a situação.	PER>=5	END	xp=7	END	fatigue=1		Continuar seu caminho.	NONE	END	fatigue=0	END	fatigue=1		RANDOM;NARRATIVE	NONE	9
RND_0484	MONSTER	COMMON	ANY	Zarim	Fornalia	5	7	3	Rastros na estrada — Serpent	As marcas no barro contam uma história antes mesmo de você ver a criatura. Galhos quebrados, um cheiro estranho e o silêncio repentino dos pássaros sugerem que um serpent está próximo. Você pode investigar ou seguir adiante.	Investigar a situação.	PER>=5	END	xp=4	END	fatigue=1	AEL_MON_0001	Continuar seu caminho.	NONE	END	fatigue=0	END	fatigue=1		RANDOM;NARRATIVE	NONE	4
RND_0485	SOCIAL	COMMON	ANY	Myrthos	Sem nome definido	7	123	12	Uma pessoa à beira da estrada	A poucos passos da estrada, uma pessoa surge ofegante. Ela conta que alguém levou seu filho e aponta para a trilha ainda recente. A distância é pequena; o problema é que você não sabe o que encontrará no fim dela.	Investigar a situação.	PER>=5	END	xp=7	END	fatigue=1		Continuar seu caminho.	NONE	END	fatigue=0	END	fatigue=1		RANDOM;NARRATIVE	NONE	13
RND_0486	SOCIAL	COMMON	ANY	Orinthal	Crystalia	2	133	3	Uma pessoa à beira da estrada	A poucos passos da estrada, uma pessoa surge ofegante. Ela conta que alguém levou seu filho e aponta para a trilha ainda recente. A distância é pequena; o problema é que você não sabe o que encontrará no fim dela.	Investigar a situação.	PER>=5	END	xp=7	END	fatigue=1		Continuar seu caminho.	NONE	END	fatigue=0	END	fatigue=1		RANDOM;NARRATIVE	NONE	11
RND_0487	SOCIAL	COMMON	ANY	Nyssara	Emerald Tide	6	107	3	Uma pessoa à beira da estrada	A poucos passos da estrada, uma pessoa surge ofegante. Ela conta que alguém levou seu filho e aponta para a trilha ainda recente. A distância é pequena; o problema é que você não sabe o que encontrará no fim dela.	Investigar a situação.	PER>=5	END	xp=7	END	fatigue=1		Continuar seu caminho.	NONE	END	fatigue=0	END	fatigue=1		RANDOM;NARRATIVE	NONE	13
RND_0488	ACADEMIC	COMMON	ANY	Eshmara	Brumas	5	25	13	Entre aulas e rivalidades	O corredor da Academia de Valdora está cheio. Um colega pede ajuda, outro provoca você e um professor observa de longe, aparentemente interessado em descobrir quem consegue resolver o problema sem transformar tudo em uma briga.	Investigar a situação.	PER>=5	END	xp=8	END	fatigue=1		Continuar seu caminho.	NONE	END	fatigue=0	END	fatigue=1		RANDOM;NARRATIVE	NONE	14
RND_0489	GUILD	COMMON	ANY	Kethruun	Sandbones	3	39	10	Pedido inesperado	Sandbones segue sua rotina, mas pequenos detalhes chamam sua atenção. Um comerciante fala baixo, um viajante observa a estrada e uma oportunidade aparece onde você menos esperava. Em Altheria, até um dia comum pode deixar uma marca.	Investigar a situação.	PER>=5	END	xp=7	END	fatigue=1		Continuar seu caminho.	NONE	END	fatigue=0	END	fatigue=1		RANDOM;NARRATIVE	NONE	7
RND_0490	ACADEMIC	COMMON	ANY	Zarim	Fornalia	7	113	10	Entre aulas e rivalidades	O corredor da Academia de Valdora está cheio. Um colega pede ajuda, outro provoca você e um professor observa de longe, aparentemente interessado em descobrir quem consegue resolver o problema sem transformar tudo em uma briga.	Investigar a situação.	PER>=5	END	xp=8	END	fatigue=1		Continuar seu caminho.	NONE	END	fatigue=0	END	fatigue=1		RANDOM;NARRATIVE	NONE	3
RND_0491	ROAD	COMMON	ANY	Tharun	Stone-Âmbar	7	82	3	Pedido inesperado	Stone-Âmbar segue sua rotina, mas pequenos detalhes chamam sua atenção. Um comerciante fala baixo, um viajante observa a estrada e uma oportunidade aparece onde você menos esperava. Em Altheria, até um dia comum pode deixar uma marca.	Investigar a situação.	PER>=5	END	xp=7	END	fatigue=1		Continuar seu caminho.	NONE	END	fatigue=0	END	fatigue=1		RANDOM;NARRATIVE	NONE	4
RND_0492	SOCIAL	COMMON	ANY	Eshmara	Brumas	1	65	2	Uma pessoa à beira da estrada	A poucos passos da estrada, uma pessoa surge ofegante. Ela conta que alguém levou seu filho e aponta para a trilha ainda recente. A distância é pequena; o problema é que você não sabe o que encontrará no fim dela.	Investigar a situação.	PER>=5	END	xp=2	END	fatigue=1		Continuar seu caminho.	NONE	END	fatigue=0	END	fatigue=1		RANDOM;NARRATIVE	NONE	9
RND_0493	OPPORTUNITY	COMMON	ANY	Zarim	Fornalia	7	8	10	Sinais na fronteira	Fornalia segue sua rotina, mas pequenos detalhes chamam sua atenção. Um comerciante fala baixo, um viajante observa a estrada e uma oportunidade aparece onde você menos esperava. Em Altheria, até um dia comum pode deixar uma marca.	Investigar a situação.	PER>=5	END	xp=1	END	fatigue=1		Continuar seu caminho.	NONE	END	fatigue=0	END	fatigue=1		RANDOM;NARRATIVE	NONE	17
RND_0494	OPPORTUNITY	COMMON	ANY	Kethruun	Sandbones	5	123	10	Pedido inesperado	Sandbones segue sua rotina, mas pequenos detalhes chamam sua atenção. Um comerciante fala baixo, um viajante observa a estrada e uma oportunidade aparece onde você menos esperava. Em Altheria, até um dia comum pode deixar uma marca.	Investigar a situação.	PER>=5	END	xp=2	END	fatigue=1		Continuar seu caminho.	NONE	END	fatigue=0	END	fatigue=1		RANDOM;NARRATIVE	NONE	4
RND_0495	ROAD	COMMON	ANY	Kethruun	Sandbones	6	11	6	Uma manhã que parecia comum	Sandbones segue sua rotina, mas pequenos detalhes chamam sua atenção. Um comerciante fala baixo, um viajante observa a estrada e uma oportunidade aparece onde você menos esperava. Em Altheria, até um dia comum pode deixar uma marca.	Investigar a situação.	PER>=5	END	xp=5	END	fatigue=1		Continuar seu caminho.	NONE	END	fatigue=0	END	fatigue=1		RANDOM;NARRATIVE	NONE	18
RND_0496	GUILD	COMMON	ANY	Valkyrion	Volmeria	5	93	10	Mercadoria esquecida	Volmeria segue sua rotina, mas pequenos detalhes chamam sua atenção. Um comerciante fala baixo, um viajante observa a estrada e uma oportunidade aparece onde você menos esperava. Em Altheria, até um dia comum pode deixar uma marca.	Investigar a situação.	PER>=5	END	xp=8	END	fatigue=1		Continuar seu caminho.	NONE	END	fatigue=0	END	fatigue=1		RANDOM;NARRATIVE	NONE	13
RND_0497	GUILD	COMMON	ANY	Kethruun	Sandbones	2	61	8	Mercadoria esquecida	Sandbones segue sua rotina, mas pequenos detalhes chamam sua atenção. Um comerciante fala baixo, um viajante observa a estrada e uma oportunidade aparece onde você menos esperava. Em Altheria, até um dia comum pode deixar uma marca.	Investigar a situação.	PER>=5	END	xp=5	END	fatigue=1		Continuar seu caminho.	NONE	END	fatigue=0	END	fatigue=1		RANDOM;NARRATIVE	NONE	9
RND_0498	OPPORTUNITY	COMMON	ANY	Kethruun	Sandbones	6	116	12	Rumor de taverna	Sandbones segue sua rotina, mas pequenos detalhes chamam sua atenção. Um comerciante fala baixo, um viajante observa a estrada e uma oportunidade aparece onde você menos esperava. Em Altheria, até um dia comum pode deixar uma marca.	Investigar a situação.	PER>=5	END	xp=8	END	fatigue=1		Continuar seu caminho.	NONE	END	fatigue=0	END	fatigue=1		RANDOM;NARRATIVE	NONE	6
RND_0499	GUILD	COMMON	ANY	Myrthos	Sem nome definido	5	72	13	Mercadoria esquecida	Sem nome definido segue sua rotina, mas pequenos detalhes chamam sua atenção. Um comerciante fala baixo, um viajante observa a estrada e uma oportunidade aparece onde você menos esperava. Em Altheria, até um dia comum pode deixar uma marca.	Investigar a situação.	PER>=5	END	xp=1	END	fatigue=1		Continuar seu caminho.	NONE	END	fatigue=0	END	fatigue=1		RANDOM;NARRATIVE	NONE	6
RND_0500	ACADEMIC	COMMON	ANY	Nyssara	Emerald Tide	3	30	10	Entre aulas e rivalidades	O corredor da Academia de Valdora está cheio. Um colega pede ajuda, outro provoca você e um professor observa de longe, aparentemente interessado em descobrir quem consegue resolver o problema sem transformar tudo em uma briga.	Investigar a situação.	PER>=5	END	xp=5	END	fatigue=1		Continuar seu caminho.	NONE	END	fatigue=0	END	fatigue=1		RANDOM;NARRATIVE	NONE	18
RND_0501	CITY	COMMON	ANY	Myrthos	Sem nome definido	6	12	8	Uma manhã que parecia comum	Sem nome definido segue sua rotina, mas pequenos detalhes chamam sua atenção. Um comerciante fala baixo, um viajante observa a estrada e uma oportunidade aparece onde você menos esperava. Em Altheria, até um dia comum pode deixar uma marca.	Investigar a situação.	PER>=5	END	xp=5	END	fatigue=1		Continuar seu caminho.	NONE	END	fatigue=0	END	fatigue=1		RANDOM;NARRATIVE	NONE	4
RND_0502	OPPORTUNITY	COMMON	ANY	Eshmara	Brumas	8	122	14	Uma porta entreaberta	Brumas segue sua rotina, mas pequenos detalhes chamam sua atenção. Um comerciante fala baixo, um viajante observa a estrada e uma oportunidade aparece onde você menos esperava. Em Altheria, até um dia comum pode deixar uma marca.	Investigar a situação.	PER>=5	END	xp=3	END	fatigue=1		Continuar seu caminho.	NONE	END	fatigue=0	END	fatigue=1		RANDOM;NARRATIVE	NONE	8
RND_0503	MONSTER	COMMON	ANY	Zarim	Fornalia	6	150	4	Rastros na estrada — Centaur	As marcas no barro contam uma história antes mesmo de você ver a criatura. Galhos quebrados, um cheiro estranho e o silêncio repentino dos pássaros sugerem que um centaur está próximo. Você pode investigar ou seguir adiante.	Investigar a situação.	PER>=5	END	xp=6	END	fatigue=1	AEL_MON_0001	Continuar seu caminho.	NONE	END	fatigue=0	END	fatigue=1		RANDOM;NARRATIVE	NONE	19
RND_0504	SOCIAL	COMMON	ANY	Valkyrion	Volmeria	3	44	10	Uma pessoa à beira da estrada	A poucos passos da estrada, uma pessoa surge ofegante. Ela conta que alguém levou seu filho e aponta para a trilha ainda recente. A distância é pequena; o problema é que você não sabe o que encontrará no fim dela.	Investigar a situação.	PER>=5	END	xp=4	END	fatigue=1		Continuar seu caminho.	NONE	END	fatigue=0	END	fatigue=1		RANDOM;NARRATIVE	NONE	12
RND_0505	SOCIAL	COMMON	ANY	Eshmara	Brumas	2	12	13	Uma pessoa à beira da estrada	A poucos passos da estrada, uma pessoa surge ofegante. Ela conta que alguém levou seu filho e aponta para a trilha ainda recente. A distância é pequena; o problema é que você não sabe o que encontrará no fim dela.	Investigar a situação.	PER>=5	END	xp=5	END	fatigue=1		Continuar seu caminho.	NONE	END	fatigue=0	END	fatigue=1		RANDOM;NARRATIVE	NONE	4
RND_0506	ROAD	COMMON	ANY	Valkyrion	Volmeria	6	47	7	Rumor de taverna	Volmeria segue sua rotina, mas pequenos detalhes chamam sua atenção. Um comerciante fala baixo, um viajante observa a estrada e uma oportunidade aparece onde você menos esperava. Em Altheria, até um dia comum pode deixar uma marca.	Investigar a situação.	PER>=5	END	xp=6	END	fatigue=1		Continuar seu caminho.	NONE	END	fatigue=0	END	fatigue=1		RANDOM;NARRATIVE	NONE	17
RND_0507	SOCIAL	COMMON	ANY	Kethruun	Sandbones	1	75	11	Uma pessoa à beira da estrada	A poucos passos da estrada, uma pessoa surge ofegante. Ela conta que alguém levou seu filho e aponta para a trilha ainda recente. A distância é pequena; o problema é que você não sabe o que encontrará no fim dela.	Investigar a situação.	PER>=5	END	xp=3	END	fatigue=1		Continuar seu caminho.	NONE	END	fatigue=0	END	fatigue=1		RANDOM;NARRATIVE	NONE	11
RND_0508	ROAD	COMMON	ANY	Myrthos	Sem nome definido	5	33	5	Uma porta entreaberta	Sem nome definido segue sua rotina, mas pequenos detalhes chamam sua atenção. Um comerciante fala baixo, um viajante observa a estrada e uma oportunidade aparece onde você menos esperava. Em Altheria, até um dia comum pode deixar uma marca.	Investigar a situação.	PER>=5	END	xp=6	END	fatigue=1		Continuar seu caminho.	NONE	END	fatigue=0	END	fatigue=1		RANDOM;NARRATIVE	NONE	8
RND_0509	ACADEMIC	COMMON	ANY	Orinthal	Crystalia	4	61	3	Entre aulas e rivalidades	O corredor da Academia de Valdora está cheio. Um colega pede ajuda, outro provoca você e um professor observa de longe, aparentemente interessado em descobrir quem consegue resolver o problema sem transformar tudo em uma briga.	Investigar a situação.	PER>=5	END	xp=1	END	fatigue=1		Continuar seu caminho.	NONE	END	fatigue=0	END	fatigue=1		RANDOM;NARRATIVE	NONE	11
RND_0510	CITY	COMMON	ANY	Myrthos	Sem nome definido	3	58	11	Pedido inesperado	Sem nome definido segue sua rotina, mas pequenos detalhes chamam sua atenção. Um comerciante fala baixo, um viajante observa a estrada e uma oportunidade aparece onde você menos esperava. Em Altheria, até um dia comum pode deixar uma marca.	Investigar a situação.	PER>=5	END	xp=2	END	fatigue=1		Continuar seu caminho.	NONE	END	fatigue=0	END	fatigue=1		RANDOM;NARRATIVE	NONE	17
RND_0511	GUILD	COMMON	ANY	Tharun	Stone-Âmbar	2	72	11	Uma porta entreaberta	Stone-Âmbar segue sua rotina, mas pequenos detalhes chamam sua atenção. Um comerciante fala baixo, um viajante observa a estrada e uma oportunidade aparece onde você menos esperava. Em Altheria, até um dia comum pode deixar uma marca.	Investigar a situação.	PER>=5	END	xp=2	END	fatigue=1		Continuar seu caminho.	NONE	END	fatigue=0	END	fatigue=1		RANDOM;NARRATIVE	NONE	12
RND_0512	SOCIAL	COMMON	ANY	Myrthos	Sem nome definido	8	138	6	Uma pessoa à beira da estrada	A poucos passos da estrada, uma pessoa surge ofegante. Ela conta que alguém levou seu filho e aponta para a trilha ainda recente. A distância é pequena; o problema é que você não sabe o que encontrará no fim dela.	Investigar a situação.	PER>=5	END	xp=7	END	fatigue=1		Continuar seu caminho.	NONE	END	fatigue=0	END	fatigue=1		RANDOM;NARRATIVE	NONE	18
RND_0513	MONSTER	COMMON	ANY	Aeloria	Jorwyn	8	47	8	Rastros na estrada — Rakshasa	As marcas no barro contam uma história antes mesmo de você ver a criatura. Galhos quebrados, um cheiro estranho e o silêncio repentino dos pássaros sugerem que um rakshasa está próximo. Você pode investigar ou seguir adiante.	Investigar a situação.	PER>=5	END	xp=5	END	fatigue=1	AEL_MON_0001	Continuar seu caminho.	NONE	END	fatigue=0	END	fatigue=1		RANDOM;NARRATIVE	NONE	13
RND_0514	ROAD	COMMON	ANY	Lyrien	Aerocivitus	7	109	7	Uma porta entreaberta	Aerocivitus segue sua rotina, mas pequenos detalhes chamam sua atenção. Um comerciante fala baixo, um viajante observa a estrada e uma oportunidade aparece onde você menos esperava. Em Altheria, até um dia comum pode deixar uma marca.	Investigar a situação.	PER>=5	END	xp=6	END	fatigue=1		Continuar seu caminho.	NONE	END	fatigue=0	END	fatigue=1		RANDOM;NARRATIVE	NONE	4
RND_0515	SOCIAL	COMMON	ANY	Valkyrion	Volmeria	3	130	5	Uma pessoa à beira da estrada	A poucos passos da estrada, uma pessoa surge ofegante. Ela conta que alguém levou seu filho e aponta para a trilha ainda recente. A distância é pequena; o problema é que você não sabe o que encontrará no fim dela.	Investigar a situação.	PER>=5	END	xp=1	END	fatigue=1		Continuar seu caminho.	NONE	END	fatigue=0	END	fatigue=1		RANDOM;NARRATIVE	NONE	7
RND_0516	CITY	COMMON	ANY	Myrthos	Sem nome definido	6	150	10	Mercadoria esquecida	Sem nome definido segue sua rotina, mas pequenos detalhes chamam sua atenção. Um comerciante fala baixo, um viajante observa a estrada e uma oportunidade aparece onde você menos esperava. Em Altheria, até um dia comum pode deixar uma marca.	Investigar a situação.	PER>=5	END	xp=7	END	fatigue=1		Continuar seu caminho.	NONE	END	fatigue=0	END	fatigue=1		RANDOM;NARRATIVE	NONE	13
RND_0517	ACADEMIC	COMMON	ANY	Kethruun	Sandbones	4	10	3	Entre aulas e rivalidades	O corredor da Academia de Valdora está cheio. Um colega pede ajuda, outro provoca você e um professor observa de longe, aparentemente interessado em descobrir quem consegue resolver o problema sem transformar tudo em uma briga.	Investigar a situação.	PER>=5	END	xp=4	END	fatigue=1		Continuar seu caminho.	NONE	END	fatigue=0	END	fatigue=1		RANDOM;NARRATIVE	NONE	8
RND_0518	OPPORTUNITY	COMMON	ANY	Tharun	Stone-Âmbar	1	8	9	Pedido inesperado	Stone-Âmbar segue sua rotina, mas pequenos detalhes chamam sua atenção. Um comerciante fala baixo, um viajante observa a estrada e uma oportunidade aparece onde você menos esperava. Em Altheria, até um dia comum pode deixar uma marca.	Investigar a situação.	PER>=5	END	xp=7	END	fatigue=1		Continuar seu caminho.	NONE	END	fatigue=0	END	fatigue=1		RANDOM;NARRATIVE	NONE	18
RND_0519	ACADEMIC	COMMON	ANY	Orinthal	Crystalia	7	88	8	Entre aulas e rivalidades	O corredor da Academia de Valdora está cheio. Um colega pede ajuda, outro provoca você e um professor observa de longe, aparentemente interessado em descobrir quem consegue resolver o problema sem transformar tudo em uma briga.	Investigar a situação.	PER>=5	END	xp=7	END	fatigue=1		Continuar seu caminho.	NONE	END	fatigue=0	END	fatigue=1		RANDOM;NARRATIVE	NONE	17
RND_0520	CITY	COMMON	ANY	Tharun	Stone-Âmbar	3	42	11	Rumor de taverna	Stone-Âmbar segue sua rotina, mas pequenos detalhes chamam sua atenção. Um comerciante fala baixo, um viajante observa a estrada e uma oportunidade aparece onde você menos esperava. Em Altheria, até um dia comum pode deixar uma marca.	Investigar a situação.	PER>=5	END	xp=6	END	fatigue=1		Continuar seu caminho.	NONE	END	fatigue=0	END	fatigue=1		RANDOM;NARRATIVE	NONE	12
RND_0521	GUILD	COMMON	ANY	Nyssara	Emerald Tide	6	43	5	Rumor de taverna	Emerald Tide segue sua rotina, mas pequenos detalhes chamam sua atenção. Um comerciante fala baixo, um viajante observa a estrada e uma oportunidade aparece onde você menos esperava. Em Altheria, até um dia comum pode deixar uma marca.	Investigar a situação.	PER>=5	END	xp=6	END	fatigue=1		Continuar seu caminho.	NONE	END	fatigue=0	END	fatigue=1		RANDOM;NARRATIVE	NONE	4
RND_0522	SOCIAL	COMMON	ANY	Valkyrion	Volmeria	2	149	8	Uma pessoa à beira da estrada	A poucos passos da estrada, uma pessoa surge ofegante. Ela conta que alguém levou seu filho e aponta para a trilha ainda recente. A distância é pequena; o problema é que você não sabe o que encontrará no fim dela.	Investigar a situação.	PER>=5	END	xp=4	END	fatigue=1		Continuar seu caminho.	NONE	END	fatigue=0	END	fatigue=1		RANDOM;NARRATIVE	NONE	8
RND_0523	ACADEMIC	COMMON	ANY	Nyssara	Emerald Tide	1	24	7	Entre aulas e rivalidades	O corredor da Academia de Valdora está cheio. Um colega pede ajuda, outro provoca você e um professor observa de longe, aparentemente interessado em descobrir quem consegue resolver o problema sem transformar tudo em uma briga.	Investigar a situação.	PER>=5	END	xp=6	END	fatigue=1		Continuar seu caminho.	NONE	END	fatigue=0	END	fatigue=1		RANDOM;NARRATIVE	NONE	19
RND_0524	GUILD	COMMON	ANY	Lyrien	Aerocivitus	8	149	11	Rumor de taverna	Aerocivitus segue sua rotina, mas pequenos detalhes chamam sua atenção. Um comerciante fala baixo, um viajante observa a estrada e uma oportunidade aparece onde você menos esperava. Em Altheria, até um dia comum pode deixar uma marca.	Investigar a situação.	PER>=5	END	xp=5	END	fatigue=1		Continuar seu caminho.	NONE	END	fatigue=0	END	fatigue=1		RANDOM;NARRATIVE	NONE	19
RND_0525	OPPORTUNITY	COMMON	ANY	Tharun	Stone-Âmbar	3	96	7	Pedido inesperado	Stone-Âmbar segue sua rotina, mas pequenos detalhes chamam sua atenção. Um comerciante fala baixo, um viajante observa a estrada e uma oportunidade aparece onde você menos esperava. Em Altheria, até um dia comum pode deixar uma marca.	Investigar a situação.	PER>=5	END	xp=2	END	fatigue=1		Continuar seu caminho.	NONE	END	fatigue=0	END	fatigue=1		RANDOM;NARRATIVE	NONE	9
RND_0526	CITY	COMMON	ANY	Myrthos	Sem nome definido	6	140	9	Uma manhã que parecia comum	Sem nome definido segue sua rotina, mas pequenos detalhes chamam sua atenção. Um comerciante fala baixo, um viajante observa a estrada e uma oportunidade aparece onde você menos esperava. Em Altheria, até um dia comum pode deixar uma marca.	Investigar a situação.	PER>=5	END	xp=6	END	fatigue=1		Continuar seu caminho.	NONE	END	fatigue=0	END	fatigue=1		RANDOM;NARRATIVE	NONE	18
RND_0527	CITY	COMMON	ANY	Myrthos	Sem nome definido	8	89	5	Mercadoria esquecida	Sem nome definido segue sua rotina, mas pequenos detalhes chamam sua atenção. Um comerciante fala baixo, um viajante observa a estrada e uma oportunidade aparece onde você menos esperava. Em Altheria, até um dia comum pode deixar uma marca.	Investigar a situação.	PER>=5	END	xp=7	END	fatigue=1		Continuar seu caminho.	NONE	END	fatigue=0	END	fatigue=1		RANDOM;NARRATIVE	NONE	11
RND_0528	ROAD	COMMON	ANY	Myrthos	Sem nome definido	8	113	4	Sinais na fronteira	Sem nome definido segue sua rotina, mas pequenos detalhes chamam sua atenção. Um comerciante fala baixo, um viajante observa a estrada e uma oportunidade aparece onde você menos esperava. Em Altheria, até um dia comum pode deixar uma marca.	Investigar a situação.	PER>=5	END	xp=2	END	fatigue=1		Continuar seu caminho.	NONE	END	fatigue=0	END	fatigue=1		RANDOM;NARRATIVE	NONE	9
RND_0529	MONSTER	COMMON	ANY	Lyrien	Aerocivitus	8	68	5	Rastros na estrada — Kraken	As marcas no barro contam uma história antes mesmo de você ver a criatura. Galhos quebrados, um cheiro estranho e o silêncio repentino dos pássaros sugerem que um kraken está próximo. Você pode investigar ou seguir adiante.	Investigar a situação.	PER>=5	END	xp=7	END	fatigue=1	AEL_MON_0001	Continuar seu caminho.	NONE	END	fatigue=0	END	fatigue=1		RANDOM;NARRATIVE	NONE	7
RND_0530	GUILD	COMMON	ANY	Orinthal	Crystalia	5	34	11	Sinais na fronteira	Crystalia segue sua rotina, mas pequenos detalhes chamam sua atenção. Um comerciante fala baixo, um viajante observa a estrada e uma oportunidade aparece onde você menos esperava. Em Altheria, até um dia comum pode deixar uma marca.	Investigar a situação.	PER>=5	END	xp=1	END	fatigue=1		Continuar seu caminho.	NONE	END	fatigue=0	END	fatigue=1		RANDOM;NARRATIVE	NONE	19
RND_0531	GUILD	COMMON	ANY	Aeloria	Xandralor	2	140	3	Mercadoria esquecida	Xandralor segue sua rotina, mas pequenos detalhes chamam sua atenção. Um comerciante fala baixo, um viajante observa a estrada e uma oportunidade aparece onde você menos esperava. Em Altheria, até um dia comum pode deixar uma marca.	Investigar a situação.	PER>=5	END	xp=4	END	fatigue=1		Continuar seu caminho.	NONE	END	fatigue=0	END	fatigue=1		RANDOM;NARRATIVE	NONE	12
RND_0532	ACADEMIC	COMMON	ANY	Eshmara	Brumas	8	60	14	Entre aulas e rivalidades	O corredor da Academia de Valdora está cheio. Um colega pede ajuda, outro provoca você e um professor observa de longe, aparentemente interessado em descobrir quem consegue resolver o problema sem transformar tudo em uma briga.	Investigar a situação.	PER>=5	END	xp=2	END	fatigue=1		Continuar seu caminho.	NONE	END	fatigue=0	END	fatigue=1		RANDOM;NARRATIVE	NONE	7
RND_0533	GUILD	COMMON	ANY	Nyssara	Emerald Tide	5	125	6	Sinais na fronteira	Emerald Tide segue sua rotina, mas pequenos detalhes chamam sua atenção. Um comerciante fala baixo, um viajante observa a estrada e uma oportunidade aparece onde você menos esperava. Em Altheria, até um dia comum pode deixar uma marca.	Investigar a situação.	PER>=5	END	xp=6	END	fatigue=1		Continuar seu caminho.	NONE	END	fatigue=0	END	fatigue=1		RANDOM;NARRATIVE	NONE	4
RND_0534	SOCIAL	COMMON	ANY	Eshmara	Brumas	3	101	5	Uma pessoa à beira da estrada	A poucos passos da estrada, uma pessoa surge ofegante. Ela conta que alguém levou seu filho e aponta para a trilha ainda recente. A distância é pequena; o problema é que você não sabe o que encontrará no fim dela.	Investigar a situação.	PER>=5	END	xp=8	END	fatigue=1		Continuar seu caminho.	NONE	END	fatigue=0	END	fatigue=1		RANDOM;NARRATIVE	NONE	9
RND_0535	SOCIAL	COMMON	ANY	Lyrien	Aerocivitus	5	35	13	Uma pessoa à beira da estrada	A poucos passos da estrada, uma pessoa surge ofegante. Ela conta que alguém levou seu filho e aponta para a trilha ainda recente. A distância é pequena; o problema é que você não sabe o que encontrará no fim dela.	Investigar a situação.	PER>=5	END	xp=1	END	fatigue=1		Continuar seu caminho.	NONE	END	fatigue=0	END	fatigue=1		RANDOM;NARRATIVE	NONE	14
RND_0536	SOCIAL	COMMON	ANY	Eshmara	Brumas	7	109	10	Uma pessoa à beira da estrada	A poucos passos da estrada, uma pessoa surge ofegante. Ela conta que alguém levou seu filho e aponta para a trilha ainda recente. A distância é pequena; o problema é que você não sabe o que encontrará no fim dela.	Investigar a situação.	PER>=5	END	xp=3	END	fatigue=1		Continuar seu caminho.	NONE	END	fatigue=0	END	fatigue=1		RANDOM;NARRATIVE	NONE	9
RND_0537	GUILD	COMMON	ANY	Zarim	Fornalia	1	42	13	Uma manhã que parecia comum	Fornalia segue sua rotina, mas pequenos detalhes chamam sua atenção. Um comerciante fala baixo, um viajante observa a estrada e uma oportunidade aparece onde você menos esperava. Em Altheria, até um dia comum pode deixar uma marca.	Investigar a situação.	PER>=5	END	xp=2	END	fatigue=1		Continuar seu caminho.	NONE	END	fatigue=0	END	fatigue=1		RANDOM;NARRATIVE	NONE	18
RND_0538	CITY	COMMON	ANY	Myrthos	Sem nome definido	7	60	13	Rumor de taverna	Sem nome definido segue sua rotina, mas pequenos detalhes chamam sua atenção. Um comerciante fala baixo, um viajante observa a estrada e uma oportunidade aparece onde você menos esperava. Em Altheria, até um dia comum pode deixar uma marca.	Investigar a situação.	PER>=5	END	xp=7	END	fatigue=1		Continuar seu caminho.	NONE	END	fatigue=0	END	fatigue=1		RANDOM;NARRATIVE	NONE	8
RND_0539	MONSTER	COMMON	ANY	Myrthos	Sem nome definido	5	92	6	Rastros na estrada — Stag	As marcas no barro contam uma história antes mesmo de você ver a criatura. Galhos quebrados, um cheiro estranho e o silêncio repentino dos pássaros sugerem que um stag está próximo. Você pode investigar ou seguir adiante.	Investigar a situação.	PER>=5	END	xp=2	END	fatigue=1	AEL_MON_0001	Continuar seu caminho.	NONE	END	fatigue=0	END	fatigue=1		RANDOM;NARRATIVE	NONE	6
RND_0540	ACADEMIC	COMMON	ANY	Aeloria	Emberholt	7	117	4	Entre aulas e rivalidades	O corredor da Academia de Valdora está cheio. Um colega pede ajuda, outro provoca você e um professor observa de longe, aparentemente interessado em descobrir quem consegue resolver o problema sem transformar tudo em uma briga.	Investigar a situação.	PER>=5	END	xp=7	END	fatigue=1		Continuar seu caminho.	NONE	END	fatigue=0	END	fatigue=1		RANDOM;NARRATIVE	NONE	13
RND_0541	ROAD	COMMON	ANY	Orinthal	Crystalia	4	54	3	Rumor de taverna	Crystalia segue sua rotina, mas pequenos detalhes chamam sua atenção. Um comerciante fala baixo, um viajante observa a estrada e uma oportunidade aparece onde você menos esperava. Em Altheria, até um dia comum pode deixar uma marca.	Investigar a situação.	PER>=5	END	xp=5	END	fatigue=1		Continuar seu caminho.	NONE	END	fatigue=0	END	fatigue=1		RANDOM;NARRATIVE	NONE	7
RND_0542	OPPORTUNITY	COMMON	ANY	Valkyrion	Volmeria	2	117	13	Rumor de taverna	Volmeria segue sua rotina, mas pequenos detalhes chamam sua atenção. Um comerciante fala baixo, um viajante observa a estrada e uma oportunidade aparece onde você menos esperava. Em Altheria, até um dia comum pode deixar uma marca.	Investigar a situação.	PER>=5	END	xp=7	END	fatigue=1		Continuar seu caminho.	NONE	END	fatigue=0	END	fatigue=1		RANDOM;NARRATIVE	NONE	7
RND_0543	ACADEMIC	COMMON	ANY	Myrthos	Sem nome definido	3	19	3	Entre aulas e rivalidades	O corredor da Academia de Valdora está cheio. Um colega pede ajuda, outro provoca você e um professor observa de longe, aparentemente interessado em descobrir quem consegue resolver o problema sem transformar tudo em uma briga.	Investigar a situação.	PER>=5	END	xp=3	END	fatigue=1		Continuar seu caminho.	NONE	END	fatigue=0	END	fatigue=1		RANDOM;NARRATIVE	NONE	8
RND_0544	MONSTER	COMMON	ANY	Lyrien	Aerocivitus	6	45	8	Rastros na estrada — Orc	As marcas no barro contam uma história antes mesmo de você ver a criatura. Galhos quebrados, um cheiro estranho e o silêncio repentino dos pássaros sugerem que um orc está próximo. Você pode investigar ou seguir adiante.	Investigar a situação.	PER>=5	END	xp=7	END	fatigue=1	AEL_MON_0001	Continuar seu caminho.	NONE	END	fatigue=0	END	fatigue=1		RANDOM;NARRATIVE	NONE	14
RND_0545	GUILD	COMMON	ANY	Orinthal	Crystalia	2	140	3	Uma porta entreaberta	Crystalia segue sua rotina, mas pequenos detalhes chamam sua atenção. Um comerciante fala baixo, um viajante observa a estrada e uma oportunidade aparece onde você menos esperava. Em Altheria, até um dia comum pode deixar uma marca.	Investigar a situação.	PER>=5	END	xp=2	END	fatigue=1		Continuar seu caminho.	NONE	END	fatigue=0	END	fatigue=1		RANDOM;NARRATIVE	NONE	14
RND_0546	MONSTER	COMMON	ANY	Lyrien	Aerocivitus	2	74	11	Rastros na estrada — Direhound	As marcas no barro contam uma história antes mesmo de você ver a criatura. Galhos quebrados, um cheiro estranho e o silêncio repentino dos pássaros sugerem que um direhound está próximo. Você pode investigar ou seguir adiante.	Investigar a situação.	PER>=5	END	xp=5	END	fatigue=1	AEL_MON_0001	Continuar seu caminho.	NONE	END	fatigue=0	END	fatigue=1		RANDOM;NARRATIVE	NONE	7
RND_0547	SOCIAL	COMMON	ANY	Tharun	Stone-Âmbar	2	84	14	Uma pessoa à beira da estrada	A poucos passos da estrada, uma pessoa surge ofegante. Ela conta que alguém levou seu filho e aponta para a trilha ainda recente. A distância é pequena; o problema é que você não sabe o que encontrará no fim dela.	Investigar a situação.	PER>=5	END	xp=3	END	fatigue=1		Continuar seu caminho.	NONE	END	fatigue=0	END	fatigue=1		RANDOM;NARRATIVE	NONE	13
RND_0548	GUILD	COMMON	ANY	Orinthal	Crystalia	4	51	5	Rumor de taverna	Crystalia segue sua rotina, mas pequenos detalhes chamam sua atenção. Um comerciante fala baixo, um viajante observa a estrada e uma oportunidade aparece onde você menos esperava. Em Altheria, até um dia comum pode deixar uma marca.	Investigar a situação.	PER>=5	END	xp=3	END	fatigue=1		Continuar seu caminho.	NONE	END	fatigue=0	END	fatigue=1		RANDOM;NARRATIVE	NONE	6
RND_0549	CITY	COMMON	ANY	Myrthos	Sem nome definido	4	9	14	Pedido inesperado	Sem nome definido segue sua rotina, mas pequenos detalhes chamam sua atenção. Um comerciante fala baixo, um viajante observa a estrada e uma oportunidade aparece onde você menos esperava. Em Altheria, até um dia comum pode deixar uma marca.	Investigar a situação.	PER>=5	END	xp=8	END	fatigue=1		Continuar seu caminho.	NONE	END	fatigue=0	END	fatigue=1		RANDOM;NARRATIVE	NONE	13
RND_0550	ACADEMIC	COMMON	ANY	Orinthal	Crystalia	7	99	14	Entre aulas e rivalidades	O corredor da Academia de Valdora está cheio. Um colega pede ajuda, outro provoca você e um professor observa de longe, aparentemente interessado em descobrir quem consegue resolver o problema sem transformar tudo em uma briga.	Investigar a situação.	PER>=5	END	xp=2	END	fatigue=1		Continuar seu caminho.	NONE	END	fatigue=0	END	fatigue=1		RANDOM;NARRATIVE	NONE	19
RND_0551	MONSTER	COMMON	ANY	Zarim	Fornalia	2	29	10	Rastros na estrada — Ogre	As marcas no barro contam uma história antes mesmo de você ver a criatura. Galhos quebrados, um cheiro estranho e o silêncio repentino dos pássaros sugerem que um ogre está próximo. Você pode investigar ou seguir adiante.	Investigar a situação.	PER>=5	END	xp=2	END	fatigue=1	AEL_MON_0001	Continuar seu caminho.	NONE	END	fatigue=0	END	fatigue=1		RANDOM;NARRATIVE	NONE	9
RND_0552	SOCIAL	COMMON	ANY	Aeloria	Branthollow	5	4	13	Uma pessoa à beira da estrada	A poucos passos da estrada, uma pessoa surge ofegante. Ela conta que alguém levou seu filho e aponta para a trilha ainda recente. A distância é pequena; o problema é que você não sabe o que encontrará no fim dela.	Investigar a situação.	PER>=5	END	xp=5	END	fatigue=1		Continuar seu caminho.	NONE	END	fatigue=0	END	fatigue=1		RANDOM;NARRATIVE	NONE	10
RND_0553	MONSTER	COMMON	ANY	Kethruun	Sandbones	6	68	7	Rastros na estrada — Bear	As marcas no barro contam uma história antes mesmo de você ver a criatura. Galhos quebrados, um cheiro estranho e o silêncio repentino dos pássaros sugerem que um bear está próximo. Você pode investigar ou seguir adiante.	Investigar a situação.	PER>=5	END	xp=4	END	fatigue=1	AEL_MON_0001	Continuar seu caminho.	NONE	END	fatigue=0	END	fatigue=1		RANDOM;NARRATIVE	NONE	15
RND_0554	ACADEMIC	COMMON	ANY	Myrthos	Sem nome definido	4	123	12	Entre aulas e rivalidades	O corredor da Academia de Valdora está cheio. Um colega pede ajuda, outro provoca você e um professor observa de longe, aparentemente interessado em descobrir quem consegue resolver o problema sem transformar tudo em uma briga.	Investigar a situação.	PER>=5	END	xp=7	END	fatigue=1		Continuar seu caminho.	NONE	END	fatigue=0	END	fatigue=1		RANDOM;NARRATIVE	NONE	3
RND_0555	ROAD	COMMON	ANY	Myrthos	Sem nome definido	5	117	7	Mercadoria esquecida	Sem nome definido segue sua rotina, mas pequenos detalhes chamam sua atenção. Um comerciante fala baixo, um viajante observa a estrada e uma oportunidade aparece onde você menos esperava. Em Altheria, até um dia comum pode deixar uma marca.	Investigar a situação.	PER>=5	END	xp=5	END	fatigue=1		Continuar seu caminho.	NONE	END	fatigue=0	END	fatigue=1		RANDOM;NARRATIVE	NONE	6
RND_0556	SOCIAL	COMMON	ANY	Myrthos	Sem nome definido	3	77	14	Uma pessoa à beira da estrada	A poucos passos da estrada, uma pessoa surge ofegante. Ela conta que alguém levou seu filho e aponta para a trilha ainda recente. A distância é pequena; o problema é que você não sabe o que encontrará no fim dela.	Investigar a situação.	PER>=5	END	xp=2	END	fatigue=1		Continuar seu caminho.	NONE	END	fatigue=0	END	fatigue=1		RANDOM;NARRATIVE	NONE	6
RND_0557	OPPORTUNITY	COMMON	ANY	Orinthal	Crystalia	2	137	4	Mercadoria esquecida	Crystalia segue sua rotina, mas pequenos detalhes chamam sua atenção. Um comerciante fala baixo, um viajante observa a estrada e uma oportunidade aparece onde você menos esperava. Em Altheria, até um dia comum pode deixar uma marca.	Investigar a situação.	PER>=5	END	xp=4	END	fatigue=1		Continuar seu caminho.	NONE	END	fatigue=0	END	fatigue=1		RANDOM;NARRATIVE	NONE	5
RND_0558	OPPORTUNITY	COMMON	ANY	Nyssara	Emerald Tide	1	57	13	Rumor de taverna	Emerald Tide segue sua rotina, mas pequenos detalhes chamam sua atenção. Um comerciante fala baixo, um viajante observa a estrada e uma oportunidade aparece onde você menos esperava. Em Altheria, até um dia comum pode deixar uma marca.	Investigar a situação.	PER>=5	END	xp=5	END	fatigue=1		Continuar seu caminho.	NONE	END	fatigue=0	END	fatigue=1		RANDOM;NARRATIVE	NONE	4
RND_0559	ROAD	COMMON	ANY	Nyssara	Emerald Tide	3	86	9	Rumor de taverna	Emerald Tide segue sua rotina, mas pequenos detalhes chamam sua atenção. Um comerciante fala baixo, um viajante observa a estrada e uma oportunidade aparece onde você menos esperava. Em Altheria, até um dia comum pode deixar uma marca.	Investigar a situação.	PER>=5	END	xp=6	END	fatigue=1		Continuar seu caminho.	NONE	END	fatigue=0	END	fatigue=1		RANDOM;NARRATIVE	NONE	7
RND_0560	ACADEMIC	COMMON	ANY	Eshmara	Brumas	4	137	7	Entre aulas e rivalidades	O corredor da Academia de Valdora está cheio. Um colega pede ajuda, outro provoca você e um professor observa de longe, aparentemente interessado em descobrir quem consegue resolver o problema sem transformar tudo em uma briga.	Investigar a situação.	PER>=5	END	xp=8	END	fatigue=1		Continuar seu caminho.	NONE	END	fatigue=0	END	fatigue=1		RANDOM;NARRATIVE	NONE	3
RND_0561	SOCIAL	COMMON	ANY	Orinthal	Crystalia	2	36	10	Uma pessoa à beira da estrada	A poucos passos da estrada, uma pessoa surge ofegante. Ela conta que alguém levou seu filho e aponta para a trilha ainda recente. A distância é pequena; o problema é que você não sabe o que encontrará no fim dela.	Investigar a situação.	PER>=5	END	xp=1	END	fatigue=1		Continuar seu caminho.	NONE	END	fatigue=0	END	fatigue=1		RANDOM;NARRATIVE	NONE	5
RND_0562	SOCIAL	COMMON	ANY	Lyrien	Aerocivitus	4	72	12	Uma pessoa à beira da estrada	A poucos passos da estrada, uma pessoa surge ofegante. Ela conta que alguém levou seu filho e aponta para a trilha ainda recente. A distância é pequena; o problema é que você não sabe o que encontrará no fim dela.	Investigar a situação.	PER>=5	END	xp=8	END	fatigue=1		Continuar seu caminho.	NONE	END	fatigue=0	END	fatigue=1		RANDOM;NARRATIVE	NONE	14
RND_0563	CITY	COMMON	ANY	Eshmara	Brumas	5	150	10	Uma porta entreaberta	Brumas segue sua rotina, mas pequenos detalhes chamam sua atenção. Um comerciante fala baixo, um viajante observa a estrada e uma oportunidade aparece onde você menos esperava. Em Altheria, até um dia comum pode deixar uma marca.	Investigar a situação.	PER>=5	END	xp=6	END	fatigue=1		Continuar seu caminho.	NONE	END	fatigue=0	END	fatigue=1		RANDOM;NARRATIVE	NONE	5
RND_0564	ACADEMIC	COMMON	ANY	Lyrien	Aerocivitus	6	119	11	Entre aulas e rivalidades	O corredor da Academia de Valdora está cheio. Um colega pede ajuda, outro provoca você e um professor observa de longe, aparentemente interessado em descobrir quem consegue resolver o problema sem transformar tudo em uma briga.	Investigar a situação.	PER>=5	END	xp=8	END	fatigue=1		Continuar seu caminho.	NONE	END	fatigue=0	END	fatigue=1		RANDOM;NARRATIVE	NONE	18
RND_0565	SOCIAL	COMMON	ANY	Aeloria	Ylthmere	1	76	4	Uma pessoa à beira da estrada	A poucos passos da estrada, uma pessoa surge ofegante. Ela conta que alguém levou seu filho e aponta para a trilha ainda recente. A distância é pequena; o problema é que você não sabe o que encontrará no fim dela.	Investigar a situação.	PER>=5	END	xp=5	END	fatigue=1		Continuar seu caminho.	NONE	END	fatigue=0	END	fatigue=1		RANDOM;NARRATIVE	NONE	9
RND_0566	GUILD	COMMON	ANY	Aeloria	Tindralith	5	86	10	Mercadoria esquecida	Tindralith segue sua rotina, mas pequenos detalhes chamam sua atenção. Um comerciante fala baixo, um viajante observa a estrada e uma oportunidade aparece onde você menos esperava. Em Altheria, até um dia comum pode deixar uma marca.	Investigar a situação.	PER>=5	END	xp=1	END	fatigue=1		Continuar seu caminho.	NONE	END	fatigue=0	END	fatigue=1		RANDOM;NARRATIVE	NONE	15
RND_0567	SOCIAL	COMMON	ANY	Tharun	Stone-Âmbar	1	103	10	Uma pessoa à beira da estrada	A poucos passos da estrada, uma pessoa surge ofegante. Ela conta que alguém levou seu filho e aponta para a trilha ainda recente. A distância é pequena; o problema é que você não sabe o que encontrará no fim dela.	Investigar a situação.	PER>=5	END	xp=6	END	fatigue=1		Continuar seu caminho.	NONE	END	fatigue=0	END	fatigue=1		RANDOM;NARRATIVE	NONE	15
RND_0568	MONSTER	COMMON	ANY	Valkyrion	Volmeria	7	113	12	Rastros na estrada — Hydra	As marcas no barro contam uma história antes mesmo de você ver a criatura. Galhos quebrados, um cheiro estranho e o silêncio repentino dos pássaros sugerem que um hydra está próximo. Você pode investigar ou seguir adiante.	Investigar a situação.	PER>=5	END	xp=6	END	fatigue=1	AEL_MON_0001	Continuar seu caminho.	NONE	END	fatigue=0	END	fatigue=1		RANDOM;NARRATIVE	NONE	17
RND_0569	SOCIAL	COMMON	ANY	Tharun	Stone-Âmbar	1	109	11	Uma pessoa à beira da estrada	A poucos passos da estrada, uma pessoa surge ofegante. Ela conta que alguém levou seu filho e aponta para a trilha ainda recente. A distância é pequena; o problema é que você não sabe o que encontrará no fim dela.	Investigar a situação.	PER>=5	END	xp=1	END	fatigue=1		Continuar seu caminho.	NONE	END	fatigue=0	END	fatigue=1		RANDOM;NARRATIVE	NONE	17
RND_0570	ROAD	COMMON	ANY	Aeloria	Goldhaven	1	50	6	Mercadoria esquecida	Goldhaven segue sua rotina, mas pequenos detalhes chamam sua atenção. Um comerciante fala baixo, um viajante observa a estrada e uma oportunidade aparece onde você menos esperava. Em Altheria, até um dia comum pode deixar uma marca.	Investigar a situação.	PER>=5	END	xp=4	END	fatigue=1		Continuar seu caminho.	NONE	END	fatigue=0	END	fatigue=1		RANDOM;NARRATIVE	NONE	19
RND_0571	SOCIAL	COMMON	ANY	Zarim	Fornalia	1	86	14	Uma pessoa à beira da estrada	A poucos passos da estrada, uma pessoa surge ofegante. Ela conta que alguém levou seu filho e aponta para a trilha ainda recente. A distância é pequena; o problema é que você não sabe o que encontrará no fim dela.	Investigar a situação.	PER>=5	END	xp=4	END	fatigue=1		Continuar seu caminho.	NONE	END	fatigue=0	END	fatigue=1		RANDOM;NARRATIVE	NONE	4
RND_0572	MONSTER	COMMON	ANY	Tharun	Stone-Âmbar	2	87	11	Rastros na estrada — Colossus	As marcas no barro contam uma história antes mesmo de você ver a criatura. Galhos quebrados, um cheiro estranho e o silêncio repentino dos pássaros sugerem que um colossus está próximo. Você pode investigar ou seguir adiante.	Investigar a situação.	PER>=5	END	xp=8	END	fatigue=1	AEL_MON_0001	Continuar seu caminho.	NONE	END	fatigue=0	END	fatigue=1		RANDOM;NARRATIVE	NONE	11
RND_0573	ROAD	COMMON	ANY	Lyrien	Aerocivitus	4	104	8	Sinais na fronteira	Aerocivitus segue sua rotina, mas pequenos detalhes chamam sua atenção. Um comerciante fala baixo, um viajante observa a estrada e uma oportunidade aparece onde você menos esperava. Em Altheria, até um dia comum pode deixar uma marca.	Investigar a situação.	PER>=5	END	xp=7	END	fatigue=1		Continuar seu caminho.	NONE	END	fatigue=0	END	fatigue=1		RANDOM;NARRATIVE	NONE	12
RND_0574	CITY	COMMON	ANY	Aeloria	Pyrelith	3	104	10	Rumor de taverna	Pyrelith segue sua rotina, mas pequenos detalhes chamam sua atenção. Um comerciante fala baixo, um viajante observa a estrada e uma oportunidade aparece onde você menos esperava. Em Altheria, até um dia comum pode deixar uma marca.	Investigar a situação.	PER>=5	END	xp=3	END	fatigue=1		Continuar seu caminho.	NONE	END	fatigue=0	END	fatigue=1		RANDOM;NARRATIVE	NONE	8
RND_0575	MONSTER	COMMON	ANY	Kethruun	Sandbones	8	98	13	Rastros na estrada — Bat	As marcas no barro contam uma história antes mesmo de você ver a criatura. Galhos quebrados, um cheiro estranho e o silêncio repentino dos pássaros sugerem que um bat está próximo. Você pode investigar ou seguir adiante.	Investigar a situação.	PER>=5	END	xp=6	END	fatigue=1	AEL_MON_0001	Continuar seu caminho.	NONE	END	fatigue=0	END	fatigue=1		RANDOM;NARRATIVE	NONE	13
RND_0576	ACADEMIC	COMMON	ANY	Tharun	Stone-Âmbar	3	3	7	Entre aulas e rivalidades	O corredor da Academia de Valdora está cheio. Um colega pede ajuda, outro provoca você e um professor observa de longe, aparentemente interessado em descobrir quem consegue resolver o problema sem transformar tudo em uma briga.	Investigar a situação.	PER>=5	END	xp=3	END	fatigue=1		Continuar seu caminho.	NONE	END	fatigue=0	END	fatigue=1		RANDOM;NARRATIVE	NONE	6
RND_0577	CITY	COMMON	ANY	Kethruun	Sandbones	8	119	12	Uma porta entreaberta	Sandbones segue sua rotina, mas pequenos detalhes chamam sua atenção. Um comerciante fala baixo, um viajante observa a estrada e uma oportunidade aparece onde você menos esperava. Em Altheria, até um dia comum pode deixar uma marca.	Investigar a situação.	PER>=5	END	xp=6	END	fatigue=1		Continuar seu caminho.	NONE	END	fatigue=0	END	fatigue=1		RANDOM;NARRATIVE	NONE	15
RND_0578	CITY	COMMON	ANY	Kethruun	Sandbones	4	7	11	Mercadoria esquecida	Sandbones segue sua rotina, mas pequenos detalhes chamam sua atenção. Um comerciante fala baixo, um viajante observa a estrada e uma oportunidade aparece onde você menos esperava. Em Altheria, até um dia comum pode deixar uma marca.	Investigar a situação.	PER>=5	END	xp=2	END	fatigue=1		Continuar seu caminho.	NONE	END	fatigue=0	END	fatigue=1		RANDOM;NARRATIVE	NONE	5
RND_0579	ROAD	COMMON	ANY	Nyssara	Emerald Tide	2	150	9	Mercadoria esquecida	Emerald Tide segue sua rotina, mas pequenos detalhes chamam sua atenção. Um comerciante fala baixo, um viajante observa a estrada e uma oportunidade aparece onde você menos esperava. Em Altheria, até um dia comum pode deixar uma marca.	Investigar a situação.	PER>=5	END	xp=8	END	fatigue=1		Continuar seu caminho.	NONE	END	fatigue=0	END	fatigue=1		RANDOM;NARRATIVE	NONE	8
RND_0580	OPPORTUNITY	COMMON	ANY	Zarim	Fornalia	8	150	7	Sinais na fronteira	Fornalia segue sua rotina, mas pequenos detalhes chamam sua atenção. Um comerciante fala baixo, um viajante observa a estrada e uma oportunidade aparece onde você menos esperava. Em Altheria, até um dia comum pode deixar uma marca.	Investigar a situação.	PER>=5	END	xp=7	END	fatigue=1		Continuar seu caminho.	NONE	END	fatigue=0	END	fatigue=1		RANDOM;NARRATIVE	NONE	19
RND_0581	GUILD	COMMON	ANY	Aeloria	Rivenholt	3	130	9	Rumor de taverna	Rivenholt segue sua rotina, mas pequenos detalhes chamam sua atenção. Um comerciante fala baixo, um viajante observa a estrada e uma oportunidade aparece onde você menos esperava. Em Altheria, até um dia comum pode deixar uma marca.	Investigar a situação.	PER>=5	END	xp=1	END	fatigue=1		Continuar seu caminho.	NONE	END	fatigue=0	END	fatigue=1		RANDOM;NARRATIVE	NONE	18
RND_0582	SOCIAL	COMMON	ANY	Orinthal	Crystalia	8	102	3	Uma pessoa à beira da estrada	A poucos passos da estrada, uma pessoa surge ofegante. Ela conta que alguém levou seu filho e aponta para a trilha ainda recente. A distância é pequena; o problema é que você não sabe o que encontrará no fim dela.	Investigar a situação.	PER>=5	END	xp=6	END	fatigue=1		Continuar seu caminho.	NONE	END	fatigue=0	END	fatigue=1		RANDOM;NARRATIVE	NONE	17
RND_0583	ROAD	COMMON	ANY	Orinthal	Crystalia	4	125	6	Mercadoria esquecida	Crystalia segue sua rotina, mas pequenos detalhes chamam sua atenção. Um comerciante fala baixo, um viajante observa a estrada e uma oportunidade aparece onde você menos esperava. Em Altheria, até um dia comum pode deixar uma marca.	Investigar a situação.	PER>=5	END	xp=5	END	fatigue=1		Continuar seu caminho.	NONE	END	fatigue=0	END	fatigue=1		RANDOM;NARRATIVE	NONE	18
RND_0584	ROAD	COMMON	ANY	Orinthal	Crystalia	4	148	13	Pedido inesperado	Crystalia segue sua rotina, mas pequenos detalhes chamam sua atenção. Um comerciante fala baixo, um viajante observa a estrada e uma oportunidade aparece onde você menos esperava. Em Altheria, até um dia comum pode deixar uma marca.	Investigar a situação.	PER>=5	END	xp=1	END	fatigue=1		Continuar seu caminho.	NONE	END	fatigue=0	END	fatigue=1		RANDOM;NARRATIVE	NONE	7
RND_0585	ACADEMIC	COMMON	ANY	Eshmara	Brumas	2	20	14	Entre aulas e rivalidades	O corredor da Academia de Valdora está cheio. Um colega pede ajuda, outro provoca você e um professor observa de longe, aparentemente interessado em descobrir quem consegue resolver o problema sem transformar tudo em uma briga.	Investigar a situação.	PER>=5	END	xp=4	END	fatigue=1		Continuar seu caminho.	NONE	END	fatigue=0	END	fatigue=1		RANDOM;NARRATIVE	NONE	8
RND_0586	OPPORTUNITY	COMMON	ANY	Lyrien	Aerocivitus	5	48	10	Mercadoria esquecida	Aerocivitus segue sua rotina, mas pequenos detalhes chamam sua atenção. Um comerciante fala baixo, um viajante observa a estrada e uma oportunidade aparece onde você menos esperava. Em Altheria, até um dia comum pode deixar uma marca.	Investigar a situação.	PER>=5	END	xp=7	END	fatigue=1		Continuar seu caminho.	NONE	END	fatigue=0	END	fatigue=1		RANDOM;NARRATIVE	NONE	16
RND_0587	ROAD	COMMON	ANY	Nyssara	Emerald Tide	6	24	12	Rumor de taverna	Emerald Tide segue sua rotina, mas pequenos detalhes chamam sua atenção. Um comerciante fala baixo, um viajante observa a estrada e uma oportunidade aparece onde você menos esperava. Em Altheria, até um dia comum pode deixar uma marca.	Investigar a situação.	PER>=5	END	xp=1	END	fatigue=1		Continuar seu caminho.	NONE	END	fatigue=0	END	fatigue=1		RANDOM;NARRATIVE	NONE	9
RND_0588	ROAD	COMMON	ANY	Valkyrion	Volmeria	1	22	2	Uma porta entreaberta	Volmeria segue sua rotina, mas pequenos detalhes chamam sua atenção. Um comerciante fala baixo, um viajante observa a estrada e uma oportunidade aparece onde você menos esperava. Em Altheria, até um dia comum pode deixar uma marca.	Investigar a situação.	PER>=5	END	xp=5	END	fatigue=1		Continuar seu caminho.	NONE	END	fatigue=0	END	fatigue=1		RANDOM;NARRATIVE	NONE	5
RND_0589	SOCIAL	COMMON	ANY	Nyssara	Emerald Tide	5	133	13	Uma pessoa à beira da estrada	A poucos passos da estrada, uma pessoa surge ofegante. Ela conta que alguém levou seu filho e aponta para a trilha ainda recente. A distância é pequena; o problema é que você não sabe o que encontrará no fim dela.	Investigar a situação.	PER>=5	END	xp=6	END	fatigue=1		Continuar seu caminho.	NONE	END	fatigue=0	END	fatigue=1		RANDOM;NARRATIVE	NONE	11
RND_0590	MONSTER	COMMON	ANY	Eshmara	Brumas	4	20	10	Rastros na estrada — Mimic	As marcas no barro contam uma história antes mesmo de você ver a criatura. Galhos quebrados, um cheiro estranho e o silêncio repentino dos pássaros sugerem que um mimic está próximo. Você pode investigar ou seguir adiante.	Investigar a situação.	PER>=5	END	xp=4	END	fatigue=1	AEL_MON_0001	Continuar seu caminho.	NONE	END	fatigue=0	END	fatigue=1		RANDOM;NARRATIVE	NONE	6
RND_0591	OPPORTUNITY	COMMON	ANY	Nyssara	Emerald Tide	1	99	4	Mercadoria esquecida	Emerald Tide segue sua rotina, mas pequenos detalhes chamam sua atenção. Um comerciante fala baixo, um viajante observa a estrada e uma oportunidade aparece onde você menos esperava. Em Altheria, até um dia comum pode deixar uma marca.	Investigar a situação.	PER>=5	END	xp=3	END	fatigue=1		Continuar seu caminho.	NONE	END	fatigue=0	END	fatigue=1		RANDOM;NARRATIVE	NONE	13
RND_0592	CITY	COMMON	ANY	Orinthal	Crystalia	1	39	3	Uma porta entreaberta	Crystalia segue sua rotina, mas pequenos detalhes chamam sua atenção. Um comerciante fala baixo, um viajante observa a estrada e uma oportunidade aparece onde você menos esperava. Em Altheria, até um dia comum pode deixar uma marca.	Investigar a situação.	PER>=5	END	xp=2	END	fatigue=1		Continuar seu caminho.	NONE	END	fatigue=0	END	fatigue=1		RANDOM;NARRATIVE	NONE	3
RND_0593	MONSTER	COMMON	ANY	Aeloria	Myrendale	3	101	5	Rastros na estrada — Treant	As marcas no barro contam uma história antes mesmo de você ver a criatura. Galhos quebrados, um cheiro estranho e o silêncio repentino dos pássaros sugerem que um treant está próximo. Você pode investigar ou seguir adiante.	Investigar a situação.	PER>=5	END	xp=6	END	fatigue=1	AEL_MON_0001	Continuar seu caminho.	NONE	END	fatigue=0	END	fatigue=1		RANDOM;NARRATIVE	NONE	18
RND_0594	CITY	COMMON	ANY	Eshmara	Brumas	8	71	4	Pedido inesperado	Brumas segue sua rotina, mas pequenos detalhes chamam sua atenção. Um comerciante fala baixo, um viajante observa a estrada e uma oportunidade aparece onde você menos esperava. Em Altheria, até um dia comum pode deixar uma marca.	Investigar a situação.	PER>=5	END	xp=5	END	fatigue=1		Continuar seu caminho.	NONE	END	fatigue=0	END	fatigue=1		RANDOM;NARRATIVE	NONE	16
RND_0595	GUILD	COMMON	ANY	Nyssara	Emerald Tide	4	68	6	Pedido inesperado	Emerald Tide segue sua rotina, mas pequenos detalhes chamam sua atenção. Um comerciante fala baixo, um viajante observa a estrada e uma oportunidade aparece onde você menos esperava. Em Altheria, até um dia comum pode deixar uma marca.	Investigar a situação.	PER>=5	END	xp=6	END	fatigue=1		Continuar seu caminho.	NONE	END	fatigue=0	END	fatigue=1		RANDOM;NARRATIVE	NONE	4
RND_0596	OPPORTUNITY	COMMON	ANY	Valkyrion	Volmeria	4	43	14	Mercadoria esquecida	Volmeria segue sua rotina, mas pequenos detalhes chamam sua atenção. Um comerciante fala baixo, um viajante observa a estrada e uma oportunidade aparece onde você menos esperava. Em Altheria, até um dia comum pode deixar uma marca.	Investigar a situação.	PER>=5	END	xp=3	END	fatigue=1		Continuar seu caminho.	NONE	END	fatigue=0	END	fatigue=1		RANDOM;NARRATIVE	NONE	5
RND_0597	ACADEMIC	COMMON	ANY	Eshmara	Brumas	2	116	3	Entre aulas e rivalidades	O corredor da Academia de Valdora está cheio. Um colega pede ajuda, outro provoca você e um professor observa de longe, aparentemente interessado em descobrir quem consegue resolver o problema sem transformar tudo em uma briga.	Investigar a situação.	PER>=5	END	xp=4	END	fatigue=1		Continuar seu caminho.	NONE	END	fatigue=0	END	fatigue=1		RANDOM;NARRATIVE	NONE	12
RND_0598	ROAD	COMMON	ANY	Eshmara	Brumas	1	8	10	Uma porta entreaberta	Brumas segue sua rotina, mas pequenos detalhes chamam sua atenção. Um comerciante fala baixo, um viajante observa a estrada e uma oportunidade aparece onde você menos esperava. Em Altheria, até um dia comum pode deixar uma marca.	Investigar a situação.	PER>=5	END	xp=6	END	fatigue=1		Continuar seu caminho.	NONE	END	fatigue=0	END	fatigue=1		RANDOM;NARRATIVE	NONE	15
RND_0599	OPPORTUNITY	COMMON	ANY	Kethruun	Sandbones	7	79	4	Pedido inesperado	Sandbones segue sua rotina, mas pequenos detalhes chamam sua atenção. Um comerciante fala baixo, um viajante observa a estrada e uma oportunidade aparece onde você menos esperava. Em Altheria, até um dia comum pode deixar uma marca.	Investigar a situação.	PER>=5	END	xp=8	END	fatigue=1		Continuar seu caminho.	NONE	END	fatigue=0	END	fatigue=1		RANDOM;NARRATIVE	NONE	4
RND_0600	GUILD	COMMON	ANY	Kethruun	Sandbones	7	101	4	Rumor de taverna	Sandbones segue sua rotina, mas pequenos detalhes chamam sua atenção. Um comerciante fala baixo, um viajante observa a estrada e uma oportunidade aparece onde você menos esperava. Em Altheria, até um dia comum pode deixar uma marca.	Investigar a situação.	PER>=5	END	xp=5	END	fatigue=1		Continuar seu caminho.	NONE	END	fatigue=0	END	fatigue=1		RANDOM;NARRATIVE	NONE	16
RND_0601	ROAD	COMMON	ANY	Orinthal	Crystalia	7	63	5	Sinais na fronteira	Crystalia segue sua rotina, mas pequenos detalhes chamam sua atenção. Um comerciante fala baixo, um viajante observa a estrada e uma oportunidade aparece onde você menos esperava. Em Altheria, até um dia comum pode deixar uma marca.	Investigar a situação.	PER>=5	END	xp=5	END	fatigue=1		Continuar seu caminho.	NONE	END	fatigue=0	END	fatigue=1		RANDOM;NARRATIVE	NONE	10
RND_0602	ROAD	COMMON	ANY	Tharun	Stone-Âmbar	7	51	10	Pedido inesperado	Stone-Âmbar segue sua rotina, mas pequenos detalhes chamam sua atenção. Um comerciante fala baixo, um viajante observa a estrada e uma oportunidade aparece onde você menos esperava. Em Altheria, até um dia comum pode deixar uma marca.	Investigar a situação.	PER>=5	END	xp=3	END	fatigue=1		Continuar seu caminho.	NONE	END	fatigue=0	END	fatigue=1		RANDOM;NARRATIVE	NONE	15
RND_0603	OPPORTUNITY	COMMON	ANY	Orinthal	Crystalia	1	47	11	Pedido inesperado	Crystalia segue sua rotina, mas pequenos detalhes chamam sua atenção. Um comerciante fala baixo, um viajante observa a estrada e uma oportunidade aparece onde você menos esperava. Em Altheria, até um dia comum pode deixar uma marca.	Investigar a situação.	PER>=5	END	xp=4	END	fatigue=1		Continuar seu caminho.	NONE	END	fatigue=0	END	fatigue=1		RANDOM;NARRATIVE	NONE	11
RND_0604	OPPORTUNITY	COMMON	ANY	Orinthal	Crystalia	7	148	3	Pedido inesperado	Crystalia segue sua rotina, mas pequenos detalhes chamam sua atenção. Um comerciante fala baixo, um viajante observa a estrada e uma oportunidade aparece onde você menos esperava. Em Altheria, até um dia comum pode deixar uma marca.	Investigar a situação.	PER>=5	END	xp=5	END	fatigue=1		Continuar seu caminho.	NONE	END	fatigue=0	END	fatigue=1		RANDOM;NARRATIVE	NONE	8
RND_0605	ROAD	COMMON	ANY	Valkyrion	Volmeria	3	140	12	Uma manhã que parecia comum	Volmeria segue sua rotina, mas pequenos detalhes chamam sua atenção. Um comerciante fala baixo, um viajante observa a estrada e uma oportunidade aparece onde você menos esperava. Em Altheria, até um dia comum pode deixar uma marca.	Investigar a situação.	PER>=5	END	xp=6	END	fatigue=1		Continuar seu caminho.	NONE	END	fatigue=0	END	fatigue=1		RANDOM;NARRATIVE	NONE	18
RND_0606	SOCIAL	COMMON	ANY	Eshmara	Brumas	8	13	10	Uma pessoa à beira da estrada	A poucos passos da estrada, uma pessoa surge ofegante. Ela conta que alguém levou seu filho e aponta para a trilha ainda recente. A distância é pequena; o problema é que você não sabe o que encontrará no fim dela.	Investigar a situação.	PER>=5	END	xp=4	END	fatigue=1		Continuar seu caminho.	NONE	END	fatigue=0	END	fatigue=1		RANDOM;NARRATIVE	NONE	9
RND_0607	ACADEMIC	COMMON	ANY	Lyrien	Aerocivitus	3	121	6	Entre aulas e rivalidades	O corredor da Academia de Valdora está cheio. Um colega pede ajuda, outro provoca você e um professor observa de longe, aparentemente interessado em descobrir quem consegue resolver o problema sem transformar tudo em uma briga.	Investigar a situação.	PER>=5	END	xp=2	END	fatigue=1		Continuar seu caminho.	NONE	END	fatigue=0	END	fatigue=1		RANDOM;NARRATIVE	NONE	13
RND_0608	OPPORTUNITY	COMMON	ANY	Eshmara	Brumas	7	10	6	Uma porta entreaberta	Brumas segue sua rotina, mas pequenos detalhes chamam sua atenção. Um comerciante fala baixo, um viajante observa a estrada e uma oportunidade aparece onde você menos esperava. Em Altheria, até um dia comum pode deixar uma marca.	Investigar a situação.	PER>=5	END	xp=4	END	fatigue=1		Continuar seu caminho.	NONE	END	fatigue=0	END	fatigue=1		RANDOM;NARRATIVE	NONE	6
RND_0609	ACADEMIC	COMMON	ANY	Zarim	Fornalia	4	53	4	Entre aulas e rivalidades	O corredor da Academia de Valdora está cheio. Um colega pede ajuda, outro provoca você e um professor observa de longe, aparentemente interessado em descobrir quem consegue resolver o problema sem transformar tudo em uma briga.	Investigar a situação.	PER>=5	END	xp=1	END	fatigue=1		Continuar seu caminho.	NONE	END	fatigue=0	END	fatigue=1		RANDOM;NARRATIVE	NONE	19
RND_0610	CITY	COMMON	ANY	Orinthal	Crystalia	6	31	7	Mercadoria esquecida	Crystalia segue sua rotina, mas pequenos detalhes chamam sua atenção. Um comerciante fala baixo, um viajante observa a estrada e uma oportunidade aparece onde você menos esperava. Em Altheria, até um dia comum pode deixar uma marca.	Investigar a situação.	PER>=5	END	xp=3	END	fatigue=1		Continuar seu caminho.	NONE	END	fatigue=0	END	fatigue=1		RANDOM;NARRATIVE	NONE	18
RND_0611	OPPORTUNITY	COMMON	ANY	Aeloria	Quenndral	6	113	8	Pedido inesperado	Quenndral segue sua rotina, mas pequenos detalhes chamam sua atenção. Um comerciante fala baixo, um viajante observa a estrada e uma oportunidade aparece onde você menos esperava. Em Altheria, até um dia comum pode deixar uma marca.	Investigar a situação.	PER>=5	END	xp=1	END	fatigue=1		Continuar seu caminho.	NONE	END	fatigue=0	END	fatigue=1		RANDOM;NARRATIVE	NONE	5
RND_0612	CITY	COMMON	ANY	Zarim	Fornalia	2	7	3	Uma manhã que parecia comum	Fornalia segue sua rotina, mas pequenos detalhes chamam sua atenção. Um comerciante fala baixo, um viajante observa a estrada e uma oportunidade aparece onde você menos esperava. Em Altheria, até um dia comum pode deixar uma marca.	Investigar a situação.	PER>=5	END	xp=7	END	fatigue=1		Continuar seu caminho.	NONE	END	fatigue=0	END	fatigue=1		RANDOM;NARRATIVE	NONE	6
RND_0613	ROAD	COMMON	ANY	Zarim	Fornalia	5	116	11	Sinais na fronteira	Fornalia segue sua rotina, mas pequenos detalhes chamam sua atenção. Um comerciante fala baixo, um viajante observa a estrada e uma oportunidade aparece onde você menos esperava. Em Altheria, até um dia comum pode deixar uma marca.	Investigar a situação.	PER>=5	END	xp=5	END	fatigue=1		Continuar seu caminho.	NONE	END	fatigue=0	END	fatigue=1		RANDOM;NARRATIVE	NONE	6
RND_0614	SOCIAL	COMMON	ANY	Tharun	Stone-Âmbar	7	75	13	Uma pessoa à beira da estrada	A poucos passos da estrada, uma pessoa surge ofegante. Ela conta que alguém levou seu filho e aponta para a trilha ainda recente. A distância é pequena; o problema é que você não sabe o que encontrará no fim dela.	Investigar a situação.	PER>=5	END	xp=6	END	fatigue=1		Continuar seu caminho.	NONE	END	fatigue=0	END	fatigue=1		RANDOM;NARRATIVE	NONE	6
RND_0615	OPPORTUNITY	COMMON	ANY	Zarim	Fornalia	1	69	13	Pedido inesperado	Fornalia segue sua rotina, mas pequenos detalhes chamam sua atenção. Um comerciante fala baixo, um viajante observa a estrada e uma oportunidade aparece onde você menos esperava. Em Altheria, até um dia comum pode deixar uma marca.	Investigar a situação.	PER>=5	END	xp=6	END	fatigue=1		Continuar seu caminho.	NONE	END	fatigue=0	END	fatigue=1		RANDOM;NARRATIVE	NONE	15
RND_0616	SOCIAL	COMMON	ANY	Valkyrion	Volmeria	7	46	8	Uma pessoa à beira da estrada	A poucos passos da estrada, uma pessoa surge ofegante. Ela conta que alguém levou seu filho e aponta para a trilha ainda recente. A distância é pequena; o problema é que você não sabe o que encontrará no fim dela.	Investigar a situação.	PER>=5	END	xp=3	END	fatigue=1		Continuar seu caminho.	NONE	END	fatigue=0	END	fatigue=1		RANDOM;NARRATIVE	NONE	6
RND_0617	ROAD	COMMON	ANY	Tharun	Stone-Âmbar	6	51	7	Uma porta entreaberta	Stone-Âmbar segue sua rotina, mas pequenos detalhes chamam sua atenção. Um comerciante fala baixo, um viajante observa a estrada e uma oportunidade aparece onde você menos esperava. Em Altheria, até um dia comum pode deixar uma marca.	Investigar a situação.	PER>=5	END	xp=7	END	fatigue=1		Continuar seu caminho.	NONE	END	fatigue=0	END	fatigue=1		RANDOM;NARRATIVE	NONE	14
RND_0618	ROAD	COMMON	ANY	Zarim	Fornalia	6	4	9	Rumor de taverna	Fornalia segue sua rotina, mas pequenos detalhes chamam sua atenção. Um comerciante fala baixo, um viajante observa a estrada e uma oportunidade aparece onde você menos esperava. Em Altheria, até um dia comum pode deixar uma marca.	Investigar a situação.	PER>=5	END	xp=8	END	fatigue=1		Continuar seu caminho.	NONE	END	fatigue=0	END	fatigue=1		RANDOM;NARRATIVE	NONE	14
RND_0619	ROAD	COMMON	ANY	Orinthal	Crystalia	6	5	14	Uma manhã que parecia comum	Crystalia segue sua rotina, mas pequenos detalhes chamam sua atenção. Um comerciante fala baixo, um viajante observa a estrada e uma oportunidade aparece onde você menos esperava. Em Altheria, até um dia comum pode deixar uma marca.	Investigar a situação.	PER>=5	END	xp=7	END	fatigue=1		Continuar seu caminho.	NONE	END	fatigue=0	END	fatigue=1		RANDOM;NARRATIVE	NONE	3
RND_0620	ROAD	COMMON	ANY	Tharun	Stone-Âmbar	5	135	4	Rumor de taverna	Stone-Âmbar segue sua rotina, mas pequenos detalhes chamam sua atenção. Um comerciante fala baixo, um viajante observa a estrada e uma oportunidade aparece onde você menos esperava. Em Altheria, até um dia comum pode deixar uma marca.	Investigar a situação.	PER>=5	END	xp=8	END	fatigue=1		Continuar seu caminho.	NONE	END	fatigue=0	END	fatigue=1		RANDOM;NARRATIVE	NONE	11
RND_0621	SOCIAL	COMMON	ANY	Valkyrion	Volmeria	7	57	5	Uma pessoa à beira da estrada	A poucos passos da estrada, uma pessoa surge ofegante. Ela conta que alguém levou seu filho e aponta para a trilha ainda recente. A distância é pequena; o problema é que você não sabe o que encontrará no fim dela.	Investigar a situação.	PER>=5	END	xp=3	END	fatigue=1		Continuar seu caminho.	NONE	END	fatigue=0	END	fatigue=1		RANDOM;NARRATIVE	NONE	16
RND_0622	MONSTER	COMMON	ANY	Tharun	Stone-Âmbar	5	136	3	Rastros na estrada — Kobold	As marcas no barro contam uma história antes mesmo de você ver a criatura. Galhos quebrados, um cheiro estranho e o silêncio repentino dos pássaros sugerem que um kobold está próximo. Você pode investigar ou seguir adiante.	Investigar a situação.	PER>=5	END	xp=3	END	fatigue=1	AEL_MON_0001	Continuar seu caminho.	NONE	END	fatigue=0	END	fatigue=1		RANDOM;NARRATIVE	NONE	12
RND_0623	MONSTER	COMMON	ANY	Tharun	Stone-Âmbar	7	76	9	Rastros na estrada — Basilisk	As marcas no barro contam uma história antes mesmo de você ver a criatura. Galhos quebrados, um cheiro estranho e o silêncio repentino dos pássaros sugerem que um basilisk está próximo. Você pode investigar ou seguir adiante.	Investigar a situação.	PER>=5	END	xp=3	END	fatigue=1	AEL_MON_0001	Continuar seu caminho.	NONE	END	fatigue=0	END	fatigue=1		RANDOM;NARRATIVE	NONE	3
RND_0624	ROAD	COMMON	ANY	Nyssara	Emerald Tide	3	41	9	Sinais na fronteira	Emerald Tide segue sua rotina, mas pequenos detalhes chamam sua atenção. Um comerciante fala baixo, um viajante observa a estrada e uma oportunidade aparece onde você menos esperava. Em Altheria, até um dia comum pode deixar uma marca.	Investigar a situação.	PER>=5	END	xp=2	END	fatigue=1		Continuar seu caminho.	NONE	END	fatigue=0	END	fatigue=1		RANDOM;NARRATIVE	NONE	7
RND_0625	CITY	COMMON	ANY	Zarim	Fornalia	7	78	3	Sinais na fronteira	Fornalia segue sua rotina, mas pequenos detalhes chamam sua atenção. Um comerciante fala baixo, um viajante observa a estrada e uma oportunidade aparece onde você menos esperava. Em Altheria, até um dia comum pode deixar uma marca.	Investigar a situação.	PER>=5	END	xp=5	END	fatigue=1		Continuar seu caminho.	NONE	END	fatigue=0	END	fatigue=1		RANDOM;NARRATIVE	NONE	13
RND_0626	ROAD	COMMON	ANY	Lyrien	Aerocivitus	6	17	2	Sinais na fronteira	Aerocivitus segue sua rotina, mas pequenos detalhes chamam sua atenção. Um comerciante fala baixo, um viajante observa a estrada e uma oportunidade aparece onde você menos esperava. Em Altheria, até um dia comum pode deixar uma marca.	Investigar a situação.	PER>=5	END	xp=1	END	fatigue=1		Continuar seu caminho.	NONE	END	fatigue=0	END	fatigue=1		RANDOM;NARRATIVE	NONE	9
RND_0627	GUILD	COMMON	ANY	Zarim	Fornalia	3	39	11	Mercadoria esquecida	Fornalia segue sua rotina, mas pequenos detalhes chamam sua atenção. Um comerciante fala baixo, um viajante observa a estrada e uma oportunidade aparece onde você menos esperava. Em Altheria, até um dia comum pode deixar uma marca.	Investigar a situação.	PER>=5	END	xp=6	END	fatigue=1		Continuar seu caminho.	NONE	END	fatigue=0	END	fatigue=1		RANDOM;NARRATIVE	NONE	15
RND_0628	GUILD	COMMON	ANY	Tharun	Stone-Âmbar	1	107	5	Uma porta entreaberta	Stone-Âmbar segue sua rotina, mas pequenos detalhes chamam sua atenção. Um comerciante fala baixo, um viajante observa a estrada e uma oportunidade aparece onde você menos esperava. Em Altheria, até um dia comum pode deixar uma marca.	Investigar a situação.	PER>=5	END	xp=5	END	fatigue=1		Continuar seu caminho.	NONE	END	fatigue=0	END	fatigue=1		RANDOM;NARRATIVE	NONE	6
RND_0629	ROAD	COMMON	ANY	Aeloria	Feyndral	1	60	13	Rumor de taverna	Feyndral segue sua rotina, mas pequenos detalhes chamam sua atenção. Um comerciante fala baixo, um viajante observa a estrada e uma oportunidade aparece onde você menos esperava. Em Altheria, até um dia comum pode deixar uma marca.	Investigar a situação.	PER>=5	END	xp=5	END	fatigue=1		Continuar seu caminho.	NONE	END	fatigue=0	END	fatigue=1		RANDOM;NARRATIVE	NONE	16
RND_0630	OPPORTUNITY	COMMON	ANY	Orinthal	Crystalia	8	31	7	Uma manhã que parecia comum	Crystalia segue sua rotina, mas pequenos detalhes chamam sua atenção. Um comerciante fala baixo, um viajante observa a estrada e uma oportunidade aparece onde você menos esperava. Em Altheria, até um dia comum pode deixar uma marca.	Investigar a situação.	PER>=5	END	xp=2	END	fatigue=1		Continuar seu caminho.	NONE	END	fatigue=0	END	fatigue=1		RANDOM;NARRATIVE	NONE	15
RND_0631	ACADEMIC	COMMON	ANY	Valkyrion	Volmeria	1	31	6	Entre aulas e rivalidades	O corredor da Academia de Valdora está cheio. Um colega pede ajuda, outro provoca você e um professor observa de longe, aparentemente interessado em descobrir quem consegue resolver o problema sem transformar tudo em uma briga.	Investigar a situação.	PER>=5	END	xp=1	END	fatigue=1		Continuar seu caminho.	NONE	END	fatigue=0	END	fatigue=1		RANDOM;NARRATIVE	NONE	11
RND_0632	CITY	COMMON	ANY	Orinthal	Crystalia	3	85	9	Mercadoria esquecida	Crystalia segue sua rotina, mas pequenos detalhes chamam sua atenção. Um comerciante fala baixo, um viajante observa a estrada e uma oportunidade aparece onde você menos esperava. Em Altheria, até um dia comum pode deixar uma marca.	Investigar a situação.	PER>=5	END	xp=3	END	fatigue=1		Continuar seu caminho.	NONE	END	fatigue=0	END	fatigue=1		RANDOM;NARRATIVE	NONE	9
RND_0633	SOCIAL	COMMON	ANY	Zarim	Fornalia	7	107	7	Uma pessoa à beira da estrada	A poucos passos da estrada, uma pessoa surge ofegante. Ela conta que alguém levou seu filho e aponta para a trilha ainda recente. A distância é pequena; o problema é que você não sabe o que encontrará no fim dela.	Investigar a situação.	PER>=5	END	xp=2	END	fatigue=1		Continuar seu caminho.	NONE	END	fatigue=0	END	fatigue=1		RANDOM;NARRATIVE	NONE	16
RND_0634	MONSTER	COMMON	ANY	Aeloria	Netherholt	3	35	4	Rastros na estrada — Bat	As marcas no barro contam uma história antes mesmo de você ver a criatura. Galhos quebrados, um cheiro estranho e o silêncio repentino dos pássaros sugerem que um bat está próximo. Você pode investigar ou seguir adiante.	Investigar a situação.	PER>=5	END	xp=8	END	fatigue=1	AEL_MON_0001	Continuar seu caminho.	NONE	END	fatigue=0	END	fatigue=1		RANDOM;NARRATIVE	NONE	17
RND_0635	GUILD	COMMON	ANY	Kethruun	Sandbones	2	129	2	Sinais na fronteira	Sandbones segue sua rotina, mas pequenos detalhes chamam sua atenção. Um comerciante fala baixo, um viajante observa a estrada e uma oportunidade aparece onde você menos esperava. Em Altheria, até um dia comum pode deixar uma marca.	Investigar a situação.	PER>=5	END	xp=3	END	fatigue=1		Continuar seu caminho.	NONE	END	fatigue=0	END	fatigue=1		RANDOM;NARRATIVE	NONE	14
RND_0636	ROAD	COMMON	ANY	Lyrien	Aerocivitus	7	40	13	Rumor de taverna	Aerocivitus segue sua rotina, mas pequenos detalhes chamam sua atenção. Um comerciante fala baixo, um viajante observa a estrada e uma oportunidade aparece onde você menos esperava. Em Altheria, até um dia comum pode deixar uma marca.	Investigar a situação.	PER>=5	END	xp=8	END	fatigue=1		Continuar seu caminho.	NONE	END	fatigue=0	END	fatigue=1		RANDOM;NARRATIVE	NONE	3
RND_0637	OPPORTUNITY	COMMON	ANY	Kethruun	Sandbones	1	2	11	Uma porta entreaberta	Sandbones segue sua rotina, mas pequenos detalhes chamam sua atenção. Um comerciante fala baixo, um viajante observa a estrada e uma oportunidade aparece onde você menos esperava. Em Altheria, até um dia comum pode deixar uma marca.	Investigar a situação.	PER>=5	END	xp=5	END	fatigue=1		Continuar seu caminho.	NONE	END	fatigue=0	END	fatigue=1		RANDOM;NARRATIVE	NONE	9
RND_0638	CITY	COMMON	ANY	Eshmara	Brumas	2	85	4	Uma manhã que parecia comum	Brumas segue sua rotina, mas pequenos detalhes chamam sua atenção. Um comerciante fala baixo, um viajante observa a estrada e uma oportunidade aparece onde você menos esperava. Em Altheria, até um dia comum pode deixar uma marca.	Investigar a situação.	PER>=5	END	xp=1	END	fatigue=1		Continuar seu caminho.	NONE	END	fatigue=0	END	fatigue=1		RANDOM;NARRATIVE	NONE	11
RND_0639	MONSTER	COMMON	ANY	Lyrien	Aerocivitus	6	115	10	Rastros na estrada — Dryad	As marcas no barro contam uma história antes mesmo de você ver a criatura. Galhos quebrados, um cheiro estranho e o silêncio repentino dos pássaros sugerem que um dryad está próximo. Você pode investigar ou seguir adiante.	Investigar a situação.	PER>=5	END	xp=2	END	fatigue=1	AEL_MON_0001	Continuar seu caminho.	NONE	END	fatigue=0	END	fatigue=1		RANDOM;NARRATIVE	NONE	18
RND_0640	ROAD	COMMON	ANY	Myrthos	Sem nome definido	8	122	9	Rumor de taverna	Sem nome definido segue sua rotina, mas pequenos detalhes chamam sua atenção. Um comerciante fala baixo, um viajante observa a estrada e uma oportunidade aparece onde você menos esperava. Em Altheria, até um dia comum pode deixar uma marca.	Investigar a situação.	PER>=5	END	xp=4	END	fatigue=1		Continuar seu caminho.	NONE	END	fatigue=0	END	fatigue=1		RANDOM;NARRATIVE	NONE	7
RND_0641	ROAD	COMMON	ANY	Myrthos	Sem nome definido	3	85	7	Mercadoria esquecida	Sem nome definido segue sua rotina, mas pequenos detalhes chamam sua atenção. Um comerciante fala baixo, um viajante observa a estrada e uma oportunidade aparece onde você menos esperava. Em Altheria, até um dia comum pode deixar uma marca.	Investigar a situação.	PER>=5	END	xp=2	END	fatigue=1		Continuar seu caminho.	NONE	END	fatigue=0	END	fatigue=1		RANDOM;NARRATIVE	NONE	17
RND_0642	GUILD	COMMON	ANY	Kethruun	Sandbones	6	102	7	Uma porta entreaberta	Sandbones segue sua rotina, mas pequenos detalhes chamam sua atenção. Um comerciante fala baixo, um viajante observa a estrada e uma oportunidade aparece onde você menos esperava. Em Altheria, até um dia comum pode deixar uma marca.	Investigar a situação.	PER>=5	END	xp=6	END	fatigue=1		Continuar seu caminho.	NONE	END	fatigue=0	END	fatigue=1		RANDOM;NARRATIVE	NONE	9
RND_0643	ACADEMIC	COMMON	ANY	Tharun	Stone-Âmbar	1	52	12	Entre aulas e rivalidades	O corredor da Academia de Valdora está cheio. Um colega pede ajuda, outro provoca você e um professor observa de longe, aparentemente interessado em descobrir quem consegue resolver o problema sem transformar tudo em uma briga.	Investigar a situação.	PER>=5	END	xp=3	END	fatigue=1		Continuar seu caminho.	NONE	END	fatigue=0	END	fatigue=1		RANDOM;NARRATIVE	NONE	12
RND_0644	CITY	COMMON	ANY	Nyssara	Emerald Tide	4	86	5	Pedido inesperado	Emerald Tide segue sua rotina, mas pequenos detalhes chamam sua atenção. Um comerciante fala baixo, um viajante observa a estrada e uma oportunidade aparece onde você menos esperava. Em Altheria, até um dia comum pode deixar uma marca.	Investigar a situação.	PER>=5	END	xp=6	END	fatigue=1		Continuar seu caminho.	NONE	END	fatigue=0	END	fatigue=1		RANDOM;NARRATIVE	NONE	5
RND_0645	OPPORTUNITY	COMMON	ANY	Myrthos	Sem nome definido	6	21	8	Rumor de taverna	Sem nome definido segue sua rotina, mas pequenos detalhes chamam sua atenção. Um comerciante fala baixo, um viajante observa a estrada e uma oportunidade aparece onde você menos esperava. Em Altheria, até um dia comum pode deixar uma marca.	Investigar a situação.	PER>=5	END	xp=1	END	fatigue=1		Continuar seu caminho.	NONE	END	fatigue=0	END	fatigue=1		RANDOM;NARRATIVE	NONE	12
RND_0646	ACADEMIC	COMMON	ANY	Eshmara	Brumas	6	25	8	Entre aulas e rivalidades	O corredor da Academia de Valdora está cheio. Um colega pede ajuda, outro provoca você e um professor observa de longe, aparentemente interessado em descobrir quem consegue resolver o problema sem transformar tudo em uma briga.	Investigar a situação.	PER>=5	END	xp=7	END	fatigue=1		Continuar seu caminho.	NONE	END	fatigue=0	END	fatigue=1		RANDOM;NARRATIVE	NONE	19
RND_0647	MONSTER	COMMON	ANY	Valkyrion	Volmeria	8	133	9	Rastros na estrada — Serpent	As marcas no barro contam uma história antes mesmo de você ver a criatura. Galhos quebrados, um cheiro estranho e o silêncio repentino dos pássaros sugerem que um serpent está próximo. Você pode investigar ou seguir adiante.	Investigar a situação.	PER>=5	END	xp=3	END	fatigue=1	AEL_MON_0001	Continuar seu caminho.	NONE	END	fatigue=0	END	fatigue=1		RANDOM;NARRATIVE	NONE	8
RND_0648	OPPORTUNITY	COMMON	ANY	Valkyrion	Volmeria	3	70	11	Pedido inesperado	Volmeria segue sua rotina, mas pequenos detalhes chamam sua atenção. Um comerciante fala baixo, um viajante observa a estrada e uma oportunidade aparece onde você menos esperava. Em Altheria, até um dia comum pode deixar uma marca.	Investigar a situação.	PER>=5	END	xp=1	END	fatigue=1		Continuar seu caminho.	NONE	END	fatigue=0	END	fatigue=1		RANDOM;NARRATIVE	NONE	11
RND_0649	OPPORTUNITY	COMMON	ANY	Aeloria	Wyrmhaven	4	8	7	Uma porta entreaberta	Wyrmhaven segue sua rotina, mas pequenos detalhes chamam sua atenção. Um comerciante fala baixo, um viajante observa a estrada e uma oportunidade aparece onde você menos esperava. Em Altheria, até um dia comum pode deixar uma marca.	Investigar a situação.	PER>=5	END	xp=5	END	fatigue=1		Continuar seu caminho.	NONE	END	fatigue=0	END	fatigue=1		RANDOM;NARRATIVE	NONE	17
RND_0650	CITY	COMMON	ANY	Aeloria	Brighthollow	4	146	6	Rumor de taverna	Brighthollow segue sua rotina, mas pequenos detalhes chamam sua atenção. Um comerciante fala baixo, um viajante observa a estrada e uma oportunidade aparece onde você menos esperava. Em Altheria, até um dia comum pode deixar uma marca.	Investigar a situação.	PER>=5	END	xp=5	END	fatigue=1		Continuar seu caminho.	NONE	END	fatigue=0	END	fatigue=1		RANDOM;NARRATIVE	NONE	13
RND_0651	ACADEMIC	COMMON	ANY	Nyssara	Emerald Tide	7	107	7	Entre aulas e rivalidades	O corredor da Academia de Valdora está cheio. Um colega pede ajuda, outro provoca você e um professor observa de longe, aparentemente interessado em descobrir quem consegue resolver o problema sem transformar tudo em uma briga.	Investigar a situação.	PER>=5	END	xp=4	END	fatigue=1		Continuar seu caminho.	NONE	END	fatigue=0	END	fatigue=1		RANDOM;NARRATIVE	NONE	6
RND_0652	SOCIAL	COMMON	ANY	Tharun	Stone-Âmbar	3	150	5	Uma pessoa à beira da estrada	A poucos passos da estrada, uma pessoa surge ofegante. Ela conta que alguém levou seu filho e aponta para a trilha ainda recente. A distância é pequena; o problema é que você não sabe o que encontrará no fim dela.	Investigar a situação.	PER>=5	END	xp=5	END	fatigue=1		Continuar seu caminho.	NONE	END	fatigue=0	END	fatigue=1		RANDOM;NARRATIVE	NONE	17
RND_0653	SOCIAL	COMMON	ANY	Eshmara	Brumas	2	126	10	Uma pessoa à beira da estrada	A poucos passos da estrada, uma pessoa surge ofegante. Ela conta que alguém levou seu filho e aponta para a trilha ainda recente. A distância é pequena; o problema é que você não sabe o que encontrará no fim dela.	Investigar a situação.	PER>=5	END	xp=7	END	fatigue=1		Continuar seu caminho.	NONE	END	fatigue=0	END	fatigue=1		RANDOM;NARRATIVE	NONE	16
RND_0654	MONSTER	COMMON	ANY	Orinthal	Crystalia	4	13	5	Rastros na estrada — Wyrm	As marcas no barro contam uma história antes mesmo de você ver a criatura. Galhos quebrados, um cheiro estranho e o silêncio repentino dos pássaros sugerem que um wyrm está próximo. Você pode investigar ou seguir adiante.	Investigar a situação.	PER>=5	END	xp=3	END	fatigue=1	AEL_MON_0001	Continuar seu caminho.	NONE	END	fatigue=0	END	fatigue=1		RANDOM;NARRATIVE	NONE	7
RND_0655	GUILD	COMMON	ANY	Eshmara	Brumas	4	118	10	Pedido inesperado	Brumas segue sua rotina, mas pequenos detalhes chamam sua atenção. Um comerciante fala baixo, um viajante observa a estrada e uma oportunidade aparece onde você menos esperava. Em Altheria, até um dia comum pode deixar uma marca.	Investigar a situação.	PER>=5	END	xp=2	END	fatigue=1		Continuar seu caminho.	NONE	END	fatigue=0	END	fatigue=1		RANDOM;NARRATIVE	NONE	18
RND_0656	MONSTER	COMMON	ANY	Nyssara	Emerald Tide	6	97	5	Rastros na estrada — Specter	As marcas no barro contam uma história antes mesmo de você ver a criatura. Galhos quebrados, um cheiro estranho e o silêncio repentino dos pássaros sugerem que um specter está próximo. Você pode investigar ou seguir adiante.	Investigar a situação.	PER>=5	END	xp=5	END	fatigue=1	AEL_MON_0001	Continuar seu caminho.	NONE	END	fatigue=0	END	fatigue=1		RANDOM;NARRATIVE	NONE	17
RND_0657	OPPORTUNITY	COMMON	ANY	Orinthal	Crystalia	8	11	10	Pedido inesperado	Crystalia segue sua rotina, mas pequenos detalhes chamam sua atenção. Um comerciante fala baixo, um viajante observa a estrada e uma oportunidade aparece onde você menos esperava. Em Altheria, até um dia comum pode deixar uma marca.	Investigar a situação.	PER>=5	END	xp=5	END	fatigue=1		Continuar seu caminho.	NONE	END	fatigue=0	END	fatigue=1		RANDOM;NARRATIVE	NONE	17
RND_0658	OPPORTUNITY	COMMON	ANY	Lyrien	Aerocivitus	8	113	2	Rumor de taverna	Aerocivitus segue sua rotina, mas pequenos detalhes chamam sua atenção. Um comerciante fala baixo, um viajante observa a estrada e uma oportunidade aparece onde você menos esperava. Em Altheria, até um dia comum pode deixar uma marca.	Investigar a situação.	PER>=5	END	xp=8	END	fatigue=1		Continuar seu caminho.	NONE	END	fatigue=0	END	fatigue=1		RANDOM;NARRATIVE	NONE	11
RND_0659	GUILD	COMMON	ANY	Zarim	Fornalia	3	34	10	Uma porta entreaberta	Fornalia segue sua rotina, mas pequenos detalhes chamam sua atenção. Um comerciante fala baixo, um viajante observa a estrada e uma oportunidade aparece onde você menos esperava. Em Altheria, até um dia comum pode deixar uma marca.	Investigar a situação.	PER>=5	END	xp=1	END	fatigue=1		Continuar seu caminho.	NONE	END	fatigue=0	END	fatigue=1		RANDOM;NARRATIVE	NONE	6
RND_0660	GUILD	COMMON	ANY	Lyrien	Aerocivitus	6	73	10	Uma manhã que parecia comum	Aerocivitus segue sua rotina, mas pequenos detalhes chamam sua atenção. Um comerciante fala baixo, um viajante observa a estrada e uma oportunidade aparece onde você menos esperava. Em Altheria, até um dia comum pode deixar uma marca.	Investigar a situação.	PER>=5	END	xp=5	END	fatigue=1		Continuar seu caminho.	NONE	END	fatigue=0	END	fatigue=1		RANDOM;NARRATIVE	NONE	17
RND_0661	MONSTER	COMMON	ANY	Eshmara	Brumas	5	60	9	Rastros na estrada — Serpent	As marcas no barro contam uma história antes mesmo de você ver a criatura. Galhos quebrados, um cheiro estranho e o silêncio repentino dos pássaros sugerem que um serpent está próximo. Você pode investigar ou seguir adiante.	Investigar a situação.	PER>=5	END	xp=7	END	fatigue=1	AEL_MON_0001	Continuar seu caminho.	NONE	END	fatigue=0	END	fatigue=1		RANDOM;NARRATIVE	NONE	5
RND_0662	ROAD	COMMON	ANY	Orinthal	Crystalia	7	130	11	Uma porta entreaberta	Crystalia segue sua rotina, mas pequenos detalhes chamam sua atenção. Um comerciante fala baixo, um viajante observa a estrada e uma oportunidade aparece onde você menos esperava. Em Altheria, até um dia comum pode deixar uma marca.	Investigar a situação.	PER>=5	END	xp=8	END	fatigue=1		Continuar seu caminho.	NONE	END	fatigue=0	END	fatigue=1		RANDOM;NARRATIVE	NONE	14
RND_0663	SOCIAL	COMMON	ANY	Zarim	Fornalia	1	66	12	Uma pessoa à beira da estrada	A poucos passos da estrada, uma pessoa surge ofegante. Ela conta que alguém levou seu filho e aponta para a trilha ainda recente. A distância é pequena; o problema é que você não sabe o que encontrará no fim dela.	Investigar a situação.	PER>=5	END	xp=3	END	fatigue=1		Continuar seu caminho.	NONE	END	fatigue=0	END	fatigue=1		RANDOM;NARRATIVE	NONE	8
RND_0664	ROAD	COMMON	ANY	Tharun	Stone-Âmbar	1	47	4	Mercadoria esquecida	Stone-Âmbar segue sua rotina, mas pequenos detalhes chamam sua atenção. Um comerciante fala baixo, um viajante observa a estrada e uma oportunidade aparece onde você menos esperava. Em Altheria, até um dia comum pode deixar uma marca.	Investigar a situação.	PER>=5	END	xp=1	END	fatigue=1		Continuar seu caminho.	NONE	END	fatigue=0	END	fatigue=1		RANDOM;NARRATIVE	NONE	9
RND_0665	OPPORTUNITY	COMMON	ANY	Valkyrion	Volmeria	1	97	14	Sinais na fronteira	Volmeria segue sua rotina, mas pequenos detalhes chamam sua atenção. Um comerciante fala baixo, um viajante observa a estrada e uma oportunidade aparece onde você menos esperava. Em Altheria, até um dia comum pode deixar uma marca.	Investigar a situação.	PER>=5	END	xp=5	END	fatigue=1		Continuar seu caminho.	NONE	END	fatigue=0	END	fatigue=1		RANDOM;NARRATIVE	NONE	7
RND_0666	ROAD	COMMON	ANY	Lyrien	Aerocivitus	7	49	9	Sinais na fronteira	Aerocivitus segue sua rotina, mas pequenos detalhes chamam sua atenção. Um comerciante fala baixo, um viajante observa a estrada e uma oportunidade aparece onde você menos esperava. Em Altheria, até um dia comum pode deixar uma marca.	Investigar a situação.	PER>=5	END	xp=7	END	fatigue=1		Continuar seu caminho.	NONE	END	fatigue=0	END	fatigue=1		RANDOM;NARRATIVE	NONE	19
RND_0667	OPPORTUNITY	COMMON	ANY	Zarim	Fornalia	3	41	12	Pedido inesperado	Fornalia segue sua rotina, mas pequenos detalhes chamam sua atenção. Um comerciante fala baixo, um viajante observa a estrada e uma oportunidade aparece onde você menos esperava. Em Altheria, até um dia comum pode deixar uma marca.	Investigar a situação.	PER>=5	END	xp=5	END	fatigue=1		Continuar seu caminho.	NONE	END	fatigue=0	END	fatigue=1		RANDOM;NARRATIVE	NONE	3
RND_0668	CITY	COMMON	ANY	Lyrien	Aerocivitus	3	73	7	Rumor de taverna	Aerocivitus segue sua rotina, mas pequenos detalhes chamam sua atenção. Um comerciante fala baixo, um viajante observa a estrada e uma oportunidade aparece onde você menos esperava. Em Altheria, até um dia comum pode deixar uma marca.	Investigar a situação.	PER>=5	END	xp=7	END	fatigue=1		Continuar seu caminho.	NONE	END	fatigue=0	END	fatigue=1		RANDOM;NARRATIVE	NONE	8
RND_0669	MONSTER	COMMON	ANY	Kethruun	Sandbones	3	67	8	Rastros na estrada — Angel	As marcas no barro contam uma história antes mesmo de você ver a criatura. Galhos quebrados, um cheiro estranho e o silêncio repentino dos pássaros sugerem que um angel está próximo. Você pode investigar ou seguir adiante.	Investigar a situação.	PER>=5	END	xp=6	END	fatigue=1	AEL_MON_0001	Continuar seu caminho.	NONE	END	fatigue=0	END	fatigue=1		RANDOM;NARRATIVE	NONE	11
RND_0670	OPPORTUNITY	COMMON	ANY	Lyrien	Aerocivitus	8	111	14	Uma manhã que parecia comum	Aerocivitus segue sua rotina, mas pequenos detalhes chamam sua atenção. Um comerciante fala baixo, um viajante observa a estrada e uma oportunidade aparece onde você menos esperava. Em Altheria, até um dia comum pode deixar uma marca.	Investigar a situação.	PER>=5	END	xp=2	END	fatigue=1		Continuar seu caminho.	NONE	END	fatigue=0	END	fatigue=1		RANDOM;NARRATIVE	NONE	7
RND_0671	OPPORTUNITY	COMMON	ANY	Eshmara	Brumas	4	107	11	Uma porta entreaberta	Brumas segue sua rotina, mas pequenos detalhes chamam sua atenção. Um comerciante fala baixo, um viajante observa a estrada e uma oportunidade aparece onde você menos esperava. Em Altheria, até um dia comum pode deixar uma marca.	Investigar a situação.	PER>=5	END	xp=1	END	fatigue=1		Continuar seu caminho.	NONE	END	fatigue=0	END	fatigue=1		RANDOM;NARRATIVE	NONE	10
RND_0672	GUILD	COMMON	ANY	Valkyrion	Volmeria	7	52	3	Uma porta entreaberta	Volmeria segue sua rotina, mas pequenos detalhes chamam sua atenção. Um comerciante fala baixo, um viajante observa a estrada e uma oportunidade aparece onde você menos esperava. Em Altheria, até um dia comum pode deixar uma marca.	Investigar a situação.	PER>=5	END	xp=4	END	fatigue=1		Continuar seu caminho.	NONE	END	fatigue=0	END	fatigue=1		RANDOM;NARRATIVE	NONE	3
RND_0673	GUILD	COMMON	ANY	Myrthos	Sem nome definido	4	45	6	Rumor de taverna	Sem nome definido segue sua rotina, mas pequenos detalhes chamam sua atenção. Um comerciante fala baixo, um viajante observa a estrada e uma oportunidade aparece onde você menos esperava. Em Altheria, até um dia comum pode deixar uma marca.	Investigar a situação.	PER>=5	END	xp=4	END	fatigue=1		Continuar seu caminho.	NONE	END	fatigue=0	END	fatigue=1		RANDOM;NARRATIVE	NONE	19
RND_0674	ACADEMIC	COMMON	ANY	Lyrien	Aerocivitus	4	55	2	Entre aulas e rivalidades	O corredor da Academia de Valdora está cheio. Um colega pede ajuda, outro provoca você e um professor observa de longe, aparentemente interessado em descobrir quem consegue resolver o problema sem transformar tudo em uma briga.	Investigar a situação.	PER>=5	END	xp=4	END	fatigue=1		Continuar seu caminho.	NONE	END	fatigue=0	END	fatigue=1		RANDOM;NARRATIVE	NONE	13
RND_0675	OPPORTUNITY	COMMON	ANY	Lyrien	Aerocivitus	8	8	3	Uma manhã que parecia comum	Aerocivitus segue sua rotina, mas pequenos detalhes chamam sua atenção. Um comerciante fala baixo, um viajante observa a estrada e uma oportunidade aparece onde você menos esperava. Em Altheria, até um dia comum pode deixar uma marca.	Investigar a situação.	PER>=5	END	xp=6	END	fatigue=1		Continuar seu caminho.	NONE	END	fatigue=0	END	fatigue=1		RANDOM;NARRATIVE	NONE	5
RND_0676	OPPORTUNITY	COMMON	ANY	Orinthal	Crystalia	6	14	2	Rumor de taverna	Crystalia segue sua rotina, mas pequenos detalhes chamam sua atenção. Um comerciante fala baixo, um viajante observa a estrada e uma oportunidade aparece onde você menos esperava. Em Altheria, até um dia comum pode deixar uma marca.	Investigar a situação.	PER>=5	END	xp=4	END	fatigue=1		Continuar seu caminho.	NONE	END	fatigue=0	END	fatigue=1		RANDOM;NARRATIVE	NONE	18
RND_0677	CITY	COMMON	ANY	Eshmara	Brumas	6	128	5	Uma porta entreaberta	Brumas segue sua rotina, mas pequenos detalhes chamam sua atenção. Um comerciante fala baixo, um viajante observa a estrada e uma oportunidade aparece onde você menos esperava. Em Altheria, até um dia comum pode deixar uma marca.	Investigar a situação.	PER>=5	END	xp=4	END	fatigue=1		Continuar seu caminho.	NONE	END	fatigue=0	END	fatigue=1		RANDOM;NARRATIVE	NONE	6
RND_0678	GUILD	COMMON	ANY	Zarim	Fornalia	6	28	4	Uma porta entreaberta	Fornalia segue sua rotina, mas pequenos detalhes chamam sua atenção. Um comerciante fala baixo, um viajante observa a estrada e uma oportunidade aparece onde você menos esperava. Em Altheria, até um dia comum pode deixar uma marca.	Investigar a situação.	PER>=5	END	xp=7	END	fatigue=1		Continuar seu caminho.	NONE	END	fatigue=0	END	fatigue=1		RANDOM;NARRATIVE	NONE	6
RND_0679	MONSTER	COMMON	ANY	Myrthos	Sem nome definido	5	29	6	Rastros na estrada — Fairy	As marcas no barro contam uma história antes mesmo de você ver a criatura. Galhos quebrados, um cheiro estranho e o silêncio repentino dos pássaros sugerem que um fairy está próximo. Você pode investigar ou seguir adiante.	Investigar a situação.	PER>=5	END	xp=7	END	fatigue=1	AEL_MON_0001	Continuar seu caminho.	NONE	END	fatigue=0	END	fatigue=1		RANDOM;NARRATIVE	NONE	18
RND_0680	ACADEMIC	COMMON	ANY	Lyrien	Aerocivitus	2	149	6	Entre aulas e rivalidades	O corredor da Academia de Valdora está cheio. Um colega pede ajuda, outro provoca você e um professor observa de longe, aparentemente interessado em descobrir quem consegue resolver o problema sem transformar tudo em uma briga.	Investigar a situação.	PER>=5	END	xp=2	END	fatigue=1		Continuar seu caminho.	NONE	END	fatigue=0	END	fatigue=1		RANDOM;NARRATIVE	NONE	10
RND_0681	CITY	COMMON	ANY	Aeloria	Windralith	8	125	9	Sinais na fronteira	Windralith segue sua rotina, mas pequenos detalhes chamam sua atenção. Um comerciante fala baixo, um viajante observa a estrada e uma oportunidade aparece onde você menos esperava. Em Altheria, até um dia comum pode deixar uma marca.	Investigar a situação.	PER>=5	END	xp=4	END	fatigue=1		Continuar seu caminho.	NONE	END	fatigue=0	END	fatigue=1		RANDOM;NARRATIVE	NONE	14
RND_0682	ROAD	COMMON	ANY	Zarim	Fornalia	7	72	9	Sinais na fronteira	Fornalia segue sua rotina, mas pequenos detalhes chamam sua atenção. Um comerciante fala baixo, um viajante observa a estrada e uma oportunidade aparece onde você menos esperava. Em Altheria, até um dia comum pode deixar uma marca.	Investigar a situação.	PER>=5	END	xp=3	END	fatigue=1		Continuar seu caminho.	NONE	END	fatigue=0	END	fatigue=1		RANDOM;NARRATIVE	NONE	5
RND_0683	GUILD	COMMON	ANY	Aeloria	Valdora	5	67	3	Rumor de taverna	Valdora segue sua rotina, mas pequenos detalhes chamam sua atenção. Um comerciante fala baixo, um viajante observa a estrada e uma oportunidade aparece onde você menos esperava. Em Altheria, até um dia comum pode deixar uma marca.	Investigar a situação.	PER>=5	END	xp=2	END	fatigue=1		Continuar seu caminho.	NONE	END	fatigue=0	END	fatigue=1		RANDOM;NARRATIVE	NONE	14
RND_0684	GUILD	COMMON	ANY	Lyrien	Aerocivitus	6	128	7	Uma manhã que parecia comum	Aerocivitus segue sua rotina, mas pequenos detalhes chamam sua atenção. Um comerciante fala baixo, um viajante observa a estrada e uma oportunidade aparece onde você menos esperava. Em Altheria, até um dia comum pode deixar uma marca.	Investigar a situação.	PER>=5	END	xp=7	END	fatigue=1		Continuar seu caminho.	NONE	END	fatigue=0	END	fatigue=1		RANDOM;NARRATIVE	NONE	3
RND_0685	ACADEMIC	COMMON	ANY	Nyssara	Emerald Tide	4	90	2	Entre aulas e rivalidades	O corredor da Academia de Valdora está cheio. Um colega pede ajuda, outro provoca você e um professor observa de longe, aparentemente interessado em descobrir quem consegue resolver o problema sem transformar tudo em uma briga.	Investigar a situação.	PER>=5	END	xp=5	END	fatigue=1		Continuar seu caminho.	NONE	END	fatigue=0	END	fatigue=1		RANDOM;NARRATIVE	NONE	7
RND_0686	ACADEMIC	COMMON	ANY	Aeloria	Zephyrholt	5	115	14	Entre aulas e rivalidades	O corredor da Academia de Valdora está cheio. Um colega pede ajuda, outro provoca você e um professor observa de longe, aparentemente interessado em descobrir quem consegue resolver o problema sem transformar tudo em uma briga.	Investigar a situação.	PER>=5	END	xp=3	END	fatigue=1		Continuar seu caminho.	NONE	END	fatigue=0	END	fatigue=1		RANDOM;NARRATIVE	NONE	18
RND_0687	CITY	COMMON	ANY	Eshmara	Brumas	5	101	6	Sinais na fronteira	Brumas segue sua rotina, mas pequenos detalhes chamam sua atenção. Um comerciante fala baixo, um viajante observa a estrada e uma oportunidade aparece onde você menos esperava. Em Altheria, até um dia comum pode deixar uma marca.	Investigar a situação.	PER>=5	END	xp=3	END	fatigue=1		Continuar seu caminho.	NONE	END	fatigue=0	END	fatigue=1		RANDOM;NARRATIVE	NONE	17
RND_0688	OPPORTUNITY	COMMON	ANY	Tharun	Stone-Âmbar	2	66	12	Pedido inesperado	Stone-Âmbar segue sua rotina, mas pequenos detalhes chamam sua atenção. Um comerciante fala baixo, um viajante observa a estrada e uma oportunidade aparece onde você menos esperava. Em Altheria, até um dia comum pode deixar uma marca.	Investigar a situação.	PER>=5	END	xp=4	END	fatigue=1		Continuar seu caminho.	NONE	END	fatigue=0	END	fatigue=1		RANDOM;NARRATIVE	NONE	11
RND_0689	MONSTER	COMMON	ANY	Eshmara	Brumas	1	71	2	Rastros na estrada — Wyrm	As marcas no barro contam uma história antes mesmo de você ver a criatura. Galhos quebrados, um cheiro estranho e o silêncio repentino dos pássaros sugerem que um wyrm está próximo. Você pode investigar ou seguir adiante.	Investigar a situação.	PER>=5	END	xp=4	END	fatigue=1	AEL_MON_0001	Continuar seu caminho.	NONE	END	fatigue=0	END	fatigue=1		RANDOM;NARRATIVE	NONE	6
RND_0690	SOCIAL	COMMON	ANY	Orinthal	Crystalia	2	140	2	Uma pessoa à beira da estrada	A poucos passos da estrada, uma pessoa surge ofegante. Ela conta que alguém levou seu filho e aponta para a trilha ainda recente. A distância é pequena; o problema é que você não sabe o que encontrará no fim dela.	Investigar a situação.	PER>=5	END	xp=1	END	fatigue=1		Continuar seu caminho.	NONE	END	fatigue=0	END	fatigue=1		RANDOM;NARRATIVE	NONE	13
RND_0691	CITY	COMMON	ANY	Tharun	Stone-Âmbar	1	146	9	Sinais na fronteira	Stone-Âmbar segue sua rotina, mas pequenos detalhes chamam sua atenção. Um comerciante fala baixo, um viajante observa a estrada e uma oportunidade aparece onde você menos esperava. Em Altheria, até um dia comum pode deixar uma marca.	Investigar a situação.	PER>=5	END	xp=2	END	fatigue=1		Continuar seu caminho.	NONE	END	fatigue=0	END	fatigue=1		RANDOM;NARRATIVE	NONE	6
RND_0692	ACADEMIC	COMMON	ANY	Eshmara	Brumas	8	80	6	Entre aulas e rivalidades	O corredor da Academia de Valdora está cheio. Um colega pede ajuda, outro provoca você e um professor observa de longe, aparentemente interessado em descobrir quem consegue resolver o problema sem transformar tudo em uma briga.	Investigar a situação.	PER>=5	END	xp=4	END	fatigue=1		Continuar seu caminho.	NONE	END	fatigue=0	END	fatigue=1		RANDOM;NARRATIVE	NONE	8
RND_0693	GUILD	COMMON	ANY	Aeloria	Hallowspire	5	108	7	Sinais na fronteira	Hallowspire segue sua rotina, mas pequenos detalhes chamam sua atenção. Um comerciante fala baixo, um viajante observa a estrada e uma oportunidade aparece onde você menos esperava. Em Altheria, até um dia comum pode deixar uma marca.	Investigar a situação.	PER>=5	END	xp=8	END	fatigue=1		Continuar seu caminho.	NONE	END	fatigue=0	END	fatigue=1		RANDOM;NARRATIVE	NONE	7
RND_0694	ACADEMIC	COMMON	ANY	Myrthos	Sem nome definido	8	31	5	Entre aulas e rivalidades	O corredor da Academia de Valdora está cheio. Um colega pede ajuda, outro provoca você e um professor observa de longe, aparentemente interessado em descobrir quem consegue resolver o problema sem transformar tudo em uma briga.	Investigar a situação.	PER>=5	END	xp=8	END	fatigue=1		Continuar seu caminho.	NONE	END	fatigue=0	END	fatigue=1		RANDOM;NARRATIVE	NONE	8
RND_0695	SOCIAL	COMMON	ANY	Valkyrion	Volmeria	6	78	8	Uma pessoa à beira da estrada	A poucos passos da estrada, uma pessoa surge ofegante. Ela conta que alguém levou seu filho e aponta para a trilha ainda recente. A distância é pequena; o problema é que você não sabe o que encontrará no fim dela.	Investigar a situação.	PER>=5	END	xp=8	END	fatigue=1		Continuar seu caminho.	NONE	END	fatigue=0	END	fatigue=1		RANDOM;NARRATIVE	NONE	12
RND_0696	CITY	COMMON	ANY	Nyssara	Emerald Tide	4	149	10	Sinais na fronteira	Emerald Tide segue sua rotina, mas pequenos detalhes chamam sua atenção. Um comerciante fala baixo, um viajante observa a estrada e uma oportunidade aparece onde você menos esperava. Em Altheria, até um dia comum pode deixar uma marca.	Investigar a situação.	PER>=5	END	xp=5	END	fatigue=1		Continuar seu caminho.	NONE	END	fatigue=0	END	fatigue=1		RANDOM;NARRATIVE	NONE	16
RND_0697	SOCIAL	COMMON	ANY	Zarim	Fornalia	6	97	7	Uma pessoa à beira da estrada	A poucos passos da estrada, uma pessoa surge ofegante. Ela conta que alguém levou seu filho e aponta para a trilha ainda recente. A distância é pequena; o problema é que você não sabe o que encontrará no fim dela.	Investigar a situação.	PER>=5	END	xp=2	END	fatigue=1		Continuar seu caminho.	NONE	END	fatigue=0	END	fatigue=1		RANDOM;NARRATIVE	NONE	7
RND_0698	OPPORTUNITY	COMMON	ANY	Orinthal	Crystalia	8	57	11	Uma manhã que parecia comum	Crystalia segue sua rotina, mas pequenos detalhes chamam sua atenção. Um comerciante fala baixo, um viajante observa a estrada e uma oportunidade aparece onde você menos esperava. Em Altheria, até um dia comum pode deixar uma marca.	Investigar a situação.	PER>=5	END	xp=5	END	fatigue=1		Continuar seu caminho.	NONE	END	fatigue=0	END	fatigue=1		RANDOM;NARRATIVE	NONE	14
RND_0699	ACADEMIC	COMMON	ANY	Zarim	Fornalia	7	111	6	Entre aulas e rivalidades	O corredor da Academia de Valdora está cheio. Um colega pede ajuda, outro provoca você e um professor observa de longe, aparentemente interessado em descobrir quem consegue resolver o problema sem transformar tudo em uma briga.	Investigar a situação.	PER>=5	END	xp=6	END	fatigue=1		Continuar seu caminho.	NONE	END	fatigue=0	END	fatigue=1		RANDOM;NARRATIVE	NONE	14
RND_0700	OPPORTUNITY	COMMON	ANY	Nyssara	Emerald Tide	8	1	12	Uma manhã que parecia comum	Emerald Tide segue sua rotina, mas pequenos detalhes chamam sua atenção. Um comerciante fala baixo, um viajante observa a estrada e uma oportunidade aparece onde você menos esperava. Em Altheria, até um dia comum pode deixar uma marca.	Investigar a situação.	PER>=5	END	xp=8	END	fatigue=1		Continuar seu caminho.	NONE	END	fatigue=0	END	fatigue=1		RANDOM;NARRATIVE	NONE	17
RND_0701	MONSTER	COMMON	ANY	Zarim	Fornalia	3	124	9	Rastros na estrada — Colossus	As marcas no barro contam uma história antes mesmo de você ver a criatura. Galhos quebrados, um cheiro estranho e o silêncio repentino dos pássaros sugerem que um colossus está próximo. Você pode investigar ou seguir adiante.	Investigar a situação.	PER>=5	END	xp=4	END	fatigue=1	AEL_MON_0001	Continuar seu caminho.	NONE	END	fatigue=0	END	fatigue=1		RANDOM;NARRATIVE	NONE	8
RND_0702	MONSTER	COMMON	ANY	Lyrien	Aerocivitus	1	76	2	Rastros na estrada — Bat	As marcas no barro contam uma história antes mesmo de você ver a criatura. Galhos quebrados, um cheiro estranho e o silêncio repentino dos pássaros sugerem que um bat está próximo. Você pode investigar ou seguir adiante.	Investigar a situação.	PER>=5	END	xp=7	END	fatigue=1	AEL_MON_0001	Continuar seu caminho.	NONE	END	fatigue=0	END	fatigue=1		RANDOM;NARRATIVE	NONE	8
RND_0703	MONSTER	COMMON	ANY	Tharun	Stone-Âmbar	3	82	5	Rastros na estrada — Stag	As marcas no barro contam uma história antes mesmo de você ver a criatura. Galhos quebrados, um cheiro estranho e o silêncio repentino dos pássaros sugerem que um stag está próximo. Você pode investigar ou seguir adiante.	Investigar a situação.	PER>=5	END	xp=4	END	fatigue=1	AEL_MON_0001	Continuar seu caminho.	NONE	END	fatigue=0	END	fatigue=1		RANDOM;NARRATIVE	NONE	18
RND_0704	ROAD	COMMON	ANY	Kethruun	Sandbones	6	95	5	Sinais na fronteira	Sandbones segue sua rotina, mas pequenos detalhes chamam sua atenção. Um comerciante fala baixo, um viajante observa a estrada e uma oportunidade aparece onde você menos esperava. Em Altheria, até um dia comum pode deixar uma marca.	Investigar a situação.	PER>=5	END	xp=4	END	fatigue=1		Continuar seu caminho.	NONE	END	fatigue=0	END	fatigue=1		RANDOM;NARRATIVE	NONE	19
RND_0705	MONSTER	COMMON	ANY	Nyssara	Emerald Tide	2	6	4	Rastros na estrada — Wolf	As marcas no barro contam uma história antes mesmo de você ver a criatura. Galhos quebrados, um cheiro estranho e o silêncio repentino dos pássaros sugerem que um wolf está próximo. Você pode investigar ou seguir adiante.	Investigar a situação.	PER>=5	END	xp=6	END	fatigue=1	AEL_MON_0001	Continuar seu caminho.	NONE	END	fatigue=0	END	fatigue=1		RANDOM;NARRATIVE	NONE	15
RND_0706	MONSTER	COMMON	ANY	Aeloria	Drakensport	2	23	7	Rastros na estrada — Sprite	As marcas no barro contam uma história antes mesmo de você ver a criatura. Galhos quebrados, um cheiro estranho e o silêncio repentino dos pássaros sugerem que um sprite está próximo. Você pode investigar ou seguir adiante.	Investigar a situação.	PER>=5	END	xp=8	END	fatigue=1	AEL_MON_0001	Continuar seu caminho.	NONE	END	fatigue=0	END	fatigue=1		RANDOM;NARRATIVE	NONE	4
RND_0707	GUILD	COMMON	ANY	Eshmara	Brumas	1	59	5	Uma manhã que parecia comum	Brumas segue sua rotina, mas pequenos detalhes chamam sua atenção. Um comerciante fala baixo, um viajante observa a estrada e uma oportunidade aparece onde você menos esperava. Em Altheria, até um dia comum pode deixar uma marca.	Investigar a situação.	PER>=5	END	xp=4	END	fatigue=1		Continuar seu caminho.	NONE	END	fatigue=0	END	fatigue=1		RANDOM;NARRATIVE	NONE	5
RND_0708	ACADEMIC	COMMON	ANY	Aeloria	Caelwyn	7	18	13	Entre aulas e rivalidades	O corredor da Academia de Valdora está cheio. Um colega pede ajuda, outro provoca você e um professor observa de longe, aparentemente interessado em descobrir quem consegue resolver o problema sem transformar tudo em uma briga.	Investigar a situação.	PER>=5	END	xp=5	END	fatigue=1		Continuar seu caminho.	NONE	END	fatigue=0	END	fatigue=1		RANDOM;NARRATIVE	NONE	9
RND_0709	ROAD	COMMON	ANY	Kethruun	Sandbones	1	99	14	Uma manhã que parecia comum	Sandbones segue sua rotina, mas pequenos detalhes chamam sua atenção. Um comerciante fala baixo, um viajante observa a estrada e uma oportunidade aparece onde você menos esperava. Em Altheria, até um dia comum pode deixar uma marca.	Investigar a situação.	PER>=5	END	xp=3	END	fatigue=1		Continuar seu caminho.	NONE	END	fatigue=0	END	fatigue=1		RANDOM;NARRATIVE	NONE	13
RND_0710	ACADEMIC	COMMON	ANY	Eshmara	Brumas	7	11	2	Entre aulas e rivalidades	O corredor da Academia de Valdora está cheio. Um colega pede ajuda, outro provoca você e um professor observa de longe, aparentemente interessado em descobrir quem consegue resolver o problema sem transformar tudo em uma briga.	Investigar a situação.	PER>=5	END	xp=4	END	fatigue=1		Continuar seu caminho.	NONE	END	fatigue=0	END	fatigue=1		RANDOM;NARRATIVE	NONE	13
RND_0711	ROAD	COMMON	ANY	Aeloria	Hallowspire	1	109	10	Sinais na fronteira	Hallowspire segue sua rotina, mas pequenos detalhes chamam sua atenção. Um comerciante fala baixo, um viajante observa a estrada e uma oportunidade aparece onde você menos esperava. Em Altheria, até um dia comum pode deixar uma marca.	Investigar a situação.	PER>=5	END	xp=6	END	fatigue=1		Continuar seu caminho.	NONE	END	fatigue=0	END	fatigue=1		RANDOM;NARRATIVE	NONE	4
RND_0712	MONSTER	COMMON	ANY	Orinthal	Crystalia	8	13	14	Rastros na estrada — Drake	As marcas no barro contam uma história antes mesmo de você ver a criatura. Galhos quebrados, um cheiro estranho e o silêncio repentino dos pássaros sugerem que um drake está próximo. Você pode investigar ou seguir adiante.	Investigar a situação.	PER>=5	END	xp=5	END	fatigue=1	AEL_MON_0001	Continuar seu caminho.	NONE	END	fatigue=0	END	fatigue=1		RANDOM;NARRATIVE	NONE	7
RND_0713	ACADEMIC	COMMON	ANY	Tharun	Stone-Âmbar	1	10	13	Entre aulas e rivalidades	O corredor da Academia de Valdora está cheio. Um colega pede ajuda, outro provoca você e um professor observa de longe, aparentemente interessado em descobrir quem consegue resolver o problema sem transformar tudo em uma briga.	Investigar a situação.	PER>=5	END	xp=4	END	fatigue=1		Continuar seu caminho.	NONE	END	fatigue=0	END	fatigue=1		RANDOM;NARRATIVE	NONE	18
RND_0714	CITY	COMMON	ANY	Lyrien	Aerocivitus	7	10	4	Mercadoria esquecida	Aerocivitus segue sua rotina, mas pequenos detalhes chamam sua atenção. Um comerciante fala baixo, um viajante observa a estrada e uma oportunidade aparece onde você menos esperava. Em Altheria, até um dia comum pode deixar uma marca.	Investigar a situação.	PER>=5	END	xp=8	END	fatigue=1		Continuar seu caminho.	NONE	END	fatigue=0	END	fatigue=1		RANDOM;NARRATIVE	NONE	17
RND_0715	OPPORTUNITY	COMMON	ANY	Aeloria	Lorwynne	2	126	4	Pedido inesperado	Lorwynne segue sua rotina, mas pequenos detalhes chamam sua atenção. Um comerciante fala baixo, um viajante observa a estrada e uma oportunidade aparece onde você menos esperava. Em Altheria, até um dia comum pode deixar uma marca.	Investigar a situação.	PER>=5	END	xp=8	END	fatigue=1		Continuar seu caminho.	NONE	END	fatigue=0	END	fatigue=1		RANDOM;NARRATIVE	NONE	5
RND_0716	CITY	COMMON	ANY	Myrthos	Sem nome definido	5	27	5	Rumor de taverna	Sem nome definido segue sua rotina, mas pequenos detalhes chamam sua atenção. Um comerciante fala baixo, um viajante observa a estrada e uma oportunidade aparece onde você menos esperava. Em Altheria, até um dia comum pode deixar uma marca.	Investigar a situação.	PER>=5	END	xp=1	END	fatigue=1		Continuar seu caminho.	NONE	END	fatigue=0	END	fatigue=1		RANDOM;NARRATIVE	NONE	16
RND_0717	SOCIAL	COMMON	ANY	Valkyrion	Volmeria	7	16	5	Uma pessoa à beira da estrada	A poucos passos da estrada, uma pessoa surge ofegante. Ela conta que alguém levou seu filho e aponta para a trilha ainda recente. A distância é pequena; o problema é que você não sabe o que encontrará no fim dela.	Investigar a situação.	PER>=5	END	xp=7	END	fatigue=1		Continuar seu caminho.	NONE	END	fatigue=0	END	fatigue=1		RANDOM;NARRATIVE	NONE	14
RND_0718	ROAD	COMMON	ANY	Orinthal	Crystalia	1	11	4	Pedido inesperado	Crystalia segue sua rotina, mas pequenos detalhes chamam sua atenção. Um comerciante fala baixo, um viajante observa a estrada e uma oportunidade aparece onde você menos esperava. Em Altheria, até um dia comum pode deixar uma marca.	Investigar a situação.	PER>=5	END	xp=1	END	fatigue=1		Continuar seu caminho.	NONE	END	fatigue=0	END	fatigue=1		RANDOM;NARRATIVE	NONE	19
RND_0719	OPPORTUNITY	COMMON	ANY	Kethruun	Sandbones	7	4	3	Pedido inesperado	Sandbones segue sua rotina, mas pequenos detalhes chamam sua atenção. Um comerciante fala baixo, um viajante observa a estrada e uma oportunidade aparece onde você menos esperava. Em Altheria, até um dia comum pode deixar uma marca.	Investigar a situação.	PER>=5	END	xp=3	END	fatigue=1		Continuar seu caminho.	NONE	END	fatigue=0	END	fatigue=1		RANDOM;NARRATIVE	NONE	14
RND_0720	ROAD	COMMON	ANY	Orinthal	Crystalia	3	19	12	Mercadoria esquecida	Crystalia segue sua rotina, mas pequenos detalhes chamam sua atenção. Um comerciante fala baixo, um viajante observa a estrada e uma oportunidade aparece onde você menos esperava. Em Altheria, até um dia comum pode deixar uma marca.	Investigar a situação.	PER>=5	END	xp=5	END	fatigue=1		Continuar seu caminho.	NONE	END	fatigue=0	END	fatigue=1		RANDOM;NARRATIVE	NONE	8
RND_0721	ACADEMIC	COMMON	ANY	Orinthal	Crystalia	5	111	9	Entre aulas e rivalidades	O corredor da Academia de Valdora está cheio. Um colega pede ajuda, outro provoca você e um professor observa de longe, aparentemente interessado em descobrir quem consegue resolver o problema sem transformar tudo em uma briga.	Investigar a situação.	PER>=5	END	xp=8	END	fatigue=1		Continuar seu caminho.	NONE	END	fatigue=0	END	fatigue=1		RANDOM;NARRATIVE	NONE	4
RND_0722	GUILD	COMMON	ANY	Eshmara	Brumas	8	16	8	Uma manhã que parecia comum	Brumas segue sua rotina, mas pequenos detalhes chamam sua atenção. Um comerciante fala baixo, um viajante observa a estrada e uma oportunidade aparece onde você menos esperava. Em Altheria, até um dia comum pode deixar uma marca.	Investigar a situação.	PER>=5	END	xp=7	END	fatigue=1		Continuar seu caminho.	NONE	END	fatigue=0	END	fatigue=1		RANDOM;NARRATIVE	NONE	19
RND_0723	OPPORTUNITY	COMMON	ANY	Tharun	Stone-Âmbar	5	60	6	Rumor de taverna	Stone-Âmbar segue sua rotina, mas pequenos detalhes chamam sua atenção. Um comerciante fala baixo, um viajante observa a estrada e uma oportunidade aparece onde você menos esperava. Em Altheria, até um dia comum pode deixar uma marca.	Investigar a situação.	PER>=5	END	xp=4	END	fatigue=1		Continuar seu caminho.	NONE	END	fatigue=0	END	fatigue=1		RANDOM;NARRATIVE	NONE	12
RND_0724	MONSTER	COMMON	ANY	Nyssara	Emerald Tide	1	95	9	Rastros na estrada — Titan	As marcas no barro contam uma história antes mesmo de você ver a criatura. Galhos quebrados, um cheiro estranho e o silêncio repentino dos pássaros sugerem que um titan está próximo. Você pode investigar ou seguir adiante.	Investigar a situação.	PER>=5	END	xp=4	END	fatigue=1	AEL_MON_0001	Continuar seu caminho.	NONE	END	fatigue=0	END	fatigue=1		RANDOM;NARRATIVE	NONE	17
RND_0725	CITY	COMMON	ANY	Zarim	Fornalia	3	20	12	Rumor de taverna	Fornalia segue sua rotina, mas pequenos detalhes chamam sua atenção. Um comerciante fala baixo, um viajante observa a estrada e uma oportunidade aparece onde você menos esperava. Em Altheria, até um dia comum pode deixar uma marca.	Investigar a situação.	PER>=5	END	xp=7	END	fatigue=1		Continuar seu caminho.	NONE	END	fatigue=0	END	fatigue=1		RANDOM;NARRATIVE	NONE	9
RND_0726	ACADEMIC	COMMON	ANY	Myrthos	Sem nome definido	2	133	14	Entre aulas e rivalidades	O corredor da Academia de Valdora está cheio. Um colega pede ajuda, outro provoca você e um professor observa de longe, aparentemente interessado em descobrir quem consegue resolver o problema sem transformar tudo em uma briga.	Investigar a situação.	PER>=5	END	xp=4	END	fatigue=1		Continuar seu caminho.	NONE	END	fatigue=0	END	fatigue=1		RANDOM;NARRATIVE	NONE	12
RND_0727	OPPORTUNITY	COMMON	ANY	Lyrien	Aerocivitus	2	89	8	Sinais na fronteira	Aerocivitus segue sua rotina, mas pequenos detalhes chamam sua atenção. Um comerciante fala baixo, um viajante observa a estrada e uma oportunidade aparece onde você menos esperava. Em Altheria, até um dia comum pode deixar uma marca.	Investigar a situação.	PER>=5	END	xp=6	END	fatigue=1		Continuar seu caminho.	NONE	END	fatigue=0	END	fatigue=1		RANDOM;NARRATIVE	NONE	4
RND_0728	SOCIAL	COMMON	ANY	Orinthal	Crystalia	5	146	2	Uma pessoa à beira da estrada	A poucos passos da estrada, uma pessoa surge ofegante. Ela conta que alguém levou seu filho e aponta para a trilha ainda recente. A distância é pequena; o problema é que você não sabe o que encontrará no fim dela.	Investigar a situação.	PER>=5	END	xp=1	END	fatigue=1		Continuar seu caminho.	NONE	END	fatigue=0	END	fatigue=1		RANDOM;NARRATIVE	NONE	9
RND_0729	SOCIAL	COMMON	ANY	Nyssara	Emerald Tide	5	112	11	Uma pessoa à beira da estrada	A poucos passos da estrada, uma pessoa surge ofegante. Ela conta que alguém levou seu filho e aponta para a trilha ainda recente. A distância é pequena; o problema é que você não sabe o que encontrará no fim dela.	Investigar a situação.	PER>=5	END	xp=7	END	fatigue=1		Continuar seu caminho.	NONE	END	fatigue=0	END	fatigue=1		RANDOM;NARRATIVE	NONE	19
RND_0730	GUILD	COMMON	ANY	Aeloria	Feyndral	2	126	11	Rumor de taverna	Feyndral segue sua rotina, mas pequenos detalhes chamam sua atenção. Um comerciante fala baixo, um viajante observa a estrada e uma oportunidade aparece onde você menos esperava. Em Altheria, até um dia comum pode deixar uma marca.	Investigar a situação.	PER>=5	END	xp=2	END	fatigue=1		Continuar seu caminho.	NONE	END	fatigue=0	END	fatigue=1		RANDOM;NARRATIVE	NONE	6
RND_0731	CITY	COMMON	ANY	Nyssara	Emerald Tide	3	27	3	Sinais na fronteira	Emerald Tide segue sua rotina, mas pequenos detalhes chamam sua atenção. Um comerciante fala baixo, um viajante observa a estrada e uma oportunidade aparece onde você menos esperava. Em Altheria, até um dia comum pode deixar uma marca.	Investigar a situação.	PER>=5	END	xp=7	END	fatigue=1		Continuar seu caminho.	NONE	END	fatigue=0	END	fatigue=1		RANDOM;NARRATIVE	NONE	9
RND_0732	OPPORTUNITY	COMMON	ANY	Valkyrion	Volmeria	7	16	11	Uma manhã que parecia comum	Volmeria segue sua rotina, mas pequenos detalhes chamam sua atenção. Um comerciante fala baixo, um viajante observa a estrada e uma oportunidade aparece onde você menos esperava. Em Altheria, até um dia comum pode deixar uma marca.	Investigar a situação.	PER>=5	END	xp=8	END	fatigue=1		Continuar seu caminho.	NONE	END	fatigue=0	END	fatigue=1		RANDOM;NARRATIVE	NONE	3
RND_0733	OPPORTUNITY	COMMON	ANY	Nyssara	Emerald Tide	1	86	11	Uma manhã que parecia comum	Emerald Tide segue sua rotina, mas pequenos detalhes chamam sua atenção. Um comerciante fala baixo, um viajante observa a estrada e uma oportunidade aparece onde você menos esperava. Em Altheria, até um dia comum pode deixar uma marca.	Investigar a situação.	PER>=5	END	xp=6	END	fatigue=1		Continuar seu caminho.	NONE	END	fatigue=0	END	fatigue=1		RANDOM;NARRATIVE	NONE	3
RND_0734	CITY	COMMON	ANY	Valkyrion	Volmeria	2	12	7	Pedido inesperado	Volmeria segue sua rotina, mas pequenos detalhes chamam sua atenção. Um comerciante fala baixo, um viajante observa a estrada e uma oportunidade aparece onde você menos esperava. Em Altheria, até um dia comum pode deixar uma marca.	Investigar a situação.	PER>=5	END	xp=2	END	fatigue=1		Continuar seu caminho.	NONE	END	fatigue=0	END	fatigue=1		RANDOM;NARRATIVE	NONE	9
RND_0735	CITY	COMMON	ANY	Eshmara	Brumas	7	2	7	Pedido inesperado	Brumas segue sua rotina, mas pequenos detalhes chamam sua atenção. Um comerciante fala baixo, um viajante observa a estrada e uma oportunidade aparece onde você menos esperava. Em Altheria, até um dia comum pode deixar uma marca.	Investigar a situação.	PER>=5	END	xp=2	END	fatigue=1		Continuar seu caminho.	NONE	END	fatigue=0	END	fatigue=1		RANDOM;NARRATIVE	NONE	8
RND_0736	OPPORTUNITY	COMMON	ANY	Kethruun	Sandbones	5	55	13	Uma manhã que parecia comum	Sandbones segue sua rotina, mas pequenos detalhes chamam sua atenção. Um comerciante fala baixo, um viajante observa a estrada e uma oportunidade aparece onde você menos esperava. Em Altheria, até um dia comum pode deixar uma marca.	Investigar a situação.	PER>=5	END	xp=3	END	fatigue=1		Continuar seu caminho.	NONE	END	fatigue=0	END	fatigue=1		RANDOM;NARRATIVE	NONE	8
RND_0737	MONSTER	COMMON	ANY	Kethruun	Sandbones	2	34	2	Rastros na estrada — Rakshasa	As marcas no barro contam uma história antes mesmo de você ver a criatura. Galhos quebrados, um cheiro estranho e o silêncio repentino dos pássaros sugerem que um rakshasa está próximo. Você pode investigar ou seguir adiante.	Investigar a situação.	PER>=5	END	xp=7	END	fatigue=1	AEL_MON_0001	Continuar seu caminho.	NONE	END	fatigue=0	END	fatigue=1		RANDOM;NARRATIVE	NONE	14
RND_0738	CITY	COMMON	ANY	Nyssara	Emerald Tide	2	139	13	Pedido inesperado	Emerald Tide segue sua rotina, mas pequenos detalhes chamam sua atenção. Um comerciante fala baixo, um viajante observa a estrada e uma oportunidade aparece onde você menos esperava. Em Altheria, até um dia comum pode deixar uma marca.	Investigar a situação.	PER>=5	END	xp=6	END	fatigue=1		Continuar seu caminho.	NONE	END	fatigue=0	END	fatigue=1		RANDOM;NARRATIVE	NONE	19
RND_0739	CITY	COMMON	ANY	Valkyrion	Volmeria	2	121	10	Uma manhã que parecia comum	Volmeria segue sua rotina, mas pequenos detalhes chamam sua atenção. Um comerciante fala baixo, um viajante observa a estrada e uma oportunidade aparece onde você menos esperava. Em Altheria, até um dia comum pode deixar uma marca.	Investigar a situação.	PER>=5	END	xp=3	END	fatigue=1		Continuar seu caminho.	NONE	END	fatigue=0	END	fatigue=1		RANDOM;NARRATIVE	NONE	5
RND_0740	MONSTER	COMMON	ANY	Tharun	Stone-Âmbar	4	4	2	Rastros na estrada — Beetle	As marcas no barro contam uma história antes mesmo de você ver a criatura. Galhos quebrados, um cheiro estranho e o silêncio repentino dos pássaros sugerem que um beetle está próximo. Você pode investigar ou seguir adiante.	Investigar a situação.	PER>=5	END	xp=7	END	fatigue=1	AEL_MON_0001	Continuar seu caminho.	NONE	END	fatigue=0	END	fatigue=1		RANDOM;NARRATIVE	NONE	14
RND_0741	SOCIAL	COMMON	ANY	Valkyrion	Volmeria	1	75	12	Uma pessoa à beira da estrada	A poucos passos da estrada, uma pessoa surge ofegante. Ela conta que alguém levou seu filho e aponta para a trilha ainda recente. A distância é pequena; o problema é que você não sabe o que encontrará no fim dela.	Investigar a situação.	PER>=5	END	xp=7	END	fatigue=1		Continuar seu caminho.	NONE	END	fatigue=0	END	fatigue=1		RANDOM;NARRATIVE	NONE	19
RND_0742	OPPORTUNITY	COMMON	ANY	Kethruun	Sandbones	1	7	8	Mercadoria esquecida	Sandbones segue sua rotina, mas pequenos detalhes chamam sua atenção. Um comerciante fala baixo, um viajante observa a estrada e uma oportunidade aparece onde você menos esperava. Em Altheria, até um dia comum pode deixar uma marca.	Investigar a situação.	PER>=5	END	xp=2	END	fatigue=1		Continuar seu caminho.	NONE	END	fatigue=0	END	fatigue=1		RANDOM;NARRATIVE	NONE	14
RND_0743	GUILD	COMMON	ANY	Nyssara	Emerald Tide	6	40	4	Pedido inesperado	Emerald Tide segue sua rotina, mas pequenos detalhes chamam sua atenção. Um comerciante fala baixo, um viajante observa a estrada e uma oportunidade aparece onde você menos esperava. Em Altheria, até um dia comum pode deixar uma marca.	Investigar a situação.	PER>=5	END	xp=4	END	fatigue=1		Continuar seu caminho.	NONE	END	fatigue=0	END	fatigue=1		RANDOM;NARRATIVE	NONE	7
RND_0744	SOCIAL	COMMON	ANY	Valkyrion	Volmeria	3	3	12	Uma pessoa à beira da estrada	A poucos passos da estrada, uma pessoa surge ofegante. Ela conta que alguém levou seu filho e aponta para a trilha ainda recente. A distância é pequena; o problema é que você não sabe o que encontrará no fim dela.	Investigar a situação.	PER>=5	END	xp=1	END	fatigue=1		Continuar seu caminho.	NONE	END	fatigue=0	END	fatigue=1		RANDOM;NARRATIVE	NONE	18
RND_0745	SOCIAL	COMMON	ANY	Lyrien	Aerocivitus	2	126	5	Uma pessoa à beira da estrada	A poucos passos da estrada, uma pessoa surge ofegante. Ela conta que alguém levou seu filho e aponta para a trilha ainda recente. A distância é pequena; o problema é que você não sabe o que encontrará no fim dela.	Investigar a situação.	PER>=5	END	xp=5	END	fatigue=1		Continuar seu caminho.	NONE	END	fatigue=0	END	fatigue=1		RANDOM;NARRATIVE	NONE	16
RND_0746	ACADEMIC	COMMON	ANY	Orinthal	Crystalia	7	77	7	Entre aulas e rivalidades	O corredor da Academia de Valdora está cheio. Um colega pede ajuda, outro provoca você e um professor observa de longe, aparentemente interessado em descobrir quem consegue resolver o problema sem transformar tudo em uma briga.	Investigar a situação.	PER>=5	END	xp=5	END	fatigue=1		Continuar seu caminho.	NONE	END	fatigue=0	END	fatigue=1		RANDOM;NARRATIVE	NONE	6
RND_0747	MONSTER	COMMON	ANY	Myrthos	Sem nome definido	6	15	11	Rastros na estrada — Revenant	As marcas no barro contam uma história antes mesmo de você ver a criatura. Galhos quebrados, um cheiro estranho e o silêncio repentino dos pássaros sugerem que um revenant está próximo. Você pode investigar ou seguir adiante.	Investigar a situação.	PER>=5	END	xp=3	END	fatigue=1	AEL_MON_0001	Continuar seu caminho.	NONE	END	fatigue=0	END	fatigue=1		RANDOM;NARRATIVE	NONE	18
RND_0748	MONSTER	COMMON	ANY	Zarim	Fornalia	6	72	2	Rastros na estrada — Centaur	As marcas no barro contam uma história antes mesmo de você ver a criatura. Galhos quebrados, um cheiro estranho e o silêncio repentino dos pássaros sugerem que um centaur está próximo. Você pode investigar ou seguir adiante.	Investigar a situação.	PER>=5	END	xp=3	END	fatigue=1	AEL_MON_0001	Continuar seu caminho.	NONE	END	fatigue=0	END	fatigue=1		RANDOM;NARRATIVE	NONE	18
RND_0749	MONSTER	COMMON	ANY	Zarim	Fornalia	5	87	6	Rastros na estrada — Spider	As marcas no barro contam uma história antes mesmo de você ver a criatura. Galhos quebrados, um cheiro estranho e o silêncio repentino dos pássaros sugerem que um spider está próximo. Você pode investigar ou seguir adiante.	Investigar a situação.	PER>=5	END	xp=4	END	fatigue=1	AEL_MON_0001	Continuar seu caminho.	NONE	END	fatigue=0	END	fatigue=1		RANDOM;NARRATIVE	NONE	4
RND_0750	GUILD	COMMON	ANY	Lyrien	Aerocivitus	4	127	7	Pedido inesperado	Aerocivitus segue sua rotina, mas pequenos detalhes chamam sua atenção. Um comerciante fala baixo, um viajante observa a estrada e uma oportunidade aparece onde você menos esperava. Em Altheria, até um dia comum pode deixar uma marca.	Investigar a situação.	PER>=5	END	xp=7	END	fatigue=1		Continuar seu caminho.	NONE	END	fatigue=0	END	fatigue=1		RANDOM;NARRATIVE	NONE	4
RND_0751	CITY	COMMON	ANY	Valkyrion	Volmeria	2	58	11	Mercadoria esquecida	Volmeria segue sua rotina, mas pequenos detalhes chamam sua atenção. Um comerciante fala baixo, um viajante observa a estrada e uma oportunidade aparece onde você menos esperava. Em Altheria, até um dia comum pode deixar uma marca.	Investigar a situação.	PER>=5	END	xp=6	END	fatigue=1		Continuar seu caminho.	NONE	END	fatigue=0	END	fatigue=1		RANDOM;NARRATIVE	NONE	17
RND_0752	ACADEMIC	COMMON	ANY	Nyssara	Emerald Tide	1	123	12	Entre aulas e rivalidades	O corredor da Academia de Valdora está cheio. Um colega pede ajuda, outro provoca você e um professor observa de longe, aparentemente interessado em descobrir quem consegue resolver o problema sem transformar tudo em uma briga.	Investigar a situação.	PER>=5	END	xp=8	END	fatigue=1		Continuar seu caminho.	NONE	END	fatigue=0	END	fatigue=1		RANDOM;NARRATIVE	NONE	11
RND_0753	CITY	COMMON	ANY	Zarim	Fornalia	1	11	4	Rumor de taverna	Fornalia segue sua rotina, mas pequenos detalhes chamam sua atenção. Um comerciante fala baixo, um viajante observa a estrada e uma oportunidade aparece onde você menos esperava. Em Altheria, até um dia comum pode deixar uma marca.	Investigar a situação.	PER>=5	END	xp=7	END	fatigue=1		Continuar seu caminho.	NONE	END	fatigue=0	END	fatigue=1		RANDOM;NARRATIVE	NONE	8
RND_0754	ROAD	COMMON	ANY	Aeloria	Duskmere	5	13	12	Mercadoria esquecida	Duskmere segue sua rotina, mas pequenos detalhes chamam sua atenção. Um comerciante fala baixo, um viajante observa a estrada e uma oportunidade aparece onde você menos esperava. Em Altheria, até um dia comum pode deixar uma marca.	Investigar a situação.	PER>=5	END	xp=2	END	fatigue=1		Continuar seu caminho.	NONE	END	fatigue=0	END	fatigue=1		RANDOM;NARRATIVE	NONE	9
RND_0755	ROAD	COMMON	ANY	Eshmara	Brumas	2	137	7	Rumor de taverna	Brumas segue sua rotina, mas pequenos detalhes chamam sua atenção. Um comerciante fala baixo, um viajante observa a estrada e uma oportunidade aparece onde você menos esperava. Em Altheria, até um dia comum pode deixar uma marca.	Investigar a situação.	PER>=5	END	xp=5	END	fatigue=1		Continuar seu caminho.	NONE	END	fatigue=0	END	fatigue=1		RANDOM;NARRATIVE	NONE	16
RND_0756	OPPORTUNITY	COMMON	ANY	Kethruun	Sandbones	1	56	2	Pedido inesperado	Sandbones segue sua rotina, mas pequenos detalhes chamam sua atenção. Um comerciante fala baixo, um viajante observa a estrada e uma oportunidade aparece onde você menos esperava. Em Altheria, até um dia comum pode deixar uma marca.	Investigar a situação.	PER>=5	END	xp=6	END	fatigue=1		Continuar seu caminho.	NONE	END	fatigue=0	END	fatigue=1		RANDOM;NARRATIVE	NONE	10
RND_0757	OPPORTUNITY	COMMON	ANY	Myrthos	Sem nome definido	6	108	14	Mercadoria esquecida	Sem nome definido segue sua rotina, mas pequenos detalhes chamam sua atenção. Um comerciante fala baixo, um viajante observa a estrada e uma oportunidade aparece onde você menos esperava. Em Altheria, até um dia comum pode deixar uma marca.	Investigar a situação.	PER>=5	END	xp=1	END	fatigue=1		Continuar seu caminho.	NONE	END	fatigue=0	END	fatigue=1		RANDOM;NARRATIVE	NONE	4
RND_0758	CITY	COMMON	ANY	Lyrien	Aerocivitus	4	40	14	Uma porta entreaberta	Aerocivitus segue sua rotina, mas pequenos detalhes chamam sua atenção. Um comerciante fala baixo, um viajante observa a estrada e uma oportunidade aparece onde você menos esperava. Em Altheria, até um dia comum pode deixar uma marca.	Investigar a situação.	PER>=5	END	xp=2	END	fatigue=1		Continuar seu caminho.	NONE	END	fatigue=0	END	fatigue=1		RANDOM;NARRATIVE	NONE	19
RND_0759	OPPORTUNITY	COMMON	ANY	Orinthal	Crystalia	5	98	8	Rumor de taverna	Crystalia segue sua rotina, mas pequenos detalhes chamam sua atenção. Um comerciante fala baixo, um viajante observa a estrada e uma oportunidade aparece onde você menos esperava. Em Altheria, até um dia comum pode deixar uma marca.	Investigar a situação.	PER>=5	END	xp=3	END	fatigue=1		Continuar seu caminho.	NONE	END	fatigue=0	END	fatigue=1		RANDOM;NARRATIVE	NONE	14
RND_0760	GUILD	COMMON	ANY	Valkyrion	Volmeria	3	107	2	Pedido inesperado	Volmeria segue sua rotina, mas pequenos detalhes chamam sua atenção. Um comerciante fala baixo, um viajante observa a estrada e uma oportunidade aparece onde você menos esperava. Em Altheria, até um dia comum pode deixar uma marca.	Investigar a situação.	PER>=5	END	xp=7	END	fatigue=1		Continuar seu caminho.	NONE	END	fatigue=0	END	fatigue=1		RANDOM;NARRATIVE	NONE	10
RND_0761	MONSTER	COMMON	ANY	Zarim	Fornalia	4	79	8	Rastros na estrada — Bat	As marcas no barro contam uma história antes mesmo de você ver a criatura. Galhos quebrados, um cheiro estranho e o silêncio repentino dos pássaros sugerem que um bat está próximo. Você pode investigar ou seguir adiante.	Investigar a situação.	PER>=5	END	xp=2	END	fatigue=1	AEL_MON_0001	Continuar seu caminho.	NONE	END	fatigue=0	END	fatigue=1		RANDOM;NARRATIVE	NONE	18
RND_0762	ACADEMIC	COMMON	ANY	Kethruun	Sandbones	1	91	8	Entre aulas e rivalidades	O corredor da Academia de Valdora está cheio. Um colega pede ajuda, outro provoca você e um professor observa de longe, aparentemente interessado em descobrir quem consegue resolver o problema sem transformar tudo em uma briga.	Investigar a situação.	PER>=5	END	xp=6	END	fatigue=1		Continuar seu caminho.	NONE	END	fatigue=0	END	fatigue=1		RANDOM;NARRATIVE	NONE	3
RND_0763	ROAD	COMMON	ANY	Zarim	Fornalia	3	31	9	Mercadoria esquecida	Fornalia segue sua rotina, mas pequenos detalhes chamam sua atenção. Um comerciante fala baixo, um viajante observa a estrada e uma oportunidade aparece onde você menos esperava. Em Altheria, até um dia comum pode deixar uma marca.	Investigar a situação.	PER>=5	END	xp=7	END	fatigue=1		Continuar seu caminho.	NONE	END	fatigue=0	END	fatigue=1		RANDOM;NARRATIVE	NONE	4
RND_0764	ROAD	COMMON	ANY	Orinthal	Crystalia	3	43	2	Pedido inesperado	Crystalia segue sua rotina, mas pequenos detalhes chamam sua atenção. Um comerciante fala baixo, um viajante observa a estrada e uma oportunidade aparece onde você menos esperava. Em Altheria, até um dia comum pode deixar uma marca.	Investigar a situação.	PER>=5	END	xp=4	END	fatigue=1		Continuar seu caminho.	NONE	END	fatigue=0	END	fatigue=1		RANDOM;NARRATIVE	NONE	7
RND_0765	MONSTER	COMMON	ANY	Eshmara	Brumas	3	38	12	Rastros na estrada — Kobold	As marcas no barro contam uma história antes mesmo de você ver a criatura. Galhos quebrados, um cheiro estranho e o silêncio repentino dos pássaros sugerem que um kobold está próximo. Você pode investigar ou seguir adiante.	Investigar a situação.	PER>=5	END	xp=8	END	fatigue=1	AEL_MON_0001	Continuar seu caminho.	NONE	END	fatigue=0	END	fatigue=1		RANDOM;NARRATIVE	NONE	14
RND_0766	GUILD	COMMON	ANY	Kethruun	Sandbones	4	9	8	Uma manhã que parecia comum	Sandbones segue sua rotina, mas pequenos detalhes chamam sua atenção. Um comerciante fala baixo, um viajante observa a estrada e uma oportunidade aparece onde você menos esperava. Em Altheria, até um dia comum pode deixar uma marca.	Investigar a situação.	PER>=5	END	xp=6	END	fatigue=1		Continuar seu caminho.	NONE	END	fatigue=0	END	fatigue=1		RANDOM;NARRATIVE	NONE	7
RND_0767	OPPORTUNITY	COMMON	ANY	Kethruun	Sandbones	1	138	3	Pedido inesperado	Sandbones segue sua rotina, mas pequenos detalhes chamam sua atenção. Um comerciante fala baixo, um viajante observa a estrada e uma oportunidade aparece onde você menos esperava. Em Altheria, até um dia comum pode deixar uma marca.	Investigar a situação.	PER>=5	END	xp=1	END	fatigue=1		Continuar seu caminho.	NONE	END	fatigue=0	END	fatigue=1		RANDOM;NARRATIVE	NONE	9
RND_0768	MONSTER	COMMON	ANY	Kethruun	Sandbones	5	8	5	Rastros na estrada — Wyvern	As marcas no barro contam uma história antes mesmo de você ver a criatura. Galhos quebrados, um cheiro estranho e o silêncio repentino dos pássaros sugerem que um wyvern está próximo. Você pode investigar ou seguir adiante.	Investigar a situação.	PER>=5	END	xp=5	END	fatigue=1	AEL_MON_0001	Continuar seu caminho.	NONE	END	fatigue=0	END	fatigue=1		RANDOM;NARRATIVE	NONE	16
RND_0769	GUILD	COMMON	ANY	Nyssara	Emerald Tide	2	30	10	Uma manhã que parecia comum	Emerald Tide segue sua rotina, mas pequenos detalhes chamam sua atenção. Um comerciante fala baixo, um viajante observa a estrada e uma oportunidade aparece onde você menos esperava. Em Altheria, até um dia comum pode deixar uma marca.	Investigar a situação.	PER>=5	END	xp=5	END	fatigue=1		Continuar seu caminho.	NONE	END	fatigue=0	END	fatigue=1		RANDOM;NARRATIVE	NONE	14
RND_0770	SOCIAL	COMMON	ANY	Aeloria	Windralith	1	113	13	Uma pessoa à beira da estrada	A poucos passos da estrada, uma pessoa surge ofegante. Ela conta que alguém levou seu filho e aponta para a trilha ainda recente. A distância é pequena; o problema é que você não sabe o que encontrará no fim dela.	Investigar a situação.	PER>=5	END	xp=2	END	fatigue=1		Continuar seu caminho.	NONE	END	fatigue=0	END	fatigue=1		RANDOM;NARRATIVE	NONE	4
RND_0771	MONSTER	COMMON	ANY	Zarim	Fornalia	2	49	4	Rastros na estrada — Crow	As marcas no barro contam uma história antes mesmo de você ver a criatura. Galhos quebrados, um cheiro estranho e o silêncio repentino dos pássaros sugerem que um crow está próximo. Você pode investigar ou seguir adiante.	Investigar a situação.	PER>=5	END	xp=8	END	fatigue=1	AEL_MON_0001	Continuar seu caminho.	NONE	END	fatigue=0	END	fatigue=1		RANDOM;NARRATIVE	NONE	14
RND_0772	ACADEMIC	COMMON	ANY	Lyrien	Aerocivitus	6	141	2	Entre aulas e rivalidades	O corredor da Academia de Valdora está cheio. Um colega pede ajuda, outro provoca você e um professor observa de longe, aparentemente interessado em descobrir quem consegue resolver o problema sem transformar tudo em uma briga.	Investigar a situação.	PER>=5	END	xp=2	END	fatigue=1		Continuar seu caminho.	NONE	END	fatigue=0	END	fatigue=1		RANDOM;NARRATIVE	NONE	17
RND_0773	ROAD	COMMON	ANY	Orinthal	Crystalia	3	50	5	Uma manhã que parecia comum	Crystalia segue sua rotina, mas pequenos detalhes chamam sua atenção. Um comerciante fala baixo, um viajante observa a estrada e uma oportunidade aparece onde você menos esperava. Em Altheria, até um dia comum pode deixar uma marca.	Investigar a situação.	PER>=5	END	xp=2	END	fatigue=1		Continuar seu caminho.	NONE	END	fatigue=0	END	fatigue=1		RANDOM;NARRATIVE	NONE	5
RND_0774	ACADEMIC	COMMON	ANY	Eshmara	Brumas	7	88	2	Entre aulas e rivalidades	O corredor da Academia de Valdora está cheio. Um colega pede ajuda, outro provoca você e um professor observa de longe, aparentemente interessado em descobrir quem consegue resolver o problema sem transformar tudo em uma briga.	Investigar a situação.	PER>=5	END	xp=4	END	fatigue=1		Continuar seu caminho.	NONE	END	fatigue=0	END	fatigue=1		RANDOM;NARRATIVE	NONE	17
RND_0775	OPPORTUNITY	COMMON	ANY	Tharun	Stone-Âmbar	7	45	4	Uma manhã que parecia comum	Stone-Âmbar segue sua rotina, mas pequenos detalhes chamam sua atenção. Um comerciante fala baixo, um viajante observa a estrada e uma oportunidade aparece onde você menos esperava. Em Altheria, até um dia comum pode deixar uma marca.	Investigar a situação.	PER>=5	END	xp=2	END	fatigue=1		Continuar seu caminho.	NONE	END	fatigue=0	END	fatigue=1		RANDOM;NARRATIVE	NONE	4
RND_0776	MONSTER	COMMON	ANY	Eshmara	Brumas	3	126	8	Rastros na estrada — Kobold	As marcas no barro contam uma história antes mesmo de você ver a criatura. Galhos quebrados, um cheiro estranho e o silêncio repentino dos pássaros sugerem que um kobold está próximo. Você pode investigar ou seguir adiante.	Investigar a situação.	PER>=5	END	xp=8	END	fatigue=1	AEL_MON_0001	Continuar seu caminho.	NONE	END	fatigue=0	END	fatigue=1		RANDOM;NARRATIVE	NONE	9
RND_0777	OPPORTUNITY	COMMON	ANY	Tharun	Stone-Âmbar	8	41	5	Sinais na fronteira	Stone-Âmbar segue sua rotina, mas pequenos detalhes chamam sua atenção. Um comerciante fala baixo, um viajante observa a estrada e uma oportunidade aparece onde você menos esperava. Em Altheria, até um dia comum pode deixar uma marca.	Investigar a situação.	PER>=5	END	xp=8	END	fatigue=1		Continuar seu caminho.	NONE	END	fatigue=0	END	fatigue=1		RANDOM;NARRATIVE	NONE	7
RND_0778	OPPORTUNITY	COMMON	ANY	Lyrien	Aerocivitus	2	53	5	Uma manhã que parecia comum	Aerocivitus segue sua rotina, mas pequenos detalhes chamam sua atenção. Um comerciante fala baixo, um viajante observa a estrada e uma oportunidade aparece onde você menos esperava. Em Altheria, até um dia comum pode deixar uma marca.	Investigar a situação.	PER>=5	END	xp=5	END	fatigue=1		Continuar seu caminho.	NONE	END	fatigue=0	END	fatigue=1		RANDOM;NARRATIVE	NONE	14
RND_0779	ACADEMIC	COMMON	ANY	Myrthos	Sem nome definido	7	38	12	Entre aulas e rivalidades	O corredor da Academia de Valdora está cheio. Um colega pede ajuda, outro provoca você e um professor observa de longe, aparentemente interessado em descobrir quem consegue resolver o problema sem transformar tudo em uma briga.	Investigar a situação.	PER>=5	END	xp=8	END	fatigue=1		Continuar seu caminho.	NONE	END	fatigue=0	END	fatigue=1		RANDOM;NARRATIVE	NONE	19
RND_0780	CITY	COMMON	ANY	Eshmara	Brumas	3	6	7	Mercadoria esquecida	Brumas segue sua rotina, mas pequenos detalhes chamam sua atenção. Um comerciante fala baixo, um viajante observa a estrada e uma oportunidade aparece onde você menos esperava. Em Altheria, até um dia comum pode deixar uma marca.	Investigar a situação.	PER>=5	END	xp=8	END	fatigue=1		Continuar seu caminho.	NONE	END	fatigue=0	END	fatigue=1		RANDOM;NARRATIVE	NONE	18
RND_0781	ROAD	COMMON	ANY	Aeloria	Zephyrholt	3	7	13	Mercadoria esquecida	Zephyrholt segue sua rotina, mas pequenos detalhes chamam sua atenção. Um comerciante fala baixo, um viajante observa a estrada e uma oportunidade aparece onde você menos esperava. Em Altheria, até um dia comum pode deixar uma marca.	Investigar a situação.	PER>=5	END	xp=2	END	fatigue=1		Continuar seu caminho.	NONE	END	fatigue=0	END	fatigue=1		RANDOM;NARRATIVE	NONE	9
RND_0782	OPPORTUNITY	COMMON	ANY	Nyssara	Emerald Tide	4	123	8	Mercadoria esquecida	Emerald Tide segue sua rotina, mas pequenos detalhes chamam sua atenção. Um comerciante fala baixo, um viajante observa a estrada e uma oportunidade aparece onde você menos esperava. Em Altheria, até um dia comum pode deixar uma marca.	Investigar a situação.	PER>=5	END	xp=8	END	fatigue=1		Continuar seu caminho.	NONE	END	fatigue=0	END	fatigue=1		RANDOM;NARRATIVE	NONE	16
RND_0783	OPPORTUNITY	COMMON	ANY	Lyrien	Aerocivitus	2	3	4	Rumor de taverna	Aerocivitus segue sua rotina, mas pequenos detalhes chamam sua atenção. Um comerciante fala baixo, um viajante observa a estrada e uma oportunidade aparece onde você menos esperava. Em Altheria, até um dia comum pode deixar uma marca.	Investigar a situação.	PER>=5	END	xp=8	END	fatigue=1		Continuar seu caminho.	NONE	END	fatigue=0	END	fatigue=1		RANDOM;NARRATIVE	NONE	9
RND_0784	ACADEMIC	COMMON	ANY	Aeloria	Runedral	2	77	5	Entre aulas e rivalidades	O corredor da Academia de Valdora está cheio. Um colega pede ajuda, outro provoca você e um professor observa de longe, aparentemente interessado em descobrir quem consegue resolver o problema sem transformar tudo em uma briga.	Investigar a situação.	PER>=5	END	xp=4	END	fatigue=1		Continuar seu caminho.	NONE	END	fatigue=0	END	fatigue=1		RANDOM;NARRATIVE	NONE	9
RND_0785	ACADEMIC	COMMON	ANY	Orinthal	Crystalia	2	66	12	Entre aulas e rivalidades	O corredor da Academia de Valdora está cheio. Um colega pede ajuda, outro provoca você e um professor observa de longe, aparentemente interessado em descobrir quem consegue resolver o problema sem transformar tudo em uma briga.	Investigar a situação.	PER>=5	END	xp=5	END	fatigue=1		Continuar seu caminho.	NONE	END	fatigue=0	END	fatigue=1		RANDOM;NARRATIVE	NONE	18
RND_0786	OPPORTUNITY	COMMON	ANY	Kethruun	Sandbones	2	102	14	Uma porta entreaberta	Sandbones segue sua rotina, mas pequenos detalhes chamam sua atenção. Um comerciante fala baixo, um viajante observa a estrada e uma oportunidade aparece onde você menos esperava. Em Altheria, até um dia comum pode deixar uma marca.	Investigar a situação.	PER>=5	END	xp=5	END	fatigue=1		Continuar seu caminho.	NONE	END	fatigue=0	END	fatigue=1		RANDOM;NARRATIVE	NONE	9
RND_0787	SOCIAL	COMMON	ANY	Myrthos	Sem nome definido	1	108	8	Uma pessoa à beira da estrada	A poucos passos da estrada, uma pessoa surge ofegante. Ela conta que alguém levou seu filho e aponta para a trilha ainda recente. A distância é pequena; o problema é que você não sabe o que encontrará no fim dela.	Investigar a situação.	PER>=5	END	xp=2	END	fatigue=1		Continuar seu caminho.	NONE	END	fatigue=0	END	fatigue=1		RANDOM;NARRATIVE	NONE	17
RND_0788	OPPORTUNITY	COMMON	ANY	Aeloria	Runedral	4	98	10	Rumor de taverna	Runedral segue sua rotina, mas pequenos detalhes chamam sua atenção. Um comerciante fala baixo, um viajante observa a estrada e uma oportunidade aparece onde você menos esperava. Em Altheria, até um dia comum pode deixar uma marca.	Investigar a situação.	PER>=5	END	xp=1	END	fatigue=1		Continuar seu caminho.	NONE	END	fatigue=0	END	fatigue=1		RANDOM;NARRATIVE	NONE	3
RND_0789	OPPORTUNITY	COMMON	ANY	Zarim	Fornalia	8	3	7	Rumor de taverna	Fornalia segue sua rotina, mas pequenos detalhes chamam sua atenção. Um comerciante fala baixo, um viajante observa a estrada e uma oportunidade aparece onde você menos esperava. Em Altheria, até um dia comum pode deixar uma marca.	Investigar a situação.	PER>=5	END	xp=1	END	fatigue=1		Continuar seu caminho.	NONE	END	fatigue=0	END	fatigue=1		RANDOM;NARRATIVE	NONE	18
RND_0790	OPPORTUNITY	COMMON	ANY	Lyrien	Aerocivitus	2	108	6	Sinais na fronteira	Aerocivitus segue sua rotina, mas pequenos detalhes chamam sua atenção. Um comerciante fala baixo, um viajante observa a estrada e uma oportunidade aparece onde você menos esperava. Em Altheria, até um dia comum pode deixar uma marca.	Investigar a situação.	PER>=5	END	xp=3	END	fatigue=1		Continuar seu caminho.	NONE	END	fatigue=0	END	fatigue=1		RANDOM;NARRATIVE	NONE	15
RND_0791	GUILD	COMMON	ANY	Eshmara	Brumas	8	83	4	Mercadoria esquecida	Brumas segue sua rotina, mas pequenos detalhes chamam sua atenção. Um comerciante fala baixo, um viajante observa a estrada e uma oportunidade aparece onde você menos esperava. Em Altheria, até um dia comum pode deixar uma marca.	Investigar a situação.	PER>=5	END	xp=6	END	fatigue=1		Continuar seu caminho.	NONE	END	fatigue=0	END	fatigue=1		RANDOM;NARRATIVE	NONE	3
RND_0792	ACADEMIC	COMMON	ANY	Eshmara	Brumas	2	72	3	Entre aulas e rivalidades	O corredor da Academia de Valdora está cheio. Um colega pede ajuda, outro provoca você e um professor observa de longe, aparentemente interessado em descobrir quem consegue resolver o problema sem transformar tudo em uma briga.	Investigar a situação.	PER>=5	END	xp=1	END	fatigue=1		Continuar seu caminho.	NONE	END	fatigue=0	END	fatigue=1		RANDOM;NARRATIVE	NONE	9
RND_0793	MONSTER	COMMON	ANY	Tharun	Stone-Âmbar	8	100	5	Rastros na estrada — Harpy	As marcas no barro contam uma história antes mesmo de você ver a criatura. Galhos quebrados, um cheiro estranho e o silêncio repentino dos pássaros sugerem que um harpy está próximo. Você pode investigar ou seguir adiante.	Investigar a situação.	PER>=5	END	xp=8	END	fatigue=1	AEL_MON_0001	Continuar seu caminho.	NONE	END	fatigue=0	END	fatigue=1		RANDOM;NARRATIVE	NONE	9
RND_0794	OPPORTUNITY	COMMON	ANY	Zarim	Fornalia	8	107	10	Rumor de taverna	Fornalia segue sua rotina, mas pequenos detalhes chamam sua atenção. Um comerciante fala baixo, um viajante observa a estrada e uma oportunidade aparece onde você menos esperava. Em Altheria, até um dia comum pode deixar uma marca.	Investigar a situação.	PER>=5	END	xp=7	END	fatigue=1		Continuar seu caminho.	NONE	END	fatigue=0	END	fatigue=1		RANDOM;NARRATIVE	NONE	13
RND_0795	GUILD	COMMON	ANY	Myrthos	Sem nome definido	8	76	7	Pedido inesperado	Sem nome definido segue sua rotina, mas pequenos detalhes chamam sua atenção. Um comerciante fala baixo, um viajante observa a estrada e uma oportunidade aparece onde você menos esperava. Em Altheria, até um dia comum pode deixar uma marca.	Investigar a situação.	PER>=5	END	xp=4	END	fatigue=1		Continuar seu caminho.	NONE	END	fatigue=0	END	fatigue=1		RANDOM;NARRATIVE	NONE	4
RND_0796	SOCIAL	COMMON	ANY	Orinthal	Crystalia	4	145	11	Uma pessoa à beira da estrada	A poucos passos da estrada, uma pessoa surge ofegante. Ela conta que alguém levou seu filho e aponta para a trilha ainda recente. A distância é pequena; o problema é que você não sabe o que encontrará no fim dela.	Investigar a situação.	PER>=5	END	xp=4	END	fatigue=1		Continuar seu caminho.	NONE	END	fatigue=0	END	fatigue=1		RANDOM;NARRATIVE	NONE	13
RND_0797	ROAD	COMMON	ANY	Orinthal	Crystalia	6	27	9	Sinais na fronteira	Crystalia segue sua rotina, mas pequenos detalhes chamam sua atenção. Um comerciante fala baixo, um viajante observa a estrada e uma oportunidade aparece onde você menos esperava. Em Altheria, até um dia comum pode deixar uma marca.	Investigar a situação.	PER>=5	END	xp=3	END	fatigue=1		Continuar seu caminho.	NONE	END	fatigue=0	END	fatigue=1		RANDOM;NARRATIVE	NONE	18
RND_0798	GUILD	COMMON	ANY	Myrthos	Sem nome definido	7	28	5	Mercadoria esquecida	Sem nome definido segue sua rotina, mas pequenos detalhes chamam sua atenção. Um comerciante fala baixo, um viajante observa a estrada e uma oportunidade aparece onde você menos esperava. Em Altheria, até um dia comum pode deixar uma marca.	Investigar a situação.	PER>=5	END	xp=2	END	fatigue=1		Continuar seu caminho.	NONE	END	fatigue=0	END	fatigue=1		RANDOM;NARRATIVE	NONE	14
RND_0799	GUILD	COMMON	ANY	Myrthos	Sem nome definido	4	143	2	Rumor de taverna	Sem nome definido segue sua rotina, mas pequenos detalhes chamam sua atenção. Um comerciante fala baixo, um viajante observa a estrada e uma oportunidade aparece onde você menos esperava. Em Altheria, até um dia comum pode deixar uma marca.	Investigar a situação.	PER>=5	END	xp=8	END	fatigue=1		Continuar seu caminho.	NONE	END	fatigue=0	END	fatigue=1		RANDOM;NARRATIVE	NONE	12
RND_0800	ROAD	COMMON	ANY	Myrthos	Sem nome definido	8	102	4	Rumor de taverna	Sem nome definido segue sua rotina, mas pequenos detalhes chamam sua atenção. Um comerciante fala baixo, um viajante observa a estrada e uma oportunidade aparece onde você menos esperava. Em Altheria, até um dia comum pode deixar uma marca.	Investigar a situação.	PER>=5	END	xp=1	END	fatigue=1		Continuar seu caminho.	NONE	END	fatigue=0	END	fatigue=1		RANDOM;NARRATIVE	NONE	12
RND_0801	OPPORTUNITY	COMMON	ANY	Nyssara	Emerald Tide	8	87	5	Pedido inesperado	Emerald Tide segue sua rotina, mas pequenos detalhes chamam sua atenção. Um comerciante fala baixo, um viajante observa a estrada e uma oportunidade aparece onde você menos esperava. Em Altheria, até um dia comum pode deixar uma marca.	Investigar a situação.	PER>=5	END	xp=3	END	fatigue=1		Continuar seu caminho.	NONE	END	fatigue=0	END	fatigue=1		RANDOM;NARRATIVE	NONE	15
RND_0802	CITY	COMMON	ANY	Eshmara	Brumas	1	41	7	Uma porta entreaberta	Brumas segue sua rotina, mas pequenos detalhes chamam sua atenção. Um comerciante fala baixo, um viajante observa a estrada e uma oportunidade aparece onde você menos esperava. Em Altheria, até um dia comum pode deixar uma marca.	Investigar a situação.	PER>=5	END	xp=1	END	fatigue=1		Continuar seu caminho.	NONE	END	fatigue=0	END	fatigue=1		RANDOM;NARRATIVE	NONE	7
RND_0803	ROAD	COMMON	ANY	Lyrien	Aerocivitus	3	4	7	Mercadoria esquecida	Aerocivitus segue sua rotina, mas pequenos detalhes chamam sua atenção. Um comerciante fala baixo, um viajante observa a estrada e uma oportunidade aparece onde você menos esperava. Em Altheria, até um dia comum pode deixar uma marca.	Investigar a situação.	PER>=5	END	xp=2	END	fatigue=1		Continuar seu caminho.	NONE	END	fatigue=0	END	fatigue=1		RANDOM;NARRATIVE	NONE	13
RND_0804	ACADEMIC	COMMON	ANY	Aeloria	Frostmere	4	83	10	Entre aulas e rivalidades	O corredor da Academia de Valdora está cheio. Um colega pede ajuda, outro provoca você e um professor observa de longe, aparentemente interessado em descobrir quem consegue resolver o problema sem transformar tudo em uma briga.	Investigar a situação.	PER>=5	END	xp=7	END	fatigue=1		Continuar seu caminho.	NONE	END	fatigue=0	END	fatigue=1		RANDOM;NARRATIVE	NONE	12
RND_0805	OPPORTUNITY	COMMON	ANY	Orinthal	Crystalia	7	105	7	Sinais na fronteira	Crystalia segue sua rotina, mas pequenos detalhes chamam sua atenção. Um comerciante fala baixo, um viajante observa a estrada e uma oportunidade aparece onde você menos esperava. Em Altheria, até um dia comum pode deixar uma marca.	Investigar a situação.	PER>=5	END	xp=7	END	fatigue=1		Continuar seu caminho.	NONE	END	fatigue=0	END	fatigue=1		RANDOM;NARRATIVE	NONE	15
RND_0806	CITY	COMMON	ANY	Lyrien	Aerocivitus	3	84	6	Mercadoria esquecida	Aerocivitus segue sua rotina, mas pequenos detalhes chamam sua atenção. Um comerciante fala baixo, um viajante observa a estrada e uma oportunidade aparece onde você menos esperava. Em Altheria, até um dia comum pode deixar uma marca.	Investigar a situação.	PER>=5	END	xp=4	END	fatigue=1		Continuar seu caminho.	NONE	END	fatigue=0	END	fatigue=1		RANDOM;NARRATIVE	NONE	16
RND_0807	MONSTER	COMMON	ANY	Orinthal	Crystalia	7	31	13	Rastros na estrada — Dryad	As marcas no barro contam uma história antes mesmo de você ver a criatura. Galhos quebrados, um cheiro estranho e o silêncio repentino dos pássaros sugerem que um dryad está próximo. Você pode investigar ou seguir adiante.	Investigar a situação.	PER>=5	END	xp=3	END	fatigue=1	AEL_MON_0001	Continuar seu caminho.	NONE	END	fatigue=0	END	fatigue=1		RANDOM;NARRATIVE	NONE	5
RND_0808	OPPORTUNITY	COMMON	ANY	Nyssara	Emerald Tide	8	109	2	Pedido inesperado	Emerald Tide segue sua rotina, mas pequenos detalhes chamam sua atenção. Um comerciante fala baixo, um viajante observa a estrada e uma oportunidade aparece onde você menos esperava. Em Altheria, até um dia comum pode deixar uma marca.	Investigar a situação.	PER>=5	END	xp=2	END	fatigue=1		Continuar seu caminho.	NONE	END	fatigue=0	END	fatigue=1		RANDOM;NARRATIVE	NONE	13
RND_0809	OPPORTUNITY	COMMON	ANY	Zarim	Fornalia	8	126	11	Sinais na fronteira	Fornalia segue sua rotina, mas pequenos detalhes chamam sua atenção. Um comerciante fala baixo, um viajante observa a estrada e uma oportunidade aparece onde você menos esperava. Em Altheria, até um dia comum pode deixar uma marca.	Investigar a situação.	PER>=5	END	xp=3	END	fatigue=1		Continuar seu caminho.	NONE	END	fatigue=0	END	fatigue=1		RANDOM;NARRATIVE	NONE	11
RND_0810	SOCIAL	COMMON	ANY	Aeloria	Pyrelith	7	9	11	Uma pessoa à beira da estrada	A poucos passos da estrada, uma pessoa surge ofegante. Ela conta que alguém levou seu filho e aponta para a trilha ainda recente. A distância é pequena; o problema é que você não sabe o que encontrará no fim dela.	Investigar a situação.	PER>=5	END	xp=3	END	fatigue=1		Continuar seu caminho.	NONE	END	fatigue=0	END	fatigue=1		RANDOM;NARRATIVE	NONE	11
RND_0811	GUILD	COMMON	ANY	Lyrien	Aerocivitus	2	98	2	Uma manhã que parecia comum	Aerocivitus segue sua rotina, mas pequenos detalhes chamam sua atenção. Um comerciante fala baixo, um viajante observa a estrada e uma oportunidade aparece onde você menos esperava. Em Altheria, até um dia comum pode deixar uma marca.	Investigar a situação.	PER>=5	END	xp=1	END	fatigue=1		Continuar seu caminho.	NONE	END	fatigue=0	END	fatigue=1		RANDOM;NARRATIVE	NONE	4
RND_0812	ROAD	COMMON	ANY	Valkyrion	Volmeria	4	40	7	Rumor de taverna	Volmeria segue sua rotina, mas pequenos detalhes chamam sua atenção. Um comerciante fala baixo, um viajante observa a estrada e uma oportunidade aparece onde você menos esperava. Em Altheria, até um dia comum pode deixar uma marca.	Investigar a situação.	PER>=5	END	xp=3	END	fatigue=1		Continuar seu caminho.	NONE	END	fatigue=0	END	fatigue=1		RANDOM;NARRATIVE	NONE	18
RND_0813	GUILD	COMMON	ANY	Orinthal	Crystalia	8	99	4	Sinais na fronteira	Crystalia segue sua rotina, mas pequenos detalhes chamam sua atenção. Um comerciante fala baixo, um viajante observa a estrada e uma oportunidade aparece onde você menos esperava. Em Altheria, até um dia comum pode deixar uma marca.	Investigar a situação.	PER>=5	END	xp=3	END	fatigue=1		Continuar seu caminho.	NONE	END	fatigue=0	END	fatigue=1		RANDOM;NARRATIVE	NONE	4
RND_0814	OPPORTUNITY	COMMON	ANY	Nyssara	Emerald Tide	8	9	11	Uma porta entreaberta	Emerald Tide segue sua rotina, mas pequenos detalhes chamam sua atenção. Um comerciante fala baixo, um viajante observa a estrada e uma oportunidade aparece onde você menos esperava. Em Altheria, até um dia comum pode deixar uma marca.	Investigar a situação.	PER>=5	END	xp=1	END	fatigue=1		Continuar seu caminho.	NONE	END	fatigue=0	END	fatigue=1		RANDOM;NARRATIVE	NONE	4
RND_0815	CITY	COMMON	ANY	Valkyrion	Volmeria	6	112	14	Rumor de taverna	Volmeria segue sua rotina, mas pequenos detalhes chamam sua atenção. Um comerciante fala baixo, um viajante observa a estrada e uma oportunidade aparece onde você menos esperava. Em Altheria, até um dia comum pode deixar uma marca.	Investigar a situação.	PER>=5	END	xp=2	END	fatigue=1		Continuar seu caminho.	NONE	END	fatigue=0	END	fatigue=1		RANDOM;NARRATIVE	NONE	3
RND_0816	OPPORTUNITY	COMMON	ANY	Kethruun	Sandbones	2	68	10	Rumor de taverna	Sandbones segue sua rotina, mas pequenos detalhes chamam sua atenção. Um comerciante fala baixo, um viajante observa a estrada e uma oportunidade aparece onde você menos esperava. Em Altheria, até um dia comum pode deixar uma marca.	Investigar a situação.	PER>=5	END	xp=8	END	fatigue=1		Continuar seu caminho.	NONE	END	fatigue=0	END	fatigue=1		RANDOM;NARRATIVE	NONE	9
RND_0817	CITY	COMMON	ANY	Aeloria	Emberholt	7	44	9	Mercadoria esquecida	Emberholt segue sua rotina, mas pequenos detalhes chamam sua atenção. Um comerciante fala baixo, um viajante observa a estrada e uma oportunidade aparece onde você menos esperava. Em Altheria, até um dia comum pode deixar uma marca.	Investigar a situação.	PER>=5	END	xp=5	END	fatigue=1		Continuar seu caminho.	NONE	END	fatigue=0	END	fatigue=1		RANDOM;NARRATIVE	NONE	12
RND_0818	GUILD	COMMON	ANY	Aeloria	Sylthar	5	123	3	Mercadoria esquecida	Sylthar segue sua rotina, mas pequenos detalhes chamam sua atenção. Um comerciante fala baixo, um viajante observa a estrada e uma oportunidade aparece onde você menos esperava. Em Altheria, até um dia comum pode deixar uma marca.	Investigar a situação.	PER>=5	END	xp=4	END	fatigue=1		Continuar seu caminho.	NONE	END	fatigue=0	END	fatigue=1		RANDOM;NARRATIVE	NONE	18
RND_0819	SOCIAL	COMMON	ANY	Valkyrion	Volmeria	3	62	13	Uma pessoa à beira da estrada	A poucos passos da estrada, uma pessoa surge ofegante. Ela conta que alguém levou seu filho e aponta para a trilha ainda recente. A distância é pequena; o problema é que você não sabe o que encontrará no fim dela.	Investigar a situação.	PER>=5	END	xp=6	END	fatigue=1		Continuar seu caminho.	NONE	END	fatigue=0	END	fatigue=1		RANDOM;NARRATIVE	NONE	11
RND_0820	GUILD	COMMON	ANY	Aeloria	Oathmere	7	5	2	Uma porta entreaberta	Oathmere segue sua rotina, mas pequenos detalhes chamam sua atenção. Um comerciante fala baixo, um viajante observa a estrada e uma oportunidade aparece onde você menos esperava. Em Altheria, até um dia comum pode deixar uma marca.	Investigar a situação.	PER>=5	END	xp=1	END	fatigue=1		Continuar seu caminho.	NONE	END	fatigue=0	END	fatigue=1		RANDOM;NARRATIVE	NONE	17
RND_0821	CITY	COMMON	ANY	Myrthos	Sem nome definido	1	72	11	Uma manhã que parecia comum	Sem nome definido segue sua rotina, mas pequenos detalhes chamam sua atenção. Um comerciante fala baixo, um viajante observa a estrada e uma oportunidade aparece onde você menos esperava. Em Altheria, até um dia comum pode deixar uma marca.	Investigar a situação.	PER>=5	END	xp=2	END	fatigue=1		Continuar seu caminho.	NONE	END	fatigue=0	END	fatigue=1		RANDOM;NARRATIVE	NONE	10
RND_0822	CITY	COMMON	ANY	Aeloria	Wyrmhaven	5	34	2	Sinais na fronteira	Wyrmhaven segue sua rotina, mas pequenos detalhes chamam sua atenção. Um comerciante fala baixo, um viajante observa a estrada e uma oportunidade aparece onde você menos esperava. Em Altheria, até um dia comum pode deixar uma marca.	Investigar a situação.	PER>=5	END	xp=7	END	fatigue=1		Continuar seu caminho.	NONE	END	fatigue=0	END	fatigue=1		RANDOM;NARRATIVE	NONE	15
RND_0823	MONSTER	COMMON	ANY	Valkyrion	Volmeria	6	126	10	Rastros na estrada — Mantis	As marcas no barro contam uma história antes mesmo de você ver a criatura. Galhos quebrados, um cheiro estranho e o silêncio repentino dos pássaros sugerem que um mantis está próximo. Você pode investigar ou seguir adiante.	Investigar a situação.	PER>=5	END	xp=7	END	fatigue=1	AEL_MON_0001	Continuar seu caminho.	NONE	END	fatigue=0	END	fatigue=1		RANDOM;NARRATIVE	NONE	19
RND_0824	GUILD	COMMON	ANY	Zarim	Fornalia	1	45	7	Uma manhã que parecia comum	Fornalia segue sua rotina, mas pequenos detalhes chamam sua atenção. Um comerciante fala baixo, um viajante observa a estrada e uma oportunidade aparece onde você menos esperava. Em Altheria, até um dia comum pode deixar uma marca.	Investigar a situação.	PER>=5	END	xp=2	END	fatigue=1		Continuar seu caminho.	NONE	END	fatigue=0	END	fatigue=1		RANDOM;NARRATIVE	NONE	14
RND_0825	CITY	COMMON	ANY	Aeloria	Ironvale	7	59	6	Uma porta entreaberta	Ironvale segue sua rotina, mas pequenos detalhes chamam sua atenção. Um comerciante fala baixo, um viajante observa a estrada e uma oportunidade aparece onde você menos esperava. Em Altheria, até um dia comum pode deixar uma marca.	Investigar a situação.	PER>=5	END	xp=1	END	fatigue=1		Continuar seu caminho.	NONE	END	fatigue=0	END	fatigue=1		RANDOM;NARRATIVE	NONE	9
RND_0826	SOCIAL	COMMON	ANY	Tharun	Stone-Âmbar	2	72	5	Uma pessoa à beira da estrada	A poucos passos da estrada, uma pessoa surge ofegante. Ela conta que alguém levou seu filho e aponta para a trilha ainda recente. A distância é pequena; o problema é que você não sabe o que encontrará no fim dela.	Investigar a situação.	PER>=5	END	xp=8	END	fatigue=1		Continuar seu caminho.	NONE	END	fatigue=0	END	fatigue=1		RANDOM;NARRATIVE	NONE	6
RND_0827	ACADEMIC	COMMON	ANY	Zarim	Fornalia	2	58	11	Entre aulas e rivalidades	O corredor da Academia de Valdora está cheio. Um colega pede ajuda, outro provoca você e um professor observa de longe, aparentemente interessado em descobrir quem consegue resolver o problema sem transformar tudo em uma briga.	Investigar a situação.	PER>=5	END	xp=1	END	fatigue=1		Continuar seu caminho.	NONE	END	fatigue=0	END	fatigue=1		RANDOM;NARRATIVE	NONE	11
RND_0828	SOCIAL	COMMON	ANY	Myrthos	Sem nome definido	8	48	14	Uma pessoa à beira da estrada	A poucos passos da estrada, uma pessoa surge ofegante. Ela conta que alguém levou seu filho e aponta para a trilha ainda recente. A distância é pequena; o problema é que você não sabe o que encontrará no fim dela.	Investigar a situação.	PER>=5	END	xp=3	END	fatigue=1		Continuar seu caminho.	NONE	END	fatigue=0	END	fatigue=1		RANDOM;NARRATIVE	NONE	15
RND_0829	SOCIAL	COMMON	ANY	Myrthos	Sem nome definido	8	129	6	Uma pessoa à beira da estrada	A poucos passos da estrada, uma pessoa surge ofegante. Ela conta que alguém levou seu filho e aponta para a trilha ainda recente. A distância é pequena; o problema é que você não sabe o que encontrará no fim dela.	Investigar a situação.	PER>=5	END	xp=3	END	fatigue=1		Continuar seu caminho.	NONE	END	fatigue=0	END	fatigue=1		RANDOM;NARRATIVE	NONE	5
RND_0830	MONSTER	COMMON	ANY	Aeloria	Highspire	6	43	4	Rastros na estrada — Wyrm	As marcas no barro contam uma história antes mesmo de você ver a criatura. Galhos quebrados, um cheiro estranho e o silêncio repentino dos pássaros sugerem que um wyrm está próximo. Você pode investigar ou seguir adiante.	Investigar a situação.	PER>=5	END	xp=6	END	fatigue=1	AEL_MON_0001	Continuar seu caminho.	NONE	END	fatigue=0	END	fatigue=1		RANDOM;NARRATIVE	NONE	16
RND_0831	ROAD	COMMON	ANY	Zarim	Fornalia	7	92	10	Uma manhã que parecia comum	Fornalia segue sua rotina, mas pequenos detalhes chamam sua atenção. Um comerciante fala baixo, um viajante observa a estrada e uma oportunidade aparece onde você menos esperava. Em Altheria, até um dia comum pode deixar uma marca.	Investigar a situação.	PER>=5	END	xp=5	END	fatigue=1		Continuar seu caminho.	NONE	END	fatigue=0	END	fatigue=1		RANDOM;NARRATIVE	NONE	17
RND_0832	ACADEMIC	COMMON	ANY	Lyrien	Aerocivitus	2	7	14	Entre aulas e rivalidades	O corredor da Academia de Valdora está cheio. Um colega pede ajuda, outro provoca você e um professor observa de longe, aparentemente interessado em descobrir quem consegue resolver o problema sem transformar tudo em uma briga.	Investigar a situação.	PER>=5	END	xp=5	END	fatigue=1		Continuar seu caminho.	NONE	END	fatigue=0	END	fatigue=1		RANDOM;NARRATIVE	NONE	17
RND_0833	MONSTER	COMMON	ANY	Aeloria	Brighthollow	3	48	11	Rastros na estrada — Harpy	As marcas no barro contam uma história antes mesmo de você ver a criatura. Galhos quebrados, um cheiro estranho e o silêncio repentino dos pássaros sugerem que um harpy está próximo. Você pode investigar ou seguir adiante.	Investigar a situação.	PER>=5	END	xp=8	END	fatigue=1	AEL_MON_0001	Continuar seu caminho.	NONE	END	fatigue=0	END	fatigue=1		RANDOM;NARRATIVE	NONE	19
RND_0834	SOCIAL	COMMON	ANY	Myrthos	Sem nome definido	8	53	8	Uma pessoa à beira da estrada	A poucos passos da estrada, uma pessoa surge ofegante. Ela conta que alguém levou seu filho e aponta para a trilha ainda recente. A distância é pequena; o problema é que você não sabe o que encontrará no fim dela.	Investigar a situação.	PER>=5	END	xp=7	END	fatigue=1		Continuar seu caminho.	NONE	END	fatigue=0	END	fatigue=1		RANDOM;NARRATIVE	NONE	12
RND_0835	CITY	COMMON	ANY	Myrthos	Sem nome definido	2	31	13	Sinais na fronteira	Sem nome definido segue sua rotina, mas pequenos detalhes chamam sua atenção. Um comerciante fala baixo, um viajante observa a estrada e uma oportunidade aparece onde você menos esperava. Em Altheria, até um dia comum pode deixar uma marca.	Investigar a situação.	PER>=5	END	xp=2	END	fatigue=1		Continuar seu caminho.	NONE	END	fatigue=0	END	fatigue=1		RANDOM;NARRATIVE	NONE	18
RND_0836	CITY	COMMON	ANY	Valkyrion	Volmeria	1	118	10	Uma manhã que parecia comum	Volmeria segue sua rotina, mas pequenos detalhes chamam sua atenção. Um comerciante fala baixo, um viajante observa a estrada e uma oportunidade aparece onde você menos esperava. Em Altheria, até um dia comum pode deixar uma marca.	Investigar a situação.	PER>=5	END	xp=8	END	fatigue=1		Continuar seu caminho.	NONE	END	fatigue=0	END	fatigue=1		RANDOM;NARRATIVE	NONE	13
RND_0837	CITY	COMMON	ANY	Kethruun	Sandbones	1	56	10	Uma porta entreaberta	Sandbones segue sua rotina, mas pequenos detalhes chamam sua atenção. Um comerciante fala baixo, um viajante observa a estrada e uma oportunidade aparece onde você menos esperava. Em Altheria, até um dia comum pode deixar uma marca.	Investigar a situação.	PER>=5	END	xp=2	END	fatigue=1		Continuar seu caminho.	NONE	END	fatigue=0	END	fatigue=1		RANDOM;NARRATIVE	NONE	18
RND_0838	ACADEMIC	COMMON	ANY	Valkyrion	Volmeria	7	46	12	Entre aulas e rivalidades	O corredor da Academia de Valdora está cheio. Um colega pede ajuda, outro provoca você e um professor observa de longe, aparentemente interessado em descobrir quem consegue resolver o problema sem transformar tudo em uma briga.	Investigar a situação.	PER>=5	END	xp=4	END	fatigue=1		Continuar seu caminho.	NONE	END	fatigue=0	END	fatigue=1		RANDOM;NARRATIVE	NONE	19
RND_0839	ROAD	COMMON	ANY	Tharun	Stone-Âmbar	1	6	9	Mercadoria esquecida	Stone-Âmbar segue sua rotina, mas pequenos detalhes chamam sua atenção. Um comerciante fala baixo, um viajante observa a estrada e uma oportunidade aparece onde você menos esperava. Em Altheria, até um dia comum pode deixar uma marca.	Investigar a situação.	PER>=5	END	xp=3	END	fatigue=1		Continuar seu caminho.	NONE	END	fatigue=0	END	fatigue=1		RANDOM;NARRATIVE	NONE	19
RND_0840	SOCIAL	COMMON	ANY	Nyssara	Emerald Tide	8	112	4	Uma pessoa à beira da estrada	A poucos passos da estrada, uma pessoa surge ofegante. Ela conta que alguém levou seu filho e aponta para a trilha ainda recente. A distância é pequena; o problema é que você não sabe o que encontrará no fim dela.	Investigar a situação.	PER>=5	END	xp=5	END	fatigue=1		Continuar seu caminho.	NONE	END	fatigue=0	END	fatigue=1		RANDOM;NARRATIVE	NONE	10
RND_0841	GUILD	COMMON	ANY	Kethruun	Sandbones	5	88	2	Mercadoria esquecida	Sandbones segue sua rotina, mas pequenos detalhes chamam sua atenção. Um comerciante fala baixo, um viajante observa a estrada e uma oportunidade aparece onde você menos esperava. Em Altheria, até um dia comum pode deixar uma marca.	Investigar a situação.	PER>=5	END	xp=1	END	fatigue=1		Continuar seu caminho.	NONE	END	fatigue=0	END	fatigue=1		RANDOM;NARRATIVE	NONE	13
RND_0842	MONSTER	COMMON	ANY	Nyssara	Emerald Tide	1	103	14	Rastros na estrada — Elemental	As marcas no barro contam uma história antes mesmo de você ver a criatura. Galhos quebrados, um cheiro estranho e o silêncio repentino dos pássaros sugerem que um elemental está próximo. Você pode investigar ou seguir adiante.	Investigar a situação.	PER>=5	END	xp=6	END	fatigue=1	AEL_MON_0001	Continuar seu caminho.	NONE	END	fatigue=0	END	fatigue=1		RANDOM;NARRATIVE	NONE	18
RND_0843	SOCIAL	COMMON	ANY	Zarim	Fornalia	5	12	11	Uma pessoa à beira da estrada	A poucos passos da estrada, uma pessoa surge ofegante. Ela conta que alguém levou seu filho e aponta para a trilha ainda recente. A distância é pequena; o problema é que você não sabe o que encontrará no fim dela.	Investigar a situação.	PER>=5	END	xp=7	END	fatigue=1		Continuar seu caminho.	NONE	END	fatigue=0	END	fatigue=1		RANDOM;NARRATIVE	NONE	12
RND_0844	ROAD	COMMON	ANY	Kethruun	Sandbones	3	76	4	Uma porta entreaberta	Sandbones segue sua rotina, mas pequenos detalhes chamam sua atenção. Um comerciante fala baixo, um viajante observa a estrada e uma oportunidade aparece onde você menos esperava. Em Altheria, até um dia comum pode deixar uma marca.	Investigar a situação.	PER>=5	END	xp=5	END	fatigue=1		Continuar seu caminho.	NONE	END	fatigue=0	END	fatigue=1		RANDOM;NARRATIVE	NONE	8
RND_0845	OPPORTUNITY	COMMON	ANY	Valkyrion	Volmeria	2	148	6	Uma manhã que parecia comum	Volmeria segue sua rotina, mas pequenos detalhes chamam sua atenção. Um comerciante fala baixo, um viajante observa a estrada e uma oportunidade aparece onde você menos esperava. Em Altheria, até um dia comum pode deixar uma marca.	Investigar a situação.	PER>=5	END	xp=2	END	fatigue=1		Continuar seu caminho.	NONE	END	fatigue=0	END	fatigue=1		RANDOM;NARRATIVE	NONE	5
RND_0846	CITY	COMMON	ANY	Kethruun	Sandbones	2	134	3	Sinais na fronteira	Sandbones segue sua rotina, mas pequenos detalhes chamam sua atenção. Um comerciante fala baixo, um viajante observa a estrada e uma oportunidade aparece onde você menos esperava. Em Altheria, até um dia comum pode deixar uma marca.	Investigar a situação.	PER>=5	END	xp=5	END	fatigue=1		Continuar seu caminho.	NONE	END	fatigue=0	END	fatigue=1		RANDOM;NARRATIVE	NONE	5
RND_0847	MONSTER	COMMON	ANY	Eshmara	Brumas	3	1	3	Rastros na estrada — Serpent	As marcas no barro contam uma história antes mesmo de você ver a criatura. Galhos quebrados, um cheiro estranho e o silêncio repentino dos pássaros sugerem que um serpent está próximo. Você pode investigar ou seguir adiante.	Investigar a situação.	PER>=5	END	xp=8	END	fatigue=1	AEL_MON_0001	Continuar seu caminho.	NONE	END	fatigue=0	END	fatigue=1		RANDOM;NARRATIVE	NONE	3
RND_0848	SOCIAL	COMMON	ANY	Kethruun	Sandbones	7	120	10	Uma pessoa à beira da estrada	A poucos passos da estrada, uma pessoa surge ofegante. Ela conta que alguém levou seu filho e aponta para a trilha ainda recente. A distância é pequena; o problema é que você não sabe o que encontrará no fim dela.	Investigar a situação.	PER>=5	END	xp=5	END	fatigue=1		Continuar seu caminho.	NONE	END	fatigue=0	END	fatigue=1		RANDOM;NARRATIVE	NONE	12
RND_0849	GUILD	COMMON	ANY	Tharun	Stone-Âmbar	1	91	4	Sinais na fronteira	Stone-Âmbar segue sua rotina, mas pequenos detalhes chamam sua atenção. Um comerciante fala baixo, um viajante observa a estrada e uma oportunidade aparece onde você menos esperava. Em Altheria, até um dia comum pode deixar uma marca.	Investigar a situação.	PER>=5	END	xp=5	END	fatigue=1		Continuar seu caminho.	NONE	END	fatigue=0	END	fatigue=1		RANDOM;NARRATIVE	NONE	18
RND_0850	OPPORTUNITY	COMMON	ANY	Eshmara	Brumas	5	106	6	Sinais na fronteira	Brumas segue sua rotina, mas pequenos detalhes chamam sua atenção. Um comerciante fala baixo, um viajante observa a estrada e uma oportunidade aparece onde você menos esperava. Em Altheria, até um dia comum pode deixar uma marca.	Investigar a situação.	PER>=5	END	xp=2	END	fatigue=1		Continuar seu caminho.	NONE	END	fatigue=0	END	fatigue=1		RANDOM;NARRATIVE	NONE	17
RND_0851	ACADEMIC	COMMON	ANY	Eshmara	Brumas	1	21	4	Entre aulas e rivalidades	O corredor da Academia de Valdora está cheio. Um colega pede ajuda, outro provoca você e um professor observa de longe, aparentemente interessado em descobrir quem consegue resolver o problema sem transformar tudo em uma briga.	Investigar a situação.	PER>=5	END	xp=3	END	fatigue=1		Continuar seu caminho.	NONE	END	fatigue=0	END	fatigue=1		RANDOM;NARRATIVE	NONE	13
RND_0852	GUILD	COMMON	ANY	Nyssara	Emerald Tide	6	126	10	Uma porta entreaberta	Emerald Tide segue sua rotina, mas pequenos detalhes chamam sua atenção. Um comerciante fala baixo, um viajante observa a estrada e uma oportunidade aparece onde você menos esperava. Em Altheria, até um dia comum pode deixar uma marca.	Investigar a situação.	PER>=5	END	xp=5	END	fatigue=1		Continuar seu caminho.	NONE	END	fatigue=0	END	fatigue=1		RANDOM;NARRATIVE	NONE	7
RND_0853	CITY	COMMON	ANY	Eshmara	Brumas	2	70	11	Uma manhã que parecia comum	Brumas segue sua rotina, mas pequenos detalhes chamam sua atenção. Um comerciante fala baixo, um viajante observa a estrada e uma oportunidade aparece onde você menos esperava. Em Altheria, até um dia comum pode deixar uma marca.	Investigar a situação.	PER>=5	END	xp=8	END	fatigue=1		Continuar seu caminho.	NONE	END	fatigue=0	END	fatigue=1		RANDOM;NARRATIVE	NONE	13
RND_0854	CITY	COMMON	ANY	Orinthal	Crystalia	1	58	6	Mercadoria esquecida	Crystalia segue sua rotina, mas pequenos detalhes chamam sua atenção. Um comerciante fala baixo, um viajante observa a estrada e uma oportunidade aparece onde você menos esperava. Em Altheria, até um dia comum pode deixar uma marca.	Investigar a situação.	PER>=5	END	xp=4	END	fatigue=1		Continuar seu caminho.	NONE	END	fatigue=0	END	fatigue=1		RANDOM;NARRATIVE	NONE	17
RND_0855	MONSTER	COMMON	ANY	Kethruun	Sandbones	8	16	14	Rastros na estrada — Gryphon	As marcas no barro contam uma história antes mesmo de você ver a criatura. Galhos quebrados, um cheiro estranho e o silêncio repentino dos pássaros sugerem que um gryphon está próximo. Você pode investigar ou seguir adiante.	Investigar a situação.	PER>=5	END	xp=8	END	fatigue=1	AEL_MON_0001	Continuar seu caminho.	NONE	END	fatigue=0	END	fatigue=1		RANDOM;NARRATIVE	NONE	4
RND_0856	GUILD	COMMON	ANY	Lyrien	Aerocivitus	7	67	10	Pedido inesperado	Aerocivitus segue sua rotina, mas pequenos detalhes chamam sua atenção. Um comerciante fala baixo, um viajante observa a estrada e uma oportunidade aparece onde você menos esperava. Em Altheria, até um dia comum pode deixar uma marca.	Investigar a situação.	PER>=5	END	xp=1	END	fatigue=1		Continuar seu caminho.	NONE	END	fatigue=0	END	fatigue=1		RANDOM;NARRATIVE	NONE	19
RND_0857	ACADEMIC	COMMON	ANY	Lyrien	Aerocivitus	7	56	8	Entre aulas e rivalidades	O corredor da Academia de Valdora está cheio. Um colega pede ajuda, outro provoca você e um professor observa de longe, aparentemente interessado em descobrir quem consegue resolver o problema sem transformar tudo em uma briga.	Investigar a situação.	PER>=5	END	xp=6	END	fatigue=1		Continuar seu caminho.	NONE	END	fatigue=0	END	fatigue=1		RANDOM;NARRATIVE	NONE	13
RND_0858	CITY	COMMON	ANY	Valkyrion	Volmeria	7	54	11	Mercadoria esquecida	Volmeria segue sua rotina, mas pequenos detalhes chamam sua atenção. Um comerciante fala baixo, um viajante observa a estrada e uma oportunidade aparece onde você menos esperava. Em Altheria, até um dia comum pode deixar uma marca.	Investigar a situação.	PER>=5	END	xp=7	END	fatigue=1		Continuar seu caminho.	NONE	END	fatigue=0	END	fatigue=1		RANDOM;NARRATIVE	NONE	13
RND_0859	CITY	COMMON	ANY	Aeloria	Umbravale	4	38	7	Sinais na fronteira	Umbravale segue sua rotina, mas pequenos detalhes chamam sua atenção. Um comerciante fala baixo, um viajante observa a estrada e uma oportunidade aparece onde você menos esperava. Em Altheria, até um dia comum pode deixar uma marca.	Investigar a situação.	PER>=5	END	xp=4	END	fatigue=1		Continuar seu caminho.	NONE	END	fatigue=0	END	fatigue=1		RANDOM;NARRATIVE	NONE	5
RND_0860	OPPORTUNITY	COMMON	ANY	Lyrien	Aerocivitus	6	41	8	Pedido inesperado	Aerocivitus segue sua rotina, mas pequenos detalhes chamam sua atenção. Um comerciante fala baixo, um viajante observa a estrada e uma oportunidade aparece onde você menos esperava. Em Altheria, até um dia comum pode deixar uma marca.	Investigar a situação.	PER>=5	END	xp=7	END	fatigue=1		Continuar seu caminho.	NONE	END	fatigue=0	END	fatigue=1		RANDOM;NARRATIVE	NONE	4
RND_0861	SOCIAL	COMMON	ANY	Tharun	Stone-Âmbar	7	83	12	Uma pessoa à beira da estrada	A poucos passos da estrada, uma pessoa surge ofegante. Ela conta que alguém levou seu filho e aponta para a trilha ainda recente. A distância é pequena; o problema é que você não sabe o que encontrará no fim dela.	Investigar a situação.	PER>=5	END	xp=1	END	fatigue=1		Continuar seu caminho.	NONE	END	fatigue=0	END	fatigue=1		RANDOM;NARRATIVE	NONE	5
RND_0862	ROAD	COMMON	ANY	Lyrien	Aerocivitus	2	114	13	Mercadoria esquecida	Aerocivitus segue sua rotina, mas pequenos detalhes chamam sua atenção. Um comerciante fala baixo, um viajante observa a estrada e uma oportunidade aparece onde você menos esperava. Em Altheria, até um dia comum pode deixar uma marca.	Investigar a situação.	PER>=5	END	xp=7	END	fatigue=1		Continuar seu caminho.	NONE	END	fatigue=0	END	fatigue=1		RANDOM;NARRATIVE	NONE	7
RND_0863	ROAD	COMMON	ANY	Kethruun	Sandbones	4	38	2	Uma manhã que parecia comum	Sandbones segue sua rotina, mas pequenos detalhes chamam sua atenção. Um comerciante fala baixo, um viajante observa a estrada e uma oportunidade aparece onde você menos esperava. Em Altheria, até um dia comum pode deixar uma marca.	Investigar a situação.	PER>=5	END	xp=2	END	fatigue=1		Continuar seu caminho.	NONE	END	fatigue=0	END	fatigue=1		RANDOM;NARRATIVE	NONE	11
RND_0864	SOCIAL	COMMON	ANY	Lyrien	Aerocivitus	5	64	8	Uma pessoa à beira da estrada	A poucos passos da estrada, uma pessoa surge ofegante. Ela conta que alguém levou seu filho e aponta para a trilha ainda recente. A distância é pequena; o problema é que você não sabe o que encontrará no fim dela.	Investigar a situação.	PER>=5	END	xp=6	END	fatigue=1		Continuar seu caminho.	NONE	END	fatigue=0	END	fatigue=1		RANDOM;NARRATIVE	NONE	4
RND_0865	MONSTER	COMMON	ANY	Orinthal	Crystalia	1	135	9	Rastros na estrada — Harpy	As marcas no barro contam uma história antes mesmo de você ver a criatura. Galhos quebrados, um cheiro estranho e o silêncio repentino dos pássaros sugerem que um harpy está próximo. Você pode investigar ou seguir adiante.	Investigar a situação.	PER>=5	END	xp=1	END	fatigue=1	AEL_MON_0001	Continuar seu caminho.	NONE	END	fatigue=0	END	fatigue=1		RANDOM;NARRATIVE	NONE	3
RND_0866	OPPORTUNITY	COMMON	ANY	Lyrien	Aerocivitus	2	26	2	Mercadoria esquecida	Aerocivitus segue sua rotina, mas pequenos detalhes chamam sua atenção. Um comerciante fala baixo, um viajante observa a estrada e uma oportunidade aparece onde você menos esperava. Em Altheria, até um dia comum pode deixar uma marca.	Investigar a situação.	PER>=5	END	xp=5	END	fatigue=1		Continuar seu caminho.	NONE	END	fatigue=0	END	fatigue=1		RANDOM;NARRATIVE	NONE	11
RND_0867	OPPORTUNITY	COMMON	ANY	Aeloria	Veyndaril	6	99	12	Pedido inesperado	Veyndaril segue sua rotina, mas pequenos detalhes chamam sua atenção. Um comerciante fala baixo, um viajante observa a estrada e uma oportunidade aparece onde você menos esperava. Em Altheria, até um dia comum pode deixar uma marca.	Investigar a situação.	PER>=5	END	xp=3	END	fatigue=1		Continuar seu caminho.	NONE	END	fatigue=0	END	fatigue=1		RANDOM;NARRATIVE	NONE	16
RND_0868	ROAD	COMMON	ANY	Valkyrion	Volmeria	1	129	7	Uma manhã que parecia comum	Volmeria segue sua rotina, mas pequenos detalhes chamam sua atenção. Um comerciante fala baixo, um viajante observa a estrada e uma oportunidade aparece onde você menos esperava. Em Altheria, até um dia comum pode deixar uma marca.	Investigar a situação.	PER>=5	END	xp=4	END	fatigue=1		Continuar seu caminho.	NONE	END	fatigue=0	END	fatigue=1		RANDOM;NARRATIVE	NONE	4
RND_0869	ROAD	COMMON	ANY	Aeloria	Loryndor	6	5	4	Pedido inesperado	Loryndor segue sua rotina, mas pequenos detalhes chamam sua atenção. Um comerciante fala baixo, um viajante observa a estrada e uma oportunidade aparece onde você menos esperava. Em Altheria, até um dia comum pode deixar uma marca.	Investigar a situação.	PER>=5	END	xp=6	END	fatigue=1		Continuar seu caminho.	NONE	END	fatigue=0	END	fatigue=1		RANDOM;NARRATIVE	NONE	17
RND_0870	ROAD	COMMON	ANY	Zarim	Fornalia	3	93	8	Pedido inesperado	Fornalia segue sua rotina, mas pequenos detalhes chamam sua atenção. Um comerciante fala baixo, um viajante observa a estrada e uma oportunidade aparece onde você menos esperava. Em Altheria, até um dia comum pode deixar uma marca.	Investigar a situação.	PER>=5	END	xp=2	END	fatigue=1		Continuar seu caminho.	NONE	END	fatigue=0	END	fatigue=1		RANDOM;NARRATIVE	NONE	17
RND_0871	MONSTER	COMMON	ANY	Tharun	Stone-Âmbar	6	44	8	Rastros na estrada — Behemoth	As marcas no barro contam uma história antes mesmo de você ver a criatura. Galhos quebrados, um cheiro estranho e o silêncio repentino dos pássaros sugerem que um behemoth está próximo. Você pode investigar ou seguir adiante.	Investigar a situação.	PER>=5	END	xp=8	END	fatigue=1	AEL_MON_0001	Continuar seu caminho.	NONE	END	fatigue=0	END	fatigue=1		RANDOM;NARRATIVE	NONE	5
RND_0872	MONSTER	COMMON	ANY	Nyssara	Emerald Tide	3	105	8	Rastros na estrada — Vampire	As marcas no barro contam uma história antes mesmo de você ver a criatura. Galhos quebrados, um cheiro estranho e o silêncio repentino dos pássaros sugerem que um vampire está próximo. Você pode investigar ou seguir adiante.	Investigar a situação.	PER>=5	END	xp=4	END	fatigue=1	AEL_MON_0001	Continuar seu caminho.	NONE	END	fatigue=0	END	fatigue=1		RANDOM;NARRATIVE	NONE	15
RND_0873	GUILD	COMMON	ANY	Tharun	Stone-Âmbar	4	89	12	Pedido inesperado	Stone-Âmbar segue sua rotina, mas pequenos detalhes chamam sua atenção. Um comerciante fala baixo, um viajante observa a estrada e uma oportunidade aparece onde você menos esperava. Em Altheria, até um dia comum pode deixar uma marca.	Investigar a situação.	PER>=5	END	xp=5	END	fatigue=1		Continuar seu caminho.	NONE	END	fatigue=0	END	fatigue=1		RANDOM;NARRATIVE	NONE	15
RND_0874	MONSTER	COMMON	ANY	Kethruun	Sandbones	2	148	12	Rastros na estrada — Direhound	As marcas no barro contam uma história antes mesmo de você ver a criatura. Galhos quebrados, um cheiro estranho e o silêncio repentino dos pássaros sugerem que um direhound está próximo. Você pode investigar ou seguir adiante.	Investigar a situação.	PER>=5	END	xp=2	END	fatigue=1	AEL_MON_0001	Continuar seu caminho.	NONE	END	fatigue=0	END	fatigue=1		RANDOM;NARRATIVE	NONE	5
RND_0875	CITY	COMMON	ANY	Kethruun	Sandbones	6	85	3	Rumor de taverna	Sandbones segue sua rotina, mas pequenos detalhes chamam sua atenção. Um comerciante fala baixo, um viajante observa a estrada e uma oportunidade aparece onde você menos esperava. Em Altheria, até um dia comum pode deixar uma marca.	Investigar a situação.	PER>=5	END	xp=4	END	fatigue=1		Continuar seu caminho.	NONE	END	fatigue=0	END	fatigue=1		RANDOM;NARRATIVE	NONE	8
RND_0876	CITY	COMMON	ANY	Kethruun	Sandbones	4	99	9	Sinais na fronteira	Sandbones segue sua rotina, mas pequenos detalhes chamam sua atenção. Um comerciante fala baixo, um viajante observa a estrada e uma oportunidade aparece onde você menos esperava. Em Altheria, até um dia comum pode deixar uma marca.	Investigar a situação.	PER>=5	END	xp=6	END	fatigue=1		Continuar seu caminho.	NONE	END	fatigue=0	END	fatigue=1		RANDOM;NARRATIVE	NONE	13
RND_0877	ROAD	COMMON	ANY	Valkyrion	Volmeria	6	137	4	Mercadoria esquecida	Volmeria segue sua rotina, mas pequenos detalhes chamam sua atenção. Um comerciante fala baixo, um viajante observa a estrada e uma oportunidade aparece onde você menos esperava. Em Altheria, até um dia comum pode deixar uma marca.	Investigar a situação.	PER>=5	END	xp=7	END	fatigue=1		Continuar seu caminho.	NONE	END	fatigue=0	END	fatigue=1		RANDOM;NARRATIVE	NONE	6
RND_0878	CITY	COMMON	ANY	Eshmara	Brumas	4	107	14	Mercadoria esquecida	Brumas segue sua rotina, mas pequenos detalhes chamam sua atenção. Um comerciante fala baixo, um viajante observa a estrada e uma oportunidade aparece onde você menos esperava. Em Altheria, até um dia comum pode deixar uma marca.	Investigar a situação.	PER>=5	END	xp=6	END	fatigue=1		Continuar seu caminho.	NONE	END	fatigue=0	END	fatigue=1		RANDOM;NARRATIVE	NONE	10
RND_0879	SOCIAL	COMMON	ANY	Valkyrion	Volmeria	7	100	12	Uma pessoa à beira da estrada	A poucos passos da estrada, uma pessoa surge ofegante. Ela conta que alguém levou seu filho e aponta para a trilha ainda recente. A distância é pequena; o problema é que você não sabe o que encontrará no fim dela.	Investigar a situação.	PER>=5	END	xp=1	END	fatigue=1		Continuar seu caminho.	NONE	END	fatigue=0	END	fatigue=1		RANDOM;NARRATIVE	NONE	14
RND_0880	ROAD	COMMON	ANY	Nyssara	Emerald Tide	2	67	4	Uma porta entreaberta	Emerald Tide segue sua rotina, mas pequenos detalhes chamam sua atenção. Um comerciante fala baixo, um viajante observa a estrada e uma oportunidade aparece onde você menos esperava. Em Altheria, até um dia comum pode deixar uma marca.	Investigar a situação.	PER>=5	END	xp=8	END	fatigue=1		Continuar seu caminho.	NONE	END	fatigue=0	END	fatigue=1		RANDOM;NARRATIVE	NONE	12
RND_0881	OPPORTUNITY	COMMON	ANY	Valkyrion	Volmeria	7	127	5	Pedido inesperado	Volmeria segue sua rotina, mas pequenos detalhes chamam sua atenção. Um comerciante fala baixo, um viajante observa a estrada e uma oportunidade aparece onde você menos esperava. Em Altheria, até um dia comum pode deixar uma marca.	Investigar a situação.	PER>=5	END	xp=8	END	fatigue=1		Continuar seu caminho.	NONE	END	fatigue=0	END	fatigue=1		RANDOM;NARRATIVE	NONE	4
RND_0882	ROAD	COMMON	ANY	Myrthos	Sem nome definido	8	53	6	Pedido inesperado	Sem nome definido segue sua rotina, mas pequenos detalhes chamam sua atenção. Um comerciante fala baixo, um viajante observa a estrada e uma oportunidade aparece onde você menos esperava. Em Altheria, até um dia comum pode deixar uma marca.	Investigar a situação.	PER>=5	END	xp=7	END	fatigue=1		Continuar seu caminho.	NONE	END	fatigue=0	END	fatigue=1		RANDOM;NARRATIVE	NONE	17
RND_0883	SOCIAL	COMMON	ANY	Nyssara	Emerald Tide	4	38	14	Uma pessoa à beira da estrada	A poucos passos da estrada, uma pessoa surge ofegante. Ela conta que alguém levou seu filho e aponta para a trilha ainda recente. A distância é pequena; o problema é que você não sabe o que encontrará no fim dela.	Investigar a situação.	PER>=5	END	xp=5	END	fatigue=1		Continuar seu caminho.	NONE	END	fatigue=0	END	fatigue=1		RANDOM;NARRATIVE	NONE	17
RND_0884	SOCIAL	COMMON	ANY	Valkyrion	Volmeria	1	83	5	Uma pessoa à beira da estrada	A poucos passos da estrada, uma pessoa surge ofegante. Ela conta que alguém levou seu filho e aponta para a trilha ainda recente. A distância é pequena; o problema é que você não sabe o que encontrará no fim dela.	Investigar a situação.	PER>=5	END	xp=6	END	fatigue=1		Continuar seu caminho.	NONE	END	fatigue=0	END	fatigue=1		RANDOM;NARRATIVE	NONE	16
RND_0885	GUILD	COMMON	ANY	Eshmara	Brumas	8	11	12	Sinais na fronteira	Brumas segue sua rotina, mas pequenos detalhes chamam sua atenção. Um comerciante fala baixo, um viajante observa a estrada e uma oportunidade aparece onde você menos esperava. Em Altheria, até um dia comum pode deixar uma marca.	Investigar a situação.	PER>=5	END	xp=2	END	fatigue=1		Continuar seu caminho.	NONE	END	fatigue=0	END	fatigue=1		RANDOM;NARRATIVE	NONE	15
RND_0886	ROAD	COMMON	ANY	Eshmara	Brumas	6	47	5	Sinais na fronteira	Brumas segue sua rotina, mas pequenos detalhes chamam sua atenção. Um comerciante fala baixo, um viajante observa a estrada e uma oportunidade aparece onde você menos esperava. Em Altheria, até um dia comum pode deixar uma marca.	Investigar a situação.	PER>=5	END	xp=6	END	fatigue=1		Continuar seu caminho.	NONE	END	fatigue=0	END	fatigue=1		RANDOM;NARRATIVE	NONE	9
RND_0887	CITY	COMMON	ANY	Orinthal	Crystalia	6	64	5	Sinais na fronteira	Crystalia segue sua rotina, mas pequenos detalhes chamam sua atenção. Um comerciante fala baixo, um viajante observa a estrada e uma oportunidade aparece onde você menos esperava. Em Altheria, até um dia comum pode deixar uma marca.	Investigar a situação.	PER>=5	END	xp=8	END	fatigue=1		Continuar seu caminho.	NONE	END	fatigue=0	END	fatigue=1		RANDOM;NARRATIVE	NONE	12
RND_0888	ACADEMIC	COMMON	ANY	Aeloria	Irondral	6	43	9	Entre aulas e rivalidades	O corredor da Academia de Valdora está cheio. Um colega pede ajuda, outro provoca você e um professor observa de longe, aparentemente interessado em descobrir quem consegue resolver o problema sem transformar tudo em uma briga.	Investigar a situação.	PER>=5	END	xp=6	END	fatigue=1		Continuar seu caminho.	NONE	END	fatigue=0	END	fatigue=1		RANDOM;NARRATIVE	NONE	18
RND_0889	ACADEMIC	COMMON	ANY	Aeloria	Rivenholt	3	94	9	Entre aulas e rivalidades	O corredor da Academia de Valdora está cheio. Um colega pede ajuda, outro provoca você e um professor observa de longe, aparentemente interessado em descobrir quem consegue resolver o problema sem transformar tudo em uma briga.	Investigar a situação.	PER>=5	END	xp=7	END	fatigue=1		Continuar seu caminho.	NONE	END	fatigue=0	END	fatigue=1		RANDOM;NARRATIVE	NONE	7
RND_0890	ROAD	COMMON	ANY	Valkyrion	Volmeria	4	59	12	Uma porta entreaberta	Volmeria segue sua rotina, mas pequenos detalhes chamam sua atenção. Um comerciante fala baixo, um viajante observa a estrada e uma oportunidade aparece onde você menos esperava. Em Altheria, até um dia comum pode deixar uma marca.	Investigar a situação.	PER>=5	END	xp=2	END	fatigue=1		Continuar seu caminho.	NONE	END	fatigue=0	END	fatigue=1		RANDOM;NARRATIVE	NONE	10
RND_0891	ROAD	COMMON	ANY	Aeloria	Runedral	7	68	9	Uma manhã que parecia comum	Runedral segue sua rotina, mas pequenos detalhes chamam sua atenção. Um comerciante fala baixo, um viajante observa a estrada e uma oportunidade aparece onde você menos esperava. Em Altheria, até um dia comum pode deixar uma marca.	Investigar a situação.	PER>=5	END	xp=6	END	fatigue=1		Continuar seu caminho.	NONE	END	fatigue=0	END	fatigue=1		RANDOM;NARRATIVE	NONE	13
RND_0892	MONSTER	COMMON	ANY	Lyrien	Aerocivitus	2	104	13	Rastros na estrada — Minotaur	As marcas no barro contam uma história antes mesmo de você ver a criatura. Galhos quebrados, um cheiro estranho e o silêncio repentino dos pássaros sugerem que um minotaur está próximo. Você pode investigar ou seguir adiante.	Investigar a situação.	PER>=5	END	xp=7	END	fatigue=1	AEL_MON_0001	Continuar seu caminho.	NONE	END	fatigue=0	END	fatigue=1		RANDOM;NARRATIVE	NONE	13
RND_0893	CITY	COMMON	ANY	Orinthal	Crystalia	1	87	9	Mercadoria esquecida	Crystalia segue sua rotina, mas pequenos detalhes chamam sua atenção. Um comerciante fala baixo, um viajante observa a estrada e uma oportunidade aparece onde você menos esperava. Em Altheria, até um dia comum pode deixar uma marca.	Investigar a situação.	PER>=5	END	xp=3	END	fatigue=1		Continuar seu caminho.	NONE	END	fatigue=0	END	fatigue=1		RANDOM;NARRATIVE	NONE	4
RND_0894	SOCIAL	COMMON	ANY	Lyrien	Aerocivitus	8	80	6	Uma pessoa à beira da estrada	A poucos passos da estrada, uma pessoa surge ofegante. Ela conta que alguém levou seu filho e aponta para a trilha ainda recente. A distância é pequena; o problema é que você não sabe o que encontrará no fim dela.	Investigar a situação.	PER>=5	END	xp=3	END	fatigue=1		Continuar seu caminho.	NONE	END	fatigue=0	END	fatigue=1		RANDOM;NARRATIVE	NONE	5
RND_0895	SOCIAL	COMMON	ANY	Valkyrion	Volmeria	2	88	2	Uma pessoa à beira da estrada	A poucos passos da estrada, uma pessoa surge ofegante. Ela conta que alguém levou seu filho e aponta para a trilha ainda recente. A distância é pequena; o problema é que você não sabe o que encontrará no fim dela.	Investigar a situação.	PER>=5	END	xp=2	END	fatigue=1		Continuar seu caminho.	NONE	END	fatigue=0	END	fatigue=1		RANDOM;NARRATIVE	NONE	9
RND_0896	ACADEMIC	COMMON	ANY	Eshmara	Brumas	5	69	12	Entre aulas e rivalidades	O corredor da Academia de Valdora está cheio. Um colega pede ajuda, outro provoca você e um professor observa de longe, aparentemente interessado em descobrir quem consegue resolver o problema sem transformar tudo em uma briga.	Investigar a situação.	PER>=5	END	xp=1	END	fatigue=1		Continuar seu caminho.	NONE	END	fatigue=0	END	fatigue=1		RANDOM;NARRATIVE	NONE	18
RND_0897	ROAD	COMMON	ANY	Nyssara	Emerald Tide	2	50	12	Rumor de taverna	Emerald Tide segue sua rotina, mas pequenos detalhes chamam sua atenção. Um comerciante fala baixo, um viajante observa a estrada e uma oportunidade aparece onde você menos esperava. Em Altheria, até um dia comum pode deixar uma marca.	Investigar a situação.	PER>=5	END	xp=2	END	fatigue=1		Continuar seu caminho.	NONE	END	fatigue=0	END	fatigue=1		RANDOM;NARRATIVE	NONE	5
RND_0898	OPPORTUNITY	COMMON	ANY	Kethruun	Sandbones	3	91	13	Mercadoria esquecida	Sandbones segue sua rotina, mas pequenos detalhes chamam sua atenção. Um comerciante fala baixo, um viajante observa a estrada e uma oportunidade aparece onde você menos esperava. Em Altheria, até um dia comum pode deixar uma marca.	Investigar a situação.	PER>=5	END	xp=2	END	fatigue=1		Continuar seu caminho.	NONE	END	fatigue=0	END	fatigue=1		RANDOM;NARRATIVE	NONE	11
RND_0899	CITY	COMMON	ANY	Nyssara	Emerald Tide	4	52	13	Rumor de taverna	Emerald Tide segue sua rotina, mas pequenos detalhes chamam sua atenção. Um comerciante fala baixo, um viajante observa a estrada e uma oportunidade aparece onde você menos esperava. Em Altheria, até um dia comum pode deixar uma marca.	Investigar a situação.	PER>=5	END	xp=1	END	fatigue=1		Continuar seu caminho.	NONE	END	fatigue=0	END	fatigue=1		RANDOM;NARRATIVE	NONE	16
RND_0900	GUILD	COMMON	ANY	Orinthal	Crystalia	8	114	14	Uma manhã que parecia comum	Crystalia segue sua rotina, mas pequenos detalhes chamam sua atenção. Um comerciante fala baixo, um viajante observa a estrada e uma oportunidade aparece onde você menos esperava. Em Altheria, até um dia comum pode deixar uma marca.	Investigar a situação.	PER>=5	END	xp=7	END	fatigue=1		Continuar seu caminho.	NONE	END	fatigue=0	END	fatigue=1		RANDOM;NARRATIVE	NONE	9
RND_0901	MONSTER	COMMON	ANY	Nyssara	Emerald Tide	8	133	8	Rastros na estrada — Leviathan	As marcas no barro contam uma história antes mesmo de você ver a criatura. Galhos quebrados, um cheiro estranho e o silêncio repentino dos pássaros sugerem que um leviathan está próximo. Você pode investigar ou seguir adiante.	Investigar a situação.	PER>=5	END	xp=1	END	fatigue=1	AEL_MON_0001	Continuar seu caminho.	NONE	END	fatigue=0	END	fatigue=1		RANDOM;NARRATIVE	NONE	10
RND_0902	ACADEMIC	COMMON	ANY	Kethruun	Sandbones	5	50	9	Entre aulas e rivalidades	O corredor da Academia de Valdora está cheio. Um colega pede ajuda, outro provoca você e um professor observa de longe, aparentemente interessado em descobrir quem consegue resolver o problema sem transformar tudo em uma briga.	Investigar a situação.	PER>=5	END	xp=4	END	fatigue=1		Continuar seu caminho.	NONE	END	fatigue=0	END	fatigue=1		RANDOM;NARRATIVE	NONE	9
RND_0903	OPPORTUNITY	COMMON	ANY	Myrthos	Sem nome definido	4	143	7	Uma porta entreaberta	Sem nome definido segue sua rotina, mas pequenos detalhes chamam sua atenção. Um comerciante fala baixo, um viajante observa a estrada e uma oportunidade aparece onde você menos esperava. Em Altheria, até um dia comum pode deixar uma marca.	Investigar a situação.	PER>=5	END	xp=5	END	fatigue=1		Continuar seu caminho.	NONE	END	fatigue=0	END	fatigue=1		RANDOM;NARRATIVE	NONE	6
RND_0904	OPPORTUNITY	COMMON	ANY	Tharun	Stone-Âmbar	8	95	9	Uma manhã que parecia comum	Stone-Âmbar segue sua rotina, mas pequenos detalhes chamam sua atenção. Um comerciante fala baixo, um viajante observa a estrada e uma oportunidade aparece onde você menos esperava. Em Altheria, até um dia comum pode deixar uma marca.	Investigar a situação.	PER>=5	END	xp=5	END	fatigue=1		Continuar seu caminho.	NONE	END	fatigue=0	END	fatigue=1		RANDOM;NARRATIVE	NONE	5
RND_0905	MONSTER	COMMON	ANY	Aeloria	Kaelmoor	1	106	12	Rastros na estrada — Wolf	As marcas no barro contam uma história antes mesmo de você ver a criatura. Galhos quebrados, um cheiro estranho e o silêncio repentino dos pássaros sugerem que um wolf está próximo. Você pode investigar ou seguir adiante.	Investigar a situação.	PER>=5	END	xp=1	END	fatigue=1	AEL_MON_0001	Continuar seu caminho.	NONE	END	fatigue=0	END	fatigue=1		RANDOM;NARRATIVE	NONE	3
RND_0906	ROAD	COMMON	ANY	Tharun	Stone-Âmbar	6	124	13	Sinais na fronteira	Stone-Âmbar segue sua rotina, mas pequenos detalhes chamam sua atenção. Um comerciante fala baixo, um viajante observa a estrada e uma oportunidade aparece onde você menos esperava. Em Altheria, até um dia comum pode deixar uma marca.	Investigar a situação.	PER>=5	END	xp=3	END	fatigue=1		Continuar seu caminho.	NONE	END	fatigue=0	END	fatigue=1		RANDOM;NARRATIVE	NONE	7
RND_0907	OPPORTUNITY	COMMON	ANY	Tharun	Stone-Âmbar	1	125	8	Rumor de taverna	Stone-Âmbar segue sua rotina, mas pequenos detalhes chamam sua atenção. Um comerciante fala baixo, um viajante observa a estrada e uma oportunidade aparece onde você menos esperava. Em Altheria, até um dia comum pode deixar uma marca.	Investigar a situação.	PER>=5	END	xp=3	END	fatigue=1		Continuar seu caminho.	NONE	END	fatigue=0	END	fatigue=1		RANDOM;NARRATIVE	NONE	11
RND_0908	MONSTER	COMMON	ANY	Tharun	Stone-Âmbar	8	40	12	Rastros na estrada — Ogre	As marcas no barro contam uma história antes mesmo de você ver a criatura. Galhos quebrados, um cheiro estranho e o silêncio repentino dos pássaros sugerem que um ogre está próximo. Você pode investigar ou seguir adiante.	Investigar a situação.	PER>=5	END	xp=8	END	fatigue=1	AEL_MON_0001	Continuar seu caminho.	NONE	END	fatigue=0	END	fatigue=1		RANDOM;NARRATIVE	NONE	3
RND_0909	SOCIAL	COMMON	ANY	Lyrien	Aerocivitus	1	15	10	Uma pessoa à beira da estrada	A poucos passos da estrada, uma pessoa surge ofegante. Ela conta que alguém levou seu filho e aponta para a trilha ainda recente. A distância é pequena; o problema é que você não sabe o que encontrará no fim dela.	Investigar a situação.	PER>=5	END	xp=5	END	fatigue=1		Continuar seu caminho.	NONE	END	fatigue=0	END	fatigue=1		RANDOM;NARRATIVE	NONE	17
RND_0910	ACADEMIC	COMMON	ANY	Nyssara	Emerald Tide	6	99	3	Entre aulas e rivalidades	O corredor da Academia de Valdora está cheio. Um colega pede ajuda, outro provoca você e um professor observa de longe, aparentemente interessado em descobrir quem consegue resolver o problema sem transformar tudo em uma briga.	Investigar a situação.	PER>=5	END	xp=5	END	fatigue=1		Continuar seu caminho.	NONE	END	fatigue=0	END	fatigue=1		RANDOM;NARRATIVE	NONE	16
RND_0911	MONSTER	COMMON	ANY	Eshmara	Brumas	7	47	4	Rastros na estrada — Slime	As marcas no barro contam uma história antes mesmo de você ver a criatura. Galhos quebrados, um cheiro estranho e o silêncio repentino dos pássaros sugerem que um slime está próximo. Você pode investigar ou seguir adiante.	Investigar a situação.	PER>=5	END	xp=8	END	fatigue=1	AEL_MON_0001	Continuar seu caminho.	NONE	END	fatigue=0	END	fatigue=1		RANDOM;NARRATIVE	NONE	18
RND_0912	OPPORTUNITY	COMMON	ANY	Lyrien	Aerocivitus	7	22	13	Uma porta entreaberta	Aerocivitus segue sua rotina, mas pequenos detalhes chamam sua atenção. Um comerciante fala baixo, um viajante observa a estrada e uma oportunidade aparece onde você menos esperava. Em Altheria, até um dia comum pode deixar uma marca.	Investigar a situação.	PER>=5	END	xp=8	END	fatigue=1		Continuar seu caminho.	NONE	END	fatigue=0	END	fatigue=1		RANDOM;NARRATIVE	NONE	8
RND_0913	GUILD	COMMON	ANY	Lyrien	Aerocivitus	2	54	4	Sinais na fronteira	Aerocivitus segue sua rotina, mas pequenos detalhes chamam sua atenção. Um comerciante fala baixo, um viajante observa a estrada e uma oportunidade aparece onde você menos esperava. Em Altheria, até um dia comum pode deixar uma marca.	Investigar a situação.	PER>=5	END	xp=6	END	fatigue=1		Continuar seu caminho.	NONE	END	fatigue=0	END	fatigue=1		RANDOM;NARRATIVE	NONE	15
RND_0914	MONSTER	COMMON	ANY	Lyrien	Aerocivitus	7	34	13	Rastros na estrada — Djinn	As marcas no barro contam uma história antes mesmo de você ver a criatura. Galhos quebrados, um cheiro estranho e o silêncio repentino dos pássaros sugerem que um djinn está próximo. Você pode investigar ou seguir adiante.	Investigar a situação.	PER>=5	END	xp=2	END	fatigue=1	AEL_MON_0001	Continuar seu caminho.	NONE	END	fatigue=0	END	fatigue=1		RANDOM;NARRATIVE	NONE	12
RND_0915	ROAD	COMMON	ANY	Myrthos	Sem nome definido	6	70	14	Rumor de taverna	Sem nome definido segue sua rotina, mas pequenos detalhes chamam sua atenção. Um comerciante fala baixo, um viajante observa a estrada e uma oportunidade aparece onde você menos esperava. Em Altheria, até um dia comum pode deixar uma marca.	Investigar a situação.	PER>=5	END	xp=8	END	fatigue=1		Continuar seu caminho.	NONE	END	fatigue=0	END	fatigue=1		RANDOM;NARRATIVE	NONE	6
RND_0916	ROAD	COMMON	ANY	Eshmara	Brumas	1	65	11	Uma porta entreaberta	Brumas segue sua rotina, mas pequenos detalhes chamam sua atenção. Um comerciante fala baixo, um viajante observa a estrada e uma oportunidade aparece onde você menos esperava. Em Altheria, até um dia comum pode deixar uma marca.	Investigar a situação.	PER>=5	END	xp=5	END	fatigue=1		Continuar seu caminho.	NONE	END	fatigue=0	END	fatigue=1		RANDOM;NARRATIVE	NONE	17
RND_0917	GUILD	COMMON	ANY	Tharun	Stone-Âmbar	4	89	2	Mercadoria esquecida	Stone-Âmbar segue sua rotina, mas pequenos detalhes chamam sua atenção. Um comerciante fala baixo, um viajante observa a estrada e uma oportunidade aparece onde você menos esperava. Em Altheria, até um dia comum pode deixar uma marca.	Investigar a situação.	PER>=5	END	xp=8	END	fatigue=1		Continuar seu caminho.	NONE	END	fatigue=0	END	fatigue=1		RANDOM;NARRATIVE	NONE	14
RND_0918	CITY	COMMON	ANY	Zarim	Fornalia	8	9	10	Sinais na fronteira	Fornalia segue sua rotina, mas pequenos detalhes chamam sua atenção. Um comerciante fala baixo, um viajante observa a estrada e uma oportunidade aparece onde você menos esperava. Em Altheria, até um dia comum pode deixar uma marca.	Investigar a situação.	PER>=5	END	xp=2	END	fatigue=1		Continuar seu caminho.	NONE	END	fatigue=0	END	fatigue=1		RANDOM;NARRATIVE	NONE	13
RND_0919	SOCIAL	COMMON	ANY	Eshmara	Brumas	5	60	2	Uma pessoa à beira da estrada	A poucos passos da estrada, uma pessoa surge ofegante. Ela conta que alguém levou seu filho e aponta para a trilha ainda recente. A distância é pequena; o problema é que você não sabe o que encontrará no fim dela.	Investigar a situação.	PER>=5	END	xp=6	END	fatigue=1		Continuar seu caminho.	NONE	END	fatigue=0	END	fatigue=1		RANDOM;NARRATIVE	NONE	3
RND_0920	CITY	COMMON	ANY	Lyrien	Aerocivitus	3	150	2	Rumor de taverna	Aerocivitus segue sua rotina, mas pequenos detalhes chamam sua atenção. Um comerciante fala baixo, um viajante observa a estrada e uma oportunidade aparece onde você menos esperava. Em Altheria, até um dia comum pode deixar uma marca.	Investigar a situação.	PER>=5	END	xp=4	END	fatigue=1		Continuar seu caminho.	NONE	END	fatigue=0	END	fatigue=1		RANDOM;NARRATIVE	NONE	11
RND_0921	SOCIAL	COMMON	ANY	Tharun	Stone-Âmbar	5	48	4	Uma pessoa à beira da estrada	A poucos passos da estrada, uma pessoa surge ofegante. Ela conta que alguém levou seu filho e aponta para a trilha ainda recente. A distância é pequena; o problema é que você não sabe o que encontrará no fim dela.	Investigar a situação.	PER>=5	END	xp=7	END	fatigue=1		Continuar seu caminho.	NONE	END	fatigue=0	END	fatigue=1		RANDOM;NARRATIVE	NONE	6
RND_0922	MONSTER	COMMON	ANY	Aeloria	Rivenholt	6	11	3	Rastros na estrada — Vampire	As marcas no barro contam uma história antes mesmo de você ver a criatura. Galhos quebrados, um cheiro estranho e o silêncio repentino dos pássaros sugerem que um vampire está próximo. Você pode investigar ou seguir adiante.	Investigar a situação.	PER>=5	END	xp=4	END	fatigue=1	AEL_MON_0001	Continuar seu caminho.	NONE	END	fatigue=0	END	fatigue=1		RANDOM;NARRATIVE	NONE	3
RND_0923	ACADEMIC	COMMON	ANY	Zarim	Fornalia	7	28	10	Entre aulas e rivalidades	O corredor da Academia de Valdora está cheio. Um colega pede ajuda, outro provoca você e um professor observa de longe, aparentemente interessado em descobrir quem consegue resolver o problema sem transformar tudo em uma briga.	Investigar a situação.	PER>=5	END	xp=4	END	fatigue=1		Continuar seu caminho.	NONE	END	fatigue=0	END	fatigue=1		RANDOM;NARRATIVE	NONE	6
RND_0924	GUILD	COMMON	ANY	Myrthos	Sem nome definido	3	7	7	Uma manhã que parecia comum	Sem nome definido segue sua rotina, mas pequenos detalhes chamam sua atenção. Um comerciante fala baixo, um viajante observa a estrada e uma oportunidade aparece onde você menos esperava. Em Altheria, até um dia comum pode deixar uma marca.	Investigar a situação.	PER>=5	END	xp=8	END	fatigue=1		Continuar seu caminho.	NONE	END	fatigue=0	END	fatigue=1		RANDOM;NARRATIVE	NONE	4
RND_0925	GUILD	COMMON	ANY	Nyssara	Emerald Tide	2	111	4	Uma porta entreaberta	Emerald Tide segue sua rotina, mas pequenos detalhes chamam sua atenção. Um comerciante fala baixo, um viajante observa a estrada e uma oportunidade aparece onde você menos esperava. Em Altheria, até um dia comum pode deixar uma marca.	Investigar a situação.	PER>=5	END	xp=1	END	fatigue=1		Continuar seu caminho.	NONE	END	fatigue=0	END	fatigue=1		RANDOM;NARRATIVE	NONE	11
RND_0926	CITY	COMMON	ANY	Zarim	Fornalia	7	29	13	Uma porta entreaberta	Fornalia segue sua rotina, mas pequenos detalhes chamam sua atenção. Um comerciante fala baixo, um viajante observa a estrada e uma oportunidade aparece onde você menos esperava. Em Altheria, até um dia comum pode deixar uma marca.	Investigar a situação.	PER>=5	END	xp=4	END	fatigue=1		Continuar seu caminho.	NONE	END	fatigue=0	END	fatigue=1		RANDOM;NARRATIVE	NONE	19
RND_0927	MONSTER	COMMON	ANY	Valkyrion	Volmeria	4	13	12	Rastros na estrada — Fairy	As marcas no barro contam uma história antes mesmo de você ver a criatura. Galhos quebrados, um cheiro estranho e o silêncio repentino dos pássaros sugerem que um fairy está próximo. Você pode investigar ou seguir adiante.	Investigar a situação.	PER>=5	END	xp=4	END	fatigue=1	AEL_MON_0001	Continuar seu caminho.	NONE	END	fatigue=0	END	fatigue=1		RANDOM;NARRATIVE	NONE	17
RND_0928	SOCIAL	COMMON	ANY	Kethruun	Sandbones	5	127	5	Uma pessoa à beira da estrada	A poucos passos da estrada, uma pessoa surge ofegante. Ela conta que alguém levou seu filho e aponta para a trilha ainda recente. A distância é pequena; o problema é que você não sabe o que encontrará no fim dela.	Investigar a situação.	PER>=5	END	xp=1	END	fatigue=1		Continuar seu caminho.	NONE	END	fatigue=0	END	fatigue=1		RANDOM;NARRATIVE	NONE	14
RND_0929	GUILD	COMMON	ANY	Nyssara	Emerald Tide	1	4	7	Uma manhã que parecia comum	Emerald Tide segue sua rotina, mas pequenos detalhes chamam sua atenção. Um comerciante fala baixo, um viajante observa a estrada e uma oportunidade aparece onde você menos esperava. Em Altheria, até um dia comum pode deixar uma marca.	Investigar a situação.	PER>=5	END	xp=6	END	fatigue=1		Continuar seu caminho.	NONE	END	fatigue=0	END	fatigue=1		RANDOM;NARRATIVE	NONE	16
RND_0930	MONSTER	COMMON	ANY	Tharun	Stone-Âmbar	1	136	6	Rastros na estrada — Crow	As marcas no barro contam uma história antes mesmo de você ver a criatura. Galhos quebrados, um cheiro estranho e o silêncio repentino dos pássaros sugerem que um crow está próximo. Você pode investigar ou seguir adiante.	Investigar a situação.	PER>=5	END	xp=3	END	fatigue=1	AEL_MON_0001	Continuar seu caminho.	NONE	END	fatigue=0	END	fatigue=1		RANDOM;NARRATIVE	NONE	3
RND_0931	SOCIAL	COMMON	ANY	Aeloria	Crestwyn	4	11	12	Uma pessoa à beira da estrada	A poucos passos da estrada, uma pessoa surge ofegante. Ela conta que alguém levou seu filho e aponta para a trilha ainda recente. A distância é pequena; o problema é que você não sabe o que encontrará no fim dela.	Investigar a situação.	PER>=5	END	xp=8	END	fatigue=1		Continuar seu caminho.	NONE	END	fatigue=0	END	fatigue=1		RANDOM;NARRATIVE	NONE	17
RND_0932	OPPORTUNITY	COMMON	ANY	Zarim	Fornalia	6	21	11	Uma porta entreaberta	Fornalia segue sua rotina, mas pequenos detalhes chamam sua atenção. Um comerciante fala baixo, um viajante observa a estrada e uma oportunidade aparece onde você menos esperava. Em Altheria, até um dia comum pode deixar uma marca.	Investigar a situação.	PER>=5	END	xp=4	END	fatigue=1		Continuar seu caminho.	NONE	END	fatigue=0	END	fatigue=1		RANDOM;NARRATIVE	NONE	15
RND_0933	ROAD	COMMON	ANY	Lyrien	Aerocivitus	3	37	3	Uma porta entreaberta	Aerocivitus segue sua rotina, mas pequenos detalhes chamam sua atenção. Um comerciante fala baixo, um viajante observa a estrada e uma oportunidade aparece onde você menos esperava. Em Altheria, até um dia comum pode deixar uma marca.	Investigar a situação.	PER>=5	END	xp=5	END	fatigue=1		Continuar seu caminho.	NONE	END	fatigue=0	END	fatigue=1		RANDOM;NARRATIVE	NONE	15
RND_0934	CITY	COMMON	ANY	Orinthal	Crystalia	2	82	14	Uma manhã que parecia comum	Crystalia segue sua rotina, mas pequenos detalhes chamam sua atenção. Um comerciante fala baixo, um viajante observa a estrada e uma oportunidade aparece onde você menos esperava. Em Altheria, até um dia comum pode deixar uma marca.	Investigar a situação.	PER>=5	END	xp=2	END	fatigue=1		Continuar seu caminho.	NONE	END	fatigue=0	END	fatigue=1		RANDOM;NARRATIVE	NONE	12
RND_0935	ACADEMIC	COMMON	ANY	Nyssara	Emerald Tide	8	5	10	Entre aulas e rivalidades	O corredor da Academia de Valdora está cheio. Um colega pede ajuda, outro provoca você e um professor observa de longe, aparentemente interessado em descobrir quem consegue resolver o problema sem transformar tudo em uma briga.	Investigar a situação.	PER>=5	END	xp=3	END	fatigue=1		Continuar seu caminho.	NONE	END	fatigue=0	END	fatigue=1		RANDOM;NARRATIVE	NONE	6
RND_0936	ROAD	COMMON	ANY	Kethruun	Sandbones	4	30	9	Mercadoria esquecida	Sandbones segue sua rotina, mas pequenos detalhes chamam sua atenção. Um comerciante fala baixo, um viajante observa a estrada e uma oportunidade aparece onde você menos esperava. Em Altheria, até um dia comum pode deixar uma marca.	Investigar a situação.	PER>=5	END	xp=6	END	fatigue=1		Continuar seu caminho.	NONE	END	fatigue=0	END	fatigue=1		RANDOM;NARRATIVE	NONE	3
RND_0937	GUILD	COMMON	ANY	Nyssara	Emerald Tide	2	28	7	Uma manhã que parecia comum	Emerald Tide segue sua rotina, mas pequenos detalhes chamam sua atenção. Um comerciante fala baixo, um viajante observa a estrada e uma oportunidade aparece onde você menos esperava. Em Altheria, até um dia comum pode deixar uma marca.	Investigar a situação.	PER>=5	END	xp=8	END	fatigue=1		Continuar seu caminho.	NONE	END	fatigue=0	END	fatigue=1		RANDOM;NARRATIVE	NONE	7
RND_0938	GUILD	COMMON	ANY	Tharun	Stone-Âmbar	8	61	6	Uma manhã que parecia comum	Stone-Âmbar segue sua rotina, mas pequenos detalhes chamam sua atenção. Um comerciante fala baixo, um viajante observa a estrada e uma oportunidade aparece onde você menos esperava. Em Altheria, até um dia comum pode deixar uma marca.	Investigar a situação.	PER>=5	END	xp=7	END	fatigue=1		Continuar seu caminho.	NONE	END	fatigue=0	END	fatigue=1		RANDOM;NARRATIVE	NONE	6
RND_0939	ROAD	COMMON	ANY	Eshmara	Brumas	7	63	14	Uma porta entreaberta	Brumas segue sua rotina, mas pequenos detalhes chamam sua atenção. Um comerciante fala baixo, um viajante observa a estrada e uma oportunidade aparece onde você menos esperava. Em Altheria, até um dia comum pode deixar uma marca.	Investigar a situação.	PER>=5	END	xp=7	END	fatigue=1		Continuar seu caminho.	NONE	END	fatigue=0	END	fatigue=1		RANDOM;NARRATIVE	NONE	7
RND_0940	ROAD	COMMON	ANY	Zarim	Fornalia	5	60	8	Pedido inesperado	Fornalia segue sua rotina, mas pequenos detalhes chamam sua atenção. Um comerciante fala baixo, um viajante observa a estrada e uma oportunidade aparece onde você menos esperava. Em Altheria, até um dia comum pode deixar uma marca.	Investigar a situação.	PER>=5	END	xp=7	END	fatigue=1		Continuar seu caminho.	NONE	END	fatigue=0	END	fatigue=1		RANDOM;NARRATIVE	NONE	13
RND_0941	MONSTER	COMMON	ANY	Nyssara	Emerald Tide	8	64	5	Rastros na estrada — Griffin	As marcas no barro contam uma história antes mesmo de você ver a criatura. Galhos quebrados, um cheiro estranho e o silêncio repentino dos pássaros sugerem que um griffin está próximo. Você pode investigar ou seguir adiante.	Investigar a situação.	PER>=5	END	xp=6	END	fatigue=1	AEL_MON_0001	Continuar seu caminho.	NONE	END	fatigue=0	END	fatigue=1		RANDOM;NARRATIVE	NONE	12
RND_0942	OPPORTUNITY	COMMON	ANY	Tharun	Stone-Âmbar	8	68	14	Uma porta entreaberta	Stone-Âmbar segue sua rotina, mas pequenos detalhes chamam sua atenção. Um comerciante fala baixo, um viajante observa a estrada e uma oportunidade aparece onde você menos esperava. Em Altheria, até um dia comum pode deixar uma marca.	Investigar a situação.	PER>=5	END	xp=2	END	fatigue=1		Continuar seu caminho.	NONE	END	fatigue=0	END	fatigue=1		RANDOM;NARRATIVE	NONE	16
RND_0943	GUILD	COMMON	ANY	Zarim	Fornalia	7	4	14	Sinais na fronteira	Fornalia segue sua rotina, mas pequenos detalhes chamam sua atenção. Um comerciante fala baixo, um viajante observa a estrada e uma oportunidade aparece onde você menos esperava. Em Altheria, até um dia comum pode deixar uma marca.	Investigar a situação.	PER>=5	END	xp=3	END	fatigue=1		Continuar seu caminho.	NONE	END	fatigue=0	END	fatigue=1		RANDOM;NARRATIVE	NONE	18
RND_0944	GUILD	COMMON	ANY	Zarim	Fornalia	8	27	10	Uma manhã que parecia comum	Fornalia segue sua rotina, mas pequenos detalhes chamam sua atenção. Um comerciante fala baixo, um viajante observa a estrada e uma oportunidade aparece onde você menos esperava. Em Altheria, até um dia comum pode deixar uma marca.	Investigar a situação.	PER>=5	END	xp=3	END	fatigue=1		Continuar seu caminho.	NONE	END	fatigue=0	END	fatigue=1		RANDOM;NARRATIVE	NONE	5
RND_0945	GUILD	COMMON	ANY	Myrthos	Sem nome definido	2	77	12	Sinais na fronteira	Sem nome definido segue sua rotina, mas pequenos detalhes chamam sua atenção. Um comerciante fala baixo, um viajante observa a estrada e uma oportunidade aparece onde você menos esperava. Em Altheria, até um dia comum pode deixar uma marca.	Investigar a situação.	PER>=5	END	xp=4	END	fatigue=1		Continuar seu caminho.	NONE	END	fatigue=0	END	fatigue=1		RANDOM;NARRATIVE	NONE	13
RND_0946	GUILD	COMMON	ANY	Tharun	Stone-Âmbar	7	136	10	Mercadoria esquecida	Stone-Âmbar segue sua rotina, mas pequenos detalhes chamam sua atenção. Um comerciante fala baixo, um viajante observa a estrada e uma oportunidade aparece onde você menos esperava. Em Altheria, até um dia comum pode deixar uma marca.	Investigar a situação.	PER>=5	END	xp=2	END	fatigue=1		Continuar seu caminho.	NONE	END	fatigue=0	END	fatigue=1		RANDOM;NARRATIVE	NONE	9
RND_0947	ACADEMIC	COMMON	ANY	Lyrien	Aerocivitus	8	66	2	Entre aulas e rivalidades	O corredor da Academia de Valdora está cheio. Um colega pede ajuda, outro provoca você e um professor observa de longe, aparentemente interessado em descobrir quem consegue resolver o problema sem transformar tudo em uma briga.	Investigar a situação.	PER>=5	END	xp=8	END	fatigue=1		Continuar seu caminho.	NONE	END	fatigue=0	END	fatigue=1		RANDOM;NARRATIVE	NONE	7
RND_0948	GUILD	COMMON	ANY	Myrthos	Sem nome definido	5	102	10	Pedido inesperado	Sem nome definido segue sua rotina, mas pequenos detalhes chamam sua atenção. Um comerciante fala baixo, um viajante observa a estrada e uma oportunidade aparece onde você menos esperava. Em Altheria, até um dia comum pode deixar uma marca.	Investigar a situação.	PER>=5	END	xp=4	END	fatigue=1		Continuar seu caminho.	NONE	END	fatigue=0	END	fatigue=1		RANDOM;NARRATIVE	NONE	5
RND_0949	ACADEMIC	COMMON	ANY	Orinthal	Crystalia	6	112	4	Entre aulas e rivalidades	O corredor da Academia de Valdora está cheio. Um colega pede ajuda, outro provoca você e um professor observa de longe, aparentemente interessado em descobrir quem consegue resolver o problema sem transformar tudo em uma briga.	Investigar a situação.	PER>=5	END	xp=8	END	fatigue=1		Continuar seu caminho.	NONE	END	fatigue=0	END	fatigue=1		RANDOM;NARRATIVE	NONE	13
RND_0950	OPPORTUNITY	COMMON	ANY	Myrthos	Sem nome definido	5	103	11	Pedido inesperado	Sem nome definido segue sua rotina, mas pequenos detalhes chamam sua atenção. Um comerciante fala baixo, um viajante observa a estrada e uma oportunidade aparece onde você menos esperava. Em Altheria, até um dia comum pode deixar uma marca.	Investigar a situação.	PER>=5	END	xp=2	END	fatigue=1		Continuar seu caminho.	NONE	END	fatigue=0	END	fatigue=1		RANDOM;NARRATIVE	NONE	19
RND_0951	CITY	COMMON	ANY	Myrthos	Sem nome definido	4	136	8	Rumor de taverna	Sem nome definido segue sua rotina, mas pequenos detalhes chamam sua atenção. Um comerciante fala baixo, um viajante observa a estrada e uma oportunidade aparece onde você menos esperava. Em Altheria, até um dia comum pode deixar uma marca.	Investigar a situação.	PER>=5	END	xp=5	END	fatigue=1		Continuar seu caminho.	NONE	END	fatigue=0	END	fatigue=1		RANDOM;NARRATIVE	NONE	16
RND_0952	MONSTER	COMMON	ANY	Orinthal	Crystalia	2	49	14	Rastros na estrada — Serpent	As marcas no barro contam uma história antes mesmo de você ver a criatura. Galhos quebrados, um cheiro estranho e o silêncio repentino dos pássaros sugerem que um serpent está próximo. Você pode investigar ou seguir adiante.	Investigar a situação.	PER>=5	END	xp=5	END	fatigue=1	AEL_MON_0001	Continuar seu caminho.	NONE	END	fatigue=0	END	fatigue=1		RANDOM;NARRATIVE	NONE	14
RND_0953	ROAD	COMMON	ANY	Eshmara	Brumas	2	11	12	Rumor de taverna	Brumas segue sua rotina, mas pequenos detalhes chamam sua atenção. Um comerciante fala baixo, um viajante observa a estrada e uma oportunidade aparece onde você menos esperava. Em Altheria, até um dia comum pode deixar uma marca.	Investigar a situação.	PER>=5	END	xp=8	END	fatigue=1		Continuar seu caminho.	NONE	END	fatigue=0	END	fatigue=1		RANDOM;NARRATIVE	NONE	9
RND_0954	ROAD	COMMON	ANY	Orinthal	Crystalia	4	47	7	Rumor de taverna	Crystalia segue sua rotina, mas pequenos detalhes chamam sua atenção. Um comerciante fala baixo, um viajante observa a estrada e uma oportunidade aparece onde você menos esperava. Em Altheria, até um dia comum pode deixar uma marca.	Investigar a situação.	PER>=5	END	xp=7	END	fatigue=1		Continuar seu caminho.	NONE	END	fatigue=0	END	fatigue=1		RANDOM;NARRATIVE	NONE	17
RND_0955	SOCIAL	COMMON	ANY	Eshmara	Brumas	5	98	14	Uma pessoa à beira da estrada	A poucos passos da estrada, uma pessoa surge ofegante. Ela conta que alguém levou seu filho e aponta para a trilha ainda recente. A distância é pequena; o problema é que você não sabe o que encontrará no fim dela.	Investigar a situação.	PER>=5	END	xp=4	END	fatigue=1		Continuar seu caminho.	NONE	END	fatigue=0	END	fatigue=1		RANDOM;NARRATIVE	NONE	9
RND_0956	SOCIAL	COMMON	ANY	Valkyrion	Volmeria	7	99	4	Uma pessoa à beira da estrada	A poucos passos da estrada, uma pessoa surge ofegante. Ela conta que alguém levou seu filho e aponta para a trilha ainda recente. A distância é pequena; o problema é que você não sabe o que encontrará no fim dela.	Investigar a situação.	PER>=5	END	xp=2	END	fatigue=1		Continuar seu caminho.	NONE	END	fatigue=0	END	fatigue=1		RANDOM;NARRATIVE	NONE	9
RND_0957	CITY	COMMON	ANY	Lyrien	Aerocivitus	7	93	5	Pedido inesperado	Aerocivitus segue sua rotina, mas pequenos detalhes chamam sua atenção. Um comerciante fala baixo, um viajante observa a estrada e uma oportunidade aparece onde você menos esperava. Em Altheria, até um dia comum pode deixar uma marca.	Investigar a situação.	PER>=5	END	xp=3	END	fatigue=1		Continuar seu caminho.	NONE	END	fatigue=0	END	fatigue=1		RANDOM;NARRATIVE	NONE	10
RND_0958	OPPORTUNITY	COMMON	ANY	Valkyrion	Volmeria	4	98	4	Pedido inesperado	Volmeria segue sua rotina, mas pequenos detalhes chamam sua atenção. Um comerciante fala baixo, um viajante observa a estrada e uma oportunidade aparece onde você menos esperava. Em Altheria, até um dia comum pode deixar uma marca.	Investigar a situação.	PER>=5	END	xp=4	END	fatigue=1		Continuar seu caminho.	NONE	END	fatigue=0	END	fatigue=1		RANDOM;NARRATIVE	NONE	12
RND_0959	SOCIAL	COMMON	ANY	Orinthal	Crystalia	5	56	2	Uma pessoa à beira da estrada	A poucos passos da estrada, uma pessoa surge ofegante. Ela conta que alguém levou seu filho e aponta para a trilha ainda recente. A distância é pequena; o problema é que você não sabe o que encontrará no fim dela.	Investigar a situação.	PER>=5	END	xp=6	END	fatigue=1		Continuar seu caminho.	NONE	END	fatigue=0	END	fatigue=1		RANDOM;NARRATIVE	NONE	17
RND_0960	SOCIAL	COMMON	ANY	Nyssara	Emerald Tide	1	41	10	Uma pessoa à beira da estrada	A poucos passos da estrada, uma pessoa surge ofegante. Ela conta que alguém levou seu filho e aponta para a trilha ainda recente. A distância é pequena; o problema é que você não sabe o que encontrará no fim dela.	Investigar a situação.	PER>=5	END	xp=3	END	fatigue=1		Continuar seu caminho.	NONE	END	fatigue=0	END	fatigue=1		RANDOM;NARRATIVE	NONE	8
RND_0961	ROAD	COMMON	ANY	Nyssara	Emerald Tide	1	82	11	Uma porta entreaberta	Emerald Tide segue sua rotina, mas pequenos detalhes chamam sua atenção. Um comerciante fala baixo, um viajante observa a estrada e uma oportunidade aparece onde você menos esperava. Em Altheria, até um dia comum pode deixar uma marca.	Investigar a situação.	PER>=5	END	xp=2	END	fatigue=1		Continuar seu caminho.	NONE	END	fatigue=0	END	fatigue=1		RANDOM;NARRATIVE	NONE	18
RND_0962	CITY	COMMON	ANY	Nyssara	Emerald Tide	6	31	9	Uma porta entreaberta	Emerald Tide segue sua rotina, mas pequenos detalhes chamam sua atenção. Um comerciante fala baixo, um viajante observa a estrada e uma oportunidade aparece onde você menos esperava. Em Altheria, até um dia comum pode deixar uma marca.	Investigar a situação.	PER>=5	END	xp=5	END	fatigue=1		Continuar seu caminho.	NONE	END	fatigue=0	END	fatigue=1		RANDOM;NARRATIVE	NONE	3
RND_0963	GUILD	COMMON	ANY	Kethruun	Sandbones	2	82	5	Mercadoria esquecida	Sandbones segue sua rotina, mas pequenos detalhes chamam sua atenção. Um comerciante fala baixo, um viajante observa a estrada e uma oportunidade aparece onde você menos esperava. Em Altheria, até um dia comum pode deixar uma marca.	Investigar a situação.	PER>=5	END	xp=8	END	fatigue=1		Continuar seu caminho.	NONE	END	fatigue=0	END	fatigue=1		RANDOM;NARRATIVE	NONE	18
RND_0964	ACADEMIC	COMMON	ANY	Kethruun	Sandbones	3	64	8	Entre aulas e rivalidades	O corredor da Academia de Valdora está cheio. Um colega pede ajuda, outro provoca você e um professor observa de longe, aparentemente interessado em descobrir quem consegue resolver o problema sem transformar tudo em uma briga.	Investigar a situação.	PER>=5	END	xp=2	END	fatigue=1		Continuar seu caminho.	NONE	END	fatigue=0	END	fatigue=1		RANDOM;NARRATIVE	NONE	13
RND_0965	CITY	COMMON	ANY	Kethruun	Sandbones	2	33	3	Uma manhã que parecia comum	Sandbones segue sua rotina, mas pequenos detalhes chamam sua atenção. Um comerciante fala baixo, um viajante observa a estrada e uma oportunidade aparece onde você menos esperava. Em Altheria, até um dia comum pode deixar uma marca.	Investigar a situação.	PER>=5	END	xp=6	END	fatigue=1		Continuar seu caminho.	NONE	END	fatigue=0	END	fatigue=1		RANDOM;NARRATIVE	NONE	15
RND_0966	OPPORTUNITY	COMMON	ANY	Tharun	Stone-Âmbar	3	22	2	Rumor de taverna	Stone-Âmbar segue sua rotina, mas pequenos detalhes chamam sua atenção. Um comerciante fala baixo, um viajante observa a estrada e uma oportunidade aparece onde você menos esperava. Em Altheria, até um dia comum pode deixar uma marca.	Investigar a situação.	PER>=5	END	xp=4	END	fatigue=1		Continuar seu caminho.	NONE	END	fatigue=0	END	fatigue=1		RANDOM;NARRATIVE	NONE	12
RND_0967	SOCIAL	COMMON	ANY	Kethruun	Sandbones	7	124	11	Uma pessoa à beira da estrada	A poucos passos da estrada, uma pessoa surge ofegante. Ela conta que alguém levou seu filho e aponta para a trilha ainda recente. A distância é pequena; o problema é que você não sabe o que encontrará no fim dela.	Investigar a situação.	PER>=5	END	xp=4	END	fatigue=1		Continuar seu caminho.	NONE	END	fatigue=0	END	fatigue=1		RANDOM;NARRATIVE	NONE	8
RND_0968	ACADEMIC	COMMON	ANY	Myrthos	Sem nome definido	2	73	10	Entre aulas e rivalidades	O corredor da Academia de Valdora está cheio. Um colega pede ajuda, outro provoca você e um professor observa de longe, aparentemente interessado em descobrir quem consegue resolver o problema sem transformar tudo em uma briga.	Investigar a situação.	PER>=5	END	xp=3	END	fatigue=1		Continuar seu caminho.	NONE	END	fatigue=0	END	fatigue=1		RANDOM;NARRATIVE	NONE	7
RND_0969	SOCIAL	COMMON	ANY	Tharun	Stone-Âmbar	3	99	7	Uma pessoa à beira da estrada	A poucos passos da estrada, uma pessoa surge ofegante. Ela conta que alguém levou seu filho e aponta para a trilha ainda recente. A distância é pequena; o problema é que você não sabe o que encontrará no fim dela.	Investigar a situação.	PER>=5	END	xp=8	END	fatigue=1		Continuar seu caminho.	NONE	END	fatigue=0	END	fatigue=1		RANDOM;NARRATIVE	NONE	3
RND_0970	ACADEMIC	COMMON	ANY	Lyrien	Aerocivitus	5	84	10	Entre aulas e rivalidades	O corredor da Academia de Valdora está cheio. Um colega pede ajuda, outro provoca você e um professor observa de longe, aparentemente interessado em descobrir quem consegue resolver o problema sem transformar tudo em uma briga.	Investigar a situação.	PER>=5	END	xp=3	END	fatigue=1		Continuar seu caminho.	NONE	END	fatigue=0	END	fatigue=1		RANDOM;NARRATIVE	NONE	13
RND_0971	ROAD	COMMON	ANY	Nyssara	Emerald Tide	2	115	6	Pedido inesperado	Emerald Tide segue sua rotina, mas pequenos detalhes chamam sua atenção. Um comerciante fala baixo, um viajante observa a estrada e uma oportunidade aparece onde você menos esperava. Em Altheria, até um dia comum pode deixar uma marca.	Investigar a situação.	PER>=5	END	xp=2	END	fatigue=1		Continuar seu caminho.	NONE	END	fatigue=0	END	fatigue=1		RANDOM;NARRATIVE	NONE	5
RND_0972	GUILD	COMMON	ANY	Orinthal	Crystalia	8	47	3	Rumor de taverna	Crystalia segue sua rotina, mas pequenos detalhes chamam sua atenção. Um comerciante fala baixo, um viajante observa a estrada e uma oportunidade aparece onde você menos esperava. Em Altheria, até um dia comum pode deixar uma marca.	Investigar a situação.	PER>=5	END	xp=1	END	fatigue=1		Continuar seu caminho.	NONE	END	fatigue=0	END	fatigue=1		RANDOM;NARRATIVE	NONE	7
RND_0973	GUILD	COMMON	ANY	Valkyrion	Volmeria	7	23	5	Uma manhã que parecia comum	Volmeria segue sua rotina, mas pequenos detalhes chamam sua atenção. Um comerciante fala baixo, um viajante observa a estrada e uma oportunidade aparece onde você menos esperava. Em Altheria, até um dia comum pode deixar uma marca.	Investigar a situação.	PER>=5	END	xp=7	END	fatigue=1		Continuar seu caminho.	NONE	END	fatigue=0	END	fatigue=1		RANDOM;NARRATIVE	NONE	7
RND_0974	MONSTER	COMMON	ANY	Eshmara	Brumas	8	61	2	Rastros na estrada — Boar	As marcas no barro contam uma história antes mesmo de você ver a criatura. Galhos quebrados, um cheiro estranho e o silêncio repentino dos pássaros sugerem que um boar está próximo. Você pode investigar ou seguir adiante.	Investigar a situação.	PER>=5	END	xp=5	END	fatigue=1	AEL_MON_0001	Continuar seu caminho.	NONE	END	fatigue=0	END	fatigue=1		RANDOM;NARRATIVE	NONE	12
RND_0975	GUILD	COMMON	ANY	Tharun	Stone-Âmbar	7	119	10	Mercadoria esquecida	Stone-Âmbar segue sua rotina, mas pequenos detalhes chamam sua atenção. Um comerciante fala baixo, um viajante observa a estrada e uma oportunidade aparece onde você menos esperava. Em Altheria, até um dia comum pode deixar uma marca.	Investigar a situação.	PER>=5	END	xp=1	END	fatigue=1		Continuar seu caminho.	NONE	END	fatigue=0	END	fatigue=1		RANDOM;NARRATIVE	NONE	13
RND_0976	SOCIAL	COMMON	ANY	Lyrien	Aerocivitus	4	88	9	Uma pessoa à beira da estrada	A poucos passos da estrada, uma pessoa surge ofegante. Ela conta que alguém levou seu filho e aponta para a trilha ainda recente. A distância é pequena; o problema é que você não sabe o que encontrará no fim dela.	Investigar a situação.	PER>=5	END	xp=4	END	fatigue=1		Continuar seu caminho.	NONE	END	fatigue=0	END	fatigue=1		RANDOM;NARRATIVE	NONE	5
RND_0977	OPPORTUNITY	COMMON	ANY	Myrthos	Sem nome definido	2	31	5	Rumor de taverna	Sem nome definido segue sua rotina, mas pequenos detalhes chamam sua atenção. Um comerciante fala baixo, um viajante observa a estrada e uma oportunidade aparece onde você menos esperava. Em Altheria, até um dia comum pode deixar uma marca.	Investigar a situação.	PER>=5	END	xp=4	END	fatigue=1		Continuar seu caminho.	NONE	END	fatigue=0	END	fatigue=1		RANDOM;NARRATIVE	NONE	3
RND_0978	ACADEMIC	COMMON	ANY	Nyssara	Emerald Tide	5	56	5	Entre aulas e rivalidades	O corredor da Academia de Valdora está cheio. Um colega pede ajuda, outro provoca você e um professor observa de longe, aparentemente interessado em descobrir quem consegue resolver o problema sem transformar tudo em uma briga.	Investigar a situação.	PER>=5	END	xp=1	END	fatigue=1		Continuar seu caminho.	NONE	END	fatigue=0	END	fatigue=1		RANDOM;NARRATIVE	NONE	5
RND_0979	GUILD	COMMON	ANY	Orinthal	Crystalia	5	27	6	Pedido inesperado	Crystalia segue sua rotina, mas pequenos detalhes chamam sua atenção. Um comerciante fala baixo, um viajante observa a estrada e uma oportunidade aparece onde você menos esperava. Em Altheria, até um dia comum pode deixar uma marca.	Investigar a situação.	PER>=5	END	xp=7	END	fatigue=1		Continuar seu caminho.	NONE	END	fatigue=0	END	fatigue=1		RANDOM;NARRATIVE	NONE	17
RND_0980	OPPORTUNITY	COMMON	ANY	Lyrien	Aerocivitus	2	24	5	Rumor de taverna	Aerocivitus segue sua rotina, mas pequenos detalhes chamam sua atenção. Um comerciante fala baixo, um viajante observa a estrada e uma oportunidade aparece onde você menos esperava. Em Altheria, até um dia comum pode deixar uma marca.	Investigar a situação.	PER>=5	END	xp=3	END	fatigue=1		Continuar seu caminho.	NONE	END	fatigue=0	END	fatigue=1		RANDOM;NARRATIVE	NONE	14
RND_0981	CITY	COMMON	ANY	Valkyrion	Volmeria	3	86	8	Uma manhã que parecia comum	Volmeria segue sua rotina, mas pequenos detalhes chamam sua atenção. Um comerciante fala baixo, um viajante observa a estrada e uma oportunidade aparece onde você menos esperava. Em Altheria, até um dia comum pode deixar uma marca.	Investigar a situação.	PER>=5	END	xp=1	END	fatigue=1		Continuar seu caminho.	NONE	END	fatigue=0	END	fatigue=1		RANDOM;NARRATIVE	NONE	8
RND_0982	ACADEMIC	COMMON	ANY	Valkyrion	Volmeria	1	132	8	Entre aulas e rivalidades	O corredor da Academia de Valdora está cheio. Um colega pede ajuda, outro provoca você e um professor observa de longe, aparentemente interessado em descobrir quem consegue resolver o problema sem transformar tudo em uma briga.	Investigar a situação.	PER>=5	END	xp=8	END	fatigue=1		Continuar seu caminho.	NONE	END	fatigue=0	END	fatigue=1		RANDOM;NARRATIVE	NONE	9
RND_0983	GUILD	COMMON	ANY	Eshmara	Brumas	8	93	12	Pedido inesperado	Brumas segue sua rotina, mas pequenos detalhes chamam sua atenção. Um comerciante fala baixo, um viajante observa a estrada e uma oportunidade aparece onde você menos esperava. Em Altheria, até um dia comum pode deixar uma marca.	Investigar a situação.	PER>=5	END	xp=5	END	fatigue=1		Continuar seu caminho.	NONE	END	fatigue=0	END	fatigue=1		RANDOM;NARRATIVE	NONE	14
RND_0984	ACADEMIC	COMMON	ANY	Kethruun	Sandbones	3	130	7	Entre aulas e rivalidades	O corredor da Academia de Valdora está cheio. Um colega pede ajuda, outro provoca você e um professor observa de longe, aparentemente interessado em descobrir quem consegue resolver o problema sem transformar tudo em uma briga.	Investigar a situação.	PER>=5	END	xp=2	END	fatigue=1		Continuar seu caminho.	NONE	END	fatigue=0	END	fatigue=1		RANDOM;NARRATIVE	NONE	8
RND_0985	OPPORTUNITY	COMMON	ANY	Kethruun	Sandbones	4	93	9	Uma manhã que parecia comum	Sandbones segue sua rotina, mas pequenos detalhes chamam sua atenção. Um comerciante fala baixo, um viajante observa a estrada e uma oportunidade aparece onde você menos esperava. Em Altheria, até um dia comum pode deixar uma marca.	Investigar a situação.	PER>=5	END	xp=5	END	fatigue=1		Continuar seu caminho.	NONE	END	fatigue=0	END	fatigue=1		RANDOM;NARRATIVE	NONE	14
RND_0986	OPPORTUNITY	COMMON	ANY	Tharun	Stone-Âmbar	6	28	10	Mercadoria esquecida	Stone-Âmbar segue sua rotina, mas pequenos detalhes chamam sua atenção. Um comerciante fala baixo, um viajante observa a estrada e uma oportunidade aparece onde você menos esperava. Em Altheria, até um dia comum pode deixar uma marca.	Investigar a situação.	PER>=5	END	xp=3	END	fatigue=1		Continuar seu caminho.	NONE	END	fatigue=0	END	fatigue=1		RANDOM;NARRATIVE	NONE	17
RND_0987	CITY	COMMON	ANY	Aeloria	Crestwyn	8	111	10	Rumor de taverna	Crestwyn segue sua rotina, mas pequenos detalhes chamam sua atenção. Um comerciante fala baixo, um viajante observa a estrada e uma oportunidade aparece onde você menos esperava. Em Altheria, até um dia comum pode deixar uma marca.	Investigar a situação.	PER>=5	END	xp=5	END	fatigue=1		Continuar seu caminho.	NONE	END	fatigue=0	END	fatigue=1		RANDOM;NARRATIVE	NONE	19
RND_0988	OPPORTUNITY	COMMON	ANY	Myrthos	Sem nome definido	6	103	14	Mercadoria esquecida	Sem nome definido segue sua rotina, mas pequenos detalhes chamam sua atenção. Um comerciante fala baixo, um viajante observa a estrada e uma oportunidade aparece onde você menos esperava. Em Altheria, até um dia comum pode deixar uma marca.	Investigar a situação.	PER>=5	END	xp=2	END	fatigue=1		Continuar seu caminho.	NONE	END	fatigue=0	END	fatigue=1		RANDOM;NARRATIVE	NONE	17
RND_0989	OPPORTUNITY	COMMON	ANY	Aeloria	Highspire	6	51	11	Uma porta entreaberta	Highspire segue sua rotina, mas pequenos detalhes chamam sua atenção. Um comerciante fala baixo, um viajante observa a estrada e uma oportunidade aparece onde você menos esperava. Em Altheria, até um dia comum pode deixar uma marca.	Investigar a situação.	PER>=5	END	xp=3	END	fatigue=1		Continuar seu caminho.	NONE	END	fatigue=0	END	fatigue=1		RANDOM;NARRATIVE	NONE	14
RND_0990	MONSTER	COMMON	ANY	Orinthal	Crystalia	4	88	11	Rastros na estrada — Colossus	As marcas no barro contam uma história antes mesmo de você ver a criatura. Galhos quebrados, um cheiro estranho e o silêncio repentino dos pássaros sugerem que um colossus está próximo. Você pode investigar ou seguir adiante.	Investigar a situação.	PER>=5	END	xp=2	END	fatigue=1	AEL_MON_0001	Continuar seu caminho.	NONE	END	fatigue=0	END	fatigue=1		RANDOM;NARRATIVE	NONE	16
RND_0991	ROAD	COMMON	ANY	Valkyrion	Volmeria	2	66	13	Sinais na fronteira	Volmeria segue sua rotina, mas pequenos detalhes chamam sua atenção. Um comerciante fala baixo, um viajante observa a estrada e uma oportunidade aparece onde você menos esperava. Em Altheria, até um dia comum pode deixar uma marca.	Investigar a situação.	PER>=5	END	xp=4	END	fatigue=1		Continuar seu caminho.	NONE	END	fatigue=0	END	fatigue=1		RANDOM;NARRATIVE	NONE	11
RND_0992	MONSTER	COMMON	ANY	Valkyrion	Volmeria	4	28	4	Rastros na estrada — Unicorn	As marcas no barro contam uma história antes mesmo de você ver a criatura. Galhos quebrados, um cheiro estranho e o silêncio repentino dos pássaros sugerem que um unicorn está próximo. Você pode investigar ou seguir adiante.	Investigar a situação.	PER>=5	END	xp=8	END	fatigue=1	AEL_MON_0001	Continuar seu caminho.	NONE	END	fatigue=0	END	fatigue=1		RANDOM;NARRATIVE	NONE	15
RND_0993	OPPORTUNITY	COMMON	ANY	Tharun	Stone-Âmbar	4	67	11	Uma porta entreaberta	Stone-Âmbar segue sua rotina, mas pequenos detalhes chamam sua atenção. Um comerciante fala baixo, um viajante observa a estrada e uma oportunidade aparece onde você menos esperava. Em Altheria, até um dia comum pode deixar uma marca.	Investigar a situação.	PER>=5	END	xp=8	END	fatigue=1		Continuar seu caminho.	NONE	END	fatigue=0	END	fatigue=1		RANDOM;NARRATIVE	NONE	5
RND_0994	SOCIAL	COMMON	ANY	Lyrien	Aerocivitus	8	122	10	Uma pessoa à beira da estrada	A poucos passos da estrada, uma pessoa surge ofegante. Ela conta que alguém levou seu filho e aponta para a trilha ainda recente. A distância é pequena; o problema é que você não sabe o que encontrará no fim dela.	Investigar a situação.	PER>=5	END	xp=5	END	fatigue=1		Continuar seu caminho.	NONE	END	fatigue=0	END	fatigue=1		RANDOM;NARRATIVE	NONE	7
RND_0995	OPPORTUNITY	COMMON	ANY	Myrthos	Sem nome definido	8	115	2	Uma manhã que parecia comum	Sem nome definido segue sua rotina, mas pequenos detalhes chamam sua atenção. Um comerciante fala baixo, um viajante observa a estrada e uma oportunidade aparece onde você menos esperava. Em Altheria, até um dia comum pode deixar uma marca.	Investigar a situação.	PER>=5	END	xp=5	END	fatigue=1		Continuar seu caminho.	NONE	END	fatigue=0	END	fatigue=1		RANDOM;NARRATIVE	NONE	5
RND_0996	ROAD	COMMON	ANY	Kethruun	Sandbones	6	82	5	Uma manhã que parecia comum	Sandbones segue sua rotina, mas pequenos detalhes chamam sua atenção. Um comerciante fala baixo, um viajante observa a estrada e uma oportunidade aparece onde você menos esperava. Em Altheria, até um dia comum pode deixar uma marca.	Investigar a situação.	PER>=5	END	xp=4	END	fatigue=1		Continuar seu caminho.	NONE	END	fatigue=0	END	fatigue=1		RANDOM;NARRATIVE	NONE	6
RND_0997	ACADEMIC	COMMON	ANY	Nyssara	Emerald Tide	4	147	5	Entre aulas e rivalidades	O corredor da Academia de Valdora está cheio. Um colega pede ajuda, outro provoca você e um professor observa de longe, aparentemente interessado em descobrir quem consegue resolver o problema sem transformar tudo em uma briga.	Investigar a situação.	PER>=5	END	xp=5	END	fatigue=1		Continuar seu caminho.	NONE	END	fatigue=0	END	fatigue=1		RANDOM;NARRATIVE	NONE	13
RND_0998	MONSTER	COMMON	ANY	Kethruun	Sandbones	8	142	5	Rastros na estrada — Rat	As marcas no barro contam uma história antes mesmo de você ver a criatura. Galhos quebrados, um cheiro estranho e o silêncio repentino dos pássaros sugerem que um rat está próximo. Você pode investigar ou seguir adiante.	Investigar a situação.	PER>=5	END	xp=3	END	fatigue=1	AEL_MON_0001	Continuar seu caminho.	NONE	END	fatigue=0	END	fatigue=1		RANDOM;NARRATIVE	NONE	4
RND_0999	CITY	COMMON	ANY	Zarim	Fornalia	2	30	14	Uma porta entreaberta	Fornalia segue sua rotina, mas pequenos detalhes chamam sua atenção. Um comerciante fala baixo, um viajante observa a estrada e uma oportunidade aparece onde você menos esperava. Em Altheria, até um dia comum pode deixar uma marca.	Investigar a situação.	PER>=5	END	xp=6	END	fatigue=1		Continuar seu caminho.	NONE	END	fatigue=0	END	fatigue=1		RANDOM;NARRATIVE	NONE	9
RND_1000	OPPORTUNITY	COMMON	ANY	Kethruun	Sandbones	4	95	7	Pedido inesperado	Sandbones segue sua rotina, mas pequenos detalhes chamam sua atenção. Um comerciante fala baixo, um viajante observa a estrada e uma oportunidade aparece onde você menos esperava. Em Altheria, até um dia comum pode deixar uma marca.	Investigar a situação.	PER>=5	END	xp=6	END	fatigue=1		Continuar seu caminho.	NONE	END	fatigue=0	END	fatigue=1		RANDOM;NARRATIVE	NONE	3
RND_1001	SOCIAL	COMMON	ANY	Myrthos	Sem nome definido	7	69	2	Uma pessoa à beira da estrada	A poucos passos da estrada, uma pessoa surge ofegante. Ela conta que alguém levou seu filho e aponta para a trilha ainda recente. A distância é pequena; o problema é que você não sabe o que encontrará no fim dela.	Investigar a situação.	PER>=5	END	xp=4	END	fatigue=1		Continuar seu caminho.	NONE	END	fatigue=0	END	fatigue=1		RANDOM;NARRATIVE	NONE	16
RND_1002	GUILD	COMMON	ANY	Aeloria	Valdora	4	25	6	Mercadoria esquecida	Valdora segue sua rotina, mas pequenos detalhes chamam sua atenção. Um comerciante fala baixo, um viajante observa a estrada e uma oportunidade aparece onde você menos esperava. Em Altheria, até um dia comum pode deixar uma marca.	Investigar a situação.	PER>=5	END	xp=3	END	fatigue=1		Continuar seu caminho.	NONE	END	fatigue=0	END	fatigue=1		RANDOM;NARRATIVE	NONE	9
RND_1003	ROAD	COMMON	ANY	Lyrien	Aerocivitus	7	25	13	Uma porta entreaberta	Aerocivitus segue sua rotina, mas pequenos detalhes chamam sua atenção. Um comerciante fala baixo, um viajante observa a estrada e uma oportunidade aparece onde você menos esperava. Em Altheria, até um dia comum pode deixar uma marca.	Investigar a situação.	PER>=5	END	xp=1	END	fatigue=1		Continuar seu caminho.	NONE	END	fatigue=0	END	fatigue=1		RANDOM;NARRATIVE	NONE	8
RND_1004	GUILD	COMMON	ANY	Tharun	Stone-Âmbar	3	129	5	Uma manhã que parecia comum	Stone-Âmbar segue sua rotina, mas pequenos detalhes chamam sua atenção. Um comerciante fala baixo, um viajante observa a estrada e uma oportunidade aparece onde você menos esperava. Em Altheria, até um dia comum pode deixar uma marca.	Investigar a situação.	PER>=5	END	xp=4	END	fatigue=1		Continuar seu caminho.	NONE	END	fatigue=0	END	fatigue=1		RANDOM;NARRATIVE	NONE	10
RND_1005	OPPORTUNITY	COMMON	ANY	Myrthos	Sem nome definido	6	31	12	Uma manhã que parecia comum	Sem nome definido segue sua rotina, mas pequenos detalhes chamam sua atenção. Um comerciante fala baixo, um viajante observa a estrada e uma oportunidade aparece onde você menos esperava. Em Altheria, até um dia comum pode deixar uma marca.	Investigar a situação.	PER>=5	END	xp=3	END	fatigue=1		Continuar seu caminho.	NONE	END	fatigue=0	END	fatigue=1		RANDOM;NARRATIVE	NONE	17
RND_1006	SOCIAL	COMMON	ANY	Lyrien	Aerocivitus	4	50	7	Uma pessoa à beira da estrada	A poucos passos da estrada, uma pessoa surge ofegante. Ela conta que alguém levou seu filho e aponta para a trilha ainda recente. A distância é pequena; o problema é que você não sabe o que encontrará no fim dela.	Investigar a situação.	PER>=5	END	xp=3	END	fatigue=1		Continuar seu caminho.	NONE	END	fatigue=0	END	fatigue=1		RANDOM;NARRATIVE	NONE	7
RND_1007	SOCIAL	COMMON	ANY	Kethruun	Sandbones	8	74	7	Uma pessoa à beira da estrada	A poucos passos da estrada, uma pessoa surge ofegante. Ela conta que alguém levou seu filho e aponta para a trilha ainda recente. A distância é pequena; o problema é que você não sabe o que encontrará no fim dela.	Investigar a situação.	PER>=5	END	xp=2	END	fatigue=1		Continuar seu caminho.	NONE	END	fatigue=0	END	fatigue=1		RANDOM;NARRATIVE	NONE	13
RND_1008	MONSTER	COMMON	ANY	Lyrien	Aerocivitus	4	100	10	Rastros na estrada — Naga	As marcas no barro contam uma história antes mesmo de você ver a criatura. Galhos quebrados, um cheiro estranho e o silêncio repentino dos pássaros sugerem que um naga está próximo. Você pode investigar ou seguir adiante.	Investigar a situação.	PER>=5	END	xp=6	END	fatigue=1	AEL_MON_0001	Continuar seu caminho.	NONE	END	fatigue=0	END	fatigue=1		RANDOM;NARRATIVE	NONE	19
RND_1009	ROAD	COMMON	ANY	Eshmara	Brumas	4	124	4	Sinais na fronteira	Brumas segue sua rotina, mas pequenos detalhes chamam sua atenção. Um comerciante fala baixo, um viajante observa a estrada e uma oportunidade aparece onde você menos esperava. Em Altheria, até um dia comum pode deixar uma marca.	Investigar a situação.	PER>=5	END	xp=4	END	fatigue=1		Continuar seu caminho.	NONE	END	fatigue=0	END	fatigue=1		RANDOM;NARRATIVE	NONE	15
RND_1010	MONSTER	COMMON	ANY	Tharun	Stone-Âmbar	7	35	13	Rastros na estrada — Salamander	As marcas no barro contam uma história antes mesmo de você ver a criatura. Galhos quebrados, um cheiro estranho e o silêncio repentino dos pássaros sugerem que um salamander está próximo. Você pode investigar ou seguir adiante.	Investigar a situação.	PER>=5	END	xp=2	END	fatigue=1	AEL_MON_0001	Continuar seu caminho.	NONE	END	fatigue=0	END	fatigue=1		RANDOM;NARRATIVE	NONE	4
RND_1011	CITY	COMMON	ANY	Valkyrion	Volmeria	4	62	14	Mercadoria esquecida	Volmeria segue sua rotina, mas pequenos detalhes chamam sua atenção. Um comerciante fala baixo, um viajante observa a estrada e uma oportunidade aparece onde você menos esperava. Em Altheria, até um dia comum pode deixar uma marca.	Investigar a situação.	PER>=5	END	xp=5	END	fatigue=1		Continuar seu caminho.	NONE	END	fatigue=0	END	fatigue=1		RANDOM;NARRATIVE	NONE	9
RND_1012	OPPORTUNITY	COMMON	ANY	Lyrien	Aerocivitus	3	135	9	Sinais na fronteira	Aerocivitus segue sua rotina, mas pequenos detalhes chamam sua atenção. Um comerciante fala baixo, um viajante observa a estrada e uma oportunidade aparece onde você menos esperava. Em Altheria, até um dia comum pode deixar uma marca.	Investigar a situação.	PER>=5	END	xp=5	END	fatigue=1		Continuar seu caminho.	NONE	END	fatigue=0	END	fatigue=1		RANDOM;NARRATIVE	NONE	15
RND_1013	ROAD	COMMON	ANY	Aeloria	Arvenholt	6	143	12	Mercadoria esquecida	Arvenholt segue sua rotina, mas pequenos detalhes chamam sua atenção. Um comerciante fala baixo, um viajante observa a estrada e uma oportunidade aparece onde você menos esperava. Em Altheria, até um dia comum pode deixar uma marca.	Investigar a situação.	PER>=5	END	xp=4	END	fatigue=1		Continuar seu caminho.	NONE	END	fatigue=0	END	fatigue=1		RANDOM;NARRATIVE	NONE	10
RND_1014	ACADEMIC	COMMON	ANY	Tharun	Stone-Âmbar	6	139	10	Entre aulas e rivalidades	O corredor da Academia de Valdora está cheio. Um colega pede ajuda, outro provoca você e um professor observa de longe, aparentemente interessado em descobrir quem consegue resolver o problema sem transformar tudo em uma briga.	Investigar a situação.	PER>=5	END	xp=3	END	fatigue=1		Continuar seu caminho.	NONE	END	fatigue=0	END	fatigue=1		RANDOM;NARRATIVE	NONE	17
RND_1015	MONSTER	COMMON	ANY	Lyrien	Aerocivitus	2	143	5	Rastros na estrada — Lich	As marcas no barro contam uma história antes mesmo de você ver a criatura. Galhos quebrados, um cheiro estranho e o silêncio repentino dos pássaros sugerem que um lich está próximo. Você pode investigar ou seguir adiante.	Investigar a situação.	PER>=5	END	xp=8	END	fatigue=1	AEL_MON_0001	Continuar seu caminho.	NONE	END	fatigue=0	END	fatigue=1		RANDOM;NARRATIVE	NONE	6
RND_1016	ROAD	COMMON	ANY	Tharun	Stone-Âmbar	6	124	10	Uma porta entreaberta	Stone-Âmbar segue sua rotina, mas pequenos detalhes chamam sua atenção. Um comerciante fala baixo, um viajante observa a estrada e uma oportunidade aparece onde você menos esperava. Em Altheria, até um dia comum pode deixar uma marca.	Investigar a situação.	PER>=5	END	xp=5	END	fatigue=1		Continuar seu caminho.	NONE	END	fatigue=0	END	fatigue=1		RANDOM;NARRATIVE	NONE	14
RND_1017	OPPORTUNITY	COMMON	ANY	Myrthos	Sem nome definido	8	123	13	Rumor de taverna	Sem nome definido segue sua rotina, mas pequenos detalhes chamam sua atenção. Um comerciante fala baixo, um viajante observa a estrada e uma oportunidade aparece onde você menos esperava. Em Altheria, até um dia comum pode deixar uma marca.	Investigar a situação.	PER>=5	END	xp=4	END	fatigue=1		Continuar seu caminho.	NONE	END	fatigue=0	END	fatigue=1		RANDOM;NARRATIVE	NONE	13
RND_1018	OPPORTUNITY	COMMON	ANY	Aeloria	Emberholt	5	126	9	Rumor de taverna	Emberholt segue sua rotina, mas pequenos detalhes chamam sua atenção. Um comerciante fala baixo, um viajante observa a estrada e uma oportunidade aparece onde você menos esperava. Em Altheria, até um dia comum pode deixar uma marca.	Investigar a situação.	PER>=5	END	xp=4	END	fatigue=1		Continuar seu caminho.	NONE	END	fatigue=0	END	fatigue=1		RANDOM;NARRATIVE	NONE	11
RND_1019	ROAD	COMMON	ANY	Kethruun	Sandbones	7	150	14	Mercadoria esquecida	Sandbones segue sua rotina, mas pequenos detalhes chamam sua atenção. Um comerciante fala baixo, um viajante observa a estrada e uma oportunidade aparece onde você menos esperava. Em Altheria, até um dia comum pode deixar uma marca.	Investigar a situação.	PER>=5	END	xp=1	END	fatigue=1		Continuar seu caminho.	NONE	END	fatigue=0	END	fatigue=1		RANDOM;NARRATIVE	NONE	11
RND_1020	ACADEMIC	COMMON	ANY	Lyrien	Aerocivitus	7	98	8	Entre aulas e rivalidades	O corredor da Academia de Valdora está cheio. Um colega pede ajuda, outro provoca você e um professor observa de longe, aparentemente interessado em descobrir quem consegue resolver o problema sem transformar tudo em uma briga.	Investigar a situação.	PER>=5	END	xp=2	END	fatigue=1		Continuar seu caminho.	NONE	END	fatigue=0	END	fatigue=1		RANDOM;NARRATIVE	NONE	4
RND_1021	ROAD	COMMON	ANY	Valkyrion	Volmeria	3	35	12	Rumor de taverna	Volmeria segue sua rotina, mas pequenos detalhes chamam sua atenção. Um comerciante fala baixo, um viajante observa a estrada e uma oportunidade aparece onde você menos esperava. Em Altheria, até um dia comum pode deixar uma marca.	Investigar a situação.	PER>=5	END	xp=8	END	fatigue=1		Continuar seu caminho.	NONE	END	fatigue=0	END	fatigue=1		RANDOM;NARRATIVE	NONE	9
RND_1022	CITY	COMMON	ANY	Eshmara	Brumas	5	93	11	Mercadoria esquecida	Brumas segue sua rotina, mas pequenos detalhes chamam sua atenção. Um comerciante fala baixo, um viajante observa a estrada e uma oportunidade aparece onde você menos esperava. Em Altheria, até um dia comum pode deixar uma marca.	Investigar a situação.	PER>=5	END	xp=6	END	fatigue=1		Continuar seu caminho.	NONE	END	fatigue=0	END	fatigue=1		RANDOM;NARRATIVE	NONE	10
RND_1023	ACADEMIC	COMMON	ANY	Orinthal	Crystalia	3	3	2	Entre aulas e rivalidades	O corredor da Academia de Valdora está cheio. Um colega pede ajuda, outro provoca você e um professor observa de longe, aparentemente interessado em descobrir quem consegue resolver o problema sem transformar tudo em uma briga.	Investigar a situação.	PER>=5	END	xp=3	END	fatigue=1		Continuar seu caminho.	NONE	END	fatigue=0	END	fatigue=1		RANDOM;NARRATIVE	NONE	17
RND_1024	GUILD	COMMON	ANY	Eshmara	Brumas	5	85	14	Mercadoria esquecida	Brumas segue sua rotina, mas pequenos detalhes chamam sua atenção. Um comerciante fala baixo, um viajante observa a estrada e uma oportunidade aparece onde você menos esperava. Em Altheria, até um dia comum pode deixar uma marca.	Investigar a situação.	PER>=5	END	xp=8	END	fatigue=1		Continuar seu caminho.	NONE	END	fatigue=0	END	fatigue=1		RANDOM;NARRATIVE	NONE	13
RND_1025	OPPORTUNITY	COMMON	ANY	Valkyrion	Volmeria	8	3	6	Sinais na fronteira	Volmeria segue sua rotina, mas pequenos detalhes chamam sua atenção. Um comerciante fala baixo, um viajante observa a estrada e uma oportunidade aparece onde você menos esperava. Em Altheria, até um dia comum pode deixar uma marca.	Investigar a situação.	PER>=5	END	xp=2	END	fatigue=1		Continuar seu caminho.	NONE	END	fatigue=0	END	fatigue=1		RANDOM;NARRATIVE	NONE	14
RND_1026	ROAD	COMMON	ANY	Valkyrion	Volmeria	4	117	14	Mercadoria esquecida	Volmeria segue sua rotina, mas pequenos detalhes chamam sua atenção. Um comerciante fala baixo, um viajante observa a estrada e uma oportunidade aparece onde você menos esperava. Em Altheria, até um dia comum pode deixar uma marca.	Investigar a situação.	PER>=5	END	xp=5	END	fatigue=1		Continuar seu caminho.	NONE	END	fatigue=0	END	fatigue=1		RANDOM;NARRATIVE	NONE	9
RND_1027	SOCIAL	COMMON	ANY	Lyrien	Aerocivitus	1	18	7	Uma pessoa à beira da estrada	A poucos passos da estrada, uma pessoa surge ofegante. Ela conta que alguém levou seu filho e aponta para a trilha ainda recente. A distância é pequena; o problema é que você não sabe o que encontrará no fim dela.	Investigar a situação.	PER>=5	END	xp=2	END	fatigue=1		Continuar seu caminho.	NONE	END	fatigue=0	END	fatigue=1		RANDOM;NARRATIVE	NONE	17
RND_1028	SOCIAL	COMMON	ANY	Eshmara	Brumas	2	46	10	Uma pessoa à beira da estrada	A poucos passos da estrada, uma pessoa surge ofegante. Ela conta que alguém levou seu filho e aponta para a trilha ainda recente. A distância é pequena; o problema é que você não sabe o que encontrará no fim dela.	Investigar a situação.	PER>=5	END	xp=2	END	fatigue=1		Continuar seu caminho.	NONE	END	fatigue=0	END	fatigue=1		RANDOM;NARRATIVE	NONE	8
RND_1029	ROAD	COMMON	ANY	Aeloria	Quenndral	7	81	10	Sinais na fronteira	Quenndral segue sua rotina, mas pequenos detalhes chamam sua atenção. Um comerciante fala baixo, um viajante observa a estrada e uma oportunidade aparece onde você menos esperava. Em Altheria, até um dia comum pode deixar uma marca.	Investigar a situação.	PER>=5	END	xp=8	END	fatigue=1		Continuar seu caminho.	NONE	END	fatigue=0	END	fatigue=1		RANDOM;NARRATIVE	NONE	14
RND_1030	GUILD	COMMON	ANY	Orinthal	Crystalia	6	72	7	Mercadoria esquecida	Crystalia segue sua rotina, mas pequenos detalhes chamam sua atenção. Um comerciante fala baixo, um viajante observa a estrada e uma oportunidade aparece onde você menos esperava. Em Altheria, até um dia comum pode deixar uma marca.	Investigar a situação.	PER>=5	END	xp=1	END	fatigue=1		Continuar seu caminho.	NONE	END	fatigue=0	END	fatigue=1		RANDOM;NARRATIVE	NONE	8
RND_1031	CITY	COMMON	ANY	Myrthos	Sem nome definido	7	144	8	Pedido inesperado	Sem nome definido segue sua rotina, mas pequenos detalhes chamam sua atenção. Um comerciante fala baixo, um viajante observa a estrada e uma oportunidade aparece onde você menos esperava. Em Altheria, até um dia comum pode deixar uma marca.	Investigar a situação.	PER>=5	END	xp=8	END	fatigue=1		Continuar seu caminho.	NONE	END	fatigue=0	END	fatigue=1		RANDOM;NARRATIVE	NONE	15
RND_1032	SOCIAL	COMMON	ANY	Kethruun	Sandbones	7	3	12	Uma pessoa à beira da estrada	A poucos passos da estrada, uma pessoa surge ofegante. Ela conta que alguém levou seu filho e aponta para a trilha ainda recente. A distância é pequena; o problema é que você não sabe o que encontrará no fim dela.	Investigar a situação.	PER>=5	END	xp=3	END	fatigue=1		Continuar seu caminho.	NONE	END	fatigue=0	END	fatigue=1		RANDOM;NARRATIVE	NONE	3
RND_1033	CITY	COMMON	ANY	Eshmara	Brumas	7	90	5	Sinais na fronteira	Brumas segue sua rotina, mas pequenos detalhes chamam sua atenção. Um comerciante fala baixo, um viajante observa a estrada e uma oportunidade aparece onde você menos esperava. Em Altheria, até um dia comum pode deixar uma marca.	Investigar a situação.	PER>=5	END	xp=2	END	fatigue=1		Continuar seu caminho.	NONE	END	fatigue=0	END	fatigue=1		RANDOM;NARRATIVE	NONE	18
RND_1034	ROAD	COMMON	ANY	Nyssara	Emerald Tide	8	85	13	Uma porta entreaberta	Emerald Tide segue sua rotina, mas pequenos detalhes chamam sua atenção. Um comerciante fala baixo, um viajante observa a estrada e uma oportunidade aparece onde você menos esperava. Em Altheria, até um dia comum pode deixar uma marca.	Investigar a situação.	PER>=5	END	xp=7	END	fatigue=1		Continuar seu caminho.	NONE	END	fatigue=0	END	fatigue=1		RANDOM;NARRATIVE	NONE	18
RND_1035	OPPORTUNITY	COMMON	ANY	Valkyrion	Volmeria	7	101	5	Sinais na fronteira	Volmeria segue sua rotina, mas pequenos detalhes chamam sua atenção. Um comerciante fala baixo, um viajante observa a estrada e uma oportunidade aparece onde você menos esperava. Em Altheria, até um dia comum pode deixar uma marca.	Investigar a situação.	PER>=5	END	xp=2	END	fatigue=1		Continuar seu caminho.	NONE	END	fatigue=0	END	fatigue=1		RANDOM;NARRATIVE	NONE	4
RND_1036	SOCIAL	COMMON	ANY	Eshmara	Brumas	5	55	10	Uma pessoa à beira da estrada	A poucos passos da estrada, uma pessoa surge ofegante. Ela conta que alguém levou seu filho e aponta para a trilha ainda recente. A distância é pequena; o problema é que você não sabe o que encontrará no fim dela.	Investigar a situação.	PER>=5	END	xp=2	END	fatigue=1		Continuar seu caminho.	NONE	END	fatigue=0	END	fatigue=1		RANDOM;NARRATIVE	NONE	14
RND_1037	MONSTER	COMMON	ANY	Orinthal	Crystalia	6	38	5	Rastros na estrada — Chimera	As marcas no barro contam uma história antes mesmo de você ver a criatura. Galhos quebrados, um cheiro estranho e o silêncio repentino dos pássaros sugerem que um chimera está próximo. Você pode investigar ou seguir adiante.	Investigar a situação.	PER>=5	END	xp=4	END	fatigue=1	AEL_MON_0001	Continuar seu caminho.	NONE	END	fatigue=0	END	fatigue=1		RANDOM;NARRATIVE	NONE	6
RND_1038	CITY	COMMON	ANY	Tharun	Stone-Âmbar	5	150	13	Mercadoria esquecida	Stone-Âmbar segue sua rotina, mas pequenos detalhes chamam sua atenção. Um comerciante fala baixo, um viajante observa a estrada e uma oportunidade aparece onde você menos esperava. Em Altheria, até um dia comum pode deixar uma marca.	Investigar a situação.	PER>=5	END	xp=2	END	fatigue=1		Continuar seu caminho.	NONE	END	fatigue=0	END	fatigue=1		RANDOM;NARRATIVE	NONE	4
RND_1039	ACADEMIC	COMMON	ANY	Eshmara	Brumas	7	4	4	Entre aulas e rivalidades	O corredor da Academia de Valdora está cheio. Um colega pede ajuda, outro provoca você e um professor observa de longe, aparentemente interessado em descobrir quem consegue resolver o problema sem transformar tudo em uma briga.	Investigar a situação.	PER>=5	END	xp=6	END	fatigue=1		Continuar seu caminho.	NONE	END	fatigue=0	END	fatigue=1		RANDOM;NARRATIVE	NONE	4
RND_1040	OPPORTUNITY	COMMON	ANY	Zarim	Fornalia	2	77	14	Uma porta entreaberta	Fornalia segue sua rotina, mas pequenos detalhes chamam sua atenção. Um comerciante fala baixo, um viajante observa a estrada e uma oportunidade aparece onde você menos esperava. Em Altheria, até um dia comum pode deixar uma marca.	Investigar a situação.	PER>=5	END	xp=6	END	fatigue=1		Continuar seu caminho.	NONE	END	fatigue=0	END	fatigue=1		RANDOM;NARRATIVE	NONE	10
RND_1041	ACADEMIC	COMMON	ANY	Aeloria	Eldrath	7	102	12	Entre aulas e rivalidades	O corredor da Academia de Valdora está cheio. Um colega pede ajuda, outro provoca você e um professor observa de longe, aparentemente interessado em descobrir quem consegue resolver o problema sem transformar tudo em uma briga.	Investigar a situação.	PER>=5	END	xp=4	END	fatigue=1		Continuar seu caminho.	NONE	END	fatigue=0	END	fatigue=1		RANDOM;NARRATIVE	NONE	18
RND_1042	GUILD	COMMON	ANY	Orinthal	Crystalia	4	60	11	Sinais na fronteira	Crystalia segue sua rotina, mas pequenos detalhes chamam sua atenção. Um comerciante fala baixo, um viajante observa a estrada e uma oportunidade aparece onde você menos esperava. Em Altheria, até um dia comum pode deixar uma marca.	Investigar a situação.	PER>=5	END	xp=4	END	fatigue=1		Continuar seu caminho.	NONE	END	fatigue=0	END	fatigue=1		RANDOM;NARRATIVE	NONE	11
RND_1043	ACADEMIC	COMMON	ANY	Kethruun	Sandbones	7	20	8	Entre aulas e rivalidades	O corredor da Academia de Valdora está cheio. Um colega pede ajuda, outro provoca você e um professor observa de longe, aparentemente interessado em descobrir quem consegue resolver o problema sem transformar tudo em uma briga.	Investigar a situação.	PER>=5	END	xp=6	END	fatigue=1		Continuar seu caminho.	NONE	END	fatigue=0	END	fatigue=1		RANDOM;NARRATIVE	NONE	16
RND_1044	MONSTER	COMMON	ANY	Valkyrion	Volmeria	2	62	14	Rastros na estrada — Behemoth	As marcas no barro contam uma história antes mesmo de você ver a criatura. Galhos quebrados, um cheiro estranho e o silêncio repentino dos pássaros sugerem que um behemoth está próximo. Você pode investigar ou seguir adiante.	Investigar a situação.	PER>=5	END	xp=5	END	fatigue=1	AEL_MON_0001	Continuar seu caminho.	NONE	END	fatigue=0	END	fatigue=1		RANDOM;NARRATIVE	NONE	8
RND_1045	ROAD	COMMON	ANY	Valkyrion	Volmeria	5	17	9	Pedido inesperado	Volmeria segue sua rotina, mas pequenos detalhes chamam sua atenção. Um comerciante fala baixo, um viajante observa a estrada e uma oportunidade aparece onde você menos esperava. Em Altheria, até um dia comum pode deixar uma marca.	Investigar a situação.	PER>=5	END	xp=5	END	fatigue=1		Continuar seu caminho.	NONE	END	fatigue=0	END	fatigue=1		RANDOM;NARRATIVE	NONE	15
RND_1046	OPPORTUNITY	COMMON	ANY	Zarim	Fornalia	2	130	11	Pedido inesperado	Fornalia segue sua rotina, mas pequenos detalhes chamam sua atenção. Um comerciante fala baixo, um viajante observa a estrada e uma oportunidade aparece onde você menos esperava. Em Altheria, até um dia comum pode deixar uma marca.	Investigar a situação.	PER>=5	END	xp=8	END	fatigue=1		Continuar seu caminho.	NONE	END	fatigue=0	END	fatigue=1		RANDOM;NARRATIVE	NONE	13
RND_1047	GUILD	COMMON	ANY	Kethruun	Sandbones	6	106	9	Uma manhã que parecia comum	Sandbones segue sua rotina, mas pequenos detalhes chamam sua atenção. Um comerciante fala baixo, um viajante observa a estrada e uma oportunidade aparece onde você menos esperava. Em Altheria, até um dia comum pode deixar uma marca.	Investigar a situação.	PER>=5	END	xp=8	END	fatigue=1		Continuar seu caminho.	NONE	END	fatigue=0	END	fatigue=1		RANDOM;NARRATIVE	NONE	6
RND_1048	SOCIAL	COMMON	ANY	Myrthos	Sem nome definido	4	101	5	Uma pessoa à beira da estrada	A poucos passos da estrada, uma pessoa surge ofegante. Ela conta que alguém levou seu filho e aponta para a trilha ainda recente. A distância é pequena; o problema é que você não sabe o que encontrará no fim dela.	Investigar a situação.	PER>=5	END	xp=8	END	fatigue=1		Continuar seu caminho.	NONE	END	fatigue=0	END	fatigue=1		RANDOM;NARRATIVE	NONE	7
RND_1049	GUILD	COMMON	ANY	Kethruun	Sandbones	2	60	8	Rumor de taverna	Sandbones segue sua rotina, mas pequenos detalhes chamam sua atenção. Um comerciante fala baixo, um viajante observa a estrada e uma oportunidade aparece onde você menos esperava. Em Altheria, até um dia comum pode deixar uma marca.	Investigar a situação.	PER>=5	END	xp=5	END	fatigue=1		Continuar seu caminho.	NONE	END	fatigue=0	END	fatigue=1		RANDOM;NARRATIVE	NONE	11
RND_1050	CITY	COMMON	ANY	Aeloria	Kethralith	5	74	10	Uma manhã que parecia comum	Kethralith segue sua rotina, mas pequenos detalhes chamam sua atenção. Um comerciante fala baixo, um viajante observa a estrada e uma oportunidade aparece onde você menos esperava. Em Altheria, até um dia comum pode deixar uma marca.	Investigar a situação.	PER>=5	END	xp=6	END	fatigue=1		Continuar seu caminho.	NONE	END	fatigue=0	END	fatigue=1		RANDOM;NARRATIVE	NONE	10
RND_1051	SOCIAL	COMMON	ANY	Kethruun	Sandbones	2	14	9	Uma pessoa à beira da estrada	A poucos passos da estrada, uma pessoa surge ofegante. Ela conta que alguém levou seu filho e aponta para a trilha ainda recente. A distância é pequena; o problema é que você não sabe o que encontrará no fim dela.	Investigar a situação.	PER>=5	END	xp=8	END	fatigue=1		Continuar seu caminho.	NONE	END	fatigue=0	END	fatigue=1		RANDOM;NARRATIVE	NONE	5
RND_1052	ACADEMIC	COMMON	ANY	Myrthos	Sem nome definido	3	16	10	Entre aulas e rivalidades	O corredor da Academia de Valdora está cheio. Um colega pede ajuda, outro provoca você e um professor observa de longe, aparentemente interessado em descobrir quem consegue resolver o problema sem transformar tudo em uma briga.	Investigar a situação.	PER>=5	END	xp=7	END	fatigue=1		Continuar seu caminho.	NONE	END	fatigue=0	END	fatigue=1		RANDOM;NARRATIVE	NONE	10
RND_1053	CITY	COMMON	ANY	Lyrien	Aerocivitus	1	91	10	Pedido inesperado	Aerocivitus segue sua rotina, mas pequenos detalhes chamam sua atenção. Um comerciante fala baixo, um viajante observa a estrada e uma oportunidade aparece onde você menos esperava. Em Altheria, até um dia comum pode deixar uma marca.	Investigar a situação.	PER>=5	END	xp=3	END	fatigue=1		Continuar seu caminho.	NONE	END	fatigue=0	END	fatigue=1		RANDOM;NARRATIVE	NONE	3
RND_1054	ROAD	COMMON	ANY	Myrthos	Sem nome definido	6	128	14	Pedido inesperado	Sem nome definido segue sua rotina, mas pequenos detalhes chamam sua atenção. Um comerciante fala baixo, um viajante observa a estrada e uma oportunidade aparece onde você menos esperava. Em Altheria, até um dia comum pode deixar uma marca.	Investigar a situação.	PER>=5	END	xp=3	END	fatigue=1		Continuar seu caminho.	NONE	END	fatigue=0	END	fatigue=1		RANDOM;NARRATIVE	NONE	14
RND_1055	ROAD	COMMON	ANY	Aeloria	Ulthmere	7	71	5	Sinais na fronteira	Ulthmere segue sua rotina, mas pequenos detalhes chamam sua atenção. Um comerciante fala baixo, um viajante observa a estrada e uma oportunidade aparece onde você menos esperava. Em Altheria, até um dia comum pode deixar uma marca.	Investigar a situação.	PER>=5	END	xp=7	END	fatigue=1		Continuar seu caminho.	NONE	END	fatigue=0	END	fatigue=1		RANDOM;NARRATIVE	NONE	4
RND_1056	GUILD	COMMON	ANY	Aeloria	Crestwyn	6	103	10	Uma manhã que parecia comum	Crestwyn segue sua rotina, mas pequenos detalhes chamam sua atenção. Um comerciante fala baixo, um viajante observa a estrada e uma oportunidade aparece onde você menos esperava. Em Altheria, até um dia comum pode deixar uma marca.	Investigar a situação.	PER>=5	END	xp=2	END	fatigue=1		Continuar seu caminho.	NONE	END	fatigue=0	END	fatigue=1		RANDOM;NARRATIVE	NONE	12
RND_1057	ACADEMIC	COMMON	ANY	Myrthos	Sem nome definido	7	113	4	Entre aulas e rivalidades	O corredor da Academia de Valdora está cheio. Um colega pede ajuda, outro provoca você e um professor observa de longe, aparentemente interessado em descobrir quem consegue resolver o problema sem transformar tudo em uma briga.	Investigar a situação.	PER>=5	END	xp=4	END	fatigue=1		Continuar seu caminho.	NONE	END	fatigue=0	END	fatigue=1		RANDOM;NARRATIVE	NONE	8
RND_1058	CITY	COMMON	ANY	Zarim	Fornalia	1	46	12	Mercadoria esquecida	Fornalia segue sua rotina, mas pequenos detalhes chamam sua atenção. Um comerciante fala baixo, um viajante observa a estrada e uma oportunidade aparece onde você menos esperava. Em Altheria, até um dia comum pode deixar uma marca.	Investigar a situação.	PER>=5	END	xp=2	END	fatigue=1		Continuar seu caminho.	NONE	END	fatigue=0	END	fatigue=1		RANDOM;NARRATIVE	NONE	9
RND_1059	ROAD	COMMON	ANY	Eshmara	Brumas	4	122	12	Mercadoria esquecida	Brumas segue sua rotina, mas pequenos detalhes chamam sua atenção. Um comerciante fala baixo, um viajante observa a estrada e uma oportunidade aparece onde você menos esperava. Em Altheria, até um dia comum pode deixar uma marca.	Investigar a situação.	PER>=5	END	xp=2	END	fatigue=1		Continuar seu caminho.	NONE	END	fatigue=0	END	fatigue=1		RANDOM;NARRATIVE	NONE	18
RND_1060	MONSTER	COMMON	ANY	Zarim	Fornalia	3	48	4	Rastros na estrada — Djinn	As marcas no barro contam uma história antes mesmo de você ver a criatura. Galhos quebrados, um cheiro estranho e o silêncio repentino dos pássaros sugerem que um djinn está próximo. Você pode investigar ou seguir adiante.	Investigar a situação.	PER>=5	END	xp=3	END	fatigue=1	AEL_MON_0001	Continuar seu caminho.	NONE	END	fatigue=0	END	fatigue=1		RANDOM;NARRATIVE	NONE	19
RND_1061	OPPORTUNITY	COMMON	ANY	Kethruun	Sandbones	6	125	10	Rumor de taverna	Sandbones segue sua rotina, mas pequenos detalhes chamam sua atenção. Um comerciante fala baixo, um viajante observa a estrada e uma oportunidade aparece onde você menos esperava. Em Altheria, até um dia comum pode deixar uma marca.	Investigar a situação.	PER>=5	END	xp=8	END	fatigue=1		Continuar seu caminho.	NONE	END	fatigue=0	END	fatigue=1		RANDOM;NARRATIVE	NONE	11
RND_1062	ACADEMIC	COMMON	ANY	Myrthos	Sem nome definido	7	96	12	Entre aulas e rivalidades	O corredor da Academia de Valdora está cheio. Um colega pede ajuda, outro provoca você e um professor observa de longe, aparentemente interessado em descobrir quem consegue resolver o problema sem transformar tudo em uma briga.	Investigar a situação.	PER>=5	END	xp=6	END	fatigue=1		Continuar seu caminho.	NONE	END	fatigue=0	END	fatigue=1		RANDOM;NARRATIVE	NONE	14
RND_1063	SOCIAL	COMMON	ANY	Myrthos	Sem nome definido	8	60	4	Uma pessoa à beira da estrada	A poucos passos da estrada, uma pessoa surge ofegante. Ela conta que alguém levou seu filho e aponta para a trilha ainda recente. A distância é pequena; o problema é que você não sabe o que encontrará no fim dela.	Investigar a situação.	PER>=5	END	xp=5	END	fatigue=1		Continuar seu caminho.	NONE	END	fatigue=0	END	fatigue=1		RANDOM;NARRATIVE	NONE	10
RND_1064	OPPORTUNITY	COMMON	ANY	Zarim	Fornalia	4	121	14	Mercadoria esquecida	Fornalia segue sua rotina, mas pequenos detalhes chamam sua atenção. Um comerciante fala baixo, um viajante observa a estrada e uma oportunidade aparece onde você menos esperava. Em Altheria, até um dia comum pode deixar uma marca.	Investigar a situação.	PER>=5	END	xp=2	END	fatigue=1		Continuar seu caminho.	NONE	END	fatigue=0	END	fatigue=1		RANDOM;NARRATIVE	NONE	13
RND_1065	CITY	COMMON	ANY	Eshmara	Brumas	5	88	8	Rumor de taverna	Brumas segue sua rotina, mas pequenos detalhes chamam sua atenção. Um comerciante fala baixo, um viajante observa a estrada e uma oportunidade aparece onde você menos esperava. Em Altheria, até um dia comum pode deixar uma marca.	Investigar a situação.	PER>=5	END	xp=1	END	fatigue=1		Continuar seu caminho.	NONE	END	fatigue=0	END	fatigue=1		RANDOM;NARRATIVE	NONE	3
RND_1066	CITY	COMMON	ANY	Kethruun	Sandbones	8	110	11	Sinais na fronteira	Sandbones segue sua rotina, mas pequenos detalhes chamam sua atenção. Um comerciante fala baixo, um viajante observa a estrada e uma oportunidade aparece onde você menos esperava. Em Altheria, até um dia comum pode deixar uma marca.	Investigar a situação.	PER>=5	END	xp=8	END	fatigue=1		Continuar seu caminho.	NONE	END	fatigue=0	END	fatigue=1		RANDOM;NARRATIVE	NONE	11
RND_1067	ACADEMIC	COMMON	ANY	Zarim	Fornalia	6	41	5	Entre aulas e rivalidades	O corredor da Academia de Valdora está cheio. Um colega pede ajuda, outro provoca você e um professor observa de longe, aparentemente interessado em descobrir quem consegue resolver o problema sem transformar tudo em uma briga.	Investigar a situação.	PER>=5	END	xp=1	END	fatigue=1		Continuar seu caminho.	NONE	END	fatigue=0	END	fatigue=1		RANDOM;NARRATIVE	NONE	16
RND_1068	ROAD	COMMON	ANY	Orinthal	Crystalia	8	107	14	Pedido inesperado	Crystalia segue sua rotina, mas pequenos detalhes chamam sua atenção. Um comerciante fala baixo, um viajante observa a estrada e uma oportunidade aparece onde você menos esperava. Em Altheria, até um dia comum pode deixar uma marca.	Investigar a situação.	PER>=5	END	xp=2	END	fatigue=1		Continuar seu caminho.	NONE	END	fatigue=0	END	fatigue=1		RANDOM;NARRATIVE	NONE	14
RND_1069	OPPORTUNITY	COMMON	ANY	Eshmara	Brumas	7	67	6	Mercadoria esquecida	Brumas segue sua rotina, mas pequenos detalhes chamam sua atenção. Um comerciante fala baixo, um viajante observa a estrada e uma oportunidade aparece onde você menos esperava. Em Altheria, até um dia comum pode deixar uma marca.	Investigar a situação.	PER>=5	END	xp=6	END	fatigue=1		Continuar seu caminho.	NONE	END	fatigue=0	END	fatigue=1		RANDOM;NARRATIVE	NONE	7
RND_1070	GUILD	COMMON	ANY	Myrthos	Sem nome definido	5	122	13	Uma manhã que parecia comum	Sem nome definido segue sua rotina, mas pequenos detalhes chamam sua atenção. Um comerciante fala baixo, um viajante observa a estrada e uma oportunidade aparece onde você menos esperava. Em Altheria, até um dia comum pode deixar uma marca.	Investigar a situação.	PER>=5	END	xp=1	END	fatigue=1		Continuar seu caminho.	NONE	END	fatigue=0	END	fatigue=1		RANDOM;NARRATIVE	NONE	9
RND_1071	GUILD	COMMON	ANY	Myrthos	Sem nome definido	7	16	9	Rumor de taverna	Sem nome definido segue sua rotina, mas pequenos detalhes chamam sua atenção. Um comerciante fala baixo, um viajante observa a estrada e uma oportunidade aparece onde você menos esperava. Em Altheria, até um dia comum pode deixar uma marca.	Investigar a situação.	PER>=5	END	xp=4	END	fatigue=1		Continuar seu caminho.	NONE	END	fatigue=0	END	fatigue=1		RANDOM;NARRATIVE	NONE	8
RND_1072	GUILD	COMMON	ANY	Nyssara	Emerald Tide	7	46	5	Sinais na fronteira	Emerald Tide segue sua rotina, mas pequenos detalhes chamam sua atenção. Um comerciante fala baixo, um viajante observa a estrada e uma oportunidade aparece onde você menos esperava. Em Altheria, até um dia comum pode deixar uma marca.	Investigar a situação.	PER>=5	END	xp=2	END	fatigue=1		Continuar seu caminho.	NONE	END	fatigue=0	END	fatigue=1		RANDOM;NARRATIVE	NONE	19
RND_1073	ACADEMIC	COMMON	ANY	Myrthos	Sem nome definido	5	51	10	Entre aulas e rivalidades	O corredor da Academia de Valdora está cheio. Um colega pede ajuda, outro provoca você e um professor observa de longe, aparentemente interessado em descobrir quem consegue resolver o problema sem transformar tudo em uma briga.	Investigar a situação.	PER>=5	END	xp=2	END	fatigue=1		Continuar seu caminho.	NONE	END	fatigue=0	END	fatigue=1		RANDOM;NARRATIVE	NONE	3
RND_1074	ACADEMIC	COMMON	ANY	Valkyrion	Volmeria	3	52	7	Entre aulas e rivalidades	O corredor da Academia de Valdora está cheio. Um colega pede ajuda, outro provoca você e um professor observa de longe, aparentemente interessado em descobrir quem consegue resolver o problema sem transformar tudo em uma briga.	Investigar a situação.	PER>=5	END	xp=6	END	fatigue=1		Continuar seu caminho.	NONE	END	fatigue=0	END	fatigue=1		RANDOM;NARRATIVE	NONE	6
RND_1075	ROAD	COMMON	ANY	Kethruun	Sandbones	6	103	2	Uma porta entreaberta	Sandbones segue sua rotina, mas pequenos detalhes chamam sua atenção. Um comerciante fala baixo, um viajante observa a estrada e uma oportunidade aparece onde você menos esperava. Em Altheria, até um dia comum pode deixar uma marca.	Investigar a situação.	PER>=5	END	xp=7	END	fatigue=1		Continuar seu caminho.	NONE	END	fatigue=0	END	fatigue=1		RANDOM;NARRATIVE	NONE	5
RND_1076	CITY	COMMON	ANY	Kethruun	Sandbones	3	104	11	Pedido inesperado	Sandbones segue sua rotina, mas pequenos detalhes chamam sua atenção. Um comerciante fala baixo, um viajante observa a estrada e uma oportunidade aparece onde você menos esperava. Em Altheria, até um dia comum pode deixar uma marca.	Investigar a situação.	PER>=5	END	xp=6	END	fatigue=1		Continuar seu caminho.	NONE	END	fatigue=0	END	fatigue=1		RANDOM;NARRATIVE	NONE	15
RND_1077	CITY	COMMON	ANY	Eshmara	Brumas	6	10	8	Uma porta entreaberta	Brumas segue sua rotina, mas pequenos detalhes chamam sua atenção. Um comerciante fala baixo, um viajante observa a estrada e uma oportunidade aparece onde você menos esperava. Em Altheria, até um dia comum pode deixar uma marca.	Investigar a situação.	PER>=5	END	xp=7	END	fatigue=1		Continuar seu caminho.	NONE	END	fatigue=0	END	fatigue=1		RANDOM;NARRATIVE	NONE	6
RND_1078	MONSTER	COMMON	ANY	Nyssara	Emerald Tide	4	4	7	Rastros na estrada — Wolf	As marcas no barro contam uma história antes mesmo de você ver a criatura. Galhos quebrados, um cheiro estranho e o silêncio repentino dos pássaros sugerem que um wolf está próximo. Você pode investigar ou seguir adiante.	Investigar a situação.	PER>=5	END	xp=5	END	fatigue=1	AEL_MON_0001	Continuar seu caminho.	NONE	END	fatigue=0	END	fatigue=1		RANDOM;NARRATIVE	NONE	10
RND_1079	MONSTER	COMMON	ANY	Orinthal	Crystalia	4	149	12	Rastros na estrada — Drake	As marcas no barro contam uma história antes mesmo de você ver a criatura. Galhos quebrados, um cheiro estranho e o silêncio repentino dos pássaros sugerem que um drake está próximo. Você pode investigar ou seguir adiante.	Investigar a situação.	PER>=5	END	xp=4	END	fatigue=1	AEL_MON_0001	Continuar seu caminho.	NONE	END	fatigue=0	END	fatigue=1		RANDOM;NARRATIVE	NONE	6
RND_1080	SOCIAL	COMMON	ANY	Nyssara	Emerald Tide	2	66	8	Uma pessoa à beira da estrada	A poucos passos da estrada, uma pessoa surge ofegante. Ela conta que alguém levou seu filho e aponta para a trilha ainda recente. A distância é pequena; o problema é que você não sabe o que encontrará no fim dela.	Investigar a situação.	PER>=5	END	xp=4	END	fatigue=1		Continuar seu caminho.	NONE	END	fatigue=0	END	fatigue=1		RANDOM;NARRATIVE	NONE	16
RND_1081	MONSTER	COMMON	ANY	Orinthal	Crystalia	6	119	14	Rastros na estrada — Behemoth	As marcas no barro contam uma história antes mesmo de você ver a criatura. Galhos quebrados, um cheiro estranho e o silêncio repentino dos pássaros sugerem que um behemoth está próximo. Você pode investigar ou seguir adiante.	Investigar a situação.	PER>=5	END	xp=2	END	fatigue=1	AEL_MON_0001	Continuar seu caminho.	NONE	END	fatigue=0	END	fatigue=1		RANDOM;NARRATIVE	NONE	18
RND_1082	CITY	COMMON	ANY	Lyrien	Aerocivitus	6	37	2	Sinais na fronteira	Aerocivitus segue sua rotina, mas pequenos detalhes chamam sua atenção. Um comerciante fala baixo, um viajante observa a estrada e uma oportunidade aparece onde você menos esperava. Em Altheria, até um dia comum pode deixar uma marca.	Investigar a situação.	PER>=5	END	xp=7	END	fatigue=1		Continuar seu caminho.	NONE	END	fatigue=0	END	fatigue=1		RANDOM;NARRATIVE	NONE	3
RND_1083	SOCIAL	COMMON	ANY	Tharun	Stone-Âmbar	2	130	10	Uma pessoa à beira da estrada	A poucos passos da estrada, uma pessoa surge ofegante. Ela conta que alguém levou seu filho e aponta para a trilha ainda recente. A distância é pequena; o problema é que você não sabe o que encontrará no fim dela.	Investigar a situação.	PER>=5	END	xp=5	END	fatigue=1		Continuar seu caminho.	NONE	END	fatigue=0	END	fatigue=1		RANDOM;NARRATIVE	NONE	6
RND_1084	SOCIAL	COMMON	ANY	Kethruun	Sandbones	8	132	13	Uma pessoa à beira da estrada	A poucos passos da estrada, uma pessoa surge ofegante. Ela conta que alguém levou seu filho e aponta para a trilha ainda recente. A distância é pequena; o problema é que você não sabe o que encontrará no fim dela.	Investigar a situação.	PER>=5	END	xp=4	END	fatigue=1		Continuar seu caminho.	NONE	END	fatigue=0	END	fatigue=1		RANDOM;NARRATIVE	NONE	16
RND_1085	ACADEMIC	COMMON	ANY	Lyrien	Aerocivitus	8	10	14	Entre aulas e rivalidades	O corredor da Academia de Valdora está cheio. Um colega pede ajuda, outro provoca você e um professor observa de longe, aparentemente interessado em descobrir quem consegue resolver o problema sem transformar tudo em uma briga.	Investigar a situação.	PER>=5	END	xp=8	END	fatigue=1		Continuar seu caminho.	NONE	END	fatigue=0	END	fatigue=1		RANDOM;NARRATIVE	NONE	13
RND_1086	ROAD	COMMON	ANY	Myrthos	Sem nome definido	6	149	3	Uma porta entreaberta	Sem nome definido segue sua rotina, mas pequenos detalhes chamam sua atenção. Um comerciante fala baixo, um viajante observa a estrada e uma oportunidade aparece onde você menos esperava. Em Altheria, até um dia comum pode deixar uma marca.	Investigar a situação.	PER>=5	END	xp=8	END	fatigue=1		Continuar seu caminho.	NONE	END	fatigue=0	END	fatigue=1		RANDOM;NARRATIVE	NONE	6
RND_1087	ROAD	COMMON	ANY	Nyssara	Emerald Tide	1	103	9	Pedido inesperado	Emerald Tide segue sua rotina, mas pequenos detalhes chamam sua atenção. Um comerciante fala baixo, um viajante observa a estrada e uma oportunidade aparece onde você menos esperava. Em Altheria, até um dia comum pode deixar uma marca.	Investigar a situação.	PER>=5	END	xp=8	END	fatigue=1		Continuar seu caminho.	NONE	END	fatigue=0	END	fatigue=1		RANDOM;NARRATIVE	NONE	18
RND_1088	ACADEMIC	COMMON	ANY	Tharun	Stone-Âmbar	3	6	10	Entre aulas e rivalidades	O corredor da Academia de Valdora está cheio. Um colega pede ajuda, outro provoca você e um professor observa de longe, aparentemente interessado em descobrir quem consegue resolver o problema sem transformar tudo em uma briga.	Investigar a situação.	PER>=5	END	xp=8	END	fatigue=1		Continuar seu caminho.	NONE	END	fatigue=0	END	fatigue=1		RANDOM;NARRATIVE	NONE	18
RND_1089	ACADEMIC	COMMON	ANY	Orinthal	Crystalia	3	95	14	Entre aulas e rivalidades	O corredor da Academia de Valdora está cheio. Um colega pede ajuda, outro provoca você e um professor observa de longe, aparentemente interessado em descobrir quem consegue resolver o problema sem transformar tudo em uma briga.	Investigar a situação.	PER>=5	END	xp=7	END	fatigue=1		Continuar seu caminho.	NONE	END	fatigue=0	END	fatigue=1		RANDOM;NARRATIVE	NONE	13
RND_1090	ACADEMIC	COMMON	ANY	Orinthal	Crystalia	8	81	6	Entre aulas e rivalidades	O corredor da Academia de Valdora está cheio. Um colega pede ajuda, outro provoca você e um professor observa de longe, aparentemente interessado em descobrir quem consegue resolver o problema sem transformar tudo em uma briga.	Investigar a situação.	PER>=5	END	xp=7	END	fatigue=1		Continuar seu caminho.	NONE	END	fatigue=0	END	fatigue=1		RANDOM;NARRATIVE	NONE	16
RND_1091	SOCIAL	COMMON	ANY	Tharun	Stone-Âmbar	8	92	10	Uma pessoa à beira da estrada	A poucos passos da estrada, uma pessoa surge ofegante. Ela conta que alguém levou seu filho e aponta para a trilha ainda recente. A distância é pequena; o problema é que você não sabe o que encontrará no fim dela.	Investigar a situação.	PER>=5	END	xp=2	END	fatigue=1		Continuar seu caminho.	NONE	END	fatigue=0	END	fatigue=1		RANDOM;NARRATIVE	NONE	7
RND_1092	ROAD	COMMON	ANY	Zarim	Fornalia	2	139	14	Uma porta entreaberta	Fornalia segue sua rotina, mas pequenos detalhes chamam sua atenção. Um comerciante fala baixo, um viajante observa a estrada e uma oportunidade aparece onde você menos esperava. Em Altheria, até um dia comum pode deixar uma marca.	Investigar a situação.	PER>=5	END	xp=6	END	fatigue=1		Continuar seu caminho.	NONE	END	fatigue=0	END	fatigue=1		RANDOM;NARRATIVE	NONE	7
RND_1093	ACADEMIC	COMMON	ANY	Eshmara	Brumas	3	24	7	Entre aulas e rivalidades	O corredor da Academia de Valdora está cheio. Um colega pede ajuda, outro provoca você e um professor observa de longe, aparentemente interessado em descobrir quem consegue resolver o problema sem transformar tudo em uma briga.	Investigar a situação.	PER>=5	END	xp=3	END	fatigue=1		Continuar seu caminho.	NONE	END	fatigue=0	END	fatigue=1		RANDOM;NARRATIVE	NONE	11
RND_1094	MONSTER	COMMON	ANY	Kethruun	Sandbones	3	33	11	Rastros na estrada — Sprite	As marcas no barro contam uma história antes mesmo de você ver a criatura. Galhos quebrados, um cheiro estranho e o silêncio repentino dos pássaros sugerem que um sprite está próximo. Você pode investigar ou seguir adiante.	Investigar a situação.	PER>=5	END	xp=5	END	fatigue=1	AEL_MON_0001	Continuar seu caminho.	NONE	END	fatigue=0	END	fatigue=1		RANDOM;NARRATIVE	NONE	4
RND_1095	ROAD	COMMON	ANY	Orinthal	Crystalia	6	2	7	Uma porta entreaberta	Crystalia segue sua rotina, mas pequenos detalhes chamam sua atenção. Um comerciante fala baixo, um viajante observa a estrada e uma oportunidade aparece onde você menos esperava. Em Altheria, até um dia comum pode deixar uma marca.	Investigar a situação.	PER>=5	END	xp=2	END	fatigue=1		Continuar seu caminho.	NONE	END	fatigue=0	END	fatigue=1		RANDOM;NARRATIVE	NONE	10
RND_1096	OPPORTUNITY	COMMON	ANY	Lyrien	Aerocivitus	6	59	12	Uma manhã que parecia comum	Aerocivitus segue sua rotina, mas pequenos detalhes chamam sua atenção. Um comerciante fala baixo, um viajante observa a estrada e uma oportunidade aparece onde você menos esperava. Em Altheria, até um dia comum pode deixar uma marca.	Investigar a situação.	PER>=5	END	xp=6	END	fatigue=1		Continuar seu caminho.	NONE	END	fatigue=0	END	fatigue=1		RANDOM;NARRATIVE	NONE	11
RND_1097	ROAD	COMMON	ANY	Lyrien	Aerocivitus	6	94	4	Uma manhã que parecia comum	Aerocivitus segue sua rotina, mas pequenos detalhes chamam sua atenção. Um comerciante fala baixo, um viajante observa a estrada e uma oportunidade aparece onde você menos esperava. Em Altheria, até um dia comum pode deixar uma marca.	Investigar a situação.	PER>=5	END	xp=3	END	fatigue=1		Continuar seu caminho.	NONE	END	fatigue=0	END	fatigue=1		RANDOM;NARRATIVE	NONE	15
RND_1098	ROAD	COMMON	ANY	Tharun	Stone-Âmbar	8	82	2	Uma manhã que parecia comum	Stone-Âmbar segue sua rotina, mas pequenos detalhes chamam sua atenção. Um comerciante fala baixo, um viajante observa a estrada e uma oportunidade aparece onde você menos esperava. Em Altheria, até um dia comum pode deixar uma marca.	Investigar a situação.	PER>=5	END	xp=7	END	fatigue=1		Continuar seu caminho.	NONE	END	fatigue=0	END	fatigue=1		RANDOM;NARRATIVE	NONE	7
RND_1099	ROAD	COMMON	ANY	Tharun	Stone-Âmbar	5	84	6	Uma manhã que parecia comum	Stone-Âmbar segue sua rotina, mas pequenos detalhes chamam sua atenção. Um comerciante fala baixo, um viajante observa a estrada e uma oportunidade aparece onde você menos esperava. Em Altheria, até um dia comum pode deixar uma marca.	Investigar a situação.	PER>=5	END	xp=7	END	fatigue=1		Continuar seu caminho.	NONE	END	fatigue=0	END	fatigue=1		RANDOM;NARRATIVE	NONE	19
RND_1100	SOCIAL	COMMON	ANY	Tharun	Stone-Âmbar	5	97	8	Uma pessoa à beira da estrada	A poucos passos da estrada, uma pessoa surge ofegante. Ela conta que alguém levou seu filho e aponta para a trilha ainda recente. A distância é pequena; o problema é que você não sabe o que encontrará no fim dela.	Investigar a situação.	PER>=5	END	xp=1	END	fatigue=1		Continuar seu caminho.	NONE	END	fatigue=0	END	fatigue=1		RANDOM;NARRATIVE	NONE	15
RND_1101	CITY	COMMON	ANY	Aeloria	Sylthar	7	95	13	Mercadoria esquecida	Sylthar segue sua rotina, mas pequenos detalhes chamam sua atenção. Um comerciante fala baixo, um viajante observa a estrada e uma oportunidade aparece onde você menos esperava. Em Altheria, até um dia comum pode deixar uma marca.	Investigar a situação.	PER>=5	END	xp=4	END	fatigue=1		Continuar seu caminho.	NONE	END	fatigue=0	END	fatigue=1		RANDOM;NARRATIVE	NONE	8
RND_1102	SOCIAL	COMMON	ANY	Eshmara	Brumas	8	34	3	Uma pessoa à beira da estrada	A poucos passos da estrada, uma pessoa surge ofegante. Ela conta que alguém levou seu filho e aponta para a trilha ainda recente. A distância é pequena; o problema é que você não sabe o que encontrará no fim dela.	Investigar a situação.	PER>=5	END	xp=8	END	fatigue=1		Continuar seu caminho.	NONE	END	fatigue=0	END	fatigue=1		RANDOM;NARRATIVE	NONE	12
RND_1103	ACADEMIC	COMMON	ANY	Lyrien	Aerocivitus	6	136	2	Entre aulas e rivalidades	O corredor da Academia de Valdora está cheio. Um colega pede ajuda, outro provoca você e um professor observa de longe, aparentemente interessado em descobrir quem consegue resolver o problema sem transformar tudo em uma briga.	Investigar a situação.	PER>=5	END	xp=6	END	fatigue=1		Continuar seu caminho.	NONE	END	fatigue=0	END	fatigue=1		RANDOM;NARRATIVE	NONE	6
RND_1104	ACADEMIC	COMMON	ANY	Zarim	Fornalia	8	96	10	Entre aulas e rivalidades	O corredor da Academia de Valdora está cheio. Um colega pede ajuda, outro provoca você e um professor observa de longe, aparentemente interessado em descobrir quem consegue resolver o problema sem transformar tudo em uma briga.	Investigar a situação.	PER>=5	END	xp=6	END	fatigue=1		Continuar seu caminho.	NONE	END	fatigue=0	END	fatigue=1		RANDOM;NARRATIVE	NONE	9
RND_1105	CITY	COMMON	ANY	Myrthos	Sem nome definido	7	30	11	Mercadoria esquecida	Sem nome definido segue sua rotina, mas pequenos detalhes chamam sua atenção. Um comerciante fala baixo, um viajante observa a estrada e uma oportunidade aparece onde você menos esperava. Em Altheria, até um dia comum pode deixar uma marca.	Investigar a situação.	PER>=5	END	xp=3	END	fatigue=1		Continuar seu caminho.	NONE	END	fatigue=0	END	fatigue=1		RANDOM;NARRATIVE	NONE	4
RND_1106	ROAD	COMMON	ANY	Eshmara	Brumas	6	133	4	Pedido inesperado	Brumas segue sua rotina, mas pequenos detalhes chamam sua atenção. Um comerciante fala baixo, um viajante observa a estrada e uma oportunidade aparece onde você menos esperava. Em Altheria, até um dia comum pode deixar uma marca.	Investigar a situação.	PER>=5	END	xp=4	END	fatigue=1		Continuar seu caminho.	NONE	END	fatigue=0	END	fatigue=1		RANDOM;NARRATIVE	NONE	10
RND_1107	GUILD	COMMON	ANY	Lyrien	Aerocivitus	8	76	2	Sinais na fronteira	Aerocivitus segue sua rotina, mas pequenos detalhes chamam sua atenção. Um comerciante fala baixo, um viajante observa a estrada e uma oportunidade aparece onde você menos esperava. Em Altheria, até um dia comum pode deixar uma marca.	Investigar a situação.	PER>=5	END	xp=8	END	fatigue=1		Continuar seu caminho.	NONE	END	fatigue=0	END	fatigue=1		RANDOM;NARRATIVE	NONE	15
RND_1108	OPPORTUNITY	COMMON	ANY	Eshmara	Brumas	4	63	3	Pedido inesperado	Brumas segue sua rotina, mas pequenos detalhes chamam sua atenção. Um comerciante fala baixo, um viajante observa a estrada e uma oportunidade aparece onde você menos esperava. Em Altheria, até um dia comum pode deixar uma marca.	Investigar a situação.	PER>=5	END	xp=1	END	fatigue=1		Continuar seu caminho.	NONE	END	fatigue=0	END	fatigue=1		RANDOM;NARRATIVE	NONE	12
RND_1109	SOCIAL	COMMON	ANY	Tharun	Stone-Âmbar	3	111	14	Uma pessoa à beira da estrada	A poucos passos da estrada, uma pessoa surge ofegante. Ela conta que alguém levou seu filho e aponta para a trilha ainda recente. A distância é pequena; o problema é que você não sabe o que encontrará no fim dela.	Investigar a situação.	PER>=5	END	xp=1	END	fatigue=1		Continuar seu caminho.	NONE	END	fatigue=0	END	fatigue=1		RANDOM;NARRATIVE	NONE	19
RND_1110	GUILD	COMMON	ANY	Kethruun	Sandbones	6	109	3	Uma porta entreaberta	Sandbones segue sua rotina, mas pequenos detalhes chamam sua atenção. Um comerciante fala baixo, um viajante observa a estrada e uma oportunidade aparece onde você menos esperava. Em Altheria, até um dia comum pode deixar uma marca.	Investigar a situação.	PER>=5	END	xp=6	END	fatigue=1		Continuar seu caminho.	NONE	END	fatigue=0	END	fatigue=1		RANDOM;NARRATIVE	NONE	5
RND_1111	GUILD	COMMON	ANY	Eshmara	Brumas	7	76	4	Mercadoria esquecida	Brumas segue sua rotina, mas pequenos detalhes chamam sua atenção. Um comerciante fala baixo, um viajante observa a estrada e uma oportunidade aparece onde você menos esperava. Em Altheria, até um dia comum pode deixar uma marca.	Investigar a situação.	PER>=5	END	xp=2	END	fatigue=1		Continuar seu caminho.	NONE	END	fatigue=0	END	fatigue=1		RANDOM;NARRATIVE	NONE	4
RND_1112	ACADEMIC	COMMON	ANY	Valkyrion	Volmeria	7	12	12	Entre aulas e rivalidades	O corredor da Academia de Valdora está cheio. Um colega pede ajuda, outro provoca você e um professor observa de longe, aparentemente interessado em descobrir quem consegue resolver o problema sem transformar tudo em uma briga.	Investigar a situação.	PER>=5	END	xp=4	END	fatigue=1		Continuar seu caminho.	NONE	END	fatigue=0	END	fatigue=1		RANDOM;NARRATIVE	NONE	13
RND_1113	SOCIAL	COMMON	ANY	Aeloria	Umbravale	1	80	12	Uma pessoa à beira da estrada	A poucos passos da estrada, uma pessoa surge ofegante. Ela conta que alguém levou seu filho e aponta para a trilha ainda recente. A distância é pequena; o problema é que você não sabe o que encontrará no fim dela.	Investigar a situação.	PER>=5	END	xp=7	END	fatigue=1		Continuar seu caminho.	NONE	END	fatigue=0	END	fatigue=1		RANDOM;NARRATIVE	NONE	19
RND_1114	ACADEMIC	COMMON	ANY	Eshmara	Brumas	1	22	7	Entre aulas e rivalidades	O corredor da Academia de Valdora está cheio. Um colega pede ajuda, outro provoca você e um professor observa de longe, aparentemente interessado em descobrir quem consegue resolver o problema sem transformar tudo em uma briga.	Investigar a situação.	PER>=5	END	xp=6	END	fatigue=1		Continuar seu caminho.	NONE	END	fatigue=0	END	fatigue=1		RANDOM;NARRATIVE	NONE	7
RND_1115	OPPORTUNITY	COMMON	ANY	Kethruun	Sandbones	3	4	4	Uma porta entreaberta	Sandbones segue sua rotina, mas pequenos detalhes chamam sua atenção. Um comerciante fala baixo, um viajante observa a estrada e uma oportunidade aparece onde você menos esperava. Em Altheria, até um dia comum pode deixar uma marca.	Investigar a situação.	PER>=5	END	xp=6	END	fatigue=1		Continuar seu caminho.	NONE	END	fatigue=0	END	fatigue=1		RANDOM;NARRATIVE	NONE	7
RND_1116	MONSTER	COMMON	ANY	Kethruun	Sandbones	3	18	6	Rastros na estrada — Wyrm	As marcas no barro contam uma história antes mesmo de você ver a criatura. Galhos quebrados, um cheiro estranho e o silêncio repentino dos pássaros sugerem que um wyrm está próximo. Você pode investigar ou seguir adiante.	Investigar a situação.	PER>=5	END	xp=7	END	fatigue=1	AEL_MON_0001	Continuar seu caminho.	NONE	END	fatigue=0	END	fatigue=1		RANDOM;NARRATIVE	NONE	6
RND_1117	ROAD	COMMON	ANY	Aeloria	Sylthar	2	77	14	Uma manhã que parecia comum	Sylthar segue sua rotina, mas pequenos detalhes chamam sua atenção. Um comerciante fala baixo, um viajante observa a estrada e uma oportunidade aparece onde você menos esperava. Em Altheria, até um dia comum pode deixar uma marca.	Investigar a situação.	PER>=5	END	xp=5	END	fatigue=1		Continuar seu caminho.	NONE	END	fatigue=0	END	fatigue=1		RANDOM;NARRATIVE	NONE	19
RND_1118	MONSTER	COMMON	ANY	Myrthos	Sem nome definido	6	86	5	Rastros na estrada — Nightmare	As marcas no barro contam uma história antes mesmo de você ver a criatura. Galhos quebrados, um cheiro estranho e o silêncio repentino dos pássaros sugerem que um nightmare está próximo. Você pode investigar ou seguir adiante.	Investigar a situação.	PER>=5	END	xp=6	END	fatigue=1	AEL_MON_0001	Continuar seu caminho.	NONE	END	fatigue=0	END	fatigue=1		RANDOM;NARRATIVE	NONE	16
RND_1119	OPPORTUNITY	COMMON	ANY	Nyssara	Emerald Tide	6	88	14	Rumor de taverna	Emerald Tide segue sua rotina, mas pequenos detalhes chamam sua atenção. Um comerciante fala baixo, um viajante observa a estrada e uma oportunidade aparece onde você menos esperava. Em Altheria, até um dia comum pode deixar uma marca.	Investigar a situação.	PER>=5	END	xp=2	END	fatigue=1		Continuar seu caminho.	NONE	END	fatigue=0	END	fatigue=1		RANDOM;NARRATIVE	NONE	5
RND_1120	OPPORTUNITY	COMMON	ANY	Kethruun	Sandbones	7	144	2	Sinais na fronteira	Sandbones segue sua rotina, mas pequenos detalhes chamam sua atenção. Um comerciante fala baixo, um viajante observa a estrada e uma oportunidade aparece onde você menos esperava. Em Altheria, até um dia comum pode deixar uma marca.	Investigar a situação.	PER>=5	END	xp=1	END	fatigue=1		Continuar seu caminho.	NONE	END	fatigue=0	END	fatigue=1		RANDOM;NARRATIVE	NONE	9
RND_1121	ROAD	COMMON	ANY	Orinthal	Crystalia	5	39	3	Pedido inesperado	Crystalia segue sua rotina, mas pequenos detalhes chamam sua atenção. Um comerciante fala baixo, um viajante observa a estrada e uma oportunidade aparece onde você menos esperava. Em Altheria, até um dia comum pode deixar uma marca.	Investigar a situação.	PER>=5	END	xp=2	END	fatigue=1		Continuar seu caminho.	NONE	END	fatigue=0	END	fatigue=1		RANDOM;NARRATIVE	NONE	11
RND_1122	GUILD	COMMON	ANY	Tharun	Stone-Âmbar	8	12	9	Uma manhã que parecia comum	Stone-Âmbar segue sua rotina, mas pequenos detalhes chamam sua atenção. Um comerciante fala baixo, um viajante observa a estrada e uma oportunidade aparece onde você menos esperava. Em Altheria, até um dia comum pode deixar uma marca.	Investigar a situação.	PER>=5	END	xp=4	END	fatigue=1		Continuar seu caminho.	NONE	END	fatigue=0	END	fatigue=1		RANDOM;NARRATIVE	NONE	16
RND_1123	CITY	COMMON	ANY	Nyssara	Emerald Tide	5	79	3	Rumor de taverna	Emerald Tide segue sua rotina, mas pequenos detalhes chamam sua atenção. Um comerciante fala baixo, um viajante observa a estrada e uma oportunidade aparece onde você menos esperava. Em Altheria, até um dia comum pode deixar uma marca.	Investigar a situação.	PER>=5	END	xp=5	END	fatigue=1		Continuar seu caminho.	NONE	END	fatigue=0	END	fatigue=1		RANDOM;NARRATIVE	NONE	5
RND_1124	CITY	COMMON	ANY	Eshmara	Brumas	7	44	13	Uma porta entreaberta	Brumas segue sua rotina, mas pequenos detalhes chamam sua atenção. Um comerciante fala baixo, um viajante observa a estrada e uma oportunidade aparece onde você menos esperava. Em Altheria, até um dia comum pode deixar uma marca.	Investigar a situação.	PER>=5	END	xp=4	END	fatigue=1		Continuar seu caminho.	NONE	END	fatigue=0	END	fatigue=1		RANDOM;NARRATIVE	NONE	7
RND_1125	CITY	COMMON	ANY	Zarim	Fornalia	8	2	13	Sinais na fronteira	Fornalia segue sua rotina, mas pequenos detalhes chamam sua atenção. Um comerciante fala baixo, um viajante observa a estrada e uma oportunidade aparece onde você menos esperava. Em Altheria, até um dia comum pode deixar uma marca.	Investigar a situação.	PER>=5	END	xp=1	END	fatigue=1		Continuar seu caminho.	NONE	END	fatigue=0	END	fatigue=1		RANDOM;NARRATIVE	NONE	12
RND_1126	CITY	COMMON	ANY	Aeloria	Windralith	1	16	3	Uma manhã que parecia comum	Windralith segue sua rotina, mas pequenos detalhes chamam sua atenção. Um comerciante fala baixo, um viajante observa a estrada e uma oportunidade aparece onde você menos esperava. Em Altheria, até um dia comum pode deixar uma marca.	Investigar a situação.	PER>=5	END	xp=5	END	fatigue=1		Continuar seu caminho.	NONE	END	fatigue=0	END	fatigue=1		RANDOM;NARRATIVE	NONE	18
RND_1127	ROAD	COMMON	ANY	Myrthos	Sem nome definido	2	2	10	Pedido inesperado	Sem nome definido segue sua rotina, mas pequenos detalhes chamam sua atenção. Um comerciante fala baixo, um viajante observa a estrada e uma oportunidade aparece onde você menos esperava. Em Altheria, até um dia comum pode deixar uma marca.	Investigar a situação.	PER>=5	END	xp=3	END	fatigue=1		Continuar seu caminho.	NONE	END	fatigue=0	END	fatigue=1		RANDOM;NARRATIVE	NONE	12
RND_1128	GUILD	COMMON	ANY	Myrthos	Sem nome definido	7	13	7	Rumor de taverna	Sem nome definido segue sua rotina, mas pequenos detalhes chamam sua atenção. Um comerciante fala baixo, um viajante observa a estrada e uma oportunidade aparece onde você menos esperava. Em Altheria, até um dia comum pode deixar uma marca.	Investigar a situação.	PER>=5	END	xp=1	END	fatigue=1		Continuar seu caminho.	NONE	END	fatigue=0	END	fatigue=1		RANDOM;NARRATIVE	NONE	19
RND_1129	SOCIAL	COMMON	ANY	Nyssara	Emerald Tide	3	31	6	Uma pessoa à beira da estrada	A poucos passos da estrada, uma pessoa surge ofegante. Ela conta que alguém levou seu filho e aponta para a trilha ainda recente. A distância é pequena; o problema é que você não sabe o que encontrará no fim dela.	Investigar a situação.	PER>=5	END	xp=2	END	fatigue=1		Continuar seu caminho.	NONE	END	fatigue=0	END	fatigue=1		RANDOM;NARRATIVE	NONE	6
RND_1130	MONSTER	COMMON	ANY	Orinthal	Crystalia	5	64	13	Rastros na estrada — Mooncalf	As marcas no barro contam uma história antes mesmo de você ver a criatura. Galhos quebrados, um cheiro estranho e o silêncio repentino dos pássaros sugerem que um mooncalf está próximo. Você pode investigar ou seguir adiante.	Investigar a situação.	PER>=5	END	xp=3	END	fatigue=1	AEL_MON_0001	Continuar seu caminho.	NONE	END	fatigue=0	END	fatigue=1		RANDOM;NARRATIVE	NONE	19
RND_1131	OPPORTUNITY	COMMON	ANY	Lyrien	Aerocivitus	6	38	8	Uma manhã que parecia comum	Aerocivitus segue sua rotina, mas pequenos detalhes chamam sua atenção. Um comerciante fala baixo, um viajante observa a estrada e uma oportunidade aparece onde você menos esperava. Em Altheria, até um dia comum pode deixar uma marca.	Investigar a situação.	PER>=5	END	xp=7	END	fatigue=1		Continuar seu caminho.	NONE	END	fatigue=0	END	fatigue=1		RANDOM;NARRATIVE	NONE	14
RND_1132	ACADEMIC	COMMON	ANY	Valkyrion	Volmeria	7	110	7	Entre aulas e rivalidades	O corredor da Academia de Valdora está cheio. Um colega pede ajuda, outro provoca você e um professor observa de longe, aparentemente interessado em descobrir quem consegue resolver o problema sem transformar tudo em uma briga.	Investigar a situação.	PER>=5	END	xp=5	END	fatigue=1		Continuar seu caminho.	NONE	END	fatigue=0	END	fatigue=1		RANDOM;NARRATIVE	NONE	10
RND_1133	ROAD	COMMON	ANY	Orinthal	Crystalia	7	122	12	Sinais na fronteira	Crystalia segue sua rotina, mas pequenos detalhes chamam sua atenção. Um comerciante fala baixo, um viajante observa a estrada e uma oportunidade aparece onde você menos esperava. Em Altheria, até um dia comum pode deixar uma marca.	Investigar a situação.	PER>=5	END	xp=5	END	fatigue=1		Continuar seu caminho.	NONE	END	fatigue=0	END	fatigue=1		RANDOM;NARRATIVE	NONE	12
RND_1134	ROAD	COMMON	ANY	Lyrien	Aerocivitus	1	52	5	Pedido inesperado	Aerocivitus segue sua rotina, mas pequenos detalhes chamam sua atenção. Um comerciante fala baixo, um viajante observa a estrada e uma oportunidade aparece onde você menos esperava. Em Altheria, até um dia comum pode deixar uma marca.	Investigar a situação.	PER>=5	END	xp=4	END	fatigue=1		Continuar seu caminho.	NONE	END	fatigue=0	END	fatigue=1		RANDOM;NARRATIVE	NONE	4
RND_1135	SOCIAL	COMMON	ANY	Orinthal	Crystalia	7	3	9	Uma pessoa à beira da estrada	A poucos passos da estrada, uma pessoa surge ofegante. Ela conta que alguém levou seu filho e aponta para a trilha ainda recente. A distância é pequena; o problema é que você não sabe o que encontrará no fim dela.	Investigar a situação.	PER>=5	END	xp=8	END	fatigue=1		Continuar seu caminho.	NONE	END	fatigue=0	END	fatigue=1		RANDOM;NARRATIVE	NONE	9
RND_1136	ACADEMIC	COMMON	ANY	Aeloria	Myrendale	7	20	12	Entre aulas e rivalidades	O corredor da Academia de Valdora está cheio. Um colega pede ajuda, outro provoca você e um professor observa de longe, aparentemente interessado em descobrir quem consegue resolver o problema sem transformar tudo em uma briga.	Investigar a situação.	PER>=5	END	xp=6	END	fatigue=1		Continuar seu caminho.	NONE	END	fatigue=0	END	fatigue=1		RANDOM;NARRATIVE	NONE	8
RND_1137	ACADEMIC	COMMON	ANY	Eshmara	Brumas	6	150	11	Entre aulas e rivalidades	O corredor da Academia de Valdora está cheio. Um colega pede ajuda, outro provoca você e um professor observa de longe, aparentemente interessado em descobrir quem consegue resolver o problema sem transformar tudo em uma briga.	Investigar a situação.	PER>=5	END	xp=7	END	fatigue=1		Continuar seu caminho.	NONE	END	fatigue=0	END	fatigue=1		RANDOM;NARRATIVE	NONE	11
RND_1138	OPPORTUNITY	COMMON	ANY	Orinthal	Crystalia	7	22	6	Sinais na fronteira	Crystalia segue sua rotina, mas pequenos detalhes chamam sua atenção. Um comerciante fala baixo, um viajante observa a estrada e uma oportunidade aparece onde você menos esperava. Em Altheria, até um dia comum pode deixar uma marca.	Investigar a situação.	PER>=5	END	xp=8	END	fatigue=1		Continuar seu caminho.	NONE	END	fatigue=0	END	fatigue=1		RANDOM;NARRATIVE	NONE	10
RND_1139	ROAD	COMMON	ANY	Eshmara	Brumas	3	141	5	Sinais na fronteira	Brumas segue sua rotina, mas pequenos detalhes chamam sua atenção. Um comerciante fala baixo, um viajante observa a estrada e uma oportunidade aparece onde você menos esperava. Em Altheria, até um dia comum pode deixar uma marca.	Investigar a situação.	PER>=5	END	xp=4	END	fatigue=1		Continuar seu caminho.	NONE	END	fatigue=0	END	fatigue=1		RANDOM;NARRATIVE	NONE	4
RND_1140	CITY	COMMON	ANY	Eshmara	Brumas	2	21	14	Sinais na fronteira	Brumas segue sua rotina, mas pequenos detalhes chamam sua atenção. Um comerciante fala baixo, um viajante observa a estrada e uma oportunidade aparece onde você menos esperava. Em Altheria, até um dia comum pode deixar uma marca.	Investigar a situação.	PER>=5	END	xp=8	END	fatigue=1		Continuar seu caminho.	NONE	END	fatigue=0	END	fatigue=1		RANDOM;NARRATIVE	NONE	7
RND_1141	MONSTER	COMMON	ANY	Myrthos	Sem nome definido	1	96	10	Rastros na estrada — Mooncalf	As marcas no barro contam uma história antes mesmo de você ver a criatura. Galhos quebrados, um cheiro estranho e o silêncio repentino dos pássaros sugerem que um mooncalf está próximo. Você pode investigar ou seguir adiante.	Investigar a situação.	PER>=5	END	xp=7	END	fatigue=1	AEL_MON_0001	Continuar seu caminho.	NONE	END	fatigue=0	END	fatigue=1		RANDOM;NARRATIVE	NONE	17
RND_1142	CITY	COMMON	ANY	Nyssara	Emerald Tide	7	8	9	Rumor de taverna	Emerald Tide segue sua rotina, mas pequenos detalhes chamam sua atenção. Um comerciante fala baixo, um viajante observa a estrada e uma oportunidade aparece onde você menos esperava. Em Altheria, até um dia comum pode deixar uma marca.	Investigar a situação.	PER>=5	END	xp=5	END	fatigue=1		Continuar seu caminho.	NONE	END	fatigue=0	END	fatigue=1		RANDOM;NARRATIVE	NONE	16
RND_1143	SOCIAL	COMMON	ANY	Tharun	Stone-Âmbar	2	7	8	Uma pessoa à beira da estrada	A poucos passos da estrada, uma pessoa surge ofegante. Ela conta que alguém levou seu filho e aponta para a trilha ainda recente. A distância é pequena; o problema é que você não sabe o que encontrará no fim dela.	Investigar a situação.	PER>=5	END	xp=3	END	fatigue=1		Continuar seu caminho.	NONE	END	fatigue=0	END	fatigue=1		RANDOM;NARRATIVE	NONE	8
RND_1144	MONSTER	COMMON	ANY	Aeloria	Quenndral	1	108	11	Rastros na estrada — Naga	As marcas no barro contam uma história antes mesmo de você ver a criatura. Galhos quebrados, um cheiro estranho e o silêncio repentino dos pássaros sugerem que um naga está próximo. Você pode investigar ou seguir adiante.	Investigar a situação.	PER>=5	END	xp=1	END	fatigue=1	AEL_MON_0001	Continuar seu caminho.	NONE	END	fatigue=0	END	fatigue=1		RANDOM;NARRATIVE	NONE	5
RND_1145	OPPORTUNITY	COMMON	ANY	Aeloria	Pyrelith	5	104	6	Rumor de taverna	Pyrelith segue sua rotina, mas pequenos detalhes chamam sua atenção. Um comerciante fala baixo, um viajante observa a estrada e uma oportunidade aparece onde você menos esperava. Em Altheria, até um dia comum pode deixar uma marca.	Investigar a situação.	PER>=5	END	xp=1	END	fatigue=1		Continuar seu caminho.	NONE	END	fatigue=0	END	fatigue=1		RANDOM;NARRATIVE	NONE	10
RND_1146	SOCIAL	COMMON	ANY	Zarim	Fornalia	8	134	10	Uma pessoa à beira da estrada	A poucos passos da estrada, uma pessoa surge ofegante. Ela conta que alguém levou seu filho e aponta para a trilha ainda recente. A distância é pequena; o problema é que você não sabe o que encontrará no fim dela.	Investigar a situação.	PER>=5	END	xp=1	END	fatigue=1		Continuar seu caminho.	NONE	END	fatigue=0	END	fatigue=1		RANDOM;NARRATIVE	NONE	9
RND_1147	SOCIAL	COMMON	ANY	Myrthos	Sem nome definido	7	141	13	Uma pessoa à beira da estrada	A poucos passos da estrada, uma pessoa surge ofegante. Ela conta que alguém levou seu filho e aponta para a trilha ainda recente. A distância é pequena; o problema é que você não sabe o que encontrará no fim dela.	Investigar a situação.	PER>=5	END	xp=3	END	fatigue=1		Continuar seu caminho.	NONE	END	fatigue=0	END	fatigue=1		RANDOM;NARRATIVE	NONE	8
RND_1148	GUILD	COMMON	ANY	Orinthal	Crystalia	8	107	5	Uma manhã que parecia comum	Crystalia segue sua rotina, mas pequenos detalhes chamam sua atenção. Um comerciante fala baixo, um viajante observa a estrada e uma oportunidade aparece onde você menos esperava. Em Altheria, até um dia comum pode deixar uma marca.	Investigar a situação.	PER>=5	END	xp=8	END	fatigue=1		Continuar seu caminho.	NONE	END	fatigue=0	END	fatigue=1		RANDOM;NARRATIVE	NONE	18
RND_1149	ROAD	COMMON	ANY	Kethruun	Sandbones	1	147	7	Sinais na fronteira	Sandbones segue sua rotina, mas pequenos detalhes chamam sua atenção. Um comerciante fala baixo, um viajante observa a estrada e uma oportunidade aparece onde você menos esperava. Em Altheria, até um dia comum pode deixar uma marca.	Investigar a situação.	PER>=5	END	xp=5	END	fatigue=1		Continuar seu caminho.	NONE	END	fatigue=0	END	fatigue=1		RANDOM;NARRATIVE	NONE	18
RND_1150	MONSTER	COMMON	ANY	Nyssara	Emerald Tide	2	120	12	Rastros na estrada — Drake	As marcas no barro contam uma história antes mesmo de você ver a criatura. Galhos quebrados, um cheiro estranho e o silêncio repentino dos pássaros sugerem que um drake está próximo. Você pode investigar ou seguir adiante.	Investigar a situação.	PER>=5	END	xp=5	END	fatigue=1	AEL_MON_0001	Continuar seu caminho.	NONE	END	fatigue=0	END	fatigue=1		RANDOM;NARRATIVE	NONE	6
RND_1151	OPPORTUNITY	COMMON	ANY	Myrthos	Sem nome definido	6	6	12	Uma porta entreaberta	Sem nome definido segue sua rotina, mas pequenos detalhes chamam sua atenção. Um comerciante fala baixo, um viajante observa a estrada e uma oportunidade aparece onde você menos esperava. Em Altheria, até um dia comum pode deixar uma marca.	Investigar a situação.	PER>=5	END	xp=1	END	fatigue=1		Continuar seu caminho.	NONE	END	fatigue=0	END	fatigue=1		RANDOM;NARRATIVE	NONE	11
RND_1152	GUILD	COMMON	ANY	Tharun	Stone-Âmbar	2	89	9	Pedido inesperado	Stone-Âmbar segue sua rotina, mas pequenos detalhes chamam sua atenção. Um comerciante fala baixo, um viajante observa a estrada e uma oportunidade aparece onde você menos esperava. Em Altheria, até um dia comum pode deixar uma marca.	Investigar a situação.	PER>=5	END	xp=2	END	fatigue=1		Continuar seu caminho.	NONE	END	fatigue=0	END	fatigue=1		RANDOM;NARRATIVE	NONE	4
RND_1153	GUILD	COMMON	ANY	Tharun	Stone-Âmbar	6	121	7	Sinais na fronteira	Stone-Âmbar segue sua rotina, mas pequenos detalhes chamam sua atenção. Um comerciante fala baixo, um viajante observa a estrada e uma oportunidade aparece onde você menos esperava. Em Altheria, até um dia comum pode deixar uma marca.	Investigar a situação.	PER>=5	END	xp=5	END	fatigue=1		Continuar seu caminho.	NONE	END	fatigue=0	END	fatigue=1		RANDOM;NARRATIVE	NONE	19
RND_1154	MONSTER	COMMON	ANY	Eshmara	Brumas	8	82	8	Rastros na estrada — Vampire	As marcas no barro contam uma história antes mesmo de você ver a criatura. Galhos quebrados, um cheiro estranho e o silêncio repentino dos pássaros sugerem que um vampire está próximo. Você pode investigar ou seguir adiante.	Investigar a situação.	PER>=5	END	xp=1	END	fatigue=1	AEL_MON_0001	Continuar seu caminho.	NONE	END	fatigue=0	END	fatigue=1		RANDOM;NARRATIVE	NONE	10
RND_1155	ACADEMIC	COMMON	ANY	Myrthos	Sem nome definido	7	28	7	Entre aulas e rivalidades	O corredor da Academia de Valdora está cheio. Um colega pede ajuda, outro provoca você e um professor observa de longe, aparentemente interessado em descobrir quem consegue resolver o problema sem transformar tudo em uma briga.	Investigar a situação.	PER>=5	END	xp=2	END	fatigue=1		Continuar seu caminho.	NONE	END	fatigue=0	END	fatigue=1		RANDOM;NARRATIVE	NONE	11
RND_1156	ACADEMIC	COMMON	ANY	Eshmara	Brumas	6	72	9	Entre aulas e rivalidades	O corredor da Academia de Valdora está cheio. Um colega pede ajuda, outro provoca você e um professor observa de longe, aparentemente interessado em descobrir quem consegue resolver o problema sem transformar tudo em uma briga.	Investigar a situação.	PER>=5	END	xp=4	END	fatigue=1		Continuar seu caminho.	NONE	END	fatigue=0	END	fatigue=1		RANDOM;NARRATIVE	NONE	8
RND_1157	ACADEMIC	COMMON	ANY	Kethruun	Sandbones	4	115	9	Entre aulas e rivalidades	O corredor da Academia de Valdora está cheio. Um colega pede ajuda, outro provoca você e um professor observa de longe, aparentemente interessado em descobrir quem consegue resolver o problema sem transformar tudo em uma briga.	Investigar a situação.	PER>=5	END	xp=3	END	fatigue=1		Continuar seu caminho.	NONE	END	fatigue=0	END	fatigue=1		RANDOM;NARRATIVE	NONE	14
RND_1158	CITY	COMMON	ANY	Orinthal	Crystalia	4	34	10	Uma manhã que parecia comum	Crystalia segue sua rotina, mas pequenos detalhes chamam sua atenção. Um comerciante fala baixo, um viajante observa a estrada e uma oportunidade aparece onde você menos esperava. Em Altheria, até um dia comum pode deixar uma marca.	Investigar a situação.	PER>=5	END	xp=3	END	fatigue=1		Continuar seu caminho.	NONE	END	fatigue=0	END	fatigue=1		RANDOM;NARRATIVE	NONE	10
RND_1159	ROAD	COMMON	ANY	Kethruun	Sandbones	1	37	10	Uma manhã que parecia comum	Sandbones segue sua rotina, mas pequenos detalhes chamam sua atenção. Um comerciante fala baixo, um viajante observa a estrada e uma oportunidade aparece onde você menos esperava. Em Altheria, até um dia comum pode deixar uma marca.	Investigar a situação.	PER>=5	END	xp=1	END	fatigue=1		Continuar seu caminho.	NONE	END	fatigue=0	END	fatigue=1		RANDOM;NARRATIVE	NONE	3
RND_1160	ROAD	COMMON	ANY	Orinthal	Crystalia	6	55	7	Sinais na fronteira	Crystalia segue sua rotina, mas pequenos detalhes chamam sua atenção. Um comerciante fala baixo, um viajante observa a estrada e uma oportunidade aparece onde você menos esperava. Em Altheria, até um dia comum pode deixar uma marca.	Investigar a situação.	PER>=5	END	xp=2	END	fatigue=1		Continuar seu caminho.	NONE	END	fatigue=0	END	fatigue=1		RANDOM;NARRATIVE	NONE	16
RND_1161	ACADEMIC	COMMON	ANY	Nyssara	Emerald Tide	7	78	11	Entre aulas e rivalidades	O corredor da Academia de Valdora está cheio. Um colega pede ajuda, outro provoca você e um professor observa de longe, aparentemente interessado em descobrir quem consegue resolver o problema sem transformar tudo em uma briga.	Investigar a situação.	PER>=5	END	xp=8	END	fatigue=1		Continuar seu caminho.	NONE	END	fatigue=0	END	fatigue=1		RANDOM;NARRATIVE	NONE	12
RND_1162	MONSTER	COMMON	ANY	Nyssara	Emerald Tide	5	139	11	Rastros na estrada — Behemoth	As marcas no barro contam uma história antes mesmo de você ver a criatura. Galhos quebrados, um cheiro estranho e o silêncio repentino dos pássaros sugerem que um behemoth está próximo. Você pode investigar ou seguir adiante.	Investigar a situação.	PER>=5	END	xp=4	END	fatigue=1	AEL_MON_0001	Continuar seu caminho.	NONE	END	fatigue=0	END	fatigue=1		RANDOM;NARRATIVE	NONE	13
RND_1163	OPPORTUNITY	COMMON	ANY	Zarim	Fornalia	5	87	4	Rumor de taverna	Fornalia segue sua rotina, mas pequenos detalhes chamam sua atenção. Um comerciante fala baixo, um viajante observa a estrada e uma oportunidade aparece onde você menos esperava. Em Altheria, até um dia comum pode deixar uma marca.	Investigar a situação.	PER>=5	END	xp=1	END	fatigue=1		Continuar seu caminho.	NONE	END	fatigue=0	END	fatigue=1		RANDOM;NARRATIVE	NONE	4
RND_1164	CITY	COMMON	ANY	Zarim	Fornalia	5	104	14	Pedido inesperado	Fornalia segue sua rotina, mas pequenos detalhes chamam sua atenção. Um comerciante fala baixo, um viajante observa a estrada e uma oportunidade aparece onde você menos esperava. Em Altheria, até um dia comum pode deixar uma marca.	Investigar a situação.	PER>=5	END	xp=6	END	fatigue=1		Continuar seu caminho.	NONE	END	fatigue=0	END	fatigue=1		RANDOM;NARRATIVE	NONE	8
RND_1165	MONSTER	COMMON	ANY	Valkyrion	Volmeria	4	96	13	Rastros na estrada — Bat	As marcas no barro contam uma história antes mesmo de você ver a criatura. Galhos quebrados, um cheiro estranho e o silêncio repentino dos pássaros sugerem que um bat está próximo. Você pode investigar ou seguir adiante.	Investigar a situação.	PER>=5	END	xp=6	END	fatigue=1	AEL_MON_0001	Continuar seu caminho.	NONE	END	fatigue=0	END	fatigue=1		RANDOM;NARRATIVE	NONE	18
RND_1166	ACADEMIC	COMMON	ANY	Kethruun	Sandbones	1	29	13	Entre aulas e rivalidades	O corredor da Academia de Valdora está cheio. Um colega pede ajuda, outro provoca você e um professor observa de longe, aparentemente interessado em descobrir quem consegue resolver o problema sem transformar tudo em uma briga.	Investigar a situação.	PER>=5	END	xp=7	END	fatigue=1		Continuar seu caminho.	NONE	END	fatigue=0	END	fatigue=1		RANDOM;NARRATIVE	NONE	19
RND_1167	GUILD	COMMON	ANY	Aeloria	Lunareth	1	99	12	Sinais na fronteira	Lunareth segue sua rotina, mas pequenos detalhes chamam sua atenção. Um comerciante fala baixo, um viajante observa a estrada e uma oportunidade aparece onde você menos esperava. Em Altheria, até um dia comum pode deixar uma marca.	Investigar a situação.	PER>=5	END	xp=8	END	fatigue=1		Continuar seu caminho.	NONE	END	fatigue=0	END	fatigue=1		RANDOM;NARRATIVE	NONE	6
RND_1168	ACADEMIC	COMMON	ANY	Orinthal	Crystalia	2	141	3	Entre aulas e rivalidades	O corredor da Academia de Valdora está cheio. Um colega pede ajuda, outro provoca você e um professor observa de longe, aparentemente interessado em descobrir quem consegue resolver o problema sem transformar tudo em uma briga.	Investigar a situação.	PER>=5	END	xp=6	END	fatigue=1		Continuar seu caminho.	NONE	END	fatigue=0	END	fatigue=1		RANDOM;NARRATIVE	NONE	4
RND_1169	SOCIAL	COMMON	ANY	Lyrien	Aerocivitus	3	150	2	Uma pessoa à beira da estrada	A poucos passos da estrada, uma pessoa surge ofegante. Ela conta que alguém levou seu filho e aponta para a trilha ainda recente. A distância é pequena; o problema é que você não sabe o que encontrará no fim dela.	Investigar a situação.	PER>=5	END	xp=3	END	fatigue=1		Continuar seu caminho.	NONE	END	fatigue=0	END	fatigue=1		RANDOM;NARRATIVE	NONE	5
RND_1170	OPPORTUNITY	COMMON	ANY	Tharun	Stone-Âmbar	6	64	6	Uma porta entreaberta	Stone-Âmbar segue sua rotina, mas pequenos detalhes chamam sua atenção. Um comerciante fala baixo, um viajante observa a estrada e uma oportunidade aparece onde você menos esperava. Em Altheria, até um dia comum pode deixar uma marca.	Investigar a situação.	PER>=5	END	xp=2	END	fatigue=1		Continuar seu caminho.	NONE	END	fatigue=0	END	fatigue=1		RANDOM;NARRATIVE	NONE	12
RND_1171	CITY	COMMON	ANY	Lyrien	Aerocivitus	7	41	5	Rumor de taverna	Aerocivitus segue sua rotina, mas pequenos detalhes chamam sua atenção. Um comerciante fala baixo, um viajante observa a estrada e uma oportunidade aparece onde você menos esperava. Em Altheria, até um dia comum pode deixar uma marca.	Investigar a situação.	PER>=5	END	xp=2	END	fatigue=1		Continuar seu caminho.	NONE	END	fatigue=0	END	fatigue=1		RANDOM;NARRATIVE	NONE	16
RND_1172	ROAD	COMMON	ANY	Lyrien	Aerocivitus	4	95	8	Sinais na fronteira	Aerocivitus segue sua rotina, mas pequenos detalhes chamam sua atenção. Um comerciante fala baixo, um viajante observa a estrada e uma oportunidade aparece onde você menos esperava. Em Altheria, até um dia comum pode deixar uma marca.	Investigar a situação.	PER>=5	END	xp=6	END	fatigue=1		Continuar seu caminho.	NONE	END	fatigue=0	END	fatigue=1		RANDOM;NARRATIVE	NONE	5
RND_1173	SOCIAL	COMMON	ANY	Nyssara	Emerald Tide	7	41	8	Uma pessoa à beira da estrada	A poucos passos da estrada, uma pessoa surge ofegante. Ela conta que alguém levou seu filho e aponta para a trilha ainda recente. A distância é pequena; o problema é que você não sabe o que encontrará no fim dela.	Investigar a situação.	PER>=5	END	xp=6	END	fatigue=1		Continuar seu caminho.	NONE	END	fatigue=0	END	fatigue=1		RANDOM;NARRATIVE	NONE	15
RND_1174	SOCIAL	COMMON	ANY	Tharun	Stone-Âmbar	7	123	13	Uma pessoa à beira da estrada	A poucos passos da estrada, uma pessoa surge ofegante. Ela conta que alguém levou seu filho e aponta para a trilha ainda recente. A distância é pequena; o problema é que você não sabe o que encontrará no fim dela.	Investigar a situação.	PER>=5	END	xp=5	END	fatigue=1		Continuar seu caminho.	NONE	END	fatigue=0	END	fatigue=1		RANDOM;NARRATIVE	NONE	14
RND_1175	ROAD	COMMON	ANY	Tharun	Stone-Âmbar	4	49	9	Uma manhã que parecia comum	Stone-Âmbar segue sua rotina, mas pequenos detalhes chamam sua atenção. Um comerciante fala baixo, um viajante observa a estrada e uma oportunidade aparece onde você menos esperava. Em Altheria, até um dia comum pode deixar uma marca.	Investigar a situação.	PER>=5	END	xp=4	END	fatigue=1		Continuar seu caminho.	NONE	END	fatigue=0	END	fatigue=1		RANDOM;NARRATIVE	NONE	18
RND_1176	ACADEMIC	COMMON	ANY	Valkyrion	Volmeria	1	108	14	Entre aulas e rivalidades	O corredor da Academia de Valdora está cheio. Um colega pede ajuda, outro provoca você e um professor observa de longe, aparentemente interessado em descobrir quem consegue resolver o problema sem transformar tudo em uma briga.	Investigar a situação.	PER>=5	END	xp=6	END	fatigue=1		Continuar seu caminho.	NONE	END	fatigue=0	END	fatigue=1		RANDOM;NARRATIVE	NONE	14
RND_1177	GUILD	COMMON	ANY	Nyssara	Emerald Tide	7	77	12	Uma manhã que parecia comum	Emerald Tide segue sua rotina, mas pequenos detalhes chamam sua atenção. Um comerciante fala baixo, um viajante observa a estrada e uma oportunidade aparece onde você menos esperava. Em Altheria, até um dia comum pode deixar uma marca.	Investigar a situação.	PER>=5	END	xp=7	END	fatigue=1		Continuar seu caminho.	NONE	END	fatigue=0	END	fatigue=1		RANDOM;NARRATIVE	NONE	13
RND_1178	CITY	COMMON	ANY	Eshmara	Brumas	7	137	8	Uma porta entreaberta	Brumas segue sua rotina, mas pequenos detalhes chamam sua atenção. Um comerciante fala baixo, um viajante observa a estrada e uma oportunidade aparece onde você menos esperava. Em Altheria, até um dia comum pode deixar uma marca.	Investigar a situação.	PER>=5	END	xp=4	END	fatigue=1		Continuar seu caminho.	NONE	END	fatigue=0	END	fatigue=1		RANDOM;NARRATIVE	NONE	9
RND_1179	SOCIAL	COMMON	ANY	Zarim	Fornalia	8	142	2	Uma pessoa à beira da estrada	A poucos passos da estrada, uma pessoa surge ofegante. Ela conta que alguém levou seu filho e aponta para a trilha ainda recente. A distância é pequena; o problema é que você não sabe o que encontrará no fim dela.	Investigar a situação.	PER>=5	END	xp=2	END	fatigue=1		Continuar seu caminho.	NONE	END	fatigue=0	END	fatigue=1		RANDOM;NARRATIVE	NONE	4
RND_1180	SOCIAL	COMMON	ANY	Aeloria	Arvenholt	4	140	10	Uma pessoa à beira da estrada	A poucos passos da estrada, uma pessoa surge ofegante. Ela conta que alguém levou seu filho e aponta para a trilha ainda recente. A distância é pequena; o problema é que você não sabe o que encontrará no fim dela.	Investigar a situação.	PER>=5	END	xp=7	END	fatigue=1		Continuar seu caminho.	NONE	END	fatigue=0	END	fatigue=1		RANDOM;NARRATIVE	NONE	4
RND_1181	MONSTER	COMMON	ANY	Orinthal	Crystalia	1	136	7	Rastros na estrada — Wyvern	As marcas no barro contam uma história antes mesmo de você ver a criatura. Galhos quebrados, um cheiro estranho e o silêncio repentino dos pássaros sugerem que um wyvern está próximo. Você pode investigar ou seguir adiante.	Investigar a situação.	PER>=5	END	xp=7	END	fatigue=1	AEL_MON_0001	Continuar seu caminho.	NONE	END	fatigue=0	END	fatigue=1		RANDOM;NARRATIVE	NONE	6
RND_1182	ACADEMIC	COMMON	ANY	Kethruun	Sandbones	2	73	6	Entre aulas e rivalidades	O corredor da Academia de Valdora está cheio. Um colega pede ajuda, outro provoca você e um professor observa de longe, aparentemente interessado em descobrir quem consegue resolver o problema sem transformar tudo em uma briga.	Investigar a situação.	PER>=5	END	xp=7	END	fatigue=1		Continuar seu caminho.	NONE	END	fatigue=0	END	fatigue=1		RANDOM;NARRATIVE	NONE	3
RND_1183	GUILD	COMMON	ANY	Zarim	Fornalia	8	94	14	Mercadoria esquecida	Fornalia segue sua rotina, mas pequenos detalhes chamam sua atenção. Um comerciante fala baixo, um viajante observa a estrada e uma oportunidade aparece onde você menos esperava. Em Altheria, até um dia comum pode deixar uma marca.	Investigar a situação.	PER>=5	END	xp=2	END	fatigue=1		Continuar seu caminho.	NONE	END	fatigue=0	END	fatigue=1		RANDOM;NARRATIVE	NONE	4
RND_1184	OPPORTUNITY	COMMON	ANY	Zarim	Fornalia	6	53	6	Pedido inesperado	Fornalia segue sua rotina, mas pequenos detalhes chamam sua atenção. Um comerciante fala baixo, um viajante observa a estrada e uma oportunidade aparece onde você menos esperava. Em Altheria, até um dia comum pode deixar uma marca.	Investigar a situação.	PER>=5	END	xp=2	END	fatigue=1		Continuar seu caminho.	NONE	END	fatigue=0	END	fatigue=1		RANDOM;NARRATIVE	NONE	4
RND_1185	GUILD	COMMON	ANY	Eshmara	Brumas	3	120	11	Uma manhã que parecia comum	Brumas segue sua rotina, mas pequenos detalhes chamam sua atenção. Um comerciante fala baixo, um viajante observa a estrada e uma oportunidade aparece onde você menos esperava. Em Altheria, até um dia comum pode deixar uma marca.	Investigar a situação.	PER>=5	END	xp=6	END	fatigue=1		Continuar seu caminho.	NONE	END	fatigue=0	END	fatigue=1		RANDOM;NARRATIVE	NONE	6
RND_1186	ACADEMIC	COMMON	ANY	Aeloria	Netherholt	6	86	9	Entre aulas e rivalidades	O corredor da Academia de Valdora está cheio. Um colega pede ajuda, outro provoca você e um professor observa de longe, aparentemente interessado em descobrir quem consegue resolver o problema sem transformar tudo em uma briga.	Investigar a situação.	PER>=5	END	xp=3	END	fatigue=1		Continuar seu caminho.	NONE	END	fatigue=0	END	fatigue=1		RANDOM;NARRATIVE	NONE	5
RND_1187	CITY	COMMON	ANY	Eshmara	Brumas	4	131	7	Rumor de taverna	Brumas segue sua rotina, mas pequenos detalhes chamam sua atenção. Um comerciante fala baixo, um viajante observa a estrada e uma oportunidade aparece onde você menos esperava. Em Altheria, até um dia comum pode deixar uma marca.	Investigar a situação.	PER>=5	END	xp=8	END	fatigue=1		Continuar seu caminho.	NONE	END	fatigue=0	END	fatigue=1		RANDOM;NARRATIVE	NONE	10
RND_1188	MONSTER	COMMON	ANY	Tharun	Stone-Âmbar	6	84	2	Rastros na estrada — Bear	As marcas no barro contam uma história antes mesmo de você ver a criatura. Galhos quebrados, um cheiro estranho e o silêncio repentino dos pássaros sugerem que um bear está próximo. Você pode investigar ou seguir adiante.	Investigar a situação.	PER>=5	END	xp=3	END	fatigue=1	AEL_MON_0001	Continuar seu caminho.	NONE	END	fatigue=0	END	fatigue=1		RANDOM;NARRATIVE	NONE	16
RND_1189	ACADEMIC	COMMON	ANY	Lyrien	Aerocivitus	1	64	8	Entre aulas e rivalidades	O corredor da Academia de Valdora está cheio. Um colega pede ajuda, outro provoca você e um professor observa de longe, aparentemente interessado em descobrir quem consegue resolver o problema sem transformar tudo em uma briga.	Investigar a situação.	PER>=5	END	xp=6	END	fatigue=1		Continuar seu caminho.	NONE	END	fatigue=0	END	fatigue=1		RANDOM;NARRATIVE	NONE	11
RND_1190	OPPORTUNITY	COMMON	ANY	Myrthos	Sem nome definido	1	40	3	Mercadoria esquecida	Sem nome definido segue sua rotina, mas pequenos detalhes chamam sua atenção. Um comerciante fala baixo, um viajante observa a estrada e uma oportunidade aparece onde você menos esperava. Em Altheria, até um dia comum pode deixar uma marca.	Investigar a situação.	PER>=5	END	xp=8	END	fatigue=1		Continuar seu caminho.	NONE	END	fatigue=0	END	fatigue=1		RANDOM;NARRATIVE	NONE	19
RND_1191	ROAD	COMMON	ANY	Tharun	Stone-Âmbar	3	81	6	Uma manhã que parecia comum	Stone-Âmbar segue sua rotina, mas pequenos detalhes chamam sua atenção. Um comerciante fala baixo, um viajante observa a estrada e uma oportunidade aparece onde você menos esperava. Em Altheria, até um dia comum pode deixar uma marca.	Investigar a situação.	PER>=5	END	xp=3	END	fatigue=1		Continuar seu caminho.	NONE	END	fatigue=0	END	fatigue=1		RANDOM;NARRATIVE	NONE	9
RND_1192	CITY	COMMON	ANY	Orinthal	Crystalia	4	79	7	Pedido inesperado	Crystalia segue sua rotina, mas pequenos detalhes chamam sua atenção. Um comerciante fala baixo, um viajante observa a estrada e uma oportunidade aparece onde você menos esperava. Em Altheria, até um dia comum pode deixar uma marca.	Investigar a situação.	PER>=5	END	xp=5	END	fatigue=1		Continuar seu caminho.	NONE	END	fatigue=0	END	fatigue=1		RANDOM;NARRATIVE	NONE	3
RND_1193	SOCIAL	COMMON	ANY	Myrthos	Sem nome definido	8	106	14	Uma pessoa à beira da estrada	A poucos passos da estrada, uma pessoa surge ofegante. Ela conta que alguém levou seu filho e aponta para a trilha ainda recente. A distância é pequena; o problema é que você não sabe o que encontrará no fim dela.	Investigar a situação.	PER>=5	END	xp=6	END	fatigue=1		Continuar seu caminho.	NONE	END	fatigue=0	END	fatigue=1		RANDOM;NARRATIVE	NONE	7
RND_1194	ROAD	COMMON	ANY	Valkyrion	Volmeria	6	127	3	Mercadoria esquecida	Volmeria segue sua rotina, mas pequenos detalhes chamam sua atenção. Um comerciante fala baixo, um viajante observa a estrada e uma oportunidade aparece onde você menos esperava. Em Altheria, até um dia comum pode deixar uma marca.	Investigar a situação.	PER>=5	END	xp=6	END	fatigue=1		Continuar seu caminho.	NONE	END	fatigue=0	END	fatigue=1		RANDOM;NARRATIVE	NONE	17
RND_1195	MONSTER	COMMON	ANY	Lyrien	Aerocivitus	5	11	3	Rastros na estrada — Sprite	As marcas no barro contam uma história antes mesmo de você ver a criatura. Galhos quebrados, um cheiro estranho e o silêncio repentino dos pássaros sugerem que um sprite está próximo. Você pode investigar ou seguir adiante.	Investigar a situação.	PER>=5	END	xp=2	END	fatigue=1	AEL_MON_0001	Continuar seu caminho.	NONE	END	fatigue=0	END	fatigue=1		RANDOM;NARRATIVE	NONE	17
RND_1196	SOCIAL	COMMON	ANY	Myrthos	Sem nome definido	1	107	12	Uma pessoa à beira da estrada	A poucos passos da estrada, uma pessoa surge ofegante. Ela conta que alguém levou seu filho e aponta para a trilha ainda recente. A distância é pequena; o problema é que você não sabe o que encontrará no fim dela.	Investigar a situação.	PER>=5	END	xp=5	END	fatigue=1		Continuar seu caminho.	NONE	END	fatigue=0	END	fatigue=1		RANDOM;NARRATIVE	NONE	5
RND_1197	MONSTER	COMMON	ANY	Aeloria	Brighthollow	3	124	2	Rastros na estrada — Chimera	As marcas no barro contam uma história antes mesmo de você ver a criatura. Galhos quebrados, um cheiro estranho e o silêncio repentino dos pássaros sugerem que um chimera está próximo. Você pode investigar ou seguir adiante.	Investigar a situação.	PER>=5	END	xp=2	END	fatigue=1	AEL_MON_0001	Continuar seu caminho.	NONE	END	fatigue=0	END	fatigue=1		RANDOM;NARRATIVE	NONE	3
RND_1198	ROAD	COMMON	ANY	Valkyrion	Volmeria	1	16	12	Pedido inesperado	Volmeria segue sua rotina, mas pequenos detalhes chamam sua atenção. Um comerciante fala baixo, um viajante observa a estrada e uma oportunidade aparece onde você menos esperava. Em Altheria, até um dia comum pode deixar uma marca.	Investigar a situação.	PER>=5	END	xp=6	END	fatigue=1		Continuar seu caminho.	NONE	END	fatigue=0	END	fatigue=1		RANDOM;NARRATIVE	NONE	19
RND_1199	OPPORTUNITY	COMMON	ANY	Zarim	Fornalia	4	46	13	Rumor de taverna	Fornalia segue sua rotina, mas pequenos detalhes chamam sua atenção. Um comerciante fala baixo, um viajante observa a estrada e uma oportunidade aparece onde você menos esperava. Em Altheria, até um dia comum pode deixar uma marca.	Investigar a situação.	PER>=5	END	xp=1	END	fatigue=1		Continuar seu caminho.	NONE	END	fatigue=0	END	fatigue=1		RANDOM;NARRATIVE	NONE	7
RND_1200	CITY	COMMON	ANY	Nyssara	Emerald Tide	7	75	3	Uma manhã que parecia comum	Emerald Tide segue sua rotina, mas pequenos detalhes chamam sua atenção. Um comerciante fala baixo, um viajante observa a estrada e uma oportunidade aparece onde você menos esperava. Em Altheria, até um dia comum pode deixar uma marca.	Investigar a situação.	PER>=5	END	xp=6	END	fatigue=1		Continuar seu caminho.	NONE	END	fatigue=0	END	fatigue=1		RANDOM;NARRATIVE	NONE	16
RND_1201	CITY	COMMON	ANY	Eshmara	Brumas	4	27	11	Uma manhã que parecia comum	Brumas segue sua rotina, mas pequenos detalhes chamam sua atenção. Um comerciante fala baixo, um viajante observa a estrada e uma oportunidade aparece onde você menos esperava. Em Altheria, até um dia comum pode deixar uma marca.	Investigar a situação.	PER>=5	END	xp=1	END	fatigue=1		Continuar seu caminho.	NONE	END	fatigue=0	END	fatigue=1		RANDOM;NARRATIVE	NONE	16
RND_1202	GUILD	COMMON	ANY	Tharun	Stone-Âmbar	5	130	2	Uma porta entreaberta	Stone-Âmbar segue sua rotina, mas pequenos detalhes chamam sua atenção. Um comerciante fala baixo, um viajante observa a estrada e uma oportunidade aparece onde você menos esperava. Em Altheria, até um dia comum pode deixar uma marca.	Investigar a situação.	PER>=5	END	xp=8	END	fatigue=1		Continuar seu caminho.	NONE	END	fatigue=0	END	fatigue=1		RANDOM;NARRATIVE	NONE	14
RND_1203	ROAD	COMMON	ANY	Lyrien	Aerocivitus	6	150	2	Pedido inesperado	Aerocivitus segue sua rotina, mas pequenos detalhes chamam sua atenção. Um comerciante fala baixo, um viajante observa a estrada e uma oportunidade aparece onde você menos esperava. Em Altheria, até um dia comum pode deixar uma marca.	Investigar a situação.	PER>=5	END	xp=7	END	fatigue=1		Continuar seu caminho.	NONE	END	fatigue=0	END	fatigue=1		RANDOM;NARRATIVE	NONE	6
RND_1204	ROAD	COMMON	ANY	Myrthos	Sem nome definido	4	93	2	Pedido inesperado	Sem nome definido segue sua rotina, mas pequenos detalhes chamam sua atenção. Um comerciante fala baixo, um viajante observa a estrada e uma oportunidade aparece onde você menos esperava. Em Altheria, até um dia comum pode deixar uma marca.	Investigar a situação.	PER>=5	END	xp=8	END	fatigue=1		Continuar seu caminho.	NONE	END	fatigue=0	END	fatigue=1		RANDOM;NARRATIVE	NONE	18
RND_1205	MONSTER	COMMON	ANY	Valkyrion	Volmeria	6	34	4	Rastros na estrada — Wraith	As marcas no barro contam uma história antes mesmo de você ver a criatura. Galhos quebrados, um cheiro estranho e o silêncio repentino dos pássaros sugerem que um wraith está próximo. Você pode investigar ou seguir adiante.	Investigar a situação.	PER>=5	END	xp=3	END	fatigue=1	AEL_MON_0001	Continuar seu caminho.	NONE	END	fatigue=0	END	fatigue=1		RANDOM;NARRATIVE	NONE	19
RND_1206	OPPORTUNITY	COMMON	ANY	Eshmara	Brumas	6	103	11	Sinais na fronteira	Brumas segue sua rotina, mas pequenos detalhes chamam sua atenção. Um comerciante fala baixo, um viajante observa a estrada e uma oportunidade aparece onde você menos esperava. Em Altheria, até um dia comum pode deixar uma marca.	Investigar a situação.	PER>=5	END	xp=5	END	fatigue=1		Continuar seu caminho.	NONE	END	fatigue=0	END	fatigue=1		RANDOM;NARRATIVE	NONE	3
RND_1207	ACADEMIC	COMMON	ANY	Tharun	Stone-Âmbar	3	32	13	Entre aulas e rivalidades	O corredor da Academia de Valdora está cheio. Um colega pede ajuda, outro provoca você e um professor observa de longe, aparentemente interessado em descobrir quem consegue resolver o problema sem transformar tudo em uma briga.	Investigar a situação.	PER>=5	END	xp=5	END	fatigue=1		Continuar seu caminho.	NONE	END	fatigue=0	END	fatigue=1		RANDOM;NARRATIVE	NONE	7
RND_1208	MONSTER	COMMON	ANY	Aeloria	Quenndral	8	121	5	Rastros na estrada — Toad	As marcas no barro contam uma história antes mesmo de você ver a criatura. Galhos quebrados, um cheiro estranho e o silêncio repentino dos pássaros sugerem que um toad está próximo. Você pode investigar ou seguir adiante.	Investigar a situação.	PER>=5	END	xp=8	END	fatigue=1	AEL_MON_0001	Continuar seu caminho.	NONE	END	fatigue=0	END	fatigue=1		RANDOM;NARRATIVE	NONE	12
RND_1209	MONSTER	COMMON	ANY	Kethruun	Sandbones	5	66	5	Rastros na estrada — Djinn	As marcas no barro contam uma história antes mesmo de você ver a criatura. Galhos quebrados, um cheiro estranho e o silêncio repentino dos pássaros sugerem que um djinn está próximo. Você pode investigar ou seguir adiante.	Investigar a situação.	PER>=5	END	xp=3	END	fatigue=1	AEL_MON_0001	Continuar seu caminho.	NONE	END	fatigue=0	END	fatigue=1		RANDOM;NARRATIVE	NONE	13
RND_1210	CITY	COMMON	ANY	Myrthos	Sem nome definido	6	10	9	Pedido inesperado	Sem nome definido segue sua rotina, mas pequenos detalhes chamam sua atenção. Um comerciante fala baixo, um viajante observa a estrada e uma oportunidade aparece onde você menos esperava. Em Altheria, até um dia comum pode deixar uma marca.	Investigar a situação.	PER>=5	END	xp=3	END	fatigue=1		Continuar seu caminho.	NONE	END	fatigue=0	END	fatigue=1		RANDOM;NARRATIVE	NONE	3
RND_1211	MONSTER	COMMON	ANY	Aeloria	Highspire	4	1	6	Rastros na estrada — Mimic	As marcas no barro contam uma história antes mesmo de você ver a criatura. Galhos quebrados, um cheiro estranho e o silêncio repentino dos pássaros sugerem que um mimic está próximo. Você pode investigar ou seguir adiante.	Investigar a situação.	PER>=5	END	xp=3	END	fatigue=1	AEL_MON_0001	Continuar seu caminho.	NONE	END	fatigue=0	END	fatigue=1		RANDOM;NARRATIVE	NONE	14
RND_1212	CITY	COMMON	ANY	Zarim	Fornalia	8	56	8	Uma porta entreaberta	Fornalia segue sua rotina, mas pequenos detalhes chamam sua atenção. Um comerciante fala baixo, um viajante observa a estrada e uma oportunidade aparece onde você menos esperava. Em Altheria, até um dia comum pode deixar uma marca.	Investigar a situação.	PER>=5	END	xp=5	END	fatigue=1		Continuar seu caminho.	NONE	END	fatigue=0	END	fatigue=1		RANDOM;NARRATIVE	NONE	19
RND_1213	CITY	COMMON	ANY	Lyrien	Aerocivitus	8	8	13	Uma manhã que parecia comum	Aerocivitus segue sua rotina, mas pequenos detalhes chamam sua atenção. Um comerciante fala baixo, um viajante observa a estrada e uma oportunidade aparece onde você menos esperava. Em Altheria, até um dia comum pode deixar uma marca.	Investigar a situação.	PER>=5	END	xp=7	END	fatigue=1		Continuar seu caminho.	NONE	END	fatigue=0	END	fatigue=1		RANDOM;NARRATIVE	NONE	14
RND_1214	GUILD	COMMON	ANY	Tharun	Stone-Âmbar	8	40	2	Uma porta entreaberta	Stone-Âmbar segue sua rotina, mas pequenos detalhes chamam sua atenção. Um comerciante fala baixo, um viajante observa a estrada e uma oportunidade aparece onde você menos esperava. Em Altheria, até um dia comum pode deixar uma marca.	Investigar a situação.	PER>=5	END	xp=3	END	fatigue=1		Continuar seu caminho.	NONE	END	fatigue=0	END	fatigue=1		RANDOM;NARRATIVE	NONE	10
RND_1215	CITY	COMMON	ANY	Myrthos	Sem nome definido	4	134	7	Pedido inesperado	Sem nome definido segue sua rotina, mas pequenos detalhes chamam sua atenção. Um comerciante fala baixo, um viajante observa a estrada e uma oportunidade aparece onde você menos esperava. Em Altheria, até um dia comum pode deixar uma marca.	Investigar a situação.	PER>=5	END	xp=1	END	fatigue=1		Continuar seu caminho.	NONE	END	fatigue=0	END	fatigue=1		RANDOM;NARRATIVE	NONE	8
RND_1216	GUILD	COMMON	ANY	Myrthos	Sem nome definido	8	39	5	Uma manhã que parecia comum	Sem nome definido segue sua rotina, mas pequenos detalhes chamam sua atenção. Um comerciante fala baixo, um viajante observa a estrada e uma oportunidade aparece onde você menos esperava. Em Altheria, até um dia comum pode deixar uma marca.	Investigar a situação.	PER>=5	END	xp=3	END	fatigue=1		Continuar seu caminho.	NONE	END	fatigue=0	END	fatigue=1		RANDOM;NARRATIVE	NONE	10
RND_1217	GUILD	COMMON	ANY	Myrthos	Sem nome definido	6	23	8	Uma manhã que parecia comum	Sem nome definido segue sua rotina, mas pequenos detalhes chamam sua atenção. Um comerciante fala baixo, um viajante observa a estrada e uma oportunidade aparece onde você menos esperava. Em Altheria, até um dia comum pode deixar uma marca.	Investigar a situação.	PER>=5	END	xp=2	END	fatigue=1		Continuar seu caminho.	NONE	END	fatigue=0	END	fatigue=1		RANDOM;NARRATIVE	NONE	13
RND_1218	OPPORTUNITY	COMMON	ANY	Valkyrion	Volmeria	4	27	7	Pedido inesperado	Volmeria segue sua rotina, mas pequenos detalhes chamam sua atenção. Um comerciante fala baixo, um viajante observa a estrada e uma oportunidade aparece onde você menos esperava. Em Altheria, até um dia comum pode deixar uma marca.	Investigar a situação.	PER>=5	END	xp=6	END	fatigue=1		Continuar seu caminho.	NONE	END	fatigue=0	END	fatigue=1		RANDOM;NARRATIVE	NONE	6
RND_1219	ACADEMIC	COMMON	ANY	Valkyrion	Volmeria	8	86	12	Entre aulas e rivalidades	O corredor da Academia de Valdora está cheio. Um colega pede ajuda, outro provoca você e um professor observa de longe, aparentemente interessado em descobrir quem consegue resolver o problema sem transformar tudo em uma briga.	Investigar a situação.	PER>=5	END	xp=6	END	fatigue=1		Continuar seu caminho.	NONE	END	fatigue=0	END	fatigue=1		RANDOM;NARRATIVE	NONE	13
RND_1220	GUILD	COMMON	ANY	Orinthal	Crystalia	5	75	13	Uma manhã que parecia comum	Crystalia segue sua rotina, mas pequenos detalhes chamam sua atenção. Um comerciante fala baixo, um viajante observa a estrada e uma oportunidade aparece onde você menos esperava. Em Altheria, até um dia comum pode deixar uma marca.	Investigar a situação.	PER>=5	END	xp=8	END	fatigue=1		Continuar seu caminho.	NONE	END	fatigue=0	END	fatigue=1		RANDOM;NARRATIVE	NONE	14
RND_1221	MONSTER	COMMON	ANY	Kethruun	Sandbones	8	95	9	Rastros na estrada — Chimera	As marcas no barro contam uma história antes mesmo de você ver a criatura. Galhos quebrados, um cheiro estranho e o silêncio repentino dos pássaros sugerem que um chimera está próximo. Você pode investigar ou seguir adiante.	Investigar a situação.	PER>=5	END	xp=8	END	fatigue=1	AEL_MON_0001	Continuar seu caminho.	NONE	END	fatigue=0	END	fatigue=1		RANDOM;NARRATIVE	NONE	4
RND_1222	MONSTER	COMMON	ANY	Zarim	Fornalia	6	97	7	Rastros na estrada — Djinn	As marcas no barro contam uma história antes mesmo de você ver a criatura. Galhos quebrados, um cheiro estranho e o silêncio repentino dos pássaros sugerem que um djinn está próximo. Você pode investigar ou seguir adiante.	Investigar a situação.	PER>=5	END	xp=7	END	fatigue=1	AEL_MON_0001	Continuar seu caminho.	NONE	END	fatigue=0	END	fatigue=1		RANDOM;NARRATIVE	NONE	5
RND_1223	CITY	COMMON	ANY	Valkyrion	Volmeria	7	142	10	Pedido inesperado	Volmeria segue sua rotina, mas pequenos detalhes chamam sua atenção. Um comerciante fala baixo, um viajante observa a estrada e uma oportunidade aparece onde você menos esperava. Em Altheria, até um dia comum pode deixar uma marca.	Investigar a situação.	PER>=5	END	xp=2	END	fatigue=1		Continuar seu caminho.	NONE	END	fatigue=0	END	fatigue=1		RANDOM;NARRATIVE	NONE	15
RND_1224	ACADEMIC	COMMON	ANY	Nyssara	Emerald Tide	7	115	8	Entre aulas e rivalidades	O corredor da Academia de Valdora está cheio. Um colega pede ajuda, outro provoca você e um professor observa de longe, aparentemente interessado em descobrir quem consegue resolver o problema sem transformar tudo em uma briga.	Investigar a situação.	PER>=5	END	xp=5	END	fatigue=1		Continuar seu caminho.	NONE	END	fatigue=0	END	fatigue=1		RANDOM;NARRATIVE	NONE	8
RND_1225	OPPORTUNITY	COMMON	ANY	Nyssara	Emerald Tide	7	54	6	Uma porta entreaberta	Emerald Tide segue sua rotina, mas pequenos detalhes chamam sua atenção. Um comerciante fala baixo, um viajante observa a estrada e uma oportunidade aparece onde você menos esperava. Em Altheria, até um dia comum pode deixar uma marca.	Investigar a situação.	PER>=5	END	xp=3	END	fatigue=1		Continuar seu caminho.	NONE	END	fatigue=0	END	fatigue=1		RANDOM;NARRATIVE	NONE	4
RND_1226	GUILD	COMMON	ANY	Aeloria	Ulthmere	2	22	5	Pedido inesperado	Ulthmere segue sua rotina, mas pequenos detalhes chamam sua atenção. Um comerciante fala baixo, um viajante observa a estrada e uma oportunidade aparece onde você menos esperava. Em Altheria, até um dia comum pode deixar uma marca.	Investigar a situação.	PER>=5	END	xp=8	END	fatigue=1		Continuar seu caminho.	NONE	END	fatigue=0	END	fatigue=1		RANDOM;NARRATIVE	NONE	7
RND_1227	OPPORTUNITY	COMMON	ANY	Aeloria	Frostmere	8	31	12	Uma manhã que parecia comum	Frostmere segue sua rotina, mas pequenos detalhes chamam sua atenção. Um comerciante fala baixo, um viajante observa a estrada e uma oportunidade aparece onde você menos esperava. Em Altheria, até um dia comum pode deixar uma marca.	Investigar a situação.	PER>=5	END	xp=2	END	fatigue=1		Continuar seu caminho.	NONE	END	fatigue=0	END	fatigue=1		RANDOM;NARRATIVE	NONE	3
RND_1228	OPPORTUNITY	COMMON	ANY	Kethruun	Sandbones	3	26	10	Uma manhã que parecia comum	Sandbones segue sua rotina, mas pequenos detalhes chamam sua atenção. Um comerciante fala baixo, um viajante observa a estrada e uma oportunidade aparece onde você menos esperava. Em Altheria, até um dia comum pode deixar uma marca.	Investigar a situação.	PER>=5	END	xp=5	END	fatigue=1		Continuar seu caminho.	NONE	END	fatigue=0	END	fatigue=1		RANDOM;NARRATIVE	NONE	3
RND_1229	SOCIAL	COMMON	ANY	Myrthos	Sem nome definido	2	105	11	Uma pessoa à beira da estrada	A poucos passos da estrada, uma pessoa surge ofegante. Ela conta que alguém levou seu filho e aponta para a trilha ainda recente. A distância é pequena; o problema é que você não sabe o que encontrará no fim dela.	Investigar a situação.	PER>=5	END	xp=8	END	fatigue=1		Continuar seu caminho.	NONE	END	fatigue=0	END	fatigue=1		RANDOM;NARRATIVE	NONE	15
RND_1230	CITY	COMMON	ANY	Zarim	Fornalia	1	83	13	Rumor de taverna	Fornalia segue sua rotina, mas pequenos detalhes chamam sua atenção. Um comerciante fala baixo, um viajante observa a estrada e uma oportunidade aparece onde você menos esperava. Em Altheria, até um dia comum pode deixar uma marca.	Investigar a situação.	PER>=5	END	xp=7	END	fatigue=1		Continuar seu caminho.	NONE	END	fatigue=0	END	fatigue=1		RANDOM;NARRATIVE	NONE	5
RND_1231	OPPORTUNITY	COMMON	ANY	Myrthos	Sem nome definido	6	123	2	Sinais na fronteira	Sem nome definido segue sua rotina, mas pequenos detalhes chamam sua atenção. Um comerciante fala baixo, um viajante observa a estrada e uma oportunidade aparece onde você menos esperava. Em Altheria, até um dia comum pode deixar uma marca.	Investigar a situação.	PER>=5	END	xp=8	END	fatigue=1		Continuar seu caminho.	NONE	END	fatigue=0	END	fatigue=1		RANDOM;NARRATIVE	NONE	4
RND_1232	MONSTER	COMMON	ANY	Myrthos	Sem nome definido	5	44	2	Rastros na estrada — Direhound	As marcas no barro contam uma história antes mesmo de você ver a criatura. Galhos quebrados, um cheiro estranho e o silêncio repentino dos pássaros sugerem que um direhound está próximo. Você pode investigar ou seguir adiante.	Investigar a situação.	PER>=5	END	xp=1	END	fatigue=1	AEL_MON_0001	Continuar seu caminho.	NONE	END	fatigue=0	END	fatigue=1		RANDOM;NARRATIVE	NONE	11
RND_1233	ACADEMIC	COMMON	ANY	Orinthal	Crystalia	4	118	14	Entre aulas e rivalidades	O corredor da Academia de Valdora está cheio. Um colega pede ajuda, outro provoca você e um professor observa de longe, aparentemente interessado em descobrir quem consegue resolver o problema sem transformar tudo em uma briga.	Investigar a situação.	PER>=5	END	xp=1	END	fatigue=1		Continuar seu caminho.	NONE	END	fatigue=0	END	fatigue=1		RANDOM;NARRATIVE	NONE	6
RND_1234	MONSTER	COMMON	ANY	Tharun	Stone-Âmbar	6	59	12	Rastros na estrada — Leviathan	As marcas no barro contam uma história antes mesmo de você ver a criatura. Galhos quebrados, um cheiro estranho e o silêncio repentino dos pássaros sugerem que um leviathan está próximo. Você pode investigar ou seguir adiante.	Investigar a situação.	PER>=5	END	xp=1	END	fatigue=1	AEL_MON_0001	Continuar seu caminho.	NONE	END	fatigue=0	END	fatigue=1		RANDOM;NARRATIVE	NONE	15
RND_1235	GUILD	COMMON	ANY	Nyssara	Emerald Tide	4	28	4	Mercadoria esquecida	Emerald Tide segue sua rotina, mas pequenos detalhes chamam sua atenção. Um comerciante fala baixo, um viajante observa a estrada e uma oportunidade aparece onde você menos esperava. Em Altheria, até um dia comum pode deixar uma marca.	Investigar a situação.	PER>=5	END	xp=5	END	fatigue=1		Continuar seu caminho.	NONE	END	fatigue=0	END	fatigue=1		RANDOM;NARRATIVE	NONE	14
RND_1236	ACADEMIC	COMMON	ANY	Kethruun	Sandbones	3	123	2	Entre aulas e rivalidades	O corredor da Academia de Valdora está cheio. Um colega pede ajuda, outro provoca você e um professor observa de longe, aparentemente interessado em descobrir quem consegue resolver o problema sem transformar tudo em uma briga.	Investigar a situação.	PER>=5	END	xp=6	END	fatigue=1		Continuar seu caminho.	NONE	END	fatigue=0	END	fatigue=1		RANDOM;NARRATIVE	NONE	6
RND_1237	SOCIAL	COMMON	ANY	Zarim	Fornalia	1	126	9	Uma pessoa à beira da estrada	A poucos passos da estrada, uma pessoa surge ofegante. Ela conta que alguém levou seu filho e aponta para a trilha ainda recente. A distância é pequena; o problema é que você não sabe o que encontrará no fim dela.	Investigar a situação.	PER>=5	END	xp=7	END	fatigue=1		Continuar seu caminho.	NONE	END	fatigue=0	END	fatigue=1		RANDOM;NARRATIVE	NONE	11
RND_1238	CITY	COMMON	ANY	Myrthos	Sem nome definido	2	51	5	Sinais na fronteira	Sem nome definido segue sua rotina, mas pequenos detalhes chamam sua atenção. Um comerciante fala baixo, um viajante observa a estrada e uma oportunidade aparece onde você menos esperava. Em Altheria, até um dia comum pode deixar uma marca.	Investigar a situação.	PER>=5	END	xp=1	END	fatigue=1		Continuar seu caminho.	NONE	END	fatigue=0	END	fatigue=1		RANDOM;NARRATIVE	NONE	19
RND_1239	SOCIAL	COMMON	ANY	Zarim	Fornalia	7	15	12	Uma pessoa à beira da estrada	A poucos passos da estrada, uma pessoa surge ofegante. Ela conta que alguém levou seu filho e aponta para a trilha ainda recente. A distância é pequena; o problema é que você não sabe o que encontrará no fim dela.	Investigar a situação.	PER>=5	END	xp=8	END	fatigue=1		Continuar seu caminho.	NONE	END	fatigue=0	END	fatigue=1		RANDOM;NARRATIVE	NONE	11
RND_1240	ACADEMIC	COMMON	ANY	Aeloria	Jorathen	4	81	7	Entre aulas e rivalidades	O corredor da Academia de Valdora está cheio. Um colega pede ajuda, outro provoca você e um professor observa de longe, aparentemente interessado em descobrir quem consegue resolver o problema sem transformar tudo em uma briga.	Investigar a situação.	PER>=5	END	xp=3	END	fatigue=1		Continuar seu caminho.	NONE	END	fatigue=0	END	fatigue=1		RANDOM;NARRATIVE	NONE	17
RND_1241	ROAD	COMMON	ANY	Valkyrion	Volmeria	8	86	8	Uma porta entreaberta	Volmeria segue sua rotina, mas pequenos detalhes chamam sua atenção. Um comerciante fala baixo, um viajante observa a estrada e uma oportunidade aparece onde você menos esperava. Em Altheria, até um dia comum pode deixar uma marca.	Investigar a situação.	PER>=5	END	xp=3	END	fatigue=1		Continuar seu caminho.	NONE	END	fatigue=0	END	fatigue=1		RANDOM;NARRATIVE	NONE	12
RND_1242	ROAD	COMMON	ANY	Orinthal	Crystalia	1	38	8	Rumor de taverna	Crystalia segue sua rotina, mas pequenos detalhes chamam sua atenção. Um comerciante fala baixo, um viajante observa a estrada e uma oportunidade aparece onde você menos esperava. Em Altheria, até um dia comum pode deixar uma marca.	Investigar a situação.	PER>=5	END	xp=2	END	fatigue=1		Continuar seu caminho.	NONE	END	fatigue=0	END	fatigue=1		RANDOM;NARRATIVE	NONE	9
RND_1243	MONSTER	COMMON	ANY	Valkyrion	Volmeria	6	149	2	Rastros na estrada — Minotaur	As marcas no barro contam uma história antes mesmo de você ver a criatura. Galhos quebrados, um cheiro estranho e o silêncio repentino dos pássaros sugerem que um minotaur está próximo. Você pode investigar ou seguir adiante.	Investigar a situação.	PER>=5	END	xp=5	END	fatigue=1	AEL_MON_0001	Continuar seu caminho.	NONE	END	fatigue=0	END	fatigue=1		RANDOM;NARRATIVE	NONE	9
RND_1244	GUILD	COMMON	ANY	Lyrien	Aerocivitus	5	62	7	Pedido inesperado	Aerocivitus segue sua rotina, mas pequenos detalhes chamam sua atenção. Um comerciante fala baixo, um viajante observa a estrada e uma oportunidade aparece onde você menos esperava. Em Altheria, até um dia comum pode deixar uma marca.	Investigar a situação.	PER>=5	END	xp=6	END	fatigue=1		Continuar seu caminho.	NONE	END	fatigue=0	END	fatigue=1		RANDOM;NARRATIVE	NONE	11
RND_1245	OPPORTUNITY	COMMON	ANY	Orinthal	Crystalia	7	79	13	Sinais na fronteira	Crystalia segue sua rotina, mas pequenos detalhes chamam sua atenção. Um comerciante fala baixo, um viajante observa a estrada e uma oportunidade aparece onde você menos esperava. Em Altheria, até um dia comum pode deixar uma marca.	Investigar a situação.	PER>=5	END	xp=4	END	fatigue=1		Continuar seu caminho.	NONE	END	fatigue=0	END	fatigue=1		RANDOM;NARRATIVE	NONE	14
RND_1246	CITY	COMMON	ANY	Myrthos	Sem nome definido	6	12	14	Mercadoria esquecida	Sem nome definido segue sua rotina, mas pequenos detalhes chamam sua atenção. Um comerciante fala baixo, um viajante observa a estrada e uma oportunidade aparece onde você menos esperava. Em Altheria, até um dia comum pode deixar uma marca.	Investigar a situação.	PER>=5	END	xp=3	END	fatigue=1		Continuar seu caminho.	NONE	END	fatigue=0	END	fatigue=1		RANDOM;NARRATIVE	NONE	5
RND_1247	SOCIAL	COMMON	ANY	Aeloria	Wyrmhaven	6	40	9	Uma pessoa à beira da estrada	A poucos passos da estrada, uma pessoa surge ofegante. Ela conta que alguém levou seu filho e aponta para a trilha ainda recente. A distância é pequena; o problema é que você não sabe o que encontrará no fim dela.	Investigar a situação.	PER>=5	END	xp=6	END	fatigue=1		Continuar seu caminho.	NONE	END	fatigue=0	END	fatigue=1		RANDOM;NARRATIVE	NONE	19
RND_1248	ROAD	COMMON	ANY	Kethruun	Sandbones	7	40	11	Sinais na fronteira	Sandbones segue sua rotina, mas pequenos detalhes chamam sua atenção. Um comerciante fala baixo, um viajante observa a estrada e uma oportunidade aparece onde você menos esperava. Em Altheria, até um dia comum pode deixar uma marca.	Investigar a situação.	PER>=5	END	xp=7	END	fatigue=1		Continuar seu caminho.	NONE	END	fatigue=0	END	fatigue=1		RANDOM;NARRATIVE	NONE	10
RND_1249	ACADEMIC	COMMON	ANY	Tharun	Stone-Âmbar	4	34	6	Entre aulas e rivalidades	O corredor da Academia de Valdora está cheio. Um colega pede ajuda, outro provoca você e um professor observa de longe, aparentemente interessado em descobrir quem consegue resolver o problema sem transformar tudo em uma briga.	Investigar a situação.	PER>=5	END	xp=1	END	fatigue=1		Continuar seu caminho.	NONE	END	fatigue=0	END	fatigue=1		RANDOM;NARRATIVE	NONE	11
RND_1250	GUILD	COMMON	ANY	Tharun	Stone-Âmbar	8	56	3	Mercadoria esquecida	Stone-Âmbar segue sua rotina, mas pequenos detalhes chamam sua atenção. Um comerciante fala baixo, um viajante observa a estrada e uma oportunidade aparece onde você menos esperava. Em Altheria, até um dia comum pode deixar uma marca.	Investigar a situação.	PER>=5	END	xp=8	END	fatigue=1		Continuar seu caminho.	NONE	END	fatigue=0	END	fatigue=1		RANDOM;NARRATIVE	NONE	13
RND_1251	OPPORTUNITY	COMMON	ANY	Aeloria	Drakensport	5	36	2	Uma manhã que parecia comum	Drakensport segue sua rotina, mas pequenos detalhes chamam sua atenção. Um comerciante fala baixo, um viajante observa a estrada e uma oportunidade aparece onde você menos esperava. Em Altheria, até um dia comum pode deixar uma marca.	Investigar a situação.	PER>=5	END	xp=8	END	fatigue=1		Continuar seu caminho.	NONE	END	fatigue=0	END	fatigue=1		RANDOM;NARRATIVE	NONE	14
RND_1252	SOCIAL	COMMON	ANY	Lyrien	Aerocivitus	6	71	13	Uma pessoa à beira da estrada	A poucos passos da estrada, uma pessoa surge ofegante. Ela conta que alguém levou seu filho e aponta para a trilha ainda recente. A distância é pequena; o problema é que você não sabe o que encontrará no fim dela.	Investigar a situação.	PER>=5	END	xp=8	END	fatigue=1		Continuar seu caminho.	NONE	END	fatigue=0	END	fatigue=1		RANDOM;NARRATIVE	NONE	6
RND_1253	MONSTER	COMMON	ANY	Orinthal	Crystalia	8	52	7	Rastros na estrada — Rat	As marcas no barro contam uma história antes mesmo de você ver a criatura. Galhos quebrados, um cheiro estranho e o silêncio repentino dos pássaros sugerem que um rat está próximo. Você pode investigar ou seguir adiante.	Investigar a situação.	PER>=5	END	xp=7	END	fatigue=1	AEL_MON_0001	Continuar seu caminho.	NONE	END	fatigue=0	END	fatigue=1		RANDOM;NARRATIVE	NONE	14
RND_1254	CITY	COMMON	ANY	Eshmara	Brumas	4	23	7	Uma porta entreaberta	Brumas segue sua rotina, mas pequenos detalhes chamam sua atenção. Um comerciante fala baixo, um viajante observa a estrada e uma oportunidade aparece onde você menos esperava. Em Altheria, até um dia comum pode deixar uma marca.	Investigar a situação.	PER>=5	END	xp=8	END	fatigue=1		Continuar seu caminho.	NONE	END	fatigue=0	END	fatigue=1		RANDOM;NARRATIVE	NONE	15
RND_1255	ACADEMIC	COMMON	ANY	Orinthal	Crystalia	8	5	9	Entre aulas e rivalidades	O corredor da Academia de Valdora está cheio. Um colega pede ajuda, outro provoca você e um professor observa de longe, aparentemente interessado em descobrir quem consegue resolver o problema sem transformar tudo em uma briga.	Investigar a situação.	PER>=5	END	xp=5	END	fatigue=1		Continuar seu caminho.	NONE	END	fatigue=0	END	fatigue=1		RANDOM;NARRATIVE	NONE	8
RND_1256	SOCIAL	COMMON	ANY	Zarim	Fornalia	1	33	4	Uma pessoa à beira da estrada	A poucos passos da estrada, uma pessoa surge ofegante. Ela conta que alguém levou seu filho e aponta para a trilha ainda recente. A distância é pequena; o problema é que você não sabe o que encontrará no fim dela.	Investigar a situação.	PER>=5	END	xp=8	END	fatigue=1		Continuar seu caminho.	NONE	END	fatigue=0	END	fatigue=1		RANDOM;NARRATIVE	NONE	6
RND_1257	MONSTER	COMMON	ANY	Tharun	Stone-Âmbar	3	67	11	Rastros na estrada — Wyrm	As marcas no barro contam uma história antes mesmo de você ver a criatura. Galhos quebrados, um cheiro estranho e o silêncio repentino dos pássaros sugerem que um wyrm está próximo. Você pode investigar ou seguir adiante.	Investigar a situação.	PER>=5	END	xp=6	END	fatigue=1	AEL_MON_0001	Continuar seu caminho.	NONE	END	fatigue=0	END	fatigue=1		RANDOM;NARRATIVE	NONE	7
RND_1258	ROAD	COMMON	ANY	Aeloria	Arvenholt	6	31	10	Sinais na fronteira	Arvenholt segue sua rotina, mas pequenos detalhes chamam sua atenção. Um comerciante fala baixo, um viajante observa a estrada e uma oportunidade aparece onde você menos esperava. Em Altheria, até um dia comum pode deixar uma marca.	Investigar a situação.	PER>=5	END	xp=1	END	fatigue=1		Continuar seu caminho.	NONE	END	fatigue=0	END	fatigue=1		RANDOM;NARRATIVE	NONE	16
RND_1259	SOCIAL	COMMON	ANY	Kethruun	Sandbones	2	31	7	Uma pessoa à beira da estrada	A poucos passos da estrada, uma pessoa surge ofegante. Ela conta que alguém levou seu filho e aponta para a trilha ainda recente. A distância é pequena; o problema é que você não sabe o que encontrará no fim dela.	Investigar a situação.	PER>=5	END	xp=8	END	fatigue=1		Continuar seu caminho.	NONE	END	fatigue=0	END	fatigue=1		RANDOM;NARRATIVE	NONE	6
RND_1260	ROAD	COMMON	ANY	Tharun	Stone-Âmbar	5	136	14	Pedido inesperado	Stone-Âmbar segue sua rotina, mas pequenos detalhes chamam sua atenção. Um comerciante fala baixo, um viajante observa a estrada e uma oportunidade aparece onde você menos esperava. Em Altheria, até um dia comum pode deixar uma marca.	Investigar a situação.	PER>=5	END	xp=6	END	fatigue=1		Continuar seu caminho.	NONE	END	fatigue=0	END	fatigue=1		RANDOM;NARRATIVE	NONE	18
RND_1261	ROAD	COMMON	ANY	Valkyrion	Volmeria	8	118	10	Uma manhã que parecia comum	Volmeria segue sua rotina, mas pequenos detalhes chamam sua atenção. Um comerciante fala baixo, um viajante observa a estrada e uma oportunidade aparece onde você menos esperava. Em Altheria, até um dia comum pode deixar uma marca.	Investigar a situação.	PER>=5	END	xp=5	END	fatigue=1		Continuar seu caminho.	NONE	END	fatigue=0	END	fatigue=1		RANDOM;NARRATIVE	NONE	4
RND_1262	CITY	COMMON	ANY	Zarim	Fornalia	5	49	3	Uma manhã que parecia comum	Fornalia segue sua rotina, mas pequenos detalhes chamam sua atenção. Um comerciante fala baixo, um viajante observa a estrada e uma oportunidade aparece onde você menos esperava. Em Altheria, até um dia comum pode deixar uma marca.	Investigar a situação.	PER>=5	END	xp=8	END	fatigue=1		Continuar seu caminho.	NONE	END	fatigue=0	END	fatigue=1		RANDOM;NARRATIVE	NONE	12
RND_1263	OPPORTUNITY	COMMON	ANY	Myrthos	Sem nome definido	6	61	13	Pedido inesperado	Sem nome definido segue sua rotina, mas pequenos detalhes chamam sua atenção. Um comerciante fala baixo, um viajante observa a estrada e uma oportunidade aparece onde você menos esperava. Em Altheria, até um dia comum pode deixar uma marca.	Investigar a situação.	PER>=5	END	xp=1	END	fatigue=1		Continuar seu caminho.	NONE	END	fatigue=0	END	fatigue=1		RANDOM;NARRATIVE	NONE	9
RND_1264	MONSTER	COMMON	ANY	Eshmara	Brumas	1	38	3	Rastros na estrada — Beetle	As marcas no barro contam uma história antes mesmo de você ver a criatura. Galhos quebrados, um cheiro estranho e o silêncio repentino dos pássaros sugerem que um beetle está próximo. Você pode investigar ou seguir adiante.	Investigar a situação.	PER>=5	END	xp=7	END	fatigue=1	AEL_MON_0001	Continuar seu caminho.	NONE	END	fatigue=0	END	fatigue=1		RANDOM;NARRATIVE	NONE	10
RND_1265	OPPORTUNITY	COMMON	ANY	Lyrien	Aerocivitus	5	105	6	Pedido inesperado	Aerocivitus segue sua rotina, mas pequenos detalhes chamam sua atenção. Um comerciante fala baixo, um viajante observa a estrada e uma oportunidade aparece onde você menos esperava. Em Altheria, até um dia comum pode deixar uma marca.	Investigar a situação.	PER>=5	END	xp=3	END	fatigue=1		Continuar seu caminho.	NONE	END	fatigue=0	END	fatigue=1		RANDOM;NARRATIVE	NONE	5
RND_1266	OPPORTUNITY	COMMON	ANY	Tharun	Stone-Âmbar	8	97	8	Pedido inesperado	Stone-Âmbar segue sua rotina, mas pequenos detalhes chamam sua atenção. Um comerciante fala baixo, um viajante observa a estrada e uma oportunidade aparece onde você menos esperava. Em Altheria, até um dia comum pode deixar uma marca.	Investigar a situação.	PER>=5	END	xp=6	END	fatigue=1		Continuar seu caminho.	NONE	END	fatigue=0	END	fatigue=1		RANDOM;NARRATIVE	NONE	15
RND_1267	OPPORTUNITY	COMMON	ANY	Kethruun	Sandbones	1	45	3	Uma manhã que parecia comum	Sandbones segue sua rotina, mas pequenos detalhes chamam sua atenção. Um comerciante fala baixo, um viajante observa a estrada e uma oportunidade aparece onde você menos esperava. Em Altheria, até um dia comum pode deixar uma marca.	Investigar a situação.	PER>=5	END	xp=7	END	fatigue=1		Continuar seu caminho.	NONE	END	fatigue=0	END	fatigue=1		RANDOM;NARRATIVE	NONE	13
RND_1268	CITY	COMMON	ANY	Zarim	Fornalia	1	74	10	Pedido inesperado	Fornalia segue sua rotina, mas pequenos detalhes chamam sua atenção. Um comerciante fala baixo, um viajante observa a estrada e uma oportunidade aparece onde você menos esperava. Em Altheria, até um dia comum pode deixar uma marca.	Investigar a situação.	PER>=5	END	xp=1	END	fatigue=1		Continuar seu caminho.	NONE	END	fatigue=0	END	fatigue=1		RANDOM;NARRATIVE	NONE	3
RND_1269	ACADEMIC	COMMON	ANY	Myrthos	Sem nome definido	6	62	14	Entre aulas e rivalidades	O corredor da Academia de Valdora está cheio. Um colega pede ajuda, outro provoca você e um professor observa de longe, aparentemente interessado em descobrir quem consegue resolver o problema sem transformar tudo em uma briga.	Investigar a situação.	PER>=5	END	xp=4	END	fatigue=1		Continuar seu caminho.	NONE	END	fatigue=0	END	fatigue=1		RANDOM;NARRATIVE	NONE	10
RND_1270	ACADEMIC	COMMON	ANY	Tharun	Stone-Âmbar	4	87	8	Entre aulas e rivalidades	O corredor da Academia de Valdora está cheio. Um colega pede ajuda, outro provoca você e um professor observa de longe, aparentemente interessado em descobrir quem consegue resolver o problema sem transformar tudo em uma briga.	Investigar a situação.	PER>=5	END	xp=8	END	fatigue=1		Continuar seu caminho.	NONE	END	fatigue=0	END	fatigue=1		RANDOM;NARRATIVE	NONE	15
RND_1271	SOCIAL	COMMON	ANY	Kethruun	Sandbones	6	109	9	Uma pessoa à beira da estrada	A poucos passos da estrada, uma pessoa surge ofegante. Ela conta que alguém levou seu filho e aponta para a trilha ainda recente. A distância é pequena; o problema é que você não sabe o que encontrará no fim dela.	Investigar a situação.	PER>=5	END	xp=8	END	fatigue=1		Continuar seu caminho.	NONE	END	fatigue=0	END	fatigue=1		RANDOM;NARRATIVE	NONE	19
RND_1272	SOCIAL	COMMON	ANY	Nyssara	Emerald Tide	3	125	11	Uma pessoa à beira da estrada	A poucos passos da estrada, uma pessoa surge ofegante. Ela conta que alguém levou seu filho e aponta para a trilha ainda recente. A distância é pequena; o problema é que você não sabe o que encontrará no fim dela.	Investigar a situação.	PER>=5	END	xp=6	END	fatigue=1		Continuar seu caminho.	NONE	END	fatigue=0	END	fatigue=1		RANDOM;NARRATIVE	NONE	4
RND_1273	GUILD	COMMON	ANY	Lyrien	Aerocivitus	5	22	5	Mercadoria esquecida	Aerocivitus segue sua rotina, mas pequenos detalhes chamam sua atenção. Um comerciante fala baixo, um viajante observa a estrada e uma oportunidade aparece onde você menos esperava. Em Altheria, até um dia comum pode deixar uma marca.	Investigar a situação.	PER>=5	END	xp=8	END	fatigue=1		Continuar seu caminho.	NONE	END	fatigue=0	END	fatigue=1		RANDOM;NARRATIVE	NONE	14
RND_1274	OPPORTUNITY	COMMON	ANY	Lyrien	Aerocivitus	8	88	7	Sinais na fronteira	Aerocivitus segue sua rotina, mas pequenos detalhes chamam sua atenção. Um comerciante fala baixo, um viajante observa a estrada e uma oportunidade aparece onde você menos esperava. Em Altheria, até um dia comum pode deixar uma marca.	Investigar a situação.	PER>=5	END	xp=4	END	fatigue=1		Continuar seu caminho.	NONE	END	fatigue=0	END	fatigue=1		RANDOM;NARRATIVE	NONE	19
RND_1275	OPPORTUNITY	COMMON	ANY	Aeloria	Windralith	1	127	3	Uma manhã que parecia comum	Windralith segue sua rotina, mas pequenos detalhes chamam sua atenção. Um comerciante fala baixo, um viajante observa a estrada e uma oportunidade aparece onde você menos esperava. Em Altheria, até um dia comum pode deixar uma marca.	Investigar a situação.	PER>=5	END	xp=3	END	fatigue=1		Continuar seu caminho.	NONE	END	fatigue=0	END	fatigue=1		RANDOM;NARRATIVE	NONE	16
RND_1276	ACADEMIC	COMMON	ANY	Nyssara	Emerald Tide	5	108	5	Entre aulas e rivalidades	O corredor da Academia de Valdora está cheio. Um colega pede ajuda, outro provoca você e um professor observa de longe, aparentemente interessado em descobrir quem consegue resolver o problema sem transformar tudo em uma briga.	Investigar a situação.	PER>=5	END	xp=3	END	fatigue=1		Continuar seu caminho.	NONE	END	fatigue=0	END	fatigue=1		RANDOM;NARRATIVE	NONE	19
RND_1277	OPPORTUNITY	COMMON	ANY	Myrthos	Sem nome definido	6	43	9	Rumor de taverna	Sem nome definido segue sua rotina, mas pequenos detalhes chamam sua atenção. Um comerciante fala baixo, um viajante observa a estrada e uma oportunidade aparece onde você menos esperava. Em Altheria, até um dia comum pode deixar uma marca.	Investigar a situação.	PER>=5	END	xp=7	END	fatigue=1		Continuar seu caminho.	NONE	END	fatigue=0	END	fatigue=1		RANDOM;NARRATIVE	NONE	14
RND_1278	SOCIAL	COMMON	ANY	Tharun	Stone-Âmbar	5	73	7	Uma pessoa à beira da estrada	A poucos passos da estrada, uma pessoa surge ofegante. Ela conta que alguém levou seu filho e aponta para a trilha ainda recente. A distância é pequena; o problema é que você não sabe o que encontrará no fim dela.	Investigar a situação.	PER>=5	END	xp=6	END	fatigue=1		Continuar seu caminho.	NONE	END	fatigue=0	END	fatigue=1		RANDOM;NARRATIVE	NONE	17
RND_1279	ROAD	COMMON	ANY	Orinthal	Crystalia	3	44	5	Uma manhã que parecia comum	Crystalia segue sua rotina, mas pequenos detalhes chamam sua atenção. Um comerciante fala baixo, um viajante observa a estrada e uma oportunidade aparece onde você menos esperava. Em Altheria, até um dia comum pode deixar uma marca.	Investigar a situação.	PER>=5	END	xp=8	END	fatigue=1		Continuar seu caminho.	NONE	END	fatigue=0	END	fatigue=1		RANDOM;NARRATIVE	NONE	13
RND_1280	SOCIAL	COMMON	ANY	Zarim	Fornalia	7	70	8	Uma pessoa à beira da estrada	A poucos passos da estrada, uma pessoa surge ofegante. Ela conta que alguém levou seu filho e aponta para a trilha ainda recente. A distância é pequena; o problema é que você não sabe o que encontrará no fim dela.	Investigar a situação.	PER>=5	END	xp=8	END	fatigue=1		Continuar seu caminho.	NONE	END	fatigue=0	END	fatigue=1		RANDOM;NARRATIVE	NONE	18
RND_1281	ROAD	COMMON	ANY	Eshmara	Brumas	2	13	2	Sinais na fronteira	Brumas segue sua rotina, mas pequenos detalhes chamam sua atenção. Um comerciante fala baixo, um viajante observa a estrada e uma oportunidade aparece onde você menos esperava. Em Altheria, até um dia comum pode deixar uma marca.	Investigar a situação.	PER>=5	END	xp=3	END	fatigue=1		Continuar seu caminho.	NONE	END	fatigue=0	END	fatigue=1		RANDOM;NARRATIVE	NONE	17
RND_1282	ACADEMIC	COMMON	ANY	Myrthos	Sem nome definido	1	92	2	Entre aulas e rivalidades	O corredor da Academia de Valdora está cheio. Um colega pede ajuda, outro provoca você e um professor observa de longe, aparentemente interessado em descobrir quem consegue resolver o problema sem transformar tudo em uma briga.	Investigar a situação.	PER>=5	END	xp=8	END	fatigue=1		Continuar seu caminho.	NONE	END	fatigue=0	END	fatigue=1		RANDOM;NARRATIVE	NONE	12
RND_1283	OPPORTUNITY	COMMON	ANY	Valkyrion	Volmeria	6	149	14	Uma porta entreaberta	Volmeria segue sua rotina, mas pequenos detalhes chamam sua atenção. Um comerciante fala baixo, um viajante observa a estrada e uma oportunidade aparece onde você menos esperava. Em Altheria, até um dia comum pode deixar uma marca.	Investigar a situação.	PER>=5	END	xp=8	END	fatigue=1		Continuar seu caminho.	NONE	END	fatigue=0	END	fatigue=1		RANDOM;NARRATIVE	NONE	12
RND_1284	CITY	COMMON	ANY	Tharun	Stone-Âmbar	3	83	11	Rumor de taverna	Stone-Âmbar segue sua rotina, mas pequenos detalhes chamam sua atenção. Um comerciante fala baixo, um viajante observa a estrada e uma oportunidade aparece onde você menos esperava. Em Altheria, até um dia comum pode deixar uma marca.	Investigar a situação.	PER>=5	END	xp=5	END	fatigue=1		Continuar seu caminho.	NONE	END	fatigue=0	END	fatigue=1		RANDOM;NARRATIVE	NONE	19
RND_1285	MONSTER	COMMON	ANY	Eshmara	Brumas	2	102	3	Rastros na estrada — Golem	As marcas no barro contam uma história antes mesmo de você ver a criatura. Galhos quebrados, um cheiro estranho e o silêncio repentino dos pássaros sugerem que um golem está próximo. Você pode investigar ou seguir adiante.	Investigar a situação.	PER>=5	END	xp=5	END	fatigue=1	AEL_MON_0001	Continuar seu caminho.	NONE	END	fatigue=0	END	fatigue=1		RANDOM;NARRATIVE	NONE	5
RND_1286	GUILD	COMMON	ANY	Nyssara	Emerald Tide	1	119	11	Sinais na fronteira	Emerald Tide segue sua rotina, mas pequenos detalhes chamam sua atenção. Um comerciante fala baixo, um viajante observa a estrada e uma oportunidade aparece onde você menos esperava. Em Altheria, até um dia comum pode deixar uma marca.	Investigar a situação.	PER>=5	END	xp=7	END	fatigue=1		Continuar seu caminho.	NONE	END	fatigue=0	END	fatigue=1		RANDOM;NARRATIVE	NONE	18
RND_1287	ROAD	COMMON	ANY	Nyssara	Emerald Tide	3	16	3	Mercadoria esquecida	Emerald Tide segue sua rotina, mas pequenos detalhes chamam sua atenção. Um comerciante fala baixo, um viajante observa a estrada e uma oportunidade aparece onde você menos esperava. Em Altheria, até um dia comum pode deixar uma marca.	Investigar a situação.	PER>=5	END	xp=6	END	fatigue=1		Continuar seu caminho.	NONE	END	fatigue=0	END	fatigue=1		RANDOM;NARRATIVE	NONE	19
RND_1288	GUILD	COMMON	ANY	Lyrien	Aerocivitus	6	82	10	Pedido inesperado	Aerocivitus segue sua rotina, mas pequenos detalhes chamam sua atenção. Um comerciante fala baixo, um viajante observa a estrada e uma oportunidade aparece onde você menos esperava. Em Altheria, até um dia comum pode deixar uma marca.	Investigar a situação.	PER>=5	END	xp=7	END	fatigue=1		Continuar seu caminho.	NONE	END	fatigue=0	END	fatigue=1		RANDOM;NARRATIVE	NONE	11
RND_1289	CITY	COMMON	ANY	Valkyrion	Volmeria	8	117	14	Mercadoria esquecida	Volmeria segue sua rotina, mas pequenos detalhes chamam sua atenção. Um comerciante fala baixo, um viajante observa a estrada e uma oportunidade aparece onde você menos esperava. Em Altheria, até um dia comum pode deixar uma marca.	Investigar a situação.	PER>=5	END	xp=1	END	fatigue=1		Continuar seu caminho.	NONE	END	fatigue=0	END	fatigue=1		RANDOM;NARRATIVE	NONE	6
RND_1290	OPPORTUNITY	COMMON	ANY	Nyssara	Emerald Tide	4	121	6	Uma manhã que parecia comum	Emerald Tide segue sua rotina, mas pequenos detalhes chamam sua atenção. Um comerciante fala baixo, um viajante observa a estrada e uma oportunidade aparece onde você menos esperava. Em Altheria, até um dia comum pode deixar uma marca.	Investigar a situação.	PER>=5	END	xp=2	END	fatigue=1		Continuar seu caminho.	NONE	END	fatigue=0	END	fatigue=1		RANDOM;NARRATIVE	NONE	13
RND_1291	ROAD	COMMON	ANY	Lyrien	Aerocivitus	7	90	12	Sinais na fronteira	Aerocivitus segue sua rotina, mas pequenos detalhes chamam sua atenção. Um comerciante fala baixo, um viajante observa a estrada e uma oportunidade aparece onde você menos esperava. Em Altheria, até um dia comum pode deixar uma marca.	Investigar a situação.	PER>=5	END	xp=5	END	fatigue=1		Continuar seu caminho.	NONE	END	fatigue=0	END	fatigue=1		RANDOM;NARRATIVE	NONE	10
RND_1292	MONSTER	COMMON	ANY	Kethruun	Sandbones	7	1	6	Rastros na estrada — Lynx	As marcas no barro contam uma história antes mesmo de você ver a criatura. Galhos quebrados, um cheiro estranho e o silêncio repentino dos pássaros sugerem que um lynx está próximo. Você pode investigar ou seguir adiante.	Investigar a situação.	PER>=5	END	xp=6	END	fatigue=1	AEL_MON_0001	Continuar seu caminho.	NONE	END	fatigue=0	END	fatigue=1		RANDOM;NARRATIVE	NONE	15
RND_1293	SOCIAL	COMMON	ANY	Valkyrion	Volmeria	6	51	7	Uma pessoa à beira da estrada	A poucos passos da estrada, uma pessoa surge ofegante. Ela conta que alguém levou seu filho e aponta para a trilha ainda recente. A distância é pequena; o problema é que você não sabe o que encontrará no fim dela.	Investigar a situação.	PER>=5	END	xp=4	END	fatigue=1		Continuar seu caminho.	NONE	END	fatigue=0	END	fatigue=1		RANDOM;NARRATIVE	NONE	11
RND_1294	CITY	COMMON	ANY	Zarim	Fornalia	6	23	10	Sinais na fronteira	Fornalia segue sua rotina, mas pequenos detalhes chamam sua atenção. Um comerciante fala baixo, um viajante observa a estrada e uma oportunidade aparece onde você menos esperava. Em Altheria, até um dia comum pode deixar uma marca.	Investigar a situação.	PER>=5	END	xp=2	END	fatigue=1		Continuar seu caminho.	NONE	END	fatigue=0	END	fatigue=1		RANDOM;NARRATIVE	NONE	7
RND_1295	OPPORTUNITY	COMMON	ANY	Myrthos	Sem nome definido	2	140	9	Rumor de taverna	Sem nome definido segue sua rotina, mas pequenos detalhes chamam sua atenção. Um comerciante fala baixo, um viajante observa a estrada e uma oportunidade aparece onde você menos esperava. Em Altheria, até um dia comum pode deixar uma marca.	Investigar a situação.	PER>=5	END	xp=4	END	fatigue=1		Continuar seu caminho.	NONE	END	fatigue=0	END	fatigue=1		RANDOM;NARRATIVE	NONE	16
RND_1296	CITY	COMMON	ANY	Kethruun	Sandbones	3	37	12	Uma manhã que parecia comum	Sandbones segue sua rotina, mas pequenos detalhes chamam sua atenção. Um comerciante fala baixo, um viajante observa a estrada e uma oportunidade aparece onde você menos esperava. Em Altheria, até um dia comum pode deixar uma marca.	Investigar a situação.	PER>=5	END	xp=8	END	fatigue=1		Continuar seu caminho.	NONE	END	fatigue=0	END	fatigue=1		RANDOM;NARRATIVE	NONE	15
RND_1297	ACADEMIC	COMMON	ANY	Myrthos	Sem nome definido	1	123	6	Entre aulas e rivalidades	O corredor da Academia de Valdora está cheio. Um colega pede ajuda, outro provoca você e um professor observa de longe, aparentemente interessado em descobrir quem consegue resolver o problema sem transformar tudo em uma briga.	Investigar a situação.	PER>=5	END	xp=5	END	fatigue=1		Continuar seu caminho.	NONE	END	fatigue=0	END	fatigue=1		RANDOM;NARRATIVE	NONE	6
RND_1298	CITY	COMMON	ANY	Orinthal	Crystalia	1	24	9	Rumor de taverna	Crystalia segue sua rotina, mas pequenos detalhes chamam sua atenção. Um comerciante fala baixo, um viajante observa a estrada e uma oportunidade aparece onde você menos esperava. Em Altheria, até um dia comum pode deixar uma marca.	Investigar a situação.	PER>=5	END	xp=3	END	fatigue=1		Continuar seu caminho.	NONE	END	fatigue=0	END	fatigue=1		RANDOM;NARRATIVE	NONE	17
RND_1299	MONSTER	COMMON	ANY	Lyrien	Aerocivitus	6	4	13	Rastros na estrada — Kraken	As marcas no barro contam uma história antes mesmo de você ver a criatura. Galhos quebrados, um cheiro estranho e o silêncio repentino dos pássaros sugerem que um kraken está próximo. Você pode investigar ou seguir adiante.	Investigar a situação.	PER>=5	END	xp=6	END	fatigue=1	AEL_MON_0001	Continuar seu caminho.	NONE	END	fatigue=0	END	fatigue=1		RANDOM;NARRATIVE	NONE	13
RND_1300	ROAD	COMMON	ANY	Kethruun	Sandbones	4	75	8	Mercadoria esquecida	Sandbones segue sua rotina, mas pequenos detalhes chamam sua atenção. Um comerciante fala baixo, um viajante observa a estrada e uma oportunidade aparece onde você menos esperava. Em Altheria, até um dia comum pode deixar uma marca.	Investigar a situação.	PER>=5	END	xp=7	END	fatigue=1		Continuar seu caminho.	NONE	END	fatigue=0	END	fatigue=1		RANDOM;NARRATIVE	NONE	4
RND_1301	OPPORTUNITY	COMMON	ANY	Valkyrion	Volmeria	2	78	11	Rumor de taverna	Volmeria segue sua rotina, mas pequenos detalhes chamam sua atenção. Um comerciante fala baixo, um viajante observa a estrada e uma oportunidade aparece onde você menos esperava. Em Altheria, até um dia comum pode deixar uma marca.	Investigar a situação.	PER>=5	END	xp=5	END	fatigue=1		Continuar seu caminho.	NONE	END	fatigue=0	END	fatigue=1		RANDOM;NARRATIVE	NONE	3
RND_1302	CITY	COMMON	ANY	Myrthos	Sem nome definido	5	47	11	Mercadoria esquecida	Sem nome definido segue sua rotina, mas pequenos detalhes chamam sua atenção. Um comerciante fala baixo, um viajante observa a estrada e uma oportunidade aparece onde você menos esperava. Em Altheria, até um dia comum pode deixar uma marca.	Investigar a situação.	PER>=5	END	xp=1	END	fatigue=1		Continuar seu caminho.	NONE	END	fatigue=0	END	fatigue=1		RANDOM;NARRATIVE	NONE	12
RND_1303	MONSTER	COMMON	ANY	Lyrien	Aerocivitus	6	3	3	Rastros na estrada — Chimera	As marcas no barro contam uma história antes mesmo de você ver a criatura. Galhos quebrados, um cheiro estranho e o silêncio repentino dos pássaros sugerem que um chimera está próximo. Você pode investigar ou seguir adiante.	Investigar a situação.	PER>=5	END	xp=6	END	fatigue=1	AEL_MON_0001	Continuar seu caminho.	NONE	END	fatigue=0	END	fatigue=1		RANDOM;NARRATIVE	NONE	11
RND_1304	CITY	COMMON	ANY	Zarim	Fornalia	2	92	13	Sinais na fronteira	Fornalia segue sua rotina, mas pequenos detalhes chamam sua atenção. Um comerciante fala baixo, um viajante observa a estrada e uma oportunidade aparece onde você menos esperava. Em Altheria, até um dia comum pode deixar uma marca.	Investigar a situação.	PER>=5	END	xp=6	END	fatigue=1		Continuar seu caminho.	NONE	END	fatigue=0	END	fatigue=1		RANDOM;NARRATIVE	NONE	6
RND_1305	CITY	COMMON	ANY	Lyrien	Aerocivitus	5	91	9	Mercadoria esquecida	Aerocivitus segue sua rotina, mas pequenos detalhes chamam sua atenção. Um comerciante fala baixo, um viajante observa a estrada e uma oportunidade aparece onde você menos esperava. Em Altheria, até um dia comum pode deixar uma marca.	Investigar a situação.	PER>=5	END	xp=7	END	fatigue=1		Continuar seu caminho.	NONE	END	fatigue=0	END	fatigue=1		RANDOM;NARRATIVE	NONE	5
RND_1306	CITY	COMMON	ANY	Kethruun	Sandbones	7	101	9	Uma porta entreaberta	Sandbones segue sua rotina, mas pequenos detalhes chamam sua atenção. Um comerciante fala baixo, um viajante observa a estrada e uma oportunidade aparece onde você menos esperava. Em Altheria, até um dia comum pode deixar uma marca.	Investigar a situação.	PER>=5	END	xp=3	END	fatigue=1		Continuar seu caminho.	NONE	END	fatigue=0	END	fatigue=1		RANDOM;NARRATIVE	NONE	13
RND_1307	ROAD	COMMON	ANY	Aeloria	Runedral	2	80	4	Uma manhã que parecia comum	Runedral segue sua rotina, mas pequenos detalhes chamam sua atenção. Um comerciante fala baixo, um viajante observa a estrada e uma oportunidade aparece onde você menos esperava. Em Altheria, até um dia comum pode deixar uma marca.	Investigar a situação.	PER>=5	END	xp=6	END	fatigue=1		Continuar seu caminho.	NONE	END	fatigue=0	END	fatigue=1		RANDOM;NARRATIVE	NONE	17
RND_1308	MONSTER	COMMON	ANY	Tharun	Stone-Âmbar	7	13	14	Rastros na estrada — Titan	As marcas no barro contam uma história antes mesmo de você ver a criatura. Galhos quebrados, um cheiro estranho e o silêncio repentino dos pássaros sugerem que um titan está próximo. Você pode investigar ou seguir adiante.	Investigar a situação.	PER>=5	END	xp=4	END	fatigue=1	AEL_MON_0001	Continuar seu caminho.	NONE	END	fatigue=0	END	fatigue=1		RANDOM;NARRATIVE	NONE	3
RND_1309	CITY	COMMON	ANY	Myrthos	Sem nome definido	8	85	12	Uma porta entreaberta	Sem nome definido segue sua rotina, mas pequenos detalhes chamam sua atenção. Um comerciante fala baixo, um viajante observa a estrada e uma oportunidade aparece onde você menos esperava. Em Altheria, até um dia comum pode deixar uma marca.	Investigar a situação.	PER>=5	END	xp=7	END	fatigue=1		Continuar seu caminho.	NONE	END	fatigue=0	END	fatigue=1		RANDOM;NARRATIVE	NONE	5
RND_1310	GUILD	COMMON	ANY	Orinthal	Crystalia	2	97	10	Uma porta entreaberta	Crystalia segue sua rotina, mas pequenos detalhes chamam sua atenção. Um comerciante fala baixo, um viajante observa a estrada e uma oportunidade aparece onde você menos esperava. Em Altheria, até um dia comum pode deixar uma marca.	Investigar a situação.	PER>=5	END	xp=2	END	fatigue=1		Continuar seu caminho.	NONE	END	fatigue=0	END	fatigue=1		RANDOM;NARRATIVE	NONE	19
RND_1311	ACADEMIC	COMMON	ANY	Myrthos	Sem nome definido	5	104	6	Entre aulas e rivalidades	O corredor da Academia de Valdora está cheio. Um colega pede ajuda, outro provoca você e um professor observa de longe, aparentemente interessado em descobrir quem consegue resolver o problema sem transformar tudo em uma briga.	Investigar a situação.	PER>=5	END	xp=6	END	fatigue=1		Continuar seu caminho.	NONE	END	fatigue=0	END	fatigue=1		RANDOM;NARRATIVE	NONE	3
RND_1312	ROAD	COMMON	ANY	Aeloria	Highspire	1	35	2	Uma manhã que parecia comum	Highspire segue sua rotina, mas pequenos detalhes chamam sua atenção. Um comerciante fala baixo, um viajante observa a estrada e uma oportunidade aparece onde você menos esperava. Em Altheria, até um dia comum pode deixar uma marca.	Investigar a situação.	PER>=5	END	xp=1	END	fatigue=1		Continuar seu caminho.	NONE	END	fatigue=0	END	fatigue=1		RANDOM;NARRATIVE	NONE	11
RND_1313	SOCIAL	COMMON	ANY	Aeloria	Eldrath	5	47	14	Uma pessoa à beira da estrada	A poucos passos da estrada, uma pessoa surge ofegante. Ela conta que alguém levou seu filho e aponta para a trilha ainda recente. A distância é pequena; o problema é que você não sabe o que encontrará no fim dela.	Investigar a situação.	PER>=5	END	xp=5	END	fatigue=1		Continuar seu caminho.	NONE	END	fatigue=0	END	fatigue=1		RANDOM;NARRATIVE	NONE	12
RND_1314	SOCIAL	COMMON	ANY	Eshmara	Brumas	1	24	8	Uma pessoa à beira da estrada	A poucos passos da estrada, uma pessoa surge ofegante. Ela conta que alguém levou seu filho e aponta para a trilha ainda recente. A distância é pequena; o problema é que você não sabe o que encontrará no fim dela.	Investigar a situação.	PER>=5	END	xp=1	END	fatigue=1		Continuar seu caminho.	NONE	END	fatigue=0	END	fatigue=1		RANDOM;NARRATIVE	NONE	7
RND_1315	ACADEMIC	COMMON	ANY	Zarim	Fornalia	2	109	8	Entre aulas e rivalidades	O corredor da Academia de Valdora está cheio. Um colega pede ajuda, outro provoca você e um professor observa de longe, aparentemente interessado em descobrir quem consegue resolver o problema sem transformar tudo em uma briga.	Investigar a situação.	PER>=5	END	xp=8	END	fatigue=1		Continuar seu caminho.	NONE	END	fatigue=0	END	fatigue=1		RANDOM;NARRATIVE	NONE	17
RND_1316	ROAD	COMMON	ANY	Orinthal	Crystalia	5	65	9	Uma manhã que parecia comum	Crystalia segue sua rotina, mas pequenos detalhes chamam sua atenção. Um comerciante fala baixo, um viajante observa a estrada e uma oportunidade aparece onde você menos esperava. Em Altheria, até um dia comum pode deixar uma marca.	Investigar a situação.	PER>=5	END	xp=1	END	fatigue=1		Continuar seu caminho.	NONE	END	fatigue=0	END	fatigue=1		RANDOM;NARRATIVE	NONE	7
RND_1317	GUILD	COMMON	ANY	Aeloria	Verdralith	4	119	7	Pedido inesperado	Verdralith segue sua rotina, mas pequenos detalhes chamam sua atenção. Um comerciante fala baixo, um viajante observa a estrada e uma oportunidade aparece onde você menos esperava. Em Altheria, até um dia comum pode deixar uma marca.	Investigar a situação.	PER>=5	END	xp=8	END	fatigue=1		Continuar seu caminho.	NONE	END	fatigue=0	END	fatigue=1		RANDOM;NARRATIVE	NONE	17
RND_1318	OPPORTUNITY	COMMON	ANY	Valkyrion	Volmeria	3	49	6	Rumor de taverna	Volmeria segue sua rotina, mas pequenos detalhes chamam sua atenção. Um comerciante fala baixo, um viajante observa a estrada e uma oportunidade aparece onde você menos esperava. Em Altheria, até um dia comum pode deixar uma marca.	Investigar a situação.	PER>=5	END	xp=5	END	fatigue=1		Continuar seu caminho.	NONE	END	fatigue=0	END	fatigue=1		RANDOM;NARRATIVE	NONE	8
RND_1319	SOCIAL	COMMON	ANY	Eshmara	Brumas	1	146	10	Uma pessoa à beira da estrada	A poucos passos da estrada, uma pessoa surge ofegante. Ela conta que alguém levou seu filho e aponta para a trilha ainda recente. A distância é pequena; o problema é que você não sabe o que encontrará no fim dela.	Investigar a situação.	PER>=5	END	xp=4	END	fatigue=1		Continuar seu caminho.	NONE	END	fatigue=0	END	fatigue=1		RANDOM;NARRATIVE	NONE	17
RND_1320	SOCIAL	COMMON	ANY	Zarim	Fornalia	3	150	13	Uma pessoa à beira da estrada	A poucos passos da estrada, uma pessoa surge ofegante. Ela conta que alguém levou seu filho e aponta para a trilha ainda recente. A distância é pequena; o problema é que você não sabe o que encontrará no fim dela.	Investigar a situação.	PER>=5	END	xp=7	END	fatigue=1		Continuar seu caminho.	NONE	END	fatigue=0	END	fatigue=1		RANDOM;NARRATIVE	NONE	11
RND_1321	CITY	COMMON	ANY	Eshmara	Brumas	8	146	11	Sinais na fronteira	Brumas segue sua rotina, mas pequenos detalhes chamam sua atenção. Um comerciante fala baixo, um viajante observa a estrada e uma oportunidade aparece onde você menos esperava. Em Altheria, até um dia comum pode deixar uma marca.	Investigar a situação.	PER>=5	END	xp=3	END	fatigue=1		Continuar seu caminho.	NONE	END	fatigue=0	END	fatigue=1		RANDOM;NARRATIVE	NONE	13
RND_1322	SOCIAL	COMMON	ANY	Zarim	Fornalia	1	50	6	Uma pessoa à beira da estrada	A poucos passos da estrada, uma pessoa surge ofegante. Ela conta que alguém levou seu filho e aponta para a trilha ainda recente. A distância é pequena; o problema é que você não sabe o que encontrará no fim dela.	Investigar a situação.	PER>=5	END	xp=4	END	fatigue=1		Continuar seu caminho.	NONE	END	fatigue=0	END	fatigue=1		RANDOM;NARRATIVE	NONE	8
RND_1323	OPPORTUNITY	COMMON	ANY	Kethruun	Sandbones	7	3	8	Sinais na fronteira	Sandbones segue sua rotina, mas pequenos detalhes chamam sua atenção. Um comerciante fala baixo, um viajante observa a estrada e uma oportunidade aparece onde você menos esperava. Em Altheria, até um dia comum pode deixar uma marca.	Investigar a situação.	PER>=5	END	xp=5	END	fatigue=1		Continuar seu caminho.	NONE	END	fatigue=0	END	fatigue=1		RANDOM;NARRATIVE	NONE	13
RND_1324	MONSTER	COMMON	ANY	Myrthos	Sem nome definido	7	91	6	Rastros na estrada — Leviathan	As marcas no barro contam uma história antes mesmo de você ver a criatura. Galhos quebrados, um cheiro estranho e o silêncio repentino dos pássaros sugerem que um leviathan está próximo. Você pode investigar ou seguir adiante.	Investigar a situação.	PER>=5	END	xp=6	END	fatigue=1	AEL_MON_0001	Continuar seu caminho.	NONE	END	fatigue=0	END	fatigue=1		RANDOM;NARRATIVE	NONE	7
RND_1325	ACADEMIC	COMMON	ANY	Valkyrion	Volmeria	4	120	2	Entre aulas e rivalidades	O corredor da Academia de Valdora está cheio. Um colega pede ajuda, outro provoca você e um professor observa de longe, aparentemente interessado em descobrir quem consegue resolver o problema sem transformar tudo em uma briga.	Investigar a situação.	PER>=5	END	xp=4	END	fatigue=1		Continuar seu caminho.	NONE	END	fatigue=0	END	fatigue=1		RANDOM;NARRATIVE	NONE	11
RND_1326	SOCIAL	COMMON	ANY	Tharun	Stone-Âmbar	3	51	3	Uma pessoa à beira da estrada	A poucos passos da estrada, uma pessoa surge ofegante. Ela conta que alguém levou seu filho e aponta para a trilha ainda recente. A distância é pequena; o problema é que você não sabe o que encontrará no fim dela.	Investigar a situação.	PER>=5	END	xp=1	END	fatigue=1		Continuar seu caminho.	NONE	END	fatigue=0	END	fatigue=1		RANDOM;NARRATIVE	NONE	10
RND_1327	ROAD	COMMON	ANY	Myrthos	Sem nome definido	7	39	3	Uma manhã que parecia comum	Sem nome definido segue sua rotina, mas pequenos detalhes chamam sua atenção. Um comerciante fala baixo, um viajante observa a estrada e uma oportunidade aparece onde você menos esperava. Em Altheria, até um dia comum pode deixar uma marca.	Investigar a situação.	PER>=5	END	xp=1	END	fatigue=1		Continuar seu caminho.	NONE	END	fatigue=0	END	fatigue=1		RANDOM;NARRATIVE	NONE	11
RND_1328	OPPORTUNITY	COMMON	ANY	Myrthos	Sem nome definido	3	139	8	Sinais na fronteira	Sem nome definido segue sua rotina, mas pequenos detalhes chamam sua atenção. Um comerciante fala baixo, um viajante observa a estrada e uma oportunidade aparece onde você menos esperava. Em Altheria, até um dia comum pode deixar uma marca.	Investigar a situação.	PER>=5	END	xp=1	END	fatigue=1		Continuar seu caminho.	NONE	END	fatigue=0	END	fatigue=1		RANDOM;NARRATIVE	NONE	8
RND_1329	MONSTER	COMMON	ANY	Tharun	Stone-Âmbar	6	19	13	Rastros na estrada — Lynx	As marcas no barro contam uma história antes mesmo de você ver a criatura. Galhos quebrados, um cheiro estranho e o silêncio repentino dos pássaros sugerem que um lynx está próximo. Você pode investigar ou seguir adiante.	Investigar a situação.	PER>=5	END	xp=3	END	fatigue=1	AEL_MON_0001	Continuar seu caminho.	NONE	END	fatigue=0	END	fatigue=1		RANDOM;NARRATIVE	NONE	9
RND_1330	CITY	COMMON	ANY	Myrthos	Sem nome definido	1	21	3	Sinais na fronteira	Sem nome definido segue sua rotina, mas pequenos detalhes chamam sua atenção. Um comerciante fala baixo, um viajante observa a estrada e uma oportunidade aparece onde você menos esperava. Em Altheria, até um dia comum pode deixar uma marca.	Investigar a situação.	PER>=5	END	xp=3	END	fatigue=1		Continuar seu caminho.	NONE	END	fatigue=0	END	fatigue=1		RANDOM;NARRATIVE	NONE	17
RND_1331	CITY	COMMON	ANY	Kethruun	Sandbones	5	68	14	Sinais na fronteira	Sandbones segue sua rotina, mas pequenos detalhes chamam sua atenção. Um comerciante fala baixo, um viajante observa a estrada e uma oportunidade aparece onde você menos esperava. Em Altheria, até um dia comum pode deixar uma marca.	Investigar a situação.	PER>=5	END	xp=3	END	fatigue=1		Continuar seu caminho.	NONE	END	fatigue=0	END	fatigue=1		RANDOM;NARRATIVE	NONE	8
RND_1332	MONSTER	COMMON	ANY	Tharun	Stone-Âmbar	5	121	2	Rastros na estrada — Lynx	As marcas no barro contam uma história antes mesmo de você ver a criatura. Galhos quebrados, um cheiro estranho e o silêncio repentino dos pássaros sugerem que um lynx está próximo. Você pode investigar ou seguir adiante.	Investigar a situação.	PER>=5	END	xp=2	END	fatigue=1	AEL_MON_0001	Continuar seu caminho.	NONE	END	fatigue=0	END	fatigue=1		RANDOM;NARRATIVE	NONE	18
RND_1333	CITY	COMMON	ANY	Aeloria	Loryndor	2	137	3	Rumor de taverna	Loryndor segue sua rotina, mas pequenos detalhes chamam sua atenção. Um comerciante fala baixo, um viajante observa a estrada e uma oportunidade aparece onde você menos esperava. Em Altheria, até um dia comum pode deixar uma marca.	Investigar a situação.	PER>=5	END	xp=6	END	fatigue=1		Continuar seu caminho.	NONE	END	fatigue=0	END	fatigue=1		RANDOM;NARRATIVE	NONE	3
RND_1334	CITY	COMMON	ANY	Myrthos	Sem nome definido	2	10	14	Uma manhã que parecia comum	Sem nome definido segue sua rotina, mas pequenos detalhes chamam sua atenção. Um comerciante fala baixo, um viajante observa a estrada e uma oportunidade aparece onde você menos esperava. Em Altheria, até um dia comum pode deixar uma marca.	Investigar a situação.	PER>=5	END	xp=2	END	fatigue=1		Continuar seu caminho.	NONE	END	fatigue=0	END	fatigue=1		RANDOM;NARRATIVE	NONE	8
RND_1335	OPPORTUNITY	COMMON	ANY	Aeloria	Umbravale	5	9	13	Uma manhã que parecia comum	Umbravale segue sua rotina, mas pequenos detalhes chamam sua atenção. Um comerciante fala baixo, um viajante observa a estrada e uma oportunidade aparece onde você menos esperava. Em Altheria, até um dia comum pode deixar uma marca.	Investigar a situação.	PER>=5	END	xp=5	END	fatigue=1		Continuar seu caminho.	NONE	END	fatigue=0	END	fatigue=1		RANDOM;NARRATIVE	NONE	11
RND_1336	ACADEMIC	COMMON	ANY	Tharun	Stone-Âmbar	8	85	2	Entre aulas e rivalidades	O corredor da Academia de Valdora está cheio. Um colega pede ajuda, outro provoca você e um professor observa de longe, aparentemente interessado em descobrir quem consegue resolver o problema sem transformar tudo em uma briga.	Investigar a situação.	PER>=5	END	xp=5	END	fatigue=1		Continuar seu caminho.	NONE	END	fatigue=0	END	fatigue=1		RANDOM;NARRATIVE	NONE	6
RND_1337	CITY	COMMON	ANY	Kethruun	Sandbones	4	69	7	Uma manhã que parecia comum	Sandbones segue sua rotina, mas pequenos detalhes chamam sua atenção. Um comerciante fala baixo, um viajante observa a estrada e uma oportunidade aparece onde você menos esperava. Em Altheria, até um dia comum pode deixar uma marca.	Investigar a situação.	PER>=5	END	xp=8	END	fatigue=1		Continuar seu caminho.	NONE	END	fatigue=0	END	fatigue=1		RANDOM;NARRATIVE	NONE	4
RND_1338	SOCIAL	COMMON	ANY	Valkyrion	Volmeria	2	11	11	Uma pessoa à beira da estrada	A poucos passos da estrada, uma pessoa surge ofegante. Ela conta que alguém levou seu filho e aponta para a trilha ainda recente. A distância é pequena; o problema é que você não sabe o que encontrará no fim dela.	Investigar a situação.	PER>=5	END	xp=2	END	fatigue=1		Continuar seu caminho.	NONE	END	fatigue=0	END	fatigue=1		RANDOM;NARRATIVE	NONE	17
RND_1339	ROAD	COMMON	ANY	Tharun	Stone-Âmbar	2	26	14	Rumor de taverna	Stone-Âmbar segue sua rotina, mas pequenos detalhes chamam sua atenção. Um comerciante fala baixo, um viajante observa a estrada e uma oportunidade aparece onde você menos esperava. Em Altheria, até um dia comum pode deixar uma marca.	Investigar a situação.	PER>=5	END	xp=5	END	fatigue=1		Continuar seu caminho.	NONE	END	fatigue=0	END	fatigue=1		RANDOM;NARRATIVE	NONE	18
RND_1340	CITY	COMMON	ANY	Valkyrion	Volmeria	4	20	11	Uma manhã que parecia comum	Volmeria segue sua rotina, mas pequenos detalhes chamam sua atenção. Um comerciante fala baixo, um viajante observa a estrada e uma oportunidade aparece onde você menos esperava. Em Altheria, até um dia comum pode deixar uma marca.	Investigar a situação.	PER>=5	END	xp=4	END	fatigue=1		Continuar seu caminho.	NONE	END	fatigue=0	END	fatigue=1		RANDOM;NARRATIVE	NONE	5
RND_1341	ACADEMIC	COMMON	ANY	Nyssara	Emerald Tide	4	25	12	Entre aulas e rivalidades	O corredor da Academia de Valdora está cheio. Um colega pede ajuda, outro provoca você e um professor observa de longe, aparentemente interessado em descobrir quem consegue resolver o problema sem transformar tudo em uma briga.	Investigar a situação.	PER>=5	END	xp=3	END	fatigue=1		Continuar seu caminho.	NONE	END	fatigue=0	END	fatigue=1		RANDOM;NARRATIVE	NONE	12
RND_1342	GUILD	COMMON	ANY	Valkyrion	Volmeria	3	134	12	Mercadoria esquecida	Volmeria segue sua rotina, mas pequenos detalhes chamam sua atenção. Um comerciante fala baixo, um viajante observa a estrada e uma oportunidade aparece onde você menos esperava. Em Altheria, até um dia comum pode deixar uma marca.	Investigar a situação.	PER>=5	END	xp=1	END	fatigue=1		Continuar seu caminho.	NONE	END	fatigue=0	END	fatigue=1		RANDOM;NARRATIVE	NONE	9
RND_1343	MONSTER	COMMON	ANY	Orinthal	Crystalia	3	131	9	Rastros na estrada — Crow	As marcas no barro contam uma história antes mesmo de você ver a criatura. Galhos quebrados, um cheiro estranho e o silêncio repentino dos pássaros sugerem que um crow está próximo. Você pode investigar ou seguir adiante.	Investigar a situação.	PER>=5	END	xp=3	END	fatigue=1	AEL_MON_0001	Continuar seu caminho.	NONE	END	fatigue=0	END	fatigue=1		RANDOM;NARRATIVE	NONE	19
RND_1344	MONSTER	COMMON	ANY	Nyssara	Emerald Tide	3	47	14	Rastros na estrada — Mooncalf	As marcas no barro contam uma história antes mesmo de você ver a criatura. Galhos quebrados, um cheiro estranho e o silêncio repentino dos pássaros sugerem que um mooncalf está próximo. Você pode investigar ou seguir adiante.	Investigar a situação.	PER>=5	END	xp=7	END	fatigue=1	AEL_MON_0001	Continuar seu caminho.	NONE	END	fatigue=0	END	fatigue=1		RANDOM;NARRATIVE	NONE	16
RND_1345	SOCIAL	COMMON	ANY	Aeloria	Norhaven	1	70	7	Uma pessoa à beira da estrada	A poucos passos da estrada, uma pessoa surge ofegante. Ela conta que alguém levou seu filho e aponta para a trilha ainda recente. A distância é pequena; o problema é que você não sabe o que encontrará no fim dela.	Investigar a situação.	PER>=5	END	xp=4	END	fatigue=1		Continuar seu caminho.	NONE	END	fatigue=0	END	fatigue=1		RANDOM;NARRATIVE	NONE	15
RND_1346	GUILD	COMMON	ANY	Zarim	Fornalia	1	141	9	Mercadoria esquecida	Fornalia segue sua rotina, mas pequenos detalhes chamam sua atenção. Um comerciante fala baixo, um viajante observa a estrada e uma oportunidade aparece onde você menos esperava. Em Altheria, até um dia comum pode deixar uma marca.	Investigar a situação.	PER>=5	END	xp=4	END	fatigue=1		Continuar seu caminho.	NONE	END	fatigue=0	END	fatigue=1		RANDOM;NARRATIVE	NONE	11
RND_1347	MONSTER	COMMON	ANY	Tharun	Stone-Âmbar	5	20	11	Rastros na estrada — Unicorn	As marcas no barro contam uma história antes mesmo de você ver a criatura. Galhos quebrados, um cheiro estranho e o silêncio repentino dos pássaros sugerem que um unicorn está próximo. Você pode investigar ou seguir adiante.	Investigar a situação.	PER>=5	END	xp=4	END	fatigue=1	AEL_MON_0001	Continuar seu caminho.	NONE	END	fatigue=0	END	fatigue=1		RANDOM;NARRATIVE	NONE	17
RND_1348	ACADEMIC	COMMON	ANY	Eshmara	Brumas	4	54	13	Entre aulas e rivalidades	O corredor da Academia de Valdora está cheio. Um colega pede ajuda, outro provoca você e um professor observa de longe, aparentemente interessado em descobrir quem consegue resolver o problema sem transformar tudo em uma briga.	Investigar a situação.	PER>=5	END	xp=7	END	fatigue=1		Continuar seu caminho.	NONE	END	fatigue=0	END	fatigue=1		RANDOM;NARRATIVE	NONE	14
RND_1349	ACADEMIC	COMMON	ANY	Valkyrion	Volmeria	4	126	4	Entre aulas e rivalidades	O corredor da Academia de Valdora está cheio. Um colega pede ajuda, outro provoca você e um professor observa de longe, aparentemente interessado em descobrir quem consegue resolver o problema sem transformar tudo em uma briga.	Investigar a situação.	PER>=5	END	xp=1	END	fatigue=1		Continuar seu caminho.	NONE	END	fatigue=0	END	fatigue=1		RANDOM;NARRATIVE	NONE	9
RND_1350	ACADEMIC	COMMON	ANY	Lyrien	Aerocivitus	1	118	7	Entre aulas e rivalidades	O corredor da Academia de Valdora está cheio. Um colega pede ajuda, outro provoca você e um professor observa de longe, aparentemente interessado em descobrir quem consegue resolver o problema sem transformar tudo em uma briga.	Investigar a situação.	PER>=5	END	xp=2	END	fatigue=1		Continuar seu caminho.	NONE	END	fatigue=0	END	fatigue=1		RANDOM;NARRATIVE	NONE	4
RND_1351	MONSTER	COMMON	ANY	Eshmara	Brumas	5	78	9	Rastros na estrada — Troll	As marcas no barro contam uma história antes mesmo de você ver a criatura. Galhos quebrados, um cheiro estranho e o silêncio repentino dos pássaros sugerem que um troll está próximo. Você pode investigar ou seguir adiante.	Investigar a situação.	PER>=5	END	xp=3	END	fatigue=1	AEL_MON_0001	Continuar seu caminho.	NONE	END	fatigue=0	END	fatigue=1		RANDOM;NARRATIVE	NONE	5
RND_1352	MONSTER	COMMON	ANY	Nyssara	Emerald Tide	5	150	7	Rastros na estrada — Elemental	As marcas no barro contam uma história antes mesmo de você ver a criatura. Galhos quebrados, um cheiro estranho e o silêncio repentino dos pássaros sugerem que um elemental está próximo. Você pode investigar ou seguir adiante.	Investigar a situação.	PER>=5	END	xp=7	END	fatigue=1	AEL_MON_0001	Continuar seu caminho.	NONE	END	fatigue=0	END	fatigue=1		RANDOM;NARRATIVE	NONE	7
RND_1353	MONSTER	COMMON	ANY	Nyssara	Emerald Tide	8	76	4	Rastros na estrada — Stag	As marcas no barro contam uma história antes mesmo de você ver a criatura. Galhos quebrados, um cheiro estranho e o silêncio repentino dos pássaros sugerem que um stag está próximo. Você pode investigar ou seguir adiante.	Investigar a situação.	PER>=5	END	xp=4	END	fatigue=1	AEL_MON_0001	Continuar seu caminho.	NONE	END	fatigue=0	END	fatigue=1		RANDOM;NARRATIVE	NONE	19
RND_1354	ROAD	COMMON	ANY	Zarim	Fornalia	3	53	8	Pedido inesperado	Fornalia segue sua rotina, mas pequenos detalhes chamam sua atenção. Um comerciante fala baixo, um viajante observa a estrada e uma oportunidade aparece onde você menos esperava. Em Altheria, até um dia comum pode deixar uma marca.	Investigar a situação.	PER>=5	END	xp=6	END	fatigue=1		Continuar seu caminho.	NONE	END	fatigue=0	END	fatigue=1		RANDOM;NARRATIVE	NONE	15
RND_1355	ACADEMIC	COMMON	ANY	Eshmara	Brumas	1	124	3	Entre aulas e rivalidades	O corredor da Academia de Valdora está cheio. Um colega pede ajuda, outro provoca você e um professor observa de longe, aparentemente interessado em descobrir quem consegue resolver o problema sem transformar tudo em uma briga.	Investigar a situação.	PER>=5	END	xp=7	END	fatigue=1		Continuar seu caminho.	NONE	END	fatigue=0	END	fatigue=1		RANDOM;NARRATIVE	NONE	3
RND_1356	CITY	COMMON	ANY	Myrthos	Sem nome definido	3	21	12	Sinais na fronteira	Sem nome definido segue sua rotina, mas pequenos detalhes chamam sua atenção. Um comerciante fala baixo, um viajante observa a estrada e uma oportunidade aparece onde você menos esperava. Em Altheria, até um dia comum pode deixar uma marca.	Investigar a situação.	PER>=5	END	xp=6	END	fatigue=1		Continuar seu caminho.	NONE	END	fatigue=0	END	fatigue=1		RANDOM;NARRATIVE	NONE	14
RND_1357	OPPORTUNITY	COMMON	ANY	Aeloria	Duskmere	1	13	5	Sinais na fronteira	Duskmere segue sua rotina, mas pequenos detalhes chamam sua atenção. Um comerciante fala baixo, um viajante observa a estrada e uma oportunidade aparece onde você menos esperava. Em Altheria, até um dia comum pode deixar uma marca.	Investigar a situação.	PER>=5	END	xp=4	END	fatigue=1		Continuar seu caminho.	NONE	END	fatigue=0	END	fatigue=1		RANDOM;NARRATIVE	NONE	4
RND_1358	OPPORTUNITY	COMMON	ANY	Nyssara	Emerald Tide	4	141	13	Uma porta entreaberta	Emerald Tide segue sua rotina, mas pequenos detalhes chamam sua atenção. Um comerciante fala baixo, um viajante observa a estrada e uma oportunidade aparece onde você menos esperava. Em Altheria, até um dia comum pode deixar uma marca.	Investigar a situação.	PER>=5	END	xp=1	END	fatigue=1		Continuar seu caminho.	NONE	END	fatigue=0	END	fatigue=1		RANDOM;NARRATIVE	NONE	17
RND_1359	MONSTER	COMMON	ANY	Tharun	Stone-Âmbar	3	7	5	Rastros na estrada — Bear	As marcas no barro contam uma história antes mesmo de você ver a criatura. Galhos quebrados, um cheiro estranho e o silêncio repentino dos pássaros sugerem que um bear está próximo. Você pode investigar ou seguir adiante.	Investigar a situação.	PER>=5	END	xp=1	END	fatigue=1	AEL_MON_0001	Continuar seu caminho.	NONE	END	fatigue=0	END	fatigue=1		RANDOM;NARRATIVE	NONE	7
RND_1360	MONSTER	COMMON	ANY	Aeloria	Jorathen	4	99	14	Rastros na estrada — Harpy	As marcas no barro contam uma história antes mesmo de você ver a criatura. Galhos quebrados, um cheiro estranho e o silêncio repentino dos pássaros sugerem que um harpy está próximo. Você pode investigar ou seguir adiante.	Investigar a situação.	PER>=5	END	xp=6	END	fatigue=1	AEL_MON_0001	Continuar seu caminho.	NONE	END	fatigue=0	END	fatigue=1		RANDOM;NARRATIVE	NONE	17
RND_1361	ACADEMIC	COMMON	ANY	Lyrien	Aerocivitus	1	73	6	Entre aulas e rivalidades	O corredor da Academia de Valdora está cheio. Um colega pede ajuda, outro provoca você e um professor observa de longe, aparentemente interessado em descobrir quem consegue resolver o problema sem transformar tudo em uma briga.	Investigar a situação.	PER>=5	END	xp=7	END	fatigue=1		Continuar seu caminho.	NONE	END	fatigue=0	END	fatigue=1		RANDOM;NARRATIVE	NONE	19
RND_1362	OPPORTUNITY	COMMON	ANY	Lyrien	Aerocivitus	6	41	2	Mercadoria esquecida	Aerocivitus segue sua rotina, mas pequenos detalhes chamam sua atenção. Um comerciante fala baixo, um viajante observa a estrada e uma oportunidade aparece onde você menos esperava. Em Altheria, até um dia comum pode deixar uma marca.	Investigar a situação.	PER>=5	END	xp=1	END	fatigue=1		Continuar seu caminho.	NONE	END	fatigue=0	END	fatigue=1		RANDOM;NARRATIVE	NONE	8
RND_1363	MONSTER	COMMON	ANY	Valkyrion	Volmeria	7	49	12	Rastros na estrada — Kraken	As marcas no barro contam uma história antes mesmo de você ver a criatura. Galhos quebrados, um cheiro estranho e o silêncio repentino dos pássaros sugerem que um kraken está próximo. Você pode investigar ou seguir adiante.	Investigar a situação.	PER>=5	END	xp=6	END	fatigue=1	AEL_MON_0001	Continuar seu caminho.	NONE	END	fatigue=0	END	fatigue=1		RANDOM;NARRATIVE	NONE	8
RND_1364	SOCIAL	COMMON	ANY	Zarim	Fornalia	6	145	13	Uma pessoa à beira da estrada	A poucos passos da estrada, uma pessoa surge ofegante. Ela conta que alguém levou seu filho e aponta para a trilha ainda recente. A distância é pequena; o problema é que você não sabe o que encontrará no fim dela.	Investigar a situação.	PER>=5	END	xp=7	END	fatigue=1		Continuar seu caminho.	NONE	END	fatigue=0	END	fatigue=1		RANDOM;NARRATIVE	NONE	16
RND_1365	SOCIAL	COMMON	ANY	Tharun	Stone-Âmbar	2	70	5	Uma pessoa à beira da estrada	A poucos passos da estrada, uma pessoa surge ofegante. Ela conta que alguém levou seu filho e aponta para a trilha ainda recente. A distância é pequena; o problema é que você não sabe o que encontrará no fim dela.	Investigar a situação.	PER>=5	END	xp=1	END	fatigue=1		Continuar seu caminho.	NONE	END	fatigue=0	END	fatigue=1		RANDOM;NARRATIVE	NONE	8
RND_1366	OPPORTUNITY	COMMON	ANY	Myrthos	Sem nome definido	8	143	5	Rumor de taverna	Sem nome definido segue sua rotina, mas pequenos detalhes chamam sua atenção. Um comerciante fala baixo, um viajante observa a estrada e uma oportunidade aparece onde você menos esperava. Em Altheria, até um dia comum pode deixar uma marca.	Investigar a situação.	PER>=5	END	xp=7	END	fatigue=1		Continuar seu caminho.	NONE	END	fatigue=0	END	fatigue=1		RANDOM;NARRATIVE	NONE	17
RND_1367	SOCIAL	COMMON	ANY	Tharun	Stone-Âmbar	2	127	14	Uma pessoa à beira da estrada	A poucos passos da estrada, uma pessoa surge ofegante. Ela conta que alguém levou seu filho e aponta para a trilha ainda recente. A distância é pequena; o problema é que você não sabe o que encontrará no fim dela.	Investigar a situação.	PER>=5	END	xp=2	END	fatigue=1		Continuar seu caminho.	NONE	END	fatigue=0	END	fatigue=1		RANDOM;NARRATIVE	NONE	19
RND_1368	ACADEMIC	COMMON	ANY	Nyssara	Emerald Tide	4	147	3	Entre aulas e rivalidades	O corredor da Academia de Valdora está cheio. Um colega pede ajuda, outro provoca você e um professor observa de longe, aparentemente interessado em descobrir quem consegue resolver o problema sem transformar tudo em uma briga.	Investigar a situação.	PER>=5	END	xp=7	END	fatigue=1		Continuar seu caminho.	NONE	END	fatigue=0	END	fatigue=1		RANDOM;NARRATIVE	NONE	13
RND_1369	GUILD	COMMON	ANY	Aeloria	Pyrelith	1	82	9	Mercadoria esquecida	Pyrelith segue sua rotina, mas pequenos detalhes chamam sua atenção. Um comerciante fala baixo, um viajante observa a estrada e uma oportunidade aparece onde você menos esperava. Em Altheria, até um dia comum pode deixar uma marca.	Investigar a situação.	PER>=5	END	xp=5	END	fatigue=1		Continuar seu caminho.	NONE	END	fatigue=0	END	fatigue=1		RANDOM;NARRATIVE	NONE	12
RND_1370	OPPORTUNITY	COMMON	ANY	Eshmara	Brumas	4	129	10	Pedido inesperado	Brumas segue sua rotina, mas pequenos detalhes chamam sua atenção. Um comerciante fala baixo, um viajante observa a estrada e uma oportunidade aparece onde você menos esperava. Em Altheria, até um dia comum pode deixar uma marca.	Investigar a situação.	PER>=5	END	xp=8	END	fatigue=1		Continuar seu caminho.	NONE	END	fatigue=0	END	fatigue=1		RANDOM;NARRATIVE	NONE	11
RND_1371	ROAD	COMMON	ANY	Nyssara	Emerald Tide	5	141	5	Pedido inesperado	Emerald Tide segue sua rotina, mas pequenos detalhes chamam sua atenção. Um comerciante fala baixo, um viajante observa a estrada e uma oportunidade aparece onde você menos esperava. Em Altheria, até um dia comum pode deixar uma marca.	Investigar a situação.	PER>=5	END	xp=2	END	fatigue=1		Continuar seu caminho.	NONE	END	fatigue=0	END	fatigue=1		RANDOM;NARRATIVE	NONE	14
RND_1372	ACADEMIC	COMMON	ANY	Myrthos	Sem nome definido	8	129	4	Entre aulas e rivalidades	O corredor da Academia de Valdora está cheio. Um colega pede ajuda, outro provoca você e um professor observa de longe, aparentemente interessado em descobrir quem consegue resolver o problema sem transformar tudo em uma briga.	Investigar a situação.	PER>=5	END	xp=4	END	fatigue=1		Continuar seu caminho.	NONE	END	fatigue=0	END	fatigue=1		RANDOM;NARRATIVE	NONE	13
RND_1373	ACADEMIC	COMMON	ANY	Tharun	Stone-Âmbar	5	59	7	Entre aulas e rivalidades	O corredor da Academia de Valdora está cheio. Um colega pede ajuda, outro provoca você e um professor observa de longe, aparentemente interessado em descobrir quem consegue resolver o problema sem transformar tudo em uma briga.	Investigar a situação.	PER>=5	END	xp=1	END	fatigue=1		Continuar seu caminho.	NONE	END	fatigue=0	END	fatigue=1		RANDOM;NARRATIVE	NONE	15
RND_1374	SOCIAL	COMMON	ANY	Kethruun	Sandbones	3	79	3	Uma pessoa à beira da estrada	A poucos passos da estrada, uma pessoa surge ofegante. Ela conta que alguém levou seu filho e aponta para a trilha ainda recente. A distância é pequena; o problema é que você não sabe o que encontrará no fim dela.	Investigar a situação.	PER>=5	END	xp=5	END	fatigue=1		Continuar seu caminho.	NONE	END	fatigue=0	END	fatigue=1		RANDOM;NARRATIVE	NONE	16
RND_1375	OPPORTUNITY	COMMON	ANY	Orinthal	Crystalia	7	51	10	Uma manhã que parecia comum	Crystalia segue sua rotina, mas pequenos detalhes chamam sua atenção. Um comerciante fala baixo, um viajante observa a estrada e uma oportunidade aparece onde você menos esperava. Em Altheria, até um dia comum pode deixar uma marca.	Investigar a situação.	PER>=5	END	xp=1	END	fatigue=1		Continuar seu caminho.	NONE	END	fatigue=0	END	fatigue=1		RANDOM;NARRATIVE	NONE	15
RND_1376	GUILD	COMMON	ANY	Nyssara	Emerald Tide	8	79	6	Mercadoria esquecida	Emerald Tide segue sua rotina, mas pequenos detalhes chamam sua atenção. Um comerciante fala baixo, um viajante observa a estrada e uma oportunidade aparece onde você menos esperava. Em Altheria, até um dia comum pode deixar uma marca.	Investigar a situação.	PER>=5	END	xp=2	END	fatigue=1		Continuar seu caminho.	NONE	END	fatigue=0	END	fatigue=1		RANDOM;NARRATIVE	NONE	8
RND_1377	GUILD	COMMON	ANY	Nyssara	Emerald Tide	7	126	12	Rumor de taverna	Emerald Tide segue sua rotina, mas pequenos detalhes chamam sua atenção. Um comerciante fala baixo, um viajante observa a estrada e uma oportunidade aparece onde você menos esperava. Em Altheria, até um dia comum pode deixar uma marca.	Investigar a situação.	PER>=5	END	xp=3	END	fatigue=1		Continuar seu caminho.	NONE	END	fatigue=0	END	fatigue=1		RANDOM;NARRATIVE	NONE	5
RND_1378	MONSTER	COMMON	ANY	Tharun	Stone-Âmbar	5	18	2	Rastros na estrada — Kraken	As marcas no barro contam uma história antes mesmo de você ver a criatura. Galhos quebrados, um cheiro estranho e o silêncio repentino dos pássaros sugerem que um kraken está próximo. Você pode investigar ou seguir adiante.	Investigar a situação.	PER>=5	END	xp=8	END	fatigue=1	AEL_MON_0001	Continuar seu caminho.	NONE	END	fatigue=0	END	fatigue=1		RANDOM;NARRATIVE	NONE	8
RND_1379	SOCIAL	COMMON	ANY	Eshmara	Brumas	1	7	4	Uma pessoa à beira da estrada	A poucos passos da estrada, uma pessoa surge ofegante. Ela conta que alguém levou seu filho e aponta para a trilha ainda recente. A distância é pequena; o problema é que você não sabe o que encontrará no fim dela.	Investigar a situação.	PER>=5	END	xp=8	END	fatigue=1		Continuar seu caminho.	NONE	END	fatigue=0	END	fatigue=1		RANDOM;NARRATIVE	NONE	19
RND_1380	OPPORTUNITY	COMMON	ANY	Zarim	Fornalia	4	4	13	Uma porta entreaberta	Fornalia segue sua rotina, mas pequenos detalhes chamam sua atenção. Um comerciante fala baixo, um viajante observa a estrada e uma oportunidade aparece onde você menos esperava. Em Altheria, até um dia comum pode deixar uma marca.	Investigar a situação.	PER>=5	END	xp=4	END	fatigue=1		Continuar seu caminho.	NONE	END	fatigue=0	END	fatigue=1		RANDOM;NARRATIVE	NONE	12
RND_1381	ROAD	COMMON	ANY	Kethruun	Sandbones	1	123	5	Sinais na fronteira	Sandbones segue sua rotina, mas pequenos detalhes chamam sua atenção. Um comerciante fala baixo, um viajante observa a estrada e uma oportunidade aparece onde você menos esperava. Em Altheria, até um dia comum pode deixar uma marca.	Investigar a situação.	PER>=5	END	xp=8	END	fatigue=1		Continuar seu caminho.	NONE	END	fatigue=0	END	fatigue=1		RANDOM;NARRATIVE	NONE	10
RND_1382	SOCIAL	COMMON	ANY	Eshmara	Brumas	8	101	11	Uma pessoa à beira da estrada	A poucos passos da estrada, uma pessoa surge ofegante. Ela conta que alguém levou seu filho e aponta para a trilha ainda recente. A distância é pequena; o problema é que você não sabe o que encontrará no fim dela.	Investigar a situação.	PER>=5	END	xp=6	END	fatigue=1		Continuar seu caminho.	NONE	END	fatigue=0	END	fatigue=1		RANDOM;NARRATIVE	NONE	6
RND_1383	OPPORTUNITY	COMMON	ANY	Eshmara	Brumas	2	85	5	Uma porta entreaberta	Brumas segue sua rotina, mas pequenos detalhes chamam sua atenção. Um comerciante fala baixo, um viajante observa a estrada e uma oportunidade aparece onde você menos esperava. Em Altheria, até um dia comum pode deixar uma marca.	Investigar a situação.	PER>=5	END	xp=6	END	fatigue=1		Continuar seu caminho.	NONE	END	fatigue=0	END	fatigue=1		RANDOM;NARRATIVE	NONE	4
RND_1384	OPPORTUNITY	COMMON	ANY	Lyrien	Aerocivitus	1	118	8	Rumor de taverna	Aerocivitus segue sua rotina, mas pequenos detalhes chamam sua atenção. Um comerciante fala baixo, um viajante observa a estrada e uma oportunidade aparece onde você menos esperava. Em Altheria, até um dia comum pode deixar uma marca.	Investigar a situação.	PER>=5	END	xp=8	END	fatigue=1		Continuar seu caminho.	NONE	END	fatigue=0	END	fatigue=1		RANDOM;NARRATIVE	NONE	4
RND_1385	ACADEMIC	COMMON	ANY	Orinthal	Crystalia	4	79	5	Entre aulas e rivalidades	O corredor da Academia de Valdora está cheio. Um colega pede ajuda, outro provoca você e um professor observa de longe, aparentemente interessado em descobrir quem consegue resolver o problema sem transformar tudo em uma briga.	Investigar a situação.	PER>=5	END	xp=1	END	fatigue=1		Continuar seu caminho.	NONE	END	fatigue=0	END	fatigue=1		RANDOM;NARRATIVE	NONE	6
RND_1386	GUILD	COMMON	ANY	Myrthos	Sem nome definido	1	60	3	Uma manhã que parecia comum	Sem nome definido segue sua rotina, mas pequenos detalhes chamam sua atenção. Um comerciante fala baixo, um viajante observa a estrada e uma oportunidade aparece onde você menos esperava. Em Altheria, até um dia comum pode deixar uma marca.	Investigar a situação.	PER>=5	END	xp=7	END	fatigue=1		Continuar seu caminho.	NONE	END	fatigue=0	END	fatigue=1		RANDOM;NARRATIVE	NONE	5
RND_1387	OPPORTUNITY	COMMON	ANY	Kethruun	Sandbones	3	6	7	Sinais na fronteira	Sandbones segue sua rotina, mas pequenos detalhes chamam sua atenção. Um comerciante fala baixo, um viajante observa a estrada e uma oportunidade aparece onde você menos esperava. Em Altheria, até um dia comum pode deixar uma marca.	Investigar a situação.	PER>=5	END	xp=5	END	fatigue=1		Continuar seu caminho.	NONE	END	fatigue=0	END	fatigue=1		RANDOM;NARRATIVE	NONE	5
RND_1388	GUILD	COMMON	ANY	Eshmara	Brumas	1	131	5	Rumor de taverna	Brumas segue sua rotina, mas pequenos detalhes chamam sua atenção. Um comerciante fala baixo, um viajante observa a estrada e uma oportunidade aparece onde você menos esperava. Em Altheria, até um dia comum pode deixar uma marca.	Investigar a situação.	PER>=5	END	xp=7	END	fatigue=1		Continuar seu caminho.	NONE	END	fatigue=0	END	fatigue=1		RANDOM;NARRATIVE	NONE	19
RND_1389	ACADEMIC	COMMON	ANY	Lyrien	Aerocivitus	4	15	4	Entre aulas e rivalidades	O corredor da Academia de Valdora está cheio. Um colega pede ajuda, outro provoca você e um professor observa de longe, aparentemente interessado em descobrir quem consegue resolver o problema sem transformar tudo em uma briga.	Investigar a situação.	PER>=5	END	xp=7	END	fatigue=1		Continuar seu caminho.	NONE	END	fatigue=0	END	fatigue=1		RANDOM;NARRATIVE	NONE	12
RND_1390	MONSTER	COMMON	ANY	Nyssara	Emerald Tide	4	104	7	Rastros na estrada — Titan	As marcas no barro contam uma história antes mesmo de você ver a criatura. Galhos quebrados, um cheiro estranho e o silêncio repentino dos pássaros sugerem que um titan está próximo. Você pode investigar ou seguir adiante.	Investigar a situação.	PER>=5	END	xp=1	END	fatigue=1	AEL_MON_0001	Continuar seu caminho.	NONE	END	fatigue=0	END	fatigue=1		RANDOM;NARRATIVE	NONE	5
RND_1391	OPPORTUNITY	COMMON	ANY	Nyssara	Emerald Tide	7	42	5	Uma porta entreaberta	Emerald Tide segue sua rotina, mas pequenos detalhes chamam sua atenção. Um comerciante fala baixo, um viajante observa a estrada e uma oportunidade aparece onde você menos esperava. Em Altheria, até um dia comum pode deixar uma marca.	Investigar a situação.	PER>=5	END	xp=3	END	fatigue=1		Continuar seu caminho.	NONE	END	fatigue=0	END	fatigue=1		RANDOM;NARRATIVE	NONE	4
RND_1392	ROAD	COMMON	ANY	Eshmara	Brumas	7	25	10	Rumor de taverna	Brumas segue sua rotina, mas pequenos detalhes chamam sua atenção. Um comerciante fala baixo, um viajante observa a estrada e uma oportunidade aparece onde você menos esperava. Em Altheria, até um dia comum pode deixar uma marca.	Investigar a situação.	PER>=5	END	xp=1	END	fatigue=1		Continuar seu caminho.	NONE	END	fatigue=0	END	fatigue=1		RANDOM;NARRATIVE	NONE	10
RND_1393	ROAD	COMMON	ANY	Nyssara	Emerald Tide	4	3	2	Mercadoria esquecida	Emerald Tide segue sua rotina, mas pequenos detalhes chamam sua atenção. Um comerciante fala baixo, um viajante observa a estrada e uma oportunidade aparece onde você menos esperava. Em Altheria, até um dia comum pode deixar uma marca.	Investigar a situação.	PER>=5	END	xp=7	END	fatigue=1		Continuar seu caminho.	NONE	END	fatigue=0	END	fatigue=1		RANDOM;NARRATIVE	NONE	15
RND_1394	CITY	COMMON	ANY	Zarim	Fornalia	2	11	9	Rumor de taverna	Fornalia segue sua rotina, mas pequenos detalhes chamam sua atenção. Um comerciante fala baixo, um viajante observa a estrada e uma oportunidade aparece onde você menos esperava. Em Altheria, até um dia comum pode deixar uma marca.	Investigar a situação.	PER>=5	END	xp=7	END	fatigue=1		Continuar seu caminho.	NONE	END	fatigue=0	END	fatigue=1		RANDOM;NARRATIVE	NONE	18
RND_1395	GUILD	COMMON	ANY	Tharun	Stone-Âmbar	2	144	8	Sinais na fronteira	Stone-Âmbar segue sua rotina, mas pequenos detalhes chamam sua atenção. Um comerciante fala baixo, um viajante observa a estrada e uma oportunidade aparece onde você menos esperava. Em Altheria, até um dia comum pode deixar uma marca.	Investigar a situação.	PER>=5	END	xp=4	END	fatigue=1		Continuar seu caminho.	NONE	END	fatigue=0	END	fatigue=1		RANDOM;NARRATIVE	NONE	16
RND_1396	SOCIAL	COMMON	ANY	Tharun	Stone-Âmbar	4	37	13	Uma pessoa à beira da estrada	A poucos passos da estrada, uma pessoa surge ofegante. Ela conta que alguém levou seu filho e aponta para a trilha ainda recente. A distância é pequena; o problema é que você não sabe o que encontrará no fim dela.	Investigar a situação.	PER>=5	END	xp=4	END	fatigue=1		Continuar seu caminho.	NONE	END	fatigue=0	END	fatigue=1		RANDOM;NARRATIVE	NONE	19
RND_1397	ACADEMIC	COMMON	ANY	Myrthos	Sem nome definido	2	29	7	Entre aulas e rivalidades	O corredor da Academia de Valdora está cheio. Um colega pede ajuda, outro provoca você e um professor observa de longe, aparentemente interessado em descobrir quem consegue resolver o problema sem transformar tudo em uma briga.	Investigar a situação.	PER>=5	END	xp=5	END	fatigue=1		Continuar seu caminho.	NONE	END	fatigue=0	END	fatigue=1		RANDOM;NARRATIVE	NONE	4
RND_1398	ROAD	COMMON	ANY	Orinthal	Crystalia	7	104	6	Sinais na fronteira	Crystalia segue sua rotina, mas pequenos detalhes chamam sua atenção. Um comerciante fala baixo, um viajante observa a estrada e uma oportunidade aparece onde você menos esperava. Em Altheria, até um dia comum pode deixar uma marca.	Investigar a situação.	PER>=5	END	xp=4	END	fatigue=1		Continuar seu caminho.	NONE	END	fatigue=0	END	fatigue=1		RANDOM;NARRATIVE	NONE	5
RND_1399	MONSTER	COMMON	ANY	Aeloria	Windralith	3	96	3	Rastros na estrada — Nightmare	As marcas no barro contam uma história antes mesmo de você ver a criatura. Galhos quebrados, um cheiro estranho e o silêncio repentino dos pássaros sugerem que um nightmare está próximo. Você pode investigar ou seguir adiante.	Investigar a situação.	PER>=5	END	xp=6	END	fatigue=1	AEL_MON_0001	Continuar seu caminho.	NONE	END	fatigue=0	END	fatigue=1		RANDOM;NARRATIVE	NONE	12
RND_1400	ACADEMIC	COMMON	ANY	Kethruun	Sandbones	4	9	13	Entre aulas e rivalidades	O corredor da Academia de Valdora está cheio. Um colega pede ajuda, outro provoca você e um professor observa de longe, aparentemente interessado em descobrir quem consegue resolver o problema sem transformar tudo em uma briga.	Investigar a situação.	PER>=5	END	xp=8	END	fatigue=1		Continuar seu caminho.	NONE	END	fatigue=0	END	fatigue=1		RANDOM;NARRATIVE	NONE	5
RND_1401	GUILD	COMMON	ANY	Kethruun	Sandbones	6	72	11	Pedido inesperado	Sandbones segue sua rotina, mas pequenos detalhes chamam sua atenção. Um comerciante fala baixo, um viajante observa a estrada e uma oportunidade aparece onde você menos esperava. Em Altheria, até um dia comum pode deixar uma marca.	Investigar a situação.	PER>=5	END	xp=4	END	fatigue=1		Continuar seu caminho.	NONE	END	fatigue=0	END	fatigue=1		RANDOM;NARRATIVE	NONE	7
RND_1402	CITY	COMMON	ANY	Valkyrion	Volmeria	2	52	2	Uma manhã que parecia comum	Volmeria segue sua rotina, mas pequenos detalhes chamam sua atenção. Um comerciante fala baixo, um viajante observa a estrada e uma oportunidade aparece onde você menos esperava. Em Altheria, até um dia comum pode deixar uma marca.	Investigar a situação.	PER>=5	END	xp=2	END	fatigue=1		Continuar seu caminho.	NONE	END	fatigue=0	END	fatigue=1		RANDOM;NARRATIVE	NONE	16
RND_1403	CITY	COMMON	ANY	Kethruun	Sandbones	4	1	11	Rumor de taverna	Sandbones segue sua rotina, mas pequenos detalhes chamam sua atenção. Um comerciante fala baixo, um viajante observa a estrada e uma oportunidade aparece onde você menos esperava. Em Altheria, até um dia comum pode deixar uma marca.	Investigar a situação.	PER>=5	END	xp=3	END	fatigue=1		Continuar seu caminho.	NONE	END	fatigue=0	END	fatigue=1		RANDOM;NARRATIVE	NONE	4
RND_1404	MONSTER	COMMON	ANY	Orinthal	Crystalia	1	148	7	Rastros na estrada — Mooncalf	As marcas no barro contam uma história antes mesmo de você ver a criatura. Galhos quebrados, um cheiro estranho e o silêncio repentino dos pássaros sugerem que um mooncalf está próximo. Você pode investigar ou seguir adiante.	Investigar a situação.	PER>=5	END	xp=7	END	fatigue=1	AEL_MON_0001	Continuar seu caminho.	NONE	END	fatigue=0	END	fatigue=1		RANDOM;NARRATIVE	NONE	5
RND_1405	MONSTER	COMMON	ANY	Aeloria	Umbravale	6	144	11	Rastros na estrada — Salamander	As marcas no barro contam uma história antes mesmo de você ver a criatura. Galhos quebrados, um cheiro estranho e o silêncio repentino dos pássaros sugerem que um salamander está próximo. Você pode investigar ou seguir adiante.	Investigar a situação.	PER>=5	END	xp=8	END	fatigue=1	AEL_MON_0001	Continuar seu caminho.	NONE	END	fatigue=0	END	fatigue=1		RANDOM;NARRATIVE	NONE	13
RND_1406	ROAD	COMMON	ANY	Nyssara	Emerald Tide	8	25	6	Rumor de taverna	Emerald Tide segue sua rotina, mas pequenos detalhes chamam sua atenção. Um comerciante fala baixo, um viajante observa a estrada e uma oportunidade aparece onde você menos esperava. Em Altheria, até um dia comum pode deixar uma marca.	Investigar a situação.	PER>=5	END	xp=7	END	fatigue=1		Continuar seu caminho.	NONE	END	fatigue=0	END	fatigue=1		RANDOM;NARRATIVE	NONE	17
RND_1407	ACADEMIC	COMMON	ANY	Aeloria	Xandralor	8	108	11	Entre aulas e rivalidades	O corredor da Academia de Valdora está cheio. Um colega pede ajuda, outro provoca você e um professor observa de longe, aparentemente interessado em descobrir quem consegue resolver o problema sem transformar tudo em uma briga.	Investigar a situação.	PER>=5	END	xp=2	END	fatigue=1		Continuar seu caminho.	NONE	END	fatigue=0	END	fatigue=1		RANDOM;NARRATIVE	NONE	11
RND_1408	OPPORTUNITY	COMMON	ANY	Aeloria	Sylthar	3	11	11	Pedido inesperado	Sylthar segue sua rotina, mas pequenos detalhes chamam sua atenção. Um comerciante fala baixo, um viajante observa a estrada e uma oportunidade aparece onde você menos esperava. Em Altheria, até um dia comum pode deixar uma marca.	Investigar a situação.	PER>=5	END	xp=1	END	fatigue=1		Continuar seu caminho.	NONE	END	fatigue=0	END	fatigue=1		RANDOM;NARRATIVE	NONE	6
RND_1409	ROAD	COMMON	ANY	Valkyrion	Volmeria	4	23	2	Uma porta entreaberta	Volmeria segue sua rotina, mas pequenos detalhes chamam sua atenção. Um comerciante fala baixo, um viajante observa a estrada e uma oportunidade aparece onde você menos esperava. Em Altheria, até um dia comum pode deixar uma marca.	Investigar a situação.	PER>=5	END	xp=5	END	fatigue=1		Continuar seu caminho.	NONE	END	fatigue=0	END	fatigue=1		RANDOM;NARRATIVE	NONE	10
RND_1410	MONSTER	COMMON	ANY	Eshmara	Brumas	5	14	7	Rastros na estrada — Revenant	As marcas no barro contam uma história antes mesmo de você ver a criatura. Galhos quebrados, um cheiro estranho e o silêncio repentino dos pássaros sugerem que um revenant está próximo. Você pode investigar ou seguir adiante.	Investigar a situação.	PER>=5	END	xp=7	END	fatigue=1	AEL_MON_0001	Continuar seu caminho.	NONE	END	fatigue=0	END	fatigue=1		RANDOM;NARRATIVE	NONE	3
RND_1411	CITY	COMMON	ANY	Nyssara	Emerald Tide	3	142	3	Uma porta entreaberta	Emerald Tide segue sua rotina, mas pequenos detalhes chamam sua atenção. Um comerciante fala baixo, um viajante observa a estrada e uma oportunidade aparece onde você menos esperava. Em Altheria, até um dia comum pode deixar uma marca.	Investigar a situação.	PER>=5	END	xp=4	END	fatigue=1		Continuar seu caminho.	NONE	END	fatigue=0	END	fatigue=1		RANDOM;NARRATIVE	NONE	4
RND_1412	MONSTER	COMMON	ANY	Tharun	Stone-Âmbar	4	147	12	Rastros na estrada — Wraith	As marcas no barro contam uma história antes mesmo de você ver a criatura. Galhos quebrados, um cheiro estranho e o silêncio repentino dos pássaros sugerem que um wraith está próximo. Você pode investigar ou seguir adiante.	Investigar a situação.	PER>=5	END	xp=8	END	fatigue=1	AEL_MON_0001	Continuar seu caminho.	NONE	END	fatigue=0	END	fatigue=1		RANDOM;NARRATIVE	NONE	3
RND_1413	SOCIAL	COMMON	ANY	Myrthos	Sem nome definido	2	139	7	Uma pessoa à beira da estrada	A poucos passos da estrada, uma pessoa surge ofegante. Ela conta que alguém levou seu filho e aponta para a trilha ainda recente. A distância é pequena; o problema é que você não sabe o que encontrará no fim dela.	Investigar a situação.	PER>=5	END	xp=6	END	fatigue=1		Continuar seu caminho.	NONE	END	fatigue=0	END	fatigue=1		RANDOM;NARRATIVE	NONE	8
RND_1414	CITY	COMMON	ANY	Tharun	Stone-Âmbar	8	9	6	Uma porta entreaberta	Stone-Âmbar segue sua rotina, mas pequenos detalhes chamam sua atenção. Um comerciante fala baixo, um viajante observa a estrada e uma oportunidade aparece onde você menos esperava. Em Altheria, até um dia comum pode deixar uma marca.	Investigar a situação.	PER>=5	END	xp=5	END	fatigue=1		Continuar seu caminho.	NONE	END	fatigue=0	END	fatigue=1		RANDOM;NARRATIVE	NONE	15
RND_1415	OPPORTUNITY	COMMON	ANY	Tharun	Stone-Âmbar	2	100	14	Pedido inesperado	Stone-Âmbar segue sua rotina, mas pequenos detalhes chamam sua atenção. Um comerciante fala baixo, um viajante observa a estrada e uma oportunidade aparece onde você menos esperava. Em Altheria, até um dia comum pode deixar uma marca.	Investigar a situação.	PER>=5	END	xp=2	END	fatigue=1		Continuar seu caminho.	NONE	END	fatigue=0	END	fatigue=1		RANDOM;NARRATIVE	NONE	10
RND_1416	MONSTER	COMMON	ANY	Eshmara	Brumas	1	1	7	Rastros na estrada — Chimera	As marcas no barro contam uma história antes mesmo de você ver a criatura. Galhos quebrados, um cheiro estranho e o silêncio repentino dos pássaros sugerem que um chimera está próximo. Você pode investigar ou seguir adiante.	Investigar a situação.	PER>=5	END	xp=4	END	fatigue=1	AEL_MON_0001	Continuar seu caminho.	NONE	END	fatigue=0	END	fatigue=1		RANDOM;NARRATIVE	NONE	6
RND_1417	ROAD	COMMON	ANY	Zarim	Fornalia	3	56	2	Sinais na fronteira	Fornalia segue sua rotina, mas pequenos detalhes chamam sua atenção. Um comerciante fala baixo, um viajante observa a estrada e uma oportunidade aparece onde você menos esperava. Em Altheria, até um dia comum pode deixar uma marca.	Investigar a situação.	PER>=5	END	xp=4	END	fatigue=1		Continuar seu caminho.	NONE	END	fatigue=0	END	fatigue=1		RANDOM;NARRATIVE	NONE	18
RND_1418	CITY	COMMON	ANY	Myrthos	Sem nome definido	8	146	4	Uma manhã que parecia comum	Sem nome definido segue sua rotina, mas pequenos detalhes chamam sua atenção. Um comerciante fala baixo, um viajante observa a estrada e uma oportunidade aparece onde você menos esperava. Em Altheria, até um dia comum pode deixar uma marca.	Investigar a situação.	PER>=5	END	xp=3	END	fatigue=1		Continuar seu caminho.	NONE	END	fatigue=0	END	fatigue=1		RANDOM;NARRATIVE	NONE	19
RND_1419	CITY	COMMON	ANY	Kethruun	Sandbones	5	56	10	Mercadoria esquecida	Sandbones segue sua rotina, mas pequenos detalhes chamam sua atenção. Um comerciante fala baixo, um viajante observa a estrada e uma oportunidade aparece onde você menos esperava. Em Altheria, até um dia comum pode deixar uma marca.	Investigar a situação.	PER>=5	END	xp=3	END	fatigue=1		Continuar seu caminho.	NONE	END	fatigue=0	END	fatigue=1		RANDOM;NARRATIVE	NONE	3
RND_1420	SOCIAL	COMMON	ANY	Tharun	Stone-Âmbar	3	131	11	Uma pessoa à beira da estrada	A poucos passos da estrada, uma pessoa surge ofegante. Ela conta que alguém levou seu filho e aponta para a trilha ainda recente. A distância é pequena; o problema é que você não sabe o que encontrará no fim dela.	Investigar a situação.	PER>=5	END	xp=6	END	fatigue=1		Continuar seu caminho.	NONE	END	fatigue=0	END	fatigue=1		RANDOM;NARRATIVE	NONE	11
RND_1421	CITY	COMMON	ANY	Nyssara	Emerald Tide	3	22	11	Sinais na fronteira	Emerald Tide segue sua rotina, mas pequenos detalhes chamam sua atenção. Um comerciante fala baixo, um viajante observa a estrada e uma oportunidade aparece onde você menos esperava. Em Altheria, até um dia comum pode deixar uma marca.	Investigar a situação.	PER>=5	END	xp=8	END	fatigue=1		Continuar seu caminho.	NONE	END	fatigue=0	END	fatigue=1		RANDOM;NARRATIVE	NONE	15
RND_1422	CITY	COMMON	ANY	Myrthos	Sem nome definido	1	133	13	Rumor de taverna	Sem nome definido segue sua rotina, mas pequenos detalhes chamam sua atenção. Um comerciante fala baixo, um viajante observa a estrada e uma oportunidade aparece onde você menos esperava. Em Altheria, até um dia comum pode deixar uma marca.	Investigar a situação.	PER>=5	END	xp=8	END	fatigue=1		Continuar seu caminho.	NONE	END	fatigue=0	END	fatigue=1		RANDOM;NARRATIVE	NONE	3
RND_1423	SOCIAL	COMMON	ANY	Aeloria	Quenndral	3	92	7	Uma pessoa à beira da estrada	A poucos passos da estrada, uma pessoa surge ofegante. Ela conta que alguém levou seu filho e aponta para a trilha ainda recente. A distância é pequena; o problema é que você não sabe o que encontrará no fim dela.	Investigar a situação.	PER>=5	END	xp=5	END	fatigue=1		Continuar seu caminho.	NONE	END	fatigue=0	END	fatigue=1		RANDOM;NARRATIVE	NONE	17
RND_1424	OPPORTUNITY	COMMON	ANY	Eshmara	Brumas	7	37	6	Mercadoria esquecida	Brumas segue sua rotina, mas pequenos detalhes chamam sua atenção. Um comerciante fala baixo, um viajante observa a estrada e uma oportunidade aparece onde você menos esperava. Em Altheria, até um dia comum pode deixar uma marca.	Investigar a situação.	PER>=5	END	xp=6	END	fatigue=1		Continuar seu caminho.	NONE	END	fatigue=0	END	fatigue=1		RANDOM;NARRATIVE	NONE	15
RND_1425	GUILD	COMMON	ANY	Nyssara	Emerald Tide	1	25	6	Mercadoria esquecida	Emerald Tide segue sua rotina, mas pequenos detalhes chamam sua atenção. Um comerciante fala baixo, um viajante observa a estrada e uma oportunidade aparece onde você menos esperava. Em Altheria, até um dia comum pode deixar uma marca.	Investigar a situação.	PER>=5	END	xp=4	END	fatigue=1		Continuar seu caminho.	NONE	END	fatigue=0	END	fatigue=1		RANDOM;NARRATIVE	NONE	16
RND_1426	SOCIAL	COMMON	ANY	Tharun	Stone-Âmbar	4	100	3	Uma pessoa à beira da estrada	A poucos passos da estrada, uma pessoa surge ofegante. Ela conta que alguém levou seu filho e aponta para a trilha ainda recente. A distância é pequena; o problema é que você não sabe o que encontrará no fim dela.	Investigar a situação.	PER>=5	END	xp=3	END	fatigue=1		Continuar seu caminho.	NONE	END	fatigue=0	END	fatigue=1		RANDOM;NARRATIVE	NONE	17
RND_1427	MONSTER	COMMON	ANY	Zarim	Fornalia	5	121	5	Rastros na estrada — Kraken	As marcas no barro contam uma história antes mesmo de você ver a criatura. Galhos quebrados, um cheiro estranho e o silêncio repentino dos pássaros sugerem que um kraken está próximo. Você pode investigar ou seguir adiante.	Investigar a situação.	PER>=5	END	xp=4	END	fatigue=1	AEL_MON_0001	Continuar seu caminho.	NONE	END	fatigue=0	END	fatigue=1		RANDOM;NARRATIVE	NONE	7
RND_1428	OPPORTUNITY	COMMON	ANY	Aeloria	Ylthmere	8	3	5	Pedido inesperado	Ylthmere segue sua rotina, mas pequenos detalhes chamam sua atenção. Um comerciante fala baixo, um viajante observa a estrada e uma oportunidade aparece onde você menos esperava. Em Altheria, até um dia comum pode deixar uma marca.	Investigar a situação.	PER>=5	END	xp=5	END	fatigue=1		Continuar seu caminho.	NONE	END	fatigue=0	END	fatigue=1		RANDOM;NARRATIVE	NONE	14
RND_1429	CITY	COMMON	ANY	Aeloria	Greystone	6	20	3	Mercadoria esquecida	Greystone segue sua rotina, mas pequenos detalhes chamam sua atenção. Um comerciante fala baixo, um viajante observa a estrada e uma oportunidade aparece onde você menos esperava. Em Altheria, até um dia comum pode deixar uma marca.	Investigar a situação.	PER>=5	END	xp=5	END	fatigue=1		Continuar seu caminho.	NONE	END	fatigue=0	END	fatigue=1		RANDOM;NARRATIVE	NONE	10
RND_1430	GUILD	COMMON	ANY	Myrthos	Sem nome definido	6	33	7	Rumor de taverna	Sem nome definido segue sua rotina, mas pequenos detalhes chamam sua atenção. Um comerciante fala baixo, um viajante observa a estrada e uma oportunidade aparece onde você menos esperava. Em Altheria, até um dia comum pode deixar uma marca.	Investigar a situação.	PER>=5	END	xp=7	END	fatigue=1		Continuar seu caminho.	NONE	END	fatigue=0	END	fatigue=1		RANDOM;NARRATIVE	NONE	3
RND_1431	OPPORTUNITY	COMMON	ANY	Tharun	Stone-Âmbar	6	98	13	Uma porta entreaberta	Stone-Âmbar segue sua rotina, mas pequenos detalhes chamam sua atenção. Um comerciante fala baixo, um viajante observa a estrada e uma oportunidade aparece onde você menos esperava. Em Altheria, até um dia comum pode deixar uma marca.	Investigar a situação.	PER>=5	END	xp=2	END	fatigue=1		Continuar seu caminho.	NONE	END	fatigue=0	END	fatigue=1		RANDOM;NARRATIVE	NONE	5
RND_1432	ACADEMIC	COMMON	ANY	Valkyrion	Volmeria	7	107	7	Entre aulas e rivalidades	O corredor da Academia de Valdora está cheio. Um colega pede ajuda, outro provoca você e um professor observa de longe, aparentemente interessado em descobrir quem consegue resolver o problema sem transformar tudo em uma briga.	Investigar a situação.	PER>=5	END	xp=1	END	fatigue=1		Continuar seu caminho.	NONE	END	fatigue=0	END	fatigue=1		RANDOM;NARRATIVE	NONE	19
RND_1433	MONSTER	COMMON	ANY	Valkyrion	Volmeria	1	149	8	Rastros na estrada — Toad	As marcas no barro contam uma história antes mesmo de você ver a criatura. Galhos quebrados, um cheiro estranho e o silêncio repentino dos pássaros sugerem que um toad está próximo. Você pode investigar ou seguir adiante.	Investigar a situação.	PER>=5	END	xp=3	END	fatigue=1	AEL_MON_0001	Continuar seu caminho.	NONE	END	fatigue=0	END	fatigue=1		RANDOM;NARRATIVE	NONE	3
RND_1434	ACADEMIC	COMMON	ANY	Aeloria	Rivenholt	8	148	9	Entre aulas e rivalidades	O corredor da Academia de Valdora está cheio. Um colega pede ajuda, outro provoca você e um professor observa de longe, aparentemente interessado em descobrir quem consegue resolver o problema sem transformar tudo em uma briga.	Investigar a situação.	PER>=5	END	xp=8	END	fatigue=1		Continuar seu caminho.	NONE	END	fatigue=0	END	fatigue=1		RANDOM;NARRATIVE	NONE	19
RND_1435	CITY	COMMON	ANY	Kethruun	Sandbones	3	86	13	Uma porta entreaberta	Sandbones segue sua rotina, mas pequenos detalhes chamam sua atenção. Um comerciante fala baixo, um viajante observa a estrada e uma oportunidade aparece onde você menos esperava. Em Altheria, até um dia comum pode deixar uma marca.	Investigar a situação.	PER>=5	END	xp=6	END	fatigue=1		Continuar seu caminho.	NONE	END	fatigue=0	END	fatigue=1		RANDOM;NARRATIVE	NONE	12
RND_1436	GUILD	COMMON	ANY	Zarim	Fornalia	7	102	2	Uma porta entreaberta	Fornalia segue sua rotina, mas pequenos detalhes chamam sua atenção. Um comerciante fala baixo, um viajante observa a estrada e uma oportunidade aparece onde você menos esperava. Em Altheria, até um dia comum pode deixar uma marca.	Investigar a situação.	PER>=5	END	xp=1	END	fatigue=1		Continuar seu caminho.	NONE	END	fatigue=0	END	fatigue=1		RANDOM;NARRATIVE	NONE	12
RND_1437	ACADEMIC	COMMON	ANY	Kethruun	Sandbones	4	87	9	Entre aulas e rivalidades	O corredor da Academia de Valdora está cheio. Um colega pede ajuda, outro provoca você e um professor observa de longe, aparentemente interessado em descobrir quem consegue resolver o problema sem transformar tudo em uma briga.	Investigar a situação.	PER>=5	END	xp=5	END	fatigue=1		Continuar seu caminho.	NONE	END	fatigue=0	END	fatigue=1		RANDOM;NARRATIVE	NONE	18
RND_1438	CITY	COMMON	ANY	Lyrien	Aerocivitus	8	16	10	Uma manhã que parecia comum	Aerocivitus segue sua rotina, mas pequenos detalhes chamam sua atenção. Um comerciante fala baixo, um viajante observa a estrada e uma oportunidade aparece onde você menos esperava. Em Altheria, até um dia comum pode deixar uma marca.	Investigar a situação.	PER>=5	END	xp=5	END	fatigue=1		Continuar seu caminho.	NONE	END	fatigue=0	END	fatigue=1		RANDOM;NARRATIVE	NONE	14
RND_1439	CITY	COMMON	ANY	Eshmara	Brumas	2	11	8	Uma manhã que parecia comum	Brumas segue sua rotina, mas pequenos detalhes chamam sua atenção. Um comerciante fala baixo, um viajante observa a estrada e uma oportunidade aparece onde você menos esperava. Em Altheria, até um dia comum pode deixar uma marca.	Investigar a situação.	PER>=5	END	xp=7	END	fatigue=1		Continuar seu caminho.	NONE	END	fatigue=0	END	fatigue=1		RANDOM;NARRATIVE	NONE	7
RND_1440	CITY	COMMON	ANY	Nyssara	Emerald Tide	8	31	6	Rumor de taverna	Emerald Tide segue sua rotina, mas pequenos detalhes chamam sua atenção. Um comerciante fala baixo, um viajante observa a estrada e uma oportunidade aparece onde você menos esperava. Em Altheria, até um dia comum pode deixar uma marca.	Investigar a situação.	PER>=5	END	xp=3	END	fatigue=1		Continuar seu caminho.	NONE	END	fatigue=0	END	fatigue=1		RANDOM;NARRATIVE	NONE	6
RND_1441	OPPORTUNITY	COMMON	ANY	Myrthos	Sem nome definido	1	41	4	Mercadoria esquecida	Sem nome definido segue sua rotina, mas pequenos detalhes chamam sua atenção. Um comerciante fala baixo, um viajante observa a estrada e uma oportunidade aparece onde você menos esperava. Em Altheria, até um dia comum pode deixar uma marca.	Investigar a situação.	PER>=5	END	xp=1	END	fatigue=1		Continuar seu caminho.	NONE	END	fatigue=0	END	fatigue=1		RANDOM;NARRATIVE	NONE	18
RND_1442	CITY	COMMON	ANY	Valkyrion	Volmeria	6	4	9	Uma porta entreaberta	Volmeria segue sua rotina, mas pequenos detalhes chamam sua atenção. Um comerciante fala baixo, um viajante observa a estrada e uma oportunidade aparece onde você menos esperava. Em Altheria, até um dia comum pode deixar uma marca.	Investigar a situação.	PER>=5	END	xp=6	END	fatigue=1		Continuar seu caminho.	NONE	END	fatigue=0	END	fatigue=1		RANDOM;NARRATIVE	NONE	5
RND_1443	MONSTER	COMMON	ANY	Eshmara	Brumas	4	85	4	Rastros na estrada — Hydra	As marcas no barro contam uma história antes mesmo de você ver a criatura. Galhos quebrados, um cheiro estranho e o silêncio repentino dos pássaros sugerem que um hydra está próximo. Você pode investigar ou seguir adiante.	Investigar a situação.	PER>=5	END	xp=6	END	fatigue=1	AEL_MON_0001	Continuar seu caminho.	NONE	END	fatigue=0	END	fatigue=1		RANDOM;NARRATIVE	NONE	14
RND_1444	CITY	COMMON	ANY	Aeloria	Lorwynne	6	46	4	Sinais na fronteira	Lorwynne segue sua rotina, mas pequenos detalhes chamam sua atenção. Um comerciante fala baixo, um viajante observa a estrada e uma oportunidade aparece onde você menos esperava. Em Altheria, até um dia comum pode deixar uma marca.	Investigar a situação.	PER>=5	END	xp=5	END	fatigue=1		Continuar seu caminho.	NONE	END	fatigue=0	END	fatigue=1		RANDOM;NARRATIVE	NONE	13
RND_1445	OPPORTUNITY	COMMON	ANY	Kethruun	Sandbones	1	46	11	Mercadoria esquecida	Sandbones segue sua rotina, mas pequenos detalhes chamam sua atenção. Um comerciante fala baixo, um viajante observa a estrada e uma oportunidade aparece onde você menos esperava. Em Altheria, até um dia comum pode deixar uma marca.	Investigar a situação.	PER>=5	END	xp=2	END	fatigue=1		Continuar seu caminho.	NONE	END	fatigue=0	END	fatigue=1		RANDOM;NARRATIVE	NONE	10
RND_1446	GUILD	COMMON	ANY	Aeloria	Verdralith	7	44	12	Sinais na fronteira	Verdralith segue sua rotina, mas pequenos detalhes chamam sua atenção. Um comerciante fala baixo, um viajante observa a estrada e uma oportunidade aparece onde você menos esperava. Em Altheria, até um dia comum pode deixar uma marca.	Investigar a situação.	PER>=5	END	xp=8	END	fatigue=1		Continuar seu caminho.	NONE	END	fatigue=0	END	fatigue=1		RANDOM;NARRATIVE	NONE	17
RND_1447	MONSTER	COMMON	ANY	Aeloria	Thornmere	4	61	12	Rastros na estrada — Specter	As marcas no barro contam uma história antes mesmo de você ver a criatura. Galhos quebrados, um cheiro estranho e o silêncio repentino dos pássaros sugerem que um specter está próximo. Você pode investigar ou seguir adiante.	Investigar a situação.	PER>=5	END	xp=1	END	fatigue=1	AEL_MON_0001	Continuar seu caminho.	NONE	END	fatigue=0	END	fatigue=1		RANDOM;NARRATIVE	NONE	7
RND_1448	ROAD	COMMON	ANY	Nyssara	Emerald Tide	3	46	9	Uma manhã que parecia comum	Emerald Tide segue sua rotina, mas pequenos detalhes chamam sua atenção. Um comerciante fala baixo, um viajante observa a estrada e uma oportunidade aparece onde você menos esperava. Em Altheria, até um dia comum pode deixar uma marca.	Investigar a situação.	PER>=5	END	xp=8	END	fatigue=1		Continuar seu caminho.	NONE	END	fatigue=0	END	fatigue=1		RANDOM;NARRATIVE	NONE	5
RND_1449	ROAD	COMMON	ANY	Aeloria	Veyndaril	3	15	4	Uma porta entreaberta	Veyndaril segue sua rotina, mas pequenos detalhes chamam sua atenção. Um comerciante fala baixo, um viajante observa a estrada e uma oportunidade aparece onde você menos esperava. Em Altheria, até um dia comum pode deixar uma marca.	Investigar a situação.	PER>=5	END	xp=5	END	fatigue=1		Continuar seu caminho.	NONE	END	fatigue=0	END	fatigue=1		RANDOM;NARRATIVE	NONE	18
RND_1450	SOCIAL	COMMON	ANY	Orinthal	Crystalia	1	124	6	Uma pessoa à beira da estrada	A poucos passos da estrada, uma pessoa surge ofegante. Ela conta que alguém levou seu filho e aponta para a trilha ainda recente. A distância é pequena; o problema é que você não sabe o que encontrará no fim dela.	Investigar a situação.	PER>=5	END	xp=2	END	fatigue=1		Continuar seu caminho.	NONE	END	fatigue=0	END	fatigue=1		RANDOM;NARRATIVE	NONE	16
RND_1451	GUILD	COMMON	ANY	Tharun	Stone-Âmbar	5	44	7	Uma manhã que parecia comum	Stone-Âmbar segue sua rotina, mas pequenos detalhes chamam sua atenção. Um comerciante fala baixo, um viajante observa a estrada e uma oportunidade aparece onde você menos esperava. Em Altheria, até um dia comum pode deixar uma marca.	Investigar a situação.	PER>=5	END	xp=5	END	fatigue=1		Continuar seu caminho.	NONE	END	fatigue=0	END	fatigue=1		RANDOM;NARRATIVE	NONE	19
RND_1452	MONSTER	COMMON	ANY	Valkyrion	Volmeria	8	132	2	Rastros na estrada — Boar	As marcas no barro contam uma história antes mesmo de você ver a criatura. Galhos quebrados, um cheiro estranho e o silêncio repentino dos pássaros sugerem que um boar está próximo. Você pode investigar ou seguir adiante.	Investigar a situação.	PER>=5	END	xp=7	END	fatigue=1	AEL_MON_0001	Continuar seu caminho.	NONE	END	fatigue=0	END	fatigue=1		RANDOM;NARRATIVE	NONE	14
RND_1453	GUILD	COMMON	ANY	Aeloria	Cindralith	4	77	2	Rumor de taverna	Cindralith segue sua rotina, mas pequenos detalhes chamam sua atenção. Um comerciante fala baixo, um viajante observa a estrada e uma oportunidade aparece onde você menos esperava. Em Altheria, até um dia comum pode deixar uma marca.	Investigar a situação.	PER>=5	END	xp=4	END	fatigue=1		Continuar seu caminho.	NONE	END	fatigue=0	END	fatigue=1		RANDOM;NARRATIVE	NONE	5
RND_1454	MONSTER	COMMON	ANY	Zarim	Fornalia	6	66	9	Rastros na estrada — Roc	As marcas no barro contam uma história antes mesmo de você ver a criatura. Galhos quebrados, um cheiro estranho e o silêncio repentino dos pássaros sugerem que um roc está próximo. Você pode investigar ou seguir adiante.	Investigar a situação.	PER>=5	END	xp=1	END	fatigue=1	AEL_MON_0001	Continuar seu caminho.	NONE	END	fatigue=0	END	fatigue=1		RANDOM;NARRATIVE	NONE	9
RND_1455	ROAD	COMMON	ANY	Zarim	Fornalia	3	135	3	Sinais na fronteira	Fornalia segue sua rotina, mas pequenos detalhes chamam sua atenção. Um comerciante fala baixo, um viajante observa a estrada e uma oportunidade aparece onde você menos esperava. Em Altheria, até um dia comum pode deixar uma marca.	Investigar a situação.	PER>=5	END	xp=7	END	fatigue=1		Continuar seu caminho.	NONE	END	fatigue=0	END	fatigue=1		RANDOM;NARRATIVE	NONE	8
RND_1456	GUILD	COMMON	ANY	Zarim	Fornalia	8	41	6	Mercadoria esquecida	Fornalia segue sua rotina, mas pequenos detalhes chamam sua atenção. Um comerciante fala baixo, um viajante observa a estrada e uma oportunidade aparece onde você menos esperava. Em Altheria, até um dia comum pode deixar uma marca.	Investigar a situação.	PER>=5	END	xp=2	END	fatigue=1		Continuar seu caminho.	NONE	END	fatigue=0	END	fatigue=1		RANDOM;NARRATIVE	NONE	3
RND_1457	ROAD	COMMON	ANY	Zarim	Fornalia	1	63	14	Uma porta entreaberta	Fornalia segue sua rotina, mas pequenos detalhes chamam sua atenção. Um comerciante fala baixo, um viajante observa a estrada e uma oportunidade aparece onde você menos esperava. Em Altheria, até um dia comum pode deixar uma marca.	Investigar a situação.	PER>=5	END	xp=8	END	fatigue=1		Continuar seu caminho.	NONE	END	fatigue=0	END	fatigue=1		RANDOM;NARRATIVE	NONE	16
RND_1458	ACADEMIC	COMMON	ANY	Myrthos	Sem nome definido	2	69	5	Entre aulas e rivalidades	O corredor da Academia de Valdora está cheio. Um colega pede ajuda, outro provoca você e um professor observa de longe, aparentemente interessado em descobrir quem consegue resolver o problema sem transformar tudo em uma briga.	Investigar a situação.	PER>=5	END	xp=1	END	fatigue=1		Continuar seu caminho.	NONE	END	fatigue=0	END	fatigue=1		RANDOM;NARRATIVE	NONE	15
RND_1459	MONSTER	COMMON	ANY	Kethruun	Sandbones	1	29	11	Rastros na estrada — Lich	As marcas no barro contam uma história antes mesmo de você ver a criatura. Galhos quebrados, um cheiro estranho e o silêncio repentino dos pássaros sugerem que um lich está próximo. Você pode investigar ou seguir adiante.	Investigar a situação.	PER>=5	END	xp=5	END	fatigue=1	AEL_MON_0001	Continuar seu caminho.	NONE	END	fatigue=0	END	fatigue=1		RANDOM;NARRATIVE	NONE	6
RND_1460	MONSTER	COMMON	ANY	Orinthal	Crystalia	2	149	7	Rastros na estrada — Mimic	As marcas no barro contam uma história antes mesmo de você ver a criatura. Galhos quebrados, um cheiro estranho e o silêncio repentino dos pássaros sugerem que um mimic está próximo. Você pode investigar ou seguir adiante.	Investigar a situação.	PER>=5	END	xp=2	END	fatigue=1	AEL_MON_0001	Continuar seu caminho.	NONE	END	fatigue=0	END	fatigue=1		RANDOM;NARRATIVE	NONE	15
RND_1461	OPPORTUNITY	COMMON	ANY	Eshmara	Brumas	2	45	6	Uma porta entreaberta	Brumas segue sua rotina, mas pequenos detalhes chamam sua atenção. Um comerciante fala baixo, um viajante observa a estrada e uma oportunidade aparece onde você menos esperava. Em Altheria, até um dia comum pode deixar uma marca.	Investigar a situação.	PER>=5	END	xp=5	END	fatigue=1		Continuar seu caminho.	NONE	END	fatigue=0	END	fatigue=1		RANDOM;NARRATIVE	NONE	15
RND_1462	SOCIAL	COMMON	ANY	Myrthos	Sem nome definido	3	18	5	Uma pessoa à beira da estrada	A poucos passos da estrada, uma pessoa surge ofegante. Ela conta que alguém levou seu filho e aponta para a trilha ainda recente. A distância é pequena; o problema é que você não sabe o que encontrará no fim dela.	Investigar a situação.	PER>=5	END	xp=5	END	fatigue=1		Continuar seu caminho.	NONE	END	fatigue=0	END	fatigue=1		RANDOM;NARRATIVE	NONE	9
RND_1463	ROAD	COMMON	ANY	Lyrien	Aerocivitus	6	14	11	Sinais na fronteira	Aerocivitus segue sua rotina, mas pequenos detalhes chamam sua atenção. Um comerciante fala baixo, um viajante observa a estrada e uma oportunidade aparece onde você menos esperava. Em Altheria, até um dia comum pode deixar uma marca.	Investigar a situação.	PER>=5	END	xp=6	END	fatigue=1		Continuar seu caminho.	NONE	END	fatigue=0	END	fatigue=1		RANDOM;NARRATIVE	NONE	6
RND_1464	SOCIAL	COMMON	ANY	Kethruun	Sandbones	3	4	10	Uma pessoa à beira da estrada	A poucos passos da estrada, uma pessoa surge ofegante. Ela conta que alguém levou seu filho e aponta para a trilha ainda recente. A distância é pequena; o problema é que você não sabe o que encontrará no fim dela.	Investigar a situação.	PER>=5	END	xp=2	END	fatigue=1		Continuar seu caminho.	NONE	END	fatigue=0	END	fatigue=1		RANDOM;NARRATIVE	NONE	9
RND_1465	ACADEMIC	COMMON	ANY	Aeloria	Xyrelith	7	43	8	Entre aulas e rivalidades	O corredor da Academia de Valdora está cheio. Um colega pede ajuda, outro provoca você e um professor observa de longe, aparentemente interessado em descobrir quem consegue resolver o problema sem transformar tudo em uma briga.	Investigar a situação.	PER>=5	END	xp=3	END	fatigue=1		Continuar seu caminho.	NONE	END	fatigue=0	END	fatigue=1		RANDOM;NARRATIVE	NONE	16
RND_1466	ROAD	COMMON	ANY	Myrthos	Sem nome definido	8	84	11	Uma porta entreaberta	Sem nome definido segue sua rotina, mas pequenos detalhes chamam sua atenção. Um comerciante fala baixo, um viajante observa a estrada e uma oportunidade aparece onde você menos esperava. Em Altheria, até um dia comum pode deixar uma marca.	Investigar a situação.	PER>=5	END	xp=1	END	fatigue=1		Continuar seu caminho.	NONE	END	fatigue=0	END	fatigue=1		RANDOM;NARRATIVE	NONE	17
RND_1467	MONSTER	COMMON	ANY	Tharun	Stone-Âmbar	6	64	3	Rastros na estrada — Behemoth	As marcas no barro contam uma história antes mesmo de você ver a criatura. Galhos quebrados, um cheiro estranho e o silêncio repentino dos pássaros sugerem que um behemoth está próximo. Você pode investigar ou seguir adiante.	Investigar a situação.	PER>=5	END	xp=8	END	fatigue=1	AEL_MON_0001	Continuar seu caminho.	NONE	END	fatigue=0	END	fatigue=1		RANDOM;NARRATIVE	NONE	5
RND_1468	SOCIAL	COMMON	ANY	Valkyrion	Volmeria	4	96	4	Uma pessoa à beira da estrada	A poucos passos da estrada, uma pessoa surge ofegante. Ela conta que alguém levou seu filho e aponta para a trilha ainda recente. A distância é pequena; o problema é que você não sabe o que encontrará no fim dela.	Investigar a situação.	PER>=5	END	xp=2	END	fatigue=1		Continuar seu caminho.	NONE	END	fatigue=0	END	fatigue=1		RANDOM;NARRATIVE	NONE	19
RND_1469	ROAD	COMMON	ANY	Orinthal	Crystalia	2	59	8	Uma porta entreaberta	Crystalia segue sua rotina, mas pequenos detalhes chamam sua atenção. Um comerciante fala baixo, um viajante observa a estrada e uma oportunidade aparece onde você menos esperava. Em Altheria, até um dia comum pode deixar uma marca.	Investigar a situação.	PER>=5	END	xp=4	END	fatigue=1		Continuar seu caminho.	NONE	END	fatigue=0	END	fatigue=1		RANDOM;NARRATIVE	NONE	10
RND_1470	SOCIAL	COMMON	ANY	Valkyrion	Volmeria	2	126	4	Uma pessoa à beira da estrada	A poucos passos da estrada, uma pessoa surge ofegante. Ela conta que alguém levou seu filho e aponta para a trilha ainda recente. A distância é pequena; o problema é que você não sabe o que encontrará no fim dela.	Investigar a situação.	PER>=5	END	xp=6	END	fatigue=1		Continuar seu caminho.	NONE	END	fatigue=0	END	fatigue=1		RANDOM;NARRATIVE	NONE	14
RND_1471	SOCIAL	COMMON	ANY	Tharun	Stone-Âmbar	2	80	9	Uma pessoa à beira da estrada	A poucos passos da estrada, uma pessoa surge ofegante. Ela conta que alguém levou seu filho e aponta para a trilha ainda recente. A distância é pequena; o problema é que você não sabe o que encontrará no fim dela.	Investigar a situação.	PER>=5	END	xp=7	END	fatigue=1		Continuar seu caminho.	NONE	END	fatigue=0	END	fatigue=1		RANDOM;NARRATIVE	NONE	12
RND_1472	OPPORTUNITY	COMMON	ANY	Kethruun	Sandbones	2	37	5	Sinais na fronteira	Sandbones segue sua rotina, mas pequenos detalhes chamam sua atenção. Um comerciante fala baixo, um viajante observa a estrada e uma oportunidade aparece onde você menos esperava. Em Altheria, até um dia comum pode deixar uma marca.	Investigar a situação.	PER>=5	END	xp=7	END	fatigue=1		Continuar seu caminho.	NONE	END	fatigue=0	END	fatigue=1		RANDOM;NARRATIVE	NONE	6
RND_1473	OPPORTUNITY	COMMON	ANY	Lyrien	Aerocivitus	1	16	7	Uma manhã que parecia comum	Aerocivitus segue sua rotina, mas pequenos detalhes chamam sua atenção. Um comerciante fala baixo, um viajante observa a estrada e uma oportunidade aparece onde você menos esperava. Em Altheria, até um dia comum pode deixar uma marca.	Investigar a situação.	PER>=5	END	xp=2	END	fatigue=1		Continuar seu caminho.	NONE	END	fatigue=0	END	fatigue=1		RANDOM;NARRATIVE	NONE	3
RND_1474	SOCIAL	COMMON	ANY	Kethruun	Sandbones	1	38	4	Uma pessoa à beira da estrada	A poucos passos da estrada, uma pessoa surge ofegante. Ela conta que alguém levou seu filho e aponta para a trilha ainda recente. A distância é pequena; o problema é que você não sabe o que encontrará no fim dela.	Investigar a situação.	PER>=5	END	xp=2	END	fatigue=1		Continuar seu caminho.	NONE	END	fatigue=0	END	fatigue=1		RANDOM;NARRATIVE	NONE	6
RND_1475	ACADEMIC	COMMON	ANY	Eshmara	Brumas	1	12	12	Entre aulas e rivalidades	O corredor da Academia de Valdora está cheio. Um colega pede ajuda, outro provoca você e um professor observa de longe, aparentemente interessado em descobrir quem consegue resolver o problema sem transformar tudo em uma briga.	Investigar a situação.	PER>=5	END	xp=7	END	fatigue=1		Continuar seu caminho.	NONE	END	fatigue=0	END	fatigue=1		RANDOM;NARRATIVE	NONE	4
RND_1476	ACADEMIC	COMMON	ANY	Kethruun	Sandbones	5	19	9	Entre aulas e rivalidades	O corredor da Academia de Valdora está cheio. Um colega pede ajuda, outro provoca você e um professor observa de longe, aparentemente interessado em descobrir quem consegue resolver o problema sem transformar tudo em uma briga.	Investigar a situação.	PER>=5	END	xp=6	END	fatigue=1		Continuar seu caminho.	NONE	END	fatigue=0	END	fatigue=1		RANDOM;NARRATIVE	NONE	3
RND_1477	ACADEMIC	COMMON	ANY	Kethruun	Sandbones	6	45	8	Entre aulas e rivalidades	O corredor da Academia de Valdora está cheio. Um colega pede ajuda, outro provoca você e um professor observa de longe, aparentemente interessado em descobrir quem consegue resolver o problema sem transformar tudo em uma briga.	Investigar a situação.	PER>=5	END	xp=4	END	fatigue=1		Continuar seu caminho.	NONE	END	fatigue=0	END	fatigue=1		RANDOM;NARRATIVE	NONE	15
RND_1478	ACADEMIC	COMMON	ANY	Nyssara	Emerald Tide	1	25	9	Entre aulas e rivalidades	O corredor da Academia de Valdora está cheio. Um colega pede ajuda, outro provoca você e um professor observa de longe, aparentemente interessado em descobrir quem consegue resolver o problema sem transformar tudo em uma briga.	Investigar a situação.	PER>=5	END	xp=5	END	fatigue=1		Continuar seu caminho.	NONE	END	fatigue=0	END	fatigue=1		RANDOM;NARRATIVE	NONE	8
RND_1479	GUILD	COMMON	ANY	Lyrien	Aerocivitus	7	13	6	Mercadoria esquecida	Aerocivitus segue sua rotina, mas pequenos detalhes chamam sua atenção. Um comerciante fala baixo, um viajante observa a estrada e uma oportunidade aparece onde você menos esperava. Em Altheria, até um dia comum pode deixar uma marca.	Investigar a situação.	PER>=5	END	xp=8	END	fatigue=1		Continuar seu caminho.	NONE	END	fatigue=0	END	fatigue=1		RANDOM;NARRATIVE	NONE	7
RND_1480	CITY	COMMON	ANY	Eshmara	Brumas	6	30	2	Uma manhã que parecia comum	Brumas segue sua rotina, mas pequenos detalhes chamam sua atenção. Um comerciante fala baixo, um viajante observa a estrada e uma oportunidade aparece onde você menos esperava. Em Altheria, até um dia comum pode deixar uma marca.	Investigar a situação.	PER>=5	END	xp=6	END	fatigue=1		Continuar seu caminho.	NONE	END	fatigue=0	END	fatigue=1		RANDOM;NARRATIVE	NONE	8
RND_1481	ACADEMIC	COMMON	ANY	Eshmara	Brumas	3	144	12	Entre aulas e rivalidades	O corredor da Academia de Valdora está cheio. Um colega pede ajuda, outro provoca você e um professor observa de longe, aparentemente interessado em descobrir quem consegue resolver o problema sem transformar tudo em uma briga.	Investigar a situação.	PER>=5	END	xp=2	END	fatigue=1		Continuar seu caminho.	NONE	END	fatigue=0	END	fatigue=1		RANDOM;NARRATIVE	NONE	5
RND_1482	OPPORTUNITY	COMMON	ANY	Lyrien	Aerocivitus	1	54	3	Sinais na fronteira	Aerocivitus segue sua rotina, mas pequenos detalhes chamam sua atenção. Um comerciante fala baixo, um viajante observa a estrada e uma oportunidade aparece onde você menos esperava. Em Altheria, até um dia comum pode deixar uma marca.	Investigar a situação.	PER>=5	END	xp=1	END	fatigue=1		Continuar seu caminho.	NONE	END	fatigue=0	END	fatigue=1		RANDOM;NARRATIVE	NONE	7
RND_1483	CITY	COMMON	ANY	Orinthal	Crystalia	8	142	9	Uma manhã que parecia comum	Crystalia segue sua rotina, mas pequenos detalhes chamam sua atenção. Um comerciante fala baixo, um viajante observa a estrada e uma oportunidade aparece onde você menos esperava. Em Altheria, até um dia comum pode deixar uma marca.	Investigar a situação.	PER>=5	END	xp=5	END	fatigue=1		Continuar seu caminho.	NONE	END	fatigue=0	END	fatigue=1		RANDOM;NARRATIVE	NONE	10
RND_1484	OPPORTUNITY	COMMON	ANY	Aeloria	Eldrath	3	34	3	Mercadoria esquecida	Eldrath segue sua rotina, mas pequenos detalhes chamam sua atenção. Um comerciante fala baixo, um viajante observa a estrada e uma oportunidade aparece onde você menos esperava. Em Altheria, até um dia comum pode deixar uma marca.	Investigar a situação.	PER>=5	END	xp=1	END	fatigue=1		Continuar seu caminho.	NONE	END	fatigue=0	END	fatigue=1		RANDOM;NARRATIVE	NONE	11
RND_1485	OPPORTUNITY	COMMON	ANY	Eshmara	Brumas	8	76	5	Pedido inesperado	Brumas segue sua rotina, mas pequenos detalhes chamam sua atenção. Um comerciante fala baixo, um viajante observa a estrada e uma oportunidade aparece onde você menos esperava. Em Altheria, até um dia comum pode deixar uma marca.	Investigar a situação.	PER>=5	END	xp=3	END	fatigue=1		Continuar seu caminho.	NONE	END	fatigue=0	END	fatigue=1		RANDOM;NARRATIVE	NONE	16
RND_1486	ROAD	COMMON	ANY	Aeloria	Brighthollow	2	64	13	Rumor de taverna	Brighthollow segue sua rotina, mas pequenos detalhes chamam sua atenção. Um comerciante fala baixo, um viajante observa a estrada e uma oportunidade aparece onde você menos esperava. Em Altheria, até um dia comum pode deixar uma marca.	Investigar a situação.	PER>=5	END	xp=1	END	fatigue=1		Continuar seu caminho.	NONE	END	fatigue=0	END	fatigue=1		RANDOM;NARRATIVE	NONE	9
RND_1487	ACADEMIC	COMMON	ANY	Zarim	Fornalia	7	7	11	Entre aulas e rivalidades	O corredor da Academia de Valdora está cheio. Um colega pede ajuda, outro provoca você e um professor observa de longe, aparentemente interessado em descobrir quem consegue resolver o problema sem transformar tudo em uma briga.	Investigar a situação.	PER>=5	END	xp=1	END	fatigue=1		Continuar seu caminho.	NONE	END	fatigue=0	END	fatigue=1		RANDOM;NARRATIVE	NONE	12
RND_1488	SOCIAL	COMMON	ANY	Aeloria	Valdora	8	106	11	Uma pessoa à beira da estrada	A poucos passos da estrada, uma pessoa surge ofegante. Ela conta que alguém levou seu filho e aponta para a trilha ainda recente. A distância é pequena; o problema é que você não sabe o que encontrará no fim dela.	Investigar a situação.	PER>=5	END	xp=6	END	fatigue=1		Continuar seu caminho.	NONE	END	fatigue=0	END	fatigue=1		RANDOM;NARRATIVE	NONE	17
RND_1489	SOCIAL	COMMON	ANY	Orinthal	Crystalia	5	30	13	Uma pessoa à beira da estrada	A poucos passos da estrada, uma pessoa surge ofegante. Ela conta que alguém levou seu filho e aponta para a trilha ainda recente. A distância é pequena; o problema é que você não sabe o que encontrará no fim dela.	Investigar a situação.	PER>=5	END	xp=7	END	fatigue=1		Continuar seu caminho.	NONE	END	fatigue=0	END	fatigue=1		RANDOM;NARRATIVE	NONE	6
RND_1490	ACADEMIC	COMMON	ANY	Valkyrion	Volmeria	2	129	12	Entre aulas e rivalidades	O corredor da Academia de Valdora está cheio. Um colega pede ajuda, outro provoca você e um professor observa de longe, aparentemente interessado em descobrir quem consegue resolver o problema sem transformar tudo em uma briga.	Investigar a situação.	PER>=5	END	xp=4	END	fatigue=1		Continuar seu caminho.	NONE	END	fatigue=0	END	fatigue=1		RANDOM;NARRATIVE	NONE	6
RND_1491	MONSTER	COMMON	ANY	Aeloria	Quorathen	5	104	4	Rastros na estrada — Nightmare	As marcas no barro contam uma história antes mesmo de você ver a criatura. Galhos quebrados, um cheiro estranho e o silêncio repentino dos pássaros sugerem que um nightmare está próximo. Você pode investigar ou seguir adiante.	Investigar a situação.	PER>=5	END	xp=2	END	fatigue=1	AEL_MON_0001	Continuar seu caminho.	NONE	END	fatigue=0	END	fatigue=1		RANDOM;NARRATIVE	NONE	7
RND_1492	ROAD	COMMON	ANY	Tharun	Stone-Âmbar	8	35	7	Rumor de taverna	Stone-Âmbar segue sua rotina, mas pequenos detalhes chamam sua atenção. Um comerciante fala baixo, um viajante observa a estrada e uma oportunidade aparece onde você menos esperava. Em Altheria, até um dia comum pode deixar uma marca.	Investigar a situação.	PER>=5	END	xp=7	END	fatigue=1		Continuar seu caminho.	NONE	END	fatigue=0	END	fatigue=1		RANDOM;NARRATIVE	NONE	11
RND_1493	ACADEMIC	COMMON	ANY	Nyssara	Emerald Tide	6	19	4	Entre aulas e rivalidades	O corredor da Academia de Valdora está cheio. Um colega pede ajuda, outro provoca você e um professor observa de longe, aparentemente interessado em descobrir quem consegue resolver o problema sem transformar tudo em uma briga.	Investigar a situação.	PER>=5	END	xp=6	END	fatigue=1		Continuar seu caminho.	NONE	END	fatigue=0	END	fatigue=1		RANDOM;NARRATIVE	NONE	18
RND_1494	MONSTER	COMMON	ANY	Zarim	Fornalia	8	140	3	Rastros na estrada — Centaur	As marcas no barro contam uma história antes mesmo de você ver a criatura. Galhos quebrados, um cheiro estranho e o silêncio repentino dos pássaros sugerem que um centaur está próximo. Você pode investigar ou seguir adiante.	Investigar a situação.	PER>=5	END	xp=5	END	fatigue=1	AEL_MON_0001	Continuar seu caminho.	NONE	END	fatigue=0	END	fatigue=1		RANDOM;NARRATIVE	NONE	7
RND_1495	SOCIAL	COMMON	ANY	Valkyrion	Volmeria	8	57	14	Uma pessoa à beira da estrada	A poucos passos da estrada, uma pessoa surge ofegante. Ela conta que alguém levou seu filho e aponta para a trilha ainda recente. A distância é pequena; o problema é que você não sabe o que encontrará no fim dela.	Investigar a situação.	PER>=5	END	xp=7	END	fatigue=1		Continuar seu caminho.	NONE	END	fatigue=0	END	fatigue=1		RANDOM;NARRATIVE	NONE	6
RND_1496	ROAD	COMMON	ANY	Myrthos	Sem nome definido	8	103	8	Rumor de taverna	Sem nome definido segue sua rotina, mas pequenos detalhes chamam sua atenção. Um comerciante fala baixo, um viajante observa a estrada e uma oportunidade aparece onde você menos esperava. Em Altheria, até um dia comum pode deixar uma marca.	Investigar a situação.	PER>=5	END	xp=3	END	fatigue=1		Continuar seu caminho.	NONE	END	fatigue=0	END	fatigue=1		RANDOM;NARRATIVE	NONE	4
RND_1497	ACADEMIC	COMMON	ANY	Myrthos	Sem nome definido	6	96	4	Entre aulas e rivalidades	O corredor da Academia de Valdora está cheio. Um colega pede ajuda, outro provoca você e um professor observa de longe, aparentemente interessado em descobrir quem consegue resolver o problema sem transformar tudo em uma briga.	Investigar a situação.	PER>=5	END	xp=5	END	fatigue=1		Continuar seu caminho.	NONE	END	fatigue=0	END	fatigue=1		RANDOM;NARRATIVE	NONE	16
RND_1498	SOCIAL	COMMON	ANY	Nyssara	Emerald Tide	6	32	13	Uma pessoa à beira da estrada	A poucos passos da estrada, uma pessoa surge ofegante. Ela conta que alguém levou seu filho e aponta para a trilha ainda recente. A distância é pequena; o problema é que você não sabe o que encontrará no fim dela.	Investigar a situação.	PER>=5	END	xp=1	END	fatigue=1		Continuar seu caminho.	NONE	END	fatigue=0	END	fatigue=1		RANDOM;NARRATIVE	NONE	17
RND_1499	CITY	COMMON	ANY	Aeloria	Hallowspire	2	40	5	Pedido inesperado	Hallowspire segue sua rotina, mas pequenos detalhes chamam sua atenção. Um comerciante fala baixo, um viajante observa a estrada e uma oportunidade aparece onde você menos esperava. Em Altheria, até um dia comum pode deixar uma marca.	Investigar a situação.	PER>=5	END	xp=3	END	fatigue=1		Continuar seu caminho.	NONE	END	fatigue=0	END	fatigue=1		RANDOM;NARRATIVE	NONE	5
RND_1500	CITY	COMMON	ANY	Kethruun	Sandbones	6	38	12	Uma porta entreaberta	Sandbones segue sua rotina, mas pequenos detalhes chamam sua atenção. Um comerciante fala baixo, um viajante observa a estrada e uma oportunidade aparece onde você menos esperava. Em Altheria, até um dia comum pode deixar uma marca.	Investigar a situação.	PER>=5	END	xp=8	END	fatigue=1		Continuar seu caminho.	NONE	END	fatigue=0	END	fatigue=1		RANDOM;NARRATIVE	NONE	17
