id	category	rarity	lifePath	realm	location	minLevel	minDay	weight	title	text	choice1	req1	next1	effect1	failNext1	failEffect1	combat1	choice2	req2	next2	effect2	failNext2	failEffect2	combat2	tags	requirements	cooldown
EVT_1156	SOCIAL	COMMON	ANY	Kethruun	Sandbones	1	1	100	Um pedido pessoal	Um comerciante oferece uma pequena tarefa em troca de confiança.	Conversar com calma.	stat:PRE>=7	END	reputation=2;rel:NPC_MIRIEL=1	END	reputation=-1;fatigue=1		Responder de forma direta.	stat:VON>=6	END	reputation=1	END	reputation=1			NONE	5
EVT_1164	SOCIAL	COMMON	ANY	Valkyrion	Volmeria	1	1	100	Um pedido pessoal	Um comerciante oferece uma pequena tarefa em troca de confiança.	Conversar com calma.	stat:PRE>=7	END	reputation=2;rel:NPC_MIRIEL=1	END	reputation=-1;fatigue=1		Responder de forma direta.	stat:VON>=6	END	reputation=1	END	reputation=1			NONE	6
EVT_1390	GUILD	COMMON	ADVENTURER	Myrthos	Sem nome definido	2	1	100	Contrato disponível	Um quadro de missões apresenta um contrato envolvendo uma criatura.	Aceitar o contrato e organizar um plano.	guildRep>=1	END	xp=6;guildRep=1	END	guildRep=-1		Perguntar por um contrato mais simples.	NONE	END	xp=3	END	reputation=-1			NONE	7
EVT_1655	UNIQUE	UNIQUE	ANY	Eshmara	Brumas	4	1	1	Acontecimento único	Você encontra um símbolo que parece não pertencer à religião local.	Investigar o acontecimento.	stat:PER>=8	END	xp=10;flag:unique_seen=1;reputation=2	END	reputation=-1;fatigue=2		Recusar a oportunidade.	NONE	END	reputation=-1	END	fatigue=2			level>=4&!flag:unique_seen	8
EVT_0740	COMBAT	COMMON	ANY	Myrthos	Sem nome definido	2	1	100	Um combate inevitável	Os moradores relatam ataques atribuídos a Sahuagin.	Enfrentar a ameaça.	stat:FOR>=6	END	xp=4;reputation=1	END	hp=-2;fatigue=2	MON_0059	Procurar uma abertura melhor.	stat:AGI>=6	END	xp=3;fatigue=1	END	hp=-1;fatigue=2	MON_0159		NONE	9
EVT_0094	EVERYDAY	COMMON	ANY	Valkyrion	Volmeria	1	1	100	Uma conversa inesperada	Uma carroça perdeu uma roda no caminho e bloqueou parte da rua.	Ajudar e perguntar o que aconteceu.	stat:PRE>=6	END	xp=3;reputation=1;cityEconomy:Volmeria=1	END	reputation=-1		Seguir seu caminho.	NONE	END	xp=2	END	xp=2			NONE	10
EVT_0551	EXPLORATION	COMMON	ANY	Aeloria	Quenndral	2	1	100	Um caminho secundário	Você encontra pegadas recentes atravessando uma área de vegetação fechada.	Examinar rastros e procurar uma explicação.	stat:PER>=7	END	xp=5;flag:investigacao_recente=1	END	fatigue=2;reputation=-1		Evitar riscos desnecessários.	NONE	END	fatigue=-1	END	fatigue=1			NONE	4
EVT_0154	EVERYDAY	COMMON	ANY	Valkyrion	Volmeria	1	1	100	Uma conversa inesperada	Uma carroça perdeu uma roda no caminho e bloqueou parte da rua.	Ajudar e perguntar o que aconteceu.	stat:PRE>=6	END	xp=3;reputation=1;cityEconomy:Volmeria=1	END	reputation=-1		Seguir seu caminho.	NONE	END	xp=2	END	xp=2			NONE	5
EVT_0461	EXPLORATION	COMMON	ANY	Aeloria	Jorwyn	2	1	100	Algo fora do lugar	Você encontra pegadas recentes atravessando uma área de vegetação fechada.	Examinar rastros e procurar uma explicação.	stat:PER>=7	END	xp=5;flag:investigacao_recente=1	END	fatigue=2;reputation=-1		Evitar riscos desnecessários.	NONE	END	fatigue=-1	END	fatigue=1			NONE	6
EVT_0196	EVERYDAY	COMMON	ANY	Kethruun	Sandbones	1	1	100	Uma manhã diferente	O cheiro de pão fresco sai de uma padaria enquanto a cidade desperta.	Ajudar e perguntar o que aconteceu.	stat:PRE>=6	END	xp=3;reputation=1;cityEconomy:Sandbones=1	END	reputation=-1		Seguir seu caminho.	NONE	END	xp=2	END	xp=2			NONE	7
EVT_0353	EVERYDAY	COMMON	ANY	Nyssara	Emerald Tide	1	1	100	Um detalhe do caminho	Um vendedor discute com um comprador sobre o preço de uma peça simples.	Ajudar e perguntar o que aconteceu.	stat:PRE>=6	END	xp=3;reputation=1;cityEconomy:Emerald Tide=1	END	reputation=-1		Seguir seu caminho.	NONE	END	xp=2	END	xp=2			NONE	8
EVT_0247	EVERYDAY	COMMON	ANY	Orinthal	Crystalia	1	1	100	Um favor simples	Uma chuva repentina transforma a rua em lama.	Ajudar e perguntar o que aconteceu.	stat:PRE>=6	END	xp=3;reputation=1;cityEconomy:Crystalia=1	END	reputation=-1		Seguir seu caminho.	NONE	END	xp=2	END	xp=2			NONE	9
EVT_1645	RARE	RARE	ANY	Eshmara	Brumas	4	1	15	Um acontecimento incomum	Uma porta antiga aparece aberta onde antes havia apenas uma parede.	Seguir a coincidência.	stat:INT>=7	END	xp=8;reputation=1	END	fatigue=2;reputation=-1		Guardar distância.	stat:VON>=6	END	fatigue=1	END	fatigue=1			level>=2	10
EVT_0475	EXPLORATION	COMMON	ANY	Eshmara	Brumas	2	1	100	Um caminho secundário	Um pequeno desvio parece levar a uma construção abandonada.	Examinar rastros e procurar uma explicação.	stat:PER>=7	END	xp=5;flag:investigacao_recente=1	END	fatigue=2;reputation=-1		Evitar riscos desnecessários.	NONE	END	fatigue=-1	END	fatigue=1			NONE	4
EVT_1508	GUILD	COMMON	ADVENTURER	Zarim	Fornalia	2	1	100	Trabalho anunciado	Um quadro de missões apresenta um contrato envolvendo uma criatura.	Aceitar o contrato e organizar um plano.	guildRep>=1	END	xp=6;guildRep=1	END	guildRep=-1		Perguntar por um contrato mais simples.	NONE	END	xp=3	END	reputation=-1			NONE	5
EVT_0466	EXPLORATION	COMMON	ANY	Kethruun	Sandbones	2	1	100	Rastros na estrada	Você encontra pegadas recentes atravessando uma área de vegetação fechada.	Examinar rastros e procurar uma explicação.	stat:PER>=7	END	xp=5;flag:investigacao_recente=1	END	fatigue=2;reputation=-1		Evitar riscos desnecessários.	NONE	END	fatigue=-1	END	fatigue=1			NONE	6
EVT_1671	UNIQUE	UNIQUE	ANY	Aeloria	Jorathen	4	1	1	Acontecimento único	Uma mensagem sem assinatura anuncia uma oportunidade que só existirá uma vez.	Investigar o acontecimento.	stat:PER>=8	END	xp=10;flag:unique_seen=1;reputation=2	END	reputation=-1;fatigue=2		Recusar a oportunidade.	NONE	END	reputation=-1	END	fatigue=2			level>=4&!flag:unique_seen	7
EVT_0354	EVERYDAY	COMMON	ANY	Valkyrion	Volmeria	1	1	100	Uma conversa inesperada	Uma carroça perdeu uma roda no caminho e bloqueou parte da rua.	Ajudar e perguntar o que aconteceu.	stat:PRE>=6	END	xp=3;reputation=1;cityEconomy:Volmeria=1	END	reputation=-1		Seguir seu caminho.	NONE	END	xp=2	END	xp=2			NONE	8
EVT_1052	SOCIAL	COMMON	ANY	Tharun	Stone-Âmbar	1	1	100	Um pedido pessoal	Um comerciante oferece uma pequena tarefa em troca de confiança.	Conversar com calma.	stat:PRE>=7	END	reputation=2;rel:NPC_MIRIEL=1	END	reputation=-1;fatigue=1		Responder de forma direta.	stat:VON>=6	END	reputation=1	END	reputation=1			NONE	9
EVT_0851	COMBAT	COMMON	ANY	Aeloria	Zephyrholt	2	1	100	Predador à espreita	Sinais de Hellhounds foram encontrados nos arredores.	Enfrentar a ameaça.	stat:FOR>=6	END	xp=4;reputation=1	END	hp=-2;fatigue=2	MON_0200	Procurar uma abertura melhor.	stat:AGI>=6	END	xp=3;fatigue=1	END	hp=-1;fatigue=2	MON_0080		NONE	10
EVT_0249	EVERYDAY	COMMON	ANY	Lyrien	Aerocivitus	1	1	100	Um detalhe do caminho	Um vendedor discute com um comprador sobre o preço de uma peça simples.	Ajudar e perguntar o que aconteceu.	stat:PRE>=6	END	xp=3;reputation=1;cityEconomy:Aerocivitus=1	END	reputation=-1		Seguir seu caminho.	NONE	END	xp=2	END	xp=2			NONE	4
EVT_1368	GUILD	COMMON	ADVENTURER	Zarim	Fornalia	2	1	100	Trabalho anunciado	Um quadro de missões apresenta um contrato envolvendo uma criatura.	Aceitar o contrato e organizar um plano.	guildRep>=1	END	xp=6;guildRep=1	END	guildRep=-1		Perguntar por um contrato mais simples.	NONE	END	xp=3	END	reputation=-1			NONE	5
EVT_0786	COMBAT	COMMON	ANY	Kethruun	Sandbones	2	1	100	O caminho é interrompido	Os moradores relatam ataques atribuídos a Verme Gigante.	Enfrentar a ameaça.	stat:FOR>=6	END	xp=4;reputation=1	END	hp=-2;fatigue=2	MON_0235	Procurar uma abertura melhor.	stat:AGI>=6	END	xp=3;fatigue=1	END	hp=-1;fatigue=2	MON_0195		NONE	6
EVT_0139	EVERYDAY	COMMON	ANY	Lyrien	Aerocivitus	1	1	100	Um favor simples	Uma chuva repentina transforma a rua em lama.	Ajudar e perguntar o que aconteceu.	stat:PRE>=6	END	xp=3;reputation=1;cityEconomy:Aerocivitus=1	END	reputation=-1		Seguir seu caminho.	NONE	END	xp=2	END	xp=2			NONE	7
EVT_1023	SOCIAL	COMMON	ANY	Nyssara	Emerald Tide	1	1	100	Uma conversa delicada	Um estudante conversa sobre técnicas que aprendeu recentemente.	Conversar com calma.	stat:PRE>=7	END	reputation=2;rel:NPC_MIRIEL=1	END	reputation=-1;fatigue=1		Responder de forma direta.	stat:VON>=6	END	reputation=1	END	reputation=1			NONE	8
EVT_0654	EXPLORATION	COMMON	ANY	Valkyrion	Volmeria	2	1	100	Rastros na estrada	Um brilho incomum aparece entre duas rochas.	Examinar rastros e procurar uma explicação.	stat:PER>=7	END	xp=5;flag:investigacao_recente=1	END	fatigue=2;reputation=-1		Evitar riscos desnecessários.	NONE	END	fatigue=-1	END	fatigue=1			NONE	9
EVT_1479	GUILD	COMMON	ADVENTURER	Lyrien	Aerocivitus	2	1	100	Pedido da Guilda	Um pesquisador procura alguém para coletar amostras de uma região perigosa.	Aceitar o contrato e organizar um plano.	guildRep>=1	END	xp=6;guildRep=1	END	guildRep=-1		Perguntar por um contrato mais simples.	NONE	END	xp=3	END	reputation=-1			NONE	10
EVT_1087	SOCIAL	COMMON	ANY	Orinthal	Crystalia	1	1	100	Uma conversa delicada	Um estudante conversa sobre técnicas que aprendeu recentemente.	Conversar com calma.	stat:PRE>=7	END	reputation=2;rel:NPC_MIRIEL=1	END	reputation=-1;fatigue=1		Responder de forma direta.	stat:VON>=6	END	reputation=1	END	reputation=1			NONE	4
EVT_1578	RARE	RARE	ANY	Zarim	Fornalia	4	1	15	Rumor difícil de ignorar	No fim da tarde, todos os sinos de um distrito tocam ao mesmo tempo sem uma causa aparente.	Seguir a coincidência.	stat:INT>=7	END	xp=8;reputation=1	END	fatigue=2;reputation=-1		Guardar distância.	stat:VON>=6	END	fatigue=1	END	fatigue=1			level>=2	5
EVT_0726	COMBAT	COMMON	ANY	Kethruun	Sandbones	2	1	100	O caminho é interrompido	Os moradores relatam ataques atribuídos a Lizardfolk.	Enfrentar a ameaça.	stat:FOR>=6	END	xp=4;reputation=1	END	hp=-2;fatigue=2	MON_0055	Procurar uma abertura melhor.	stat:AGI>=6	END	xp=3;fatigue=1	END	hp=-1;fatigue=2	MON_0155		NONE	6
EVT_0277	EVERYDAY	COMMON	ANY	Orinthal	Crystalia	1	1	100	Um detalhe do caminho	Um vendedor discute com um comprador sobre o preço de uma peça simples.	Ajudar e perguntar o que aconteceu.	stat:PRE>=6	END	xp=3;reputation=1;cityEconomy:Crystalia=1	END	reputation=-1		Seguir seu caminho.	NONE	END	xp=2	END	xp=2			NONE	7
EVT_0799	COMBAT	COMMON	ANY	Lyrien	Aerocivitus	2	1	100	Predador à espreita	Sinais de Hidra do Lago Valdoris foram encontrados nos arredores.	Enfrentar a ameaça.	stat:FOR>=6	END	xp=4;reputation=1	END	hp=-2;fatigue=2	MON_0078	Procurar uma abertura melhor.	stat:AGI>=6	END	xp=3;fatigue=1	END	hp=-1;fatigue=2	MON_0218		NONE	8
EVT_0173	EVERYDAY	COMMON	ANY	Nyssara	Emerald Tide	1	1	100	Um detalhe do caminho	Um vendedor discute com um comprador sobre o preço de uma peça simples.	Ajudar e perguntar o que aconteceu.	stat:PRE>=6	END	xp=3;reputation=1;cityEconomy:Emerald Tide=1	END	reputation=-1		Seguir seu caminho.	NONE	END	xp=2	END	xp=2			NONE	9
EVT_1370	GUILD	COMMON	ADVENTURER	Myrthos	Sem nome definido	2	1	100	Contrato disponível	Um quadro de missões apresenta um contrato envolvendo uma criatura.	Aceitar o contrato e organizar um plano.	guildRep>=1	END	xp=6;guildRep=1	END	guildRep=-1		Perguntar por um contrato mais simples.	NONE	END	xp=3	END	reputation=-1			NONE	10
EVT_0795	COMBAT	COMMON	ANY	Eshmara	Brumas	2	1	100	Predador à espreita	Sinais de Aranea foram encontrados nos arredores.	Enfrentar a ameaça.	stat:FOR>=6	END	xp=4;reputation=1	END	hp=-2;fatigue=2	MON_0104	Procurar uma abertura melhor.	stat:AGI>=6	END	xp=3;fatigue=1	END	hp=-1;fatigue=2	MON_0054		NONE	4
EVT_0185	EVERYDAY	COMMON	ANY	Eshmara	Brumas	1	1	100	Um detalhe do caminho	Um vendedor discute com um comprador sobre o preço de uma peça simples.	Ajudar e perguntar o que aconteceu.	stat:PRE>=6	END	xp=3;reputation=1;cityEconomy:Brumas=1	END	reputation=-1		Seguir seu caminho.	NONE	END	xp=2	END	xp=2			NONE	5
EVT_1494	GUILD	COMMON	ADVENTURER	Valkyrion	Volmeria	2	1	100	Contrato disponível	Um quadro de missões apresenta um contrato envolvendo uma criatura.	Aceitar o contrato e organizar um plano.	guildRep>=1	END	xp=6;guildRep=1	END	guildRep=-1		Perguntar por um contrato mais simples.	NONE	END	xp=3	END	reputation=-1			NONE	6
EVT_1683	UNIQUE	UNIQUE	ANY	Nyssara	Emerald Tide	4	1	1	Acontecimento único	Uma mensagem sem assinatura anuncia uma oportunidade que só existirá uma vez.	Investigar o acontecimento.	stat:PER>=8	END	xp=10;flag:unique_seen=1;reputation=2	END	reputation=-1;fatigue=2		Recusar a oportunidade.	NONE	END	reputation=-1	END	fatigue=2			level>=4&!flag:unique_seen	7
EVT_1133	SOCIAL	COMMON	ANY	Nyssara	Emerald Tide	1	1	100	Uma aproximação	Um estudante conversa sobre técnicas que aprendeu recentemente.	Conversar com calma.	stat:PRE>=7	END	reputation=2;rel:NPC_MIRIEL=1	END	reputation=-1;fatigue=1		Responder de forma direta.	stat:VON>=6	END	reputation=1	END	reputation=1			NONE	8
EVT_1514	GUILD	COMMON	ADVENTURER	Valkyrion	Volmeria	2	1	100	Contrato disponível	Um quadro de missões apresenta um contrato envolvendo uma criatura.	Aceitar o contrato e organizar um plano.	guildRep>=1	END	xp=6;guildRep=1	END	guildRep=-1		Perguntar por um contrato mais simples.	NONE	END	xp=3	END	reputation=-1			NONE	9
EVT_0978	COMBAT	COMMON	ANY	Zarim	Fornalia	2	1	100	O caminho é interrompido	Os moradores relatam ataques atribuídos a Morcego Vampiro.	Enfrentar a ameaça.	stat:FOR>=6	END	xp=4;reputation=1	END	hp=-2;fatigue=2	MON_0167	Procurar uma abertura melhor.	stat:AGI>=6	END	xp=3;fatigue=1	END	hp=-1;fatigue=2	MON_0237		NONE	10
EVT_1003	SOCIAL	COMMON	ANY	Nyssara	Emerald Tide	1	1	100	Uma conversa delicada	Um estudante conversa sobre técnicas que aprendeu recentemente.	Conversar com calma.	stat:PRE>=7	END	reputation=2;rel:NPC_MIRIEL=1	END	reputation=-1;fatigue=1		Responder de forma direta.	stat:VON>=6	END	reputation=1	END	reputation=1			NONE	4
EVT_1307	CITY	COMMON	ANY	Orinthal	Crystalia	1	1	100	Um problema local	O mercado central recebe uma remessa incomum de mercadorias.	Investir tempo para resolver o problema.	stat:TEC>=7	END	reputation=2;cityStability:Crystalia=1;cityEconomy:Crystalia=1;flag:city:Crystalia:stabilized=1	END	reputation=-1		Não se envolver.	NONE	END	xp=2;fatigue=1	END	fatigue=1			NONE	5
EVT_1709	UNIQUE	UNIQUE	ANY	Lyrien	Aerocivitus	4	1	1	Um encontro que não se repete	Você encontra um símbolo que parece não pertencer à religião local.	Investigar o acontecimento.	stat:PER>=8	END	xp=10;flag:unique_seen=1;reputation=2	END	reputation=-1;fatigue=2		Recusar a oportunidade.	NONE	END	reputation=-1	END	fatigue=2			level>=4&!flag:unique_seen	6
EVT_1587	RARE	RARE	ANY	Orinthal	Crystalia	4	1	15	Uma coincidência rara	No fim da tarde, todos os sinos de um distrito tocam ao mesmo tempo sem uma causa aparente.	Seguir a coincidência.	stat:INT>=7	END	xp=8;reputation=1	END	fatigue=2;reputation=-1		Guardar distância.	stat:VON>=6	END	fatigue=1	END	fatigue=1			level>=2	7
EVT_1620	RARE	RARE	ANY	Myrthos	Sem nome definido	4	1	15	Um presságio estranho	No fim da tarde, todos os sinos de um distrito tocam ao mesmo tempo sem uma causa aparente.	Seguir a coincidência.	stat:INT>=7	END	xp=8;reputation=1	END	fatigue=2;reputation=-1		Guardar distância.	stat:VON>=6	END	fatigue=1	END	fatigue=1			level>=2	8
EVT_0783	COMBAT	COMMON	ANY	Nyssara	Emerald Tide	2	1	100	Predador à espreita	Sinais de Wyvern foram encontrados nos arredores.	Enfrentar a ameaça.	stat:FOR>=6	END	xp=4;reputation=1	END	hp=-2;fatigue=2	MON_0222	Procurar uma abertura melhor.	stat:AGI>=6	END	xp=3;fatigue=1	END	hp=-1;fatigue=2	MON_0162		NONE	9
EVT_1044	SOCIAL	COMMON	ANY	Valkyrion	Volmeria	1	1	100	Um pedido pessoal	Um comerciante oferece uma pequena tarefa em troca de confiança.	Conversar com calma.	stat:PRE>=7	END	reputation=2;rel:NPC_MIRIEL=1	END	reputation=-1;fatigue=1		Responder de forma direta.	stat:VON>=6	END	reputation=1	END	reputation=1			NONE	10
EVT_1121	SOCIAL	COMMON	ANY	Aeloria	Valdora	1	1	100	Uma aproximação	Um estudante conversa sobre técnicas que aprendeu recentemente.	Conversar com calma.	stat:PRE>=7	END	reputation=2;rel:NPC_MIRIEL=1	END	reputation=-1;fatigue=1		Responder de forma direta.	stat:VON>=6	END	reputation=1	END	reputation=1			NONE	4
EVT_0765	COMBAT	COMMON	ANY	Eshmara	Brumas	2	1	100	Uma ameaça aparece	Sinais de Formiga Gigante foram encontrados nos arredores.	Enfrentar a ameaça.	stat:FOR>=6	END	xp=4;reputation=1	END	hp=-2;fatigue=2	MON_0005	Procurar uma abertura melhor.	stat:AGI>=6	END	xp=3;fatigue=1	END	hp=-1;fatigue=2	MON_0005		NONE	5
EVT_1063	SOCIAL	COMMON	ANY	Nyssara	Emerald Tide	1	1	100	Uma conversa delicada	Um estudante conversa sobre técnicas que aprendeu recentemente.	Conversar com calma.	stat:PRE>=7	END	reputation=2;rel:NPC_MIRIEL=1	END	reputation=-1;fatigue=1		Responder de forma direta.	stat:VON>=6	END	reputation=1	END	reputation=1			NONE	6
EVT_1704	UNIQUE	UNIQUE	ANY	Valkyrion	Volmeria	4	1	1	Uma porta que se abre	Uma mensagem sem assinatura anuncia uma oportunidade que só existirá uma vez.	Investigar o acontecimento.	stat:PER>=8	END	xp=10;flag:unique_seen=1;reputation=2	END	reputation=-1;fatigue=2		Recusar a oportunidade.	NONE	END	reputation=-1	END	fatigue=2			level>=4&!flag:unique_seen	7
EVT_1732	UNIQUE	UNIQUE	ANY	Tharun	Stone-Âmbar	4	1	1	Uma porta que se abre	Um desconhecido o chama pelo nome sem explicar como o conhece.	Investigar o acontecimento.	stat:PER>=8	END	xp=10;flag:unique_seen=1;reputation=2	END	reputation=-1;fatigue=2		Recusar a oportunidade.	NONE	END	reputation=-1	END	fatigue=2			level>=4&!flag:unique_seen	8
EVT_0596	EXPLORATION	COMMON	ANY	Kethruun	Sandbones	2	1	100	Silêncio na mata	Você encontra pegadas recentes atravessando uma área de vegetação fechada.	Examinar rastros e procurar uma explicação.	stat:PER>=7	END	xp=5;flag:investigacao_recente=1	END	fatigue=2;reputation=-1		Evitar riscos desnecessários.	NONE	END	fatigue=-1	END	fatigue=1			NONE	9
EVT_0031	EVERYDAY	COMMON	ANY	Aeloria	Irondral	1	1	100	Um favor simples	Uma chuva repentina transforma a rua em lama.	Ajudar e perguntar o que aconteceu.	stat:PRE>=6	END	xp=3;reputation=1;cityEconomy:Irondral=1	END	reputation=-1		Seguir seu caminho.	NONE	END	xp=2	END	xp=2			NONE	10
EVT_1602	RARE	RARE	ANY	Tharun	Stone-Âmbar	4	1	15	Rumor difícil de ignorar	No fim da tarde, todos os sinos de um distrito tocam ao mesmo tempo sem uma causa aparente.	Seguir a coincidência.	stat:INT>=7	END	xp=8;reputation=1	END	fatigue=2;reputation=-1		Guardar distância.	stat:VON>=6	END	fatigue=1	END	fatigue=1			level>=2	4
EVT_1404	GUILD	COMMON	ADVENTURER	Valkyrion	Volmeria	2	1	100	Trabalho anunciado	Um quadro de missões apresenta um contrato envolvendo uma criatura.	Aceitar o contrato e organizar um plano.	guildRep>=1	END	xp=6;guildRep=1	END	guildRep=-1		Perguntar por um contrato mais simples.	NONE	END	xp=3	END	reputation=-1			NONE	5
EVT_0131	EVERYDAY	COMMON	ANY	Aeloria	Ashenford	1	1	100	Um favor simples	Uma chuva repentina transforma a rua em lama.	Ajudar e perguntar o que aconteceu.	stat:PRE>=6	END	xp=3;reputation=1;cityEconomy:Ashenford=1	END	reputation=-1		Seguir seu caminho.	NONE	END	xp=2	END	xp=2			NONE	6
EVT_0089	EVERYDAY	COMMON	ANY	Lyrien	Aerocivitus	1	1	100	Um detalhe do caminho	Um vendedor discute com um comprador sobre o preço de uma peça simples.	Ajudar e perguntar o que aconteceu.	stat:PRE>=6	END	xp=3;reputation=1;cityEconomy:Aerocivitus=1	END	reputation=-1		Seguir seu caminho.	NONE	END	xp=2	END	xp=2			NONE	7
EVT_0192	EVERYDAY	COMMON	ANY	Tharun	Stone-Âmbar	1	1	100	Uma manhã diferente	O cheiro de pão fresco sai de uma padaria enquanto a cidade desperta.	Ajudar e perguntar o que aconteceu.	stat:PRE>=6	END	xp=3;reputation=1;cityEconomy:Stone-Âmbar=1	END	reputation=-1		Seguir seu caminho.	NONE	END	xp=2	END	xp=2			NONE	8
EVT_1029	SOCIAL	COMMON	ANY	Lyrien	Aerocivitus	1	1	100	Uma aproximação	Um estudante conversa sobre técnicas que aprendeu recentemente.	Conversar com calma.	stat:PRE>=7	END	reputation=2;rel:NPC_MIRIEL=1	END	reputation=-1;fatigue=1		Responder de forma direta.	stat:VON>=6	END	reputation=1	END	reputation=1			NONE	9
EVT_1046	SOCIAL	COMMON	ANY	Kethruun	Sandbones	1	1	100	Alguém reconhece você	Um comerciante oferece uma pequena tarefa em troca de confiança.	Conversar com calma.	stat:PRE>=7	END	reputation=2;rel:NPC_MIRIEL=1	END	reputation=-1;fatigue=1		Responder de forma direta.	stat:VON>=6	END	reputation=1	END	reputation=1			NONE	10
EVT_1669	UNIQUE	UNIQUE	ANY	Lyrien	Aerocivitus	4	1	1	Um encontro que não se repete	Um desconhecido o chama pelo nome sem explicar como o conhece.	Investigar o acontecimento.	stat:PER>=8	END	xp=10;flag:unique_seen=1;reputation=2	END	reputation=-1;fatigue=2		Recusar a oportunidade.	NONE	END	reputation=-1	END	fatigue=2			level>=4&!flag:unique_seen	4
EVT_0189	EVERYDAY	COMMON	ANY	Lyrien	Aerocivitus	1	1	100	Um detalhe do caminho	Um vendedor discute com um comprador sobre o preço de uma peça simples.	Ajudar e perguntar o que aconteceu.	stat:PRE>=6	END	xp=3;reputation=1;cityEconomy:Aerocivitus=1	END	reputation=-1		Seguir seu caminho.	NONE	END	xp=2	END	xp=2			NONE	5
EVT_1310	CITY	COMMON	ANY	Myrthos	Sem nome definido	1	1	100	O mercado hoje	O mercado central recebe uma remessa incomum de mercadorias.	Investir tempo para resolver o problema.	stat:TEC>=7	END	reputation=2;cityStability:Sem nome definido=1;cityEconomy:Sem nome definido=1;flag:city:Sem nome definido:stabilized=1	END	reputation=-1		Não se envolver.	NONE	END	xp=2;fatigue=1	END	fatigue=1			NONE	6
EVT_0060	EVERYDAY	COMMON	ANY	Myrthos	Sem nome definido	1	1	100	Uma manhã diferente	O cheiro de pão fresco sai de uma padaria enquanto a cidade desperta.	Ajudar e perguntar o que aconteceu.	stat:PRE>=6	END	xp=3;reputation=1;cityEconomy:Sem nome definido=1	END	reputation=-1		Seguir seu caminho.	NONE	END	xp=2	END	xp=2			NONE	7
EVT_0244	EVERYDAY	COMMON	ANY	Valkyrion	Volmeria	1	1	100	Uma manhã diferente	O cheiro de pão fresco sai de uma padaria enquanto a cidade desperta.	Ajudar e perguntar o que aconteceu.	stat:PRE>=6	END	xp=3;reputation=1;cityEconomy:Volmeria=1	END	reputation=-1		Seguir seu caminho.	NONE	END	xp=2	END	xp=2			NONE	8
EVT_1263	CITY	COMMON	ANY	Nyssara	Emerald Tide	1	1	100	Um problema local	Uma casa de hospedagem anuncia uma vaga por uma noite.	Investir tempo para resolver o problema.	stat:TEC>=7	END	reputation=2;cityStability:Emerald Tide=1;cityEconomy:Emerald Tide=1;flag:city:Emerald Tide:stabilized=1	END	reputation=-1		Não se envolver.	NONE	END	xp=2;fatigue=1	END	fatigue=1			NONE	9
EVT_1289	CITY	COMMON	ANY	Lyrien	Aerocivitus	1	1	100	Movimento na cidade	O mercado central recebe uma remessa incomum de mercadorias.	Investir tempo para resolver o problema.	stat:TEC>=7	END	reputation=2;cityStability:Aerocivitus=1;cityEconomy:Aerocivitus=1;flag:city:Aerocivitus:stabilized=1	END	reputation=-1		Não se envolver.	NONE	END	xp=2;fatigue=1	END	fatigue=1			NONE	10
EVT_0201	EVERYDAY	COMMON	ANY	Aeloria	Stormhaven	1	1	100	Um detalhe do caminho	Um vendedor discute com um comprador sobre o preço de uma peça simples.	Ajudar e perguntar o que aconteceu.	stat:PRE>=6	END	xp=3;reputation=1;cityEconomy:Stormhaven=1	END	reputation=-1		Seguir seu caminho.	NONE	END	xp=2	END	xp=2			NONE	4
EVT_0063	EVERYDAY	COMMON	ANY	Nyssara	Emerald Tide	1	1	100	Um favor simples	Uma chuva repentina transforma a rua em lama.	Ajudar e perguntar o que aconteceu.	stat:PRE>=6	END	xp=3;reputation=1;cityEconomy:Emerald Tide=1	END	reputation=-1		Seguir seu caminho.	NONE	END	xp=2	END	xp=2			NONE	5
EVT_0744	COMBAT	COMMON	ANY	Valkyrion	Volmeria	2	1	100	Um combate inevitável	Os moradores relatam ataques atribuídos a Dragões.	Enfrentar a ameaça.	stat:FOR>=6	END	xp=4;reputation=1	END	hp=-2;fatigue=2	MON_0004	Procurar uma abertura melhor.	stat:AGI>=6	END	xp=3;fatigue=1	END	hp=-1;fatigue=2	MON_0004		NONE	6
EVT_0615	EXPLORATION	COMMON	ANY	Eshmara	Brumas	2	1	100	Um caminho secundário	Um pequeno desvio parece levar a uma construção abandonada.	Examinar rastros e procurar uma explicação.	stat:PER>=7	END	xp=5;flag:investigacao_recente=1	END	fatigue=2;reputation=-1		Evitar riscos desnecessários.	NONE	END	fatigue=-1	END	fatigue=1			NONE	7
EVT_1286	CITY	COMMON	ANY	Kethruun	Sandbones	1	1	100	O mercado hoje	O mercado central recebe uma remessa incomum de mercadorias.	Investir tempo para resolver o problema.	stat:TEC>=7	END	reputation=2;cityStability:Sandbones=1;cityEconomy:Sandbones=1;flag:city:Sandbones:stabilized=1	END	reputation=-1		Não se envolver.	NONE	END	xp=2;fatigue=1	END	fatigue=1			NONE	8
EVT_1569	RARE	RARE	ANY	Lyrien	Aerocivitus	4	1	15	Um acontecimento incomum	No fim da tarde, todos os sinos de um distrito tocam ao mesmo tempo sem uma causa aparente.	Seguir a coincidência.	stat:INT>=7	END	xp=8;reputation=1	END	fatigue=2;reputation=-1		Guardar distância.	stat:VON>=6	END	fatigue=1	END	fatigue=1			level>=2	9
EVT_0412	EXPLORATION	COMMON	ANY	Tharun	Stone-Âmbar	2	1	100	Silêncio na mata	A estrada apresenta sinais de uma caravana que passou às pressas.	Examinar rastros e procurar uma explicação.	stat:PER>=7	END	xp=5;flag:investigacao_recente=1	END	fatigue=2;reputation=-1		Evitar riscos desnecessários.	NONE	END	fatigue=-1	END	fatigue=1			NONE	10
EVT_1027	SOCIAL	COMMON	ANY	Orinthal	Crystalia	1	1	100	Uma conversa delicada	Um estudante conversa sobre técnicas que aprendeu recentemente.	Conversar com calma.	stat:PRE>=7	END	reputation=2;rel:NPC_MIRIEL=1	END	reputation=-1;fatigue=1		Responder de forma direta.	stat:VON>=6	END	reputation=1	END	reputation=1			NONE	4
EVT_0348	EVERYDAY	COMMON	ANY	Zarim	Fornalia	1	1	100	Uma manhã diferente	O cheiro de pão fresco sai de uma padaria enquanto a cidade desperta.	Ajudar e perguntar o que aconteceu.	stat:PRE>=6	END	xp=3;reputation=1;cityEconomy:Fornalia=1	END	reputation=-1		Seguir seu caminho.	NONE	END	xp=2	END	xp=2			NONE	5
EVT_0375	EVERYDAY	COMMON	ANY	Eshmara	Brumas	1	1	100	Um favor simples	Uma chuva repentina transforma a rua em lama.	Ajudar e perguntar o que aconteceu.	stat:PRE>=6	END	xp=3;reputation=1;cityEconomy:Brumas=1	END	reputation=-1		Seguir seu caminho.	NONE	END	xp=2	END	xp=2			NONE	6
EVT_1061	SOCIAL	COMMON	ANY	Aeloria	Ulthmere	1	1	100	Uma aproximação	Um estudante conversa sobre técnicas que aprendeu recentemente.	Conversar com calma.	stat:PRE>=7	END	reputation=2;rel:NPC_MIRIEL=1	END	reputation=-1;fatigue=1		Responder de forma direta.	stat:VON>=6	END	reputation=1	END	reputation=1			NONE	7
EVT_0177	EVERYDAY	COMMON	ANY	Orinthal	Crystalia	1	1	100	Um detalhe do caminho	Um vendedor discute com um comprador sobre o preço de uma peça simples.	Ajudar e perguntar o que aconteceu.	stat:PRE>=6	END	xp=3;reputation=1;cityEconomy:Crystalia=1	END	reputation=-1		Seguir seu caminho.	NONE	END	xp=2	END	xp=2			NONE	8
EVT_1221	CITY	COMMON	ANY	Aeloria	Tindralith	1	1	100	Movimento na cidade	Uma casa de hospedagem anuncia uma vaga por uma noite.	Investir tempo para resolver o problema.	stat:TEC>=7	END	reputation=2;cityStability:Tindralith=1;cityEconomy:Tindralith=1;flag:city:Tindralith:stabilized=1	END	reputation=-1		Não se envolver.	NONE	END	xp=2;fatigue=1	END	fatigue=1			NONE	9
EVT_1657	UNIQUE	UNIQUE	ANY	Orinthal	Crystalia	4	1	1	Um encontro que não se repete	Um desconhecido o chama pelo nome sem explicar como o conhece.	Investigar o acontecimento.	stat:PER>=8	END	xp=10;flag:unique_seen=1;reputation=2	END	reputation=-1;fatigue=2		Recusar a oportunidade.	NONE	END	reputation=-1	END	fatigue=2			level>=4&!flag:unique_seen	10
EVT_1649	RARE	RARE	ANY	Lyrien	Aerocivitus	4	1	15	Um acontecimento incomum	Um viajante fala de uma criatura que ninguém da cidade reconhece.	Seguir a coincidência.	stat:INT>=7	END	xp=8;reputation=1	END	fatigue=2;reputation=-1		Guardar distância.	stat:VON>=6	END	fatigue=1	END	fatigue=1			level>=2	4
EVT_1112	SOCIAL	COMMON	ANY	Tharun	Stone-Âmbar	1	1	100	Um pedido pessoal	Um comerciante oferece uma pequena tarefa em troca de confiança.	Conversar com calma.	stat:PRE>=7	END	reputation=2;rel:NPC_MIRIEL=1	END	reputation=-1;fatigue=1		Responder de forma direta.	stat:VON>=6	END	reputation=1	END	reputation=1			NONE	5
EVT_0342	EVERYDAY	COMMON	ANY	Tharun	Stone-Âmbar	1	1	100	Uma conversa inesperada	Uma carroça perdeu uma roda no caminho e bloqueou parte da rua.	Ajudar e perguntar o que aconteceu.	stat:PRE>=6	END	xp=3;reputation=1;cityEconomy:Stone-Âmbar=1	END	reputation=-1		Seguir seu caminho.	NONE	END	xp=2	END	xp=2			NONE	6
EVT_1123	SOCIAL	COMMON	ANY	Nyssara	Emerald Tide	1	1	100	Uma conversa delicada	Um estudante conversa sobre técnicas que aprendeu recentemente.	Conversar com calma.	stat:PRE>=7	END	reputation=2;rel:NPC_MIRIEL=1	END	reputation=-1;fatigue=1		Responder de forma direta.	stat:VON>=6	END	reputation=1	END	reputation=1			NONE	7
EVT_1299	CITY	COMMON	ANY	Lyrien	Aerocivitus	1	1	100	Um problema local	Uma casa de hospedagem anuncia uma vaga por uma noite.	Investir tempo para resolver o problema.	stat:TEC>=7	END	reputation=2;cityStability:Aerocivitus=1;cityEconomy:Aerocivitus=1;flag:city:Aerocivitus:stabilized=1	END	reputation=-1		Não se envolver.	NONE	END	xp=2;fatigue=1	END	fatigue=1			NONE	8
EVT_1284	CITY	COMMON	ANY	Valkyrion	Volmeria	1	1	100	Portas abertas	Uma casa de hospedagem anuncia uma vaga por uma noite.	Investir tempo para resolver o problema.	stat:TEC>=7	END	reputation=2;cityStability:Volmeria=1;cityEconomy:Volmeria=1;flag:city:Volmeria:stabilized=1	END	reputation=-1		Não se envolver.	NONE	END	xp=2;fatigue=1	END	fatigue=1			NONE	9
EVT_0361	EVERYDAY	COMMON	ANY	Aeloria	Runedral	1	1	100	Um detalhe do caminho	Um vendedor discute com um comprador sobre o preço de uma peça simples.	Ajudar e perguntar o que aconteceu.	stat:PRE>=6	END	xp=3;reputation=1;cityEconomy:Runedral=1	END	reputation=-1		Seguir seu caminho.	NONE	END	xp=2	END	xp=2			NONE	10
EVT_0136	EVERYDAY	COMMON	ANY	Kethruun	Sandbones	1	1	100	Uma manhã diferente	O cheiro de pão fresco sai de uma padaria enquanto a cidade desperta.	Ajudar e perguntar o que aconteceu.	stat:PRE>=6	END	xp=3;reputation=1;cityEconomy:Sandbones=1	END	reputation=-1		Seguir seu caminho.	NONE	END	xp=2	END	xp=2			NONE	4
EVT_1327	CITY	COMMON	ANY	Orinthal	Crystalia	1	1	100	Um problema local	Uma oficina anuncia que pode reparar equipamentos danificados.	Investir tempo para resolver o problema.	stat:TEC>=7	END	reputation=2;cityStability:Crystalia=1;cityEconomy:Crystalia=1;flag:city:Crystalia:stabilized=1	END	reputation=-1		Não se envolver.	NONE	END	xp=2;fatigue=1	END	fatigue=1			NONE	5
EVT_1316	CITY	COMMON	ANY	Kethruun	Sandbones	1	1	100	Portas abertas	O mercado central recebe uma remessa incomum de mercadorias.	Investir tempo para resolver o problema.	stat:TEC>=7	END	reputation=2;cityStability:Sandbones=1;cityEconomy:Sandbones=1;flag:city:Sandbones:stabilized=1	END	reputation=-1		Não se envolver.	NONE	END	xp=2;fatigue=1	END	fatigue=1			NONE	6
EVT_0864	COMBAT	COMMON	ANY	Valkyrion	Volmeria	2	1	100	Um combate inevitável	Os moradores relatam ataques atribuídos a Liches.	Enfrentar a ameaça.	stat:FOR>=6	END	xp=4;reputation=1	END	hp=-2;fatigue=2	MON_0233	Procurar uma abertura melhor.	stat:AGI>=6	END	xp=3;fatigue=1	END	hp=-1;fatigue=2	MON_0193		NONE	7
EVT_1008	SOCIAL	COMMON	ANY	Zarim	Fornalia	1	1	100	Um pedido pessoal	Um comerciante oferece uma pequena tarefa em troca de confiança.	Conversar com calma.	stat:PRE>=7	END	reputation=2;rel:NPC_MIRIEL=1	END	reputation=-1;fatigue=1		Responder de forma direta.	stat:VON>=6	END	reputation=1	END	reputation=1			NONE	8
EVT_1317	CITY	COMMON	ANY	Orinthal	Crystalia	1	1	100	Movimento na cidade	Uma casa de hospedagem anuncia uma vaga por uma noite.	Investir tempo para resolver o problema.	stat:TEC>=7	END	reputation=2;cityStability:Crystalia=1;cityEconomy:Crystalia=1;flag:city:Crystalia:stabilized=1	END	reputation=-1		Não se envolver.	NONE	END	xp=2;fatigue=1	END	fatigue=1			NONE	9
EVT_0179	EVERYDAY	COMMON	ANY	Lyrien	Aerocivitus	1	1	100	Um favor simples	Uma chuva repentina transforma a rua em lama.	Ajudar e perguntar o que aconteceu.	stat:PRE>=6	END	xp=3;reputation=1;cityEconomy:Aerocivitus=1	END	reputation=-1		Seguir seu caminho.	NONE	END	xp=2	END	xp=2			NONE	10
EVT_0037	EVERYDAY	COMMON	ANY	Orinthal	Crystalia	1	1	100	Um detalhe do caminho	Um vendedor discute com um comprador sobre o preço de uma peça simples.	Ajudar e perguntar o que aconteceu.	stat:PRE>=6	END	xp=3;reputation=1;cityEconomy:Crystalia=1	END	reputation=-1		Seguir seu caminho.	NONE	END	xp=2	END	xp=2			NONE	4
EVT_1205	CITY	COMMON	ANY	Eshmara	Brumas	1	1	100	Movimento na cidade	O mercado central recebe uma remessa incomum de mercadorias.	Investir tempo para resolver o problema.	stat:TEC>=7	END	reputation=2;cityStability:Brumas=1;cityEconomy:Brumas=1;flag:city:Brumas:stabilized=1	END	reputation=-1		Não se envolver.	NONE	END	xp=2;fatigue=1	END	fatigue=1			NONE	5
EVT_0415	EXPLORATION	COMMON	ANY	Eshmara	Brumas	2	1	100	Um caminho secundário	Um pequeno desvio parece levar a uma construção abandonada.	Examinar rastros e procurar uma explicação.	stat:PER>=7	END	xp=5;flag:investigacao_recente=1	END	fatigue=2;reputation=-1		Evitar riscos desnecessários.	NONE	END	fatigue=-1	END	fatigue=1			NONE	6
EVT_0847	COMBAT	COMMON	ANY	Orinthal	Crystalia	2	1	100	Predador à espreita	Sinais de Golem de Lava foram encontrados nos arredores.	Enfrentar a ameaça.	stat:FOR>=6	END	xp=4;reputation=1	END	hp=-2;fatigue=2	MON_0017	Procurar uma abertura melhor.	stat:AGI>=6	END	xp=3;fatigue=1	END	hp=-1;fatigue=2	MON_0037		NONE	7
EVT_0209	EVERYDAY	COMMON	ANY	Lyrien	Aerocivitus	1	1	100	Um detalhe do caminho	Um vendedor discute com um comprador sobre o preço de uma peça simples.	Ajudar e perguntar o que aconteceu.	stat:PRE>=6	END	xp=3;reputation=1;cityEconomy:Aerocivitus=1	END	reputation=-1		Seguir seu caminho.	NONE	END	xp=2	END	xp=2			NONE	8
EVT_1482	GUILD	COMMON	ADVENTURER	Tharun	Stone-Âmbar	2	1	100	Contrato disponível	Um quadro de missões apresenta um contrato envolvendo uma criatura.	Aceitar o contrato e organizar um plano.	guildRep>=1	END	xp=6;guildRep=1	END	guildRep=-1		Perguntar por um contrato mais simples.	NONE	END	xp=3	END	reputation=-1			NONE	9
EVT_0159	EVERYDAY	COMMON	ANY	Lyrien	Aerocivitus	1	1	100	Um favor simples	Uma chuva repentina transforma a rua em lama.	Ajudar e perguntar o que aconteceu.	stat:PRE>=6	END	xp=3;reputation=1;cityEconomy:Aerocivitus=1	END	reputation=-1		Seguir seu caminho.	NONE	END	xp=2	END	xp=2			NONE	10
EVT_0701	COMBAT	COMMON	ANY	Aeloria	Eldrath	2	1	100	Uma ameaça aparece	Sinais de Gigante de Fogo foram encontrados nos arredores.	Enfrentar a ameaça.	stat:FOR>=6	END	xp=4;reputation=1	END	hp=-2;fatigue=2	MON_0011	Procurar uma abertura melhor.	stat:AGI>=6	END	xp=3;fatigue=1	END	hp=-1;fatigue=2	MON_0031		NONE	4
EVT_0816	COMBAT	COMMON	ANY	Kethruun	Sandbones	2	1	100	Um combate inevitável	Os moradores relatam ataques atribuídos a Bugbear.	Enfrentar a ameaça.	stat:FOR>=6	END	xp=4;reputation=1	END	hp=-2;fatigue=2	MON_0065	Procurar uma abertura melhor.	stat:AGI>=6	END	xp=3;fatigue=1	END	hp=-1;fatigue=2	MON_0185		NONE	5
EVT_0347	EVERYDAY	COMMON	ANY	Orinthal	Crystalia	1	1	100	Um favor simples	Uma chuva repentina transforma a rua em lama.	Ajudar e perguntar o que aconteceu.	stat:PRE>=6	END	xp=3;reputation=1;cityEconomy:Crystalia=1	END	reputation=-1		Seguir seu caminho.	NONE	END	xp=2	END	xp=2			NONE	6
EVT_0346	EVERYDAY	COMMON	ANY	Kethruun	Sandbones	1	1	100	Uma conversa inesperada	Uma carroça perdeu uma roda no caminho e bloqueou parte da rua.	Ajudar e perguntar o que aconteceu.	stat:PRE>=6	END	xp=3;reputation=1;cityEconomy:Sandbones=1	END	reputation=-1		Seguir seu caminho.	NONE	END	xp=2	END	xp=2			NONE	7
EVT_0641	EXPLORATION	COMMON	ANY	Aeloria	Lunareth	2	1	100	Algo fora do lugar	Você encontra pegadas recentes atravessando uma área de vegetação fechada.	Examinar rastros e procurar uma explicação.	stat:PER>=7	END	xp=5;flag:investigacao_recente=1	END	fatigue=2;reputation=-1		Evitar riscos desnecessários.	NONE	END	fatigue=-1	END	fatigue=1			NONE	8
EVT_1574	RARE	RARE	ANY	Valkyrion	Volmeria	4	1	15	Rumor difícil de ignorar	Um viajante fala de uma criatura que ninguém da cidade reconhece.	Seguir a coincidência.	stat:INT>=7	END	xp=8;reputation=1	END	fatigue=2;reputation=-1		Guardar distância.	stat:VON>=6	END	fatigue=1	END	fatigue=1			level>=2	9
EVT_1462	GUILD	COMMON	ADVENTURER	Tharun	Stone-Âmbar	2	1	100	Contrato disponível	Um quadro de missões apresenta um contrato envolvendo uma criatura.	Aceitar o contrato e organizar um plano.	guildRep>=1	END	xp=6;guildRep=1	END	guildRep=-1		Perguntar por um contrato mais simples.	NONE	END	xp=3	END	reputation=-1			NONE	10
EVT_0044	EVERYDAY	COMMON	ANY	Valkyrion	Volmeria	1	1	100	Uma manhã diferente	O cheiro de pão fresco sai de uma padaria enquanto a cidade desperta.	Ajudar e perguntar o que aconteceu.	stat:PRE>=6	END	xp=3;reputation=1;cityEconomy:Volmeria=1	END	reputation=-1		Seguir seu caminho.	NONE	END	xp=2	END	xp=2			NONE	4
EVT_0777	COMBAT	COMMON	ANY	Orinthal	Crystalia	2	1	100	Uma ameaça aparece	Sinais de Rakshasa foram encontrados nos arredores.	Enfrentar a ameaça.	stat:FOR>=6	END	xp=4;reputation=1	END	hp=-2;fatigue=2	MON_0136	Procurar uma abertura melhor.	stat:AGI>=6	END	xp=3;fatigue=1	END	hp=-1;fatigue=2	MON_0146		NONE	5
EVT_0686	EXPLORATION	COMMON	ANY	Kethruun	Sandbones	2	1	100	Rastros na estrada	Você encontra pegadas recentes atravessando uma área de vegetação fechada.	Examinar rastros e procurar uma explicação.	stat:PER>=7	END	xp=5;flag:investigacao_recente=1	END	fatigue=2;reputation=-1		Evitar riscos desnecessários.	NONE	END	fatigue=-1	END	fatigue=1			NONE	6
EVT_0206	EVERYDAY	COMMON	ANY	Kethruun	Sandbones	1	1	100	Uma conversa inesperada	Uma carroça perdeu uma roda no caminho e bloqueou parte da rua.	Ajudar e perguntar o que aconteceu.	stat:PRE>=6	END	xp=3;reputation=1;cityEconomy:Sandbones=1	END	reputation=-1		Seguir seu caminho.	NONE	END	xp=2	END	xp=2			NONE	7
EVT_1355	GUILD	COMMON	ADVENTURER	Eshmara	Brumas	2	1	100	Pedido da Guilda	Um pesquisador procura alguém para coletar amostras de uma região perigosa.	Aceitar o contrato e organizar um plano.	guildRep>=1	END	xp=6;guildRep=1	END	guildRep=-1		Perguntar por um contrato mais simples.	NONE	END	xp=3	END	reputation=-1			NONE	8
EVT_1628	RARE	RARE	ANY	Zarim	Fornalia	4	1	15	Um presságio estranho	Um viajante fala de uma criatura que ninguém da cidade reconhece.	Seguir a coincidência.	stat:INT>=7	END	xp=8;reputation=1	END	fatigue=2;reputation=-1		Guardar distância.	stat:VON>=6	END	fatigue=1	END	fatigue=1			level>=2	9
EVT_1387	GUILD	COMMON	ADVENTURER	Orinthal	Crystalia	2	1	100	Pedido da Guilda	Um pesquisador procura alguém para coletar amostras de uma região perigosa.	Aceitar o contrato e organizar um plano.	guildRep>=1	END	xp=6;guildRep=1	END	guildRep=-1		Perguntar por um contrato mais simples.	NONE	END	xp=3	END	reputation=-1			NONE	10
EVT_1056	SOCIAL	COMMON	ANY	Kethruun	Sandbones	1	1	100	Um pedido pessoal	Um comerciante oferece uma pequena tarefa em troca de confiança.	Conversar com calma.	stat:PRE>=7	END	reputation=2;rel:NPC_MIRIEL=1	END	reputation=-1;fatigue=1		Responder de forma direta.	stat:VON>=6	END	reputation=1	END	reputation=1			NONE	4
EVT_1222	CITY	COMMON	ANY	Tharun	Stone-Âmbar	1	1	100	O mercado hoje	Uma oficina anuncia que pode reparar equipamentos danificados.	Investir tempo para resolver o problema.	stat:TEC>=7	END	reputation=2;cityStability:Stone-Âmbar=1;cityEconomy:Stone-Âmbar=1;flag:city:Stone-Âmbar:stabilized=1	END	reputation=-1		Não se envolver.	NONE	END	xp=2;fatigue=1	END	fatigue=1			NONE	5
EVT_0273	EVERYDAY	COMMON	ANY	Nyssara	Emerald Tide	1	1	100	Um detalhe do caminho	Um vendedor discute com um comprador sobre o preço de uma peça simples.	Ajudar e perguntar o que aconteceu.	stat:PRE>=6	END	xp=3;reputation=1;cityEconomy:Emerald Tide=1	END	reputation=-1		Seguir seu caminho.	NONE	END	xp=2	END	xp=2			NONE	6
EVT_0643	EXPLORATION	COMMON	ANY	Nyssara	Emerald Tide	2	1	100	Um caminho secundário	A trilha adiante termina em pedras antigas cobertas por musgo.	Examinar rastros e procurar uma explicação.	stat:PER>=7	END	xp=5;flag:investigacao_recente=1	END	fatigue=2;reputation=-1		Evitar riscos desnecessários.	NONE	END	fatigue=-1	END	fatigue=1			NONE	7
EVT_0537	EXPLORATION	COMMON	ANY	Orinthal	Crystalia	2	1	100	Algo fora do lugar	A estrada apresenta sinais de uma caravana que passou às pressas.	Examinar rastros e procurar uma explicação.	stat:PER>=7	END	xp=5;flag:investigacao_recente=1	END	fatigue=2;reputation=-1		Evitar riscos desnecessários.	NONE	END	fatigue=-1	END	fatigue=1			NONE	8
EVT_0068	EVERYDAY	COMMON	ANY	Zarim	Fornalia	1	1	100	Uma manhã diferente	O cheiro de pão fresco sai de uma padaria enquanto a cidade desperta.	Ajudar e perguntar o que aconteceu.	stat:PRE>=6	END	xp=3;reputation=1;cityEconomy:Fornalia=1	END	reputation=-1		Seguir seu caminho.	NONE	END	xp=2	END	xp=2			NONE	9
EVT_0830	COMBAT	COMMON	ANY	Myrthos	Sem nome definido	2	1	100	O caminho é interrompido	Os moradores relatam ataques atribuídos a Rakshasa.	Enfrentar a ameaça.	stat:FOR>=6	END	xp=4;reputation=1	END	hp=-2;fatigue=2	MON_0010	Procurar uma abertura melhor.	stat:AGI>=6	END	xp=3;fatigue=1	END	hp=-1;fatigue=2	MON_0010		NONE	10
EVT_1750	UNIQUE	UNIQUE	ANY	Myrthos	Sem nome definido	4	1	1	Oportunidade singular	Um desconhecido o chama pelo nome sem explicar como o conhece.	Investigar o acontecimento.	stat:PER>=8	END	xp=10;flag:unique_seen=1;reputation=2	END	reputation=-1;fatigue=2		Recusar a oportunidade.	NONE	END	reputation=-1	END	fatigue=2			level>=4&!flag:unique_seen	4
EVT_0872	COMBAT	COMMON	ANY	Tharun	Stone-Âmbar	2	1	100	Um combate inevitável	Os moradores relatam ataques atribuídos a Morcego Vampiro.	Enfrentar a ameaça.	stat:FOR>=6	END	xp=4;reputation=1	END	hp=-2;fatigue=2	MON_0022	Procurar uma abertura melhor.	stat:AGI>=6	END	xp=3;fatigue=1	END	hp=-1;fatigue=2	MON_0061		NONE	5
EVT_0491	EXPLORATION	COMMON	ANY	Aeloria	Jorathen	2	1	100	Um caminho secundário	Você encontra pegadas recentes atravessando uma área de vegetação fechada.	Examinar rastros e procurar uma explicação.	stat:PER>=7	END	xp=5;flag:investigacao_recente=1	END	fatigue=2;reputation=-1		Evitar riscos desnecessários.	NONE	END	fatigue=-1	END	fatigue=1			NONE	6
EVT_1322	CITY	COMMON	ANY	Tharun	Stone-Âmbar	1	1	100	O mercado hoje	O mercado central recebe uma remessa incomum de mercadorias.	Investir tempo para resolver o problema.	stat:TEC>=7	END	reputation=2;cityStability:Stone-Âmbar=1;cityEconomy:Stone-Âmbar=1;flag:city:Stone-Âmbar:stabilized=1	END	reputation=-1		Não se envolver.	NONE	END	xp=2;fatigue=1	END	fatigue=1			NONE	7
EVT_0464	EXPLORATION	COMMON	ANY	Valkyrion	Volmeria	2	1	100	Silêncio na mata	Um brilho incomum aparece entre duas rochas.	Examinar rastros e procurar uma explicação.	stat:PER>=7	END	xp=5;flag:investigacao_recente=1	END	fatigue=2;reputation=-1		Evitar riscos desnecessários.	NONE	END	fatigue=-1	END	fatigue=1			NONE	8
EVT_0892	COMBAT	COMMON	ANY	Tharun	Stone-Âmbar	2	1	100	Um combate inevitável	Os moradores relatam ataques atribuídos a Verme Gigante.	Enfrentar a ameaça.	stat:FOR>=6	END	xp=4;reputation=1	END	hp=-2;fatigue=2	MON_0061	Procurar uma abertura melhor.	stat:AGI>=6	END	xp=3;fatigue=1	END	hp=-1;fatigue=2	MON_0181		NONE	9
EVT_0014	EVERYDAY	COMMON	ANY	Valkyrion	Volmeria	1	1	100	Uma conversa inesperada	Uma carroça perdeu uma roda no caminho e bloqueou parte da rua.	Ajudar e perguntar o que aconteceu.	stat:PRE>=6	END	xp=3;reputation=1;cityEconomy:Volmeria=1	END	reputation=-1		Seguir seu caminho.	NONE	END	xp=2	END	xp=2			NONE	10
EVT_0480	EXPLORATION	COMMON	ANY	Myrthos	Sem nome definido	2	1	100	Silêncio na mata	Um pequeno desvio parece levar a uma construção abandonada.	Examinar rastros e procurar uma explicação.	stat:PER>=7	END	xp=5;flag:investigacao_recente=1	END	fatigue=2;reputation=-1		Evitar riscos desnecessários.	NONE	END	fatigue=-1	END	fatigue=1			NONE	4
EVT_0713	COMBAT	COMMON	ANY	Nyssara	Emerald Tide	2	1	100	Uma ameaça aparece	Sinais de Morcego Vampiro foram encontrados nos arredores.	Enfrentar a ameaça.	stat:FOR>=6	END	xp=4;reputation=1	END	hp=-2;fatigue=2	MON_0092	Procurar uma abertura melhor.	stat:AGI>=6	END	xp=3;fatigue=1	END	hp=-1;fatigue=2	MON_0023		NONE	5
EVT_0933	COMBAT	COMMON	ANY	Nyssara	Emerald Tide	2	1	100	Uma ameaça aparece	Sinais de Kraken foram encontrados nos arredores.	Enfrentar a ameaça.	stat:FOR>=6	END	xp=4;reputation=1	END	hp=-2;fatigue=2	MON_0102	Procurar uma abertura melhor.	stat:AGI>=6	END	xp=3;fatigue=1	END	hp=-1;fatigue=2	MON_0053		NONE	6
EVT_1486	GUILD	COMMON	ADVENTURER	Kethruun	Sandbones	2	1	100	Contrato disponível	Um quadro de missões apresenta um contrato envolvendo uma criatura.	Aceitar o contrato e organizar um plano.	guildRep>=1	END	xp=6;guildRep=1	END	guildRep=-1		Perguntar por um contrato mais simples.	NONE	END	xp=3	END	reputation=-1			NONE	7
EVT_0818	COMBAT	COMMON	ANY	Zarim	Fornalia	2	1	100	O caminho é interrompido	Os moradores relatam ataques atribuídos a Formiga Gigante.	Enfrentar a ameaça.	stat:FOR>=6	END	xp=4;reputation=1	END	hp=-2;fatigue=2	MON_0127	Procurar uma abertura melhor.	stat:AGI>=6	END	xp=3;fatigue=1	END	hp=-1;fatigue=2	MON_0117		NONE	8
EVT_1036	SOCIAL	COMMON	ANY	Kethruun	Sandbones	1	1	100	Um pedido pessoal	Um comerciante oferece uma pequena tarefa em troca de confiança.	Conversar com calma.	stat:PRE>=7	END	reputation=2;rel:NPC_MIRIEL=1	END	reputation=-1;fatigue=1		Responder de forma direta.	stat:VON>=6	END	reputation=1	END	reputation=1			NONE	9
EVT_1191	SOCIAL	COMMON	ANY	Aeloria	Myrendale	1	1	100	Uma conversa delicada	Um estudante conversa sobre técnicas que aprendeu recentemente.	Conversar com calma.	stat:PRE>=7	END	reputation=2;rel:NPC_MIRIEL=1	END	reputation=-1;fatigue=1		Responder de forma direta.	stat:VON>=6	END	reputation=1	END	reputation=1			NONE	10
EVT_1124	SOCIAL	COMMON	ANY	Valkyrion	Volmeria	1	1	100	Um pedido pessoal	Um comerciante oferece uma pequena tarefa em troca de confiança.	Conversar com calma.	stat:PRE>=7	END	reputation=2;rel:NPC_MIRIEL=1	END	reputation=-1;fatigue=1		Responder de forma direta.	stat:VON>=6	END	reputation=1	END	reputation=1			NONE	4
EVT_0130	EVERYDAY	COMMON	ANY	Myrthos	Sem nome definido	1	1	100	Uma conversa inesperada	Uma carroça perdeu uma roda no caminho e bloqueou parte da rua.	Ajudar e perguntar o que aconteceu.	stat:PRE>=6	END	xp=3;reputation=1;cityEconomy:Sem nome definido=1	END	reputation=-1		Seguir seu caminho.	NONE	END	xp=2	END	xp=2			NONE	5
EVT_1212	CITY	COMMON	ANY	Tharun	Stone-Âmbar	1	1	100	Portas abertas	Uma casa de hospedagem anuncia uma vaga por uma noite.	Investir tempo para resolver o problema.	stat:TEC>=7	END	reputation=2;cityStability:Stone-Âmbar=1;cityEconomy:Stone-Âmbar=1;flag:city:Stone-Âmbar:stabilized=1	END	reputation=-1		Não se envolver.	NONE	END	xp=2;fatigue=1	END	fatigue=1			NONE	6
EVT_1633	RARE	RARE	ANY	Nyssara	Emerald Tide	4	1	15	Um acontecimento incomum	Uma porta antiga aparece aberta onde antes havia apenas uma parede.	Seguir a coincidência.	stat:INT>=7	END	xp=8;reputation=1	END	fatigue=2;reputation=-1		Guardar distância.	stat:VON>=6	END	fatigue=1	END	fatigue=1			level>=2	7
EVT_1256	CITY	COMMON	ANY	Kethruun	Sandbones	1	1	100	Portas abertas	O mercado central recebe uma remessa incomum de mercadorias.	Investir tempo para resolver o problema.	stat:TEC>=7	END	reputation=2;cityStability:Sandbones=1;cityEconomy:Sandbones=1;flag:city:Sandbones:stabilized=1	END	reputation=-1		Não se envolver.	NONE	END	xp=2;fatigue=1	END	fatigue=1			NONE	8
EVT_1043	SOCIAL	COMMON	ANY	Nyssara	Emerald Tide	1	1	100	Uma conversa delicada	Um estudante conversa sobre técnicas que aprendeu recentemente.	Conversar com calma.	stat:PRE>=7	END	reputation=2;rel:NPC_MIRIEL=1	END	reputation=-1;fatigue=1		Responder de forma direta.	stat:VON>=6	END	reputation=1	END	reputation=1			NONE	9
EVT_0543	EXPLORATION	COMMON	ANY	Nyssara	Emerald Tide	2	1	100	Um caminho secundário	A trilha adiante termina em pedras antigas cobertas por musgo.	Examinar rastros e procurar uma explicação.	stat:PER>=7	END	xp=5;flag:investigacao_recente=1	END	fatigue=2;reputation=-1		Evitar riscos desnecessários.	NONE	END	fatigue=-1	END	fatigue=1			NONE	10
EVT_0523	EXPLORATION	COMMON	ANY	Nyssara	Emerald Tide	2	1	100	Um caminho secundário	A trilha adiante termina em pedras antigas cobertas por musgo.	Examinar rastros e procurar uma explicação.	stat:PER>=7	END	xp=5;flag:investigacao_recente=1	END	fatigue=2;reputation=-1		Evitar riscos desnecessários.	NONE	END	fatigue=-1	END	fatigue=1			NONE	4
EVT_0645	EXPLORATION	COMMON	ANY	Eshmara	Brumas	2	1	100	Algo fora do lugar	Um pequeno desvio parece levar a uma construção abandonada.	Examinar rastros e procurar uma explicação.	stat:PER>=7	END	xp=5;flag:investigacao_recente=1	END	fatigue=2;reputation=-1		Evitar riscos desnecessários.	NONE	END	fatigue=-1	END	fatigue=1			NONE	5
EVT_0890	COMBAT	COMMON	ANY	Myrthos	Sem nome definido	2	1	100	O caminho é interrompido	Os moradores relatam ataques atribuídos a Grifos.	Enfrentar a ameaça.	stat:FOR>=6	END	xp=4;reputation=1	END	hp=-2;fatigue=2	MON_0249	Procurar uma abertura melhor.	stat:AGI>=6	END	xp=3;fatigue=1	END	hp=-1;fatigue=2	MON_0229		NONE	6
EVT_1408	GUILD	COMMON	ADVENTURER	Zarim	Fornalia	2	1	100	Trabalho anunciado	Um quadro de missões apresenta um contrato envolvendo uma criatura.	Aceitar o contrato e organizar um plano.	guildRep>=1	END	xp=6;guildRep=1	END	guildRep=-1		Perguntar por um contrato mais simples.	NONE	END	xp=3	END	reputation=-1			NONE	7
EVT_0948	COMBAT	COMMON	ANY	Zarim	Fornalia	2	1	100	Um combate inevitável	Os moradores relatam ataques atribuídos a Treant.	Enfrentar a ameaça.	stat:FOR>=6	END	xp=4;reputation=1	END	hp=-2;fatigue=2	MON_0018	Procurar uma abertura melhor.	stat:AGI>=6	END	xp=3;fatigue=1	END	hp=-1;fatigue=2	MON_0038		NONE	8
EVT_0102	EVERYDAY	COMMON	ANY	Tharun	Stone-Âmbar	1	1	100	Uma conversa inesperada	Uma carroça perdeu uma roda no caminho e bloqueou parte da rua.	Ajudar e perguntar o que aconteceu.	stat:PRE>=6	END	xp=3;reputation=1;cityEconomy:Stone-Âmbar=1	END	reputation=-1		Seguir seu caminho.	NONE	END	xp=2	END	xp=2			NONE	9
EVT_0844	COMBAT	COMMON	ANY	Valkyrion	Volmeria	2	1	100	Um combate inevitável	Os moradores relatam ataques atribuídos a Goblin.	Enfrentar a ameaça.	stat:FOR>=6	END	xp=4;reputation=1	END	hp=-2;fatigue=2	MON_0103	Procurar uma abertura melhor.	stat:AGI>=6	END	xp=3;fatigue=1	END	hp=-1;fatigue=2	MON_0034		NONE	10
EVT_0064	EVERYDAY	COMMON	ANY	Valkyrion	Volmeria	1	1	100	Uma manhã diferente	O cheiro de pão fresco sai de uma padaria enquanto a cidade desperta.	Ajudar e perguntar o que aconteceu.	stat:PRE>=6	END	xp=3;reputation=1;cityEconomy:Volmeria=1	END	reputation=-1		Seguir seu caminho.	NONE	END	xp=2	END	xp=2			NONE	4
EVT_1194	SOCIAL	COMMON	ANY	Valkyrion	Volmeria	1	1	100	Alguém reconhece você	Um comerciante oferece uma pequena tarefa em troca de confiança.	Conversar com calma.	stat:PRE>=7	END	reputation=2;rel:NPC_MIRIEL=1	END	reputation=-1;fatigue=1		Responder de forma direta.	stat:VON>=6	END	reputation=1	END	reputation=1			NONE	5
EVT_0512	EXPLORATION	COMMON	ANY	Tharun	Stone-Âmbar	2	1	100	Silêncio na mata	A estrada apresenta sinais de uma caravana que passou às pressas.	Examinar rastros e procurar uma explicação.	stat:PER>=7	END	xp=5;flag:investigacao_recente=1	END	fatigue=2;reputation=-1		Evitar riscos desnecessários.	NONE	END	fatigue=-1	END	fatigue=1			NONE	6
EVT_1302	CITY	COMMON	ANY	Tharun	Stone-Âmbar	1	1	100	O mercado hoje	Uma casa de hospedagem anuncia uma vaga por uma noite.	Investir tempo para resolver o problema.	stat:TEC>=7	END	reputation=2;cityStability:Stone-Âmbar=1;cityEconomy:Stone-Âmbar=1;flag:city:Stone-Âmbar:stabilized=1	END	reputation=-1		Não se envolver.	NONE	END	xp=2;fatigue=1	END	fatigue=1			NONE	7
EVT_0683	EXPLORATION	COMMON	ANY	Nyssara	Emerald Tide	2	1	100	Um caminho secundário	A trilha adiante termina em pedras antigas cobertas por musgo.	Examinar rastros e procurar uma explicação.	stat:PER>=7	END	xp=5;flag:investigacao_recente=1	END	fatigue=2;reputation=-1		Evitar riscos desnecessários.	NONE	END	fatigue=-1	END	fatigue=1			NONE	8
EVT_1424	GUILD	COMMON	ADVENTURER	Valkyrion	Volmeria	2	1	100	Trabalho anunciado	Um quadro de missões apresenta um contrato envolvendo uma criatura.	Aceitar o contrato e organizar um plano.	guildRep>=1	END	xp=6;guildRep=1	END	guildRep=-1		Perguntar por um contrato mais simples.	NONE	END	xp=3	END	reputation=-1			NONE	9
EVT_0133	EVERYDAY	COMMON	ANY	Nyssara	Emerald Tide	1	1	100	Um detalhe do caminho	Um vendedor discute com um comprador sobre o preço de uma peça simples.	Ajudar e perguntar o que aconteceu.	stat:PRE>=6	END	xp=3;reputation=1;cityEconomy:Emerald Tide=1	END	reputation=-1		Seguir seu caminho.	NONE	END	xp=2	END	xp=2			NONE	10
EVT_1287	CITY	COMMON	ANY	Orinthal	Crystalia	1	1	100	Um problema local	Uma casa de hospedagem anuncia uma vaga por uma noite.	Investir tempo para resolver o problema.	stat:TEC>=7	END	reputation=2;cityStability:Crystalia=1;cityEconomy:Crystalia=1;flag:city:Crystalia:stabilized=1	END	reputation=-1		Não se envolver.	NONE	END	xp=2;fatigue=1	END	fatigue=1			NONE	4
EVT_0441	EXPLORATION	COMMON	ANY	Aeloria	Norhaven	2	1	100	Algo fora do lugar	Você encontra pegadas recentes atravessando uma área de vegetação fechada.	Examinar rastros e procurar uma explicação.	stat:PER>=7	END	xp=5;flag:investigacao_recente=1	END	fatigue=2;reputation=-1		Evitar riscos desnecessários.	NONE	END	fatigue=-1	END	fatigue=1			NONE	5
EVT_1598	RARE	RARE	ANY	Zarim	Fornalia	4	1	15	Rumor difícil de ignorar	Um viajante fala de uma criatura que ninguém da cidade reconhece.	Seguir a coincidência.	stat:INT>=7	END	xp=8;reputation=1	END	fatigue=2;reputation=-1		Guardar distância.	stat:VON>=6	END	fatigue=1	END	fatigue=1			level>=2	6
EVT_0831	COMBAT	COMMON	ANY	Aeloria	Dawnspire	2	1	100	Predador à espreita	Sinais de Lobo foram encontrados nos arredores.	Enfrentar a ameaça.	stat:FOR>=6	END	xp=4;reputation=1	END	hp=-2;fatigue=2	MON_0080	Procurar uma abertura melhor.	stat:AGI>=6	END	xp=3;fatigue=1	END	hp=-1;fatigue=2	MON_0240		NONE	7
EVT_0945	COMBAT	COMMON	ANY	Eshmara	Brumas	2	1	100	Uma ameaça aparece	Sinais de Verme Gigante foram encontrados nos arredores.	Enfrentar a ameaça.	stat:FOR>=6	END	xp=4;reputation=1	END	hp=-2;fatigue=2	MON_0154	Procurar uma abertura melhor.	stat:AGI>=6	END	xp=3;fatigue=1	END	hp=-1;fatigue=2	MON_0204		NONE	8
EVT_0293	EVERYDAY	COMMON	ANY	Nyssara	Emerald Tide	1	1	100	Um detalhe do caminho	Um vendedor discute com um comprador sobre o preço de uma peça simples.	Ajudar e perguntar o que aconteceu.	stat:PRE>=6	END	xp=3;reputation=1;cityEconomy:Emerald Tide=1	END	reputation=-1		Seguir seu caminho.	NONE	END	xp=2	END	xp=2			NONE	9
EVT_1149	SOCIAL	COMMON	ANY	Lyrien	Aerocivitus	1	1	100	Uma aproximação	Um estudante conversa sobre técnicas que aprendeu recentemente.	Conversar com calma.	stat:PRE>=7	END	reputation=2;rel:NPC_MIRIEL=1	END	reputation=-1;fatigue=1		Responder de forma direta.	stat:VON>=6	END	reputation=1	END	reputation=1			NONE	10
EVT_0533	EXPLORATION	COMMON	ANY	Nyssara	Emerald Tide	2	1	100	Algo fora do lugar	A trilha adiante termina em pedras antigas cobertas por musgo.	Examinar rastros e procurar uma explicação.	stat:PER>=7	END	xp=5;flag:investigacao_recente=1	END	fatigue=2;reputation=-1		Evitar riscos desnecessários.	NONE	END	fatigue=-1	END	fatigue=1			NONE	4
EVT_0301	EVERYDAY	COMMON	ANY	Aeloria	Kethralith	1	1	100	Um detalhe do caminho	Um vendedor discute com um comprador sobre o preço de uma peça simples.	Ajudar e perguntar o que aconteceu.	stat:PRE>=6	END	xp=3;reputation=1;cityEconomy:Kethralith=1	END	reputation=-1		Seguir seu caminho.	NONE	END	xp=2	END	xp=2			NONE	5
EVT_0288	EVERYDAY	COMMON	ANY	Zarim	Fornalia	1	1	100	Uma manhã diferente	O cheiro de pão fresco sai de uma padaria enquanto a cidade desperta.	Ajudar e perguntar o que aconteceu.	stat:PRE>=6	END	xp=3;reputation=1;cityEconomy:Fornalia=1	END	reputation=-1		Seguir seu caminho.	NONE	END	xp=2	END	xp=2			NONE	6
EVT_0743	COMBAT	COMMON	ANY	Nyssara	Emerald Tide	2	1	100	Predador à espreita	Sinais de Gárgula foram encontrados nos arredores.	Enfrentar a ameaça.	stat:FOR>=6	END	xp=4;reputation=1	END	hp=-2;fatigue=2	MON_0212	Procurar uma abertura melhor.	stat:AGI>=6	END	xp=3;fatigue=1	END	hp=-1;fatigue=2	MON_0132		NONE	7
EVT_0620	EXPLORATION	COMMON	ANY	Myrthos	Sem nome definido	2	1	100	Silêncio na mata	Um pequeno desvio parece levar a uma construção abandonada.	Examinar rastros e procurar uma explicação.	stat:PER>=7	END	xp=5;flag:investigacao_recente=1	END	fatigue=2;reputation=-1		Evitar riscos desnecessários.	NONE	END	fatigue=-1	END	fatigue=1			NONE	8
EVT_0897	COMBAT	COMMON	ANY	Orinthal	Crystalia	2	1	100	Uma ameaça aparece	Sinais de Goblin foram encontrados nos arredores.	Enfrentar a ameaça.	stat:FOR>=6	END	xp=4;reputation=1	END	hp=-2;fatigue=2	MON_0236	Procurar uma abertura melhor.	stat:AGI>=6	END	xp=3;fatigue=1	END	hp=-1;fatigue=2	MON_0196		NONE	9
EVT_0750	COMBAT	COMMON	ANY	Myrthos	Sem nome definido	2	1	100	O caminho é interrompido	Os moradores relatam ataques atribuídos a Wendigo.	Enfrentar a ameaça.	stat:FOR>=6	END	xp=4;reputation=1	END	hp=-2;fatigue=2	MON_0249	Procurar uma abertura melhor.	stat:AGI>=6	END	xp=3;fatigue=1	END	hp=-1;fatigue=2	MON_0229		NONE	10
EVT_0685	EXPLORATION	COMMON	ANY	Eshmara	Brumas	2	1	100	Algo fora do lugar	Um pequeno desvio parece levar a uma construção abandonada.	Examinar rastros e procurar uma explicação.	stat:PER>=7	END	xp=5;flag:investigacao_recente=1	END	fatigue=2;reputation=-1		Evitar riscos desnecessários.	NONE	END	fatigue=-1	END	fatigue=1			NONE	4
EVT_0351	EVERYDAY	COMMON	ANY	Aeloria	Goldhaven	1	1	100	Um favor simples	Uma chuva repentina transforma a rua em lama.	Ajudar e perguntar o que aconteceu.	stat:PRE>=6	END	xp=3;reputation=1;cityEconomy:Goldhaven=1	END	reputation=-1		Seguir seu caminho.	NONE	END	xp=2	END	xp=2			NONE	5
EVT_0813	COMBAT	COMMON	ANY	Nyssara	Emerald Tide	2	1	100	Uma ameaça aparece	Sinais de Elemental foram encontrados nos arredores.	Enfrentar a ameaça.	stat:FOR>=6	END	xp=4;reputation=1	END	hp=-2;fatigue=2	MON_0023	Procurar uma abertura melhor.	stat:AGI>=6	END	xp=3;fatigue=1	END	hp=-1;fatigue=2	MON_0062		NONE	6
EVT_0020	EVERYDAY	COMMON	ANY	Myrthos	Sem nome definido	1	1	100	Uma manhã diferente	O cheiro de pão fresco sai de uma padaria enquanto a cidade desperta.	Ajudar e perguntar o que aconteceu.	stat:PRE>=6	END	xp=3;reputation=1;cityEconomy:Sem nome definido=1	END	reputation=-1		Seguir seu caminho.	NONE	END	xp=2	END	xp=2			NONE	7
EVT_0038	EVERYDAY	COMMON	ANY	Zarim	Fornalia	1	1	100	Uma conversa inesperada	Uma carroça perdeu uma roda no caminho e bloqueou parte da rua.	Ajudar e perguntar o que aconteceu.	stat:PRE>=6	END	xp=3;reputation=1;cityEconomy:Fornalia=1	END	reputation=-1		Seguir seu caminho.	NONE	END	xp=2	END	xp=2			NONE	8
EVT_0617	EXPLORATION	COMMON	ANY	Orinthal	Crystalia	2	1	100	Algo fora do lugar	A estrada apresenta sinais de uma caravana que passou às pressas.	Examinar rastros e procurar uma explicação.	stat:PER>=7	END	xp=5;flag:investigacao_recente=1	END	fatigue=2;reputation=-1		Evitar riscos desnecessários.	NONE	END	fatigue=-1	END	fatigue=1			NONE	9
EVT_1115	SOCIAL	COMMON	ANY	Eshmara	Brumas	1	1	100	Uma conversa delicada	Um estudante conversa sobre técnicas que aprendeu recentemente.	Conversar com calma.	stat:PRE>=7	END	reputation=2;rel:NPC_MIRIEL=1	END	reputation=-1;fatigue=1		Responder de forma direta.	stat:VON>=6	END	reputation=1	END	reputation=1			NONE	10
EVT_1476	GUILD	COMMON	ADVENTURER	Kethruun	Sandbones	2	1	100	Trabalho anunciado	Um quadro de missões apresenta um contrato envolvendo uma criatura.	Aceitar o contrato e organizar um plano.	guildRep>=1	END	xp=6;guildRep=1	END	guildRep=-1		Perguntar por um contrato mais simples.	NONE	END	xp=3	END	reputation=-1			NONE	4
EVT_1120	SOCIAL	COMMON	ANY	Myrthos	Sem nome definido	1	1	100	Um pedido pessoal	Um comerciante oferece uma pequena tarefa em troca de confiança.	Conversar com calma.	stat:PRE>=7	END	reputation=2;rel:NPC_MIRIEL=1	END	reputation=-1;fatigue=1		Responder de forma direta.	stat:VON>=6	END	reputation=1	END	reputation=1			NONE	5
EVT_1429	GUILD	COMMON	ADVENTURER	Lyrien	Aerocivitus	2	1	100	Quadro de contratos	Um pesquisador procura alguém para coletar amostras de uma região perigosa.	Aceitar o contrato e organizar um plano.	guildRep>=1	END	xp=6;guildRep=1	END	guildRep=-1		Perguntar por um contrato mais simples.	NONE	END	xp=3	END	reputation=-1			NONE	6
EVT_0707	COMBAT	COMMON	ANY	Orinthal	Crystalia	2	1	100	Predador à espreita	Sinais de Elemental foram encontrados nos arredores.	Enfrentar a ameaça.	stat:FOR>=6	END	xp=4;reputation=1	END	hp=-2;fatigue=2	MON_0106	Procurar uma abertura melhor.	stat:AGI>=6	END	xp=3;fatigue=1	END	hp=-1;fatigue=2	MON_0056		NONE	7
EVT_1521	GUILD	COMMON	ADVENTURER	Aeloria	Veyndaril	2	1	100	Quadro de contratos	Um pesquisador procura alguém para coletar amostras de uma região perigosa.	Aceitar o contrato e organizar um plano.	guildRep>=1	END	xp=6;guildRep=1	END	guildRep=-1		Perguntar por um contrato mais simples.	NONE	END	xp=3	END	reputation=-1			NONE	8
EVT_0036	EVERYDAY	COMMON	ANY	Kethruun	Sandbones	1	1	100	Uma manhã diferente	O cheiro de pão fresco sai de uma padaria enquanto a cidade desperta.	Ajudar e perguntar o que aconteceu.	stat:PRE>=6	END	xp=3;reputation=1;cityEconomy:Sandbones=1	END	reputation=-1		Seguir seu caminho.	NONE	END	xp=2	END	xp=2			NONE	9
EVT_1223	CITY	COMMON	ANY	Nyssara	Emerald Tide	1	1	100	Um problema local	O mercado central recebe uma remessa incomum de mercadorias.	Investir tempo para resolver o problema.	stat:TEC>=7	END	reputation=2;cityStability:Emerald Tide=1;cityEconomy:Emerald Tide=1;flag:city:Emerald Tide:stabilized=1	END	reputation=-1		Não se envolver.	NONE	END	xp=2;fatigue=1	END	fatigue=1			NONE	10
EVT_0149	EVERYDAY	COMMON	ANY	Lyrien	Aerocivitus	1	1	100	Um detalhe do caminho	Um vendedor discute com um comprador sobre o preço de uma peça simples.	Ajudar e perguntar o que aconteceu.	stat:PRE>=6	END	xp=3;reputation=1;cityEconomy:Aerocivitus=1	END	reputation=-1		Seguir seu caminho.	NONE	END	xp=2	END	xp=2			NONE	4
EVT_0174	EVERYDAY	COMMON	ANY	Valkyrion	Volmeria	1	1	100	Uma conversa inesperada	Uma carroça perdeu uma roda no caminho e bloqueou parte da rua.	Ajudar e perguntar o que aconteceu.	stat:PRE>=6	END	xp=3;reputation=1;cityEconomy:Volmeria=1	END	reputation=-1		Seguir seu caminho.	NONE	END	xp=2	END	xp=2			NONE	5
EVT_1320	CITY	COMMON	ANY	Myrthos	Sem nome definido	1	1	100	Portas abertas	Uma casa de hospedagem anuncia uma vaga por uma noite.	Investir tempo para resolver o problema.	stat:TEC>=7	END	reputation=2;cityStability:Sem nome definido=1;cityEconomy:Sem nome definido=1;flag:city:Sem nome definido:stabilized=1	END	reputation=-1		Não se envolver.	NONE	END	xp=2;fatigue=1	END	fatigue=1			NONE	6
EVT_0195	EVERYDAY	COMMON	ANY	Eshmara	Brumas	1	1	100	Um favor simples	Uma chuva repentina transforma a rua em lama.	Ajudar e perguntar o que aconteceu.	stat:PRE>=6	END	xp=3;reputation=1;cityEconomy:Brumas=1	END	reputation=-1		Seguir seu caminho.	NONE	END	xp=2	END	xp=2			NONE	7
EVT_0913	COMBAT	COMMON	ANY	Nyssara	Emerald Tide	2	1	100	Uma ameaça aparece	Sinais de Gigante de Fogo foram encontrados nos arredores.	Enfrentar a ameaça.	stat:FOR>=6	END	xp=4;reputation=1	END	hp=-2;fatigue=2	MON_0182	Procurar uma abertura melhor.	stat:AGI>=6	END	xp=3;fatigue=1	END	hp=-1;fatigue=2	MON_0043		NONE	8
EVT_0699	EXPLORATION	COMMON	ANY	Lyrien	Aerocivitus	2	1	100	Um caminho secundário	Um brilho incomum aparece entre duas rochas.	Examinar rastros e procurar uma explicação.	stat:PER>=7	END	xp=5;flag:investigacao_recente=1	END	fatigue=2;reputation=-1		Evitar riscos desnecessários.	NONE	END	fatigue=-1	END	fatigue=1			NONE	9
EVT_0856	COMBAT	COMMON	ANY	Kethruun	Sandbones	2	1	100	Um combate inevitável	Os moradores relatam ataques atribuídos a Wendigo.	Enfrentar a ameaça.	stat:FOR>=6	END	xp=4;reputation=1	END	hp=-2;fatigue=2	MON_0205	Procurar uma abertura melhor.	stat:AGI>=6	END	xp=3;fatigue=1	END	hp=-1;fatigue=2	MON_0105		NONE	10
EVT_0951	COMBAT	COMMON	ANY	Aeloria	Runedral	2	1	100	Predador à espreita	Sinais de Troll foram encontrados nos arredores.	Enfrentar a ameaça.	stat:FOR>=6	END	xp=4;reputation=1	END	hp=-2;fatigue=2	MON_0140	Procurar uma abertura melhor.	stat:AGI>=6	END	xp=3;fatigue=1	END	hp=-1;fatigue=2	MON_0160		NONE	4
EVT_1329	CITY	COMMON	ANY	Lyrien	Aerocivitus	1	1	100	Movimento na cidade	Uma casa de hospedagem anuncia uma vaga por uma noite.	Investir tempo para resolver o problema.	stat:TEC>=7	END	reputation=2;cityStability:Aerocivitus=1;cityEconomy:Aerocivitus=1;flag:city:Aerocivitus:stabilized=1	END	reputation=-1		Não se envolver.	NONE	END	xp=2;fatigue=1	END	fatigue=1			NONE	5
EVT_1281	CITY	COMMON	ANY	Aeloria	Branthollow	1	1	100	Movimento na cidade	Uma casa de hospedagem anuncia uma vaga por uma noite.	Investir tempo para resolver o problema.	stat:TEC>=7	END	reputation=2;cityStability:Branthollow=1;cityEconomy:Branthollow=1;flag:city:Branthollow:stabilized=1	END	reputation=-1		Não se envolver.	NONE	END	xp=2;fatigue=1	END	fatigue=1			NONE	6
EVT_0953	COMBAT	COMMON	ANY	Nyssara	Emerald Tide	2	1	100	Uma ameaça aparece	Sinais de Golem de Lava foram encontrados nos arredores.	Enfrentar a ameaça.	stat:FOR>=6	END	xp=4;reputation=1	END	hp=-2;fatigue=2	MON_0242	Procurar uma abertura melhor.	stat:AGI>=6	END	xp=3;fatigue=1	END	hp=-1;fatigue=2	MON_0222		NONE	7
EVT_0199	EVERYDAY	COMMON	ANY	Lyrien	Aerocivitus	1	1	100	Um favor simples	Uma chuva repentina transforma a rua em lama.	Ajudar e perguntar o que aconteceu.	stat:PRE>=6	END	xp=3;reputation=1;cityEconomy:Aerocivitus=1	END	reputation=-1		Seguir seu caminho.	NONE	END	xp=2	END	xp=2			NONE	8
EVT_1303	CITY	COMMON	ANY	Nyssara	Emerald Tide	1	1	100	Um problema local	Uma oficina anuncia que pode reparar equipamentos danificados.	Investir tempo para resolver o problema.	stat:TEC>=7	END	reputation=2;cityStability:Emerald Tide=1;cityEconomy:Emerald Tide=1;flag:city:Emerald Tide:stabilized=1	END	reputation=-1		Não se envolver.	NONE	END	xp=2;fatigue=1	END	fatigue=1			NONE	9
EVT_1420	GUILD	COMMON	ADVENTURER	Myrthos	Sem nome definido	2	1	100	Trabalho anunciado	Um quadro de missões apresenta um contrato envolvendo uma criatura.	Aceitar o contrato e organizar um plano.	guildRep>=1	END	xp=6;guildRep=1	END	guildRep=-1		Perguntar por um contrato mais simples.	NONE	END	xp=3	END	reputation=-1			NONE	10
EVT_0263	EVERYDAY	COMMON	ANY	Nyssara	Emerald Tide	1	1	100	Um favor simples	Uma chuva repentina transforma a rua em lama.	Ajudar e perguntar o que aconteceu.	stat:PRE>=6	END	xp=3;reputation=1;cityEconomy:Emerald Tide=1	END	reputation=-1		Seguir seu caminho.	NONE	END	xp=2	END	xp=2			NONE	4
EVT_0730	COMBAT	COMMON	ANY	Myrthos	Sem nome definido	2	1	100	O caminho é interrompido	Os moradores relatam ataques atribuídos a Wyvern.	Enfrentar a ameaça.	stat:FOR>=6	END	xp=4;reputation=1	END	hp=-2;fatigue=2	MON_0050	Procurar uma abertura melhor.	stat:AGI>=6	END	xp=3;fatigue=1	END	hp=-1;fatigue=2	MON_0129		NONE	5
EVT_1002	SOCIAL	COMMON	ANY	Tharun	Stone-Âmbar	1	1	100	Alguém reconhece você	Um comerciante oferece uma pequena tarefa em troca de confiança.	Conversar com calma.	stat:PRE>=7	END	reputation=2;rel:NPC_MIRIEL=1	END	reputation=-1;fatigue=1		Responder de forma direta.	stat:VON>=6	END	reputation=1	END	reputation=1			NONE	6
EVT_0266	EVERYDAY	COMMON	ANY	Kethruun	Sandbones	1	1	100	Uma conversa inesperada	Uma carroça perdeu uma roda no caminho e bloqueou parte da rua.	Ajudar e perguntar o que aconteceu.	stat:PRE>=6	END	xp=3;reputation=1;cityEconomy:Sandbones=1	END	reputation=-1		Seguir seu caminho.	NONE	END	xp=2	END	xp=2			NONE	7
EVT_0028	EVERYDAY	COMMON	ANY	Zarim	Fornalia	1	1	100	Uma manhã diferente	O cheiro de pão fresco sai de uma padaria enquanto a cidade desperta.	Ajudar e perguntar o que aconteceu.	stat:PRE>=6	END	xp=3;reputation=1;cityEconomy:Fornalia=1	END	reputation=-1		Seguir seu caminho.	NONE	END	xp=2	END	xp=2			NONE	8
EVT_1634	RARE	RARE	ANY	Valkyrion	Volmeria	4	1	15	Rumor difícil de ignorar	Um viajante fala de uma criatura que ninguém da cidade reconhece.	Seguir a coincidência.	stat:INT>=7	END	xp=8;reputation=1	END	fatigue=2;reputation=-1		Guardar distância.	stat:VON>=6	END	fatigue=1	END	fatigue=1			level>=2	9
EVT_1469	GUILD	COMMON	ADVENTURER	Lyrien	Aerocivitus	2	1	100	Quadro de contratos	Um pesquisador procura alguém para coletar amostras de uma região perigosa.	Aceitar o contrato e organizar um plano.	guildRep>=1	END	xp=6;guildRep=1	END	guildRep=-1		Perguntar por um contrato mais simples.	NONE	END	xp=3	END	reputation=-1			NONE	10
EVT_0424	EXPLORATION	COMMON	ANY	Valkyrion	Volmeria	2	1	100	Silêncio na mata	Um brilho incomum aparece entre duas rochas.	Examinar rastros e procurar uma explicação.	stat:PER>=7	END	xp=5;flag:investigacao_recente=1	END	fatigue=2;reputation=-1		Evitar riscos desnecessários.	NONE	END	fatigue=-1	END	fatigue=1			NONE	4
EVT_0079	EVERYDAY	COMMON	ANY	Lyrien	Aerocivitus	1	1	100	Um favor simples	Uma chuva repentina transforma a rua em lama.	Ajudar e perguntar o que aconteceu.	stat:PRE>=6	END	xp=3;reputation=1;cityEconomy:Aerocivitus=1	END	reputation=-1		Seguir seu caminho.	NONE	END	xp=2	END	xp=2			NONE	5
EVT_1313	CITY	COMMON	ANY	Nyssara	Emerald Tide	1	1	100	Movimento na cidade	O mercado central recebe uma remessa incomum de mercadorias.	Investir tempo para resolver o problema.	stat:TEC>=7	END	reputation=2;cityStability:Emerald Tide=1;cityEconomy:Emerald Tide=1;flag:city:Emerald Tide:stabilized=1	END	reputation=-1		Não se envolver.	NONE	END	xp=2;fatigue=1	END	fatigue=1			NONE	6
EVT_0188	EVERYDAY	COMMON	ANY	Zarim	Fornalia	1	1	100	Uma manhã diferente	O cheiro de pão fresco sai de uma padaria enquanto a cidade desperta.	Ajudar e perguntar o que aconteceu.	stat:PRE>=6	END	xp=3;reputation=1;cityEconomy:Fornalia=1	END	reputation=-1		Seguir seu caminho.	NONE	END	xp=2	END	xp=2			NONE	7
EVT_1548	GUILD	COMMON	ADVENTURER	Zarim	Fornalia	2	1	100	Trabalho anunciado	Um quadro de missões apresenta um contrato envolvendo uma criatura.	Aceitar o contrato e organizar um plano.	guildRep>=1	END	xp=6;guildRep=1	END	guildRep=-1		Perguntar por um contrato mais simples.	NONE	END	xp=3	END	reputation=-1			NONE	8
EVT_0834	COMBAT	COMMON	ANY	Valkyrion	Volmeria	2	1	100	O caminho é interrompido	Os moradores relatam ataques atribuídos a Yeti.	Enfrentar a ameaça.	stat:FOR>=6	END	xp=4;reputation=1	END	hp=-2;fatigue=2	MON_0243	Procurar uma abertura melhor.	stat:AGI>=6	END	xp=3;fatigue=1	END	hp=-1;fatigue=2	MON_0223		NONE	9
EVT_0245	EVERYDAY	COMMON	ANY	Eshmara	Brumas	1	1	100	Um detalhe do caminho	Um vendedor discute com um comprador sobre o preço de uma peça simples.	Ajudar e perguntar o que aconteceu.	stat:PRE>=6	END	xp=3;reputation=1;cityEconomy:Brumas=1	END	reputation=-1		Seguir seu caminho.	NONE	END	xp=2	END	xp=2			NONE	10
EVT_1592	RARE	RARE	ANY	Tharun	Stone-Âmbar	4	1	15	Um presságio estranho	Um viajante fala de uma criatura que ninguém da cidade reconhece.	Seguir a coincidência.	stat:INT>=7	END	xp=8;reputation=1	END	fatigue=2;reputation=-1		Guardar distância.	stat:VON>=6	END	fatigue=1	END	fatigue=1			level>=2	4
EVT_1144	SOCIAL	COMMON	ANY	Valkyrion	Volmeria	1	1	100	Um pedido pessoal	Um comerciante oferece uma pequena tarefa em troca de confiança.	Conversar com calma.	stat:PRE>=7	END	reputation=2;rel:NPC_MIRIEL=1	END	reputation=-1;fatigue=1		Responder de forma direta.	stat:VON>=6	END	reputation=1	END	reputation=1			NONE	5
EVT_1629	RARE	RARE	ANY	Lyrien	Aerocivitus	4	1	15	Um acontecimento incomum	No fim da tarde, todos os sinos de um distrito tocam ao mesmo tempo sem uma causa aparente.	Seguir a coincidência.	stat:INT>=7	END	xp=8;reputation=1	END	fatigue=2;reputation=-1		Guardar distância.	stat:VON>=6	END	fatigue=1	END	fatigue=1			level>=2	6
EVT_1445	GUILD	COMMON	ADVENTURER	Eshmara	Brumas	2	1	100	Quadro de contratos	Um pesquisador procura alguém para coletar amostras de uma região perigosa.	Aceitar o contrato e organizar um plano.	guildRep>=1	END	xp=6;guildRep=1	END	guildRep=-1		Perguntar por um contrato mais simples.	NONE	END	xp=3	END	reputation=-1			NONE	7
EVT_0309	EVERYDAY	COMMON	ANY	Lyrien	Aerocivitus	1	1	100	Um detalhe do caminho	Um vendedor discute com um comprador sobre o preço de uma peça simples.	Ajudar e perguntar o que aconteceu.	stat:PRE>=6	END	xp=3;reputation=1;cityEconomy:Aerocivitus=1	END	reputation=-1		Seguir seu caminho.	NONE	END	xp=2	END	xp=2			NONE	8
EVT_0015	EVERYDAY	COMMON	ANY	Eshmara	Brumas	1	1	100	Um favor simples	Uma chuva repentina transforma a rua em lama.	Ajudar e perguntar o que aconteceu.	stat:PRE>=6	END	xp=3;reputation=1;cityEconomy:Brumas=1	END	reputation=-1		Seguir seu caminho.	NONE	END	xp=2	END	xp=2			NONE	9
EVT_0210	EVERYDAY	COMMON	ANY	Myrthos	Sem nome definido	1	1	100	Uma conversa inesperada	Uma carroça perdeu uma roda no caminho e bloqueou parte da rua.	Ajudar e perguntar o que aconteceu.	stat:PRE>=6	END	xp=3;reputation=1;cityEconomy:Sem nome definido=1	END	reputation=-1		Seguir seu caminho.	NONE	END	xp=2	END	xp=2			NONE	10
EVT_0289	EVERYDAY	COMMON	ANY	Lyrien	Aerocivitus	1	1	100	Um detalhe do caminho	Um vendedor discute com um comprador sobre o preço de uma peça simples.	Ajudar e perguntar o que aconteceu.	stat:PRE>=6	END	xp=3;reputation=1;cityEconomy:Aerocivitus=1	END	reputation=-1		Seguir seu caminho.	NONE	END	xp=2	END	xp=2			NONE	4
EVT_0682	EXPLORATION	COMMON	ANY	Tharun	Stone-Âmbar	2	1	100	Rastros na estrada	A estrada apresenta sinais de uma caravana que passou às pressas.	Examinar rastros e procurar uma explicação.	stat:PER>=7	END	xp=5;flag:investigacao_recente=1	END	fatigue=2;reputation=-1		Evitar riscos desnecessários.	NONE	END	fatigue=-1	END	fatigue=1			NONE	5
EVT_1711	UNIQUE	UNIQUE	ANY	Aeloria	Valdora	4	1	1	Acontecimento único	Um desconhecido o chama pelo nome sem explicar como o conhece.	Investigar o acontecimento.	stat:PER>=8	END	xp=10;flag:unique_seen=1;reputation=2	END	reputation=-1;fatigue=2		Recusar a oportunidade.	NONE	END	reputation=-1	END	fatigue=2			level>=4&!flag:unique_seen	6
EVT_0877	COMBAT	COMMON	ANY	Orinthal	Crystalia	2	1	100	Uma ameaça aparece	Sinais de Cavaleiros da Morte foram encontrados nos arredores.	Enfrentar a ameaça.	stat:FOR>=6	END	xp=4;reputation=1	END	hp=-2;fatigue=2	MON_0027	Procurar uma abertura melhor.	stat:AGI>=6	END	xp=3;fatigue=1	END	hp=-1;fatigue=2	MON_0066		NONE	7
EVT_1188	SOCIAL	COMMON	ANY	Zarim	Fornalia	1	1	100	Um pedido pessoal	Um comerciante oferece uma pequena tarefa em troca de confiança.	Conversar com calma.	stat:PRE>=7	END	reputation=2;rel:NPC_MIRIEL=1	END	reputation=-1;fatigue=1		Responder de forma direta.	stat:VON>=6	END	reputation=1	END	reputation=1			NONE	8
EVT_0160	EVERYDAY	COMMON	ANY	Myrthos	Sem nome definido	1	1	100	Uma manhã diferente	O cheiro de pão fresco sai de uma padaria enquanto a cidade desperta.	Ajudar e perguntar o que aconteceu.	stat:PRE>=6	END	xp=3;reputation=1;cityEconomy:Sem nome definido=1	END	reputation=-1		Seguir seu caminho.	NONE	END	xp=2	END	xp=2			NONE	9
EVT_0275	EVERYDAY	COMMON	ANY	Eshmara	Brumas	1	1	100	Um favor simples	Uma chuva repentina transforma a rua em lama.	Ajudar e perguntar o que aconteceu.	stat:PRE>=6	END	xp=3;reputation=1;cityEconomy:Brumas=1	END	reputation=-1		Seguir seu caminho.	NONE	END	xp=2	END	xp=2			NONE	10
EVT_1714	UNIQUE	UNIQUE	ANY	Valkyrion	Volmeria	4	1	1	Oportunidade singular	Um desconhecido o chama pelo nome sem explicar como o conhece.	Investigar o acontecimento.	stat:PER>=8	END	xp=10;flag:unique_seen=1;reputation=2	END	reputation=-1;fatigue=2		Recusar a oportunidade.	NONE	END	reputation=-1	END	fatigue=2			level>=4&!flag:unique_seen	4
EVT_0450	EXPLORATION	COMMON	ANY	Myrthos	Sem nome definido	2	1	100	Rastros na estrada	Um pequeno desvio parece levar a uma construção abandonada.	Examinar rastros e procurar uma explicação.	stat:PER>=7	END	xp=5;flag:investigacao_recente=1	END	fatigue=2;reputation=-1		Evitar riscos desnecessários.	NONE	END	fatigue=-1	END	fatigue=1			NONE	5
EVT_1483	GUILD	COMMON	ADVENTURER	Nyssara	Emerald Tide	2	1	100	Pedido da Guilda	Um pesquisador procura alguém para coletar amostras de uma região perigosa.	Aceitar o contrato e organizar um plano.	guildRep>=1	END	xp=6;guildRep=1	END	guildRep=-1		Perguntar por um contrato mais simples.	NONE	END	xp=3	END	reputation=-1			NONE	6
EVT_1312	CITY	COMMON	ANY	Tharun	Stone-Âmbar	1	1	100	Portas abertas	Uma oficina anuncia que pode reparar equipamentos danificados.	Investir tempo para resolver o problema.	stat:TEC>=7	END	reputation=2;cityStability:Stone-Âmbar=1;cityEconomy:Stone-Âmbar=1;flag:city:Stone-Âmbar:stabilized=1	END	reputation=-1		Não se envolver.	NONE	END	xp=2;fatigue=1	END	fatigue=1			NONE	7
EVT_1674	UNIQUE	UNIQUE	ANY	Valkyrion	Volmeria	4	1	1	Oportunidade singular	Uma mensagem sem assinatura anuncia uma oportunidade que só existirá uma vez.	Investigar o acontecimento.	stat:PER>=8	END	xp=10;flag:unique_seen=1;reputation=2	END	reputation=-1;fatigue=2		Recusar a oportunidade.	NONE	END	reputation=-1	END	fatigue=2			level>=4&!flag:unique_seen	8
EVT_1009	SOCIAL	COMMON	ANY	Lyrien	Aerocivitus	1	1	100	Uma aproximação	Um estudante conversa sobre técnicas que aprendeu recentemente.	Conversar com calma.	stat:PRE>=7	END	reputation=2;rel:NPC_MIRIEL=1	END	reputation=-1;fatigue=1		Responder de forma direta.	stat:VON>=6	END	reputation=1	END	reputation=1			NONE	9
EVT_0887	COMBAT	COMMON	ANY	Orinthal	Crystalia	2	1	100	Predador à espreita	Sinais de Yeti foram encontrados nos arredores.	Enfrentar a ameaça.	stat:FOR>=6	END	xp=4;reputation=1	END	hp=-2;fatigue=2	MON_0126	Procurar uma abertura melhor.	stat:AGI>=6	END	xp=3;fatigue=1	END	hp=-1;fatigue=2	MON_0116		NONE	10
EVT_0632	EXPLORATION	COMMON	ANY	Tharun	Stone-Âmbar	2	1	100	Silêncio na mata	A estrada apresenta sinais de uma caravana que passou às pressas.	Examinar rastros e procurar uma explicação.	stat:PER>=7	END	xp=5;flag:investigacao_recente=1	END	fatigue=2;reputation=-1		Evitar riscos desnecessários.	NONE	END	fatigue=-1	END	fatigue=1			NONE	4
EVT_1055	SOCIAL	COMMON	ANY	Eshmara	Brumas	1	1	100	Uma conversa delicada	Um estudante conversa sobre técnicas que aprendeu recentemente.	Conversar com calma.	stat:PRE>=7	END	reputation=2;rel:NPC_MIRIEL=1	END	reputation=-1;fatigue=1		Responder de forma direta.	stat:VON>=6	END	reputation=1	END	reputation=1			NONE	5
EVT_1682	UNIQUE	UNIQUE	ANY	Tharun	Stone-Âmbar	4	1	1	Oportunidade singular	Você encontra um símbolo que parece não pertencer à religião local.	Investigar o acontecimento.	stat:PER>=8	END	xp=10;flag:unique_seen=1;reputation=2	END	reputation=-1;fatigue=2		Recusar a oportunidade.	NONE	END	reputation=-1	END	fatigue=2			level>=4&!flag:unique_seen	6
EVT_0284	EVERYDAY	COMMON	ANY	Valkyrion	Volmeria	1	1	100	Uma manhã diferente	O cheiro de pão fresco sai de uma padaria enquanto a cidade desperta.	Ajudar e perguntar o que aconteceu.	stat:PRE>=6	END	xp=3;reputation=1;cityEconomy:Volmeria=1	END	reputation=-1		Seguir seu caminho.	NONE	END	xp=2	END	xp=2			NONE	7
EVT_1231	CITY	COMMON	ANY	Aeloria	Lunareth	1	1	100	Um problema local	Uma oficina anuncia que pode reparar equipamentos danificados.	Investir tempo para resolver o problema.	stat:TEC>=7	END	reputation=2;cityStability:Lunareth=1;cityEconomy:Lunareth=1;flag:city:Lunareth:stabilized=1	END	reputation=-1		Não se envolver.	NONE	END	xp=2;fatigue=1	END	fatigue=1			NONE	8
EVT_0879	COMBAT	COMMON	ANY	Lyrien	Aerocivitus	2	1	100	Predador à espreita	Sinais de Lobo de Inverno foram encontrados nos arredores.	Enfrentar a ameaça.	stat:FOR>=6	END	xp=4;reputation=1	END	hp=-2;fatigue=2	MON_0188	Procurar uma abertura melhor.	stat:AGI>=6	END	xp=3;fatigue=1	END	hp=-1;fatigue=2	MON_0049		NONE	9
EVT_0975	COMBAT	COMMON	ANY	Eshmara	Brumas	2	1	100	Predador à espreita	Sinais de Bugbear foram encontrados nos arredores.	Enfrentar a ameaça.	stat:FOR>=6	END	xp=4;reputation=1	END	hp=-2;fatigue=2	MON_0194	Procurar uma abertura melhor.	stat:AGI>=6	END	xp=3;fatigue=1	END	hp=-1;fatigue=2	MON_0074		NONE	10
EVT_0996	COMBAT	COMMON	ANY	Kethruun	Sandbones	2	1	100	Um combate inevitável	Os moradores relatam ataques atribuídos a Grifos.	Enfrentar a ameaça.	stat:FOR>=6	END	xp=4;reputation=1	END	hp=-2;fatigue=2	MON_0205	Procurar uma abertura melhor.	stat:AGI>=6	END	xp=3;fatigue=1	END	hp=-1;fatigue=2	MON_0105		NONE	4
EVT_1111	SOCIAL	COMMON	ANY	Aeloria	Quorathen	1	1	100	Uma conversa delicada	Um estudante conversa sobre técnicas que aprendeu recentemente.	Conversar com calma.	stat:PRE>=7	END	reputation=2;rel:NPC_MIRIEL=1	END	reputation=-1;fatigue=1		Responder de forma direta.	stat:VON>=6	END	reputation=1	END	reputation=1			NONE	5
EVT_1288	CITY	COMMON	ANY	Zarim	Fornalia	1	1	100	Portas abertas	Uma oficina anuncia que pode reparar equipamentos danificados.	Investir tempo para resolver o problema.	stat:TEC>=7	END	reputation=2;cityStability:Fornalia=1;cityEconomy:Fornalia=1;flag:city:Fornalia:stabilized=1	END	reputation=-1		Não se envolver.	NONE	END	xp=2;fatigue=1	END	fatigue=1			NONE	6
EVT_1455	GUILD	COMMON	ADVENTURER	Eshmara	Brumas	2	1	100	Pedido da Guilda	Um pesquisador procura alguém para coletar amostras de uma região perigosa.	Aceitar o contrato e organizar um plano.	guildRep>=1	END	xp=6;guildRep=1	END	guildRep=-1		Perguntar por um contrato mais simples.	NONE	END	xp=3	END	reputation=-1			NONE	7
EVT_0748	COMBAT	COMMON	ANY	Zarim	Fornalia	2	1	100	Um combate inevitável	Os moradores relatam ataques atribuídos a Basilisco.	Enfrentar a ameaça.	stat:FOR>=6	END	xp=4;reputation=1	END	hp=-2;fatigue=2	MON_0247	Procurar uma abertura melhor.	stat:AGI>=6	END	xp=3;fatigue=1	END	hp=-1;fatigue=2	MON_0227		NONE	8
EVT_0298	EVERYDAY	COMMON	ANY	Zarim	Fornalia	1	1	100	Uma conversa inesperada	Uma carroça perdeu uma roda no caminho e bloqueou parte da rua.	Ajudar e perguntar o que aconteceu.	stat:PRE>=6	END	xp=3;reputation=1;cityEconomy:Fornalia=1	END	reputation=-1		Seguir seu caminho.	NONE	END	xp=2	END	xp=2			NONE	9
EVT_1141	SOCIAL	COMMON	ANY	Aeloria	Quenndral	1	1	100	Uma aproximação	Um estudante conversa sobre técnicas que aprendeu recentemente.	Conversar com calma.	stat:PRE>=7	END	reputation=2;rel:NPC_MIRIEL=1	END	reputation=-1;fatigue=1		Responder de forma direta.	stat:VON>=6	END	reputation=1	END	reputation=1			NONE	10
EVT_1080	SOCIAL	COMMON	ANY	Myrthos	Sem nome definido	1	1	100	Um pedido pessoal	Um comerciante oferece uma pequena tarefa em troca de confiança.	Conversar com calma.	stat:PRE>=7	END	reputation=2;rel:NPC_MIRIEL=1	END	reputation=-1;fatigue=1		Responder de forma direta.	stat:VON>=6	END	reputation=1	END	reputation=1			NONE	4
EVT_1636	RARE	RARE	ANY	Kethruun	Sandbones	4	1	15	Um presságio estranho	Uma porta antiga aparece aberta onde antes havia apenas uma parede.	Seguir a coincidência.	stat:INT>=7	END	xp=8;reputation=1	END	fatigue=2;reputation=-1		Guardar distância.	stat:VON>=6	END	fatigue=1	END	fatigue=1			level>=2	5
EVT_0242	EVERYDAY	COMMON	ANY	Tharun	Stone-Âmbar	1	1	100	Uma conversa inesperada	Uma carroça perdeu uma roda no caminho e bloqueou parte da rua.	Ajudar e perguntar o que aconteceu.	stat:PRE>=6	END	xp=3;reputation=1;cityEconomy:Stone-Âmbar=1	END	reputation=-1		Seguir seu caminho.	NONE	END	xp=2	END	xp=2			NONE	6
EVT_1175	SOCIAL	COMMON	ANY	Eshmara	Brumas	1	1	100	Uma conversa delicada	Um estudante conversa sobre técnicas que aprendeu recentemente.	Conversar com calma.	stat:PRE>=7	END	reputation=2;rel:NPC_MIRIEL=1	END	reputation=-1;fatigue=1		Responder de forma direta.	stat:VON>=6	END	reputation=1	END	reputation=1			NONE	7
EVT_0529	EXPLORATION	COMMON	ANY	Lyrien	Aerocivitus	2	1	100	Algo fora do lugar	Um brilho incomum aparece entre duas rochas.	Examinar rastros e procurar uma explicação.	stat:PER>=7	END	xp=5;flag:investigacao_recente=1	END	fatigue=2;reputation=-1		Evitar riscos desnecessários.	NONE	END	fatigue=-1	END	fatigue=1			NONE	8
EVT_0427	EXPLORATION	COMMON	ANY	Orinthal	Crystalia	2	1	100	Um caminho secundário	A estrada apresenta sinais de uma caravana que passou às pressas.	Examinar rastros e procurar uma explicação.	stat:PER>=7	END	xp=5;flag:investigacao_recente=1	END	fatigue=2;reputation=-1		Evitar riscos desnecessários.	NONE	END	fatigue=-1	END	fatigue=1			NONE	9
EVT_0911	COMBAT	COMMON	ANY	Aeloria	Feyndral	2	1	100	Predador à espreita	Sinais de Aranha Monstruosa foram encontrados nos arredores.	Enfrentar a ameaça.	stat:FOR>=6	END	xp=4;reputation=1	END	hp=-2;fatigue=2	MON_0240	Procurar uma abertura melhor.	stat:AGI>=6	END	xp=3;fatigue=1	END	hp=-1;fatigue=2	MON_0200		NONE	10
EVT_1697	UNIQUE	UNIQUE	ANY	Orinthal	Crystalia	4	1	1	Um encontro que não se repete	Você encontra um símbolo que parece não pertencer à religião local.	Investigar o acontecimento.	stat:PER>=8	END	xp=10;flag:unique_seen=1;reputation=2	END	reputation=-1;fatigue=2		Recusar a oportunidade.	NONE	END	reputation=-1	END	fatigue=2			level>=4&!flag:unique_seen	4
EVT_0895	COMBAT	COMMON	ANY	Eshmara	Brumas	2	1	100	Predador à espreita	Sinais de Treant foram encontrados nos arredores.	Enfrentar a ameaça.	stat:FOR>=6	END	xp=4;reputation=1	END	hp=-2;fatigue=2	MON_0104	Procurar uma abertura melhor.	stat:AGI>=6	END	xp=3;fatigue=1	END	hp=-1;fatigue=2	MON_0054		NONE	5
EVT_0789	COMBAT	COMMON	ANY	Lyrien	Aerocivitus	2	1	100	Uma ameaça aparece	Sinais de Treant foram encontrados nos arredores.	Enfrentar a ameaça.	stat:FOR>=6	END	xp=4;reputation=1	END	hp=-2;fatigue=2	MON_0118	Procurar uma abertura melhor.	stat:AGI>=6	END	xp=3;fatigue=1	END	hp=-1;fatigue=2	MON_0088		NONE	6
EVT_0979	COMBAT	COMMON	ANY	Lyrien	Aerocivitus	2	1	100	Predador à espreita	Sinais de Golem foram encontrados nos arredores.	Enfrentar a ameaça.	stat:FOR>=6	END	xp=4;reputation=1	END	hp=-2;fatigue=2	MON_0128	Procurar uma abertura melhor.	stat:AGI>=6	END	xp=3;fatigue=1	END	hp=-1;fatigue=2	MON_0118		NONE	7
EVT_0420	EXPLORATION	COMMON	ANY	Myrthos	Sem nome definido	2	1	100	Silêncio na mata	Um pequeno desvio parece levar a uma construção abandonada.	Examinar rastros e procurar uma explicação.	stat:PER>=7	END	xp=5;flag:investigacao_recente=1	END	fatigue=2;reputation=-1		Evitar riscos desnecessários.	NONE	END	fatigue=-1	END	fatigue=1			NONE	8
EVT_0906	COMBAT	COMMON	ANY	Kethruun	Sandbones	2	1	100	O caminho é interrompido	Os moradores relatam ataques atribuídos a Mantícora.	Enfrentar a ameaça.	stat:FOR>=6	END	xp=4;reputation=1	END	hp=-2;fatigue=2	MON_0145	Procurar uma abertura melhor.	stat:AGI>=6	END	xp=3;fatigue=1	END	hp=-1;fatigue=2	MON_0175		NONE	9
EVT_1585	RARE	RARE	ANY	Eshmara	Brumas	4	1	15	Um acontecimento incomum	Uma porta antiga aparece aberta onde antes havia apenas uma parede.	Seguir a coincidência.	stat:INT>=7	END	xp=8;reputation=1	END	fatigue=2;reputation=-1		Guardar distância.	stat:VON>=6	END	fatigue=1	END	fatigue=1			level>=2	10
EVT_1450	GUILD	COMMON	ADVENTURER	Myrthos	Sem nome definido	2	1	100	Contrato disponível	Um quadro de missões apresenta um contrato envolvendo uma criatura.	Aceitar o contrato e organizar um plano.	guildRep>=1	END	xp=6;guildRep=1	END	guildRep=-1		Perguntar por um contrato mais simples.	NONE	END	xp=3	END	reputation=-1			NONE	4
EVT_0946	COMBAT	COMMON	ANY	Kethruun	Sandbones	2	1	100	O caminho é interrompido	Os moradores relatam ataques atribuídos a Sereia.	Enfrentar a ameaça.	stat:FOR>=6	END	xp=4;reputation=1	END	hp=-2;fatigue=2	MON_0175	Procurar uma abertura melhor.	stat:AGI>=6	END	xp=3;fatigue=1	END	hp=-1;fatigue=2	MON_0016		NONE	5
EVT_0416	EXPLORATION	COMMON	ANY	Kethruun	Sandbones	2	1	100	Silêncio na mata	Você encontra pegadas recentes atravessando uma área de vegetação fechada.	Examinar rastros e procurar uma explicação.	stat:PER>=7	END	xp=5;flag:investigacao_recente=1	END	fatigue=2;reputation=-1		Evitar riscos desnecessários.	NONE	END	fatigue=-1	END	fatigue=1			NONE	6
EVT_0126	EVERYDAY	COMMON	ANY	Kethruun	Sandbones	1	1	100	Uma conversa inesperada	Uma carroça perdeu uma roda no caminho e bloqueou parte da rua.	Ajudar e perguntar o que aconteceu.	stat:PRE>=6	END	xp=3;reputation=1;cityEconomy:Sandbones=1	END	reputation=-1		Seguir seu caminho.	NONE	END	xp=2	END	xp=2			NONE	7
EVT_0426	EXPLORATION	COMMON	ANY	Kethruun	Sandbones	2	1	100	Rastros na estrada	Você encontra pegadas recentes atravessando uma área de vegetação fechada.	Examinar rastros e procurar uma explicação.	stat:PER>=7	END	xp=5;flag:investigacao_recente=1	END	fatigue=2;reputation=-1		Evitar riscos desnecessários.	NONE	END	fatigue=-1	END	fatigue=1			NONE	8
EVT_0323	EVERYDAY	COMMON	ANY	Nyssara	Emerald Tide	1	1	100	Um favor simples	Uma chuva repentina transforma a rua em lama.	Ajudar e perguntar o que aconteceu.	stat:PRE>=6	END	xp=3;reputation=1;cityEconomy:Emerald Tide=1	END	reputation=-1		Seguir seu caminho.	NONE	END	xp=2	END	xp=2			NONE	9
EVT_1143	SOCIAL	COMMON	ANY	Nyssara	Emerald Tide	1	1	100	Uma conversa delicada	Um estudante conversa sobre técnicas que aprendeu recentemente.	Conversar com calma.	stat:PRE>=7	END	reputation=2;rel:NPC_MIRIEL=1	END	reputation=-1;fatigue=1		Responder de forma direta.	stat:VON>=6	END	reputation=1	END	reputation=1			NONE	10
EVT_1324	CITY	COMMON	ANY	Valkyrion	Volmeria	1	1	100	Portas abertas	Uma oficina anuncia que pode reparar equipamentos danificados.	Investir tempo para resolver o problema.	stat:TEC>=7	END	reputation=2;cityStability:Volmeria=1;cityEconomy:Volmeria=1;flag:city:Volmeria:stabilized=1	END	reputation=-1		Não se envolver.	NONE	END	xp=2;fatigue=1	END	fatigue=1			NONE	4
EVT_0688	EXPLORATION	COMMON	ANY	Zarim	Fornalia	2	1	100	Silêncio na mata	A trilha adiante termina em pedras antigas cobertas por musgo.	Examinar rastros e procurar uma explicação.	stat:PER>=7	END	xp=5;flag:investigacao_recente=1	END	fatigue=2;reputation=-1		Evitar riscos desnecessários.	NONE	END	fatigue=-1	END	fatigue=1			NONE	5
EVT_1356	GUILD	COMMON	ADVENTURER	Kethruun	Sandbones	2	1	100	Trabalho anunciado	Um quadro de missões apresenta um contrato envolvendo uma criatura.	Aceitar o contrato e organizar um plano.	guildRep>=1	END	xp=6;guildRep=1	END	guildRep=-1		Perguntar por um contrato mais simples.	NONE	END	xp=3	END	reputation=-1			NONE	6
EVT_0980	COMBAT	COMMON	ANY	Myrthos	Sem nome definido	2	1	100	Um combate inevitável	Os moradores relatam ataques atribuídos a Vampiro.	Enfrentar a ameaça.	stat:FOR>=6	END	xp=4;reputation=1	END	hp=-2;fatigue=2	MON_0020	Procurar uma abertura melhor.	stat:AGI>=6	END	xp=3;fatigue=1	END	hp=-1;fatigue=2	MON_0040		NONE	7
EVT_1154	SOCIAL	COMMON	ANY	Valkyrion	Volmeria	1	1	100	Alguém reconhece você	Um comerciante oferece uma pequena tarefa em troca de confiança.	Conversar com calma.	stat:PRE>=7	END	reputation=2;rel:NPC_MIRIEL=1	END	reputation=-1;fatigue=1		Responder de forma direta.	stat:VON>=6	END	reputation=1	END	reputation=1			NONE	8
EVT_0180	EVERYDAY	COMMON	ANY	Myrthos	Sem nome definido	1	1	100	Uma manhã diferente	O cheiro de pão fresco sai de uma padaria enquanto a cidade desperta.	Ajudar e perguntar o que aconteceu.	stat:PRE>=6	END	xp=3;reputation=1;cityEconomy:Sem nome definido=1	END	reputation=-1		Seguir seu caminho.	NONE	END	xp=2	END	xp=2			NONE	9
EVT_1059	SOCIAL	COMMON	ANY	Lyrien	Aerocivitus	1	1	100	Uma conversa delicada	Um estudante conversa sobre técnicas que aprendeu recentemente.	Conversar com calma.	stat:PRE>=7	END	reputation=2;rel:NPC_MIRIEL=1	END	reputation=-1;fatigue=1		Responder de forma direta.	stat:VON>=6	END	reputation=1	END	reputation=1			NONE	10
EVT_0264	EVERYDAY	COMMON	ANY	Valkyrion	Volmeria	1	1	100	Uma manhã diferente	O cheiro de pão fresco sai de uma padaria enquanto a cidade desperta.	Ajudar e perguntar o que aconteceu.	stat:PRE>=6	END	xp=3;reputation=1;cityEconomy:Volmeria=1	END	reputation=-1		Seguir seu caminho.	NONE	END	xp=2	END	xp=2			NONE	4
EVT_0322	EVERYDAY	COMMON	ANY	Tharun	Stone-Âmbar	1	1	100	Uma conversa inesperada	Uma carroça perdeu uma roda no caminho e bloqueou parte da rua.	Ajudar e perguntar o que aconteceu.	stat:PRE>=6	END	xp=3;reputation=1;cityEconomy:Stone-Âmbar=1	END	reputation=-1		Seguir seu caminho.	NONE	END	xp=2	END	xp=2			NONE	5
EVT_1642	RARE	RARE	ANY	Tharun	Stone-Âmbar	4	1	15	Rumor difícil de ignorar	Uma porta antiga aparece aberta onde antes havia apenas uma parede.	Seguir a coincidência.	stat:INT>=7	END	xp=8;reputation=1	END	fatigue=2;reputation=-1		Guardar distância.	stat:VON>=6	END	fatigue=1	END	fatigue=1			level>=2	6
EVT_1444	GUILD	COMMON	ADVENTURER	Valkyrion	Volmeria	2	1	100	Trabalho anunciado	Um quadro de missões apresenta um contrato envolvendo uma criatura.	Aceitar o contrato e organizar um plano.	guildRep>=1	END	xp=6;guildRep=1	END	guildRep=-1		Perguntar por um contrato mais simples.	NONE	END	xp=3	END	reputation=-1			NONE	7
EVT_0307	EVERYDAY	COMMON	ANY	Orinthal	Crystalia	1	1	100	Um favor simples	Uma chuva repentina transforma a rua em lama.	Ajudar e perguntar o que aconteceu.	stat:PRE>=6	END	xp=3;reputation=1;cityEconomy:Crystalia=1	END	reputation=-1		Seguir seu caminho.	NONE	END	xp=2	END	xp=2			NONE	8
EVT_1032	SOCIAL	COMMON	ANY	Tharun	Stone-Âmbar	1	1	100	Um pedido pessoal	Um comerciante oferece uma pequena tarefa em troca de confiança.	Conversar com calma.	stat:PRE>=7	END	reputation=2;rel:NPC_MIRIEL=1	END	reputation=-1;fatigue=1		Responder de forma direta.	stat:VON>=6	END	reputation=1	END	reputation=1			NONE	9
EVT_1179	SOCIAL	COMMON	ANY	Lyrien	Aerocivitus	1	1	100	Uma conversa delicada	Um estudante conversa sobre técnicas que aprendeu recentemente.	Conversar com calma.	stat:PRE>=7	END	reputation=2;rel:NPC_MIRIEL=1	END	reputation=-1;fatigue=1		Responder de forma direta.	stat:VON>=6	END	reputation=1	END	reputation=1			NONE	10
EVT_1520	GUILD	COMMON	ADVENTURER	Myrthos	Sem nome definido	2	1	100	Trabalho anunciado	Um quadro de missões apresenta um contrato envolvendo uma criatura.	Aceitar o contrato e organizar um plano.	guildRep>=1	END	xp=6;guildRep=1	END	guildRep=-1		Perguntar por um contrato mais simples.	NONE	END	xp=3	END	reputation=-1			NONE	4
EVT_1021	SOCIAL	COMMON	ANY	Aeloria	Caelwyn	1	1	100	Uma aproximação	Um estudante conversa sobre técnicas que aprendeu recentemente.	Conversar com calma.	stat:PRE>=7	END	reputation=2;rel:NPC_MIRIEL=1	END	reputation=-1;fatigue=1		Responder de forma direta.	stat:VON>=6	END	reputation=1	END	reputation=1			NONE	5
EVT_0883	COMBAT	COMMON	ANY	Nyssara	Emerald Tide	2	1	100	Predador à espreita	Sinais de Rakshasa foram encontrados nos arredores.	Enfrentar a ameaça.	stat:FOR>=6	END	xp=4;reputation=1	END	hp=-2;fatigue=2	MON_0142	Procurar uma abertura melhor.	stat:AGI>=6	END	xp=3;fatigue=1	END	hp=-1;fatigue=2	MON_0172		NONE	6
EVT_0457	EXPLORATION	COMMON	ANY	Orinthal	Crystalia	2	1	100	Algo fora do lugar	A estrada apresenta sinais de uma caravana que passou às pressas.	Examinar rastros e procurar uma explicação.	stat:PER>=7	END	xp=5;flag:investigacao_recente=1	END	fatigue=2;reputation=-1		Evitar riscos desnecessários.	NONE	END	fatigue=-1	END	fatigue=1			NONE	7
EVT_1409	GUILD	COMMON	ADVENTURER	Lyrien	Aerocivitus	2	1	100	Quadro de contratos	Um pesquisador procura alguém para coletar amostras de uma região perigosa.	Aceitar o contrato e organizar um plano.	guildRep>=1	END	xp=6;guildRep=1	END	guildRep=-1		Perguntar por um contrato mais simples.	NONE	END	xp=3	END	reputation=-1			NONE	8
EVT_0854	COMBAT	COMMON	ANY	Valkyrion	Volmeria	2	1	100	O caminho é interrompido	Os moradores relatam ataques atribuídos a Basilisco.	Enfrentar a ameaça.	stat:FOR>=6	END	xp=4;reputation=1	END	hp=-2;fatigue=2	MON_0044	Procurar uma abertura melhor.	stat:AGI>=6	END	xp=3;fatigue=1	END	hp=-1;fatigue=2	MON_0133		NONE	9
EVT_0125	EVERYDAY	COMMON	ANY	Eshmara	Brumas	1	1	100	Um detalhe do caminho	Um vendedor discute com um comprador sobre o preço de uma peça simples.	Ajudar e perguntar o que aconteceu.	stat:PRE>=6	END	xp=3;reputation=1;cityEconomy:Brumas=1	END	reputation=-1		Seguir seu caminho.	NONE	END	xp=2	END	xp=2			NONE	10
EVT_0213	EVERYDAY	COMMON	ANY	Nyssara	Emerald Tide	1	1	100	Um detalhe do caminho	Um vendedor discute com um comprador sobre o preço de uma peça simples.	Ajudar e perguntar o que aconteceu.	stat:PRE>=6	END	xp=3;reputation=1;cityEconomy:Emerald Tide=1	END	reputation=-1		Seguir seu caminho.	NONE	END	xp=2	END	xp=2			NONE	4
EVT_1142	SOCIAL	COMMON	ANY	Tharun	Stone-Âmbar	1	1	100	Alguém reconhece você	Um comerciante oferece uma pequena tarefa em troca de confiança.	Conversar com calma.	stat:PRE>=7	END	reputation=2;rel:NPC_MIRIEL=1	END	reputation=-1;fatigue=1		Responder de forma direta.	stat:VON>=6	END	reputation=1	END	reputation=1			NONE	5
EVT_1342	CITY	COMMON	ANY	Tharun	Stone-Âmbar	1	1	100	O mercado hoje	Uma oficina anuncia que pode reparar equipamentos danificados.	Investir tempo para resolver o problema.	stat:TEC>=7	END	reputation=2;cityStability:Stone-Âmbar=1;cityEconomy:Stone-Âmbar=1;flag:city:Stone-Âmbar:stabilized=1	END	reputation=-1		Não se envolver.	NONE	END	xp=2;fatigue=1	END	fatigue=1			NONE	6
EVT_0546	EXPLORATION	COMMON	ANY	Kethruun	Sandbones	2	1	100	Rastros na estrada	Você encontra pegadas recentes atravessando uma área de vegetação fechada.	Examinar rastros e procurar uma explicação.	stat:PER>=7	END	xp=5;flag:investigacao_recente=1	END	fatigue=2;reputation=-1		Evitar riscos desnecessários.	NONE	END	fatigue=-1	END	fatigue=1			NONE	7
EVT_0528	EXPLORATION	COMMON	ANY	Zarim	Fornalia	2	1	100	Silêncio na mata	A trilha adiante termina em pedras antigas cobertas por musgo.	Examinar rastros e procurar uma explicação.	stat:PER>=7	END	xp=5;flag:investigacao_recente=1	END	fatigue=2;reputation=-1		Evitar riscos desnecessários.	NONE	END	fatigue=-1	END	fatigue=1			NONE	8
EVT_0839	COMBAT	COMMON	ANY	Lyrien	Aerocivitus	2	1	100	Predador à espreita	Sinais de Verme Gigante foram encontrados nos arredores.	Enfrentar a ameaça.	stat:FOR>=6	END	xp=4;reputation=1	END	hp=-2;fatigue=2	MON_0248	Procurar uma abertura melhor.	stat:AGI>=6	END	xp=3;fatigue=1	END	hp=-1;fatigue=2	MON_0228		NONE	9
EVT_0805	COMBAT	COMMON	ANY	Eshmara	Brumas	2	1	100	Uma ameaça aparece	Sinais de Aranha Monstruosa foram encontrados nos arredores.	Enfrentar a ameaça.	stat:FOR>=6	END	xp=4;reputation=1	END	hp=-2;fatigue=2	MON_0005	Procurar uma abertura melhor.	stat:AGI>=6	END	xp=3;fatigue=1	END	hp=-1;fatigue=2	MON_0005		NONE	10
EVT_0630	EXPLORATION	COMMON	ANY	Myrthos	Sem nome definido	2	1	100	Rastros na estrada	Um pequeno desvio parece levar a uma construção abandonada.	Examinar rastros e procurar uma explicação.	stat:PER>=7	END	xp=5;flag:investigacao_recente=1	END	fatigue=2;reputation=-1		Evitar riscos desnecessários.	NONE	END	fatigue=-1	END	fatigue=1			NONE	4
EVT_0790	COMBAT	COMMON	ANY	Myrthos	Sem nome definido	2	1	100	O caminho é interrompido	Os moradores relatam ataques atribuídos a Harpia.	Enfrentar a ameaça.	stat:FOR>=6	END	xp=4;reputation=1	END	hp=-2;fatigue=2	MON_0030	Procurar uma abertura melhor.	stat:AGI>=6	END	xp=3;fatigue=1	END	hp=-1;fatigue=2	MON_0069		NONE	5
EVT_1127	SOCIAL	COMMON	ANY	Orinthal	Crystalia	1	1	100	Uma conversa delicada	Um estudante conversa sobre técnicas que aprendeu recentemente.	Conversar com calma.	stat:PRE>=7	END	reputation=2;rel:NPC_MIRIEL=1	END	reputation=-1;fatigue=1		Responder de forma direta.	stat:VON>=6	END	reputation=1	END	reputation=1			NONE	6
EVT_0824	COMBAT	COMMON	ANY	Valkyrion	Volmeria	2	1	100	Um combate inevitável	Os moradores relatam ataques atribuídos a Cavaleiros da Morte.	Enfrentar a ameaça.	stat:FOR>=6	END	xp=4;reputation=1	END	hp=-2;fatigue=2	MON_0173	Procurar uma abertura melhor.	stat:AGI>=6	END	xp=3;fatigue=1	END	hp=-1;fatigue=2	MON_0004		NONE	7
EVT_0092	EVERYDAY	COMMON	ANY	Tharun	Stone-Âmbar	1	1	100	Uma manhã diferente	O cheiro de pão fresco sai de uma padaria enquanto a cidade desperta.	Ajudar e perguntar o que aconteceu.	stat:PRE>=6	END	xp=3;reputation=1;cityEconomy:Stone-Âmbar=1	END	reputation=-1		Seguir seu caminho.	NONE	END	xp=2	END	xp=2			NONE	8
EVT_0308	EVERYDAY	COMMON	ANY	Zarim	Fornalia	1	1	100	Uma manhã diferente	O cheiro de pão fresco sai de uma padaria enquanto a cidade desperta.	Ajudar e perguntar o que aconteceu.	stat:PRE>=6	END	xp=3;reputation=1;cityEconomy:Fornalia=1	END	reputation=-1		Seguir seu caminho.	NONE	END	xp=2	END	xp=2			NONE	9
EVT_0532	EXPLORATION	COMMON	ANY	Tharun	Stone-Âmbar	2	1	100	Silêncio na mata	A estrada apresenta sinais de uma caravana que passou às pressas.	Examinar rastros e procurar uma explicação.	stat:PER>=7	END	xp=5;flag:investigacao_recente=1	END	fatigue=2;reputation=-1		Evitar riscos desnecessários.	NONE	END	fatigue=-1	END	fatigue=1			NONE	10
EVT_0302	EVERYDAY	COMMON	ANY	Tharun	Stone-Âmbar	1	1	100	Uma conversa inesperada	Uma carroça perdeu uma roda no caminho e bloqueou parte da rua.	Ajudar e perguntar o que aconteceu.	stat:PRE>=6	END	xp=3;reputation=1;cityEconomy:Stone-Âmbar=1	END	reputation=-1		Seguir seu caminho.	NONE	END	xp=2	END	xp=2			NONE	4
EVT_0151	EVERYDAY	COMMON	ANY	Aeloria	Wyrmhaven	1	1	100	Um favor simples	Uma chuva repentina transforma a rua em lama.	Ajudar e perguntar o que aconteceu.	stat:PRE>=6	END	xp=3;reputation=1;cityEconomy:Wyrmhaven=1	END	reputation=-1		Seguir seu caminho.	NONE	END	xp=2	END	xp=2			NONE	5
EVT_0010	EVERYDAY	COMMON	ANY	Myrthos	Sem nome definido	1	1	100	Uma conversa inesperada	Uma carroça perdeu uma roda no caminho e bloqueou parte da rua.	Ajudar e perguntar o que aconteceu.	stat:PRE>=6	END	xp=3;reputation=1;cityEconomy:Sem nome definido=1	END	reputation=-1		Seguir seu caminho.	NONE	END	xp=2	END	xp=2			NONE	6
EVT_1741	UNIQUE	UNIQUE	ANY	Aeloria	Blackmere	4	1	1	Um encontro que não se repete	Um desconhecido o chama pelo nome sem explicar como o conhece.	Investigar o acontecimento.	stat:PER>=8	END	xp=10;flag:unique_seen=1;reputation=2	END	reputation=-1;fatigue=2		Recusar a oportunidade.	NONE	END	reputation=-1	END	fatigue=2			level>=4&!flag:unique_seen	7
EVT_1181	SOCIAL	COMMON	ANY	Aeloria	Brighthollow	1	1	100	Uma aproximação	Um estudante conversa sobre técnicas que aprendeu recentemente.	Conversar com calma.	stat:PRE>=7	END	reputation=2;rel:NPC_MIRIEL=1	END	reputation=-1;fatigue=1		Responder de forma direta.	stat:VON>=6	END	reputation=1	END	reputation=1			NONE	8
EVT_1591	RARE	RARE	ANY	Aeloria	Netherholt	4	1	15	Uma coincidência rara	Uma porta antiga aparece aberta onde antes havia apenas uma parede.	Seguir a coincidência.	stat:INT>=7	END	xp=8;reputation=1	END	fatigue=2;reputation=-1		Guardar distância.	stat:VON>=6	END	fatigue=1	END	fatigue=1			level>=2	9
EVT_0049	EVERYDAY	COMMON	ANY	Lyrien	Aerocivitus	1	1	100	Um detalhe do caminho	Um vendedor discute com um comprador sobre o preço de uma peça simples.	Ajudar e perguntar o que aconteceu.	stat:PRE>=6	END	xp=3;reputation=1;cityEconomy:Aerocivitus=1	END	reputation=-1		Seguir seu caminho.	NONE	END	xp=2	END	xp=2			NONE	10
EVT_0081	EVERYDAY	COMMON	ANY	Aeloria	Emberholt	1	1	100	Um detalhe do caminho	Um vendedor discute com um comprador sobre o preço de uma peça simples.	Ajudar e perguntar o que aconteceu.	stat:PRE>=6	END	xp=3;reputation=1;cityEconomy:Emberholt=1	END	reputation=-1		Seguir seu caminho.	NONE	END	xp=2	END	xp=2			NONE	4
EVT_0047	EVERYDAY	COMMON	ANY	Orinthal	Crystalia	1	1	100	Um favor simples	Uma chuva repentina transforma a rua em lama.	Ajudar e perguntar o que aconteceu.	stat:PRE>=6	END	xp=3;reputation=1;cityEconomy:Crystalia=1	END	reputation=-1		Seguir seu caminho.	NONE	END	xp=2	END	xp=2			NONE	5
EVT_0782	COMBAT	COMMON	ANY	Tharun	Stone-Âmbar	2	1	100	O caminho é interrompido	Os moradores relatam ataques atribuídos a Nymph.	Enfrentar a ameaça.	stat:FOR>=6	END	xp=4;reputation=1	END	hp=-2;fatigue=2	MON_0171	Procurar uma abertura melhor.	stat:AGI>=6	END	xp=3;fatigue=1	END	hp=-1;fatigue=2	MON_0012		NONE	6
EVT_0819	COMBAT	COMMON	ANY	Lyrien	Aerocivitus	2	1	100	Predador à espreita	Sinais de Morcego Vampiro foram encontrados nos arredores.	Enfrentar a ameaça.	stat:FOR>=6	END	xp=4;reputation=1	END	hp=-2;fatigue=2	MON_0188	Procurar uma abertura melhor.	stat:AGI>=6	END	xp=3;fatigue=1	END	hp=-1;fatigue=2	MON_0049		NONE	7
EVT_1507	GUILD	COMMON	ADVENTURER	Orinthal	Crystalia	2	1	100	Pedido da Guilda	Um pesquisador procura alguém para coletar amostras de uma região perigosa.	Aceitar o contrato e organizar um plano.	guildRep>=1	END	xp=6;guildRep=1	END	guildRep=-1		Perguntar por um contrato mais simples.	NONE	END	xp=3	END	reputation=-1			NONE	8
EVT_1309	CITY	COMMON	ANY	Lyrien	Aerocivitus	1	1	100	Movimento na cidade	Uma oficina anuncia que pode reparar equipamentos danificados.	Investir tempo para resolver o problema.	stat:TEC>=7	END	reputation=2;cityStability:Aerocivitus=1;cityEconomy:Aerocivitus=1;flag:city:Aerocivitus:stabilized=1	END	reputation=-1		Não se envolver.	NONE	END	xp=2;fatigue=1	END	fatigue=1			NONE	9
EVT_0586	EXPLORATION	COMMON	ANY	Kethruun	Sandbones	2	1	100	Rastros na estrada	Você encontra pegadas recentes atravessando uma área de vegetação fechada.	Examinar rastros e procurar uma explicação.	stat:PER>=7	END	xp=5;flag:investigacao_recente=1	END	fatigue=2;reputation=-1		Evitar riscos desnecessários.	NONE	END	fatigue=-1	END	fatigue=1			NONE	10
EVT_1251	CITY	COMMON	ANY	Aeloria	Thornmere	1	1	100	Um problema local	Uma casa de hospedagem anuncia uma vaga por uma noite.	Investir tempo para resolver o problema.	stat:TEC>=7	END	reputation=2;cityStability:Thornmere=1;cityEconomy:Thornmere=1;flag:city:Thornmere:stabilized=1	END	reputation=-1		Não se envolver.	NONE	END	xp=2;fatigue=1	END	fatigue=1			NONE	4
EVT_1716	UNIQUE	UNIQUE	ANY	Kethruun	Sandbones	4	1	1	Uma porta que se abre	Uma mensagem sem assinatura anuncia uma oportunidade que só existirá uma vez.	Investigar o acontecimento.	stat:PER>=8	END	xp=10;flag:unique_seen=1;reputation=2	END	reputation=-1;fatigue=2		Recusar a oportunidade.	NONE	END	reputation=-1	END	fatigue=2			level>=4&!flag:unique_seen	5
EVT_1526	GUILD	COMMON	ADVENTURER	Kethruun	Sandbones	2	1	100	Contrato disponível	Um quadro de missões apresenta um contrato envolvendo uma criatura.	Aceitar o contrato e organizar um plano.	guildRep>=1	END	xp=6;guildRep=1	END	guildRep=-1		Perguntar por um contrato mais simples.	NONE	END	xp=3	END	reputation=-1			NONE	6
EVT_0345	EVERYDAY	COMMON	ANY	Eshmara	Brumas	1	1	100	Um detalhe do caminho	Um vendedor discute com um comprador sobre o preço de uma peça simples.	Ajudar e perguntar o que aconteceu.	stat:PRE>=6	END	xp=3;reputation=1;cityEconomy:Brumas=1	END	reputation=-1		Seguir seu caminho.	NONE	END	xp=2	END	xp=2			NONE	7
EVT_0224	EVERYDAY	COMMON	ANY	Valkyrion	Volmeria	1	1	100	Uma manhã diferente	O cheiro de pão fresco sai de uma padaria enquanto a cidade desperta.	Ajudar e perguntar o que aconteceu.	stat:PRE>=6	END	xp=3;reputation=1;cityEconomy:Volmeria=1	END	reputation=-1		Seguir seu caminho.	NONE	END	xp=2	END	xp=2			NONE	8
EVT_1159	SOCIAL	COMMON	ANY	Lyrien	Aerocivitus	1	1	100	Uma conversa delicada	Um estudante conversa sobre técnicas que aprendeu recentemente.	Conversar com calma.	stat:PRE>=7	END	reputation=2;rel:NPC_MIRIEL=1	END	reputation=-1;fatigue=1		Responder de forma direta.	stat:VON>=6	END	reputation=1	END	reputation=1			NONE	9
EVT_0074	EVERYDAY	COMMON	ANY	Valkyrion	Volmeria	1	1	100	Uma conversa inesperada	Uma carroça perdeu uma roda no caminho e bloqueou parte da rua.	Ajudar e perguntar o que aconteceu.	stat:PRE>=6	END	xp=3;reputation=1;cityEconomy:Volmeria=1	END	reputation=-1		Seguir seu caminho.	NONE	END	xp=2	END	xp=2			NONE	10
EVT_0157	EVERYDAY	COMMON	ANY	Orinthal	Crystalia	1	1	100	Um detalhe do caminho	Um vendedor discute com um comprador sobre o preço de uma peça simples.	Ajudar e perguntar o que aconteceu.	stat:PRE>=6	END	xp=3;reputation=1;cityEconomy:Crystalia=1	END	reputation=-1		Seguir seu caminho.	NONE	END	xp=2	END	xp=2			NONE	4
EVT_0393	EVERYDAY	COMMON	ANY	Nyssara	Emerald Tide	1	1	100	Um detalhe do caminho	Um vendedor discute com um comprador sobre o preço de uma peça simples.	Ajudar e perguntar o que aconteceu.	stat:PRE>=6	END	xp=3;reputation=1;cityEconomy:Emerald Tide=1	END	reputation=-1		Seguir seu caminho.	NONE	END	xp=2	END	xp=2			NONE	5
EVT_1319	CITY	COMMON	ANY	Lyrien	Aerocivitus	1	1	100	Um problema local	O mercado central recebe uma remessa incomum de mercadorias.	Investir tempo para resolver o problema.	stat:TEC>=7	END	reputation=2;cityStability:Aerocivitus=1;cityEconomy:Aerocivitus=1;flag:city:Aerocivitus:stabilized=1	END	reputation=-1		Não se envolver.	NONE	END	xp=2;fatigue=1	END	fatigue=1			NONE	6
EVT_0442	EXPLORATION	COMMON	ANY	Tharun	Stone-Âmbar	2	1	100	Rastros na estrada	A estrada apresenta sinais de uma caravana que passou às pressas.	Examinar rastros e procurar uma explicação.	stat:PER>=7	END	xp=5;flag:investigacao_recente=1	END	fatigue=2;reputation=-1		Evitar riscos desnecessários.	NONE	END	fatigue=-1	END	fatigue=1			NONE	7
EVT_0240	EVERYDAY	COMMON	ANY	Myrthos	Sem nome definido	1	1	100	Uma manhã diferente	O cheiro de pão fresco sai de uma padaria enquanto a cidade desperta.	Ajudar e perguntar o que aconteceu.	stat:PRE>=6	END	xp=3;reputation=1;cityEconomy:Sem nome definido=1	END	reputation=-1		Seguir seu caminho.	NONE	END	xp=2	END	xp=2			NONE	8
EVT_1098	SOCIAL	COMMON	ANY	Zarim	Fornalia	1	1	100	Alguém reconhece você	Um comerciante oferece uma pequena tarefa em troca de confiança.	Conversar com calma.	stat:PRE>=7	END	reputation=2;rel:NPC_MIRIEL=1	END	reputation=-1;fatigue=1		Responder de forma direta.	stat:VON>=6	END	reputation=1	END	reputation=1			NONE	9
EVT_1011	SOCIAL	COMMON	ANY	Aeloria	Yndralor	1	1	100	Uma conversa delicada	Um estudante conversa sobre técnicas que aprendeu recentemente.	Conversar com calma.	stat:PRE>=7	END	reputation=2;rel:NPC_MIRIEL=1	END	reputation=-1;fatigue=1		Responder de forma direta.	stat:VON>=6	END	reputation=1	END	reputation=1			NONE	10
EVT_1244	CITY	COMMON	ANY	Valkyrion	Volmeria	1	1	100	Portas abertas	O mercado central recebe uma remessa incomum de mercadorias.	Investir tempo para resolver o problema.	stat:TEC>=7	END	reputation=2;cityStability:Volmeria=1;cityEconomy:Volmeria=1;flag:city:Volmeria:stabilized=1	END	reputation=-1		Não se envolver.	NONE	END	xp=2;fatigue=1	END	fatigue=1			NONE	4
EVT_1667	UNIQUE	UNIQUE	ANY	Orinthal	Crystalia	4	1	1	Acontecimento único	Você encontra um símbolo que parece não pertencer à religião local.	Investigar o acontecimento.	stat:PER>=8	END	xp=10;flag:unique_seen=1;reputation=2	END	reputation=-1;fatigue=2		Recusar a oportunidade.	NONE	END	reputation=-1	END	fatigue=2			level>=4&!flag:unique_seen	5
EVT_0967	COMBAT	COMMON	ANY	Orinthal	Crystalia	2	1	100	Predador à espreita	Sinais de Hobgoblin foram encontrados nos arredores.	Enfrentar a ameaça.	stat:FOR>=6	END	xp=4;reputation=1	END	hp=-2;fatigue=2	MON_0136	Procurar uma abertura melhor.	stat:AGI>=6	END	xp=3;fatigue=1	END	hp=-1;fatigue=2	MON_0146		NONE	6
EVT_0668	EXPLORATION	COMMON	ANY	Zarim	Fornalia	2	1	100	Silêncio na mata	A trilha adiante termina em pedras antigas cobertas por musgo.	Examinar rastros e procurar uma explicação.	stat:PER>=7	END	xp=5;flag:investigacao_recente=1	END	fatigue=2;reputation=-1		Evitar riscos desnecessários.	NONE	END	fatigue=-1	END	fatigue=1			NONE	7
EVT_0862	COMBAT	COMMON	ANY	Tharun	Stone-Âmbar	2	1	100	O caminho é interrompido	Os moradores relatam ataques atribuídos a Naga.	Enfrentar a ameaça.	stat:FOR>=6	END	xp=4;reputation=1	END	hp=-2;fatigue=2	MON_0151	Procurar uma abertura melhor.	stat:AGI>=6	END	xp=3;fatigue=1	END	hp=-1;fatigue=2	MON_0201		NONE	8
EVT_1013	SOCIAL	COMMON	ANY	Nyssara	Emerald Tide	1	1	100	Uma aproximação	Um estudante conversa sobre técnicas que aprendeu recentemente.	Conversar com calma.	stat:PRE>=7	END	reputation=2;rel:NPC_MIRIEL=1	END	reputation=-1;fatigue=1		Responder de forma direta.	stat:VON>=6	END	reputation=1	END	reputation=1			NONE	9
EVT_0832	COMBAT	COMMON	ANY	Tharun	Stone-Âmbar	2	1	100	Um combate inevitável	Os moradores relatam ataques atribuídos a Lizardfolk.	Enfrentar a ameaça.	stat:FOR>=6	END	xp=4;reputation=1	END	hp=-2;fatigue=2	MON_0171	Procurar uma abertura melhor.	stat:AGI>=6	END	xp=3;fatigue=1	END	hp=-1;fatigue=2	MON_0012		NONE	10
EVT_1254	CITY	COMMON	ANY	Valkyrion	Volmeria	1	1	100	O mercado hoje	Uma casa de hospedagem anuncia uma vaga por uma noite.	Investir tempo para resolver o problema.	stat:TEC>=7	END	reputation=2;cityStability:Volmeria=1;cityEconomy:Volmeria=1;flag:city:Volmeria:stabilized=1	END	reputation=-1		Não se envolver.	NONE	END	xp=2;fatigue=1	END	fatigue=1			NONE	4
EVT_0875	COMBAT	COMMON	ANY	Eshmara	Brumas	2	1	100	Predador à espreita	Sinais de Derro foram encontrados nos arredores.	Enfrentar a ameaça.	stat:FOR>=6	END	xp=4;reputation=1	END	hp=-2;fatigue=2	MON_0194	Procurar uma abertura melhor.	stat:AGI>=6	END	xp=3;fatigue=1	END	hp=-1;fatigue=2	MON_0074		NONE	5
EVT_1432	GUILD	COMMON	ADVENTURER	Tharun	Stone-Âmbar	2	1	100	Trabalho anunciado	Um quadro de missões apresenta um contrato envolvendo uma criatura.	Aceitar o contrato e organizar um plano.	guildRep>=1	END	xp=6;guildRep=1	END	guildRep=-1		Perguntar por um contrato mais simples.	NONE	END	xp=3	END	reputation=-1			NONE	6
EVT_1229	CITY	COMMON	ANY	Lyrien	Aerocivitus	1	1	100	Movimento na cidade	O mercado central recebe uma remessa incomum de mercadorias.	Investir tempo para resolver o problema.	stat:TEC>=7	END	reputation=2;cityStability:Aerocivitus=1;cityEconomy:Aerocivitus=1;flag:city:Aerocivitus:stabilized=1	END	reputation=-1		Não se envolver.	NONE	END	xp=2;fatigue=1	END	fatigue=1			NONE	7
EVT_0262	EVERYDAY	COMMON	ANY	Tharun	Stone-Âmbar	1	1	100	Uma conversa inesperada	Uma carroça perdeu uma roda no caminho e bloqueou parte da rua.	Ajudar e perguntar o que aconteceu.	stat:PRE>=6	END	xp=3;reputation=1;cityEconomy:Stone-Âmbar=1	END	reputation=-1		Seguir seu caminho.	NONE	END	xp=2	END	xp=2			NONE	8
EVT_1722	UNIQUE	UNIQUE	ANY	Tharun	Stone-Âmbar	4	1	1	Oportunidade singular	Uma mensagem sem assinatura anuncia uma oportunidade que só existirá uma vez.	Investigar o acontecimento.	stat:PER>=8	END	xp=10;flag:unique_seen=1;reputation=2	END	reputation=-1;fatigue=2		Recusar a oportunidade.	NONE	END	reputation=-1	END	fatigue=2			level>=4&!flag:unique_seen	9
EVT_0727	COMBAT	COMMON	ANY	Orinthal	Crystalia	2	1	100	Predador à espreita	Sinais de Wraith foram encontrados nos arredores.	Enfrentar a ameaça.	stat:FOR>=6	END	xp=4;reputation=1	END	hp=-2;fatigue=2	MON_0246	Procurar uma abertura melhor.	stat:AGI>=6	END	xp=3;fatigue=1	END	hp=-1;fatigue=2	MON_0226		NONE	10
EVT_0938	COMBAT	COMMON	ANY	Zarim	Fornalia	2	1	100	O caminho é interrompido	Os moradores relatam ataques atribuídos a Lizardfolk.	Enfrentar a ameaça.	stat:FOR>=6	END	xp=4;reputation=1	END	hp=-2;fatigue=2	MON_0008	Procurar uma abertura melhor.	stat:AGI>=6	END	xp=3;fatigue=1	END	hp=-1;fatigue=2	MON_0008		NONE	4
EVT_1677	UNIQUE	UNIQUE	ANY	Orinthal	Crystalia	4	1	1	Um encontro que não se repete	Uma mensagem sem assinatura anuncia uma oportunidade que só existirá uma vez.	Investigar o acontecimento.	stat:PER>=8	END	xp=10;flag:unique_seen=1;reputation=2	END	reputation=-1;fatigue=2		Recusar a oportunidade.	NONE	END	reputation=-1	END	fatigue=2			level>=4&!flag:unique_seen	5
EVT_1749	UNIQUE	UNIQUE	ANY	Lyrien	Aerocivitus	4	1	1	Um encontro que não se repete	Uma mensagem sem assinatura anuncia uma oportunidade que só existirá uma vez.	Investigar o acontecimento.	stat:PER>=8	END	xp=10;flag:unique_seen=1;reputation=2	END	reputation=-1;fatigue=2		Recusar a oportunidade.	NONE	END	reputation=-1	END	fatigue=2			level>=4&!flag:unique_seen	6
EVT_1155	SOCIAL	COMMON	ANY	Eshmara	Brumas	1	1	100	Uma conversa delicada	Um estudante conversa sobre técnicas que aprendeu recentemente.	Conversar com calma.	stat:PRE>=7	END	reputation=2;rel:NPC_MIRIEL=1	END	reputation=-1;fatigue=1		Responder de forma direta.	stat:VON>=6	END	reputation=1	END	reputation=1			NONE	7
EVT_1381	GUILD	COMMON	ADVENTURER	Aeloria	Stormhaven	2	1	100	Quadro de contratos	Um pesquisador procura alguém para coletar amostras de uma região perigosa.	Aceitar o contrato e organizar um plano.	guildRep>=1	END	xp=6;guildRep=1	END	guildRep=-1		Perguntar por um contrato mais simples.	NONE	END	xp=3	END	reputation=-1			NONE	8
EVT_0344	EVERYDAY	COMMON	ANY	Valkyrion	Volmeria	1	1	100	Uma manhã diferente	O cheiro de pão fresco sai de uma padaria enquanto a cidade desperta.	Ajudar e perguntar o que aconteceu.	stat:PRE>=6	END	xp=3;reputation=1;cityEconomy:Volmeria=1	END	reputation=-1		Seguir seu caminho.	NONE	END	xp=2	END	xp=2			NONE	9
EVT_0394	EVERYDAY	COMMON	ANY	Valkyrion	Volmeria	1	1	100	Uma conversa inesperada	Uma carroça perdeu uma roda no caminho e bloqueou parte da rua.	Ajudar e perguntar o que aconteceu.	stat:PRE>=6	END	xp=3;reputation=1;cityEconomy:Volmeria=1	END	reputation=-1		Seguir seu caminho.	NONE	END	xp=2	END	xp=2			NONE	10
EVT_0763	COMBAT	COMMON	ANY	Nyssara	Emerald Tide	2	1	100	Predador à espreita	Sinais de Bugbear foram encontrados nos arredores.	Enfrentar a ameaça.	stat:FOR>=6	END	xp=4;reputation=1	END	hp=-2;fatigue=2	MON_0072	Procurar uma abertura melhor.	stat:AGI>=6	END	xp=3;fatigue=1	END	hp=-1;fatigue=2	MON_0212		NONE	4
EVT_1466	GUILD	COMMON	ADVENTURER	Kethruun	Sandbones	2	1	100	Contrato disponível	Um quadro de missões apresenta um contrato envolvendo uma criatura.	Aceitar o contrato e organizar um plano.	guildRep>=1	END	xp=6;guildRep=1	END	guildRep=-1		Perguntar por um contrato mais simples.	NONE	END	xp=3	END	reputation=-1			NONE	5
EVT_1661	UNIQUE	UNIQUE	ANY	Aeloria	Cindralith	4	1	1	Um encontro que não se repete	Você encontra um símbolo que parece não pertencer à religião local.	Investigar o acontecimento.	stat:PER>=8	END	xp=10;flag:unique_seen=1;reputation=2	END	reputation=-1;fatigue=2		Recusar a oportunidade.	NONE	END	reputation=-1	END	fatigue=2			level>=4&!flag:unique_seen	6
EVT_0232	EVERYDAY	COMMON	ANY	Tharun	Stone-Âmbar	1	1	100	Uma manhã diferente	O cheiro de pão fresco sai de uma padaria enquanto a cidade desperta.	Ajudar e perguntar o que aconteceu.	stat:PRE>=6	END	xp=3;reputation=1;cityEconomy:Stone-Âmbar=1	END	reputation=-1		Seguir seu caminho.	NONE	END	xp=2	END	xp=2			NONE	7
EVT_1611	RARE	RARE	ANY	Aeloria	Caelwyn	4	1	15	Uma coincidência rara	No fim da tarde, todos os sinos de um distrito tocam ao mesmo tempo sem uma causa aparente.	Seguir a coincidência.	stat:INT>=7	END	xp=8;reputation=1	END	fatigue=2;reputation=-1		Guardar distância.	stat:VON>=6	END	fatigue=1	END	fatigue=1			level>=2	8
EVT_0315	EVERYDAY	COMMON	ANY	Eshmara	Brumas	1	1	100	Um favor simples	Uma chuva repentina transforma a rua em lama.	Ajudar e perguntar o que aconteceu.	stat:PRE>=6	END	xp=3;reputation=1;cityEconomy:Brumas=1	END	reputation=-1		Seguir seu caminho.	NONE	END	xp=2	END	xp=2			NONE	9
EVT_0815	COMBAT	COMMON	ANY	Eshmara	Brumas	2	1	100	Predador à espreita	Sinais de Caranguejo Gigante foram encontrados nos arredores.	Enfrentar a ameaça.	stat:FOR>=6	END	xp=4;reputation=1	END	hp=-2;fatigue=2	MON_0134	Procurar uma abertura melhor.	stat:AGI>=6	END	xp=3;fatigue=1	END	hp=-1;fatigue=2	MON_0144		NONE	10
EVT_0077	EVERYDAY	COMMON	ANY	Orinthal	Crystalia	1	1	100	Um detalhe do caminho	Um vendedor discute com um comprador sobre o preço de uma peça simples.	Ajudar e perguntar o que aconteceu.	stat:PRE>=6	END	xp=3;reputation=1;cityEconomy:Crystalia=1	END	reputation=-1		Seguir seu caminho.	NONE	END	xp=2	END	xp=2			NONE	4
EVT_0595	EXPLORATION	COMMON	ANY	Eshmara	Brumas	2	1	100	Um caminho secundário	Um pequeno desvio parece levar a uma construção abandonada.	Examinar rastros e procurar uma explicação.	stat:PER>=7	END	xp=5;flag:investigacao_recente=1	END	fatigue=2;reputation=-1		Evitar riscos desnecessários.	NONE	END	fatigue=-1	END	fatigue=1			NONE	5
EVT_0704	COMBAT	COMMON	ANY	Valkyrion	Volmeria	2	1	100	Um combate inevitável	Os moradores relatam ataques atribuídos a Golem de Ferro.	Enfrentar a ameaça.	stat:FOR>=6	END	xp=4;reputation=1	END	hp=-2;fatigue=2	MON_0073	Procurar uma abertura melhor.	stat:AGI>=6	END	xp=3;fatigue=1	END	hp=-1;fatigue=2	MON_0193		NONE	6
EVT_0295	EVERYDAY	COMMON	ANY	Eshmara	Brumas	1	1	100	Um favor simples	Uma chuva repentina transforma a rua em lama.	Ajudar e perguntar o que aconteceu.	stat:PRE>=6	END	xp=3;reputation=1;cityEconomy:Brumas=1	END	reputation=-1		Seguir seu caminho.	NONE	END	xp=2	END	xp=2			NONE	7
EVT_0754	COMBAT	COMMON	ANY	Valkyrion	Volmeria	2	1	100	O caminho é interrompido	Os moradores relatam ataques atribuídos a Gigante de Fogo.	Enfrentar a ameaça.	stat:FOR>=6	END	xp=4;reputation=1	END	hp=-2;fatigue=2	MON_0093	Procurar uma abertura melhor.	stat:AGI>=6	END	xp=3;fatigue=1	END	hp=-1;fatigue=2	MON_0004		NONE	8
EVT_0959	COMBAT	COMMON	ANY	Lyrien	Aerocivitus	2	1	100	Predador à espreita	Sinais de Mantícora foram encontrados nos arredores.	Enfrentar a ameaça.	stat:FOR>=6	END	xp=4;reputation=1	END	hp=-2;fatigue=2	MON_0198	Procurar uma abertura melhor.	stat:AGI>=6	END	xp=3;fatigue=1	END	hp=-1;fatigue=2	MON_0078		NONE	9
EVT_0636	EXPLORATION	COMMON	ANY	Kethruun	Sandbones	2	1	100	Silêncio na mata	Você encontra pegadas recentes atravessando uma área de vegetação fechada.	Examinar rastros e procurar uma explicação.	stat:PER>=7	END	xp=5;flag:investigacao_recente=1	END	fatigue=2;reputation=-1		Evitar riscos desnecessários.	NONE	END	fatigue=-1	END	fatigue=1			NONE	10
EVT_0519	EXPLORATION	COMMON	ANY	Lyrien	Aerocivitus	2	1	100	Um caminho secundário	Um brilho incomum aparece entre duas rochas.	Examinar rastros e procurar uma explicação.	stat:PER>=7	END	xp=5;flag:investigacao_recente=1	END	fatigue=2;reputation=-1		Evitar riscos desnecessários.	NONE	END	fatigue=-1	END	fatigue=1			NONE	4
EVT_0840	COMBAT	COMMON	ANY	Myrthos	Sem nome definido	2	1	100	Um combate inevitável	Os moradores relatam ataques atribuídos a Sereia.	Enfrentar a ameaça.	stat:FOR>=6	END	xp=4;reputation=1	END	hp=-2;fatigue=2	MON_0229	Procurar uma abertura melhor.	stat:AGI>=6	END	xp=3;fatigue=1	END	hp=-1;fatigue=2	MON_0169		NONE	5
EVT_0968	COMBAT	COMMON	ANY	Zarim	Fornalia	2	1	100	Um combate inevitável	Os moradores relatam ataques atribuídos a Naga.	Enfrentar a ameaça.	stat:FOR>=6	END	xp=4;reputation=1	END	hp=-2;fatigue=2	MON_0237	Procurar uma abertura melhor.	stat:AGI>=6	END	xp=3;fatigue=1	END	hp=-1;fatigue=2	MON_0197		NONE	6
EVT_1241	CITY	COMMON	ANY	Aeloria	Ironvale	1	1	100	Movimento na cidade	O mercado central recebe uma remessa incomum de mercadorias.	Investir tempo para resolver o problema.	stat:TEC>=7	END	reputation=2;cityStability:Ironvale=1;cityEconomy:Ironvale=1;flag:city:Ironvale:stabilized=1	END	reputation=-1		Não se envolver.	NONE	END	xp=2;fatigue=1	END	fatigue=1			NONE	7
EVT_0506	EXPLORATION	COMMON	ANY	Kethruun	Sandbones	2	1	100	Rastros na estrada	Você encontra pegadas recentes atravessando uma área de vegetação fechada.	Examinar rastros e procurar uma explicação.	stat:PER>=7	END	xp=5;flag:investigacao_recente=1	END	fatigue=2;reputation=-1		Evitar riscos desnecessários.	NONE	END	fatigue=-1	END	fatigue=1			NONE	8
EVT_0233	EVERYDAY	COMMON	ANY	Nyssara	Emerald Tide	1	1	100	Um detalhe do caminho	Um vendedor discute com um comprador sobre o preço de uma peça simples.	Ajudar e perguntar o que aconteceu.	stat:PRE>=6	END	xp=3;reputation=1;cityEconomy:Emerald Tide=1	END	reputation=-1		Seguir seu caminho.	NONE	END	xp=2	END	xp=2			NONE	9
EVT_0018	EVERYDAY	COMMON	ANY	Zarim	Fornalia	1	1	100	Uma conversa inesperada	Uma carroça perdeu uma roda no caminho e bloqueou parte da rua.	Ajudar e perguntar o que aconteceu.	stat:PRE>=6	END	xp=3;reputation=1;cityEconomy:Fornalia=1	END	reputation=-1		Seguir seu caminho.	NONE	END	xp=2	END	xp=2			NONE	10
EVT_1174	SOCIAL	COMMON	ANY	Valkyrion	Volmeria	1	1	100	Alguém reconhece você	Um comerciante oferece uma pequena tarefa em troca de confiança.	Conversar com calma.	stat:PRE>=7	END	reputation=2;rel:NPC_MIRIEL=1	END	reputation=-1;fatigue=1		Responder de forma direta.	stat:VON>=6	END	reputation=1	END	reputation=1			NONE	4
EVT_0597	EXPLORATION	COMMON	ANY	Orinthal	Crystalia	2	1	100	Algo fora do lugar	A estrada apresenta sinais de uma caravana que passou às pressas.	Examinar rastros e procurar uma explicação.	stat:PER>=7	END	xp=5;flag:investigacao_recente=1	END	fatigue=2;reputation=-1		Evitar riscos desnecessários.	NONE	END	fatigue=-1	END	fatigue=1			NONE	5
EVT_0621	EXPLORATION	COMMON	ANY	Aeloria	Irondral	2	1	100	Algo fora do lugar	Você encontra pegadas recentes atravessando uma área de vegetação fechada.	Examinar rastros e procurar uma explicação.	stat:PER>=7	END	xp=5;flag:investigacao_recente=1	END	fatigue=2;reputation=-1		Evitar riscos desnecessários.	NONE	END	fatigue=-1	END	fatigue=1			NONE	6
EVT_1108	SOCIAL	COMMON	ANY	Zarim	Fornalia	1	1	100	Um pedido pessoal	Um comerciante oferece uma pequena tarefa em troca de confiança.	Conversar com calma.	stat:PRE>=7	END	reputation=2;rel:NPC_MIRIEL=1	END	reputation=-1;fatigue=1		Responder de forma direta.	stat:VON>=6	END	reputation=1	END	reputation=1			NONE	7
EVT_0243	EVERYDAY	COMMON	ANY	Nyssara	Emerald Tide	1	1	100	Um favor simples	Uma chuva repentina transforma a rua em lama.	Ajudar e perguntar o que aconteceu.	stat:PRE>=6	END	xp=3;reputation=1;cityEconomy:Emerald Tide=1	END	reputation=-1		Seguir seu caminho.	NONE	END	xp=2	END	xp=2			NONE	8
EVT_1453	GUILD	COMMON	ADVENTURER	Nyssara	Emerald Tide	2	1	100	Quadro de contratos	Um pesquisador procura alguém para coletar amostras de uma região perigosa.	Aceitar o contrato e organizar um plano.	guildRep>=1	END	xp=6;guildRep=1	END	guildRep=-1		Perguntar por um contrato mais simples.	NONE	END	xp=3	END	reputation=-1			NONE	9
EVT_1109	SOCIAL	COMMON	ANY	Lyrien	Aerocivitus	1	1	100	Uma aproximação	Um estudante conversa sobre técnicas que aprendeu recentemente.	Conversar com calma.	stat:PRE>=7	END	reputation=2;rel:NPC_MIRIEL=1	END	reputation=-1;fatigue=1		Responder de forma direta.	stat:VON>=6	END	reputation=1	END	reputation=1			NONE	10
EVT_1220	CITY	COMMON	ANY	Myrthos	Sem nome definido	1	1	100	Portas abertas	O mercado central recebe uma remessa incomum de mercadorias.	Investir tempo para resolver o problema.	stat:TEC>=7	END	reputation=2;cityStability:Sem nome definido=1;cityEconomy:Sem nome definido=1;flag:city:Sem nome definido:stabilized=1	END	reputation=-1		Não se envolver.	NONE	END	xp=2;fatigue=1	END	fatigue=1			NONE	4
EVT_0287	EVERYDAY	COMMON	ANY	Orinthal	Crystalia	1	1	100	Um favor simples	Uma chuva repentina transforma a rua em lama.	Ajudar e perguntar o que aconteceu.	stat:PRE>=6	END	xp=3;reputation=1;cityEconomy:Crystalia=1	END	reputation=-1		Seguir seu caminho.	NONE	END	xp=2	END	xp=2			NONE	5
EVT_1442	GUILD	COMMON	ADVENTURER	Tharun	Stone-Âmbar	2	1	100	Contrato disponível	Um quadro de missões apresenta um contrato envolvendo uma criatura.	Aceitar o contrato e organizar um plano.	guildRep>=1	END	xp=6;guildRep=1	END	guildRep=-1		Perguntar por um contrato mais simples.	NONE	END	xp=3	END	reputation=-1			NONE	6
EVT_0095	EVERYDAY	COMMON	ANY	Eshmara	Brumas	1	1	100	Um favor simples	Uma chuva repentina transforma a rua em lama.	Ajudar e perguntar o que aconteceu.	stat:PRE>=6	END	xp=3;reputation=1;cityEconomy:Brumas=1	END	reputation=-1		Seguir seu caminho.	NONE	END	xp=2	END	xp=2			NONE	7
EVT_0564	EXPLORATION	COMMON	ANY	Valkyrion	Volmeria	2	1	100	Silêncio na mata	Um brilho incomum aparece entre duas rochas.	Examinar rastros e procurar uma explicação.	stat:PER>=7	END	xp=5;flag:investigacao_recente=1	END	fatigue=2;reputation=-1		Evitar riscos desnecessários.	NONE	END	fatigue=-1	END	fatigue=1			NONE	8
EVT_0022	EVERYDAY	COMMON	ANY	Tharun	Stone-Âmbar	1	1	100	Uma conversa inesperada	Uma carroça perdeu uma roda no caminho e bloqueou parte da rua.	Ajudar e perguntar o que aconteceu.	stat:PRE>=6	END	xp=3;reputation=1;cityEconomy:Stone-Âmbar=1	END	reputation=-1		Seguir seu caminho.	NONE	END	xp=2	END	xp=2			NONE	9
EVT_0144	EVERYDAY	COMMON	ANY	Valkyrion	Volmeria	1	1	100	Uma manhã diferente	O cheiro de pão fresco sai de uma padaria enquanto a cidade desperta.	Ajudar e perguntar o que aconteceu.	stat:PRE>=6	END	xp=3;reputation=1;cityEconomy:Volmeria=1	END	reputation=-1		Seguir seu caminho.	NONE	END	xp=2	END	xp=2			NONE	10
EVT_0550	EXPLORATION	COMMON	ANY	Myrthos	Sem nome definido	2	1	100	Rastros na estrada	Um pequeno desvio parece levar a uma construção abandonada.	Examinar rastros e procurar uma explicação.	stat:PER>=7	END	xp=5;flag:investigacao_recente=1	END	fatigue=2;reputation=-1		Evitar riscos desnecessários.	NONE	END	fatigue=-1	END	fatigue=1			NONE	4
EVT_1689	UNIQUE	UNIQUE	ANY	Lyrien	Aerocivitus	4	1	1	Um encontro que não se repete	Uma mensagem sem assinatura anuncia uma oportunidade que só existirá uma vez.	Investigar o acontecimento.	stat:PER>=8	END	xp=10;flag:unique_seen=1;reputation=2	END	reputation=-1;fatigue=2		Recusar a oportunidade.	NONE	END	reputation=-1	END	fatigue=2			level>=4&!flag:unique_seen	5
EVT_1283	CITY	COMMON	ANY	Nyssara	Emerald Tide	1	1	100	Um problema local	O mercado central recebe uma remessa incomum de mercadorias.	Investir tempo para resolver o problema.	stat:TEC>=7	END	reputation=2;cityStability:Emerald Tide=1;cityEconomy:Emerald Tide=1;flag:city:Emerald Tide:stabilized=1	END	reputation=-1		Não se envolver.	NONE	END	xp=2;fatigue=1	END	fatigue=1			NONE	6
EVT_1139	SOCIAL	COMMON	ANY	Lyrien	Aerocivitus	1	1	100	Uma conversa delicada	Um estudante conversa sobre técnicas que aprendeu recentemente.	Conversar com calma.	stat:PRE>=7	END	reputation=2;rel:NPC_MIRIEL=1	END	reputation=-1;fatigue=1		Responder de forma direta.	stat:VON>=6	END	reputation=1	END	reputation=1			NONE	7
EVT_1430	GUILD	COMMON	ADVENTURER	Myrthos	Sem nome definido	2	1	100	Contrato disponível	Um quadro de missões apresenta um contrato envolvendo uma criatura.	Aceitar o contrato e organizar um plano.	guildRep>=1	END	xp=6;guildRep=1	END	guildRep=-1		Perguntar por um contrato mais simples.	NONE	END	xp=3	END	reputation=-1			NONE	8
EVT_1236	CITY	COMMON	ANY	Kethruun	Sandbones	1	1	100	Portas abertas	Uma casa de hospedagem anuncia uma vaga por uma noite.	Investir tempo para resolver o problema.	stat:TEC>=7	END	reputation=2;cityStability:Sandbones=1;cityEconomy:Sandbones=1;flag:city:Sandbones:stabilized=1	END	reputation=-1		Não se envolver.	NONE	END	xp=2;fatigue=1	END	fatigue=1			NONE	9
EVT_0490	EXPLORATION	COMMON	ANY	Myrthos	Sem nome definido	2	1	100	Rastros na estrada	Um pequeno desvio parece levar a uma construção abandonada.	Examinar rastros e procurar uma explicação.	stat:PER>=7	END	xp=5;flag:investigacao_recente=1	END	fatigue=2;reputation=-1		Evitar riscos desnecessários.	NONE	END	fatigue=-1	END	fatigue=1			NONE	10
EVT_1363	GUILD	COMMON	ADVENTURER	Nyssara	Emerald Tide	2	1	100	Pedido da Guilda	Um pesquisador procura alguém para coletar amostras de uma região perigosa.	Aceitar o contrato e organizar um plano.	guildRep>=1	END	xp=6;guildRep=1	END	guildRep=-1		Perguntar por um contrato mais simples.	NONE	END	xp=3	END	reputation=-1			NONE	4
EVT_1351	GUILD	COMMON	ADVENTURER	Aeloria	Loryndor	2	1	100	Pedido da Guilda	Um pesquisador procura alguém para coletar amostras de uma região perigosa.	Aceitar o contrato e organizar um plano.	guildRep>=1	END	xp=6;guildRep=1	END	guildRep=-1		Perguntar por um contrato mais simples.	NONE	END	xp=3	END	reputation=-1			NONE	5
EVT_1529	GUILD	COMMON	ADVENTURER	Lyrien	Aerocivitus	2	1	100	Quadro de contratos	Um pesquisador procura alguém para coletar amostras de uma região perigosa.	Aceitar o contrato e organizar um plano.	guildRep>=1	END	xp=6;guildRep=1	END	guildRep=-1		Perguntar por um contrato mais simples.	NONE	END	xp=3	END	reputation=-1			NONE	6
EVT_1040	SOCIAL	COMMON	ANY	Myrthos	Sem nome definido	1	1	100	Um pedido pessoal	Um comerciante oferece uma pequena tarefa em troca de confiança.	Conversar com calma.	stat:PRE>=7	END	reputation=2;rel:NPC_MIRIEL=1	END	reputation=-1;fatigue=1		Responder de forma direta.	stat:VON>=6	END	reputation=1	END	reputation=1			NONE	7
EVT_1538	GUILD	COMMON	ADVENTURER	Zarim	Fornalia	2	1	100	Contrato disponível	Um quadro de missões apresenta um contrato envolvendo uma criatura.	Aceitar o contrato e organizar um plano.	guildRep>=1	END	xp=6;guildRep=1	END	guildRep=-1		Perguntar por um contrato mais simples.	NONE	END	xp=3	END	reputation=-1			NONE	8
EVT_1630	RARE	RARE	ANY	Myrthos	Sem nome definido	4	1	15	Rumor difícil de ignorar	Uma porta antiga aparece aberta onde antes havia apenas uma parede.	Seguir a coincidência.	stat:INT>=7	END	xp=8;reputation=1	END	fatigue=2;reputation=-1		Guardar distância.	stat:VON>=6	END	fatigue=1	END	fatigue=1			level>=2	9
EVT_0618	EXPLORATION	COMMON	ANY	Zarim	Fornalia	2	1	100	Rastros na estrada	A trilha adiante termina em pedras antigas cobertas por musgo.	Examinar rastros e procurar uma explicação.	stat:PER>=7	END	xp=5;flag:investigacao_recente=1	END	fatigue=2;reputation=-1		Evitar riscos desnecessários.	NONE	END	fatigue=-1	END	fatigue=1			NONE	10
EVT_0076	EVERYDAY	COMMON	ANY	Kethruun	Sandbones	1	1	100	Uma manhã diferente	O cheiro de pão fresco sai de uma padaria enquanto a cidade desperta.	Ajudar e perguntar o que aconteceu.	stat:PRE>=6	END	xp=3;reputation=1;cityEconomy:Sandbones=1	END	reputation=-1		Seguir seu caminho.	NONE	END	xp=2	END	xp=2			NONE	4
EVT_1125	SOCIAL	COMMON	ANY	Eshmara	Brumas	1	1	100	Uma aproximação	Um estudante conversa sobre técnicas que aprendeu recentemente.	Conversar com calma.	stat:PRE>=7	END	reputation=2;rel:NPC_MIRIEL=1	END	reputation=-1;fatigue=1		Responder de forma direta.	stat:VON>=6	END	reputation=1	END	reputation=1			NONE	5
EVT_1211	CITY	COMMON	ANY	Aeloria	Irondral	1	1	100	Um problema local	O mercado central recebe uma remessa incomum de mercadorias.	Investir tempo para resolver o problema.	stat:TEC>=7	END	reputation=2;cityStability:Irondral=1;cityEconomy:Irondral=1;flag:city:Irondral:stabilized=1	END	reputation=-1		Não se envolver.	NONE	END	xp=2;fatigue=1	END	fatigue=1			NONE	6
EVT_1226	CITY	COMMON	ANY	Kethruun	Sandbones	1	1	100	O mercado hoje	O mercado central recebe uma remessa incomum de mercadorias.	Investir tempo para resolver o problema.	stat:TEC>=7	END	reputation=2;cityStability:Sandbones=1;cityEconomy:Sandbones=1;flag:city:Sandbones:stabilized=1	END	reputation=-1		Não se envolver.	NONE	END	xp=2;fatigue=1	END	fatigue=1			NONE	7
EVT_0737	COMBAT	COMMON	ANY	Orinthal	Crystalia	2	1	100	Uma ameaça aparece	Sinais de Harpia foram encontrados nos arredores.	Enfrentar a ameaça.	stat:FOR>=6	END	xp=4;reputation=1	END	hp=-2;fatigue=2	MON_0106	Procurar uma abertura melhor.	stat:AGI>=6	END	xp=3;fatigue=1	END	hp=-1;fatigue=2	MON_0056		NONE	8
EVT_0757	COMBAT	COMMON	ANY	Orinthal	Crystalia	2	1	100	Uma ameaça aparece	Sinais de Golem de Ferro foram encontrados nos arredores.	Enfrentar a ameaça.	stat:FOR>=6	END	xp=4;reputation=1	END	hp=-2;fatigue=2	MON_0116	Procurar uma abertura melhor.	stat:AGI>=6	END	xp=3;fatigue=1	END	hp=-1;fatigue=2	MON_0086		NONE	9
EVT_0829	COMBAT	COMMON	ANY	Lyrien	Aerocivitus	2	1	100	Uma ameaça aparece	Sinais de Hag foram encontrados nos arredores.	Enfrentar a ameaça.	stat:FOR>=6	END	xp=4;reputation=1	END	hp=-2;fatigue=2	MON_0128	Procurar uma abertura melhor.	stat:AGI>=6	END	xp=3;fatigue=1	END	hp=-1;fatigue=2	MON_0118		NONE	10
EVT_0039	EVERYDAY	COMMON	ANY	Lyrien	Aerocivitus	1	1	100	Um favor simples	Uma chuva repentina transforma a rua em lama.	Ajudar e perguntar o que aconteceu.	stat:PRE>=6	END	xp=3;reputation=1;cityEconomy:Aerocivitus=1	END	reputation=-1		Seguir seu caminho.	NONE	END	xp=2	END	xp=2			NONE	4
EVT_1147	SOCIAL	COMMON	ANY	Orinthal	Crystalia	1	1	100	Uma conversa delicada	Um estudante conversa sobre técnicas que aprendeu recentemente.	Conversar com calma.	stat:PRE>=7	END	reputation=2;rel:NPC_MIRIEL=1	END	reputation=-1;fatigue=1		Responder de forma direta.	stat:VON>=6	END	reputation=1	END	reputation=1			NONE	5
EVT_0738	COMBAT	COMMON	ANY	Zarim	Fornalia	2	1	100	O caminho é interrompido	Os moradores relatam ataques atribuídos a Goblin.	Enfrentar a ameaça.	stat:FOR>=6	END	xp=4;reputation=1	END	hp=-2;fatigue=2	MON_0157	Procurar uma abertura melhor.	stat:AGI>=6	END	xp=3;fatigue=1	END	hp=-1;fatigue=2	MON_0207		NONE	6
EVT_1739	UNIQUE	UNIQUE	ANY	Lyrien	Aerocivitus	4	1	1	Acontecimento único	Você encontra um símbolo que parece não pertencer à religião local.	Investigar o acontecimento.	stat:PER>=8	END	xp=10;flag:unique_seen=1;reputation=2	END	reputation=-1;fatigue=2		Recusar a oportunidade.	NONE	END	reputation=-1	END	fatigue=2			level>=4&!flag:unique_seen	7
EVT_1178	SOCIAL	COMMON	ANY	Zarim	Fornalia	1	1	100	Alguém reconhece você	Um comerciante oferece uma pequena tarefa em troca de confiança.	Conversar com calma.	stat:PRE>=7	END	reputation=2;rel:NPC_MIRIEL=1	END	reputation=-1;fatigue=1		Responder de forma direta.	stat:VON>=6	END	reputation=1	END	reputation=1			NONE	8
EVT_0331	EVERYDAY	COMMON	ANY	Aeloria	Kaelmoor	1	1	100	Um favor simples	Uma chuva repentina transforma a rua em lama.	Ajudar e perguntar o que aconteceu.	stat:PRE>=6	END	xp=3;reputation=1;cityEconomy:Kaelmoor=1	END	reputation=-1		Seguir seu caminho.	NONE	END	xp=2	END	xp=2			NONE	9
EVT_1210	CITY	COMMON	ANY	Myrthos	Sem nome definido	1	1	100	O mercado hoje	Uma oficina anuncia que pode reparar equipamentos danificados.	Investir tempo para resolver o problema.	stat:TEC>=7	END	reputation=2;cityStability:Sem nome definido=1;cityEconomy:Sem nome definido=1;flag:city:Sem nome definido:stabilized=1	END	reputation=-1		Não se envolver.	NONE	END	xp=2;fatigue=1	END	fatigue=1			NONE	10
EVT_0455	EXPLORATION	COMMON	ANY	Eshmara	Brumas	2	1	100	Um caminho secundário	Um pequeno desvio parece levar a uma construção abandonada.	Examinar rastros e procurar uma explicação.	stat:PER>=7	END	xp=5;flag:investigacao_recente=1	END	fatigue=2;reputation=-1		Evitar riscos desnecessários.	NONE	END	fatigue=-1	END	fatigue=1			NONE	4
EVT_1515	GUILD	COMMON	ADVENTURER	Eshmara	Brumas	2	1	100	Pedido da Guilda	Um pesquisador procura alguém para coletar amostras de uma região perigosa.	Aceitar o contrato e organizar um plano.	guildRep>=1	END	xp=6;guildRep=1	END	guildRep=-1		Perguntar por um contrato mais simples.	NONE	END	xp=3	END	reputation=-1			NONE	5
EVT_1672	UNIQUE	UNIQUE	ANY	Tharun	Stone-Âmbar	4	1	1	Uma porta que se abre	Um desconhecido o chama pelo nome sem explicar como o conhece.	Investigar o acontecimento.	stat:PER>=8	END	xp=10;flag:unique_seen=1;reputation=2	END	reputation=-1;fatigue=2		Recusar a oportunidade.	NONE	END	reputation=-1	END	fatigue=2			level>=4&!flag:unique_seen	6
EVT_1091	SOCIAL	COMMON	ANY	Aeloria	Umbravale	1	1	100	Uma conversa delicada	Um estudante conversa sobre técnicas que aprendeu recentemente.	Conversar com calma.	stat:PRE>=7	END	reputation=2;rel:NPC_MIRIEL=1	END	reputation=-1;fatigue=1		Responder de forma direta.	stat:VON>=6	END	reputation=1	END	reputation=1			NONE	7
EVT_1160	SOCIAL	COMMON	ANY	Myrthos	Sem nome definido	1	1	100	Um pedido pessoal	Um comerciante oferece uma pequena tarefa em troca de confiança.	Conversar com calma.	stat:PRE>=7	END	reputation=2;rel:NPC_MIRIEL=1	END	reputation=-1;fatigue=1		Responder de forma direta.	stat:VON>=6	END	reputation=1	END	reputation=1			NONE	8
EVT_0418	EXPLORATION	COMMON	ANY	Zarim	Fornalia	2	1	100	Rastros na estrada	A trilha adiante termina em pedras antigas cobertas por musgo.	Examinar rastros e procurar uma explicação.	stat:PER>=7	END	xp=5;flag:investigacao_recente=1	END	fatigue=2;reputation=-1		Evitar riscos desnecessários.	NONE	END	fatigue=-1	END	fatigue=1			NONE	9
EVT_0086	EVERYDAY	COMMON	ANY	Kethruun	Sandbones	1	1	100	Uma conversa inesperada	Uma carroça perdeu uma roda no caminho e bloqueou parte da rua.	Ajudar e perguntar o que aconteceu.	stat:PRE>=6	END	xp=3;reputation=1;cityEconomy:Sandbones=1	END	reputation=-1		Seguir seu caminho.	NONE	END	xp=2	END	xp=2			NONE	10
EVT_1016	SOCIAL	COMMON	ANY	Kethruun	Sandbones	1	1	100	Um pedido pessoal	Um comerciante oferece uma pequena tarefa em troca de confiança.	Conversar com calma.	stat:PRE>=7	END	reputation=2;rel:NPC_MIRIEL=1	END	reputation=-1;fatigue=1		Responder de forma direta.	stat:VON>=6	END	reputation=1	END	reputation=1			NONE	4
EVT_0822	COMBAT	COMMON	ANY	Tharun	Stone-Âmbar	2	1	100	O caminho é interrompido	Os moradores relatam ataques atribuídos a Derro.	Enfrentar a ameaça.	stat:FOR>=6	END	xp=4;reputation=1	END	hp=-2;fatigue=2	MON_0032	Procurar uma abertura melhor.	stat:AGI>=6	END	xp=3;fatigue=1	END	hp=-1;fatigue=2	MON_0091		NONE	5
EVT_0269	EVERYDAY	COMMON	ANY	Lyrien	Aerocivitus	1	1	100	Um detalhe do caminho	Um vendedor discute com um comprador sobre o preço de uma peça simples.	Ajudar e perguntar o que aconteceu.	stat:PRE>=6	END	xp=3;reputation=1;cityEconomy:Aerocivitus=1	END	reputation=-1		Seguir seu caminho.	NONE	END	xp=2	END	xp=2			NONE	6
EVT_0141	EVERYDAY	COMMON	ANY	Aeloria	Lorwynne	1	1	100	Um detalhe do caminho	Um vendedor discute com um comprador sobre o preço de uma peça simples.	Ajudar e perguntar o que aconteceu.	stat:PRE>=6	END	xp=3;reputation=1;cityEconomy:Lorwynne=1	END	reputation=-1		Seguir seu caminho.	NONE	END	xp=2	END	xp=2			NONE	7
EVT_0093	EVERYDAY	COMMON	ANY	Nyssara	Emerald Tide	1	1	100	Um detalhe do caminho	Um vendedor discute com um comprador sobre o preço de uma peça simples.	Ajudar e perguntar o que aconteceu.	stat:PRE>=6	END	xp=3;reputation=1;cityEconomy:Emerald Tide=1	END	reputation=-1		Seguir seu caminho.	NONE	END	xp=2	END	xp=2			NONE	8
EVT_0535	EXPLORATION	COMMON	ANY	Eshmara	Brumas	2	1	100	Um caminho secundário	Um pequeno desvio parece levar a uma construção abandonada.	Examinar rastros e procurar uma explicação.	stat:PER>=7	END	xp=5;flag:investigacao_recente=1	END	fatigue=2;reputation=-1		Evitar riscos desnecessários.	NONE	END	fatigue=-1	END	fatigue=1			NONE	9
EVT_1340	CITY	COMMON	ANY	Myrthos	Sem nome definido	1	1	100	Portas abertas	O mercado central recebe uma remessa incomum de mercadorias.	Investir tempo para resolver o problema.	stat:TEC>=7	END	reputation=2;cityStability:Sem nome definido=1;cityEconomy:Sem nome definido=1;flag:city:Sem nome definido:stabilized=1	END	reputation=-1		Não se envolver.	NONE	END	xp=2;fatigue=1	END	fatigue=1			NONE	10
EVT_1718	UNIQUE	UNIQUE	ANY	Zarim	Fornalia	4	1	1	Oportunidade singular	Você encontra um símbolo que parece não pertencer à religião local.	Investigar o acontecimento.	stat:PER>=8	END	xp=10;flag:unique_seen=1;reputation=2	END	reputation=-1;fatigue=2		Recusar a oportunidade.	NONE	END	reputation=-1	END	fatigue=2			level>=4&!flag:unique_seen	4
EVT_0664	EXPLORATION	COMMON	ANY	Valkyrion	Volmeria	2	1	100	Silêncio na mata	Um brilho incomum aparece entre duas rochas.	Examinar rastros e procurar uma explicação.	stat:PER>=7	END	xp=5;flag:investigacao_recente=1	END	fatigue=2;reputation=-1		Evitar riscos desnecessários.	NONE	END	fatigue=-1	END	fatigue=1			NONE	5
EVT_1499	GUILD	COMMON	ADVENTURER	Lyrien	Aerocivitus	2	1	100	Pedido da Guilda	Um pesquisador procura alguém para coletar amostras de uma região perigosa.	Aceitar o contrato e organizar um plano.	guildRep>=1	END	xp=6;guildRep=1	END	guildRep=-1		Perguntar por um contrato mais simples.	NONE	END	xp=3	END	reputation=-1			NONE	6
EVT_0886	COMBAT	COMMON	ANY	Kethruun	Sandbones	2	1	100	O caminho é interrompido	Os moradores relatam ataques atribuídos a Wraith.	Enfrentar a ameaça.	stat:FOR>=6	END	xp=4;reputation=1	END	hp=-2;fatigue=2	MON_0125	Procurar uma abertura melhor.	stat:AGI>=6	END	xp=3;fatigue=1	END	hp=-1;fatigue=2	MON_0115		NONE	7
EVT_1692	UNIQUE	UNIQUE	ANY	Tharun	Stone-Âmbar	4	1	1	Uma porta que se abre	Uma mensagem sem assinatura anuncia uma oportunidade que só existirá uma vez.	Investigar o acontecimento.	stat:PER>=8	END	xp=10;flag:unique_seen=1;reputation=2	END	reputation=-1;fatigue=2		Recusar a oportunidade.	NONE	END	reputation=-1	END	fatigue=2			level>=4&!flag:unique_seen	8
EVT_1663	UNIQUE	UNIQUE	ANY	Nyssara	Emerald Tide	4	1	1	Acontecimento único	Um desconhecido o chama pelo nome sem explicar como o conhece.	Investigar o acontecimento.	stat:PER>=8	END	xp=10;flag:unique_seen=1;reputation=2	END	reputation=-1;fatigue=2		Recusar a oportunidade.	NONE	END	reputation=-1	END	fatigue=2			level>=4&!flag:unique_seen	9
EVT_0880	COMBAT	COMMON	ANY	Myrthos	Sem nome definido	2	1	100	Um combate inevitável	Os moradores relatam ataques atribuídos a Kraken.	Enfrentar a ameaça.	stat:FOR>=6	END	xp=4;reputation=1	END	hp=-2;fatigue=2	MON_0159	Procurar uma abertura melhor.	stat:AGI>=6	END	xp=3;fatigue=1	END	hp=-1;fatigue=2	MON_0209		NONE	10
EVT_0238	EVERYDAY	COMMON	ANY	Zarim	Fornalia	1	1	100	Uma conversa inesperada	Uma carroça perdeu uma roda no caminho e bloqueou parte da rua.	Ajudar e perguntar o que aconteceu.	stat:PRE>=6	END	xp=3;reputation=1;cityEconomy:Fornalia=1	END	reputation=-1		Seguir seu caminho.	NONE	END	xp=2	END	xp=2			NONE	4
EVT_0869	COMBAT	COMMON	ANY	Lyrien	Aerocivitus	2	1	100	Uma ameaça aparece	Sinais de Bugbear foram encontrados nos arredores.	Enfrentar a ameaça.	stat:FOR>=6	END	xp=4;reputation=1	END	hp=-2;fatigue=2	MON_0178	Procurar uma abertura melhor.	stat:AGI>=6	END	xp=3;fatigue=1	END	hp=-1;fatigue=2	MON_0019		NONE	5
EVT_0021	EVERYDAY	COMMON	ANY	Aeloria	Xandralor	1	1	100	Um detalhe do caminho	Um vendedor discute com um comprador sobre o preço de uma peça simples.	Ajudar e perguntar o que aconteceu.	stat:PRE>=6	END	xp=3;reputation=1;cityEconomy:Xandralor=1	END	reputation=-1		Seguir seu caminho.	NONE	END	xp=2	END	xp=2			NONE	6
EVT_0200	EVERYDAY	COMMON	ANY	Myrthos	Sem nome definido	1	1	100	Uma manhã diferente	O cheiro de pão fresco sai de uma padaria enquanto a cidade desperta.	Ajudar e perguntar o que aconteceu.	stat:PRE>=6	END	xp=3;reputation=1;cityEconomy:Sem nome definido=1	END	reputation=-1		Seguir seu caminho.	NONE	END	xp=2	END	xp=2			NONE	7
EVT_0858	COMBAT	COMMON	ANY	Zarim	Fornalia	2	1	100	O caminho é interrompido	Os moradores relatam ataques atribuídos a Aranha Monstruosa.	Enfrentar a ameaça.	stat:FOR>=6	END	xp=4;reputation=1	END	hp=-2;fatigue=2	MON_0207	Procurar uma abertura melhor.	stat:AGI>=6	END	xp=3;fatigue=1	END	hp=-1;fatigue=2	MON_0107		NONE	8
EVT_1386	GUILD	COMMON	ADVENTURER	Kethruun	Sandbones	2	1	100	Contrato disponível	Um quadro de missões apresenta um contrato envolvendo uma criatura.	Aceitar o contrato e organizar um plano.	guildRep>=1	END	xp=6;guildRep=1	END	guildRep=-1		Perguntar por um contrato mais simples.	NONE	END	xp=3	END	reputation=-1			NONE	9
EVT_1522	GUILD	COMMON	ADVENTURER	Tharun	Stone-Âmbar	2	1	100	Contrato disponível	Um quadro de missões apresenta um contrato envolvendo uma criatura.	Aceitar o contrato e organizar um plano.	guildRep>=1	END	xp=6;guildRep=1	END	guildRep=-1		Perguntar por um contrato mais simples.	NONE	END	xp=3	END	reputation=-1			NONE	10
EVT_1249	CITY	COMMON	ANY	Lyrien	Aerocivitus	1	1	100	Movimento na cidade	Uma oficina anuncia que pode reparar equipamentos danificados.	Investir tempo para resolver o problema.	stat:TEC>=7	END	reputation=2;cityStability:Aerocivitus=1;cityEconomy:Aerocivitus=1;flag:city:Aerocivitus:stabilized=1	END	reputation=-1		Não se envolver.	NONE	END	xp=2;fatigue=1	END	fatigue=1			NONE	4
EVT_0973	COMBAT	COMMON	ANY	Nyssara	Emerald Tide	2	1	100	Uma ameaça aparece	Sinais de Tritão foram encontrados nos arredores.	Enfrentar a ameaça.	stat:FOR>=6	END	xp=4;reputation=1	END	hp=-2;fatigue=2	MON_0242	Procurar uma abertura melhor.	stat:AGI>=6	END	xp=3;fatigue=1	END	hp=-1;fatigue=2	MON_0222		NONE	5
EVT_0850	COMBAT	COMMON	ANY	Myrthos	Sem nome definido	2	1	100	O caminho é interrompido	Os moradores relatam ataques atribuídos a Dragões.	Enfrentar a ameaça.	stat:FOR>=6	END	xp=4;reputation=1	END	hp=-2;fatigue=2	MON_0010	Procurar uma abertura melhor.	stat:AGI>=6	END	xp=3;fatigue=1	END	hp=-1;fatigue=2	MON_0010		NONE	6
EVT_0568	EXPLORATION	COMMON	ANY	Zarim	Fornalia	2	1	100	Silêncio na mata	A trilha adiante termina em pedras antigas cobertas por musgo.	Examinar rastros e procurar uma explicação.	stat:PER>=7	END	xp=5;flag:investigacao_recente=1	END	fatigue=2;reputation=-1		Evitar riscos desnecessários.	NONE	END	fatigue=-1	END	fatigue=1			NONE	7
EVT_1495	GUILD	COMMON	ADVENTURER	Eshmara	Brumas	2	1	100	Pedido da Guilda	Um pesquisador procura alguém para coletar amostras de uma região perigosa.	Aceitar o contrato e organizar um plano.	guildRep>=1	END	xp=6;guildRep=1	END	guildRep=-1		Perguntar por um contrato mais simples.	NONE	END	xp=3	END	reputation=-1			NONE	8
EVT_0898	COMBAT	COMMON	ANY	Zarim	Fornalia	2	1	100	O caminho é interrompido	Os moradores relatam ataques atribuídos a Troll.	Enfrentar a ameaça.	stat:FOR>=6	END	xp=4;reputation=1	END	hp=-2;fatigue=2	MON_0038	Procurar uma abertura melhor.	stat:AGI>=6	END	xp=3;fatigue=1	END	hp=-1;fatigue=2	MON_0097		NONE	9
EVT_0008	EVERYDAY	COMMON	ANY	Zarim	Fornalia	1	1	100	Uma manhã diferente	O cheiro de pão fresco sai de uma padaria enquanto a cidade desperta.	Ajudar e perguntar o que aconteceu.	stat:PRE>=6	END	xp=3;reputation=1;cityEconomy:Fornalia=1	END	reputation=-1		Seguir seu caminho.	NONE	END	xp=2	END	xp=2			NONE	10
EVT_0453	EXPLORATION	COMMON	ANY	Nyssara	Emerald Tide	2	1	100	Algo fora do lugar	A trilha adiante termina em pedras antigas cobertas por musgo.	Examinar rastros e procurar uma explicação.	stat:PER>=7	END	xp=5;flag:investigacao_recente=1	END	fatigue=2;reputation=-1		Evitar riscos desnecessários.	NONE	END	fatigue=-1	END	fatigue=1			NONE	4
EVT_1177	SOCIAL	COMMON	ANY	Orinthal	Crystalia	1	1	100	Uma aproximação	Um estudante conversa sobre técnicas que aprendeu recentemente.	Conversar com calma.	stat:PRE>=7	END	reputation=2;rel:NPC_MIRIEL=1	END	reputation=-1;fatigue=1		Responder de forma direta.	stat:VON>=6	END	reputation=1	END	reputation=1			NONE	5
EVT_0711	COMBAT	COMMON	ANY	Aeloria	Pyrelith	2	1	100	Predador à espreita	Sinais de Gomut foram encontrados nos arredores.	Enfrentar a ameaça.	stat:FOR>=6	END	xp=4;reputation=1	END	hp=-2;fatigue=2	MON_0150	Procurar uma abertura melhor.	stat:AGI>=6	END	xp=3;fatigue=1	END	hp=-1;fatigue=2	MON_0190		NONE	6
EVT_1276	CITY	COMMON	ANY	Kethruun	Sandbones	1	1	100	Portas abertas	Uma oficina anuncia que pode reparar equipamentos danificados.	Investir tempo para resolver o problema.	stat:TEC>=7	END	reputation=2;cityStability:Sandbones=1;cityEconomy:Sandbones=1;flag:city:Sandbones:stabilized=1	END	reputation=-1		Não se envolver.	NONE	END	xp=2;fatigue=1	END	fatigue=1			NONE	7
EVT_0669	EXPLORATION	COMMON	ANY	Lyrien	Aerocivitus	2	1	100	Algo fora do lugar	Um brilho incomum aparece entre duas rochas.	Examinar rastros e procurar uma explicação.	stat:PER>=7	END	xp=5;flag:investigacao_recente=1	END	fatigue=2;reputation=-1		Evitar riscos desnecessários.	NONE	END	fatigue=-1	END	fatigue=1			NONE	8
EVT_0736	COMBAT	COMMON	ANY	Kethruun	Sandbones	2	1	100	Um combate inevitável	Os moradores relatam ataques atribuídos a Treant.	Enfrentar a ameaça.	stat:FOR>=6	END	xp=4;reputation=1	END	hp=-2;fatigue=2	MON_0105	Procurar uma abertura melhor.	stat:AGI>=6	END	xp=3;fatigue=1	END	hp=-1;fatigue=2	MON_0055		NONE	9
EVT_0458	EXPLORATION	COMMON	ANY	Zarim	Fornalia	2	1	100	Rastros na estrada	A trilha adiante termina em pedras antigas cobertas por musgo.	Examinar rastros e procurar uma explicação.	stat:PER>=7	END	xp=5;flag:investigacao_recente=1	END	fatigue=2;reputation=-1		Evitar riscos desnecessários.	NONE	END	fatigue=-1	END	fatigue=1			NONE	10
EVT_1271	CITY	COMMON	ANY	Aeloria	Prismere	1	1	100	Um problema local	O mercado central recebe uma remessa incomum de mercadorias.	Investir tempo para resolver o problema.	stat:TEC>=7	END	reputation=2;cityStability:Prismere=1;cityEconomy:Prismere=1;flag:city:Prismere:stabilized=1	END	reputation=-1		Não se envolver.	NONE	END	xp=2;fatigue=1	END	fatigue=1			NONE	4
EVT_1207	CITY	COMMON	ANY	Orinthal	Crystalia	1	1	100	Um problema local	Uma oficina anuncia que pode reparar equipamentos danificados.	Investir tempo para resolver o problema.	stat:TEC>=7	END	reputation=2;cityStability:Crystalia=1;cityEconomy:Crystalia=1;flag:city:Crystalia:stabilized=1	END	reputation=-1		Não se envolver.	NONE	END	xp=2;fatigue=1	END	fatigue=1			NONE	5
EVT_0592	EXPLORATION	COMMON	ANY	Tharun	Stone-Âmbar	2	1	100	Silêncio na mata	A estrada apresenta sinais de uma caravana que passou às pressas.	Examinar rastros e procurar uma explicação.	stat:PER>=7	END	xp=5;flag:investigacao_recente=1	END	fatigue=2;reputation=-1		Evitar riscos desnecessários.	NONE	END	fatigue=-1	END	fatigue=1			NONE	6
EVT_0584	EXPLORATION	COMMON	ANY	Valkyrion	Volmeria	2	1	100	Silêncio na mata	Um brilho incomum aparece entre duas rochas.	Examinar rastros e procurar uma explicação.	stat:PER>=7	END	xp=5;flag:investigacao_recente=1	END	fatigue=2;reputation=-1		Evitar riscos desnecessários.	NONE	END	fatigue=-1	END	fatigue=1			NONE	7
EVT_0647	EXPLORATION	COMMON	ANY	Orinthal	Crystalia	2	1	100	Um caminho secundário	A estrada apresenta sinais de uma caravana que passou às pressas.	Examinar rastros e procurar uma explicação.	stat:PER>=7	END	xp=5;flag:investigacao_recente=1	END	fatigue=2;reputation=-1		Evitar riscos desnecessários.	NONE	END	fatigue=-1	END	fatigue=1			NONE	8
EVT_0280	EVERYDAY	COMMON	ANY	Myrthos	Sem nome definido	1	1	100	Uma manhã diferente	O cheiro de pão fresco sai de uma padaria enquanto a cidade desperta.	Ajudar e perguntar o que aconteceu.	stat:PRE>=6	END	xp=3;reputation=1;cityEconomy:Sem nome definido=1	END	reputation=-1		Seguir seu caminho.	NONE	END	xp=2	END	xp=2			NONE	9
EVT_1364	GUILD	COMMON	ADVENTURER	Valkyrion	Volmeria	2	1	100	Trabalho anunciado	Um quadro de missões apresenta um contrato envolvendo uma criatura.	Aceitar o contrato e organizar um plano.	guildRep>=1	END	xp=6;guildRep=1	END	guildRep=-1		Perguntar por um contrato mais simples.	NONE	END	xp=3	END	reputation=-1			NONE	10
EVT_1654	UNIQUE	UNIQUE	ANY	Valkyrion	Volmeria	4	1	1	Oportunidade singular	Um desconhecido o chama pelo nome sem explicar como o conhece.	Investigar o acontecimento.	stat:PER>=8	END	xp=10;flag:unique_seen=1;reputation=2	END	reputation=-1;fatigue=2		Recusar a oportunidade.	NONE	END	reputation=-1	END	fatigue=2			level>=4&!flag:unique_seen	4
EVT_0084	EVERYDAY	COMMON	ANY	Valkyrion	Volmeria	1	1	100	Uma manhã diferente	O cheiro de pão fresco sai de uma padaria enquanto a cidade desperta.	Ajudar e perguntar o que aconteceu.	stat:PRE>=6	END	xp=3;reputation=1;cityEconomy:Volmeria=1	END	reputation=-1		Seguir seu caminho.	NONE	END	xp=2	END	xp=2			NONE	5
EVT_0841	COMBAT	COMMON	ANY	Aeloria	Oakmere	2	1	100	Uma ameaça aparece	Sinais de Orc foram encontrados nos arredores.	Enfrentar a ameaça.	stat:FOR>=6	END	xp=4;reputation=1	END	hp=-2;fatigue=2	MON_0031	Procurar uma abertura melhor.	stat:AGI>=6	END	xp=3;fatigue=1	END	hp=-1;fatigue=2	MON_0090		NONE	6
EVT_0935	COMBAT	COMMON	ANY	Eshmara	Brumas	2	1	100	Predador à espreita	Sinais de Hag foram encontrados nos arredores.	Enfrentar a ameaça.	stat:FOR>=6	END	xp=4;reputation=1	END	hp=-2;fatigue=2	MON_0224	Procurar uma abertura melhor.	stat:AGI>=6	END	xp=3;fatigue=1	END	hp=-1;fatigue=2	MON_0164		NONE	7
EVT_0373	EVERYDAY	COMMON	ANY	Nyssara	Emerald Tide	1	1	100	Um detalhe do caminho	Um vendedor discute com um comprador sobre o preço de uma peça simples.	Ajudar e perguntar o que aconteceu.	stat:PRE>=6	END	xp=3;reputation=1;cityEconomy:Emerald Tide=1	END	reputation=-1		Seguir seu caminho.	NONE	END	xp=2	END	xp=2			NONE	8
EVT_1076	SOCIAL	COMMON	ANY	Kethruun	Sandbones	1	1	100	Um pedido pessoal	Um comerciante oferece uma pequena tarefa em troca de confiança.	Conversar com calma.	stat:PRE>=7	END	reputation=2;rel:NPC_MIRIEL=1	END	reputation=-1;fatigue=1		Responder de forma direta.	stat:VON>=6	END	reputation=1	END	reputation=1			NONE	9
EVT_1488	GUILD	COMMON	ADVENTURER	Zarim	Fornalia	2	1	100	Trabalho anunciado	Um quadro de missões apresenta um contrato envolvendo uma criatura.	Aceitar o contrato e organizar um plano.	guildRep>=1	END	xp=6;guildRep=1	END	guildRep=-1		Perguntar por um contrato mais simples.	NONE	END	xp=3	END	reputation=-1			NONE	10
EVT_1183	SOCIAL	COMMON	ANY	Nyssara	Emerald Tide	1	1	100	Uma conversa delicada	Um estudante conversa sobre técnicas que aprendeu recentemente.	Conversar com calma.	stat:PRE>=7	END	reputation=2;rel:NPC_MIRIEL=1	END	reputation=-1;fatigue=1		Responder de forma direta.	stat:VON>=6	END	reputation=1	END	reputation=1			NONE	4
EVT_0603	EXPLORATION	COMMON	ANY	Nyssara	Emerald Tide	2	1	100	Um caminho secundário	A trilha adiante termina em pedras antigas cobertas por musgo.	Examinar rastros e procurar uma explicação.	stat:PER>=7	END	xp=5;flag:investigacao_recente=1	END	fatigue=2;reputation=-1		Evitar riscos desnecessários.	NONE	END	fatigue=-1	END	fatigue=1			NONE	5
EVT_0579	EXPLORATION	COMMON	ANY	Lyrien	Aerocivitus	2	1	100	Um caminho secundário	Um brilho incomum aparece entre duas rochas.	Examinar rastros e procurar uma explicação.	stat:PER>=7	END	xp=5;flag:investigacao_recente=1	END	fatigue=2;reputation=-1		Evitar riscos desnecessários.	NONE	END	fatigue=-1	END	fatigue=1			NONE	6
EVT_0370	EVERYDAY	COMMON	ANY	Myrthos	Sem nome definido	1	1	100	Uma conversa inesperada	Uma carroça perdeu uma roda no caminho e bloqueou parte da rua.	Ajudar e perguntar o que aconteceu.	stat:PRE>=6	END	xp=3;reputation=1;cityEconomy:Sem nome definido=1	END	reputation=-1		Seguir seu caminho.	NONE	END	xp=2	END	xp=2			NONE	7
EVT_1497	GUILD	COMMON	ADVENTURER	Orinthal	Crystalia	2	1	100	Quadro de contratos	Um pesquisador procura alguém para coletar amostras de uma região perigosa.	Aceitar o contrato e organizar um plano.	guildRep>=1	END	xp=6;guildRep=1	END	guildRep=-1		Perguntar por um contrato mais simples.	NONE	END	xp=3	END	reputation=-1			NONE	8
EVT_1150	SOCIAL	COMMON	ANY	Myrthos	Sem nome definido	1	1	100	Alguém reconhece você	Um comerciante oferece uma pequena tarefa em troca de confiança.	Conversar com calma.	stat:PRE>=7	END	reputation=2;rel:NPC_MIRIEL=1	END	reputation=-1;fatigue=1		Responder de forma direta.	stat:VON>=6	END	reputation=1	END	reputation=1			NONE	9
EVT_0961	COMBAT	COMMON	ANY	Aeloria	Valdora	2	1	100	Uma ameaça aparece	Sinais de Mimic foram encontrados nos arredores.	Enfrentar a ameaça.	stat:FOR>=6	END	xp=4;reputation=1	END	hp=-2;fatigue=2	MON_0140	Procurar uma abertura melhor.	stat:AGI>=6	END	xp=3;fatigue=1	END	hp=-1;fatigue=2	MON_0160		NONE	10
EVT_1346	CITY	COMMON	ANY	Kethruun	Sandbones	1	1	100	O mercado hoje	O mercado central recebe uma remessa incomum de mercadorias.	Investir tempo para resolver o problema.	stat:TEC>=7	END	reputation=2;cityStability:Sandbones=1;cityEconomy:Sandbones=1;flag:city:Sandbones:stabilized=1	END	reputation=-1		Não se envolver.	NONE	END	xp=2;fatigue=1	END	fatigue=1			NONE	4
EVT_0770	COMBAT	COMMON	ANY	Myrthos	Sem nome definido	2	1	100	O caminho é interrompido	Os moradores relatam ataques atribuídos a Gigante de Gelo.	Enfrentar a ameaça.	stat:FOR>=6	END	xp=4;reputation=1	END	hp=-2;fatigue=2	MON_0099	Procurar uma abertura melhor.	stat:AGI>=6	END	xp=3;fatigue=1	END	hp=-1;fatigue=2	MON_0030		NONE	5
EVT_1295	CITY	COMMON	ANY	Eshmara	Brumas	1	1	100	Um problema local	O mercado central recebe uma remessa incomum de mercadorias.	Investir tempo para resolver o problema.	stat:TEC>=7	END	reputation=2;cityStability:Brumas=1;cityEconomy:Brumas=1;flag:city:Brumas:stabilized=1	END	reputation=-1		Não se envolver.	NONE	END	xp=2;fatigue=1	END	fatigue=1			NONE	6
EVT_1117	SOCIAL	COMMON	ANY	Orinthal	Crystalia	1	1	100	Uma aproximação	Um estudante conversa sobre técnicas que aprendeu recentemente.	Conversar com calma.	stat:PRE>=7	END	reputation=2;rel:NPC_MIRIEL=1	END	reputation=-1;fatigue=1		Responder de forma direta.	stat:VON>=6	END	reputation=1	END	reputation=1			NONE	7
EVT_1698	UNIQUE	UNIQUE	ANY	Zarim	Fornalia	4	1	1	Oportunidade singular	Uma mensagem sem assinatura anuncia uma oportunidade que só existirá uma vez.	Investigar o acontecimento.	stat:PER>=8	END	xp=10;flag:unique_seen=1;reputation=2	END	reputation=-1;fatigue=2		Recusar a oportunidade.	NONE	END	reputation=-1	END	fatigue=2			level>=4&!flag:unique_seen	8
EVT_1612	RARE	RARE	ANY	Tharun	Stone-Âmbar	4	1	15	Um presságio estranho	Uma porta antiga aparece aberta onde antes havia apenas uma parede.	Seguir a coincidência.	stat:INT>=7	END	xp=8;reputation=1	END	fatigue=2;reputation=-1		Guardar distância.	stat:VON>=6	END	fatigue=1	END	fatigue=1			level>=2	9
EVT_0594	EXPLORATION	COMMON	ANY	Valkyrion	Volmeria	2	1	100	Rastros na estrada	Um brilho incomum aparece entre duas rochas.	Examinar rastros e procurar uma explicação.	stat:PER>=7	END	xp=5;flag:investigacao_recente=1	END	fatigue=2;reputation=-1		Evitar riscos desnecessários.	NONE	END	fatigue=-1	END	fatigue=1			NONE	10
EVT_1567	RARE	RARE	ANY	Orinthal	Crystalia	4	1	15	Uma coincidência rara	Uma porta antiga aparece aberta onde antes havia apenas uma parede.	Seguir a coincidência.	stat:INT>=7	END	xp=8;reputation=1	END	fatigue=2;reputation=-1		Guardar distância.	stat:VON>=6	END	fatigue=1	END	fatigue=1			level>=2	4
EVT_0321	EVERYDAY	COMMON	ANY	Aeloria	Feyndral	1	1	100	Um detalhe do caminho	Um vendedor discute com um comprador sobre o preço de uma peça simples.	Ajudar e perguntar o que aconteceu.	stat:PRE>=6	END	xp=3;reputation=1;cityEconomy:Feyndral=1	END	reputation=-1		Seguir seu caminho.	NONE	END	xp=2	END	xp=2			NONE	5
EVT_0167	EVERYDAY	COMMON	ANY	Orinthal	Crystalia	1	1	100	Um favor simples	Uma chuva repentina transforma a rua em lama.	Ajudar e perguntar o que aconteceu.	stat:PRE>=6	END	xp=3;reputation=1;cityEconomy:Crystalia=1	END	reputation=-1		Seguir seu caminho.	NONE	END	xp=2	END	xp=2			NONE	6
EVT_1631	RARE	RARE	ANY	Aeloria	Ylthmere	4	1	15	Uma coincidência rara	Um viajante fala de uma criatura que ninguém da cidade reconhece.	Seguir a coincidência.	stat:INT>=7	END	xp=8;reputation=1	END	fatigue=2;reputation=-1		Guardar distância.	stat:VON>=6	END	fatigue=1	END	fatigue=1			level>=2	7
EVT_0500	EXPLORATION	COMMON	ANY	Myrthos	Sem nome definido	2	1	100	Silêncio na mata	Um pequeno desvio parece levar a uma construção abandonada.	Examinar rastros e procurar uma explicação.	stat:PER>=7	END	xp=5;flag:investigacao_recente=1	END	fatigue=2;reputation=-1		Evitar riscos desnecessários.	NONE	END	fatigue=-1	END	fatigue=1			NONE	8
EVT_0923	COMBAT	COMMON	ANY	Nyssara	Emerald Tide	2	1	100	Predador à espreita	Sinais de Gomut foram encontrados nos arredores.	Enfrentar a ameaça.	stat:FOR>=6	END	xp=4;reputation=1	END	hp=-2;fatigue=2	MON_0202	Procurar uma abertura melhor.	stat:AGI>=6	END	xp=3;fatigue=1	END	hp=-1;fatigue=2	MON_0102		NONE	9
EVT_0700	EXPLORATION	COMMON	ANY	Myrthos	Sem nome definido	2	1	100	Silêncio na mata	Um pequeno desvio parece levar a uma construção abandonada.	Examinar rastros e procurar uma explicação.	stat:PER>=7	END	xp=5;flag:investigacao_recente=1	END	fatigue=2;reputation=-1		Evitar riscos desnecessários.	NONE	END	fatigue=-1	END	fatigue=1			NONE	10
EVT_0261	EVERYDAY	COMMON	ANY	Aeloria	Zephyrholt	1	1	100	Um detalhe do caminho	Um vendedor discute com um comprador sobre o preço de uma peça simples.	Ajudar e perguntar o que aconteceu.	stat:PRE>=6	END	xp=3;reputation=1;cityEconomy:Zephyrholt=1	END	reputation=-1		Seguir seu caminho.	NONE	END	xp=2	END	xp=2			NONE	4
EVT_1489	GUILD	COMMON	ADVENTURER	Lyrien	Aerocivitus	2	1	100	Quadro de contratos	Um pesquisador procura alguém para coletar amostras de uma região perigosa.	Aceitar o contrato e organizar um plano.	guildRep>=1	END	xp=6;guildRep=1	END	guildRep=-1		Perguntar por um contrato mais simples.	NONE	END	xp=3	END	reputation=-1			NONE	5
EVT_1471	GUILD	COMMON	ADVENTURER	Aeloria	Zorathen	2	1	100	Pedido da Guilda	Um pesquisador procura alguém para coletar amostras de uma região perigosa.	Aceitar o contrato e organizar um plano.	guildRep>=1	END	xp=6;guildRep=1	END	guildRep=-1		Perguntar por um contrato mais simples.	NONE	END	xp=3	END	reputation=-1			NONE	6
EVT_1216	CITY	COMMON	ANY	Kethruun	Sandbones	1	1	100	Portas abertas	Uma oficina anuncia que pode reparar equipamentos danificados.	Investir tempo para resolver o problema.	stat:TEC>=7	END	reputation=2;cityStability:Sandbones=1;cityEconomy:Sandbones=1;flag:city:Sandbones:stabilized=1	END	reputation=-1		Não se envolver.	NONE	END	xp=2;fatigue=1	END	fatigue=1			NONE	7
SQ_01_01	CHAIN	COMMON	ANY	Aeloria	Cindralith	1	1	10	A Velha da Ponte — começo	A Velha da Ponte: um problema aparentemente local se apresenta em Cindralith. Uma escolha agora poderá ecoar por muitos dias.	Aceitar investigar.	stat:PER>=6	SQ_01_02	flag:sq_1_started=1;flag:sq_1_active=1;xp=4	SQ_01_02	flag:sq_1_started=1;flag:sq_1_active=1;fatigue=1		Aceitar pela força da palavra.	stat:PRE>=6	SQ_01_03	flag:sq_1_started=1;flag:sq_1_active=1;reputation=1	SQ_01_03	flag:sq_1_started=1;flag:sq_1_active=1;fatigue=1		STORY_sq_1	!flag:sq_1_started&!flag:sq_1_complete	3
SQ_01_02	CHAIN	COMMON	ANY	Aeloria	Cindralith	1	1	10	A Velha da Ponte — etapa 2	A consequência da etapa anterior se manifesta em Cindralith. O problema exige uma decisão mais cuidadosa; cada solução abre ou fecha possibilidades para os próximos passos.	Investigar a fundo.	stat:INT>=8	SQ_01_03	xp=3;flag:sq_1_helped=1	SQ_01_03	fatigue=2;reputation=-1		Agir rapidamente.	stat:FOR>=6	SQ_01_04	xp=2;fatigue=1;reputation=1;cityThreat:Cindralith=1	SQ_01_04	fatigue=2		STORY_sq_1	flag:sq_1_active	3
SQ_01_03	CHAIN	COMMON	ANY	Aeloria	Cindralith	1	1	10	A Velha da Ponte — etapa 3	A consequência da etapa anterior se manifesta em Cindralith. O problema exige uma decisão mais cuidadosa; cada solução abre ou fecha possibilidades para os próximos passos.	Investigar a fundo.	stat:INT>=6	SQ_01_04	xp=3;flag:sq_1_helped=1	SQ_01_04	fatigue=2;reputation=-1		Agir rapidamente.	stat:FOR>=7	SQ_01_05	xp=2;fatigue=1;reputation=1	SQ_01_05	fatigue=2		STORY_sq_1	flag:sq_1_active	3
SQ_01_04	CHAIN	COMMON	ANY	Aeloria	Cindralith	1	1	10	A Velha da Ponte — etapa 4	A consequência da etapa anterior se manifesta em Cindralith. O problema exige uma decisão mais cuidadosa; cada solução abre ou fecha possibilidades para os próximos passos.	Investigar a fundo.	stat:INT>=7	SQ_01_05	xp=4;flag:sq_1_helped=1	SQ_01_05	fatigue=2;reputation=-1		Agir rapidamente.	stat:FOR>=6	SQ_01_06	xp=2;fatigue=1;reputation=1	SQ_01_06	fatigue=2		STORY_sq_1	flag:sq_1_active	3
SQ_01_05	CHAIN	COMMON	ANY	Aeloria	Cindralith	1	1	10	A Velha da Ponte — etapa 5	A consequência da etapa anterior se manifesta em Cindralith. O problema exige uma decisão mais cuidadosa; cada solução abre ou fecha possibilidades para os próximos passos.	Investigar a fundo.	stat:INT>=8	SQ_01_06	xp=4;flag:sq_1_helped=1;cityStability:Cindralith=1	SQ_01_06	fatigue=2;reputation=-1		Usar uma habilidade específica.	level>=2&skill:ELY_0007	SQ_01_07	xp=3;fatigue=1;reputation=1;item:ITEM_MINERAL=1	SQ_01_07	fatigue=2		STORY_sq_1	flag:sq_1_active	3
SQ_01_06	CHAIN	COMMON	ANY	Aeloria	Cindralith	1	1	10	A Velha da Ponte — etapa 6	A consequência da etapa anterior se manifesta em Cindralith. O problema exige uma decisão mais cuidadosa; cada solução abre ou fecha possibilidades para os próximos passos.	Investigar a fundo.	stat:INT>=6	SQ_01_07	xp=4;flag:sq_1_helped=1	SQ_01_07	fatigue=2;reputation=-1	MON_0012	Agir rapidamente.	stat:FOR>=6	SQ_01_08	xp=3;fatigue=1;reputation=1;cityThreat:Cindralith=1	SQ_01_08	fatigue=2	MON_0019	STORY_sq_1	flag:sq_1_active	3
SQ_01_07	CHAIN	COMMON	ANY	Aeloria	Cindralith	1	1	10	A Velha da Ponte — etapa 7	A consequência da etapa anterior se manifesta em Cindralith. O problema exige uma decisão mais cuidadosa; cada solução abre ou fecha possibilidades para os próximos passos.	Investigar a fundo.	stat:INT>=7	SQ_01_08	xp=4;flag:sq_1_helped=1	SQ_01_08	fatigue=2;reputation=-1		Agir rapidamente.	stat:FOR>=7	SQ_01_09	xp=3;fatigue=1;reputation=1	SQ_01_09	fatigue=2		STORY_sq_1	flag:sq_1_active	3
SQ_01_08	CHAIN	COMMON	ANY	Aeloria	Cindralith	1	1	10	A Velha da Ponte — etapa 8	A consequência da etapa anterior se manifesta em Cindralith. O problema exige uma decisão mais cuidadosa; cada solução abre ou fecha possibilidades para os próximos passos.	Investigar a fundo.	stat:INT>=8	SQ_01_09	xp=5;flag:sq_1_helped=1	SQ_01_09	fatigue=2;reputation=-1		Agir rapidamente.	stat:FOR>=6	SQ_01_10	xp=3;fatigue=1;reputation=1	SQ_01_10	fatigue=2		STORY_sq_1	flag:sq_1_active	3
SQ_01_09	CHAIN	COMMON	ANY	Aeloria	Cindralith	1	1	10	A Velha da Ponte — etapa 9	A consequência da etapa anterior se manifesta em Cindralith. O problema exige uma decisão mais cuidadosa; cada solução abre ou fecha possibilidades para os próximos passos.	Investigar a fundo.	stat:INT>=6	SQ_01_10	xp=5;flag:sq_1_helped=1;cityStability:Cindralith=1	SQ_01_10	fatigue=2;reputation=-1		Agir rapidamente.	stat:FOR>=7	SQ_01_11	xp=3;fatigue=1;reputation=1	SQ_01_11	fatigue=2		STORY_sq_1	flag:sq_1_active	3
SQ_01_10	CHAIN	COMMON	ANY	Aeloria	Cindralith	1	1	10	A Velha da Ponte — etapa 10	A consequência da etapa anterior se manifesta em Cindralith. O problema exige uma decisão mais cuidadosa; cada solução abre ou fecha possibilidades para os próximos passos.	Investigar a fundo.	stat:INT>=7	SQ_01_11	xp=5;flag:sq_1_helped=1	SQ_01_11	fatigue=2;reputation=-1		Usar uma habilidade específica.	level>=2&skill:ELY_0012	SQ_01_12	xp=4;fatigue=1;reputation=1;cityThreat:Cindralith=1;item:ITEM_MINERAL=1	SQ_01_12	fatigue=2		STORY_sq_1	flag:sq_1_active	3
SQ_01_11	CHAIN	COMMON	ANY	Aeloria	Cindralith	1	1	10	A Velha da Ponte — etapa 11	A consequência da etapa anterior se manifesta em Cindralith. O problema exige uma decisão mais cuidadosa; cada solução abre ou fecha possibilidades para os próximos passos.	Investigar a fundo.	stat:INT>=8	SQ_01_12	xp=5;flag:sq_1_helped=1	SQ_01_12	fatigue=2;reputation=-1		Agir rapidamente.	stat:FOR>=7	SQ_01_13	xp=4;fatigue=1;reputation=1	SQ_01_13	fatigue=2		STORY_sq_1	flag:sq_1_active	3
SQ_01_12	CHAIN	COMMON	ANY	Aeloria	Cindralith	1	1	10	A Velha da Ponte — etapa 12	A consequência da etapa anterior se manifesta em Cindralith. O problema exige uma decisão mais cuidadosa; cada solução abre ou fecha possibilidades para os próximos passos.	Investigar a fundo.	stat:INT>=6	SQ_01_13	xp=6;flag:sq_1_helped=1	SQ_01_13	fatigue=2;reputation=-1	MON_0026	Agir rapidamente.	stat:FOR>=6	SQ_01_14	xp=4;fatigue=1;reputation=1	SQ_01_14	fatigue=2	MON_0033	STORY_sq_1	flag:sq_1_active	3
SQ_01_13	CHAIN	COMMON	ANY	Aeloria	Cindralith	1	1	10	A Velha da Ponte — etapa 13	A consequência da etapa anterior se manifesta em Cindralith. O problema exige uma decisão mais cuidadosa; cada solução abre ou fecha possibilidades para os próximos passos.	Investigar a fundo.	stat:INT>=7	SQ_01_14	xp=6;flag:sq_1_helped=1;cityStability:Cindralith=1	SQ_01_14	fatigue=2;reputation=-1		Agir rapidamente.	stat:FOR>=7	SQ_01_15	xp=4;fatigue=1;reputation=1	SQ_01_15	fatigue=2		STORY_sq_1	flag:sq_1_active	3
SQ_01_14	CHAIN	COMMON	ANY	Aeloria	Cindralith	1	1	10	A Velha da Ponte — etapa 14	A consequência da etapa anterior se manifesta em Cindralith. O problema exige uma decisão mais cuidadosa; cada solução abre ou fecha possibilidades para os próximos passos.	Investigar a fundo.	stat:INT>=8	SQ_01_15	xp=6;flag:sq_1_helped=1	SQ_01_15	fatigue=2;reputation=-1		Agir rapidamente.	stat:FOR>=6	SQ_01_16	xp=4;fatigue=1;reputation=1;cityThreat:Cindralith=1	SQ_01_16	fatigue=2		STORY_sq_1	flag:sq_1_active	3
SQ_01_15	CHAIN	COMMON	ANY	Aeloria	Cindralith	1	1	10	A Velha da Ponte — etapa 15	A consequência da etapa anterior se manifesta em Cindralith. O problema exige uma decisão mais cuidadosa; cada solução abre ou fecha possibilidades para os próximos passos.	Investigar a fundo.	stat:INT>=6	SQ_01_16	xp=6;flag:sq_1_helped=1	SQ_01_16	fatigue=2;reputation=-1		Usar uma habilidade específica.	level>=2&skill:ELY_0017	SQ_01_17	xp=5;fatigue=1;reputation=1;item:ITEM_MINERAL=1	SQ_01_17	fatigue=2		STORY_sq_1	flag:sq_1_active	3
SQ_01_16	CHAIN	COMMON	ANY	Aeloria	Cindralith	1	1	10	A Velha da Ponte — etapa 16	A consequência da etapa anterior se manifesta em Cindralith. O problema exige uma decisão mais cuidadosa; cada solução abre ou fecha possibilidades para os próximos passos.	Investigar a fundo.	stat:INT>=7	SQ_01_17	xp=7;flag:sq_1_helped=1	SQ_01_17	fatigue=2;reputation=-1		Agir rapidamente.	stat:FOR>=6	SQ_01_18	xp=5;fatigue=1;reputation=1	SQ_01_18	fatigue=2		STORY_sq_1	flag:sq_1_active	3
SQ_01_17	CHAIN	COMMON	ANY	Aeloria	Cindralith	1	1	10	A Velha da Ponte — etapa 17	A consequência da etapa anterior se manifesta em Cindralith. O problema exige uma decisão mais cuidadosa; cada solução abre ou fecha possibilidades para os próximos passos.	Investigar a fundo.	stat:INT>=8	SQ_01_18	xp=7;flag:sq_1_helped=1;cityStability:Cindralith=1	SQ_01_18	fatigue=2;reputation=-1	MON_0035	Agir rapidamente.	stat:FOR>=7	SQ_01_19	xp=5;fatigue=1;reputation=1	SQ_01_19	fatigue=2	MON_0042	STORY_sq_1	flag:sq_1_active	3
SQ_01_18	CHAIN	COMMON	ANY	Aeloria	Cindralith	1	1	10	A Velha da Ponte — etapa 18	A consequência da etapa anterior se manifesta em Cindralith. O problema exige uma decisão mais cuidadosa; cada solução abre ou fecha possibilidades para os próximos passos.	Investigar a fundo.	stat:INT>=6	SQ_01_19	xp=7;flag:sq_1_helped=1	SQ_01_19	fatigue=2;reputation=-1		Agir rapidamente.	stat:FOR>=6	SQ_01_20	xp=5;fatigue=1;reputation=1;cityThreat:Cindralith=1	SQ_01_20	fatigue=2		STORY_sq_1	flag:sq_1_active	3
SQ_01_19	CHAIN	COMMON	ANY	Aeloria	Cindralith	1	1	10	A Velha da Ponte — etapa 19	A consequência da etapa anterior se manifesta em Cindralith. O problema exige uma decisão mais cuidadosa; cada solução abre ou fecha possibilidades para os próximos passos.	Investigar a fundo.	stat:INT>=7	SQ_01_20	xp=7;flag:sq_1_helped=1	SQ_01_20	fatigue=2;reputation=-1		Agir rapidamente.	stat:FOR>=7	SQ_01_20	xp=5;fatigue=1;reputation=1	SQ_01_20	fatigue=2		STORY_sq_1	flag:sq_1_active	3
SQ_01_20	CHAIN	COMMON	ANY	Aeloria	Cindralith	1	1	10	A Velha da Ponte — legado	O caso termina, mas a região não esquece. Dependendo das decisões anteriores, uma nova oportunidade ou uma nova dificuldade ficará disponível futuramente.	Encerrar e seguir viagem.	NONE	END	xp=18;gold=18;unflag:sq_1_active;flag:sq_1_complete=1;cityStability:Cindralith=1	END	fatigue=2;reputation=-1		Manter os contatos.	flag:sq_1_helped	END	xp=24;gold=10;reputation=4;rel:NPC_MIRIEL=3;unflag:sq_1_active;flag:sq_1_complete=1;flag:sq_1_contact=1;cityEconomy:Cindralith=2	END	fatigue=2		STORY_sq_1	flag:sq_1_active	3
SQ_02_01	CHAIN	COMMON	ADVENTURER	Tharun	Stone-Âmbar	1	1	10	O Contrato Rasgado — começo	O Contrato Rasgado: um problema aparentemente local se apresenta em Stone-Âmbar. Uma escolha agora poderá ecoar por muitos dias.	Aceitar investigar.	stat:PER>=6	SQ_02_02	flag:sq_2_started=1;flag:sq_2_active=1;xp=4	SQ_02_02	flag:sq_2_started=1;flag:sq_2_active=1;fatigue=1		Aceitar pela força da palavra.	stat:PRE>=6	SQ_02_03	flag:sq_2_started=1;flag:sq_2_active=1;reputation=1	SQ_02_03	flag:sq_2_started=1;flag:sq_2_active=1;fatigue=1		STORY_sq_2	!flag:sq_2_started&!flag:sq_2_complete	3
SQ_02_02	CHAIN	COMMON	ADVENTURER	Tharun	Stone-Âmbar	1	1	10	O Contrato Rasgado — etapa 2	A consequência da etapa anterior se manifesta em Stone-Âmbar. O problema exige uma decisão mais cuidadosa; cada solução abre ou fecha possibilidades para os próximos passos.	Investigar a fundo.	stat:INT>=8	SQ_02_03	xp=3;flag:sq_2_helped=1	SQ_02_03	fatigue=2;reputation=-1		Agir rapidamente.	stat:FOR>=6	SQ_02_04	xp=2;fatigue=1;reputation=1;cityThreat:Stone-Âmbar=1	SQ_02_04	fatigue=2		STORY_sq_2	flag:sq_2_active	3
SQ_02_03	CHAIN	COMMON	ADVENTURER	Tharun	Stone-Âmbar	1	1	10	O Contrato Rasgado — etapa 3	A consequência da etapa anterior se manifesta em Stone-Âmbar. O problema exige uma decisão mais cuidadosa; cada solução abre ou fecha possibilidades para os próximos passos.	Investigar a fundo.	stat:INT>=6	SQ_02_04	xp=3;flag:sq_2_helped=1	SQ_02_04	fatigue=2;reputation=-1		Agir rapidamente.	stat:FOR>=7	SQ_02_05	xp=2;fatigue=1;reputation=1	SQ_02_05	fatigue=2		STORY_sq_2	flag:sq_2_active	3
SQ_02_04	CHAIN	COMMON	ADVENTURER	Tharun	Stone-Âmbar	1	1	10	O Contrato Rasgado — etapa 4	A consequência da etapa anterior se manifesta em Stone-Âmbar. O problema exige uma decisão mais cuidadosa; cada solução abre ou fecha possibilidades para os próximos passos.	Investigar a fundo.	stat:INT>=7	SQ_02_05	xp=4;flag:sq_2_helped=1	SQ_02_05	fatigue=2;reputation=-1		Agir rapidamente.	stat:FOR>=6	SQ_02_06	xp=2;fatigue=1;reputation=1	SQ_02_06	fatigue=2		STORY_sq_2	flag:sq_2_active	3
SQ_02_05	CHAIN	COMMON	ADVENTURER	Tharun	Stone-Âmbar	1	1	10	O Contrato Rasgado — etapa 5	A consequência da etapa anterior se manifesta em Stone-Âmbar. O problema exige uma decisão mais cuidadosa; cada solução abre ou fecha possibilidades para os próximos passos.	Investigar a fundo.	stat:INT>=8	SQ_02_06	xp=4;flag:sq_2_helped=1;cityStability:Stone-Âmbar=1	SQ_02_06	fatigue=2;reputation=-1		Usar uma habilidade específica.	level>=2&skill:ELY_0008	SQ_02_07	xp=3;fatigue=1;reputation=1;item:ITEM_MINERAL=1	SQ_02_07	fatigue=2		STORY_sq_2	flag:sq_2_active	3
SQ_02_06	CHAIN	COMMON	ADVENTURER	Tharun	Stone-Âmbar	1	1	10	O Contrato Rasgado — etapa 6	A consequência da etapa anterior se manifesta em Stone-Âmbar. O problema exige uma decisão mais cuidadosa; cada solução abre ou fecha possibilidades para os próximos passos.	Investigar a fundo.	stat:INT>=6	SQ_02_07	xp=4;flag:sq_2_helped=1	SQ_02_07	fatigue=2;reputation=-1	MON_0012	Agir rapidamente.	stat:FOR>=6	SQ_02_08	xp=3;fatigue=1;reputation=1;cityThreat:Stone-Âmbar=1	SQ_02_08	fatigue=2	MON_0018	STORY_sq_2	flag:sq_2_active	3
SQ_02_07	CHAIN	COMMON	ADVENTURER	Tharun	Stone-Âmbar	1	1	10	O Contrato Rasgado — etapa 7	A consequência da etapa anterior se manifesta em Stone-Âmbar. O problema exige uma decisão mais cuidadosa; cada solução abre ou fecha possibilidades para os próximos passos.	Investigar a fundo.	stat:INT>=7	SQ_02_08	xp=4;flag:sq_2_helped=1	SQ_02_08	fatigue=2;reputation=-1		Agir rapidamente.	stat:FOR>=7	SQ_02_09	xp=3;fatigue=1;reputation=1	SQ_02_09	fatigue=2		STORY_sq_2	flag:sq_2_active	3
SQ_02_08	CHAIN	COMMON	ADVENTURER	Tharun	Stone-Âmbar	1	1	10	O Contrato Rasgado — etapa 8	A consequência da etapa anterior se manifesta em Stone-Âmbar. O problema exige uma decisão mais cuidadosa; cada solução abre ou fecha possibilidades para os próximos passos.	Investigar a fundo.	stat:INT>=8	SQ_02_09	xp=5;flag:sq_2_helped=1	SQ_02_09	fatigue=2;reputation=-1		Agir rapidamente.	stat:FOR>=6	SQ_02_10	xp=3;fatigue=1;reputation=1	SQ_02_10	fatigue=2		STORY_sq_2	flag:sq_2_active	3
SQ_02_09	CHAIN	COMMON	ADVENTURER	Tharun	Stone-Âmbar	1	1	10	O Contrato Rasgado — etapa 9	A consequência da etapa anterior se manifesta em Stone-Âmbar. O problema exige uma decisão mais cuidadosa; cada solução abre ou fecha possibilidades para os próximos passos.	Investigar a fundo.	stat:INT>=6	SQ_02_10	xp=5;flag:sq_2_helped=1;cityStability:Stone-Âmbar=1	SQ_02_10	fatigue=2;reputation=-1		Agir rapidamente.	stat:FOR>=7	SQ_02_11	xp=3;fatigue=1;reputation=1	SQ_02_11	fatigue=2		STORY_sq_2	flag:sq_2_active	3
SQ_02_10	CHAIN	COMMON	ADVENTURER	Tharun	Stone-Âmbar	1	1	10	O Contrato Rasgado — etapa 10	A consequência da etapa anterior se manifesta em Stone-Âmbar. O problema exige uma decisão mais cuidadosa; cada solução abre ou fecha possibilidades para os próximos passos.	Investigar a fundo.	stat:INT>=7	SQ_02_11	xp=5;flag:sq_2_helped=1	SQ_02_11	fatigue=2;reputation=-1		Usar uma habilidade específica.	level>=2&skill:ELY_0013	SQ_02_12	xp=4;fatigue=1;reputation=1;cityThreat:Stone-Âmbar=1;item:ITEM_MINERAL=1	SQ_02_12	fatigue=2		STORY_sq_2	flag:sq_2_active	3
SQ_02_11	CHAIN	COMMON	ADVENTURER	Tharun	Stone-Âmbar	1	1	10	O Contrato Rasgado — etapa 11	A consequência da etapa anterior se manifesta em Stone-Âmbar. O problema exige uma decisão mais cuidadosa; cada solução abre ou fecha possibilidades para os próximos passos.	Investigar a fundo.	stat:INT>=8	SQ_02_12	xp=5;flag:sq_2_helped=1	SQ_02_12	fatigue=2;reputation=-1		Agir rapidamente.	stat:FOR>=7	SQ_02_13	xp=4;fatigue=1;reputation=1	SQ_02_13	fatigue=2		STORY_sq_2	flag:sq_2_active	3
SQ_02_12	CHAIN	COMMON	ADVENTURER	Tharun	Stone-Âmbar	1	1	10	O Contrato Rasgado — etapa 12	A consequência da etapa anterior se manifesta em Stone-Âmbar. O problema exige uma decisão mais cuidadosa; cada solução abre ou fecha possibilidades para os próximos passos.	Investigar a fundo.	stat:INT>=6	SQ_02_13	xp=6;flag:sq_2_helped=1	SQ_02_13	fatigue=2;reputation=-1	MON_0021	Agir rapidamente.	stat:FOR>=6	SQ_02_14	xp=4;fatigue=1;reputation=1	SQ_02_14	fatigue=2	MON_0027	STORY_sq_2	flag:sq_2_active	3
SQ_02_13	CHAIN	COMMON	ADVENTURER	Tharun	Stone-Âmbar	1	1	10	O Contrato Rasgado — etapa 13	A consequência da etapa anterior se manifesta em Stone-Âmbar. O problema exige uma decisão mais cuidadosa; cada solução abre ou fecha possibilidades para os próximos passos.	Investigar a fundo.	stat:INT>=7	SQ_02_14	xp=6;flag:sq_2_helped=1;cityStability:Stone-Âmbar=1	SQ_02_14	fatigue=2;reputation=-1		Agir rapidamente.	stat:FOR>=7	SQ_02_15	xp=4;fatigue=1;reputation=1	SQ_02_15	fatigue=2		STORY_sq_2	flag:sq_2_active	3
SQ_02_14	CHAIN	COMMON	ADVENTURER	Tharun	Stone-Âmbar	1	1	10	O Contrato Rasgado — etapa 14	A consequência da etapa anterior se manifesta em Stone-Âmbar. O problema exige uma decisão mais cuidadosa; cada solução abre ou fecha possibilidades para os próximos passos.	Investigar a fundo.	stat:INT>=8	SQ_02_15	xp=6;flag:sq_2_helped=1	SQ_02_15	fatigue=2;reputation=-1		Agir rapidamente.	stat:FOR>=6	SQ_02_16	xp=4;fatigue=1;reputation=1;cityThreat:Stone-Âmbar=1	SQ_02_16	fatigue=2		STORY_sq_2	flag:sq_2_active	3
SQ_02_15	CHAIN	COMMON	ADVENTURER	Tharun	Stone-Âmbar	1	1	10	O Contrato Rasgado — etapa 15	A consequência da etapa anterior se manifesta em Stone-Âmbar. O problema exige uma decisão mais cuidadosa; cada solução abre ou fecha possibilidades para os próximos passos.	Investigar a fundo.	stat:INT>=6	SQ_02_16	xp=6;flag:sq_2_helped=1	SQ_02_16	fatigue=2;reputation=-1		Usar uma habilidade específica.	level>=2&skill:ELY_0018	SQ_02_17	xp=5;fatigue=1;reputation=1;item:ITEM_MINERAL=1	SQ_02_17	fatigue=2		STORY_sq_2	flag:sq_2_active	3
SQ_02_16	CHAIN	COMMON	ADVENTURER	Tharun	Stone-Âmbar	1	1	10	O Contrato Rasgado — etapa 16	A consequência da etapa anterior se manifesta em Stone-Âmbar. O problema exige uma decisão mais cuidadosa; cada solução abre ou fecha possibilidades para os próximos passos.	Investigar a fundo.	stat:INT>=7	SQ_02_17	xp=7;flag:sq_2_helped=1	SQ_02_17	fatigue=2;reputation=-1		Agir rapidamente.	stat:FOR>=6	SQ_02_18	xp=5;fatigue=1;reputation=1	SQ_02_18	fatigue=2		STORY_sq_2	flag:sq_2_active	3
SQ_02_17	CHAIN	COMMON	ADVENTURER	Tharun	Stone-Âmbar	1	1	10	O Contrato Rasgado — etapa 17	A consequência da etapa anterior se manifesta em Stone-Âmbar. O problema exige uma decisão mais cuidadosa; cada solução abre ou fecha possibilidades para os próximos passos.	Investigar a fundo.	stat:INT>=8	SQ_02_18	xp=7;flag:sq_2_helped=1;cityStability:Stone-Âmbar=1	SQ_02_18	fatigue=2;reputation=-1	MON_0029	Agir rapidamente.	stat:FOR>=7	SQ_02_19	xp=5;fatigue=1;reputation=1	SQ_02_19	fatigue=2	MON_0035	STORY_sq_2	flag:sq_2_active	3
SQ_02_18	CHAIN	COMMON	ADVENTURER	Tharun	Stone-Âmbar	1	1	10	O Contrato Rasgado — etapa 18	A consequência da etapa anterior se manifesta em Stone-Âmbar. O problema exige uma decisão mais cuidadosa; cada solução abre ou fecha possibilidades para os próximos passos.	Investigar a fundo.	stat:INT>=6	SQ_02_19	xp=7;flag:sq_2_helped=1	SQ_02_19	fatigue=2;reputation=-1		Agir rapidamente.	stat:FOR>=6	SQ_02_20	xp=5;fatigue=1;reputation=1;cityThreat:Stone-Âmbar=1	SQ_02_20	fatigue=2		STORY_sq_2	flag:sq_2_active	3
SQ_02_19	CHAIN	COMMON	ADVENTURER	Tharun	Stone-Âmbar	1	1	10	O Contrato Rasgado — etapa 19	A consequência da etapa anterior se manifesta em Stone-Âmbar. O problema exige uma decisão mais cuidadosa; cada solução abre ou fecha possibilidades para os próximos passos.	Investigar a fundo.	stat:INT>=7	SQ_02_20	xp=7;flag:sq_2_helped=1	SQ_02_20	fatigue=2;reputation=-1		Agir rapidamente.	stat:FOR>=7	SQ_02_20	xp=5;fatigue=1;reputation=1	SQ_02_20	fatigue=2		STORY_sq_2	flag:sq_2_active	3
SQ_02_20	CHAIN	COMMON	ADVENTURER	Tharun	Stone-Âmbar	1	1	10	O Contrato Rasgado — legado	O caso termina, mas a região não esquece. Dependendo das decisões anteriores, uma nova oportunidade ou uma nova dificuldade ficará disponível futuramente.	Encerrar e seguir viagem.	NONE	END	xp=18;gold=18;unflag:sq_2_active;flag:sq_2_complete=1;cityStability:Stone-Âmbar=1	END	fatigue=2;reputation=-1		Manter os contatos.	flag:sq_2_helped	END	xp=24;gold=10;reputation=4;rel:NPC_MIRIEL=3;unflag:sq_2_active;flag:sq_2_complete=1;flag:sq_2_contact=1;cityEconomy:Stone-Âmbar=2	END	fatigue=2		STORY_sq_2	flag:sq_2_active	3
SQ_03_01	CHAIN	COMMON	VALARYN	Nyssara	Emerald Tide	1	1	10	As Pegadas do Brejo — começo	As Pegadas do Brejo: um problema aparentemente local se apresenta em Emerald Tide. Uma escolha agora poderá ecoar por muitos dias.	Aceitar investigar.	stat:PER>=6	SQ_03_02	flag:sq_3_started=1;flag:sq_3_active=1;xp=4	SQ_03_02	flag:sq_3_started=1;flag:sq_3_active=1;fatigue=1		Aceitar pela força da palavra.	stat:PRE>=6	SQ_03_03	flag:sq_3_started=1;flag:sq_3_active=1;reputation=1	SQ_03_03	flag:sq_3_started=1;flag:sq_3_active=1;fatigue=1		STORY_sq_3	!flag:sq_3_started&!flag:sq_3_complete	3
SQ_03_02	CHAIN	COMMON	VALARYN	Nyssara	Emerald Tide	1	1	10	As Pegadas do Brejo — etapa 2	A consequência da etapa anterior se manifesta em Emerald Tide. O problema exige uma decisão mais cuidadosa; cada solução abre ou fecha possibilidades para os próximos passos.	Investigar a fundo.	stat:INT>=8	SQ_03_03	xp=3;flag:sq_3_helped=1	SQ_03_03	fatigue=2;reputation=-1		Agir rapidamente.	stat:FOR>=6	SQ_03_04	xp=2;fatigue=1;reputation=1;cityThreat:Emerald Tide=1	SQ_03_04	fatigue=2		STORY_sq_3	flag:sq_3_active	3
SQ_03_03	CHAIN	COMMON	VALARYN	Nyssara	Emerald Tide	1	1	10	As Pegadas do Brejo — etapa 3	A consequência da etapa anterior se manifesta em Emerald Tide. O problema exige uma decisão mais cuidadosa; cada solução abre ou fecha possibilidades para os próximos passos.	Investigar a fundo.	stat:INT>=6	SQ_03_04	xp=3;flag:sq_3_helped=1	SQ_03_04	fatigue=2;reputation=-1		Agir rapidamente.	stat:FOR>=7	SQ_03_05	xp=2;fatigue=1;reputation=1	SQ_03_05	fatigue=2		STORY_sq_3	flag:sq_3_active	3
SQ_03_04	CHAIN	COMMON	VALARYN	Nyssara	Emerald Tide	1	1	10	As Pegadas do Brejo — etapa 4	A consequência da etapa anterior se manifesta em Emerald Tide. O problema exige uma decisão mais cuidadosa; cada solução abre ou fecha possibilidades para os próximos passos.	Investigar a fundo.	stat:INT>=7	SQ_03_05	xp=4;flag:sq_3_helped=1	SQ_03_05	fatigue=2;reputation=-1		Agir rapidamente.	stat:FOR>=6	SQ_03_06	xp=2;fatigue=1;reputation=1	SQ_03_06	fatigue=2		STORY_sq_3	flag:sq_3_active	3
SQ_03_05	CHAIN	COMMON	VALARYN	Nyssara	Emerald Tide	1	1	10	As Pegadas do Brejo — etapa 5	A consequência da etapa anterior se manifesta em Emerald Tide. O problema exige uma decisão mais cuidadosa; cada solução abre ou fecha possibilidades para os próximos passos.	Investigar a fundo.	stat:INT>=8	SQ_03_06	xp=4;flag:sq_3_helped=1;cityStability:Emerald Tide=1	SQ_03_06	fatigue=2;reputation=-1		Usar uma habilidade específica.	level>=2&skill:ELY_0009	SQ_03_07	xp=3;fatigue=1;reputation=1;item:ITEM_MINERAL=1	SQ_03_07	fatigue=2		STORY_sq_3	flag:sq_3_active	3
SQ_03_06	CHAIN	COMMON	VALARYN	Nyssara	Emerald Tide	1	1	10	As Pegadas do Brejo — etapa 6	A consequência da etapa anterior se manifesta em Emerald Tide. O problema exige uma decisão mais cuidadosa; cada solução abre ou fecha possibilidades para os próximos passos.	Investigar a fundo.	stat:INT>=6	SQ_03_07	xp=4;flag:sq_3_helped=1	SQ_03_07	fatigue=2;reputation=-1	MON_0012	Agir rapidamente.	stat:FOR>=6	SQ_03_08	xp=3;fatigue=1;reputation=1;cityThreat:Emerald Tide=1	SQ_03_08	fatigue=2	MON_0017	STORY_sq_3	flag:sq_3_active	3
SQ_03_07	CHAIN	COMMON	VALARYN	Nyssara	Emerald Tide	1	1	10	As Pegadas do Brejo — etapa 7	A consequência da etapa anterior se manifesta em Emerald Tide. O problema exige uma decisão mais cuidadosa; cada solução abre ou fecha possibilidades para os próximos passos.	Investigar a fundo.	stat:INT>=7	SQ_03_08	xp=4;flag:sq_3_helped=1	SQ_03_08	fatigue=2;reputation=-1		Agir rapidamente.	stat:FOR>=7	SQ_03_09	xp=3;fatigue=1;reputation=1	SQ_03_09	fatigue=2		STORY_sq_3	flag:sq_3_active	3
SQ_03_08	CHAIN	COMMON	VALARYN	Nyssara	Emerald Tide	1	1	10	As Pegadas do Brejo — etapa 8	A consequência da etapa anterior se manifesta em Emerald Tide. O problema exige uma decisão mais cuidadosa; cada solução abre ou fecha possibilidades para os próximos passos.	Investigar a fundo.	stat:INT>=8	SQ_03_09	xp=5;flag:sq_3_helped=1	SQ_03_09	fatigue=2;reputation=-1		Agir rapidamente.	stat:FOR>=6	SQ_03_10	xp=3;fatigue=1;reputation=1	SQ_03_10	fatigue=2		STORY_sq_3	flag:sq_3_active	3
SQ_03_09	CHAIN	COMMON	VALARYN	Nyssara	Emerald Tide	1	1	10	As Pegadas do Brejo — etapa 9	A consequência da etapa anterior se manifesta em Emerald Tide. O problema exige uma decisão mais cuidadosa; cada solução abre ou fecha possibilidades para os próximos passos.	Investigar a fundo.	stat:INT>=6	SQ_03_10	xp=5;flag:sq_3_helped=1;cityStability:Emerald Tide=1	SQ_03_10	fatigue=2;reputation=-1		Agir rapidamente.	stat:FOR>=7	SQ_03_11	xp=3;fatigue=1;reputation=1	SQ_03_11	fatigue=2		STORY_sq_3	flag:sq_3_active	3
SQ_03_10	CHAIN	COMMON	VALARYN	Nyssara	Emerald Tide	1	1	10	As Pegadas do Brejo — etapa 10	A consequência da etapa anterior se manifesta em Emerald Tide. O problema exige uma decisão mais cuidadosa; cada solução abre ou fecha possibilidades para os próximos passos.	Investigar a fundo.	stat:INT>=7	SQ_03_11	xp=5;flag:sq_3_helped=1	SQ_03_11	fatigue=2;reputation=-1		Usar uma habilidade específica.	level>=2&skill:ELY_0014	SQ_03_12	xp=4;fatigue=1;reputation=1;cityThreat:Emerald Tide=1;item:ITEM_MINERAL=1	SQ_03_12	fatigue=2		STORY_sq_3	flag:sq_3_active	3
SQ_03_11	CHAIN	COMMON	VALARYN	Nyssara	Emerald Tide	1	1	10	As Pegadas do Brejo — etapa 11	A consequência da etapa anterior se manifesta em Emerald Tide. O problema exige uma decisão mais cuidadosa; cada solução abre ou fecha possibilidades para os próximos passos.	Investigar a fundo.	stat:INT>=8	SQ_03_12	xp=5;flag:sq_3_helped=1	SQ_03_12	fatigue=2;reputation=-1		Agir rapidamente.	stat:FOR>=7	SQ_03_13	xp=4;fatigue=1;reputation=1	SQ_03_13	fatigue=2		STORY_sq_3	flag:sq_3_active	3
SQ_03_12	CHAIN	COMMON	VALARYN	Nyssara	Emerald Tide	1	1	10	As Pegadas do Brejo — etapa 12	A consequência da etapa anterior se manifesta em Emerald Tide. O problema exige uma decisão mais cuidadosa; cada solução abre ou fecha possibilidades para os próximos passos.	Investigar a fundo.	stat:INT>=6	SQ_03_13	xp=6;flag:sq_3_helped=1	SQ_03_13	fatigue=2;reputation=-1	MON_0020	Agir rapidamente.	stat:FOR>=6	SQ_03_14	xp=4;fatigue=1;reputation=1	SQ_03_14	fatigue=2	MON_0025	STORY_sq_3	flag:sq_3_active	3
SQ_03_13	CHAIN	COMMON	VALARYN	Nyssara	Emerald Tide	1	1	10	As Pegadas do Brejo — etapa 13	A consequência da etapa anterior se manifesta em Emerald Tide. O problema exige uma decisão mais cuidadosa; cada solução abre ou fecha possibilidades para os próximos passos.	Investigar a fundo.	stat:INT>=7	SQ_03_14	xp=6;flag:sq_3_helped=1;cityStability:Emerald Tide=1	SQ_03_14	fatigue=2;reputation=-1		Agir rapidamente.	stat:FOR>=7	SQ_03_15	xp=4;fatigue=1;reputation=1	SQ_03_15	fatigue=2		STORY_sq_3	flag:sq_3_active	3
SQ_03_14	CHAIN	COMMON	VALARYN	Nyssara	Emerald Tide	1	1	10	As Pegadas do Brejo — etapa 14	A consequência da etapa anterior se manifesta em Emerald Tide. O problema exige uma decisão mais cuidadosa; cada solução abre ou fecha possibilidades para os próximos passos.	Investigar a fundo.	stat:INT>=8	SQ_03_15	xp=6;flag:sq_3_helped=1	SQ_03_15	fatigue=2;reputation=-1		Agir rapidamente.	stat:FOR>=6	SQ_03_16	xp=4;fatigue=1;reputation=1;cityThreat:Emerald Tide=1	SQ_03_16	fatigue=2		STORY_sq_3	flag:sq_3_active	3
SQ_03_15	CHAIN	COMMON	VALARYN	Nyssara	Emerald Tide	1	1	10	As Pegadas do Brejo — etapa 15	A consequência da etapa anterior se manifesta em Emerald Tide. O problema exige uma decisão mais cuidadosa; cada solução abre ou fecha possibilidades para os próximos passos.	Investigar a fundo.	stat:INT>=6	SQ_03_16	xp=6;flag:sq_3_helped=1	SQ_03_16	fatigue=2;reputation=-1		Usar uma habilidade específica.	level>=2&skill:ELY_0019	SQ_03_17	xp=5;fatigue=1;reputation=1;item:ITEM_MINERAL=1	SQ_03_17	fatigue=2		STORY_sq_3	flag:sq_3_active	3
SQ_03_16	CHAIN	COMMON	VALARYN	Nyssara	Emerald Tide	1	1	10	As Pegadas do Brejo — etapa 16	A consequência da etapa anterior se manifesta em Emerald Tide. O problema exige uma decisão mais cuidadosa; cada solução abre ou fecha possibilidades para os próximos passos.	Investigar a fundo.	stat:INT>=7	SQ_03_17	xp=7;flag:sq_3_helped=1	SQ_03_17	fatigue=2;reputation=-1		Agir rapidamente.	stat:FOR>=6	SQ_03_18	xp=5;fatigue=1;reputation=1	SQ_03_18	fatigue=2		STORY_sq_3	flag:sq_3_active	3
SQ_03_17	CHAIN	COMMON	VALARYN	Nyssara	Emerald Tide	1	1	10	As Pegadas do Brejo — etapa 17	A consequência da etapa anterior se manifesta em Emerald Tide. O problema exige uma decisão mais cuidadosa; cada solução abre ou fecha possibilidades para os próximos passos.	Investigar a fundo.	stat:INT>=8	SQ_03_18	xp=7;flag:sq_3_helped=1;cityStability:Emerald Tide=1	SQ_03_18	fatigue=2;reputation=-1	MON_0027	Agir rapidamente.	stat:FOR>=7	SQ_03_19	xp=5;fatigue=1;reputation=1	SQ_03_19	fatigue=2	MON_0030	STORY_sq_3	flag:sq_3_active	3
SQ_03_18	CHAIN	COMMON	VALARYN	Nyssara	Emerald Tide	1	1	10	As Pegadas do Brejo — etapa 18	A consequência da etapa anterior se manifesta em Emerald Tide. O problema exige uma decisão mais cuidadosa; cada solução abre ou fecha possibilidades para os próximos passos.	Investigar a fundo.	stat:INT>=6	SQ_03_19	xp=7;flag:sq_3_helped=1	SQ_03_19	fatigue=2;reputation=-1		Agir rapidamente.	stat:FOR>=6	SQ_03_20	xp=5;fatigue=1;reputation=1;cityThreat:Emerald Tide=1	SQ_03_20	fatigue=2		STORY_sq_3	flag:sq_3_active	3
SQ_03_19	CHAIN	COMMON	VALARYN	Nyssara	Emerald Tide	1	1	10	As Pegadas do Brejo — etapa 19	A consequência da etapa anterior se manifesta em Emerald Tide. O problema exige uma decisão mais cuidadosa; cada solução abre ou fecha possibilidades para os próximos passos.	Investigar a fundo.	stat:INT>=7	SQ_03_20	xp=7;flag:sq_3_helped=1	SQ_03_20	fatigue=2;reputation=-1		Agir rapidamente.	stat:FOR>=7	SQ_03_20	xp=5;fatigue=1;reputation=1	SQ_03_20	fatigue=2		STORY_sq_3	flag:sq_3_active	3
SQ_03_20	CHAIN	COMMON	VALARYN	Nyssara	Emerald Tide	1	1	10	As Pegadas do Brejo — legado	O caso termina, mas a região não esquece. Dependendo das decisões anteriores, uma nova oportunidade ou uma nova dificuldade ficará disponível futuramente.	Encerrar e seguir viagem.	NONE	END	xp=18;gold=18;unflag:sq_3_active;flag:sq_3_complete=1;cityStability:Emerald Tide=1	END	fatigue=2;reputation=-1		Manter os contatos.	flag:sq_3_helped	END	xp=24;gold=10;reputation=4;rel:NPC_MIRIEL=3;unflag:sq_3_active;flag:sq_3_complete=1;flag:sq_3_contact=1;cityEconomy:Emerald Tide=2	END	fatigue=2		STORY_sq_3	flag:sq_3_active	3
SQ_04_01	CHAIN	COMMON	INDEPENDENT	Valkyrion	Volmeria	1	1	10	A Caravana Silenciosa — começo	A Caravana Silenciosa: um problema aparentemente local se apresenta em Volmeria. Uma escolha agora poderá ecoar por muitos dias.	Aceitar investigar.	stat:PER>=6	SQ_04_02	flag:sq_4_started=1;flag:sq_4_active=1;xp=4	SQ_04_02	flag:sq_4_started=1;flag:sq_4_active=1;fatigue=1		Aceitar pela força da palavra.	stat:PRE>=6	SQ_04_03	flag:sq_4_started=1;flag:sq_4_active=1;reputation=1	SQ_04_03	flag:sq_4_started=1;flag:sq_4_active=1;fatigue=1		STORY_sq_4	!flag:sq_4_started&!flag:sq_4_complete	3
SQ_04_02	CHAIN	COMMON	INDEPENDENT	Valkyrion	Volmeria	1	1	10	A Caravana Silenciosa — etapa 2	A consequência da etapa anterior se manifesta em Volmeria. O problema exige uma decisão mais cuidadosa; cada solução abre ou fecha possibilidades para os próximos passos.	Investigar a fundo.	stat:INT>=8	SQ_04_03	xp=3;flag:sq_4_helped=1	SQ_04_03	fatigue=2;reputation=-1		Agir rapidamente.	stat:FOR>=6	SQ_04_04	xp=2;fatigue=1;reputation=1;cityThreat:Volmeria=1	SQ_04_04	fatigue=2		STORY_sq_4	flag:sq_4_active	3
SQ_04_03	CHAIN	COMMON	INDEPENDENT	Valkyrion	Volmeria	1	1	10	A Caravana Silenciosa — etapa 3	A consequência da etapa anterior se manifesta em Volmeria. O problema exige uma decisão mais cuidadosa; cada solução abre ou fecha possibilidades para os próximos passos.	Investigar a fundo.	stat:INT>=6	SQ_04_04	xp=3;flag:sq_4_helped=1	SQ_04_04	fatigue=2;reputation=-1		Agir rapidamente.	stat:FOR>=7	SQ_04_05	xp=2;fatigue=1;reputation=1	SQ_04_05	fatigue=2		STORY_sq_4	flag:sq_4_active	3
SQ_04_04	CHAIN	COMMON	INDEPENDENT	Valkyrion	Volmeria	1	1	10	A Caravana Silenciosa — etapa 4	A consequência da etapa anterior se manifesta em Volmeria. O problema exige uma decisão mais cuidadosa; cada solução abre ou fecha possibilidades para os próximos passos.	Investigar a fundo.	stat:INT>=7	SQ_04_05	xp=4;flag:sq_4_helped=1	SQ_04_05	fatigue=2;reputation=-1		Agir rapidamente.	stat:FOR>=6	SQ_04_06	xp=2;fatigue=1;reputation=1	SQ_04_06	fatigue=2		STORY_sq_4	flag:sq_4_active	3
SQ_04_05	CHAIN	COMMON	INDEPENDENT	Valkyrion	Volmeria	1	1	10	A Caravana Silenciosa — etapa 5	A consequência da etapa anterior se manifesta em Volmeria. O problema exige uma decisão mais cuidadosa; cada solução abre ou fecha possibilidades para os próximos passos.	Investigar a fundo.	stat:INT>=8	SQ_04_06	xp=4;flag:sq_4_helped=1;cityStability:Volmeria=1	SQ_04_06	fatigue=2;reputation=-1		Usar uma habilidade específica.	level>=2&skill:ELY_0010	SQ_04_07	xp=3;fatigue=1;reputation=1;item:ITEM_MINERAL=1	SQ_04_07	fatigue=2		STORY_sq_4	flag:sq_4_active	3
SQ_04_06	CHAIN	COMMON	INDEPENDENT	Valkyrion	Volmeria	1	1	10	A Caravana Silenciosa — etapa 6	A consequência da etapa anterior se manifesta em Volmeria. O problema exige uma decisão mais cuidadosa; cada solução abre ou fecha possibilidades para os próximos passos.	Investigar a fundo.	stat:INT>=6	SQ_04_07	xp=4;flag:sq_4_helped=1	SQ_04_07	fatigue=2;reputation=-1	MON_0012	Agir rapidamente.	stat:FOR>=6	SQ_04_08	xp=3;fatigue=1;reputation=1;cityThreat:Volmeria=1	SQ_04_08	fatigue=2	MON_0015	STORY_sq_4	flag:sq_4_active	3
SQ_04_07	CHAIN	COMMON	INDEPENDENT	Valkyrion	Volmeria	1	1	10	A Caravana Silenciosa — etapa 7	A consequência da etapa anterior se manifesta em Volmeria. O problema exige uma decisão mais cuidadosa; cada solução abre ou fecha possibilidades para os próximos passos.	Investigar a fundo.	stat:INT>=7	SQ_04_08	xp=4;flag:sq_4_helped=1	SQ_04_08	fatigue=2;reputation=-1		Agir rapidamente.	stat:FOR>=7	SQ_04_09	xp=3;fatigue=1;reputation=1	SQ_04_09	fatigue=2		STORY_sq_4	flag:sq_4_active	3
SQ_04_08	CHAIN	COMMON	INDEPENDENT	Valkyrion	Volmeria	1	1	10	A Caravana Silenciosa — etapa 8	A consequência da etapa anterior se manifesta em Volmeria. O problema exige uma decisão mais cuidadosa; cada solução abre ou fecha possibilidades para os próximos passos.	Investigar a fundo.	stat:INT>=8	SQ_04_09	xp=5;flag:sq_4_helped=1	SQ_04_09	fatigue=2;reputation=-1		Agir rapidamente.	stat:FOR>=6	SQ_04_10	xp=3;fatigue=1;reputation=1	SQ_04_10	fatigue=2		STORY_sq_4	flag:sq_4_active	3
SQ_04_09	CHAIN	COMMON	INDEPENDENT	Valkyrion	Volmeria	1	1	10	A Caravana Silenciosa — etapa 9	A consequência da etapa anterior se manifesta em Volmeria. O problema exige uma decisão mais cuidadosa; cada solução abre ou fecha possibilidades para os próximos passos.	Investigar a fundo.	stat:INT>=6	SQ_04_10	xp=5;flag:sq_4_helped=1;cityStability:Volmeria=1	SQ_04_10	fatigue=2;reputation=-1		Agir rapidamente.	stat:FOR>=7	SQ_04_11	xp=3;fatigue=1;reputation=1	SQ_04_11	fatigue=2		STORY_sq_4	flag:sq_4_active	3
SQ_04_10	CHAIN	COMMON	INDEPENDENT	Valkyrion	Volmeria	1	1	10	A Caravana Silenciosa — etapa 10	A consequência da etapa anterior se manifesta em Volmeria. O problema exige uma decisão mais cuidadosa; cada solução abre ou fecha possibilidades para os próximos passos.	Investigar a fundo.	stat:INT>=7	SQ_04_11	xp=5;flag:sq_4_helped=1	SQ_04_11	fatigue=2;reputation=-1		Usar uma habilidade específica.	level>=2&skill:ELY_0015	SQ_04_12	xp=4;fatigue=1;reputation=1;cityThreat:Volmeria=1;item:ITEM_MINERAL=1	SQ_04_12	fatigue=2		STORY_sq_4	flag:sq_4_active	3
SQ_04_11	CHAIN	COMMON	INDEPENDENT	Valkyrion	Volmeria	1	1	10	A Caravana Silenciosa — etapa 11	A consequência da etapa anterior se manifesta em Volmeria. O problema exige uma decisão mais cuidadosa; cada solução abre ou fecha possibilidades para os próximos passos.	Investigar a fundo.	stat:INT>=8	SQ_04_12	xp=5;flag:sq_4_helped=1	SQ_04_12	fatigue=2;reputation=-1		Agir rapidamente.	stat:FOR>=7	SQ_04_13	xp=4;fatigue=1;reputation=1	SQ_04_13	fatigue=2		STORY_sq_4	flag:sq_4_active	3
SQ_04_12	CHAIN	COMMON	INDEPENDENT	Valkyrion	Volmeria	1	1	10	A Caravana Silenciosa — etapa 12	A consequência da etapa anterior se manifesta em Volmeria. O problema exige uma decisão mais cuidadosa; cada solução abre ou fecha possibilidades para os próximos passos.	Investigar a fundo.	stat:INT>=6	SQ_04_13	xp=6;flag:sq_4_helped=1	SQ_04_13	fatigue=2;reputation=-1	MON_0019	Agir rapidamente.	stat:FOR>=6	SQ_04_14	xp=4;fatigue=1;reputation=1	SQ_04_14	fatigue=2	MON_0022	STORY_sq_4	flag:sq_4_active	3
SQ_04_13	CHAIN	COMMON	INDEPENDENT	Valkyrion	Volmeria	1	1	10	A Caravana Silenciosa — etapa 13	A consequência da etapa anterior se manifesta em Volmeria. O problema exige uma decisão mais cuidadosa; cada solução abre ou fecha possibilidades para os próximos passos.	Investigar a fundo.	stat:INT>=7	SQ_04_14	xp=6;flag:sq_4_helped=1;cityStability:Volmeria=1	SQ_04_14	fatigue=2;reputation=-1		Agir rapidamente.	stat:FOR>=7	SQ_04_15	xp=4;fatigue=1;reputation=1	SQ_04_15	fatigue=2		STORY_sq_4	flag:sq_4_active	3
SQ_04_14	CHAIN	COMMON	INDEPENDENT	Valkyrion	Volmeria	1	1	10	A Caravana Silenciosa — etapa 14	A consequência da etapa anterior se manifesta em Volmeria. O problema exige uma decisão mais cuidadosa; cada solução abre ou fecha possibilidades para os próximos passos.	Investigar a fundo.	stat:INT>=8	SQ_04_15	xp=6;flag:sq_4_helped=1	SQ_04_15	fatigue=2;reputation=-1		Agir rapidamente.	stat:FOR>=6	SQ_04_16	xp=4;fatigue=1;reputation=1;cityThreat:Volmeria=1	SQ_04_16	fatigue=2		STORY_sq_4	flag:sq_4_active	3
SQ_04_15	CHAIN	COMMON	INDEPENDENT	Valkyrion	Volmeria	1	1	10	A Caravana Silenciosa — etapa 15	A consequência da etapa anterior se manifesta em Volmeria. O problema exige uma decisão mais cuidadosa; cada solução abre ou fecha possibilidades para os próximos passos.	Investigar a fundo.	stat:INT>=6	SQ_04_16	xp=6;flag:sq_4_helped=1	SQ_04_16	fatigue=2;reputation=-1		Usar uma habilidade específica.	level>=2&skill:ELY_0020	SQ_04_17	xp=5;fatigue=1;reputation=1;item:ITEM_MINERAL=1	SQ_04_17	fatigue=2		STORY_sq_4	flag:sq_4_active	3
SQ_04_16	CHAIN	COMMON	INDEPENDENT	Valkyrion	Volmeria	1	1	10	A Caravana Silenciosa — etapa 16	A consequência da etapa anterior se manifesta em Volmeria. O problema exige uma decisão mais cuidadosa; cada solução abre ou fecha possibilidades para os próximos passos.	Investigar a fundo.	stat:INT>=7	SQ_04_17	xp=7;flag:sq_4_helped=1	SQ_04_17	fatigue=2;reputation=-1		Agir rapidamente.	stat:FOR>=6	SQ_04_18	xp=5;fatigue=1;reputation=1	SQ_04_18	fatigue=2		STORY_sq_4	flag:sq_4_active	3
SQ_04_17	CHAIN	COMMON	INDEPENDENT	Valkyrion	Volmeria	1	1	10	A Caravana Silenciosa — etapa 17	A consequência da etapa anterior se manifesta em Volmeria. O problema exige uma decisão mais cuidadosa; cada solução abre ou fecha possibilidades para os próximos passos.	Investigar a fundo.	stat:INT>=8	SQ_04_18	xp=7;flag:sq_4_helped=1;cityStability:Volmeria=1	SQ_04_18	fatigue=2;reputation=-1	MON_0025	Agir rapidamente.	stat:FOR>=7	SQ_04_19	xp=5;fatigue=1;reputation=1	SQ_04_19	fatigue=2	MON_0028	STORY_sq_4	flag:sq_4_active	3
SQ_04_18	CHAIN	COMMON	INDEPENDENT	Valkyrion	Volmeria	1	1	10	A Caravana Silenciosa — etapa 18	A consequência da etapa anterior se manifesta em Volmeria. O problema exige uma decisão mais cuidadosa; cada solução abre ou fecha possibilidades para os próximos passos.	Investigar a fundo.	stat:INT>=6	SQ_04_19	xp=7;flag:sq_4_helped=1	SQ_04_19	fatigue=2;reputation=-1		Agir rapidamente.	stat:FOR>=6	SQ_04_20	xp=5;fatigue=1;reputation=1;cityThreat:Volmeria=1	SQ_04_20	fatigue=2		STORY_sq_4	flag:sq_4_active	3
SQ_04_19	CHAIN	COMMON	INDEPENDENT	Valkyrion	Volmeria	1	1	10	A Caravana Silenciosa — etapa 19	A consequência da etapa anterior se manifesta em Volmeria. O problema exige uma decisão mais cuidadosa; cada solução abre ou fecha possibilidades para os próximos passos.	Investigar a fundo.	stat:INT>=7	SQ_04_20	xp=7;flag:sq_4_helped=1	SQ_04_20	fatigue=2;reputation=-1		Agir rapidamente.	stat:FOR>=7	SQ_04_20	xp=5;fatigue=1;reputation=1	SQ_04_20	fatigue=2		STORY_sq_4	flag:sq_4_active	3
SQ_04_20	CHAIN	COMMON	INDEPENDENT	Valkyrion	Volmeria	1	1	10	A Caravana Silenciosa — legado	O caso termina, mas a região não esquece. Dependendo das decisões anteriores, uma nova oportunidade ou uma nova dificuldade ficará disponível futuramente.	Encerrar e seguir viagem.	NONE	END	xp=18;gold=18;unflag:sq_4_active;flag:sq_4_complete=1;cityStability:Volmeria=1	END	fatigue=2;reputation=-1		Manter os contatos.	flag:sq_4_helped	END	xp=24;gold=10;reputation=4;rel:NPC_MIRIEL=3;unflag:sq_4_active;flag:sq_4_complete=1;flag:sq_4_contact=1;cityEconomy:Volmeria=2	END	fatigue=2		STORY_sq_4	flag:sq_4_active	3
SQ_05_01	CHAIN	COMMON	ANY	Eshmara	Brumas	1	1	10	O Ferreiro e a Pedra — começo	O Ferreiro e a Pedra: um problema aparentemente local se apresenta em Brumas. Uma escolha agora poderá ecoar por muitos dias.	Aceitar investigar.	stat:PER>=6	SQ_05_02	flag:sq_5_started=1;flag:sq_5_active=1;xp=4	SQ_05_02	flag:sq_5_started=1;flag:sq_5_active=1;fatigue=1		Aceitar pela força da palavra.	stat:PRE>=6	SQ_05_03	flag:sq_5_started=1;flag:sq_5_active=1;reputation=1	SQ_05_03	flag:sq_5_started=1;flag:sq_5_active=1;fatigue=1		STORY_sq_5	!flag:sq_5_started&!flag:sq_5_complete	3
SQ_05_02	CHAIN	COMMON	ANY	Eshmara	Brumas	1	1	10	O Ferreiro e a Pedra — etapa 2	A consequência da etapa anterior se manifesta em Brumas. O problema exige uma decisão mais cuidadosa; cada solução abre ou fecha possibilidades para os próximos passos.	Investigar a fundo.	stat:INT>=8	SQ_05_03	xp=3;flag:sq_5_helped=1	SQ_05_03	fatigue=2;reputation=-1		Agir rapidamente.	stat:FOR>=6	SQ_05_04	xp=2;fatigue=1;reputation=1;cityThreat:Brumas=1	SQ_05_04	fatigue=2		STORY_sq_5	flag:sq_5_active	3
SQ_05_03	CHAIN	COMMON	ANY	Eshmara	Brumas	1	1	10	O Ferreiro e a Pedra — etapa 3	A consequência da etapa anterior se manifesta em Brumas. O problema exige uma decisão mais cuidadosa; cada solução abre ou fecha possibilidades para os próximos passos.	Investigar a fundo.	stat:INT>=6	SQ_05_04	xp=3;flag:sq_5_helped=1	SQ_05_04	fatigue=2;reputation=-1		Agir rapidamente.	stat:FOR>=7	SQ_05_05	xp=2;fatigue=1;reputation=1	SQ_05_05	fatigue=2		STORY_sq_5	flag:sq_5_active	3
SQ_05_04	CHAIN	COMMON	ANY	Eshmara	Brumas	1	1	10	O Ferreiro e a Pedra — etapa 4	A consequência da etapa anterior se manifesta em Brumas. O problema exige uma decisão mais cuidadosa; cada solução abre ou fecha possibilidades para os próximos passos.	Investigar a fundo.	stat:INT>=7	SQ_05_05	xp=4;flag:sq_5_helped=1	SQ_05_05	fatigue=2;reputation=-1		Agir rapidamente.	stat:FOR>=6	SQ_05_06	xp=2;fatigue=1;reputation=1	SQ_05_06	fatigue=2		STORY_sq_5	flag:sq_5_active	3
SQ_05_05	CHAIN	COMMON	ANY	Eshmara	Brumas	1	1	10	O Ferreiro e a Pedra — etapa 5	A consequência da etapa anterior se manifesta em Brumas. O problema exige uma decisão mais cuidadosa; cada solução abre ou fecha possibilidades para os próximos passos.	Investigar a fundo.	stat:INT>=8	SQ_05_06	xp=4;flag:sq_5_helped=1;cityStability:Brumas=1	SQ_05_06	fatigue=2;reputation=-1		Usar uma habilidade específica.	level>=2&skill:ELY_0011	SQ_05_07	xp=3;fatigue=1;reputation=1;item:ITEM_MINERAL=1	SQ_05_07	fatigue=2		STORY_sq_5	flag:sq_5_active	3
SQ_05_06	CHAIN	COMMON	ANY	Eshmara	Brumas	1	1	10	O Ferreiro e a Pedra — etapa 6	A consequência da etapa anterior se manifesta em Brumas. O problema exige uma decisão mais cuidadosa; cada solução abre ou fecha possibilidades para os próximos passos.	Investigar a fundo.	stat:INT>=6	SQ_05_07	xp=4;flag:sq_5_helped=1	SQ_05_07	fatigue=2;reputation=-1	MON_0012	Agir rapidamente.	stat:FOR>=6	SQ_05_08	xp=3;fatigue=1;reputation=1;cityThreat:Brumas=1	SQ_05_08	fatigue=2	MON_0015	STORY_sq_5	flag:sq_5_active	3
SQ_05_07	CHAIN	COMMON	ANY	Eshmara	Brumas	1	1	10	O Ferreiro e a Pedra — etapa 7	A consequência da etapa anterior se manifesta em Brumas. O problema exige uma decisão mais cuidadosa; cada solução abre ou fecha possibilidades para os próximos passos.	Investigar a fundo.	stat:INT>=7	SQ_05_08	xp=4;flag:sq_5_helped=1	SQ_05_08	fatigue=2;reputation=-1		Agir rapidamente.	stat:FOR>=7	SQ_05_09	xp=3;fatigue=1;reputation=1	SQ_05_09	fatigue=2		STORY_sq_5	flag:sq_5_active	3
SQ_05_08	CHAIN	COMMON	ANY	Eshmara	Brumas	1	1	10	O Ferreiro e a Pedra — etapa 8	A consequência da etapa anterior se manifesta em Brumas. O problema exige uma decisão mais cuidadosa; cada solução abre ou fecha possibilidades para os próximos passos.	Investigar a fundo.	stat:INT>=8	SQ_05_09	xp=5;flag:sq_5_helped=1	SQ_05_09	fatigue=2;reputation=-1		Agir rapidamente.	stat:FOR>=6	SQ_05_10	xp=3;fatigue=1;reputation=1	SQ_05_10	fatigue=2		STORY_sq_5	flag:sq_5_active	3
SQ_05_09	CHAIN	COMMON	ANY	Eshmara	Brumas	1	1	10	O Ferreiro e a Pedra — etapa 9	A consequência da etapa anterior se manifesta em Brumas. O problema exige uma decisão mais cuidadosa; cada solução abre ou fecha possibilidades para os próximos passos.	Investigar a fundo.	stat:INT>=6	SQ_05_10	xp=5;flag:sq_5_helped=1;cityStability:Brumas=1	SQ_05_10	fatigue=2;reputation=-1		Agir rapidamente.	stat:FOR>=7	SQ_05_11	xp=3;fatigue=1;reputation=1	SQ_05_11	fatigue=2		STORY_sq_5	flag:sq_5_active	3
SQ_05_10	CHAIN	COMMON	ANY	Eshmara	Brumas	1	1	10	O Ferreiro e a Pedra — etapa 10	A consequência da etapa anterior se manifesta em Brumas. O problema exige uma decisão mais cuidadosa; cada solução abre ou fecha possibilidades para os próximos passos.	Investigar a fundo.	stat:INT>=7	SQ_05_11	xp=5;flag:sq_5_helped=1	SQ_05_11	fatigue=2;reputation=-1		Usar uma habilidade específica.	level>=2&skill:ELY_0016	SQ_05_12	xp=4;fatigue=1;reputation=1;cityThreat:Brumas=1;item:ITEM_MINERAL=1	SQ_05_12	fatigue=2		STORY_sq_5	flag:sq_5_active	3
SQ_05_11	CHAIN	COMMON	ANY	Eshmara	Brumas	1	1	10	O Ferreiro e a Pedra — etapa 11	A consequência da etapa anterior se manifesta em Brumas. O problema exige uma decisão mais cuidadosa; cada solução abre ou fecha possibilidades para os próximos passos.	Investigar a fundo.	stat:INT>=8	SQ_05_12	xp=5;flag:sq_5_helped=1	SQ_05_12	fatigue=2;reputation=-1		Agir rapidamente.	stat:FOR>=7	SQ_05_13	xp=4;fatigue=1;reputation=1	SQ_05_13	fatigue=2		STORY_sq_5	flag:sq_5_active	3
SQ_05_12	CHAIN	COMMON	ANY	Eshmara	Brumas	1	1	10	O Ferreiro e a Pedra — etapa 12	A consequência da etapa anterior se manifesta em Brumas. O problema exige uma decisão mais cuidadosa; cada solução abre ou fecha possibilidades para os próximos passos.	Investigar a fundo.	stat:INT>=6	SQ_05_13	xp=6;flag:sq_5_helped=1	SQ_05_13	fatigue=2;reputation=-1	MON_0018	Agir rapidamente.	stat:FOR>=6	SQ_05_14	xp=4;fatigue=1;reputation=1	SQ_05_14	fatigue=2	MON_0021	STORY_sq_5	flag:sq_5_active	3
SQ_05_13	CHAIN	COMMON	ANY	Eshmara	Brumas	1	1	10	O Ferreiro e a Pedra — etapa 13	A consequência da etapa anterior se manifesta em Brumas. O problema exige uma decisão mais cuidadosa; cada solução abre ou fecha possibilidades para os próximos passos.	Investigar a fundo.	stat:INT>=7	SQ_05_14	xp=6;flag:sq_5_helped=1;cityStability:Brumas=1	SQ_05_14	fatigue=2;reputation=-1		Agir rapidamente.	stat:FOR>=7	SQ_05_15	xp=4;fatigue=1;reputation=1	SQ_05_15	fatigue=2		STORY_sq_5	flag:sq_5_active	3
SQ_05_14	CHAIN	COMMON	ANY	Eshmara	Brumas	1	1	10	O Ferreiro e a Pedra — etapa 14	A consequência da etapa anterior se manifesta em Brumas. O problema exige uma decisão mais cuidadosa; cada solução abre ou fecha possibilidades para os próximos passos.	Investigar a fundo.	stat:INT>=8	SQ_05_15	xp=6;flag:sq_5_helped=1	SQ_05_15	fatigue=2;reputation=-1		Agir rapidamente.	stat:FOR>=6	SQ_05_16	xp=4;fatigue=1;reputation=1;cityThreat:Brumas=1	SQ_05_16	fatigue=2		STORY_sq_5	flag:sq_5_active	3
SQ_05_15	CHAIN	COMMON	ANY	Eshmara	Brumas	1	1	10	O Ferreiro e a Pedra — etapa 15	A consequência da etapa anterior se manifesta em Brumas. O problema exige uma decisão mais cuidadosa; cada solução abre ou fecha possibilidades para os próximos passos.	Investigar a fundo.	stat:INT>=6	SQ_05_16	xp=6;flag:sq_5_helped=1	SQ_05_16	fatigue=2;reputation=-1		Usar uma habilidade específica.	level>=2&skill:ELY_0021	SQ_05_17	xp=5;fatigue=1;reputation=1;item:ITEM_MINERAL=1	SQ_05_17	fatigue=2		STORY_sq_5	flag:sq_5_active	3
SQ_05_16	CHAIN	COMMON	ANY	Eshmara	Brumas	1	1	10	O Ferreiro e a Pedra — etapa 16	A consequência da etapa anterior se manifesta em Brumas. O problema exige uma decisão mais cuidadosa; cada solução abre ou fecha possibilidades para os próximos passos.	Investigar a fundo.	stat:INT>=7	SQ_05_17	xp=7;flag:sq_5_helped=1	SQ_05_17	fatigue=2;reputation=-1		Agir rapidamente.	stat:FOR>=6	SQ_05_18	xp=5;fatigue=1;reputation=1	SQ_05_18	fatigue=2		STORY_sq_5	flag:sq_5_active	3
SQ_05_17	CHAIN	COMMON	ANY	Eshmara	Brumas	1	1	10	O Ferreiro e a Pedra — etapa 17	A consequência da etapa anterior se manifesta em Brumas. O problema exige uma decisão mais cuidadosa; cada solução abre ou fecha possibilidades para os próximos passos.	Investigar a fundo.	stat:INT>=8	SQ_05_18	xp=7;flag:sq_5_helped=1;cityStability:Brumas=1	SQ_05_18	fatigue=2;reputation=-1	MON_0023	Agir rapidamente.	stat:FOR>=7	SQ_05_19	xp=5;fatigue=1;reputation=1	SQ_05_19	fatigue=2	MON_0026	STORY_sq_5	flag:sq_5_active	3
SQ_05_18	CHAIN	COMMON	ANY	Eshmara	Brumas	1	1	10	O Ferreiro e a Pedra — etapa 18	A consequência da etapa anterior se manifesta em Brumas. O problema exige uma decisão mais cuidadosa; cada solução abre ou fecha possibilidades para os próximos passos.	Investigar a fundo.	stat:INT>=6	SQ_05_19	xp=7;flag:sq_5_helped=1	SQ_05_19	fatigue=2;reputation=-1		Agir rapidamente.	stat:FOR>=6	SQ_05_20	xp=5;fatigue=1;reputation=1;cityThreat:Brumas=1	SQ_05_20	fatigue=2		STORY_sq_5	flag:sq_5_active	3
SQ_05_19	CHAIN	COMMON	ANY	Eshmara	Brumas	1	1	10	O Ferreiro e a Pedra — etapa 19	A consequência da etapa anterior se manifesta em Brumas. O problema exige uma decisão mais cuidadosa; cada solução abre ou fecha possibilidades para os próximos passos.	Investigar a fundo.	stat:INT>=7	SQ_05_20	xp=7;flag:sq_5_helped=1	SQ_05_20	fatigue=2;reputation=-1		Agir rapidamente.	stat:FOR>=7	SQ_05_20	xp=5;fatigue=1;reputation=1	SQ_05_20	fatigue=2		STORY_sq_5	flag:sq_5_active	3
SQ_05_20	CHAIN	COMMON	ANY	Eshmara	Brumas	1	1	10	O Ferreiro e a Pedra — legado	O caso termina, mas a região não esquece. Dependendo das decisões anteriores, uma nova oportunidade ou uma nova dificuldade ficará disponível futuramente.	Encerrar e seguir viagem.	NONE	END	xp=18;gold=18;unflag:sq_5_active;flag:sq_5_complete=1;cityStability:Brumas=1	END	fatigue=2;reputation=-1		Manter os contatos.	flag:sq_5_helped	END	xp=24;gold=10;reputation=4;rel:NPC_MIRIEL=3;unflag:sq_5_active;flag:sq_5_complete=1;flag:sq_5_contact=1;cityEconomy:Brumas=2	END	fatigue=2		STORY_sq_5	flag:sq_5_active	3
SQ_06_01	CHAIN	COMMON	ANY	Kethruun	Sandbones	2	1	10	O Filho do Mercador — começo	O Filho do Mercador: um problema aparentemente local se apresenta em Sandbones. Uma escolha agora poderá ecoar por muitos dias.	Aceitar investigar.	stat:PER>=6	SQ_06_02	flag:sq_6_started=1;flag:sq_6_active=1;xp=4	SQ_06_02	flag:sq_6_started=1;flag:sq_6_active=1;fatigue=1		Aceitar pela força da palavra.	stat:PRE>=6	SQ_06_03	flag:sq_6_started=1;flag:sq_6_active=1;reputation=1	SQ_06_03	flag:sq_6_started=1;flag:sq_6_active=1;fatigue=1		STORY_sq_6	!flag:sq_6_started&!flag:sq_6_complete	3
SQ_06_02	CHAIN	COMMON	ANY	Kethruun	Sandbones	2	1	10	O Filho do Mercador — etapa 2	A consequência da etapa anterior se manifesta em Sandbones. O problema exige uma decisão mais cuidadosa; cada solução abre ou fecha possibilidades para os próximos passos.	Investigar a fundo.	stat:INT>=8	SQ_06_03	xp=3;flag:sq_6_helped=1	SQ_06_03	fatigue=2;reputation=-1		Agir rapidamente.	stat:FOR>=6	SQ_06_04	xp=2;fatigue=1;reputation=1;cityThreat:Sandbones=1	SQ_06_04	fatigue=2		STORY_sq_6	flag:sq_6_active	3
SQ_06_03	CHAIN	COMMON	ANY	Kethruun	Sandbones	2	1	10	O Filho do Mercador — etapa 3	A consequência da etapa anterior se manifesta em Sandbones. O problema exige uma decisão mais cuidadosa; cada solução abre ou fecha possibilidades para os próximos passos.	Investigar a fundo.	stat:INT>=6	SQ_06_04	xp=3;flag:sq_6_helped=1	SQ_06_04	fatigue=2;reputation=-1		Agir rapidamente.	stat:FOR>=7	SQ_06_05	xp=2;fatigue=1;reputation=1	SQ_06_05	fatigue=2		STORY_sq_6	flag:sq_6_active	3
SQ_06_04	CHAIN	COMMON	ANY	Kethruun	Sandbones	2	1	10	O Filho do Mercador — etapa 4	A consequência da etapa anterior se manifesta em Sandbones. O problema exige uma decisão mais cuidadosa; cada solução abre ou fecha possibilidades para os próximos passos.	Investigar a fundo.	stat:INT>=7	SQ_06_05	xp=4;flag:sq_6_helped=1	SQ_06_05	fatigue=2;reputation=-1		Agir rapidamente.	stat:FOR>=6	SQ_06_06	xp=2;fatigue=1;reputation=1	SQ_06_06	fatigue=2		STORY_sq_6	flag:sq_6_active	3
SQ_06_05	CHAIN	COMMON	ANY	Kethruun	Sandbones	2	1	10	O Filho do Mercador — etapa 5	A consequência da etapa anterior se manifesta em Sandbones. O problema exige uma decisão mais cuidadosa; cada solução abre ou fecha possibilidades para os próximos passos.	Investigar a fundo.	stat:INT>=8	SQ_06_06	xp=4;flag:sq_6_helped=1;cityStability:Sandbones=1	SQ_06_06	fatigue=2;reputation=-1		Usar uma habilidade específica.	level>=2&skill:ELY_0012	SQ_06_07	xp=3;fatigue=1;reputation=1;item:ITEM_MINERAL=1	SQ_06_07	fatigue=2		STORY_sq_6	flag:sq_6_active	3
SQ_06_06	CHAIN	COMMON	ANY	Kethruun	Sandbones	2	1	10	O Filho do Mercador — etapa 6	A consequência da etapa anterior se manifesta em Sandbones. O problema exige uma decisão mais cuidadosa; cada solução abre ou fecha possibilidades para os próximos passos.	Investigar a fundo.	stat:INT>=6	SQ_06_07	xp=4;flag:sq_6_helped=1	SQ_06_07	fatigue=2;reputation=-1	MON_0033	Agir rapidamente.	stat:FOR>=6	SQ_06_08	xp=3;fatigue=1;reputation=1;cityThreat:Sandbones=1	SQ_06_08	fatigue=2	MON_0041	STORY_sq_6	flag:sq_6_active	3
SQ_06_07	CHAIN	COMMON	ANY	Kethruun	Sandbones	2	1	10	O Filho do Mercador — etapa 7	A consequência da etapa anterior se manifesta em Sandbones. O problema exige uma decisão mais cuidadosa; cada solução abre ou fecha possibilidades para os próximos passos.	Investigar a fundo.	stat:INT>=7	SQ_06_08	xp=4;flag:sq_6_helped=1	SQ_06_08	fatigue=2;reputation=-1		Agir rapidamente.	stat:FOR>=7	SQ_06_09	xp=3;fatigue=1;reputation=1	SQ_06_09	fatigue=2		STORY_sq_6	flag:sq_6_active	3
SQ_06_08	CHAIN	COMMON	ANY	Kethruun	Sandbones	2	1	10	O Filho do Mercador — etapa 8	A consequência da etapa anterior se manifesta em Sandbones. O problema exige uma decisão mais cuidadosa; cada solução abre ou fecha possibilidades para os próximos passos.	Investigar a fundo.	stat:INT>=8	SQ_06_09	xp=5;flag:sq_6_helped=1	SQ_06_09	fatigue=2;reputation=-1		Agir rapidamente.	stat:FOR>=6	SQ_06_10	xp=3;fatigue=1;reputation=1	SQ_06_10	fatigue=2		STORY_sq_6	flag:sq_6_active	3
SQ_06_09	CHAIN	COMMON	ANY	Kethruun	Sandbones	2	1	10	O Filho do Mercador — etapa 9	A consequência da etapa anterior se manifesta em Sandbones. O problema exige uma decisão mais cuidadosa; cada solução abre ou fecha possibilidades para os próximos passos.	Investigar a fundo.	stat:INT>=6	SQ_06_10	xp=5;flag:sq_6_helped=1;cityStability:Sandbones=1	SQ_06_10	fatigue=2;reputation=-1		Agir rapidamente.	stat:FOR>=7	SQ_06_11	xp=3;fatigue=1;reputation=1	SQ_06_11	fatigue=2		STORY_sq_6	flag:sq_6_active	3
SQ_06_10	CHAIN	COMMON	ANY	Kethruun	Sandbones	2	1	10	O Filho do Mercador — etapa 10	A consequência da etapa anterior se manifesta em Sandbones. O problema exige uma decisão mais cuidadosa; cada solução abre ou fecha possibilidades para os próximos passos.	Investigar a fundo.	stat:INT>=7	SQ_06_11	xp=5;flag:sq_6_helped=1	SQ_06_11	fatigue=2;reputation=-1		Usar uma habilidade específica.	level>=2&skill:ELY_0017	SQ_06_12	xp=4;fatigue=1;reputation=1;cityThreat:Sandbones=1;item:ITEM_MINERAL=1	SQ_06_12	fatigue=2		STORY_sq_6	flag:sq_6_active	3
SQ_06_11	CHAIN	COMMON	ANY	Kethruun	Sandbones	2	1	10	O Filho do Mercador — etapa 11	A consequência da etapa anterior se manifesta em Sandbones. O problema exige uma decisão mais cuidadosa; cada solução abre ou fecha possibilidades para os próximos passos.	Investigar a fundo.	stat:INT>=8	SQ_06_12	xp=5;flag:sq_6_helped=1	SQ_06_12	fatigue=2;reputation=-1		Agir rapidamente.	stat:FOR>=7	SQ_06_13	xp=4;fatigue=1;reputation=1	SQ_06_13	fatigue=2		STORY_sq_6	flag:sq_6_active	3
SQ_06_12	CHAIN	COMMON	ANY	Kethruun	Sandbones	2	1	10	O Filho do Mercador — etapa 12	A consequência da etapa anterior se manifesta em Sandbones. O problema exige uma decisão mais cuidadosa; cada solução abre ou fecha possibilidades para os próximos passos.	Investigar a fundo.	stat:INT>=6	SQ_06_13	xp=6;flag:sq_6_helped=1	SQ_06_13	fatigue=2;reputation=-1	MON_0049	Agir rapidamente.	stat:FOR>=6	SQ_06_14	xp=4;fatigue=1;reputation=1	SQ_06_14	fatigue=2	MON_0056	STORY_sq_6	flag:sq_6_active	3
SQ_06_13	CHAIN	COMMON	ANY	Kethruun	Sandbones	2	1	10	O Filho do Mercador — etapa 13	A consequência da etapa anterior se manifesta em Sandbones. O problema exige uma decisão mais cuidadosa; cada solução abre ou fecha possibilidades para os próximos passos.	Investigar a fundo.	stat:INT>=7	SQ_06_14	xp=6;flag:sq_6_helped=1;cityStability:Sandbones=1	SQ_06_14	fatigue=2;reputation=-1		Agir rapidamente.	stat:FOR>=7	SQ_06_15	xp=4;fatigue=1;reputation=1	SQ_06_15	fatigue=2		STORY_sq_6	flag:sq_6_active	3
SQ_06_14	CHAIN	COMMON	ANY	Kethruun	Sandbones	2	1	10	O Filho do Mercador — etapa 14	A consequência da etapa anterior se manifesta em Sandbones. O problema exige uma decisão mais cuidadosa; cada solução abre ou fecha possibilidades para os próximos passos.	Investigar a fundo.	stat:INT>=8	SQ_06_15	xp=6;flag:sq_6_helped=1	SQ_06_15	fatigue=2;reputation=-1		Agir rapidamente.	stat:FOR>=6	SQ_06_16	xp=4;fatigue=1;reputation=1;cityThreat:Sandbones=1	SQ_06_16	fatigue=2		STORY_sq_6	flag:sq_6_active	3
SQ_06_15	CHAIN	COMMON	ANY	Kethruun	Sandbones	2	1	10	O Filho do Mercador — etapa 15	A consequência da etapa anterior se manifesta em Sandbones. O problema exige uma decisão mais cuidadosa; cada solução abre ou fecha possibilidades para os próximos passos.	Investigar a fundo.	stat:INT>=6	SQ_06_16	xp=6;flag:sq_6_helped=1	SQ_06_16	fatigue=2;reputation=-1		Usar uma habilidade específica.	level>=2&skill:ELY_0022	SQ_06_17	xp=5;fatigue=1;reputation=1;item:ITEM_MINERAL=1	SQ_06_17	fatigue=2		STORY_sq_6	flag:sq_6_active	3
SQ_06_16	CHAIN	COMMON	ANY	Kethruun	Sandbones	2	1	10	O Filho do Mercador — etapa 16	A consequência da etapa anterior se manifesta em Sandbones. O problema exige uma decisão mais cuidadosa; cada solução abre ou fecha possibilidades para os próximos passos.	Investigar a fundo.	stat:INT>=7	SQ_06_17	xp=7;flag:sq_6_helped=1	SQ_06_17	fatigue=2;reputation=-1		Agir rapidamente.	stat:FOR>=6	SQ_06_18	xp=5;fatigue=1;reputation=1	SQ_06_18	fatigue=2		STORY_sq_6	flag:sq_6_active	3
SQ_06_17	CHAIN	COMMON	ANY	Kethruun	Sandbones	2	1	10	O Filho do Mercador — etapa 17	A consequência da etapa anterior se manifesta em Sandbones. O problema exige uma decisão mais cuidadosa; cada solução abre ou fecha possibilidades para os próximos passos.	Investigar a fundo.	stat:INT>=8	SQ_06_18	xp=7;flag:sq_6_helped=1;cityStability:Sandbones=1	SQ_06_18	fatigue=2;reputation=-1	MON_0064	Agir rapidamente.	stat:FOR>=7	SQ_06_19	xp=5;fatigue=1;reputation=1	SQ_06_19	fatigue=2	MON_0073	STORY_sq_6	flag:sq_6_active	3
SQ_06_18	CHAIN	COMMON	ANY	Kethruun	Sandbones	2	1	10	O Filho do Mercador — etapa 18	A consequência da etapa anterior se manifesta em Sandbones. O problema exige uma decisão mais cuidadosa; cada solução abre ou fecha possibilidades para os próximos passos.	Investigar a fundo.	stat:INT>=6	SQ_06_19	xp=7;flag:sq_6_helped=1	SQ_06_19	fatigue=2;reputation=-1		Agir rapidamente.	stat:FOR>=6	SQ_06_20	xp=5;fatigue=1;reputation=1;cityThreat:Sandbones=1	SQ_06_20	fatigue=2		STORY_sq_6	flag:sq_6_active	3
SQ_06_19	CHAIN	COMMON	ANY	Kethruun	Sandbones	2	1	10	O Filho do Mercador — etapa 19	A consequência da etapa anterior se manifesta em Sandbones. O problema exige uma decisão mais cuidadosa; cada solução abre ou fecha possibilidades para os próximos passos.	Investigar a fundo.	stat:INT>=7	SQ_06_20	xp=7;flag:sq_6_helped=1	SQ_06_20	fatigue=2;reputation=-1		Agir rapidamente.	stat:FOR>=7	SQ_06_20	xp=5;fatigue=1;reputation=1	SQ_06_20	fatigue=2		STORY_sq_6	flag:sq_6_active	3
SQ_06_20	CHAIN	COMMON	ANY	Kethruun	Sandbones	2	1	10	O Filho do Mercador — legado	O caso termina, mas a região não esquece. Dependendo das decisões anteriores, uma nova oportunidade ou uma nova dificuldade ficará disponível futuramente.	Encerrar e seguir viagem.	NONE	END	xp=18;gold=18;unflag:sq_6_active;flag:sq_6_complete=1;cityStability:Sandbones=1	END	fatigue=2;reputation=-1		Manter os contatos.	flag:sq_6_helped	END	xp=24;gold=10;reputation=4;rel:NPC_MIRIEL=3;unflag:sq_6_active;flag:sq_6_complete=1;flag:sq_6_contact=1;cityEconomy:Sandbones=2	END	fatigue=2		STORY_sq_6	flag:sq_6_active	3
SQ_07_01	CHAIN	COMMON	ADVENTURER	Orinthal	Crystalia	2	1	10	O Rumor da Dungeon — começo	O Rumor da Dungeon: um problema aparentemente local se apresenta em Crystalia. Uma escolha agora poderá ecoar por muitos dias.	Aceitar investigar.	stat:PER>=6	SQ_07_02	flag:sq_7_started=1;flag:sq_7_active=1;xp=4	SQ_07_02	flag:sq_7_started=1;flag:sq_7_active=1;fatigue=1		Aceitar pela força da palavra.	stat:PRE>=6	SQ_07_03	flag:sq_7_started=1;flag:sq_7_active=1;reputation=1	SQ_07_03	flag:sq_7_started=1;flag:sq_7_active=1;fatigue=1		STORY_sq_7	!flag:sq_7_started&!flag:sq_7_complete	3
SQ_07_02	CHAIN	COMMON	ADVENTURER	Orinthal	Crystalia	2	1	10	O Rumor da Dungeon — etapa 2	A consequência da etapa anterior se manifesta em Crystalia. O problema exige uma decisão mais cuidadosa; cada solução abre ou fecha possibilidades para os próximos passos.	Investigar a fundo.	stat:INT>=8	SQ_07_03	xp=3;flag:sq_7_helped=1	SQ_07_03	fatigue=2;reputation=-1		Agir rapidamente.	stat:FOR>=6	SQ_07_04	xp=2;fatigue=1;reputation=1;cityThreat:Crystalia=1	SQ_07_04	fatigue=2		STORY_sq_7	flag:sq_7_active	3
SQ_07_03	CHAIN	COMMON	ADVENTURER	Orinthal	Crystalia	2	1	10	O Rumor da Dungeon — etapa 3	A consequência da etapa anterior se manifesta em Crystalia. O problema exige uma decisão mais cuidadosa; cada solução abre ou fecha possibilidades para os próximos passos.	Investigar a fundo.	stat:INT>=6	SQ_07_04	xp=3;flag:sq_7_helped=1	SQ_07_04	fatigue=2;reputation=-1		Agir rapidamente.	stat:FOR>=7	SQ_07_05	xp=2;fatigue=1;reputation=1	SQ_07_05	fatigue=2		STORY_sq_7	flag:sq_7_active	3
SQ_07_04	CHAIN	COMMON	ADVENTURER	Orinthal	Crystalia	2	1	10	O Rumor da Dungeon — etapa 4	A consequência da etapa anterior se manifesta em Crystalia. O problema exige uma decisão mais cuidadosa; cada solução abre ou fecha possibilidades para os próximos passos.	Investigar a fundo.	stat:INT>=7	SQ_07_05	xp=4;flag:sq_7_helped=1	SQ_07_05	fatigue=2;reputation=-1		Agir rapidamente.	stat:FOR>=6	SQ_07_06	xp=2;fatigue=1;reputation=1	SQ_07_06	fatigue=2		STORY_sq_7	flag:sq_7_active	3
SQ_07_05	CHAIN	COMMON	ADVENTURER	Orinthal	Crystalia	2	1	10	O Rumor da Dungeon — etapa 5	A consequência da etapa anterior se manifesta em Crystalia. O problema exige uma decisão mais cuidadosa; cada solução abre ou fecha possibilidades para os próximos passos.	Investigar a fundo.	stat:INT>=8	SQ_07_06	xp=4;flag:sq_7_helped=1;cityStability:Crystalia=1	SQ_07_06	fatigue=2;reputation=-1		Usar uma habilidade específica.	level>=2&skill:ELY_0013	SQ_07_07	xp=3;fatigue=1;reputation=1;item:ITEM_MINERAL=1	SQ_07_07	fatigue=2		STORY_sq_7	flag:sq_7_active	3
SQ_07_06	CHAIN	COMMON	ADVENTURER	Orinthal	Crystalia	2	1	10	O Rumor da Dungeon — etapa 6	A consequência da etapa anterior se manifesta em Crystalia. O problema exige uma decisão mais cuidadosa; cada solução abre ou fecha possibilidades para os próximos passos.	Investigar a fundo.	stat:INT>=6	SQ_07_07	xp=4;flag:sq_7_helped=1	SQ_07_07	fatigue=2;reputation=-1	MON_0026	Agir rapidamente.	stat:FOR>=6	SQ_07_08	xp=3;fatigue=1;reputation=1;cityThreat:Crystalia=1	SQ_07_08	fatigue=2	MON_0033	STORY_sq_7	flag:sq_7_active	3
SQ_07_07	CHAIN	COMMON	ADVENTURER	Orinthal	Crystalia	2	1	10	O Rumor da Dungeon — etapa 7	A consequência da etapa anterior se manifesta em Crystalia. O problema exige uma decisão mais cuidadosa; cada solução abre ou fecha possibilidades para os próximos passos.	Investigar a fundo.	stat:INT>=7	SQ_07_08	xp=4;flag:sq_7_helped=1	SQ_07_08	fatigue=2;reputation=-1		Agir rapidamente.	stat:FOR>=7	SQ_07_09	xp=3;fatigue=1;reputation=1	SQ_07_09	fatigue=2		STORY_sq_7	flag:sq_7_active	3
SQ_07_08	CHAIN	COMMON	ADVENTURER	Orinthal	Crystalia	2	1	10	O Rumor da Dungeon — etapa 8	A consequência da etapa anterior se manifesta em Crystalia. O problema exige uma decisão mais cuidadosa; cada solução abre ou fecha possibilidades para os próximos passos.	Investigar a fundo.	stat:INT>=8	SQ_07_09	xp=5;flag:sq_7_helped=1	SQ_07_09	fatigue=2;reputation=-1		Agir rapidamente.	stat:FOR>=6	SQ_07_10	xp=3;fatigue=1;reputation=1	SQ_07_10	fatigue=2		STORY_sq_7	flag:sq_7_active	3
SQ_07_09	CHAIN	COMMON	ADVENTURER	Orinthal	Crystalia	2	1	10	O Rumor da Dungeon — etapa 9	A consequência da etapa anterior se manifesta em Crystalia. O problema exige uma decisão mais cuidadosa; cada solução abre ou fecha possibilidades para os próximos passos.	Investigar a fundo.	stat:INT>=6	SQ_07_10	xp=5;flag:sq_7_helped=1;cityStability:Crystalia=1	SQ_07_10	fatigue=2;reputation=-1		Agir rapidamente.	stat:FOR>=7	SQ_07_11	xp=3;fatigue=1;reputation=1	SQ_07_11	fatigue=2		STORY_sq_7	flag:sq_7_active	3
SQ_07_10	CHAIN	COMMON	ADVENTURER	Orinthal	Crystalia	2	1	10	O Rumor da Dungeon — etapa 10	A consequência da etapa anterior se manifesta em Crystalia. O problema exige uma decisão mais cuidadosa; cada solução abre ou fecha possibilidades para os próximos passos.	Investigar a fundo.	stat:INT>=7	SQ_07_11	xp=5;flag:sq_7_helped=1	SQ_07_11	fatigue=2;reputation=-1		Usar uma habilidade específica.	level>=2&skill:ELY_0018	SQ_07_12	xp=4;fatigue=1;reputation=1;cityThreat:Crystalia=1;item:ITEM_MINERAL=1	SQ_07_12	fatigue=2		STORY_sq_7	flag:sq_7_active	3
SQ_07_11	CHAIN	COMMON	ADVENTURER	Orinthal	Crystalia	2	1	10	O Rumor da Dungeon — etapa 11	A consequência da etapa anterior se manifesta em Crystalia. O problema exige uma decisão mais cuidadosa; cada solução abre ou fecha possibilidades para os próximos passos.	Investigar a fundo.	stat:INT>=8	SQ_07_12	xp=5;flag:sq_7_helped=1	SQ_07_12	fatigue=2;reputation=-1		Agir rapidamente.	stat:FOR>=7	SQ_07_13	xp=4;fatigue=1;reputation=1	SQ_07_13	fatigue=2		STORY_sq_7	flag:sq_7_active	3
SQ_07_12	CHAIN	COMMON	ADVENTURER	Orinthal	Crystalia	2	1	10	O Rumor da Dungeon — etapa 12	A consequência da etapa anterior se manifesta em Crystalia. O problema exige uma decisão mais cuidadosa; cada solução abre ou fecha possibilidades para os próximos passos.	Investigar a fundo.	stat:INT>=6	SQ_07_13	xp=6;flag:sq_7_helped=1	SQ_07_13	fatigue=2;reputation=-1	MON_0036	Agir rapidamente.	stat:FOR>=6	SQ_07_14	xp=4;fatigue=1;reputation=1	SQ_07_14	fatigue=2	MON_0043	STORY_sq_7	flag:sq_7_active	3
SQ_07_13	CHAIN	COMMON	ADVENTURER	Orinthal	Crystalia	2	1	10	O Rumor da Dungeon — etapa 13	A consequência da etapa anterior se manifesta em Crystalia. O problema exige uma decisão mais cuidadosa; cada solução abre ou fecha possibilidades para os próximos passos.	Investigar a fundo.	stat:INT>=7	SQ_07_14	xp=6;flag:sq_7_helped=1;cityStability:Crystalia=1	SQ_07_14	fatigue=2;reputation=-1		Agir rapidamente.	stat:FOR>=7	SQ_07_15	xp=4;fatigue=1;reputation=1	SQ_07_15	fatigue=2		STORY_sq_7	flag:sq_7_active	3
SQ_07_14	CHAIN	COMMON	ADVENTURER	Orinthal	Crystalia	2	1	10	O Rumor da Dungeon — etapa 14	A consequência da etapa anterior se manifesta em Crystalia. O problema exige uma decisão mais cuidadosa; cada solução abre ou fecha possibilidades para os próximos passos.	Investigar a fundo.	stat:INT>=8	SQ_07_15	xp=6;flag:sq_7_helped=1	SQ_07_15	fatigue=2;reputation=-1		Agir rapidamente.	stat:FOR>=6	SQ_07_16	xp=4;fatigue=1;reputation=1;cityThreat:Crystalia=1	SQ_07_16	fatigue=2		STORY_sq_7	flag:sq_7_active	3
SQ_07_15	CHAIN	COMMON	ADVENTURER	Orinthal	Crystalia	2	1	10	O Rumor da Dungeon — etapa 15	A consequência da etapa anterior se manifesta em Crystalia. O problema exige uma decisão mais cuidadosa; cada solução abre ou fecha possibilidades para os próximos passos.	Investigar a fundo.	stat:INT>=6	SQ_07_16	xp=6;flag:sq_7_helped=1	SQ_07_16	fatigue=2;reputation=-1		Usar uma habilidade específica.	level>=2&skill:ELY_0023	SQ_07_17	xp=5;fatigue=1;reputation=1;item:ITEM_MINERAL=1	SQ_07_17	fatigue=2		STORY_sq_7	flag:sq_7_active	3
SQ_07_16	CHAIN	COMMON	ADVENTURER	Orinthal	Crystalia	2	1	10	O Rumor da Dungeon — etapa 16	A consequência da etapa anterior se manifesta em Crystalia. O problema exige uma decisão mais cuidadosa; cada solução abre ou fecha possibilidades para os próximos passos.	Investigar a fundo.	stat:INT>=7	SQ_07_17	xp=7;flag:sq_7_helped=1	SQ_07_17	fatigue=2;reputation=-1		Agir rapidamente.	stat:FOR>=6	SQ_07_18	xp=5;fatigue=1;reputation=1	SQ_07_18	fatigue=2		STORY_sq_7	flag:sq_7_active	3
SQ_07_17	CHAIN	COMMON	ADVENTURER	Orinthal	Crystalia	2	1	10	O Rumor da Dungeon — etapa 17	A consequência da etapa anterior se manifesta em Crystalia. O problema exige uma decisão mais cuidadosa; cada solução abre ou fecha possibilidades para os próximos passos.	Investigar a fundo.	stat:INT>=8	SQ_07_18	xp=7;flag:sq_7_helped=1;cityStability:Crystalia=1	SQ_07_18	fatigue=2;reputation=-1	MON_0049	Agir rapidamente.	stat:FOR>=7	SQ_07_19	xp=5;fatigue=1;reputation=1	SQ_07_19	fatigue=2	MON_0052	STORY_sq_7	flag:sq_7_active	3
SQ_07_18	CHAIN	COMMON	ADVENTURER	Orinthal	Crystalia	2	1	10	O Rumor da Dungeon — etapa 18	A consequência da etapa anterior se manifesta em Crystalia. O problema exige uma decisão mais cuidadosa; cada solução abre ou fecha possibilidades para os próximos passos.	Investigar a fundo.	stat:INT>=6	SQ_07_19	xp=7;flag:sq_7_helped=1	SQ_07_19	fatigue=2;reputation=-1		Agir rapidamente.	stat:FOR>=6	SQ_07_20	xp=5;fatigue=1;reputation=1;cityThreat:Crystalia=1	SQ_07_20	fatigue=2		STORY_sq_7	flag:sq_7_active	3
SQ_07_19	CHAIN	COMMON	ADVENTURER	Orinthal	Crystalia	2	1	10	O Rumor da Dungeon — etapa 19	A consequência da etapa anterior se manifesta em Crystalia. O problema exige uma decisão mais cuidadosa; cada solução abre ou fecha possibilidades para os próximos passos.	Investigar a fundo.	stat:INT>=7	SQ_07_20	xp=7;flag:sq_7_helped=1	SQ_07_20	fatigue=2;reputation=-1		Agir rapidamente.	stat:FOR>=7	SQ_07_20	xp=5;fatigue=1;reputation=1	SQ_07_20	fatigue=2		STORY_sq_7	flag:sq_7_active	3
SQ_07_20	CHAIN	COMMON	ADVENTURER	Orinthal	Crystalia	2	1	10	O Rumor da Dungeon — legado	O caso termina, mas a região não esquece. Dependendo das decisões anteriores, uma nova oportunidade ou uma nova dificuldade ficará disponível futuramente.	Encerrar e seguir viagem.	NONE	END	xp=18;gold=18;unflag:sq_7_active;flag:sq_7_complete=1;cityStability:Crystalia=1	END	fatigue=2;reputation=-1		Manter os contatos.	flag:sq_7_helped	END	xp=24;gold=10;reputation=4;rel:NPC_MIRIEL=3;unflag:sq_7_active;flag:sq_7_complete=1;flag:sq_7_contact=1;cityEconomy:Crystalia=2	END	fatigue=2		STORY_sq_7	flag:sq_7_active	3
SQ_08_01	CHAIN	COMMON	VALARYN	Zarim	Fornalia	2	1	10	A Colheita Perdida — começo	A Colheita Perdida: um problema aparentemente local se apresenta em Fornalia. Uma escolha agora poderá ecoar por muitos dias.	Aceitar investigar.	stat:PER>=6	SQ_08_02	flag:sq_8_started=1;flag:sq_8_active=1;xp=4	SQ_08_02	flag:sq_8_started=1;flag:sq_8_active=1;fatigue=1		Aceitar pela força da palavra.	stat:PRE>=6	SQ_08_03	flag:sq_8_started=1;flag:sq_8_active=1;reputation=1	SQ_08_03	flag:sq_8_started=1;flag:sq_8_active=1;fatigue=1		STORY_sq_8	!flag:sq_8_started&!flag:sq_8_complete	3
SQ_08_02	CHAIN	COMMON	VALARYN	Zarim	Fornalia	2	1	10	A Colheita Perdida — etapa 2	A consequência da etapa anterior se manifesta em Fornalia. O problema exige uma decisão mais cuidadosa; cada solução abre ou fecha possibilidades para os próximos passos.	Investigar a fundo.	stat:INT>=8	SQ_08_03	xp=3;flag:sq_8_helped=1	SQ_08_03	fatigue=2;reputation=-1		Agir rapidamente.	stat:FOR>=6	SQ_08_04	xp=2;fatigue=1;reputation=1;cityThreat:Fornalia=1	SQ_08_04	fatigue=2		STORY_sq_8	flag:sq_8_active	3
SQ_08_03	CHAIN	COMMON	VALARYN	Zarim	Fornalia	2	1	10	A Colheita Perdida — etapa 3	A consequência da etapa anterior se manifesta em Fornalia. O problema exige uma decisão mais cuidadosa; cada solução abre ou fecha possibilidades para os próximos passos.	Investigar a fundo.	stat:INT>=6	SQ_08_04	xp=3;flag:sq_8_helped=1	SQ_08_04	fatigue=2;reputation=-1		Agir rapidamente.	stat:FOR>=7	SQ_08_05	xp=2;fatigue=1;reputation=1	SQ_08_05	fatigue=2		STORY_sq_8	flag:sq_8_active	3
SQ_08_04	CHAIN	COMMON	VALARYN	Zarim	Fornalia	2	1	10	A Colheita Perdida — etapa 4	A consequência da etapa anterior se manifesta em Fornalia. O problema exige uma decisão mais cuidadosa; cada solução abre ou fecha possibilidades para os próximos passos.	Investigar a fundo.	stat:INT>=7	SQ_08_05	xp=4;flag:sq_8_helped=1	SQ_08_05	fatigue=2;reputation=-1		Agir rapidamente.	stat:FOR>=6	SQ_08_06	xp=2;fatigue=1;reputation=1	SQ_08_06	fatigue=2		STORY_sq_8	flag:sq_8_active	3
SQ_08_05	CHAIN	COMMON	VALARYN	Zarim	Fornalia	2	1	10	A Colheita Perdida — etapa 5	A consequência da etapa anterior se manifesta em Fornalia. O problema exige uma decisão mais cuidadosa; cada solução abre ou fecha possibilidades para os próximos passos.	Investigar a fundo.	stat:INT>=8	SQ_08_06	xp=4;flag:sq_8_helped=1;cityStability:Fornalia=1	SQ_08_06	fatigue=2;reputation=-1		Usar uma habilidade específica.	level>=2&skill:ELY_0014	SQ_08_07	xp=3;fatigue=1;reputation=1;item:ITEM_MINERAL=1	SQ_08_07	fatigue=2		STORY_sq_8	flag:sq_8_active	3
SQ_08_06	CHAIN	COMMON	VALARYN	Zarim	Fornalia	2	1	10	A Colheita Perdida — etapa 6	A consequência da etapa anterior se manifesta em Fornalia. O problema exige uma decisão mais cuidadosa; cada solução abre ou fecha possibilidades para os próximos passos.	Investigar a fundo.	stat:INT>=6	SQ_08_07	xp=4;flag:sq_8_helped=1	SQ_08_07	fatigue=2;reputation=-1	MON_0021	Agir rapidamente.	stat:FOR>=6	SQ_08_08	xp=3;fatigue=1;reputation=1;cityThreat:Fornalia=1	SQ_08_08	fatigue=2	MON_0027	STORY_sq_8	flag:sq_8_active	3
SQ_08_07	CHAIN	COMMON	VALARYN	Zarim	Fornalia	2	1	10	A Colheita Perdida — etapa 7	A consequência da etapa anterior se manifesta em Fornalia. O problema exige uma decisão mais cuidadosa; cada solução abre ou fecha possibilidades para os próximos passos.	Investigar a fundo.	stat:INT>=7	SQ_08_08	xp=4;flag:sq_8_helped=1	SQ_08_08	fatigue=2;reputation=-1		Agir rapidamente.	stat:FOR>=7	SQ_08_09	xp=3;fatigue=1;reputation=1	SQ_08_09	fatigue=2		STORY_sq_8	flag:sq_8_active	3
SQ_08_08	CHAIN	COMMON	VALARYN	Zarim	Fornalia	2	1	10	A Colheita Perdida — etapa 8	A consequência da etapa anterior se manifesta em Fornalia. O problema exige uma decisão mais cuidadosa; cada solução abre ou fecha possibilidades para os próximos passos.	Investigar a fundo.	stat:INT>=8	SQ_08_09	xp=5;flag:sq_8_helped=1	SQ_08_09	fatigue=2;reputation=-1		Agir rapidamente.	stat:FOR>=6	SQ_08_10	xp=3;fatigue=1;reputation=1	SQ_08_10	fatigue=2		STORY_sq_8	flag:sq_8_active	3
SQ_08_09	CHAIN	COMMON	VALARYN	Zarim	Fornalia	2	1	10	A Colheita Perdida — etapa 9	A consequência da etapa anterior se manifesta em Fornalia. O problema exige uma decisão mais cuidadosa; cada solução abre ou fecha possibilidades para os próximos passos.	Investigar a fundo.	stat:INT>=6	SQ_08_10	xp=5;flag:sq_8_helped=1;cityStability:Fornalia=1	SQ_08_10	fatigue=2;reputation=-1		Agir rapidamente.	stat:FOR>=7	SQ_08_11	xp=3;fatigue=1;reputation=1	SQ_08_11	fatigue=2		STORY_sq_8	flag:sq_8_active	3
SQ_08_10	CHAIN	COMMON	VALARYN	Zarim	Fornalia	2	1	10	A Colheita Perdida — etapa 10	A consequência da etapa anterior se manifesta em Fornalia. O problema exige uma decisão mais cuidadosa; cada solução abre ou fecha possibilidades para os próximos passos.	Investigar a fundo.	stat:INT>=7	SQ_08_11	xp=5;flag:sq_8_helped=1	SQ_08_11	fatigue=2;reputation=-1		Usar uma habilidade específica.	level>=2&skill:ELY_0019	SQ_08_12	xp=4;fatigue=1;reputation=1;cityThreat:Fornalia=1;item:ITEM_MINERAL=1	SQ_08_12	fatigue=2		STORY_sq_8	flag:sq_8_active	3
SQ_08_11	CHAIN	COMMON	VALARYN	Zarim	Fornalia	2	1	10	A Colheita Perdida — etapa 11	A consequência da etapa anterior se manifesta em Fornalia. O problema exige uma decisão mais cuidadosa; cada solução abre ou fecha possibilidades para os próximos passos.	Investigar a fundo.	stat:INT>=8	SQ_08_12	xp=5;flag:sq_8_helped=1	SQ_08_12	fatigue=2;reputation=-1		Agir rapidamente.	stat:FOR>=7	SQ_08_13	xp=4;fatigue=1;reputation=1	SQ_08_13	fatigue=2		STORY_sq_8	flag:sq_8_active	3
SQ_08_12	CHAIN	COMMON	VALARYN	Zarim	Fornalia	2	1	10	A Colheita Perdida — etapa 12	A consequência da etapa anterior se manifesta em Fornalia. O problema exige uma decisão mais cuidadosa; cada solução abre ou fecha possibilidades para os próximos passos.	Investigar a fundo.	stat:INT>=6	SQ_08_13	xp=6;flag:sq_8_helped=1	SQ_08_13	fatigue=2;reputation=-1	MON_0033	Agir rapidamente.	stat:FOR>=6	SQ_08_14	xp=4;fatigue=1;reputation=1	SQ_08_14	fatigue=2	MON_0036	STORY_sq_8	flag:sq_8_active	3
SQ_08_13	CHAIN	COMMON	VALARYN	Zarim	Fornalia	2	1	10	A Colheita Perdida — etapa 13	A consequência da etapa anterior se manifesta em Fornalia. O problema exige uma decisão mais cuidadosa; cada solução abre ou fecha possibilidades para os próximos passos.	Investigar a fundo.	stat:INT>=7	SQ_08_14	xp=6;flag:sq_8_helped=1;cityStability:Fornalia=1	SQ_08_14	fatigue=2;reputation=-1		Agir rapidamente.	stat:FOR>=7	SQ_08_15	xp=4;fatigue=1;reputation=1	SQ_08_15	fatigue=2		STORY_sq_8	flag:sq_8_active	3
SQ_08_14	CHAIN	COMMON	VALARYN	Zarim	Fornalia	2	1	10	A Colheita Perdida — etapa 14	A consequência da etapa anterior se manifesta em Fornalia. O problema exige uma decisão mais cuidadosa; cada solução abre ou fecha possibilidades para os próximos passos.	Investigar a fundo.	stat:INT>=8	SQ_08_15	xp=6;flag:sq_8_helped=1	SQ_08_15	fatigue=2;reputation=-1		Agir rapidamente.	stat:FOR>=6	SQ_08_16	xp=4;fatigue=1;reputation=1;cityThreat:Fornalia=1	SQ_08_16	fatigue=2		STORY_sq_8	flag:sq_8_active	3
SQ_08_15	CHAIN	COMMON	VALARYN	Zarim	Fornalia	2	1	10	A Colheita Perdida — etapa 15	A consequência da etapa anterior se manifesta em Fornalia. O problema exige uma decisão mais cuidadosa; cada solução abre ou fecha possibilidades para os próximos passos.	Investigar a fundo.	stat:INT>=6	SQ_08_16	xp=6;flag:sq_8_helped=1	SQ_08_16	fatigue=2;reputation=-1		Usar uma habilidade específica.	level>=2&skill:ELY_0024	SQ_08_17	xp=5;fatigue=1;reputation=1;item:ITEM_MINERAL=1	SQ_08_17	fatigue=2		STORY_sq_8	flag:sq_8_active	3
SQ_08_16	CHAIN	COMMON	VALARYN	Zarim	Fornalia	2	1	10	A Colheita Perdida — etapa 16	A consequência da etapa anterior se manifesta em Fornalia. O problema exige uma decisão mais cuidadosa; cada solução abre ou fecha possibilidades para os próximos passos.	Investigar a fundo.	stat:INT>=7	SQ_08_17	xp=7;flag:sq_8_helped=1	SQ_08_17	fatigue=2;reputation=-1		Agir rapidamente.	stat:FOR>=6	SQ_08_18	xp=5;fatigue=1;reputation=1	SQ_08_18	fatigue=2		STORY_sq_8	flag:sq_8_active	3
SQ_08_17	CHAIN	COMMON	VALARYN	Zarim	Fornalia	2	1	10	A Colheita Perdida — etapa 17	A consequência da etapa anterior se manifesta em Fornalia. O problema exige uma decisão mais cuidadosa; cada solução abre ou fecha possibilidades para os próximos passos.	Investigar a fundo.	stat:INT>=8	SQ_08_18	xp=7;flag:sq_8_helped=1;cityStability:Fornalia=1	SQ_08_18	fatigue=2;reputation=-1	MON_0041	Agir rapidamente.	stat:FOR>=7	SQ_08_19	xp=5;fatigue=1;reputation=1	SQ_08_19	fatigue=2	MON_0044	STORY_sq_8	flag:sq_8_active	3
SQ_08_18	CHAIN	COMMON	VALARYN	Zarim	Fornalia	2	1	10	A Colheita Perdida — etapa 18	A consequência da etapa anterior se manifesta em Fornalia. O problema exige uma decisão mais cuidadosa; cada solução abre ou fecha possibilidades para os próximos passos.	Investigar a fundo.	stat:INT>=6	SQ_08_19	xp=7;flag:sq_8_helped=1	SQ_08_19	fatigue=2;reputation=-1		Agir rapidamente.	stat:FOR>=6	SQ_08_20	xp=5;fatigue=1;reputation=1;cityThreat:Fornalia=1	SQ_08_20	fatigue=2		STORY_sq_8	flag:sq_8_active	3
SQ_08_19	CHAIN	COMMON	VALARYN	Zarim	Fornalia	2	1	10	A Colheita Perdida — etapa 19	A consequência da etapa anterior se manifesta em Fornalia. O problema exige uma decisão mais cuidadosa; cada solução abre ou fecha possibilidades para os próximos passos.	Investigar a fundo.	stat:INT>=7	SQ_08_20	xp=7;flag:sq_8_helped=1	SQ_08_20	fatigue=2;reputation=-1		Agir rapidamente.	stat:FOR>=7	SQ_08_20	xp=5;fatigue=1;reputation=1	SQ_08_20	fatigue=2		STORY_sq_8	flag:sq_8_active	3
SQ_08_20	CHAIN	COMMON	VALARYN	Zarim	Fornalia	2	1	10	A Colheita Perdida — legado	O caso termina, mas a região não esquece. Dependendo das decisões anteriores, uma nova oportunidade ou uma nova dificuldade ficará disponível futuramente.	Encerrar e seguir viagem.	NONE	END	xp=18;gold=18;unflag:sq_8_active;flag:sq_8_complete=1;cityStability:Fornalia=1	END	fatigue=2;reputation=-1		Manter os contatos.	flag:sq_8_helped	END	xp=24;gold=10;reputation=4;rel:NPC_MIRIEL=3;unflag:sq_8_active;flag:sq_8_complete=1;flag:sq_8_contact=1;cityEconomy:Fornalia=2	END	fatigue=2		STORY_sq_8	flag:sq_8_active	3
SQ_09_01	CHAIN	COMMON	INDEPENDENT	Lyrien	Aerocivitus	2	1	10	O Animal Ferido — começo	O Animal Ferido: um problema aparentemente local se apresenta em Aerocivitus. Uma escolha agora poderá ecoar por muitos dias.	Aceitar investigar.	stat:PER>=6	SQ_09_02	flag:sq_9_started=1;flag:sq_9_active=1;xp=4	SQ_09_02	flag:sq_9_started=1;flag:sq_9_active=1;fatigue=1		Aceitar pela força da palavra.	stat:PRE>=6	SQ_09_03	flag:sq_9_started=1;flag:sq_9_active=1;reputation=1	SQ_09_03	flag:sq_9_started=1;flag:sq_9_active=1;fatigue=1		STORY_sq_9	!flag:sq_9_started&!flag:sq_9_complete	3
SQ_09_02	CHAIN	COMMON	INDEPENDENT	Lyrien	Aerocivitus	2	1	10	O Animal Ferido — etapa 2	A consequência da etapa anterior se manifesta em Aerocivitus. O problema exige uma decisão mais cuidadosa; cada solução abre ou fecha possibilidades para os próximos passos.	Investigar a fundo.	stat:INT>=8	SQ_09_03	xp=3;flag:sq_9_helped=1	SQ_09_03	fatigue=2;reputation=-1		Agir rapidamente.	stat:FOR>=6	SQ_09_04	xp=2;fatigue=1;reputation=1;cityThreat:Aerocivitus=1	SQ_09_04	fatigue=2		STORY_sq_9	flag:sq_9_active	3
SQ_09_03	CHAIN	COMMON	INDEPENDENT	Lyrien	Aerocivitus	2	1	10	O Animal Ferido — etapa 3	A consequência da etapa anterior se manifesta em Aerocivitus. O problema exige uma decisão mais cuidadosa; cada solução abre ou fecha possibilidades para os próximos passos.	Investigar a fundo.	stat:INT>=6	SQ_09_04	xp=3;flag:sq_9_helped=1	SQ_09_04	fatigue=2;reputation=-1		Agir rapidamente.	stat:FOR>=7	SQ_09_05	xp=2;fatigue=1;reputation=1	SQ_09_05	fatigue=2		STORY_sq_9	flag:sq_9_active	3
SQ_09_04	CHAIN	COMMON	INDEPENDENT	Lyrien	Aerocivitus	2	1	10	O Animal Ferido — etapa 4	A consequência da etapa anterior se manifesta em Aerocivitus. O problema exige uma decisão mais cuidadosa; cada solução abre ou fecha possibilidades para os próximos passos.	Investigar a fundo.	stat:INT>=7	SQ_09_05	xp=4;flag:sq_9_helped=1	SQ_09_05	fatigue=2;reputation=-1		Agir rapidamente.	stat:FOR>=6	SQ_09_06	xp=2;fatigue=1;reputation=1	SQ_09_06	fatigue=2		STORY_sq_9	flag:sq_9_active	3
SQ_09_05	CHAIN	COMMON	INDEPENDENT	Lyrien	Aerocivitus	2	1	10	O Animal Ferido — etapa 5	A consequência da etapa anterior se manifesta em Aerocivitus. O problema exige uma decisão mais cuidadosa; cada solução abre ou fecha possibilidades para os próximos passos.	Investigar a fundo.	stat:INT>=8	SQ_09_06	xp=4;flag:sq_9_helped=1;cityStability:Aerocivitus=1	SQ_09_06	fatigue=2;reputation=-1		Usar uma habilidade específica.	level>=2&skill:ELY_0015	SQ_09_07	xp=3;fatigue=1;reputation=1;item:ITEM_MINERAL=1	SQ_09_07	fatigue=2		STORY_sq_9	flag:sq_9_active	3
SQ_09_06	CHAIN	COMMON	INDEPENDENT	Lyrien	Aerocivitus	2	1	10	O Animal Ferido — etapa 6	A consequência da etapa anterior se manifesta em Aerocivitus. O problema exige uma decisão mais cuidadosa; cada solução abre ou fecha possibilidades para os próximos passos.	Investigar a fundo.	stat:INT>=6	SQ_09_07	xp=4;flag:sq_9_helped=1	SQ_09_07	fatigue=2;reputation=-1	MON_0020	Agir rapidamente.	stat:FOR>=6	SQ_09_08	xp=3;fatigue=1;reputation=1;cityThreat:Aerocivitus=1	SQ_09_08	fatigue=2	MON_0025	STORY_sq_9	flag:sq_9_active	3
SQ_09_07	CHAIN	COMMON	INDEPENDENT	Lyrien	Aerocivitus	2	1	10	O Animal Ferido — etapa 7	A consequência da etapa anterior se manifesta em Aerocivitus. O problema exige uma decisão mais cuidadosa; cada solução abre ou fecha possibilidades para os próximos passos.	Investigar a fundo.	stat:INT>=7	SQ_09_08	xp=4;flag:sq_9_helped=1	SQ_09_08	fatigue=2;reputation=-1		Agir rapidamente.	stat:FOR>=7	SQ_09_09	xp=3;fatigue=1;reputation=1	SQ_09_09	fatigue=2		STORY_sq_9	flag:sq_9_active	3
SQ_09_08	CHAIN	COMMON	INDEPENDENT	Lyrien	Aerocivitus	2	1	10	O Animal Ferido — etapa 8	A consequência da etapa anterior se manifesta em Aerocivitus. O problema exige uma decisão mais cuidadosa; cada solução abre ou fecha possibilidades para os próximos passos.	Investigar a fundo.	stat:INT>=8	SQ_09_09	xp=5;flag:sq_9_helped=1	SQ_09_09	fatigue=2;reputation=-1		Agir rapidamente.	stat:FOR>=6	SQ_09_10	xp=3;fatigue=1;reputation=1	SQ_09_10	fatigue=2		STORY_sq_9	flag:sq_9_active	3
SQ_09_09	CHAIN	COMMON	INDEPENDENT	Lyrien	Aerocivitus	2	1	10	O Animal Ferido — etapa 9	A consequência da etapa anterior se manifesta em Aerocivitus. O problema exige uma decisão mais cuidadosa; cada solução abre ou fecha possibilidades para os próximos passos.	Investigar a fundo.	stat:INT>=6	SQ_09_10	xp=5;flag:sq_9_helped=1;cityStability:Aerocivitus=1	SQ_09_10	fatigue=2;reputation=-1		Agir rapidamente.	stat:FOR>=7	SQ_09_11	xp=3;fatigue=1;reputation=1	SQ_09_11	fatigue=2		STORY_sq_9	flag:sq_9_active	3
SQ_09_10	CHAIN	COMMON	INDEPENDENT	Lyrien	Aerocivitus	2	1	10	O Animal Ferido — etapa 10	A consequência da etapa anterior se manifesta em Aerocivitus. O problema exige uma decisão mais cuidadosa; cada solução abre ou fecha possibilidades para os próximos passos.	Investigar a fundo.	stat:INT>=7	SQ_09_11	xp=5;flag:sq_9_helped=1	SQ_09_11	fatigue=2;reputation=-1		Usar uma habilidade específica.	level>=2&skill:ELY_0020	SQ_09_12	xp=4;fatigue=1;reputation=1;cityThreat:Aerocivitus=1;item:ITEM_MINERAL=1	SQ_09_12	fatigue=2		STORY_sq_9	flag:sq_9_active	3
SQ_09_11	CHAIN	COMMON	INDEPENDENT	Lyrien	Aerocivitus	2	1	10	O Animal Ferido — etapa 11	A consequência da etapa anterior se manifesta em Aerocivitus. O problema exige uma decisão mais cuidadosa; cada solução abre ou fecha possibilidades para os próximos passos.	Investigar a fundo.	stat:INT>=8	SQ_09_12	xp=5;flag:sq_9_helped=1	SQ_09_12	fatigue=2;reputation=-1		Agir rapidamente.	stat:FOR>=7	SQ_09_13	xp=4;fatigue=1;reputation=1	SQ_09_13	fatigue=2		STORY_sq_9	flag:sq_9_active	3
SQ_09_12	CHAIN	COMMON	INDEPENDENT	Lyrien	Aerocivitus	2	1	10	O Animal Ferido — etapa 12	A consequência da etapa anterior se manifesta em Aerocivitus. O problema exige uma decisão mais cuidadosa; cada solução abre ou fecha possibilidades para os próximos passos.	Investigar a fundo.	stat:INT>=6	SQ_09_13	xp=6;flag:sq_9_helped=1	SQ_09_13	fatigue=2;reputation=-1	MON_0028	Agir rapidamente.	stat:FOR>=6	SQ_09_14	xp=4;fatigue=1;reputation=1	SQ_09_14	fatigue=2	MON_0033	STORY_sq_9	flag:sq_9_active	3
SQ_09_13	CHAIN	COMMON	INDEPENDENT	Lyrien	Aerocivitus	2	1	10	O Animal Ferido — etapa 13	A consequência da etapa anterior se manifesta em Aerocivitus. O problema exige uma decisão mais cuidadosa; cada solução abre ou fecha possibilidades para os próximos passos.	Investigar a fundo.	stat:INT>=7	SQ_09_14	xp=6;flag:sq_9_helped=1;cityStability:Aerocivitus=1	SQ_09_14	fatigue=2;reputation=-1		Agir rapidamente.	stat:FOR>=7	SQ_09_15	xp=4;fatigue=1;reputation=1	SQ_09_15	fatigue=2		STORY_sq_9	flag:sq_9_active	3
SQ_09_14	CHAIN	COMMON	INDEPENDENT	Lyrien	Aerocivitus	2	1	10	O Animal Ferido — etapa 14	A consequência da etapa anterior se manifesta em Aerocivitus. O problema exige uma decisão mais cuidadosa; cada solução abre ou fecha possibilidades para os próximos passos.	Investigar a fundo.	stat:INT>=8	SQ_09_15	xp=6;flag:sq_9_helped=1	SQ_09_15	fatigue=2;reputation=-1		Agir rapidamente.	stat:FOR>=6	SQ_09_16	xp=4;fatigue=1;reputation=1;cityThreat:Aerocivitus=1	SQ_09_16	fatigue=2		STORY_sq_9	flag:sq_9_active	3
SQ_09_15	CHAIN	COMMON	INDEPENDENT	Lyrien	Aerocivitus	2	1	10	O Animal Ferido — etapa 15	A consequência da etapa anterior se manifesta em Aerocivitus. O problema exige uma decisão mais cuidadosa; cada solução abre ou fecha possibilidades para os próximos passos.	Investigar a fundo.	stat:INT>=6	SQ_09_16	xp=6;flag:sq_9_helped=1	SQ_09_16	fatigue=2;reputation=-1		Usar uma habilidade específica.	level>=2&skill:ELY_0025	SQ_09_17	xp=5;fatigue=1;reputation=1;item:ITEM_MINERAL=1	SQ_09_17	fatigue=2		STORY_sq_9	flag:sq_9_active	3
SQ_09_16	CHAIN	COMMON	INDEPENDENT	Lyrien	Aerocivitus	2	1	10	O Animal Ferido — etapa 16	A consequência da etapa anterior se manifesta em Aerocivitus. O problema exige uma decisão mais cuidadosa; cada solução abre ou fecha possibilidades para os próximos passos.	Investigar a fundo.	stat:INT>=7	SQ_09_17	xp=7;flag:sq_9_helped=1	SQ_09_17	fatigue=2;reputation=-1		Agir rapidamente.	stat:FOR>=6	SQ_09_18	xp=5;fatigue=1;reputation=1	SQ_09_18	fatigue=2		STORY_sq_9	flag:sq_9_active	3
SQ_09_17	CHAIN	COMMON	INDEPENDENT	Lyrien	Aerocivitus	2	1	10	O Animal Ferido — etapa 17	A consequência da etapa anterior se manifesta em Aerocivitus. O problema exige uma decisão mais cuidadosa; cada solução abre ou fecha possibilidades para os próximos passos.	Investigar a fundo.	stat:INT>=8	SQ_09_18	xp=7;flag:sq_9_helped=1;cityStability:Aerocivitus=1	SQ_09_18	fatigue=2;reputation=-1	MON_0035	Agir rapidamente.	stat:FOR>=7	SQ_09_19	xp=5;fatigue=1;reputation=1	SQ_09_19	fatigue=2	MON_0038	STORY_sq_9	flag:sq_9_active	3
SQ_09_18	CHAIN	COMMON	INDEPENDENT	Lyrien	Aerocivitus	2	1	10	O Animal Ferido — etapa 18	A consequência da etapa anterior se manifesta em Aerocivitus. O problema exige uma decisão mais cuidadosa; cada solução abre ou fecha possibilidades para os próximos passos.	Investigar a fundo.	stat:INT>=6	SQ_09_19	xp=7;flag:sq_9_helped=1	SQ_09_19	fatigue=2;reputation=-1		Agir rapidamente.	stat:FOR>=6	SQ_09_20	xp=5;fatigue=1;reputation=1;cityThreat:Aerocivitus=1	SQ_09_20	fatigue=2		STORY_sq_9	flag:sq_9_active	3
SQ_09_19	CHAIN	COMMON	INDEPENDENT	Lyrien	Aerocivitus	2	1	10	O Animal Ferido — etapa 19	A consequência da etapa anterior se manifesta em Aerocivitus. O problema exige uma decisão mais cuidadosa; cada solução abre ou fecha possibilidades para os próximos passos.	Investigar a fundo.	stat:INT>=7	SQ_09_20	xp=7;flag:sq_9_helped=1	SQ_09_20	fatigue=2;reputation=-1		Agir rapidamente.	stat:FOR>=7	SQ_09_20	xp=5;fatigue=1;reputation=1	SQ_09_20	fatigue=2		STORY_sq_9	flag:sq_9_active	3
SQ_09_20	CHAIN	COMMON	INDEPENDENT	Lyrien	Aerocivitus	2	1	10	O Animal Ferido — legado	O caso termina, mas a região não esquece. Dependendo das decisões anteriores, uma nova oportunidade ou uma nova dificuldade ficará disponível futuramente.	Encerrar e seguir viagem.	NONE	END	xp=18;gold=18;unflag:sq_9_active;flag:sq_9_complete=1;cityStability:Aerocivitus=1	END	fatigue=2;reputation=-1		Manter os contatos.	flag:sq_9_helped	END	xp=24;gold=10;reputation=4;rel:NPC_MIRIEL=3;unflag:sq_9_active;flag:sq_9_complete=1;flag:sq_9_contact=1;cityEconomy:Aerocivitus=2	END	fatigue=2		STORY_sq_9	flag:sq_9_active	3
SQ_10_01	CHAIN	RARE	ANY	Myrthos	Sem nome definido	2	1	10	A Máscara do Festival — começo	A Máscara do Festival: um problema aparentemente local se apresenta em Sem nome definido. Uma escolha agora poderá ecoar por muitos dias.	Aceitar investigar.	stat:PER>=6	SQ_10_02	flag:sq_10_started=1;flag:sq_10_active=1;xp=4	SQ_10_02	flag:sq_10_started=1;flag:sq_10_active=1;fatigue=1		Aceitar pela força da palavra.	stat:PRE>=6	SQ_10_03	flag:sq_10_started=1;flag:sq_10_active=1;reputation=1	SQ_10_03	flag:sq_10_started=1;flag:sq_10_active=1;fatigue=1		STORY_sq_10	!flag:sq_10_started&!flag:sq_10_complete	3
SQ_10_02	CHAIN	RARE	ANY	Myrthos	Sem nome definido	2	1	10	A Máscara do Festival — etapa 2	A consequência da etapa anterior se manifesta em Sem nome definido. O problema exige uma decisão mais cuidadosa; cada solução abre ou fecha possibilidades para os próximos passos.	Investigar a fundo.	stat:INT>=8	SQ_10_03	xp=3;flag:sq_10_helped=1	SQ_10_03	fatigue=2;reputation=-1		Agir rapidamente.	stat:FOR>=6	SQ_10_04	xp=2;fatigue=1;reputation=1;cityThreat:Sem nome definido=1	SQ_10_04	fatigue=2		STORY_sq_10	flag:sq_10_active	3
SQ_10_03	CHAIN	RARE	ANY	Myrthos	Sem nome definido	2	1	10	A Máscara do Festival — etapa 3	A consequência da etapa anterior se manifesta em Sem nome definido. O problema exige uma decisão mais cuidadosa; cada solução abre ou fecha possibilidades para os próximos passos.	Investigar a fundo.	stat:INT>=6	SQ_10_04	xp=3;flag:sq_10_helped=1	SQ_10_04	fatigue=2;reputation=-1		Agir rapidamente.	stat:FOR>=7	SQ_10_05	xp=2;fatigue=1;reputation=1	SQ_10_05	fatigue=2		STORY_sq_10	flag:sq_10_active	3
SQ_10_04	CHAIN	RARE	ANY	Myrthos	Sem nome definido	2	1	10	A Máscara do Festival — etapa 4	A consequência da etapa anterior se manifesta em Sem nome definido. O problema exige uma decisão mais cuidadosa; cada solução abre ou fecha possibilidades para os próximos passos.	Investigar a fundo.	stat:INT>=7	SQ_10_05	xp=4;flag:sq_10_helped=1	SQ_10_05	fatigue=2;reputation=-1		Agir rapidamente.	stat:FOR>=6	SQ_10_06	xp=2;fatigue=1;reputation=1	SQ_10_06	fatigue=2		STORY_sq_10	flag:sq_10_active	3
SQ_10_05	CHAIN	RARE	ANY	Myrthos	Sem nome definido	2	1	10	A Máscara do Festival — etapa 5	A consequência da etapa anterior se manifesta em Sem nome definido. O problema exige uma decisão mais cuidadosa; cada solução abre ou fecha possibilidades para os próximos passos.	Investigar a fundo.	stat:INT>=8	SQ_10_06	xp=4;flag:sq_10_helped=1;cityStability:Sem nome definido=1	SQ_10_06	fatigue=2;reputation=-1		Usar uma habilidade específica.	level>=2&skill:ELY_0016	SQ_10_07	xp=3;fatigue=1;reputation=1;item:ITEM_MINERAL=1	SQ_10_07	fatigue=2		STORY_sq_10	flag:sq_10_active	3
SQ_10_06	CHAIN	RARE	ANY	Myrthos	Sem nome definido	2	1	10	A Máscara do Festival — etapa 6	A consequência da etapa anterior se manifesta em Sem nome definido. O problema exige uma decisão mais cuidadosa; cada solução abre ou fecha possibilidades para os próximos passos.	Investigar a fundo.	stat:INT>=6	SQ_10_07	xp=4;flag:sq_10_helped=1	SQ_10_07	fatigue=2;reputation=-1	MON_0019	Agir rapidamente.	stat:FOR>=6	SQ_10_08	xp=3;fatigue=1;reputation=1;cityThreat:Sem nome definido=1	SQ_10_08	fatigue=2	MON_0022	STORY_sq_10	flag:sq_10_active	3
SQ_10_07	CHAIN	RARE	ANY	Myrthos	Sem nome definido	2	1	10	A Máscara do Festival — etapa 7	A consequência da etapa anterior se manifesta em Sem nome definido. O problema exige uma decisão mais cuidadosa; cada solução abre ou fecha possibilidades para os próximos passos.	Investigar a fundo.	stat:INT>=7	SQ_10_08	xp=4;flag:sq_10_helped=1	SQ_10_08	fatigue=2;reputation=-1		Agir rapidamente.	stat:FOR>=7	SQ_10_09	xp=3;fatigue=1;reputation=1	SQ_10_09	fatigue=2		STORY_sq_10	flag:sq_10_active	3
SQ_10_08	CHAIN	RARE	ANY	Myrthos	Sem nome definido	2	1	10	A Máscara do Festival — etapa 8	A consequência da etapa anterior se manifesta em Sem nome definido. O problema exige uma decisão mais cuidadosa; cada solução abre ou fecha possibilidades para os próximos passos.	Investigar a fundo.	stat:INT>=8	SQ_10_09	xp=5;flag:sq_10_helped=1	SQ_10_09	fatigue=2;reputation=-1		Agir rapidamente.	stat:FOR>=6	SQ_10_10	xp=3;fatigue=1;reputation=1	SQ_10_10	fatigue=2		STORY_sq_10	flag:sq_10_active	3
SQ_10_09	CHAIN	RARE	ANY	Myrthos	Sem nome definido	2	1	10	A Máscara do Festival — etapa 9	A consequência da etapa anterior se manifesta em Sem nome definido. O problema exige uma decisão mais cuidadosa; cada solução abre ou fecha possibilidades para os próximos passos.	Investigar a fundo.	stat:INT>=6	SQ_10_10	xp=5;flag:sq_10_helped=1;cityStability:Sem nome definido=1	SQ_10_10	fatigue=2;reputation=-1		Agir rapidamente.	stat:FOR>=7	SQ_10_11	xp=3;fatigue=1;reputation=1	SQ_10_11	fatigue=2		STORY_sq_10	flag:sq_10_active	3
SQ_10_10	CHAIN	RARE	ANY	Myrthos	Sem nome definido	2	1	10	A Máscara do Festival — etapa 10	A consequência da etapa anterior se manifesta em Sem nome definido. O problema exige uma decisão mais cuidadosa; cada solução abre ou fecha possibilidades para os próximos passos.	Investigar a fundo.	stat:INT>=7	SQ_10_11	xp=5;flag:sq_10_helped=1	SQ_10_11	fatigue=2;reputation=-1		Usar uma habilidade específica.	level>=2&skill:ELY_0021	SQ_10_12	xp=4;fatigue=1;reputation=1;cityThreat:Sem nome definido=1;item:ITEM_MINERAL=1	SQ_10_12	fatigue=2		STORY_sq_10	flag:sq_10_active	3
SQ_10_11	CHAIN	RARE	ANY	Myrthos	Sem nome definido	2	1	10	A Máscara do Festival — etapa 11	A consequência da etapa anterior se manifesta em Sem nome definido. O problema exige uma decisão mais cuidadosa; cada solução abre ou fecha possibilidades para os próximos passos.	Investigar a fundo.	stat:INT>=8	SQ_10_12	xp=5;flag:sq_10_helped=1	SQ_10_12	fatigue=2;reputation=-1		Agir rapidamente.	stat:FOR>=7	SQ_10_13	xp=4;fatigue=1;reputation=1	SQ_10_13	fatigue=2		STORY_sq_10	flag:sq_10_active	3
SQ_10_12	CHAIN	RARE	ANY	Myrthos	Sem nome definido	2	1	10	A Máscara do Festival — etapa 12	A consequência da etapa anterior se manifesta em Sem nome definido. O problema exige uma decisão mais cuidadosa; cada solução abre ou fecha possibilidades para os próximos passos.	Investigar a fundo.	stat:INT>=6	SQ_10_13	xp=6;flag:sq_10_helped=1	SQ_10_13	fatigue=2;reputation=-1	MON_0026	Agir rapidamente.	stat:FOR>=6	SQ_10_14	xp=4;fatigue=1;reputation=1	SQ_10_14	fatigue=2	MON_0029	STORY_sq_10	flag:sq_10_active	3
SQ_10_13	CHAIN	RARE	ANY	Myrthos	Sem nome definido	2	1	10	A Máscara do Festival — etapa 13	A consequência da etapa anterior se manifesta em Sem nome definido. O problema exige uma decisão mais cuidadosa; cada solução abre ou fecha possibilidades para os próximos passos.	Investigar a fundo.	stat:INT>=7	SQ_10_14	xp=6;flag:sq_10_helped=1;cityStability:Sem nome definido=1	SQ_10_14	fatigue=2;reputation=-1		Agir rapidamente.	stat:FOR>=7	SQ_10_15	xp=4;fatigue=1;reputation=1	SQ_10_15	fatigue=2		STORY_sq_10	flag:sq_10_active	3
SQ_10_14	CHAIN	RARE	ANY	Myrthos	Sem nome definido	2	1	10	A Máscara do Festival — etapa 14	A consequência da etapa anterior se manifesta em Sem nome definido. O problema exige uma decisão mais cuidadosa; cada solução abre ou fecha possibilidades para os próximos passos.	Investigar a fundo.	stat:INT>=8	SQ_10_15	xp=6;flag:sq_10_helped=1	SQ_10_15	fatigue=2;reputation=-1		Agir rapidamente.	stat:FOR>=6	SQ_10_16	xp=4;fatigue=1;reputation=1;cityThreat:Sem nome definido=1	SQ_10_16	fatigue=2		STORY_sq_10	flag:sq_10_active	3
SQ_10_15	CHAIN	RARE	ANY	Myrthos	Sem nome definido	2	1	10	A Máscara do Festival — etapa 15	A consequência da etapa anterior se manifesta em Sem nome definido. O problema exige uma decisão mais cuidadosa; cada solução abre ou fecha possibilidades para os próximos passos.	Investigar a fundo.	stat:INT>=6	SQ_10_16	xp=6;flag:sq_10_helped=1	SQ_10_16	fatigue=2;reputation=-1		Usar uma habilidade específica.	level>=2&skill:ELY_0026	SQ_10_17	xp=5;fatigue=1;reputation=1;item:ITEM_MINERAL=1	SQ_10_17	fatigue=2		STORY_sq_10	flag:sq_10_active	3
SQ_10_16	CHAIN	RARE	ANY	Myrthos	Sem nome definido	2	1	10	A Máscara do Festival — etapa 16	A consequência da etapa anterior se manifesta em Sem nome definido. O problema exige uma decisão mais cuidadosa; cada solução abre ou fecha possibilidades para os próximos passos.	Investigar a fundo.	stat:INT>=7	SQ_10_17	xp=7;flag:sq_10_helped=1	SQ_10_17	fatigue=2;reputation=-1		Agir rapidamente.	stat:FOR>=6	SQ_10_18	xp=5;fatigue=1;reputation=1	SQ_10_18	fatigue=2		STORY_sq_10	flag:sq_10_active	3
SQ_10_17	CHAIN	RARE	ANY	Myrthos	Sem nome definido	2	1	10	A Máscara do Festival — etapa 17	A consequência da etapa anterior se manifesta em Sem nome definido. O problema exige uma decisão mais cuidadosa; cada solução abre ou fecha possibilidades para os próximos passos.	Investigar a fundo.	stat:INT>=8	SQ_10_18	xp=7;flag:sq_10_helped=1;cityStability:Sem nome definido=1	SQ_10_18	fatigue=2;reputation=-1	MON_0031	Agir rapidamente.	stat:FOR>=7	SQ_10_19	xp=5;fatigue=1;reputation=1	SQ_10_19	fatigue=2	MON_0035	STORY_sq_10	flag:sq_10_active	3
SQ_10_18	CHAIN	RARE	ANY	Myrthos	Sem nome definido	2	1	10	A Máscara do Festival — etapa 18	A consequência da etapa anterior se manifesta em Sem nome definido. O problema exige uma decisão mais cuidadosa; cada solução abre ou fecha possibilidades para os próximos passos.	Investigar a fundo.	stat:INT>=6	SQ_10_19	xp=7;flag:sq_10_helped=1	SQ_10_19	fatigue=2;reputation=-1		Agir rapidamente.	stat:FOR>=6	SQ_10_20	xp=5;fatigue=1;reputation=1;cityThreat:Sem nome definido=1	SQ_10_20	fatigue=2		STORY_sq_10	flag:sq_10_active	3
SQ_10_19	CHAIN	RARE	ANY	Myrthos	Sem nome definido	2	1	10	A Máscara do Festival — etapa 19	A consequência da etapa anterior se manifesta em Sem nome definido. O problema exige uma decisão mais cuidadosa; cada solução abre ou fecha possibilidades para os próximos passos.	Investigar a fundo.	stat:INT>=7	SQ_10_20	xp=7;flag:sq_10_helped=1	SQ_10_20	fatigue=2;reputation=-1		Agir rapidamente.	stat:FOR>=7	SQ_10_20	xp=5;fatigue=1;reputation=1	SQ_10_20	fatigue=2		STORY_sq_10	flag:sq_10_active	3
SQ_10_20	CHAIN	RARE	ANY	Myrthos	Sem nome definido	2	1	10	A Máscara do Festival — legado	O caso termina, mas a região não esquece. Dependendo das decisões anteriores, uma nova oportunidade ou uma nova dificuldade ficará disponível futuramente.	Encerrar e seguir viagem.	NONE	END	xp=18;gold=18;unflag:sq_10_active;flag:sq_10_complete=1;cityStability:Sem nome definido=1	END	fatigue=2;reputation=-1		Manter os contatos.	flag:sq_10_helped	END	xp=24;gold=10;reputation=4;rel:NPC_MIRIEL=3;unflag:sq_10_active;flag:sq_10_complete=1;flag:sq_10_contact=1;cityEconomy:Sem nome definido=2	END	fatigue=2		STORY_sq_10	flag:sq_10_active	3
SQ_11_01	CHAIN	COMMON	ANY	Aeloria	Crestwyn	2	1	10	A Dívida Antiga — começo	A Dívida Antiga: um problema aparentemente local se apresenta em Crestwyn. Uma escolha agora poderá ecoar por muitos dias.	Aceitar investigar.	stat:PER>=6	SQ_11_02	flag:sq_11_started=1;flag:sq_11_active=1;xp=4	SQ_11_02	flag:sq_11_started=1;flag:sq_11_active=1;fatigue=1		Aceitar pela força da palavra.	stat:PRE>=6	SQ_11_03	flag:sq_11_started=1;flag:sq_11_active=1;reputation=1	SQ_11_03	flag:sq_11_started=1;flag:sq_11_active=1;fatigue=1		STORY_sq_11	!flag:sq_11_started&!flag:sq_11_complete	3
SQ_11_02	CHAIN	COMMON	ANY	Aeloria	Crestwyn	2	1	10	A Dívida Antiga — etapa 2	A consequência da etapa anterior se manifesta em Crestwyn. O problema exige uma decisão mais cuidadosa; cada solução abre ou fecha possibilidades para os próximos passos.	Investigar a fundo.	stat:INT>=8	SQ_11_03	xp=3;flag:sq_11_helped=1	SQ_11_03	fatigue=2;reputation=-1		Agir rapidamente.	stat:FOR>=6	SQ_11_04	xp=2;fatigue=1;reputation=1;cityThreat:Crestwyn=1	SQ_11_04	fatigue=2		STORY_sq_11	flag:sq_11_active	3
SQ_11_03	CHAIN	COMMON	ANY	Aeloria	Crestwyn	2	1	10	A Dívida Antiga — etapa 3	A consequência da etapa anterior se manifesta em Crestwyn. O problema exige uma decisão mais cuidadosa; cada solução abre ou fecha possibilidades para os próximos passos.	Investigar a fundo.	stat:INT>=6	SQ_11_04	xp=3;flag:sq_11_helped=1	SQ_11_04	fatigue=2;reputation=-1		Agir rapidamente.	stat:FOR>=7	SQ_11_05	xp=2;fatigue=1;reputation=1	SQ_11_05	fatigue=2		STORY_sq_11	flag:sq_11_active	3
SQ_11_04	CHAIN	COMMON	ANY	Aeloria	Crestwyn	2	1	10	A Dívida Antiga — etapa 4	A consequência da etapa anterior se manifesta em Crestwyn. O problema exige uma decisão mais cuidadosa; cada solução abre ou fecha possibilidades para os próximos passos.	Investigar a fundo.	stat:INT>=7	SQ_11_05	xp=4;flag:sq_11_helped=1	SQ_11_05	fatigue=2;reputation=-1		Agir rapidamente.	stat:FOR>=6	SQ_11_06	xp=2;fatigue=1;reputation=1	SQ_11_06	fatigue=2		STORY_sq_11	flag:sq_11_active	3
SQ_11_05	CHAIN	COMMON	ANY	Aeloria	Crestwyn	2	1	10	A Dívida Antiga — etapa 5	A consequência da etapa anterior se manifesta em Crestwyn. O problema exige uma decisão mais cuidadosa; cada solução abre ou fecha possibilidades para os próximos passos.	Investigar a fundo.	stat:INT>=8	SQ_11_06	xp=4;flag:sq_11_helped=1;cityStability:Crestwyn=1	SQ_11_06	fatigue=2;reputation=-1		Usar uma habilidade específica.	level>=2&skill:ELY_0017	SQ_11_07	xp=3;fatigue=1;reputation=1;item:ITEM_MINERAL=1	SQ_11_07	fatigue=2		STORY_sq_11	flag:sq_11_active	3
SQ_11_06	CHAIN	COMMON	ANY	Aeloria	Crestwyn	2	1	10	A Dívida Antiga — etapa 6	A consequência da etapa anterior se manifesta em Crestwyn. O problema exige uma decisão mais cuidadosa; cada solução abre ou fecha possibilidades para os próximos passos.	Investigar a fundo.	stat:INT>=6	SQ_11_07	xp=4;flag:sq_11_helped=1	SQ_11_07	fatigue=2;reputation=-1	MON_0018	Agir rapidamente.	stat:FOR>=6	SQ_11_08	xp=3;fatigue=1;reputation=1;cityThreat:Crestwyn=1	SQ_11_08	fatigue=2	MON_0021	STORY_sq_11	flag:sq_11_active	3
SQ_11_07	CHAIN	COMMON	ANY	Aeloria	Crestwyn	2	1	10	A Dívida Antiga — etapa 7	A consequência da etapa anterior se manifesta em Crestwyn. O problema exige uma decisão mais cuidadosa; cada solução abre ou fecha possibilidades para os próximos passos.	Investigar a fundo.	stat:INT>=7	SQ_11_08	xp=4;flag:sq_11_helped=1	SQ_11_08	fatigue=2;reputation=-1		Agir rapidamente.	stat:FOR>=7	SQ_11_09	xp=3;fatigue=1;reputation=1	SQ_11_09	fatigue=2		STORY_sq_11	flag:sq_11_active	3
SQ_11_08	CHAIN	COMMON	ANY	Aeloria	Crestwyn	2	1	10	A Dívida Antiga — etapa 8	A consequência da etapa anterior se manifesta em Crestwyn. O problema exige uma decisão mais cuidadosa; cada solução abre ou fecha possibilidades para os próximos passos.	Investigar a fundo.	stat:INT>=8	SQ_11_09	xp=5;flag:sq_11_helped=1	SQ_11_09	fatigue=2;reputation=-1		Agir rapidamente.	stat:FOR>=6	SQ_11_10	xp=3;fatigue=1;reputation=1	SQ_11_10	fatigue=2		STORY_sq_11	flag:sq_11_active	3
SQ_11_09	CHAIN	COMMON	ANY	Aeloria	Crestwyn	2	1	10	A Dívida Antiga — etapa 9	A consequência da etapa anterior se manifesta em Crestwyn. O problema exige uma decisão mais cuidadosa; cada solução abre ou fecha possibilidades para os próximos passos.	Investigar a fundo.	stat:INT>=6	SQ_11_10	xp=5;flag:sq_11_helped=1;cityStability:Crestwyn=1	SQ_11_10	fatigue=2;reputation=-1		Agir rapidamente.	stat:FOR>=7	SQ_11_11	xp=3;fatigue=1;reputation=1	SQ_11_11	fatigue=2		STORY_sq_11	flag:sq_11_active	3
SQ_11_10	CHAIN	COMMON	ANY	Aeloria	Crestwyn	2	1	10	A Dívida Antiga — etapa 10	A consequência da etapa anterior se manifesta em Crestwyn. O problema exige uma decisão mais cuidadosa; cada solução abre ou fecha possibilidades para os próximos passos.	Investigar a fundo.	stat:INT>=7	SQ_11_11	xp=5;flag:sq_11_helped=1	SQ_11_11	fatigue=2;reputation=-1		Usar uma habilidade específica.	level>=2&skill:ELY_0022	SQ_11_12	xp=4;fatigue=1;reputation=1;cityThreat:Crestwyn=1;item:ITEM_MINERAL=1	SQ_11_12	fatigue=2		STORY_sq_11	flag:sq_11_active	3
SQ_11_11	CHAIN	COMMON	ANY	Aeloria	Crestwyn	2	1	10	A Dívida Antiga — etapa 11	A consequência da etapa anterior se manifesta em Crestwyn. O problema exige uma decisão mais cuidadosa; cada solução abre ou fecha possibilidades para os próximos passos.	Investigar a fundo.	stat:INT>=8	SQ_11_12	xp=5;flag:sq_11_helped=1	SQ_11_12	fatigue=2;reputation=-1		Agir rapidamente.	stat:FOR>=7	SQ_11_13	xp=4;fatigue=1;reputation=1	SQ_11_13	fatigue=2		STORY_sq_11	flag:sq_11_active	3
SQ_11_12	CHAIN	COMMON	ANY	Aeloria	Crestwyn	2	1	10	A Dívida Antiga — etapa 12	A consequência da etapa anterior se manifesta em Crestwyn. O problema exige uma decisão mais cuidadosa; cada solução abre ou fecha possibilidades para os próximos passos.	Investigar a fundo.	stat:INT>=6	SQ_11_13	xp=6;flag:sq_11_helped=1	SQ_11_13	fatigue=2;reputation=-1	MON_0024	Agir rapidamente.	stat:FOR>=6	SQ_11_14	xp=4;fatigue=1;reputation=1	SQ_11_14	fatigue=2	MON_0027	STORY_sq_11	flag:sq_11_active	3
SQ_11_13	CHAIN	COMMON	ANY	Aeloria	Crestwyn	2	1	10	A Dívida Antiga — etapa 13	A consequência da etapa anterior se manifesta em Crestwyn. O problema exige uma decisão mais cuidadosa; cada solução abre ou fecha possibilidades para os próximos passos.	Investigar a fundo.	stat:INT>=7	SQ_11_14	xp=6;flag:sq_11_helped=1;cityStability:Crestwyn=1	SQ_11_14	fatigue=2;reputation=-1		Agir rapidamente.	stat:FOR>=7	SQ_11_15	xp=4;fatigue=1;reputation=1	SQ_11_15	fatigue=2		STORY_sq_11	flag:sq_11_active	3
SQ_11_14	CHAIN	COMMON	ANY	Aeloria	Crestwyn	2	1	10	A Dívida Antiga — etapa 14	A consequência da etapa anterior se manifesta em Crestwyn. O problema exige uma decisão mais cuidadosa; cada solução abre ou fecha possibilidades para os próximos passos.	Investigar a fundo.	stat:INT>=8	SQ_11_15	xp=6;flag:sq_11_helped=1	SQ_11_15	fatigue=2;reputation=-1		Agir rapidamente.	stat:FOR>=6	SQ_11_16	xp=4;fatigue=1;reputation=1;cityThreat:Crestwyn=1	SQ_11_16	fatigue=2		STORY_sq_11	flag:sq_11_active	3
SQ_11_15	CHAIN	COMMON	ANY	Aeloria	Crestwyn	2	1	10	A Dívida Antiga — etapa 15	A consequência da etapa anterior se manifesta em Crestwyn. O problema exige uma decisão mais cuidadosa; cada solução abre ou fecha possibilidades para os próximos passos.	Investigar a fundo.	stat:INT>=6	SQ_11_16	xp=6;flag:sq_11_helped=1	SQ_11_16	fatigue=2;reputation=-1		Usar uma habilidade específica.	level>=2&skill:ELY_0027	SQ_11_17	xp=5;fatigue=1;reputation=1;item:ITEM_MINERAL=1	SQ_11_17	fatigue=2		STORY_sq_11	flag:sq_11_active	3
SQ_11_16	CHAIN	COMMON	ANY	Aeloria	Crestwyn	2	1	10	A Dívida Antiga — etapa 16	A consequência da etapa anterior se manifesta em Crestwyn. O problema exige uma decisão mais cuidadosa; cada solução abre ou fecha possibilidades para os próximos passos.	Investigar a fundo.	stat:INT>=7	SQ_11_17	xp=7;flag:sq_11_helped=1	SQ_11_17	fatigue=2;reputation=-1		Agir rapidamente.	stat:FOR>=6	SQ_11_18	xp=5;fatigue=1;reputation=1	SQ_11_18	fatigue=2		STORY_sq_11	flag:sq_11_active	3
SQ_11_17	CHAIN	COMMON	ANY	Aeloria	Crestwyn	2	1	10	A Dívida Antiga — etapa 17	A consequência da etapa anterior se manifesta em Crestwyn. O problema exige uma decisão mais cuidadosa; cada solução abre ou fecha possibilidades para os próximos passos.	Investigar a fundo.	stat:INT>=8	SQ_11_18	xp=7;flag:sq_11_helped=1;cityStability:Crestwyn=1	SQ_11_18	fatigue=2;reputation=-1	MON_0029	Agir rapidamente.	stat:FOR>=7	SQ_11_19	xp=5;fatigue=1;reputation=1	SQ_11_19	fatigue=2	MON_0032	STORY_sq_11	flag:sq_11_active	3
SQ_11_18	CHAIN	COMMON	ANY	Aeloria	Crestwyn	2	1	10	A Dívida Antiga — etapa 18	A consequência da etapa anterior se manifesta em Crestwyn. O problema exige uma decisão mais cuidadosa; cada solução abre ou fecha possibilidades para os próximos passos.	Investigar a fundo.	stat:INT>=6	SQ_11_19	xp=7;flag:sq_11_helped=1	SQ_11_19	fatigue=2;reputation=-1		Agir rapidamente.	stat:FOR>=6	SQ_11_20	xp=5;fatigue=1;reputation=1;cityThreat:Crestwyn=1	SQ_11_20	fatigue=2		STORY_sq_11	flag:sq_11_active	3
SQ_11_19	CHAIN	COMMON	ANY	Aeloria	Crestwyn	2	1	10	A Dívida Antiga — etapa 19	A consequência da etapa anterior se manifesta em Crestwyn. O problema exige uma decisão mais cuidadosa; cada solução abre ou fecha possibilidades para os próximos passos.	Investigar a fundo.	stat:INT>=7	SQ_11_20	xp=7;flag:sq_11_helped=1	SQ_11_20	fatigue=2;reputation=-1		Agir rapidamente.	stat:FOR>=7	SQ_11_20	xp=5;fatigue=1;reputation=1	SQ_11_20	fatigue=2		STORY_sq_11	flag:sq_11_active	3
SQ_11_20	CHAIN	COMMON	ANY	Aeloria	Crestwyn	2	1	10	A Dívida Antiga — legado	O caso termina, mas a região não esquece. Dependendo das decisões anteriores, uma nova oportunidade ou uma nova dificuldade ficará disponível futuramente.	Encerrar e seguir viagem.	NONE	END	xp=18;gold=18;unflag:sq_11_active;flag:sq_11_complete=1;cityStability:Crestwyn=1	END	fatigue=2;reputation=-1		Manter os contatos.	flag:sq_11_helped	END	xp=24;gold=10;reputation=4;rel:NPC_MIRIEL=3;unflag:sq_11_active;flag:sq_11_complete=1;flag:sq_11_contact=1;cityEconomy:Crestwyn=2	END	fatigue=2		STORY_sq_11	flag:sq_11_active	3
SQ_12_01	CHAIN	COMMON	ADVENTURER	Tharun	Stone-Âmbar	3	1	10	O Livro Molhado — começo	O Livro Molhado: um problema aparentemente local se apresenta em Stone-Âmbar. Uma escolha agora poderá ecoar por muitos dias.	Aceitar investigar.	stat:PER>=6	SQ_12_02	flag:sq_12_started=1;flag:sq_12_active=1;xp=4	SQ_12_02	flag:sq_12_started=1;flag:sq_12_active=1;fatigue=1		Aceitar pela força da palavra.	stat:PRE>=6	SQ_12_03	flag:sq_12_started=1;flag:sq_12_active=1;reputation=1	SQ_12_03	flag:sq_12_started=1;flag:sq_12_active=1;fatigue=1		STORY_sq_12	!flag:sq_12_started&!flag:sq_12_complete	3
SQ_12_02	CHAIN	COMMON	ADVENTURER	Tharun	Stone-Âmbar	3	1	10	O Livro Molhado — etapa 2	A consequência da etapa anterior se manifesta em Stone-Âmbar. O problema exige uma decisão mais cuidadosa; cada solução abre ou fecha possibilidades para os próximos passos.	Investigar a fundo.	stat:INT>=8	SQ_12_03	xp=3;flag:sq_12_helped=1	SQ_12_03	fatigue=2;reputation=-1		Agir rapidamente.	stat:FOR>=6	SQ_12_04	xp=2;fatigue=1;reputation=1;cityThreat:Stone-Âmbar=1	SQ_12_04	fatigue=2		STORY_sq_12	flag:sq_12_active	3
SQ_12_03	CHAIN	COMMON	ADVENTURER	Tharun	Stone-Âmbar	3	1	10	O Livro Molhado — etapa 3	A consequência da etapa anterior se manifesta em Stone-Âmbar. O problema exige uma decisão mais cuidadosa; cada solução abre ou fecha possibilidades para os próximos passos.	Investigar a fundo.	stat:INT>=6	SQ_12_04	xp=3;flag:sq_12_helped=1	SQ_12_04	fatigue=2;reputation=-1		Agir rapidamente.	stat:FOR>=7	SQ_12_05	xp=2;fatigue=1;reputation=1	SQ_12_05	fatigue=2		STORY_sq_12	flag:sq_12_active	3
SQ_12_04	CHAIN	COMMON	ADVENTURER	Tharun	Stone-Âmbar	3	1	10	O Livro Molhado — etapa 4	A consequência da etapa anterior se manifesta em Stone-Âmbar. O problema exige uma decisão mais cuidadosa; cada solução abre ou fecha possibilidades para os próximos passos.	Investigar a fundo.	stat:INT>=7	SQ_12_05	xp=4;flag:sq_12_helped=1	SQ_12_05	fatigue=2;reputation=-1		Agir rapidamente.	stat:FOR>=6	SQ_12_06	xp=2;fatigue=1;reputation=1	SQ_12_06	fatigue=2		STORY_sq_12	flag:sq_12_active	3
SQ_12_05	CHAIN	COMMON	ADVENTURER	Tharun	Stone-Âmbar	3	1	10	O Livro Molhado — etapa 5	A consequência da etapa anterior se manifesta em Stone-Âmbar. O problema exige uma decisão mais cuidadosa; cada solução abre ou fecha possibilidades para os próximos passos.	Investigar a fundo.	stat:INT>=8	SQ_12_06	xp=4;flag:sq_12_helped=1;cityStability:Stone-Âmbar=1	SQ_12_06	fatigue=2;reputation=-1		Usar uma habilidade específica.	level>=2&skill:ELY_0018	SQ_12_07	xp=3;fatigue=1;reputation=1;item:ITEM_MINERAL=1	SQ_12_07	fatigue=2		STORY_sq_12	flag:sq_12_active	3
SQ_12_06	CHAIN	COMMON	ADVENTURER	Tharun	Stone-Âmbar	3	1	10	O Livro Molhado — etapa 6	A consequência da etapa anterior se manifesta em Stone-Âmbar. O problema exige uma decisão mais cuidadosa; cada solução abre ou fecha possibilidades para os próximos passos.	Investigar a fundo.	stat:INT>=6	SQ_12_07	xp=4;flag:sq_12_helped=1	SQ_12_07	fatigue=2;reputation=-1	MON_0049	Agir rapidamente.	stat:FOR>=6	SQ_12_08	xp=3;fatigue=1;reputation=1;cityThreat:Stone-Âmbar=1	SQ_12_08	fatigue=2	MON_0056	STORY_sq_12	flag:sq_12_active	3
SQ_12_07	CHAIN	COMMON	ADVENTURER	Tharun	Stone-Âmbar	3	1	10	O Livro Molhado — etapa 7	A consequência da etapa anterior se manifesta em Stone-Âmbar. O problema exige uma decisão mais cuidadosa; cada solução abre ou fecha possibilidades para os próximos passos.	Investigar a fundo.	stat:INT>=7	SQ_12_08	xp=4;flag:sq_12_helped=1	SQ_12_08	fatigue=2;reputation=-1		Agir rapidamente.	stat:FOR>=7	SQ_12_09	xp=3;fatigue=1;reputation=1	SQ_12_09	fatigue=2		STORY_sq_12	flag:sq_12_active	3
SQ_12_08	CHAIN	COMMON	ADVENTURER	Tharun	Stone-Âmbar	3	1	10	O Livro Molhado — etapa 8	A consequência da etapa anterior se manifesta em Stone-Âmbar. O problema exige uma decisão mais cuidadosa; cada solução abre ou fecha possibilidades para os próximos passos.	Investigar a fundo.	stat:INT>=8	SQ_12_09	xp=5;flag:sq_12_helped=1	SQ_12_09	fatigue=2;reputation=-1		Agir rapidamente.	stat:FOR>=6	SQ_12_10	xp=3;fatigue=1;reputation=1	SQ_12_10	fatigue=2		STORY_sq_12	flag:sq_12_active	3
SQ_12_09	CHAIN	COMMON	ADVENTURER	Tharun	Stone-Âmbar	3	1	10	O Livro Molhado — etapa 9	A consequência da etapa anterior se manifesta em Stone-Âmbar. O problema exige uma decisão mais cuidadosa; cada solução abre ou fecha possibilidades para os próximos passos.	Investigar a fundo.	stat:INT>=6	SQ_12_10	xp=5;flag:sq_12_helped=1;cityStability:Stone-Âmbar=1	SQ_12_10	fatigue=2;reputation=-1		Agir rapidamente.	stat:FOR>=7	SQ_12_11	xp=3;fatigue=1;reputation=1	SQ_12_11	fatigue=2		STORY_sq_12	flag:sq_12_active	3
SQ_12_10	CHAIN	COMMON	ADVENTURER	Tharun	Stone-Âmbar	3	1	10	O Livro Molhado — etapa 10	A consequência da etapa anterior se manifesta em Stone-Âmbar. O problema exige uma decisão mais cuidadosa; cada solução abre ou fecha possibilidades para os próximos passos.	Investigar a fundo.	stat:INT>=7	SQ_12_11	xp=5;flag:sq_12_helped=1	SQ_12_11	fatigue=2;reputation=-1		Usar uma habilidade específica.	level>=2&skill:ELY_0023	SQ_12_12	xp=4;fatigue=1;reputation=1;cityThreat:Stone-Âmbar=1;item:ITEM_MINERAL=1	SQ_12_12	fatigue=2		STORY_sq_12	flag:sq_12_active	3
SQ_12_11	CHAIN	COMMON	ADVENTURER	Tharun	Stone-Âmbar	3	1	10	O Livro Molhado — etapa 11	A consequência da etapa anterior se manifesta em Stone-Âmbar. O problema exige uma decisão mais cuidadosa; cada solução abre ou fecha possibilidades para os próximos passos.	Investigar a fundo.	stat:INT>=8	SQ_12_12	xp=5;flag:sq_12_helped=1	SQ_12_12	fatigue=2;reputation=-1		Agir rapidamente.	stat:FOR>=7	SQ_12_13	xp=4;fatigue=1;reputation=1	SQ_12_13	fatigue=2		STORY_sq_12	flag:sq_12_active	3
SQ_12_12	CHAIN	COMMON	ADVENTURER	Tharun	Stone-Âmbar	3	1	10	O Livro Molhado — etapa 12	A consequência da etapa anterior se manifesta em Stone-Âmbar. O problema exige uma decisão mais cuidadosa; cada solução abre ou fecha possibilidades para os próximos passos.	Investigar a fundo.	stat:INT>=6	SQ_12_13	xp=6;flag:sq_12_helped=1	SQ_12_13	fatigue=2;reputation=-1	MON_0065	Agir rapidamente.	stat:FOR>=6	SQ_12_14	xp=4;fatigue=1;reputation=1	SQ_12_14	fatigue=2	MON_0080	STORY_sq_12	flag:sq_12_active	3
SQ_12_13	CHAIN	COMMON	ADVENTURER	Tharun	Stone-Âmbar	3	1	10	O Livro Molhado — etapa 13	A consequência da etapa anterior se manifesta em Stone-Âmbar. O problema exige uma decisão mais cuidadosa; cada solução abre ou fecha possibilidades para os próximos passos.	Investigar a fundo.	stat:INT>=7	SQ_12_14	xp=6;flag:sq_12_helped=1;cityStability:Stone-Âmbar=1	SQ_12_14	fatigue=2;reputation=-1		Agir rapidamente.	stat:FOR>=7	SQ_12_15	xp=4;fatigue=1;reputation=1	SQ_12_15	fatigue=2		STORY_sq_12	flag:sq_12_active	3
SQ_12_14	CHAIN	COMMON	ADVENTURER	Tharun	Stone-Âmbar	3	1	10	O Livro Molhado — etapa 14	A consequência da etapa anterior se manifesta em Stone-Âmbar. O problema exige uma decisão mais cuidadosa; cada solução abre ou fecha possibilidades para os próximos passos.	Investigar a fundo.	stat:INT>=8	SQ_12_15	xp=6;flag:sq_12_helped=1	SQ_12_15	fatigue=2;reputation=-1		Agir rapidamente.	stat:FOR>=6	SQ_12_16	xp=4;fatigue=1;reputation=1;cityThreat:Stone-Âmbar=1	SQ_12_16	fatigue=2		STORY_sq_12	flag:sq_12_active	3
SQ_12_15	CHAIN	COMMON	ADVENTURER	Tharun	Stone-Âmbar	3	1	10	O Livro Molhado — etapa 15	A consequência da etapa anterior se manifesta em Stone-Âmbar. O problema exige uma decisão mais cuidadosa; cada solução abre ou fecha possibilidades para os próximos passos.	Investigar a fundo.	stat:INT>=6	SQ_12_16	xp=6;flag:sq_12_helped=1	SQ_12_16	fatigue=2;reputation=-1		Usar uma habilidade específica.	level>=2&skill:ELY_0028	SQ_12_17	xp=5;fatigue=1;reputation=1;item:ITEM_MINERAL=1	SQ_12_17	fatigue=2		STORY_sq_12	flag:sq_12_active	3
SQ_12_16	CHAIN	COMMON	ADVENTURER	Tharun	Stone-Âmbar	3	1	10	O Livro Molhado — etapa 16	A consequência da etapa anterior se manifesta em Stone-Âmbar. O problema exige uma decisão mais cuidadosa; cada solução abre ou fecha possibilidades para os próximos passos.	Investigar a fundo.	stat:INT>=7	SQ_12_17	xp=7;flag:sq_12_helped=1	SQ_12_17	fatigue=2;reputation=-1		Agir rapidamente.	stat:FOR>=6	SQ_12_18	xp=5;fatigue=1;reputation=1	SQ_12_18	fatigue=2		STORY_sq_12	flag:sq_12_active	3
SQ_12_17	CHAIN	COMMON	ADVENTURER	Tharun	Stone-Âmbar	3	1	10	O Livro Molhado — etapa 17	A consequência da etapa anterior se manifesta em Stone-Âmbar. O problema exige uma decisão mais cuidadosa; cada solução abre ou fecha possibilidades para os próximos passos.	Investigar a fundo.	stat:INT>=8	SQ_12_18	xp=7;flag:sq_12_helped=1;cityStability:Stone-Âmbar=1	SQ_12_18	fatigue=2;reputation=-1	MON_0088	Agir rapidamente.	stat:FOR>=7	SQ_12_19	xp=5;fatigue=1;reputation=1	SQ_12_19	fatigue=2	MON_0097	STORY_sq_12	flag:sq_12_active	3
SQ_12_18	CHAIN	COMMON	ADVENTURER	Tharun	Stone-Âmbar	3	1	10	O Livro Molhado — etapa 18	A consequência da etapa anterior se manifesta em Stone-Âmbar. O problema exige uma decisão mais cuidadosa; cada solução abre ou fecha possibilidades para os próximos passos.	Investigar a fundo.	stat:INT>=6	SQ_12_19	xp=7;flag:sq_12_helped=1	SQ_12_19	fatigue=2;reputation=-1		Agir rapidamente.	stat:FOR>=6	SQ_12_20	xp=5;fatigue=1;reputation=1;cityThreat:Stone-Âmbar=1	SQ_12_20	fatigue=2		STORY_sq_12	flag:sq_12_active	3
SQ_12_19	CHAIN	COMMON	ADVENTURER	Tharun	Stone-Âmbar	3	1	10	O Livro Molhado — etapa 19	A consequência da etapa anterior se manifesta em Stone-Âmbar. O problema exige uma decisão mais cuidadosa; cada solução abre ou fecha possibilidades para os próximos passos.	Investigar a fundo.	stat:INT>=7	SQ_12_20	xp=7;flag:sq_12_helped=1	SQ_12_20	fatigue=2;reputation=-1		Agir rapidamente.	stat:FOR>=7	SQ_12_20	xp=5;fatigue=1;reputation=1	SQ_12_20	fatigue=2		STORY_sq_12	flag:sq_12_active	3
SQ_12_20	CHAIN	COMMON	ADVENTURER	Tharun	Stone-Âmbar	3	1	10	O Livro Molhado — legado	O caso termina, mas a região não esquece. Dependendo das decisões anteriores, uma nova oportunidade ou uma nova dificuldade ficará disponível futuramente.	Encerrar e seguir viagem.	NONE	END	xp=18;gold=18;unflag:sq_12_active;flag:sq_12_complete=1;cityStability:Stone-Âmbar=1	END	fatigue=2;reputation=-1		Manter os contatos.	flag:sq_12_helped	END	xp=24;gold=10;reputation=4;rel:NPC_MIRIEL=3;unflag:sq_12_active;flag:sq_12_complete=1;flag:sq_12_contact=1;cityEconomy:Stone-Âmbar=2	END	fatigue=2		STORY_sq_12	flag:sq_12_active	3
SQ_13_01	CHAIN	COMMON	VALARYN	Nyssara	Emerald Tide	3	1	10	O Guarda Desaparecido — começo	O Guarda Desaparecido: um problema aparentemente local se apresenta em Emerald Tide. Uma escolha agora poderá ecoar por muitos dias.	Aceitar investigar.	stat:PER>=6	SQ_13_02	flag:sq_13_started=1;flag:sq_13_active=1;xp=4	SQ_13_02	flag:sq_13_started=1;flag:sq_13_active=1;fatigue=1		Aceitar pela força da palavra.	stat:PRE>=6	SQ_13_03	flag:sq_13_started=1;flag:sq_13_active=1;reputation=1	SQ_13_03	flag:sq_13_started=1;flag:sq_13_active=1;fatigue=1		STORY_sq_13	!flag:sq_13_started&!flag:sq_13_complete	3
SQ_13_02	CHAIN	COMMON	VALARYN	Nyssara	Emerald Tide	3	1	10	O Guarda Desaparecido — etapa 2	A consequência da etapa anterior se manifesta em Emerald Tide. O problema exige uma decisão mais cuidadosa; cada solução abre ou fecha possibilidades para os próximos passos.	Investigar a fundo.	stat:INT>=8	SQ_13_03	xp=3;flag:sq_13_helped=1	SQ_13_03	fatigue=2;reputation=-1		Agir rapidamente.	stat:FOR>=6	SQ_13_04	xp=2;fatigue=1;reputation=1;cityThreat:Emerald Tide=1	SQ_13_04	fatigue=2		STORY_sq_13	flag:sq_13_active	3
SQ_13_03	CHAIN	COMMON	VALARYN	Nyssara	Emerald Tide	3	1	10	O Guarda Desaparecido — etapa 3	A consequência da etapa anterior se manifesta em Emerald Tide. O problema exige uma decisão mais cuidadosa; cada solução abre ou fecha possibilidades para os próximos passos.	Investigar a fundo.	stat:INT>=6	SQ_13_04	xp=3;flag:sq_13_helped=1	SQ_13_04	fatigue=2;reputation=-1		Agir rapidamente.	stat:FOR>=7	SQ_13_05	xp=2;fatigue=1;reputation=1	SQ_13_05	fatigue=2		STORY_sq_13	flag:sq_13_active	3
SQ_13_04	CHAIN	COMMON	VALARYN	Nyssara	Emerald Tide	3	1	10	O Guarda Desaparecido — etapa 4	A consequência da etapa anterior se manifesta em Emerald Tide. O problema exige uma decisão mais cuidadosa; cada solução abre ou fecha possibilidades para os próximos passos.	Investigar a fundo.	stat:INT>=7	SQ_13_05	xp=4;flag:sq_13_helped=1	SQ_13_05	fatigue=2;reputation=-1		Agir rapidamente.	stat:FOR>=6	SQ_13_06	xp=2;fatigue=1;reputation=1	SQ_13_06	fatigue=2		STORY_sq_13	flag:sq_13_active	3
SQ_13_05	CHAIN	COMMON	VALARYN	Nyssara	Emerald Tide	3	1	10	O Guarda Desaparecido — etapa 5	A consequência da etapa anterior se manifesta em Emerald Tide. O problema exige uma decisão mais cuidadosa; cada solução abre ou fecha possibilidades para os próximos passos.	Investigar a fundo.	stat:INT>=8	SQ_13_06	xp=4;flag:sq_13_helped=1;cityStability:Emerald Tide=1	SQ_13_06	fatigue=2;reputation=-1		Usar uma habilidade específica.	level>=2&skill:ELY_0019	SQ_13_07	xp=3;fatigue=1;reputation=1;item:ITEM_MINERAL=1	SQ_13_07	fatigue=2		STORY_sq_13	flag:sq_13_active	3
SQ_13_06	CHAIN	COMMON	VALARYN	Nyssara	Emerald Tide	3	1	10	O Guarda Desaparecido — etapa 6	A consequência da etapa anterior se manifesta em Emerald Tide. O problema exige uma decisão mais cuidadosa; cada solução abre ou fecha possibilidades para os próximos passos.	Investigar a fundo.	stat:INT>=6	SQ_13_07	xp=4;flag:sq_13_helped=1	SQ_13_07	fatigue=2;reputation=-1	MON_0036	Agir rapidamente.	stat:FOR>=6	SQ_13_08	xp=3;fatigue=1;reputation=1;cityThreat:Emerald Tide=1	SQ_13_08	fatigue=2	MON_0043	STORY_sq_13	flag:sq_13_active	3
SQ_13_07	CHAIN	COMMON	VALARYN	Nyssara	Emerald Tide	3	1	10	O Guarda Desaparecido — etapa 7	A consequência da etapa anterior se manifesta em Emerald Tide. O problema exige uma decisão mais cuidadosa; cada solução abre ou fecha possibilidades para os próximos passos.	Investigar a fundo.	stat:INT>=7	SQ_13_08	xp=4;flag:sq_13_helped=1	SQ_13_08	fatigue=2;reputation=-1		Agir rapidamente.	stat:FOR>=7	SQ_13_09	xp=3;fatigue=1;reputation=1	SQ_13_09	fatigue=2		STORY_sq_13	flag:sq_13_active	3
SQ_13_08	CHAIN	COMMON	VALARYN	Nyssara	Emerald Tide	3	1	10	O Guarda Desaparecido — etapa 8	A consequência da etapa anterior se manifesta em Emerald Tide. O problema exige uma decisão mais cuidadosa; cada solução abre ou fecha possibilidades para os próximos passos.	Investigar a fundo.	stat:INT>=8	SQ_13_09	xp=5;flag:sq_13_helped=1	SQ_13_09	fatigue=2;reputation=-1		Agir rapidamente.	stat:FOR>=6	SQ_13_10	xp=3;fatigue=1;reputation=1	SQ_13_10	fatigue=2		STORY_sq_13	flag:sq_13_active	3
SQ_13_09	CHAIN	COMMON	VALARYN	Nyssara	Emerald Tide	3	1	10	O Guarda Desaparecido — etapa 9	A consequência da etapa anterior se manifesta em Emerald Tide. O problema exige uma decisão mais cuidadosa; cada solução abre ou fecha possibilidades para os próximos passos.	Investigar a fundo.	stat:INT>=6	SQ_13_10	xp=5;flag:sq_13_helped=1;cityStability:Emerald Tide=1	SQ_13_10	fatigue=2;reputation=-1		Agir rapidamente.	stat:FOR>=7	SQ_13_11	xp=3;fatigue=1;reputation=1	SQ_13_11	fatigue=2		STORY_sq_13	flag:sq_13_active	3
SQ_13_10	CHAIN	COMMON	VALARYN	Nyssara	Emerald Tide	3	1	10	O Guarda Desaparecido — etapa 10	A consequência da etapa anterior se manifesta em Emerald Tide. O problema exige uma decisão mais cuidadosa; cada solução abre ou fecha possibilidades para os próximos passos.	Investigar a fundo.	stat:INT>=7	SQ_13_11	xp=5;flag:sq_13_helped=1	SQ_13_11	fatigue=2;reputation=-1		Usar uma habilidade específica.	level>=2&skill:ELY_0024	SQ_13_12	xp=4;fatigue=1;reputation=1;cityThreat:Emerald Tide=1;item:ITEM_MINERAL=1	SQ_13_12	fatigue=2		STORY_sq_13	flag:sq_13_active	3
SQ_13_11	CHAIN	COMMON	VALARYN	Nyssara	Emerald Tide	3	1	10	O Guarda Desaparecido — etapa 11	A consequência da etapa anterior se manifesta em Emerald Tide. O problema exige uma decisão mais cuidadosa; cada solução abre ou fecha possibilidades para os próximos passos.	Investigar a fundo.	stat:INT>=8	SQ_13_12	xp=5;flag:sq_13_helped=1	SQ_13_12	fatigue=2;reputation=-1		Agir rapidamente.	stat:FOR>=7	SQ_13_13	xp=4;fatigue=1;reputation=1	SQ_13_13	fatigue=2		STORY_sq_13	flag:sq_13_active	3
SQ_13_12	CHAIN	COMMON	VALARYN	Nyssara	Emerald Tide	3	1	10	O Guarda Desaparecido — etapa 12	A consequência da etapa anterior se manifesta em Emerald Tide. O problema exige uma decisão mais cuidadosa; cada solução abre ou fecha possibilidades para os próximos passos.	Investigar a fundo.	stat:INT>=6	SQ_13_13	xp=6;flag:sq_13_helped=1	SQ_13_13	fatigue=2;reputation=-1	MON_0050	Agir rapidamente.	stat:FOR>=6	SQ_13_14	xp=4;fatigue=1;reputation=1	SQ_13_14	fatigue=2	MON_0056	STORY_sq_13	flag:sq_13_active	3
SQ_13_13	CHAIN	COMMON	VALARYN	Nyssara	Emerald Tide	3	1	10	O Guarda Desaparecido — etapa 13	A consequência da etapa anterior se manifesta em Emerald Tide. O problema exige uma decisão mais cuidadosa; cada solução abre ou fecha possibilidades para os próximos passos.	Investigar a fundo.	stat:INT>=7	SQ_13_14	xp=6;flag:sq_13_helped=1;cityStability:Emerald Tide=1	SQ_13_14	fatigue=2;reputation=-1		Agir rapidamente.	stat:FOR>=7	SQ_13_15	xp=4;fatigue=1;reputation=1	SQ_13_15	fatigue=2		STORY_sq_13	flag:sq_13_active	3
SQ_13_14	CHAIN	COMMON	VALARYN	Nyssara	Emerald Tide	3	1	10	O Guarda Desaparecido — etapa 14	A consequência da etapa anterior se manifesta em Emerald Tide. O problema exige uma decisão mais cuidadosa; cada solução abre ou fecha possibilidades para os próximos passos.	Investigar a fundo.	stat:INT>=8	SQ_13_15	xp=6;flag:sq_13_helped=1	SQ_13_15	fatigue=2;reputation=-1		Agir rapidamente.	stat:FOR>=6	SQ_13_16	xp=4;fatigue=1;reputation=1;cityThreat:Emerald Tide=1	SQ_13_16	fatigue=2		STORY_sq_13	flag:sq_13_active	3
SQ_13_15	CHAIN	COMMON	VALARYN	Nyssara	Emerald Tide	3	1	10	O Guarda Desaparecido — etapa 15	A consequência da etapa anterior se manifesta em Emerald Tide. O problema exige uma decisão mais cuidadosa; cada solução abre ou fecha possibilidades para os próximos passos.	Investigar a fundo.	stat:INT>=6	SQ_13_16	xp=6;flag:sq_13_helped=1	SQ_13_16	fatigue=2;reputation=-1		Usar uma habilidade específica.	level>=2&skill:ELY_0029	SQ_13_17	xp=5;fatigue=1;reputation=1;item:ITEM_MINERAL=1	SQ_13_17	fatigue=2		STORY_sq_13	flag:sq_13_active	3
SQ_13_16	CHAIN	COMMON	VALARYN	Nyssara	Emerald Tide	3	1	10	O Guarda Desaparecido — etapa 16	A consequência da etapa anterior se manifesta em Emerald Tide. O problema exige uma decisão mais cuidadosa; cada solução abre ou fecha possibilidades para os próximos passos.	Investigar a fundo.	stat:INT>=7	SQ_13_17	xp=7;flag:sq_13_helped=1	SQ_13_17	fatigue=2;reputation=-1		Agir rapidamente.	stat:FOR>=6	SQ_13_18	xp=5;fatigue=1;reputation=1	SQ_13_18	fatigue=2		STORY_sq_13	flag:sq_13_active	3
SQ_13_17	CHAIN	COMMON	VALARYN	Nyssara	Emerald Tide	3	1	10	O Guarda Desaparecido — etapa 17	A consequência da etapa anterior se manifesta em Emerald Tide. O problema exige uma decisão mais cuidadosa; cada solução abre ou fecha possibilidades para os próximos passos.	Investigar a fundo.	stat:INT>=8	SQ_13_18	xp=7;flag:sq_13_helped=1;cityStability:Emerald Tide=1	SQ_13_18	fatigue=2;reputation=-1	MON_0058	Agir rapidamente.	stat:FOR>=7	SQ_13_19	xp=5;fatigue=1;reputation=1	SQ_13_19	fatigue=2	MON_0066	STORY_sq_13	flag:sq_13_active	3
SQ_13_18	CHAIN	COMMON	VALARYN	Nyssara	Emerald Tide	3	1	10	O Guarda Desaparecido — etapa 18	A consequência da etapa anterior se manifesta em Emerald Tide. O problema exige uma decisão mais cuidadosa; cada solução abre ou fecha possibilidades para os próximos passos.	Investigar a fundo.	stat:INT>=6	SQ_13_19	xp=7;flag:sq_13_helped=1	SQ_13_19	fatigue=2;reputation=-1		Agir rapidamente.	stat:FOR>=6	SQ_13_20	xp=5;fatigue=1;reputation=1;cityThreat:Emerald Tide=1	SQ_13_20	fatigue=2		STORY_sq_13	flag:sq_13_active	3
SQ_13_19	CHAIN	COMMON	VALARYN	Nyssara	Emerald Tide	3	1	10	O Guarda Desaparecido — etapa 19	A consequência da etapa anterior se manifesta em Emerald Tide. O problema exige uma decisão mais cuidadosa; cada solução abre ou fecha possibilidades para os próximos passos.	Investigar a fundo.	stat:INT>=7	SQ_13_20	xp=7;flag:sq_13_helped=1	SQ_13_20	fatigue=2;reputation=-1		Agir rapidamente.	stat:FOR>=7	SQ_13_20	xp=5;fatigue=1;reputation=1	SQ_13_20	fatigue=2		STORY_sq_13	flag:sq_13_active	3
SQ_13_20	CHAIN	COMMON	VALARYN	Nyssara	Emerald Tide	3	1	10	O Guarda Desaparecido — legado	O caso termina, mas a região não esquece. Dependendo das decisões anteriores, uma nova oportunidade ou uma nova dificuldade ficará disponível futuramente.	Encerrar e seguir viagem.	NONE	END	xp=18;gold=18;unflag:sq_13_active;flag:sq_13_complete=1;cityStability:Emerald Tide=1	END	fatigue=2;reputation=-1		Manter os contatos.	flag:sq_13_helped	END	xp=24;gold=10;reputation=4;rel:NPC_MIRIEL=3;unflag:sq_13_active;flag:sq_13_complete=1;flag:sq_13_contact=1;cityEconomy:Emerald Tide=2	END	fatigue=2		STORY_sq_13	flag:sq_13_active	3
SQ_14_01	CHAIN	COMMON	INDEPENDENT	Valkyrion	Volmeria	3	1	10	O Sino Noturno — começo	O Sino Noturno: um problema aparentemente local se apresenta em Volmeria. Uma escolha agora poderá ecoar por muitos dias.	Aceitar investigar.	stat:PER>=6	SQ_14_02	flag:sq_14_started=1;flag:sq_14_active=1;xp=4	SQ_14_02	flag:sq_14_started=1;flag:sq_14_active=1;fatigue=1		Aceitar pela força da palavra.	stat:PRE>=6	SQ_14_03	flag:sq_14_started=1;flag:sq_14_active=1;reputation=1	SQ_14_03	flag:sq_14_started=1;flag:sq_14_active=1;fatigue=1		STORY_sq_14	!flag:sq_14_started&!flag:sq_14_complete	3
SQ_14_02	CHAIN	COMMON	INDEPENDENT	Valkyrion	Volmeria	3	1	10	O Sino Noturno — etapa 2	A consequência da etapa anterior se manifesta em Volmeria. O problema exige uma decisão mais cuidadosa; cada solução abre ou fecha possibilidades para os próximos passos.	Investigar a fundo.	stat:INT>=8	SQ_14_03	xp=3;flag:sq_14_helped=1	SQ_14_03	fatigue=2;reputation=-1		Agir rapidamente.	stat:FOR>=6	SQ_14_04	xp=2;fatigue=1;reputation=1;cityThreat:Volmeria=1	SQ_14_04	fatigue=2		STORY_sq_14	flag:sq_14_active	3
SQ_14_03	CHAIN	COMMON	INDEPENDENT	Valkyrion	Volmeria	3	1	10	O Sino Noturno — etapa 3	A consequência da etapa anterior se manifesta em Volmeria. O problema exige uma decisão mais cuidadosa; cada solução abre ou fecha possibilidades para os próximos passos.	Investigar a fundo.	stat:INT>=6	SQ_14_04	xp=3;flag:sq_14_helped=1	SQ_14_04	fatigue=2;reputation=-1		Agir rapidamente.	stat:FOR>=7	SQ_14_05	xp=2;fatigue=1;reputation=1	SQ_14_05	fatigue=2		STORY_sq_14	flag:sq_14_active	3
SQ_14_04	CHAIN	COMMON	INDEPENDENT	Valkyrion	Volmeria	3	1	10	O Sino Noturno — etapa 4	A consequência da etapa anterior se manifesta em Volmeria. O problema exige uma decisão mais cuidadosa; cada solução abre ou fecha possibilidades para os próximos passos.	Investigar a fundo.	stat:INT>=7	SQ_14_05	xp=4;flag:sq_14_helped=1	SQ_14_05	fatigue=2;reputation=-1		Agir rapidamente.	stat:FOR>=6	SQ_14_06	xp=2;fatigue=1;reputation=1	SQ_14_06	fatigue=2		STORY_sq_14	flag:sq_14_active	3
SQ_14_05	CHAIN	COMMON	INDEPENDENT	Valkyrion	Volmeria	3	1	10	O Sino Noturno — etapa 5	A consequência da etapa anterior se manifesta em Volmeria. O problema exige uma decisão mais cuidadosa; cada solução abre ou fecha possibilidades para os próximos passos.	Investigar a fundo.	stat:INT>=8	SQ_14_06	xp=4;flag:sq_14_helped=1;cityStability:Volmeria=1	SQ_14_06	fatigue=2;reputation=-1		Usar uma habilidade específica.	level>=2&skill:ELY_0020	SQ_14_07	xp=3;fatigue=1;reputation=1;item:ITEM_MINERAL=1	SQ_14_07	fatigue=2		STORY_sq_14	flag:sq_14_active	3
SQ_14_06	CHAIN	COMMON	INDEPENDENT	Valkyrion	Volmeria	3	1	10	O Sino Noturno — etapa 6	A consequência da etapa anterior se manifesta em Volmeria. O problema exige uma decisão mais cuidadosa; cada solução abre ou fecha possibilidades para os próximos passos.	Investigar a fundo.	stat:INT>=6	SQ_14_07	xp=4;flag:sq_14_helped=1	SQ_14_07	fatigue=2;reputation=-1	MON_0033	Agir rapidamente.	stat:FOR>=6	SQ_14_08	xp=3;fatigue=1;reputation=1;cityThreat:Volmeria=1	SQ_14_08	fatigue=2	MON_0036	STORY_sq_14	flag:sq_14_active	3
SQ_14_07	CHAIN	COMMON	INDEPENDENT	Valkyrion	Volmeria	3	1	10	O Sino Noturno — etapa 7	A consequência da etapa anterior se manifesta em Volmeria. O problema exige uma decisão mais cuidadosa; cada solução abre ou fecha possibilidades para os próximos passos.	Investigar a fundo.	stat:INT>=7	SQ_14_08	xp=4;flag:sq_14_helped=1	SQ_14_08	fatigue=2;reputation=-1		Agir rapidamente.	stat:FOR>=7	SQ_14_09	xp=3;fatigue=1;reputation=1	SQ_14_09	fatigue=2		STORY_sq_14	flag:sq_14_active	3
SQ_14_08	CHAIN	COMMON	INDEPENDENT	Valkyrion	Volmeria	3	1	10	O Sino Noturno — etapa 8	A consequência da etapa anterior se manifesta em Volmeria. O problema exige uma decisão mais cuidadosa; cada solução abre ou fecha possibilidades para os próximos passos.	Investigar a fundo.	stat:INT>=8	SQ_14_09	xp=5;flag:sq_14_helped=1	SQ_14_09	fatigue=2;reputation=-1		Agir rapidamente.	stat:FOR>=6	SQ_14_10	xp=3;fatigue=1;reputation=1	SQ_14_10	fatigue=2		STORY_sq_14	flag:sq_14_active	3
SQ_14_09	CHAIN	COMMON	INDEPENDENT	Valkyrion	Volmeria	3	1	10	O Sino Noturno — etapa 9	A consequência da etapa anterior se manifesta em Volmeria. O problema exige uma decisão mais cuidadosa; cada solução abre ou fecha possibilidades para os próximos passos.	Investigar a fundo.	stat:INT>=6	SQ_14_10	xp=5;flag:sq_14_helped=1;cityStability:Volmeria=1	SQ_14_10	fatigue=2;reputation=-1		Agir rapidamente.	stat:FOR>=7	SQ_14_11	xp=3;fatigue=1;reputation=1	SQ_14_11	fatigue=2		STORY_sq_14	flag:sq_14_active	3
SQ_14_10	CHAIN	COMMON	INDEPENDENT	Valkyrion	Volmeria	3	1	10	O Sino Noturno — etapa 10	A consequência da etapa anterior se manifesta em Volmeria. O problema exige uma decisão mais cuidadosa; cada solução abre ou fecha possibilidades para os próximos passos.	Investigar a fundo.	stat:INT>=7	SQ_14_11	xp=5;flag:sq_14_helped=1	SQ_14_11	fatigue=2;reputation=-1		Usar uma habilidade específica.	level>=2&skill:ELY_0025	SQ_14_12	xp=4;fatigue=1;reputation=1;cityThreat:Volmeria=1;item:ITEM_MINERAL=1	SQ_14_12	fatigue=2		STORY_sq_14	flag:sq_14_active	3
SQ_14_11	CHAIN	COMMON	INDEPENDENT	Valkyrion	Volmeria	3	1	10	O Sino Noturno — etapa 11	A consequência da etapa anterior se manifesta em Volmeria. O problema exige uma decisão mais cuidadosa; cada solução abre ou fecha possibilidades para os próximos passos.	Investigar a fundo.	stat:INT>=8	SQ_14_12	xp=5;flag:sq_14_helped=1	SQ_14_12	fatigue=2;reputation=-1		Agir rapidamente.	stat:FOR>=7	SQ_14_13	xp=4;fatigue=1;reputation=1	SQ_14_13	fatigue=2		STORY_sq_14	flag:sq_14_active	3
SQ_14_12	CHAIN	COMMON	INDEPENDENT	Valkyrion	Volmeria	3	1	10	O Sino Noturno — etapa 12	A consequência da etapa anterior se manifesta em Volmeria. O problema exige uma decisão mais cuidadosa; cada solução abre ou fecha possibilidades para os próximos passos.	Investigar a fundo.	stat:INT>=6	SQ_14_13	xp=6;flag:sq_14_helped=1	SQ_14_13	fatigue=2;reputation=-1	MON_0042	Agir rapidamente.	stat:FOR>=6	SQ_14_14	xp=4;fatigue=1;reputation=1	SQ_14_14	fatigue=2	MON_0045	STORY_sq_14	flag:sq_14_active	3
SQ_14_13	CHAIN	COMMON	INDEPENDENT	Valkyrion	Volmeria	3	1	10	O Sino Noturno — etapa 13	A consequência da etapa anterior se manifesta em Volmeria. O problema exige uma decisão mais cuidadosa; cada solução abre ou fecha possibilidades para os próximos passos.	Investigar a fundo.	stat:INT>=7	SQ_14_14	xp=6;flag:sq_14_helped=1;cityStability:Volmeria=1	SQ_14_14	fatigue=2;reputation=-1		Agir rapidamente.	stat:FOR>=7	SQ_14_15	xp=4;fatigue=1;reputation=1	SQ_14_15	fatigue=2		STORY_sq_14	flag:sq_14_active	3
SQ_14_14	CHAIN	COMMON	INDEPENDENT	Valkyrion	Volmeria	3	1	10	O Sino Noturno — etapa 14	A consequência da etapa anterior se manifesta em Volmeria. O problema exige uma decisão mais cuidadosa; cada solução abre ou fecha possibilidades para os próximos passos.	Investigar a fundo.	stat:INT>=8	SQ_14_15	xp=6;flag:sq_14_helped=1	SQ_14_15	fatigue=2;reputation=-1		Agir rapidamente.	stat:FOR>=6	SQ_14_16	xp=4;fatigue=1;reputation=1;cityThreat:Volmeria=1	SQ_14_16	fatigue=2		STORY_sq_14	flag:sq_14_active	3
SQ_14_15	CHAIN	COMMON	INDEPENDENT	Valkyrion	Volmeria	3	1	10	O Sino Noturno — etapa 15	A consequência da etapa anterior se manifesta em Volmeria. O problema exige uma decisão mais cuidadosa; cada solução abre ou fecha possibilidades para os próximos passos.	Investigar a fundo.	stat:INT>=6	SQ_14_16	xp=6;flag:sq_14_helped=1	SQ_14_16	fatigue=2;reputation=-1		Usar uma habilidade específica.	level>=2&skill:ELY_0030	SQ_14_17	xp=5;fatigue=1;reputation=1;item:ITEM_MINERAL=1	SQ_14_17	fatigue=2		STORY_sq_14	flag:sq_14_active	3
SQ_14_16	CHAIN	COMMON	INDEPENDENT	Valkyrion	Volmeria	3	1	10	O Sino Noturno — etapa 16	A consequência da etapa anterior se manifesta em Volmeria. O problema exige uma decisão mais cuidadosa; cada solução abre ou fecha possibilidades para os próximos passos.	Investigar a fundo.	stat:INT>=7	SQ_14_17	xp=7;flag:sq_14_helped=1	SQ_14_17	fatigue=2;reputation=-1		Agir rapidamente.	stat:FOR>=6	SQ_14_18	xp=5;fatigue=1;reputation=1	SQ_14_18	fatigue=2		STORY_sq_14	flag:sq_14_active	3
SQ_14_17	CHAIN	COMMON	INDEPENDENT	Valkyrion	Volmeria	3	1	10	O Sino Noturno — etapa 17	A consequência da etapa anterior se manifesta em Volmeria. O problema exige uma decisão mais cuidadosa; cada solução abre ou fecha possibilidades para os próximos passos.	Investigar a fundo.	stat:INT>=8	SQ_14_18	xp=7;flag:sq_14_helped=1;cityStability:Volmeria=1	SQ_14_18	fatigue=2;reputation=-1	MON_0050	Agir rapidamente.	stat:FOR>=7	SQ_14_19	xp=5;fatigue=1;reputation=1	SQ_14_19	fatigue=2	MON_0053	STORY_sq_14	flag:sq_14_active	3
SQ_14_18	CHAIN	COMMON	INDEPENDENT	Valkyrion	Volmeria	3	1	10	O Sino Noturno — etapa 18	A consequência da etapa anterior se manifesta em Volmeria. O problema exige uma decisão mais cuidadosa; cada solução abre ou fecha possibilidades para os próximos passos.	Investigar a fundo.	stat:INT>=6	SQ_14_19	xp=7;flag:sq_14_helped=1	SQ_14_19	fatigue=2;reputation=-1		Agir rapidamente.	stat:FOR>=6	SQ_14_20	xp=5;fatigue=1;reputation=1;cityThreat:Volmeria=1	SQ_14_20	fatigue=2		STORY_sq_14	flag:sq_14_active	3
SQ_14_19	CHAIN	COMMON	INDEPENDENT	Valkyrion	Volmeria	3	1	10	O Sino Noturno — etapa 19	A consequência da etapa anterior se manifesta em Volmeria. O problema exige uma decisão mais cuidadosa; cada solução abre ou fecha possibilidades para os próximos passos.	Investigar a fundo.	stat:INT>=7	SQ_14_20	xp=7;flag:sq_14_helped=1	SQ_14_20	fatigue=2;reputation=-1		Agir rapidamente.	stat:FOR>=7	SQ_14_20	xp=5;fatigue=1;reputation=1	SQ_14_20	fatigue=2		STORY_sq_14	flag:sq_14_active	3
SQ_14_20	CHAIN	COMMON	INDEPENDENT	Valkyrion	Volmeria	3	1	10	O Sino Noturno — legado	O caso termina, mas a região não esquece. Dependendo das decisões anteriores, uma nova oportunidade ou uma nova dificuldade ficará disponível futuramente.	Encerrar e seguir viagem.	NONE	END	xp=18;gold=18;unflag:sq_14_active;flag:sq_14_complete=1;cityStability:Volmeria=1	END	fatigue=2;reputation=-1		Manter os contatos.	flag:sq_14_helped	END	xp=24;gold=10;reputation=4;rel:NPC_MIRIEL=3;unflag:sq_14_active;flag:sq_14_complete=1;flag:sq_14_contact=1;cityEconomy:Volmeria=2	END	fatigue=2		STORY_sq_14	flag:sq_14_active	3
SQ_15_01	CHAIN	COMMON	ANY	Eshmara	Brumas	3	1	10	A Mina Fechada — começo	A Mina Fechada: um problema aparentemente local se apresenta em Brumas. Uma escolha agora poderá ecoar por muitos dias.	Aceitar investigar.	stat:PER>=6	SQ_15_02	flag:sq_15_started=1;flag:sq_15_active=1;xp=4	SQ_15_02	flag:sq_15_started=1;flag:sq_15_active=1;fatigue=1		Aceitar pela força da palavra.	stat:PRE>=6	SQ_15_03	flag:sq_15_started=1;flag:sq_15_active=1;reputation=1	SQ_15_03	flag:sq_15_started=1;flag:sq_15_active=1;fatigue=1		STORY_sq_15	!flag:sq_15_started&!flag:sq_15_complete	3
SQ_15_02	CHAIN	COMMON	ANY	Eshmara	Brumas	3	1	10	A Mina Fechada — etapa 2	A consequência da etapa anterior se manifesta em Brumas. O problema exige uma decisão mais cuidadosa; cada solução abre ou fecha possibilidades para os próximos passos.	Investigar a fundo.	stat:INT>=8	SQ_15_03	xp=3;flag:sq_15_helped=1	SQ_15_03	fatigue=2;reputation=-1		Agir rapidamente.	stat:FOR>=6	SQ_15_04	xp=2;fatigue=1;reputation=1;cityThreat:Brumas=1	SQ_15_04	fatigue=2		STORY_sq_15	flag:sq_15_active	3
SQ_15_03	CHAIN	COMMON	ANY	Eshmara	Brumas	3	1	10	A Mina Fechada — etapa 3	A consequência da etapa anterior se manifesta em Brumas. O problema exige uma decisão mais cuidadosa; cada solução abre ou fecha possibilidades para os próximos passos.	Investigar a fundo.	stat:INT>=6	SQ_15_04	xp=3;flag:sq_15_helped=1	SQ_15_04	fatigue=2;reputation=-1		Agir rapidamente.	stat:FOR>=7	SQ_15_05	xp=2;fatigue=1;reputation=1	SQ_15_05	fatigue=2		STORY_sq_15	flag:sq_15_active	3
SQ_15_04	CHAIN	COMMON	ANY	Eshmara	Brumas	3	1	10	A Mina Fechada — etapa 4	A consequência da etapa anterior se manifesta em Brumas. O problema exige uma decisão mais cuidadosa; cada solução abre ou fecha possibilidades para os próximos passos.	Investigar a fundo.	stat:INT>=7	SQ_15_05	xp=4;flag:sq_15_helped=1	SQ_15_05	fatigue=2;reputation=-1		Agir rapidamente.	stat:FOR>=6	SQ_15_06	xp=2;fatigue=1;reputation=1	SQ_15_06	fatigue=2		STORY_sq_15	flag:sq_15_active	3
SQ_15_05	CHAIN	COMMON	ANY	Eshmara	Brumas	3	1	10	A Mina Fechada — etapa 5	A consequência da etapa anterior se manifesta em Brumas. O problema exige uma decisão mais cuidadosa; cada solução abre ou fecha possibilidades para os próximos passos.	Investigar a fundo.	stat:INT>=8	SQ_15_06	xp=4;flag:sq_15_helped=1;cityStability:Brumas=1	SQ_15_06	fatigue=2;reputation=-1		Usar uma habilidade específica.	level>=2&skill:ELY_0021	SQ_15_07	xp=3;fatigue=1;reputation=1;item:ITEM_MINERAL=1	SQ_15_07	fatigue=2		STORY_sq_15	flag:sq_15_active	3
SQ_15_06	CHAIN	COMMON	ANY	Eshmara	Brumas	3	1	10	A Mina Fechada — etapa 6	A consequência da etapa anterior se manifesta em Brumas. O problema exige uma decisão mais cuidadosa; cada solução abre ou fecha possibilidades para os próximos passos.	Investigar a fundo.	stat:INT>=6	SQ_15_07	xp=4;flag:sq_15_helped=1	SQ_15_07	fatigue=2;reputation=-1	MON_0028	Agir rapidamente.	stat:FOR>=6	SQ_15_08	xp=3;fatigue=1;reputation=1;cityThreat:Brumas=1	SQ_15_08	fatigue=2	MON_0033	STORY_sq_15	flag:sq_15_active	3
SQ_15_07	CHAIN	COMMON	ANY	Eshmara	Brumas	3	1	10	A Mina Fechada — etapa 7	A consequência da etapa anterior se manifesta em Brumas. O problema exige uma decisão mais cuidadosa; cada solução abre ou fecha possibilidades para os próximos passos.	Investigar a fundo.	stat:INT>=7	SQ_15_08	xp=4;flag:sq_15_helped=1	SQ_15_08	fatigue=2;reputation=-1		Agir rapidamente.	stat:FOR>=7	SQ_15_09	xp=3;fatigue=1;reputation=1	SQ_15_09	fatigue=2		STORY_sq_15	flag:sq_15_active	3
SQ_15_08	CHAIN	COMMON	ANY	Eshmara	Brumas	3	1	10	A Mina Fechada — etapa 8	A consequência da etapa anterior se manifesta em Brumas. O problema exige uma decisão mais cuidadosa; cada solução abre ou fecha possibilidades para os próximos passos.	Investigar a fundo.	stat:INT>=8	SQ_15_09	xp=5;flag:sq_15_helped=1	SQ_15_09	fatigue=2;reputation=-1		Agir rapidamente.	stat:FOR>=6	SQ_15_10	xp=3;fatigue=1;reputation=1	SQ_15_10	fatigue=2		STORY_sq_15	flag:sq_15_active	3
SQ_15_09	CHAIN	COMMON	ANY	Eshmara	Brumas	3	1	10	A Mina Fechada — etapa 9	A consequência da etapa anterior se manifesta em Brumas. O problema exige uma decisão mais cuidadosa; cada solução abre ou fecha possibilidades para os próximos passos.	Investigar a fundo.	stat:INT>=6	SQ_15_10	xp=5;flag:sq_15_helped=1;cityStability:Brumas=1	SQ_15_10	fatigue=2;reputation=-1		Agir rapidamente.	stat:FOR>=7	SQ_15_11	xp=3;fatigue=1;reputation=1	SQ_15_11	fatigue=2		STORY_sq_15	flag:sq_15_active	3
SQ_15_10	CHAIN	COMMON	ANY	Eshmara	Brumas	3	1	10	A Mina Fechada — etapa 10	A consequência da etapa anterior se manifesta em Brumas. O problema exige uma decisão mais cuidadosa; cada solução abre ou fecha possibilidades para os próximos passos.	Investigar a fundo.	stat:INT>=7	SQ_15_11	xp=5;flag:sq_15_helped=1	SQ_15_11	fatigue=2;reputation=-1		Usar uma habilidade específica.	level>=2&skill:ELY_0026	SQ_15_12	xp=4;fatigue=1;reputation=1;cityThreat:Brumas=1;item:ITEM_MINERAL=1	SQ_15_12	fatigue=2		STORY_sq_15	flag:sq_15_active	3
SQ_15_11	CHAIN	COMMON	ANY	Eshmara	Brumas	3	1	10	A Mina Fechada — etapa 11	A consequência da etapa anterior se manifesta em Brumas. O problema exige uma decisão mais cuidadosa; cada solução abre ou fecha possibilidades para os próximos passos.	Investigar a fundo.	stat:INT>=8	SQ_15_12	xp=5;flag:sq_15_helped=1	SQ_15_12	fatigue=2;reputation=-1		Agir rapidamente.	stat:FOR>=7	SQ_15_13	xp=4;fatigue=1;reputation=1	SQ_15_13	fatigue=2		STORY_sq_15	flag:sq_15_active	3
SQ_15_12	CHAIN	COMMON	ANY	Eshmara	Brumas	3	1	10	A Mina Fechada — etapa 12	A consequência da etapa anterior se manifesta em Brumas. O problema exige uma decisão mais cuidadosa; cada solução abre ou fecha possibilidades para os próximos passos.	Investigar a fundo.	stat:INT>=6	SQ_15_13	xp=6;flag:sq_15_helped=1	SQ_15_13	fatigue=2;reputation=-1	MON_0036	Agir rapidamente.	stat:FOR>=6	SQ_15_14	xp=4;fatigue=1;reputation=1	SQ_15_14	fatigue=2	MON_0041	STORY_sq_15	flag:sq_15_active	3
SQ_15_13	CHAIN	COMMON	ANY	Eshmara	Brumas	3	1	10	A Mina Fechada — etapa 13	A consequência da etapa anterior se manifesta em Brumas. O problema exige uma decisão mais cuidadosa; cada solução abre ou fecha possibilidades para os próximos passos.	Investigar a fundo.	stat:INT>=7	SQ_15_14	xp=6;flag:sq_15_helped=1;cityStability:Brumas=1	SQ_15_14	fatigue=2;reputation=-1		Agir rapidamente.	stat:FOR>=7	SQ_15_15	xp=4;fatigue=1;reputation=1	SQ_15_15	fatigue=2		STORY_sq_15	flag:sq_15_active	3
SQ_15_14	CHAIN	COMMON	ANY	Eshmara	Brumas	3	1	10	A Mina Fechada — etapa 14	A consequência da etapa anterior se manifesta em Brumas. O problema exige uma decisão mais cuidadosa; cada solução abre ou fecha possibilidades para os próximos passos.	Investigar a fundo.	stat:INT>=8	SQ_15_15	xp=6;flag:sq_15_helped=1	SQ_15_15	fatigue=2;reputation=-1		Agir rapidamente.	stat:FOR>=6	SQ_15_16	xp=4;fatigue=1;reputation=1;cityThreat:Brumas=1	SQ_15_16	fatigue=2		STORY_sq_15	flag:sq_15_active	3
SQ_15_15	CHAIN	COMMON	ANY	Eshmara	Brumas	3	1	10	A Mina Fechada — etapa 15	A consequência da etapa anterior se manifesta em Brumas. O problema exige uma decisão mais cuidadosa; cada solução abre ou fecha possibilidades para os próximos passos.	Investigar a fundo.	stat:INT>=6	SQ_15_16	xp=6;flag:sq_15_helped=1	SQ_15_16	fatigue=2;reputation=-1		Usar uma habilidade específica.	level>=2&skill:ELY_0031	SQ_15_17	xp=5;fatigue=1;reputation=1;item:ITEM_MINERAL=1	SQ_15_17	fatigue=2		STORY_sq_15	flag:sq_15_active	3
SQ_15_16	CHAIN	COMMON	ANY	Eshmara	Brumas	3	1	10	A Mina Fechada — etapa 16	A consequência da etapa anterior se manifesta em Brumas. O problema exige uma decisão mais cuidadosa; cada solução abre ou fecha possibilidades para os próximos passos.	Investigar a fundo.	stat:INT>=7	SQ_15_17	xp=7;flag:sq_15_helped=1	SQ_15_17	fatigue=2;reputation=-1		Agir rapidamente.	stat:FOR>=6	SQ_15_18	xp=5;fatigue=1;reputation=1	SQ_15_18	fatigue=2		STORY_sq_15	flag:sq_15_active	3
SQ_15_17	CHAIN	COMMON	ANY	Eshmara	Brumas	3	1	10	A Mina Fechada — etapa 17	A consequência da etapa anterior se manifesta em Brumas. O problema exige uma decisão mais cuidadosa; cada solução abre ou fecha possibilidades para os próximos passos.	Investigar a fundo.	stat:INT>=8	SQ_15_18	xp=7;flag:sq_15_helped=1;cityStability:Brumas=1	SQ_15_18	fatigue=2;reputation=-1	MON_0043	Agir rapidamente.	stat:FOR>=7	SQ_15_19	xp=5;fatigue=1;reputation=1	SQ_15_19	fatigue=2	MON_0046	STORY_sq_15	flag:sq_15_active	3
SQ_15_18	CHAIN	COMMON	ANY	Eshmara	Brumas	3	1	10	A Mina Fechada — etapa 18	A consequência da etapa anterior se manifesta em Brumas. O problema exige uma decisão mais cuidadosa; cada solução abre ou fecha possibilidades para os próximos passos.	Investigar a fundo.	stat:INT>=6	SQ_15_19	xp=7;flag:sq_15_helped=1	SQ_15_19	fatigue=2;reputation=-1		Agir rapidamente.	stat:FOR>=6	SQ_15_20	xp=5;fatigue=1;reputation=1;cityThreat:Brumas=1	SQ_15_20	fatigue=2		STORY_sq_15	flag:sq_15_active	3
SQ_15_19	CHAIN	COMMON	ANY	Eshmara	Brumas	3	1	10	A Mina Fechada — etapa 19	A consequência da etapa anterior se manifesta em Brumas. O problema exige uma decisão mais cuidadosa; cada solução abre ou fecha possibilidades para os próximos passos.	Investigar a fundo.	stat:INT>=7	SQ_15_20	xp=7;flag:sq_15_helped=1	SQ_15_20	fatigue=2;reputation=-1		Agir rapidamente.	stat:FOR>=7	SQ_15_20	xp=5;fatigue=1;reputation=1	SQ_15_20	fatigue=2		STORY_sq_15	flag:sq_15_active	3
SQ_15_20	CHAIN	COMMON	ANY	Eshmara	Brumas	3	1	10	A Mina Fechada — legado	O caso termina, mas a região não esquece. Dependendo das decisões anteriores, uma nova oportunidade ou uma nova dificuldade ficará disponível futuramente.	Encerrar e seguir viagem.	NONE	END	xp=18;gold=18;unflag:sq_15_active;flag:sq_15_complete=1;cityStability:Brumas=1	END	fatigue=2;reputation=-1		Manter os contatos.	flag:sq_15_helped	END	xp=24;gold=10;reputation=4;rel:NPC_MIRIEL=3;unflag:sq_15_active;flag:sq_15_complete=1;flag:sq_15_contact=1;cityEconomy:Brumas=2	END	fatigue=2		STORY_sq_15	flag:sq_15_active	3
SQ_16_01	CHAIN	COMMON	ANY	Kethruun	Sandbones	3	1	10	O Duelista Sem Nome — começo	O Duelista Sem Nome: um problema aparentemente local se apresenta em Sandbones. Uma escolha agora poderá ecoar por muitos dias.	Aceitar investigar.	stat:PER>=6	SQ_16_02	flag:sq_16_started=1;flag:sq_16_active=1;xp=4	SQ_16_02	flag:sq_16_started=1;flag:sq_16_active=1;fatigue=1		Aceitar pela força da palavra.	stat:PRE>=6	SQ_16_03	flag:sq_16_started=1;flag:sq_16_active=1;reputation=1	SQ_16_03	flag:sq_16_started=1;flag:sq_16_active=1;fatigue=1		STORY_sq_16	!flag:sq_16_started&!flag:sq_16_complete	3
SQ_16_02	CHAIN	COMMON	ANY	Kethruun	Sandbones	3	1	10	O Duelista Sem Nome — etapa 2	A consequência da etapa anterior se manifesta em Sandbones. O problema exige uma decisão mais cuidadosa; cada solução abre ou fecha possibilidades para os próximos passos.	Investigar a fundo.	stat:INT>=8	SQ_16_03	xp=3;flag:sq_16_helped=1	SQ_16_03	fatigue=2;reputation=-1		Agir rapidamente.	stat:FOR>=6	SQ_16_04	xp=2;fatigue=1;reputation=1;cityThreat:Sandbones=1	SQ_16_04	fatigue=2		STORY_sq_16	flag:sq_16_active	3
SQ_16_03	CHAIN	COMMON	ANY	Kethruun	Sandbones	3	1	10	O Duelista Sem Nome — etapa 3	A consequência da etapa anterior se manifesta em Sandbones. O problema exige uma decisão mais cuidadosa; cada solução abre ou fecha possibilidades para os próximos passos.	Investigar a fundo.	stat:INT>=6	SQ_16_04	xp=3;flag:sq_16_helped=1	SQ_16_04	fatigue=2;reputation=-1		Agir rapidamente.	stat:FOR>=7	SQ_16_05	xp=2;fatigue=1;reputation=1	SQ_16_05	fatigue=2		STORY_sq_16	flag:sq_16_active	3
SQ_16_04	CHAIN	COMMON	ANY	Kethruun	Sandbones	3	1	10	O Duelista Sem Nome — etapa 4	A consequência da etapa anterior se manifesta em Sandbones. O problema exige uma decisão mais cuidadosa; cada solução abre ou fecha possibilidades para os próximos passos.	Investigar a fundo.	stat:INT>=7	SQ_16_05	xp=4;flag:sq_16_helped=1	SQ_16_05	fatigue=2;reputation=-1		Agir rapidamente.	stat:FOR>=6	SQ_16_06	xp=2;fatigue=1;reputation=1	SQ_16_06	fatigue=2		STORY_sq_16	flag:sq_16_active	3
SQ_16_05	CHAIN	COMMON	ANY	Kethruun	Sandbones	3	1	10	O Duelista Sem Nome — etapa 5	A consequência da etapa anterior se manifesta em Sandbones. O problema exige uma decisão mais cuidadosa; cada solução abre ou fecha possibilidades para os próximos passos.	Investigar a fundo.	stat:INT>=8	SQ_16_06	xp=4;flag:sq_16_helped=1;cityStability:Sandbones=1	SQ_16_06	fatigue=2;reputation=-1		Usar uma habilidade específica.	level>=2&skill:ELY_0022	SQ_16_07	xp=3;fatigue=1;reputation=1;item:ITEM_MINERAL=1	SQ_16_07	fatigue=2		STORY_sq_16	flag:sq_16_active	3
SQ_16_06	CHAIN	COMMON	ANY	Kethruun	Sandbones	3	1	10	O Duelista Sem Nome — etapa 6	A consequência da etapa anterior se manifesta em Sandbones. O problema exige uma decisão mais cuidadosa; cada solução abre ou fecha possibilidades para os próximos passos.	Investigar a fundo.	stat:INT>=6	SQ_16_07	xp=4;flag:sq_16_helped=1	SQ_16_07	fatigue=2;reputation=-1	MON_0026	Agir rapidamente.	stat:FOR>=6	SQ_16_08	xp=3;fatigue=1;reputation=1;cityThreat:Sandbones=1	SQ_16_08	fatigue=2	MON_0029	STORY_sq_16	flag:sq_16_active	3
SQ_16_07	CHAIN	COMMON	ANY	Kethruun	Sandbones	3	1	10	O Duelista Sem Nome — etapa 7	A consequência da etapa anterior se manifesta em Sandbones. O problema exige uma decisão mais cuidadosa; cada solução abre ou fecha possibilidades para os próximos passos.	Investigar a fundo.	stat:INT>=7	SQ_16_08	xp=4;flag:sq_16_helped=1	SQ_16_08	fatigue=2;reputation=-1		Agir rapidamente.	stat:FOR>=7	SQ_16_09	xp=3;fatigue=1;reputation=1	SQ_16_09	fatigue=2		STORY_sq_16	flag:sq_16_active	3
SQ_16_08	CHAIN	COMMON	ANY	Kethruun	Sandbones	3	1	10	O Duelista Sem Nome — etapa 8	A consequência da etapa anterior se manifesta em Sandbones. O problema exige uma decisão mais cuidadosa; cada solução abre ou fecha possibilidades para os próximos passos.	Investigar a fundo.	stat:INT>=8	SQ_16_09	xp=5;flag:sq_16_helped=1	SQ_16_09	fatigue=2;reputation=-1		Agir rapidamente.	stat:FOR>=6	SQ_16_10	xp=3;fatigue=1;reputation=1	SQ_16_10	fatigue=2		STORY_sq_16	flag:sq_16_active	3
SQ_16_09	CHAIN	COMMON	ANY	Kethruun	Sandbones	3	1	10	O Duelista Sem Nome — etapa 9	A consequência da etapa anterior se manifesta em Sandbones. O problema exige uma decisão mais cuidadosa; cada solução abre ou fecha possibilidades para os próximos passos.	Investigar a fundo.	stat:INT>=6	SQ_16_10	xp=5;flag:sq_16_helped=1;cityStability:Sandbones=1	SQ_16_10	fatigue=2;reputation=-1		Agir rapidamente.	stat:FOR>=7	SQ_16_11	xp=3;fatigue=1;reputation=1	SQ_16_11	fatigue=2		STORY_sq_16	flag:sq_16_active	3
SQ_16_10	CHAIN	COMMON	ANY	Kethruun	Sandbones	3	1	10	O Duelista Sem Nome — etapa 10	A consequência da etapa anterior se manifesta em Sandbones. O problema exige uma decisão mais cuidadosa; cada solução abre ou fecha possibilidades para os próximos passos.	Investigar a fundo.	stat:INT>=7	SQ_16_11	xp=5;flag:sq_16_helped=1	SQ_16_11	fatigue=2;reputation=-1		Usar uma habilidade específica.	level>=2&skill:ELY_0027	SQ_16_12	xp=4;fatigue=1;reputation=1;cityThreat:Sandbones=1;item:ITEM_MINERAL=1	SQ_16_12	fatigue=2		STORY_sq_16	flag:sq_16_active	3
SQ_16_11	CHAIN	COMMON	ANY	Kethruun	Sandbones	3	1	10	O Duelista Sem Nome — etapa 11	A consequência da etapa anterior se manifesta em Sandbones. O problema exige uma decisão mais cuidadosa; cada solução abre ou fecha possibilidades para os próximos passos.	Investigar a fundo.	stat:INT>=8	SQ_16_12	xp=5;flag:sq_16_helped=1	SQ_16_12	fatigue=2;reputation=-1		Agir rapidamente.	stat:FOR>=7	SQ_16_13	xp=4;fatigue=1;reputation=1	SQ_16_13	fatigue=2		STORY_sq_16	flag:sq_16_active	3
SQ_16_12	CHAIN	COMMON	ANY	Kethruun	Sandbones	3	1	10	O Duelista Sem Nome — etapa 12	A consequência da etapa anterior se manifesta em Sandbones. O problema exige uma decisão mais cuidadosa; cada solução abre ou fecha possibilidades para os próximos passos.	Investigar a fundo.	stat:INT>=6	SQ_16_13	xp=6;flag:sq_16_helped=1	SQ_16_13	fatigue=2;reputation=-1	MON_0033	Agir rapidamente.	stat:FOR>=6	SQ_16_14	xp=4;fatigue=1;reputation=1	SQ_16_14	fatigue=2	MON_0036	STORY_sq_16	flag:sq_16_active	3
SQ_16_13	CHAIN	COMMON	ANY	Kethruun	Sandbones	3	1	10	O Duelista Sem Nome — etapa 13	A consequência da etapa anterior se manifesta em Sandbones. O problema exige uma decisão mais cuidadosa; cada solução abre ou fecha possibilidades para os próximos passos.	Investigar a fundo.	stat:INT>=7	SQ_16_14	xp=6;flag:sq_16_helped=1;cityStability:Sandbones=1	SQ_16_14	fatigue=2;reputation=-1		Agir rapidamente.	stat:FOR>=7	SQ_16_15	xp=4;fatigue=1;reputation=1	SQ_16_15	fatigue=2		STORY_sq_16	flag:sq_16_active	3
SQ_16_14	CHAIN	COMMON	ANY	Kethruun	Sandbones	3	1	10	O Duelista Sem Nome — etapa 14	A consequência da etapa anterior se manifesta em Sandbones. O problema exige uma decisão mais cuidadosa; cada solução abre ou fecha possibilidades para os próximos passos.	Investigar a fundo.	stat:INT>=8	SQ_16_15	xp=6;flag:sq_16_helped=1	SQ_16_15	fatigue=2;reputation=-1		Agir rapidamente.	stat:FOR>=6	SQ_16_16	xp=4;fatigue=1;reputation=1;cityThreat:Sandbones=1	SQ_16_16	fatigue=2		STORY_sq_16	flag:sq_16_active	3
SQ_16_15	CHAIN	COMMON	ANY	Kethruun	Sandbones	3	1	10	O Duelista Sem Nome — etapa 15	A consequência da etapa anterior se manifesta em Sandbones. O problema exige uma decisão mais cuidadosa; cada solução abre ou fecha possibilidades para os próximos passos.	Investigar a fundo.	stat:INT>=6	SQ_16_16	xp=6;flag:sq_16_helped=1	SQ_16_16	fatigue=2;reputation=-1		Usar uma habilidade específica.	level>=2&skill:ELY_0032	SQ_16_17	xp=5;fatigue=1;reputation=1;item:ITEM_MINERAL=1	SQ_16_17	fatigue=2		STORY_sq_16	flag:sq_16_active	3
SQ_16_16	CHAIN	COMMON	ANY	Kethruun	Sandbones	3	1	10	O Duelista Sem Nome — etapa 16	A consequência da etapa anterior se manifesta em Sandbones. O problema exige uma decisão mais cuidadosa; cada solução abre ou fecha possibilidades para os próximos passos.	Investigar a fundo.	stat:INT>=7	SQ_16_17	xp=7;flag:sq_16_helped=1	SQ_16_17	fatigue=2;reputation=-1		Agir rapidamente.	stat:FOR>=6	SQ_16_18	xp=5;fatigue=1;reputation=1	SQ_16_18	fatigue=2		STORY_sq_16	flag:sq_16_active	3
SQ_16_17	CHAIN	COMMON	ANY	Kethruun	Sandbones	3	1	10	O Duelista Sem Nome — etapa 17	A consequência da etapa anterior se manifesta em Sandbones. O problema exige uma decisão mais cuidadosa; cada solução abre ou fecha possibilidades para os próximos passos.	Investigar a fundo.	stat:INT>=8	SQ_16_18	xp=7;flag:sq_16_helped=1;cityStability:Sandbones=1	SQ_16_18	fatigue=2;reputation=-1	MON_0038	Agir rapidamente.	stat:FOR>=7	SQ_16_19	xp=5;fatigue=1;reputation=1	SQ_16_19	fatigue=2	MON_0042	STORY_sq_16	flag:sq_16_active	3
SQ_16_18	CHAIN	COMMON	ANY	Kethruun	Sandbones	3	1	10	O Duelista Sem Nome — etapa 18	A consequência da etapa anterior se manifesta em Sandbones. O problema exige uma decisão mais cuidadosa; cada solução abre ou fecha possibilidades para os próximos passos.	Investigar a fundo.	stat:INT>=6	SQ_16_19	xp=7;flag:sq_16_helped=1	SQ_16_19	fatigue=2;reputation=-1		Agir rapidamente.	stat:FOR>=6	SQ_16_20	xp=5;fatigue=1;reputation=1;cityThreat:Sandbones=1	SQ_16_20	fatigue=2		STORY_sq_16	flag:sq_16_active	3
SQ_16_19	CHAIN	COMMON	ANY	Kethruun	Sandbones	3	1	10	O Duelista Sem Nome — etapa 19	A consequência da etapa anterior se manifesta em Sandbones. O problema exige uma decisão mais cuidadosa; cada solução abre ou fecha possibilidades para os próximos passos.	Investigar a fundo.	stat:INT>=7	SQ_16_20	xp=7;flag:sq_16_helped=1	SQ_16_20	fatigue=2;reputation=-1		Agir rapidamente.	stat:FOR>=7	SQ_16_20	xp=5;fatigue=1;reputation=1	SQ_16_20	fatigue=2		STORY_sq_16	flag:sq_16_active	3
SQ_16_20	CHAIN	COMMON	ANY	Kethruun	Sandbones	3	1	10	O Duelista Sem Nome — legado	O caso termina, mas a região não esquece. Dependendo das decisões anteriores, uma nova oportunidade ou uma nova dificuldade ficará disponível futuramente.	Encerrar e seguir viagem.	NONE	END	xp=18;gold=18;unflag:sq_16_active;flag:sq_16_complete=1;cityStability:Sandbones=1	END	fatigue=2;reputation=-1		Manter os contatos.	flag:sq_16_helped	END	xp=24;gold=10;reputation=4;rel:NPC_MIRIEL=3;unflag:sq_16_active;flag:sq_16_complete=1;flag:sq_16_contact=1;cityEconomy:Sandbones=2	END	fatigue=2		STORY_sq_16	flag:sq_16_active	3
SQ_17_01	CHAIN	COMMON	ADVENTURER	Orinthal	Crystalia	3	1	10	A Carta Selada — começo	A Carta Selada: um problema aparentemente local se apresenta em Crystalia. Uma escolha agora poderá ecoar por muitos dias.	Aceitar investigar.	stat:PER>=6	SQ_17_02	flag:sq_17_started=1;flag:sq_17_active=1;xp=4	SQ_17_02	flag:sq_17_started=1;flag:sq_17_active=1;fatigue=1		Aceitar pela força da palavra.	stat:PRE>=6	SQ_17_03	flag:sq_17_started=1;flag:sq_17_active=1;reputation=1	SQ_17_03	flag:sq_17_started=1;flag:sq_17_active=1;fatigue=1		STORY_sq_17	!flag:sq_17_started&!flag:sq_17_complete	3
SQ_17_02	CHAIN	COMMON	ADVENTURER	Orinthal	Crystalia	3	1	10	A Carta Selada — etapa 2	A consequência da etapa anterior se manifesta em Crystalia. O problema exige uma decisão mais cuidadosa; cada solução abre ou fecha possibilidades para os próximos passos.	Investigar a fundo.	stat:INT>=8	SQ_17_03	xp=3;flag:sq_17_helped=1	SQ_17_03	fatigue=2;reputation=-1		Agir rapidamente.	stat:FOR>=6	SQ_17_04	xp=2;fatigue=1;reputation=1;cityThreat:Crystalia=1	SQ_17_04	fatigue=2		STORY_sq_17	flag:sq_17_active	3
SQ_17_03	CHAIN	COMMON	ADVENTURER	Orinthal	Crystalia	3	1	10	A Carta Selada — etapa 3	A consequência da etapa anterior se manifesta em Crystalia. O problema exige uma decisão mais cuidadosa; cada solução abre ou fecha possibilidades para os próximos passos.	Investigar a fundo.	stat:INT>=6	SQ_17_04	xp=3;flag:sq_17_helped=1	SQ_17_04	fatigue=2;reputation=-1		Agir rapidamente.	stat:FOR>=7	SQ_17_05	xp=2;fatigue=1;reputation=1	SQ_17_05	fatigue=2		STORY_sq_17	flag:sq_17_active	3
SQ_17_04	CHAIN	COMMON	ADVENTURER	Orinthal	Crystalia	3	1	10	A Carta Selada — etapa 4	A consequência da etapa anterior se manifesta em Crystalia. O problema exige uma decisão mais cuidadosa; cada solução abre ou fecha possibilidades para os próximos passos.	Investigar a fundo.	stat:INT>=7	SQ_17_05	xp=4;flag:sq_17_helped=1	SQ_17_05	fatigue=2;reputation=-1		Agir rapidamente.	stat:FOR>=6	SQ_17_06	xp=2;fatigue=1;reputation=1	SQ_17_06	fatigue=2		STORY_sq_17	flag:sq_17_active	3
SQ_17_05	CHAIN	COMMON	ADVENTURER	Orinthal	Crystalia	3	1	10	A Carta Selada — etapa 5	A consequência da etapa anterior se manifesta em Crystalia. O problema exige uma decisão mais cuidadosa; cada solução abre ou fecha possibilidades para os próximos passos.	Investigar a fundo.	stat:INT>=8	SQ_17_06	xp=4;flag:sq_17_helped=1;cityStability:Crystalia=1	SQ_17_06	fatigue=2;reputation=-1		Usar uma habilidade específica.	level>=2&skill:ELY_0023	SQ_17_07	xp=3;fatigue=1;reputation=1;item:ITEM_MINERAL=1	SQ_17_07	fatigue=2		STORY_sq_17	flag:sq_17_active	3
SQ_17_06	CHAIN	COMMON	ADVENTURER	Orinthal	Crystalia	3	1	10	A Carta Selada — etapa 6	A consequência da etapa anterior se manifesta em Crystalia. O problema exige uma decisão mais cuidadosa; cada solução abre ou fecha possibilidades para os próximos passos.	Investigar a fundo.	stat:INT>=6	SQ_17_07	xp=4;flag:sq_17_helped=1	SQ_17_07	fatigue=2;reputation=-1	MON_0024	Agir rapidamente.	stat:FOR>=6	SQ_17_08	xp=3;fatigue=1;reputation=1;cityThreat:Crystalia=1	SQ_17_08	fatigue=2	MON_0027	STORY_sq_17	flag:sq_17_active	3
SQ_17_07	CHAIN	COMMON	ADVENTURER	Orinthal	Crystalia	3	1	10	A Carta Selada — etapa 7	A consequência da etapa anterior se manifesta em Crystalia. O problema exige uma decisão mais cuidadosa; cada solução abre ou fecha possibilidades para os próximos passos.	Investigar a fundo.	stat:INT>=7	SQ_17_08	xp=4;flag:sq_17_helped=1	SQ_17_08	fatigue=2;reputation=-1		Agir rapidamente.	stat:FOR>=7	SQ_17_09	xp=3;fatigue=1;reputation=1	SQ_17_09	fatigue=2		STORY_sq_17	flag:sq_17_active	3
SQ_17_08	CHAIN	COMMON	ADVENTURER	Orinthal	Crystalia	3	1	10	A Carta Selada — etapa 8	A consequência da etapa anterior se manifesta em Crystalia. O problema exige uma decisão mais cuidadosa; cada solução abre ou fecha possibilidades para os próximos passos.	Investigar a fundo.	stat:INT>=8	SQ_17_09	xp=5;flag:sq_17_helped=1	SQ_17_09	fatigue=2;reputation=-1		Agir rapidamente.	stat:FOR>=6	SQ_17_10	xp=3;fatigue=1;reputation=1	SQ_17_10	fatigue=2		STORY_sq_17	flag:sq_17_active	3
SQ_17_09	CHAIN	COMMON	ADVENTURER	Orinthal	Crystalia	3	1	10	A Carta Selada — etapa 9	A consequência da etapa anterior se manifesta em Crystalia. O problema exige uma decisão mais cuidadosa; cada solução abre ou fecha possibilidades para os próximos passos.	Investigar a fundo.	stat:INT>=6	SQ_17_10	xp=5;flag:sq_17_helped=1;cityStability:Crystalia=1	SQ_17_10	fatigue=2;reputation=-1		Agir rapidamente.	stat:FOR>=7	SQ_17_11	xp=3;fatigue=1;reputation=1	SQ_17_11	fatigue=2		STORY_sq_17	flag:sq_17_active	3
SQ_17_10	CHAIN	COMMON	ADVENTURER	Orinthal	Crystalia	3	1	10	A Carta Selada — etapa 10	A consequência da etapa anterior se manifesta em Crystalia. O problema exige uma decisão mais cuidadosa; cada solução abre ou fecha possibilidades para os próximos passos.	Investigar a fundo.	stat:INT>=7	SQ_17_11	xp=5;flag:sq_17_helped=1	SQ_17_11	fatigue=2;reputation=-1		Usar uma habilidade específica.	level>=2&skill:ELY_0028	SQ_17_12	xp=4;fatigue=1;reputation=1;cityThreat:Crystalia=1;item:ITEM_MINERAL=1	SQ_17_12	fatigue=2		STORY_sq_17	flag:sq_17_active	3
SQ_17_11	CHAIN	COMMON	ADVENTURER	Orinthal	Crystalia	3	1	10	A Carta Selada — etapa 11	A consequência da etapa anterior se manifesta em Crystalia. O problema exige uma decisão mais cuidadosa; cada solução abre ou fecha possibilidades para os próximos passos.	Investigar a fundo.	stat:INT>=8	SQ_17_12	xp=5;flag:sq_17_helped=1	SQ_17_12	fatigue=2;reputation=-1		Agir rapidamente.	stat:FOR>=7	SQ_17_13	xp=4;fatigue=1;reputation=1	SQ_17_13	fatigue=2		STORY_sq_17	flag:sq_17_active	3
SQ_17_12	CHAIN	COMMON	ADVENTURER	Orinthal	Crystalia	3	1	10	A Carta Selada — etapa 12	A consequência da etapa anterior se manifesta em Crystalia. O problema exige uma decisão mais cuidadosa; cada solução abre ou fecha possibilidades para os próximos passos.	Investigar a fundo.	stat:INT>=6	SQ_17_13	xp=6;flag:sq_17_helped=1	SQ_17_13	fatigue=2;reputation=-1	MON_0030	Agir rapidamente.	stat:FOR>=6	SQ_17_14	xp=4;fatigue=1;reputation=1	SQ_17_14	fatigue=2	MON_0033	STORY_sq_17	flag:sq_17_active	3
SQ_17_13	CHAIN	COMMON	ADVENTURER	Orinthal	Crystalia	3	1	10	A Carta Selada — etapa 13	A consequência da etapa anterior se manifesta em Crystalia. O problema exige uma decisão mais cuidadosa; cada solução abre ou fecha possibilidades para os próximos passos.	Investigar a fundo.	stat:INT>=7	SQ_17_14	xp=6;flag:sq_17_helped=1;cityStability:Crystalia=1	SQ_17_14	fatigue=2;reputation=-1		Agir rapidamente.	stat:FOR>=7	SQ_17_15	xp=4;fatigue=1;reputation=1	SQ_17_15	fatigue=2		STORY_sq_17	flag:sq_17_active	3
SQ_17_14	CHAIN	COMMON	ADVENTURER	Orinthal	Crystalia	3	1	10	A Carta Selada — etapa 14	A consequência da etapa anterior se manifesta em Crystalia. O problema exige uma decisão mais cuidadosa; cada solução abre ou fecha possibilidades para os próximos passos.	Investigar a fundo.	stat:INT>=8	SQ_17_15	xp=6;flag:sq_17_helped=1	SQ_17_15	fatigue=2;reputation=-1		Agir rapidamente.	stat:FOR>=6	SQ_17_16	xp=4;fatigue=1;reputation=1;cityThreat:Crystalia=1	SQ_17_16	fatigue=2		STORY_sq_17	flag:sq_17_active	3
SQ_17_15	CHAIN	COMMON	ADVENTURER	Orinthal	Crystalia	3	1	10	A Carta Selada — etapa 15	A consequência da etapa anterior se manifesta em Crystalia. O problema exige uma decisão mais cuidadosa; cada solução abre ou fecha possibilidades para os próximos passos.	Investigar a fundo.	stat:INT>=6	SQ_17_16	xp=6;flag:sq_17_helped=1	SQ_17_16	fatigue=2;reputation=-1		Usar uma habilidade específica.	level>=2&skill:ELY_0033	SQ_17_17	xp=5;fatigue=1;reputation=1;item:ITEM_MINERAL=1	SQ_17_17	fatigue=2		STORY_sq_17	flag:sq_17_active	3
SQ_17_16	CHAIN	COMMON	ADVENTURER	Orinthal	Crystalia	3	1	10	A Carta Selada — etapa 16	A consequência da etapa anterior se manifesta em Crystalia. O problema exige uma decisão mais cuidadosa; cada solução abre ou fecha possibilidades para os próximos passos.	Investigar a fundo.	stat:INT>=7	SQ_17_17	xp=7;flag:sq_17_helped=1	SQ_17_17	fatigue=2;reputation=-1		Agir rapidamente.	stat:FOR>=6	SQ_17_18	xp=5;fatigue=1;reputation=1	SQ_17_18	fatigue=2		STORY_sq_17	flag:sq_17_active	3
SQ_17_17	CHAIN	COMMON	ADVENTURER	Orinthal	Crystalia	3	1	10	A Carta Selada — etapa 17	A consequência da etapa anterior se manifesta em Crystalia. O problema exige uma decisão mais cuidadosa; cada solução abre ou fecha possibilidades para os próximos passos.	Investigar a fundo.	stat:INT>=8	SQ_17_18	xp=7;flag:sq_17_helped=1;cityStability:Crystalia=1	SQ_17_18	fatigue=2;reputation=-1	MON_0035	Agir rapidamente.	stat:FOR>=7	SQ_17_19	xp=5;fatigue=1;reputation=1	SQ_17_19	fatigue=2	MON_0038	STORY_sq_17	flag:sq_17_active	3
SQ_17_18	CHAIN	COMMON	ADVENTURER	Orinthal	Crystalia	3	1	10	A Carta Selada — etapa 18	A consequência da etapa anterior se manifesta em Crystalia. O problema exige uma decisão mais cuidadosa; cada solução abre ou fecha possibilidades para os próximos passos.	Investigar a fundo.	stat:INT>=6	SQ_17_19	xp=7;flag:sq_17_helped=1	SQ_17_19	fatigue=2;reputation=-1		Agir rapidamente.	stat:FOR>=6	SQ_17_20	xp=5;fatigue=1;reputation=1;cityThreat:Crystalia=1	SQ_17_20	fatigue=2		STORY_sq_17	flag:sq_17_active	3
SQ_17_19	CHAIN	COMMON	ADVENTURER	Orinthal	Crystalia	3	1	10	A Carta Selada — etapa 19	A consequência da etapa anterior se manifesta em Crystalia. O problema exige uma decisão mais cuidadosa; cada solução abre ou fecha possibilidades para os próximos passos.	Investigar a fundo.	stat:INT>=7	SQ_17_20	xp=7;flag:sq_17_helped=1	SQ_17_20	fatigue=2;reputation=-1		Agir rapidamente.	stat:FOR>=7	SQ_17_20	xp=5;fatigue=1;reputation=1	SQ_17_20	fatigue=2		STORY_sq_17	flag:sq_17_active	3
SQ_17_20	CHAIN	COMMON	ADVENTURER	Orinthal	Crystalia	3	1	10	A Carta Selada — legado	O caso termina, mas a região não esquece. Dependendo das decisões anteriores, uma nova oportunidade ou uma nova dificuldade ficará disponível futuramente.	Encerrar e seguir viagem.	NONE	END	xp=18;gold=18;unflag:sq_17_active;flag:sq_17_complete=1;cityStability:Crystalia=1	END	fatigue=2;reputation=-1		Manter os contatos.	flag:sq_17_helped	END	xp=24;gold=10;reputation=4;rel:NPC_MIRIEL=3;unflag:sq_17_active;flag:sq_17_complete=1;flag:sq_17_contact=1;cityEconomy:Crystalia=2	END	fatigue=2		STORY_sq_17	flag:sq_17_active	3
SQ_18_01	CHAIN	COMMON	VALARYN	Zarim	Fornalia	4	1	10	A Besta do Mercado — começo	A Besta do Mercado: um problema aparentemente local se apresenta em Fornalia. Uma escolha agora poderá ecoar por muitos dias.	Aceitar investigar.	stat:PER>=6	SQ_18_02	flag:sq_18_started=1;flag:sq_18_active=1;xp=4	SQ_18_02	flag:sq_18_started=1;flag:sq_18_active=1;fatigue=1		Aceitar pela força da palavra.	stat:PRE>=6	SQ_18_03	flag:sq_18_started=1;flag:sq_18_active=1;reputation=1	SQ_18_03	flag:sq_18_started=1;flag:sq_18_active=1;fatigue=1		STORY_sq_18	!flag:sq_18_started&!flag:sq_18_complete	3
SQ_18_02	CHAIN	COMMON	VALARYN	Zarim	Fornalia	4	1	10	A Besta do Mercado — etapa 2	A consequência da etapa anterior se manifesta em Fornalia. O problema exige uma decisão mais cuidadosa; cada solução abre ou fecha possibilidades para os próximos passos.	Investigar a fundo.	stat:INT>=8	SQ_18_03	xp=3;flag:sq_18_helped=1	SQ_18_03	fatigue=2;reputation=-1		Agir rapidamente.	stat:FOR>=6	SQ_18_04	xp=2;fatigue=1;reputation=1;cityThreat:Fornalia=1	SQ_18_04	fatigue=2		STORY_sq_18	flag:sq_18_active	3
SQ_18_03	CHAIN	COMMON	VALARYN	Zarim	Fornalia	4	1	10	A Besta do Mercado — etapa 3	A consequência da etapa anterior se manifesta em Fornalia. O problema exige uma decisão mais cuidadosa; cada solução abre ou fecha possibilidades para os próximos passos.	Investigar a fundo.	stat:INT>=6	SQ_18_04	xp=3;flag:sq_18_helped=1	SQ_18_04	fatigue=2;reputation=-1		Agir rapidamente.	stat:FOR>=7	SQ_18_05	xp=2;fatigue=1;reputation=1	SQ_18_05	fatigue=2		STORY_sq_18	flag:sq_18_active	3
SQ_18_04	CHAIN	COMMON	VALARYN	Zarim	Fornalia	4	1	10	A Besta do Mercado — etapa 4	A consequência da etapa anterior se manifesta em Fornalia. O problema exige uma decisão mais cuidadosa; cada solução abre ou fecha possibilidades para os próximos passos.	Investigar a fundo.	stat:INT>=7	SQ_18_05	xp=4;flag:sq_18_helped=1	SQ_18_05	fatigue=2;reputation=-1		Agir rapidamente.	stat:FOR>=6	SQ_18_06	xp=2;fatigue=1;reputation=1	SQ_18_06	fatigue=2		STORY_sq_18	flag:sq_18_active	3
SQ_18_05	CHAIN	COMMON	VALARYN	Zarim	Fornalia	4	1	10	A Besta do Mercado — etapa 5	A consequência da etapa anterior se manifesta em Fornalia. O problema exige uma decisão mais cuidadosa; cada solução abre ou fecha possibilidades para os próximos passos.	Investigar a fundo.	stat:INT>=8	SQ_18_06	xp=4;flag:sq_18_helped=1;cityStability:Fornalia=1	SQ_18_06	fatigue=2;reputation=-1		Usar uma habilidade específica.	level>=2&skill:ELY_0024	SQ_18_07	xp=3;fatigue=1;reputation=1;item:ITEM_MINERAL=1	SQ_18_07	fatigue=2		STORY_sq_18	flag:sq_18_active	3
SQ_18_06	CHAIN	COMMON	VALARYN	Zarim	Fornalia	4	1	10	A Besta do Mercado — etapa 6	A consequência da etapa anterior se manifesta em Fornalia. O problema exige uma decisão mais cuidadosa; cada solução abre ou fecha possibilidades para os próximos passos.	Investigar a fundo.	stat:INT>=6	SQ_18_07	xp=4;flag:sq_18_helped=1	SQ_18_07	fatigue=2;reputation=-1	MON_0065	Agir rapidamente.	stat:FOR>=6	SQ_18_08	xp=3;fatigue=1;reputation=1;cityThreat:Fornalia=1	SQ_18_08	fatigue=2	MON_0080	STORY_sq_18	flag:sq_18_active	3
SQ_18_07	CHAIN	COMMON	VALARYN	Zarim	Fornalia	4	1	10	A Besta do Mercado — etapa 7	A consequência da etapa anterior se manifesta em Fornalia. O problema exige uma decisão mais cuidadosa; cada solução abre ou fecha possibilidades para os próximos passos.	Investigar a fundo.	stat:INT>=7	SQ_18_08	xp=4;flag:sq_18_helped=1	SQ_18_08	fatigue=2;reputation=-1		Agir rapidamente.	stat:FOR>=7	SQ_18_09	xp=3;fatigue=1;reputation=1	SQ_18_09	fatigue=2		STORY_sq_18	flag:sq_18_active	3
SQ_18_08	CHAIN	COMMON	VALARYN	Zarim	Fornalia	4	1	10	A Besta do Mercado — etapa 8	A consequência da etapa anterior se manifesta em Fornalia. O problema exige uma decisão mais cuidadosa; cada solução abre ou fecha possibilidades para os próximos passos.	Investigar a fundo.	stat:INT>=8	SQ_18_09	xp=5;flag:sq_18_helped=1	SQ_18_09	fatigue=2;reputation=-1		Agir rapidamente.	stat:FOR>=6	SQ_18_10	xp=3;fatigue=1;reputation=1	SQ_18_10	fatigue=2		STORY_sq_18	flag:sq_18_active	3
SQ_18_09	CHAIN	COMMON	VALARYN	Zarim	Fornalia	4	1	10	A Besta do Mercado — etapa 9	A consequência da etapa anterior se manifesta em Fornalia. O problema exige uma decisão mais cuidadosa; cada solução abre ou fecha possibilidades para os próximos passos.	Investigar a fundo.	stat:INT>=6	SQ_18_10	xp=5;flag:sq_18_helped=1;cityStability:Fornalia=1	SQ_18_10	fatigue=2;reputation=-1		Agir rapidamente.	stat:FOR>=7	SQ_18_11	xp=3;fatigue=1;reputation=1	SQ_18_11	fatigue=2		STORY_sq_18	flag:sq_18_active	3
SQ_18_10	CHAIN	COMMON	VALARYN	Zarim	Fornalia	4	1	10	A Besta do Mercado — etapa 10	A consequência da etapa anterior se manifesta em Fornalia. O problema exige uma decisão mais cuidadosa; cada solução abre ou fecha possibilidades para os próximos passos.	Investigar a fundo.	stat:INT>=7	SQ_18_11	xp=5;flag:sq_18_helped=1	SQ_18_11	fatigue=2;reputation=-1		Usar uma habilidade específica.	level>=2&skill:ELY_0029	SQ_18_12	xp=4;fatigue=1;reputation=1;cityThreat:Fornalia=1;item:ITEM_MINERAL=1	SQ_18_12	fatigue=2		STORY_sq_18	flag:sq_18_active	3
SQ_18_11	CHAIN	COMMON	VALARYN	Zarim	Fornalia	4	1	10	A Besta do Mercado — etapa 11	A consequência da etapa anterior se manifesta em Fornalia. O problema exige uma decisão mais cuidadosa; cada solução abre ou fecha possibilidades para os próximos passos.	Investigar a fundo.	stat:INT>=8	SQ_18_12	xp=5;flag:sq_18_helped=1	SQ_18_12	fatigue=2;reputation=-1		Agir rapidamente.	stat:FOR>=7	SQ_18_13	xp=4;fatigue=1;reputation=1	SQ_18_13	fatigue=2		STORY_sq_18	flag:sq_18_active	3
SQ_18_12	CHAIN	COMMON	VALARYN	Zarim	Fornalia	4	1	10	A Besta do Mercado — etapa 12	A consequência da etapa anterior se manifesta em Fornalia. O problema exige uma decisão mais cuidadosa; cada solução abre ou fecha possibilidades para os próximos passos.	Investigar a fundo.	stat:INT>=6	SQ_18_13	xp=6;flag:sq_18_helped=1	SQ_18_13	fatigue=2;reputation=-1	MON_0089	Agir rapidamente.	stat:FOR>=6	SQ_18_14	xp=4;fatigue=1;reputation=1	SQ_18_14	fatigue=2	MON_0104	STORY_sq_18	flag:sq_18_active	3
SQ_18_13	CHAIN	COMMON	VALARYN	Zarim	Fornalia	4	1	10	A Besta do Mercado — etapa 13	A consequência da etapa anterior se manifesta em Fornalia. O problema exige uma decisão mais cuidadosa; cada solução abre ou fecha possibilidades para os próximos passos.	Investigar a fundo.	stat:INT>=7	SQ_18_14	xp=6;flag:sq_18_helped=1;cityStability:Fornalia=1	SQ_18_14	fatigue=2;reputation=-1		Agir rapidamente.	stat:FOR>=7	SQ_18_15	xp=4;fatigue=1;reputation=1	SQ_18_15	fatigue=2		STORY_sq_18	flag:sq_18_active	3
SQ_18_14	CHAIN	COMMON	VALARYN	Zarim	Fornalia	4	1	10	A Besta do Mercado — etapa 14	A consequência da etapa anterior se manifesta em Fornalia. O problema exige uma decisão mais cuidadosa; cada solução abre ou fecha possibilidades para os próximos passos.	Investigar a fundo.	stat:INT>=8	SQ_18_15	xp=6;flag:sq_18_helped=1	SQ_18_15	fatigue=2;reputation=-1		Agir rapidamente.	stat:FOR>=6	SQ_18_16	xp=4;fatigue=1;reputation=1;cityThreat:Fornalia=1	SQ_18_16	fatigue=2		STORY_sq_18	flag:sq_18_active	3
SQ_18_15	CHAIN	COMMON	VALARYN	Zarim	Fornalia	4	1	10	A Besta do Mercado — etapa 15	A consequência da etapa anterior se manifesta em Fornalia. O problema exige uma decisão mais cuidadosa; cada solução abre ou fecha possibilidades para os próximos passos.	Investigar a fundo.	stat:INT>=6	SQ_18_16	xp=6;flag:sq_18_helped=1	SQ_18_16	fatigue=2;reputation=-1		Usar uma habilidade específica.	level>=2&skill:ELY_0034	SQ_18_17	xp=5;fatigue=1;reputation=1;item:ITEM_MINERAL=1	SQ_18_17	fatigue=2		STORY_sq_18	flag:sq_18_active	3
SQ_18_16	CHAIN	COMMON	VALARYN	Zarim	Fornalia	4	1	10	A Besta do Mercado — etapa 16	A consequência da etapa anterior se manifesta em Fornalia. O problema exige uma decisão mais cuidadosa; cada solução abre ou fecha possibilidades para os próximos passos.	Investigar a fundo.	stat:INT>=7	SQ_18_17	xp=7;flag:sq_18_helped=1	SQ_18_17	fatigue=2;reputation=-1		Agir rapidamente.	stat:FOR>=6	SQ_18_18	xp=5;fatigue=1;reputation=1	SQ_18_18	fatigue=2		STORY_sq_18	flag:sq_18_active	3
SQ_18_17	CHAIN	COMMON	VALARYN	Zarim	Fornalia	4	1	10	A Besta do Mercado — etapa 17	A consequência da etapa anterior se manifesta em Fornalia. O problema exige uma decisão mais cuidadosa; cada solução abre ou fecha possibilidades para os próximos passos.	Investigar a fundo.	stat:INT>=8	SQ_18_18	xp=7;flag:sq_18_helped=1;cityStability:Fornalia=1	SQ_18_18	fatigue=2;reputation=-1	MON_0112	Agir rapidamente.	stat:FOR>=7	SQ_18_19	xp=5;fatigue=1;reputation=1	SQ_18_19	fatigue=2	MON_0121	STORY_sq_18	flag:sq_18_active	3
SQ_18_18	CHAIN	COMMON	VALARYN	Zarim	Fornalia	4	1	10	A Besta do Mercado — etapa 18	A consequência da etapa anterior se manifesta em Fornalia. O problema exige uma decisão mais cuidadosa; cada solução abre ou fecha possibilidades para os próximos passos.	Investigar a fundo.	stat:INT>=6	SQ_18_19	xp=7;flag:sq_18_helped=1	SQ_18_19	fatigue=2;reputation=-1		Agir rapidamente.	stat:FOR>=6	SQ_18_20	xp=5;fatigue=1;reputation=1;cityThreat:Fornalia=1	SQ_18_20	fatigue=2		STORY_sq_18	flag:sq_18_active	3
SQ_18_19	CHAIN	COMMON	VALARYN	Zarim	Fornalia	4	1	10	A Besta do Mercado — etapa 19	A consequência da etapa anterior se manifesta em Fornalia. O problema exige uma decisão mais cuidadosa; cada solução abre ou fecha possibilidades para os próximos passos.	Investigar a fundo.	stat:INT>=7	SQ_18_20	xp=7;flag:sq_18_helped=1	SQ_18_20	fatigue=2;reputation=-1		Agir rapidamente.	stat:FOR>=7	SQ_18_20	xp=5;fatigue=1;reputation=1	SQ_18_20	fatigue=2		STORY_sq_18	flag:sq_18_active	3
SQ_18_20	CHAIN	COMMON	VALARYN	Zarim	Fornalia	4	1	10	A Besta do Mercado — legado	O caso termina, mas a região não esquece. Dependendo das decisões anteriores, uma nova oportunidade ou uma nova dificuldade ficará disponível futuramente.	Encerrar e seguir viagem.	NONE	END	xp=18;gold=18;unflag:sq_18_active;flag:sq_18_complete=1;cityStability:Fornalia=1	END	fatigue=2;reputation=-1		Manter os contatos.	flag:sq_18_helped	END	xp=24;gold=10;reputation=4;rel:NPC_MIRIEL=3;unflag:sq_18_active;flag:sq_18_complete=1;flag:sq_18_contact=1;cityEconomy:Fornalia=2	END	fatigue=2		STORY_sq_18	flag:sq_18_active	3
SQ_19_01	CHAIN	COMMON	INDEPENDENT	Lyrien	Aerocivitus	4	1	10	O Peregrino — começo	O Peregrino: um problema aparentemente local se apresenta em Aerocivitus. Uma escolha agora poderá ecoar por muitos dias.	Aceitar investigar.	stat:PER>=6	SQ_19_02	flag:sq_19_started=1;flag:sq_19_active=1;xp=4	SQ_19_02	flag:sq_19_started=1;flag:sq_19_active=1;fatigue=1		Aceitar pela força da palavra.	stat:PRE>=6	SQ_19_03	flag:sq_19_started=1;flag:sq_19_active=1;reputation=1	SQ_19_03	flag:sq_19_started=1;flag:sq_19_active=1;fatigue=1		STORY_sq_19	!flag:sq_19_started&!flag:sq_19_complete	3
SQ_19_02	CHAIN	COMMON	INDEPENDENT	Lyrien	Aerocivitus	4	1	10	O Peregrino — etapa 2	A consequência da etapa anterior se manifesta em Aerocivitus. O problema exige uma decisão mais cuidadosa; cada solução abre ou fecha possibilidades para os próximos passos.	Investigar a fundo.	stat:INT>=8	SQ_19_03	xp=3;flag:sq_19_helped=1	SQ_19_03	fatigue=2;reputation=-1		Agir rapidamente.	stat:FOR>=6	SQ_19_04	xp=2;fatigue=1;reputation=1;cityThreat:Aerocivitus=1	SQ_19_04	fatigue=2		STORY_sq_19	flag:sq_19_active	3
SQ_19_03	CHAIN	COMMON	INDEPENDENT	Lyrien	Aerocivitus	4	1	10	O Peregrino — etapa 3	A consequência da etapa anterior se manifesta em Aerocivitus. O problema exige uma decisão mais cuidadosa; cada solução abre ou fecha possibilidades para os próximos passos.	Investigar a fundo.	stat:INT>=6	SQ_19_04	xp=3;flag:sq_19_helped=1	SQ_19_04	fatigue=2;reputation=-1		Agir rapidamente.	stat:FOR>=7	SQ_19_05	xp=2;fatigue=1;reputation=1	SQ_19_05	fatigue=2		STORY_sq_19	flag:sq_19_active	3
SQ_19_04	CHAIN	COMMON	INDEPENDENT	Lyrien	Aerocivitus	4	1	10	O Peregrino — etapa 4	A consequência da etapa anterior se manifesta em Aerocivitus. O problema exige uma decisão mais cuidadosa; cada solução abre ou fecha possibilidades para os próximos passos.	Investigar a fundo.	stat:INT>=7	SQ_19_05	xp=4;flag:sq_19_helped=1	SQ_19_05	fatigue=2;reputation=-1		Agir rapidamente.	stat:FOR>=6	SQ_19_06	xp=2;fatigue=1;reputation=1	SQ_19_06	fatigue=2		STORY_sq_19	flag:sq_19_active	3
SQ_19_05	CHAIN	COMMON	INDEPENDENT	Lyrien	Aerocivitus	4	1	10	O Peregrino — etapa 5	A consequência da etapa anterior se manifesta em Aerocivitus. O problema exige uma decisão mais cuidadosa; cada solução abre ou fecha possibilidades para os próximos passos.	Investigar a fundo.	stat:INT>=8	SQ_19_06	xp=4;flag:sq_19_helped=1;cityStability:Aerocivitus=1	SQ_19_06	fatigue=2;reputation=-1		Usar uma habilidade específica.	level>=2&skill:ELY_0025	SQ_19_07	xp=3;fatigue=1;reputation=1;item:ITEM_MINERAL=1	SQ_19_07	fatigue=2		STORY_sq_19	flag:sq_19_active	3
SQ_19_06	CHAIN	COMMON	INDEPENDENT	Lyrien	Aerocivitus	4	1	10	O Peregrino — etapa 6	A consequência da etapa anterior se manifesta em Aerocivitus. O problema exige uma decisão mais cuidadosa; cada solução abre ou fecha possibilidades para os próximos passos.	Investigar a fundo.	stat:INT>=6	SQ_19_07	xp=4;flag:sq_19_helped=1	SQ_19_07	fatigue=2;reputation=-1	MON_0050	Agir rapidamente.	stat:FOR>=6	SQ_19_08	xp=3;fatigue=1;reputation=1;cityThreat:Aerocivitus=1	SQ_19_08	fatigue=2	MON_0056	STORY_sq_19	flag:sq_19_active	3
SQ_19_07	CHAIN	COMMON	INDEPENDENT	Lyrien	Aerocivitus	4	1	10	O Peregrino — etapa 7	A consequência da etapa anterior se manifesta em Aerocivitus. O problema exige uma decisão mais cuidadosa; cada solução abre ou fecha possibilidades para os próximos passos.	Investigar a fundo.	stat:INT>=7	SQ_19_08	xp=4;flag:sq_19_helped=1	SQ_19_08	fatigue=2;reputation=-1		Agir rapidamente.	stat:FOR>=7	SQ_19_09	xp=3;fatigue=1;reputation=1	SQ_19_09	fatigue=2		STORY_sq_19	flag:sq_19_active	3
SQ_19_08	CHAIN	COMMON	INDEPENDENT	Lyrien	Aerocivitus	4	1	10	O Peregrino — etapa 8	A consequência da etapa anterior se manifesta em Aerocivitus. O problema exige uma decisão mais cuidadosa; cada solução abre ou fecha possibilidades para os próximos passos.	Investigar a fundo.	stat:INT>=8	SQ_19_09	xp=5;flag:sq_19_helped=1	SQ_19_09	fatigue=2;reputation=-1		Agir rapidamente.	stat:FOR>=6	SQ_19_10	xp=3;fatigue=1;reputation=1	SQ_19_10	fatigue=2		STORY_sq_19	flag:sq_19_active	3
SQ_19_09	CHAIN	COMMON	INDEPENDENT	Lyrien	Aerocivitus	4	1	10	O Peregrino — etapa 9	A consequência da etapa anterior se manifesta em Aerocivitus. O problema exige uma decisão mais cuidadosa; cada solução abre ou fecha possibilidades para os próximos passos.	Investigar a fundo.	stat:INT>=6	SQ_19_10	xp=5;flag:sq_19_helped=1;cityStability:Aerocivitus=1	SQ_19_10	fatigue=2;reputation=-1		Agir rapidamente.	stat:FOR>=7	SQ_19_11	xp=3;fatigue=1;reputation=1	SQ_19_11	fatigue=2		STORY_sq_19	flag:sq_19_active	3
SQ_19_10	CHAIN	COMMON	INDEPENDENT	Lyrien	Aerocivitus	4	1	10	O Peregrino — etapa 10	A consequência da etapa anterior se manifesta em Aerocivitus. O problema exige uma decisão mais cuidadosa; cada solução abre ou fecha possibilidades para os próximos passos.	Investigar a fundo.	stat:INT>=7	SQ_19_11	xp=5;flag:sq_19_helped=1	SQ_19_11	fatigue=2;reputation=-1		Usar uma habilidade específica.	level>=2&skill:ELY_0030	SQ_19_12	xp=4;fatigue=1;reputation=1;cityThreat:Aerocivitus=1;item:ITEM_MINERAL=1	SQ_19_12	fatigue=2		STORY_sq_19	flag:sq_19_active	3
SQ_19_11	CHAIN	COMMON	INDEPENDENT	Lyrien	Aerocivitus	4	1	10	O Peregrino — etapa 11	A consequência da etapa anterior se manifesta em Aerocivitus. O problema exige uma decisão mais cuidadosa; cada solução abre ou fecha possibilidades para os próximos passos.	Investigar a fundo.	stat:INT>=8	SQ_19_12	xp=5;flag:sq_19_helped=1	SQ_19_12	fatigue=2;reputation=-1		Agir rapidamente.	stat:FOR>=7	SQ_19_13	xp=4;fatigue=1;reputation=1	SQ_19_13	fatigue=2		STORY_sq_19	flag:sq_19_active	3
SQ_19_12	CHAIN	COMMON	INDEPENDENT	Lyrien	Aerocivitus	4	1	10	O Peregrino — etapa 12	A consequência da etapa anterior se manifesta em Aerocivitus. O problema exige uma decisão mais cuidadosa; cada solução abre ou fecha possibilidades para os próximos passos.	Investigar a fundo.	stat:INT>=6	SQ_19_13	xp=6;flag:sq_19_helped=1	SQ_19_13	fatigue=2;reputation=-1	MON_0064	Agir rapidamente.	stat:FOR>=6	SQ_19_14	xp=4;fatigue=1;reputation=1	SQ_19_14	fatigue=2	MON_0072	STORY_sq_19	flag:sq_19_active	3
SQ_19_13	CHAIN	COMMON	INDEPENDENT	Lyrien	Aerocivitus	4	1	10	O Peregrino — etapa 13	A consequência da etapa anterior se manifesta em Aerocivitus. O problema exige uma decisão mais cuidadosa; cada solução abre ou fecha possibilidades para os próximos passos.	Investigar a fundo.	stat:INT>=7	SQ_19_14	xp=6;flag:sq_19_helped=1;cityStability:Aerocivitus=1	SQ_19_14	fatigue=2;reputation=-1		Agir rapidamente.	stat:FOR>=7	SQ_19_15	xp=4;fatigue=1;reputation=1	SQ_19_15	fatigue=2		STORY_sq_19	flag:sq_19_active	3
SQ_19_14	CHAIN	COMMON	INDEPENDENT	Lyrien	Aerocivitus	4	1	10	O Peregrino — etapa 14	A consequência da etapa anterior se manifesta em Aerocivitus. O problema exige uma decisão mais cuidadosa; cada solução abre ou fecha possibilidades para os próximos passos.	Investigar a fundo.	stat:INT>=8	SQ_19_15	xp=6;flag:sq_19_helped=1	SQ_19_15	fatigue=2;reputation=-1		Agir rapidamente.	stat:FOR>=6	SQ_19_16	xp=4;fatigue=1;reputation=1;cityThreat:Aerocivitus=1	SQ_19_16	fatigue=2		STORY_sq_19	flag:sq_19_active	3
SQ_19_15	CHAIN	COMMON	INDEPENDENT	Lyrien	Aerocivitus	4	1	10	O Peregrino — etapa 15	A consequência da etapa anterior se manifesta em Aerocivitus. O problema exige uma decisão mais cuidadosa; cada solução abre ou fecha possibilidades para os próximos passos.	Investigar a fundo.	stat:INT>=6	SQ_19_16	xp=6;flag:sq_19_helped=1	SQ_19_16	fatigue=2;reputation=-1		Usar uma habilidade específica.	level>=2&skill:ELY_0035	SQ_19_17	xp=5;fatigue=1;reputation=1;item:ITEM_MINERAL=1	SQ_19_17	fatigue=2		STORY_sq_19	flag:sq_19_active	3
SQ_19_16	CHAIN	COMMON	INDEPENDENT	Lyrien	Aerocivitus	4	1	10	O Peregrino — etapa 16	A consequência da etapa anterior se manifesta em Aerocivitus. O problema exige uma decisão mais cuidadosa; cada solução abre ou fecha possibilidades para os próximos passos.	Investigar a fundo.	stat:INT>=7	SQ_19_17	xp=7;flag:sq_19_helped=1	SQ_19_17	fatigue=2;reputation=-1		Agir rapidamente.	stat:FOR>=6	SQ_19_18	xp=5;fatigue=1;reputation=1	SQ_19_18	fatigue=2		STORY_sq_19	flag:sq_19_active	3
SQ_19_17	CHAIN	COMMON	INDEPENDENT	Lyrien	Aerocivitus	4	1	10	O Peregrino — etapa 17	A consequência da etapa anterior se manifesta em Aerocivitus. O problema exige uma decisão mais cuidadosa; cada solução abre ou fecha possibilidades para os próximos passos.	Investigar a fundo.	stat:INT>=8	SQ_19_18	xp=7;flag:sq_19_helped=1;cityStability:Aerocivitus=1	SQ_19_18	fatigue=2;reputation=-1	MON_0074	Agir rapidamente.	stat:FOR>=7	SQ_19_19	xp=5;fatigue=1;reputation=1	SQ_19_19	fatigue=2	MON_0082	STORY_sq_19	flag:sq_19_active	3
SQ_19_18	CHAIN	COMMON	INDEPENDENT	Lyrien	Aerocivitus	4	1	10	O Peregrino — etapa 18	A consequência da etapa anterior se manifesta em Aerocivitus. O problema exige uma decisão mais cuidadosa; cada solução abre ou fecha possibilidades para os próximos passos.	Investigar a fundo.	stat:INT>=6	SQ_19_19	xp=7;flag:sq_19_helped=1	SQ_19_19	fatigue=2;reputation=-1		Agir rapidamente.	stat:FOR>=6	SQ_19_20	xp=5;fatigue=1;reputation=1;cityThreat:Aerocivitus=1	SQ_19_20	fatigue=2		STORY_sq_19	flag:sq_19_active	3
SQ_19_19	CHAIN	COMMON	INDEPENDENT	Lyrien	Aerocivitus	4	1	10	O Peregrino — etapa 19	A consequência da etapa anterior se manifesta em Aerocivitus. O problema exige uma decisão mais cuidadosa; cada solução abre ou fecha possibilidades para os próximos passos.	Investigar a fundo.	stat:INT>=7	SQ_19_20	xp=7;flag:sq_19_helped=1	SQ_19_20	fatigue=2;reputation=-1		Agir rapidamente.	stat:FOR>=7	SQ_19_20	xp=5;fatigue=1;reputation=1	SQ_19_20	fatigue=2		STORY_sq_19	flag:sq_19_active	3
SQ_19_20	CHAIN	COMMON	INDEPENDENT	Lyrien	Aerocivitus	4	1	10	O Peregrino — legado	O caso termina, mas a região não esquece. Dependendo das decisões anteriores, uma nova oportunidade ou uma nova dificuldade ficará disponível futuramente.	Encerrar e seguir viagem.	NONE	END	xp=18;gold=18;unflag:sq_19_active;flag:sq_19_complete=1;cityStability:Aerocivitus=1	END	fatigue=2;reputation=-1		Manter os contatos.	flag:sq_19_helped	END	xp=24;gold=10;reputation=4;rel:NPC_MIRIEL=3;unflag:sq_19_active;flag:sq_19_complete=1;flag:sq_19_contact=1;cityEconomy:Aerocivitus=2	END	fatigue=2		STORY_sq_19	flag:sq_19_active	3
SQ_20_01	CHAIN	RARE	ANY	Myrthos	Sem nome definido	4	1	10	O Mapa Incompleto — começo	O Mapa Incompleto: um problema aparentemente local se apresenta em Sem nome definido. Uma escolha agora poderá ecoar por muitos dias.	Aceitar investigar.	stat:PER>=6	SQ_20_02	flag:sq_20_started=1;flag:sq_20_active=1;xp=4	SQ_20_02	flag:sq_20_started=1;flag:sq_20_active=1;fatigue=1		Aceitar pela força da palavra.	stat:PRE>=6	SQ_20_03	flag:sq_20_started=1;flag:sq_20_active=1;reputation=1	SQ_20_03	flag:sq_20_started=1;flag:sq_20_active=1;fatigue=1		STORY_sq_20	!flag:sq_20_started&!flag:sq_20_complete	3
SQ_20_02	CHAIN	RARE	ANY	Myrthos	Sem nome definido	4	1	10	O Mapa Incompleto — etapa 2	A consequência da etapa anterior se manifesta em Sem nome definido. O problema exige uma decisão mais cuidadosa; cada solução abre ou fecha possibilidades para os próximos passos.	Investigar a fundo.	stat:INT>=8	SQ_20_03	xp=3;flag:sq_20_helped=1	SQ_20_03	fatigue=2;reputation=-1		Agir rapidamente.	stat:FOR>=6	SQ_20_04	xp=2;fatigue=1;reputation=1;cityThreat:Sem nome definido=1	SQ_20_04	fatigue=2		STORY_sq_20	flag:sq_20_active	3
SQ_20_03	CHAIN	RARE	ANY	Myrthos	Sem nome definido	4	1	10	O Mapa Incompleto — etapa 3	A consequência da etapa anterior se manifesta em Sem nome definido. O problema exige uma decisão mais cuidadosa; cada solução abre ou fecha possibilidades para os próximos passos.	Investigar a fundo.	stat:INT>=6	SQ_20_04	xp=3;flag:sq_20_helped=1	SQ_20_04	fatigue=2;reputation=-1		Agir rapidamente.	stat:FOR>=7	SQ_20_05	xp=2;fatigue=1;reputation=1	SQ_20_05	fatigue=2		STORY_sq_20	flag:sq_20_active	3
SQ_20_04	CHAIN	RARE	ANY	Myrthos	Sem nome definido	4	1	10	O Mapa Incompleto — etapa 4	A consequência da etapa anterior se manifesta em Sem nome definido. O problema exige uma decisão mais cuidadosa; cada solução abre ou fecha possibilidades para os próximos passos.	Investigar a fundo.	stat:INT>=7	SQ_20_05	xp=4;flag:sq_20_helped=1	SQ_20_05	fatigue=2;reputation=-1		Agir rapidamente.	stat:FOR>=6	SQ_20_06	xp=2;fatigue=1;reputation=1	SQ_20_06	fatigue=2		STORY_sq_20	flag:sq_20_active	3
SQ_20_05	CHAIN	RARE	ANY	Myrthos	Sem nome definido	4	1	10	O Mapa Incompleto — etapa 5	A consequência da etapa anterior se manifesta em Sem nome definido. O problema exige uma decisão mais cuidadosa; cada solução abre ou fecha possibilidades para os próximos passos.	Investigar a fundo.	stat:INT>=8	SQ_20_06	xp=4;flag:sq_20_helped=1;cityStability:Sem nome definido=1	SQ_20_06	fatigue=2;reputation=-1		Usar uma habilidade específica.	level>=2&skill:ELY_0026	SQ_20_07	xp=3;fatigue=1;reputation=1;item:ITEM_MINERAL=1	SQ_20_07	fatigue=2		STORY_sq_20	flag:sq_20_active	3
SQ_20_06	CHAIN	RARE	ANY	Myrthos	Sem nome definido	4	1	10	O Mapa Incompleto — etapa 6	A consequência da etapa anterior se manifesta em Sem nome definido. O problema exige uma decisão mais cuidadosa; cada solução abre ou fecha possibilidades para os próximos passos.	Investigar a fundo.	stat:INT>=6	SQ_20_07	xp=4;flag:sq_20_helped=1	SQ_20_07	fatigue=2;reputation=-1	MON_0042	Agir rapidamente.	stat:FOR>=6	SQ_20_08	xp=3;fatigue=1;reputation=1;cityThreat:Sem nome definido=1	SQ_20_08	fatigue=2	MON_0045	STORY_sq_20	flag:sq_20_active	3
SQ_20_07	CHAIN	RARE	ANY	Myrthos	Sem nome definido	4	1	10	O Mapa Incompleto — etapa 7	A consequência da etapa anterior se manifesta em Sem nome definido. O problema exige uma decisão mais cuidadosa; cada solução abre ou fecha possibilidades para os próximos passos.	Investigar a fundo.	stat:INT>=7	SQ_20_08	xp=4;flag:sq_20_helped=1	SQ_20_08	fatigue=2;reputation=-1		Agir rapidamente.	stat:FOR>=7	SQ_20_09	xp=3;fatigue=1;reputation=1	SQ_20_09	fatigue=2		STORY_sq_20	flag:sq_20_active	3
SQ_20_08	CHAIN	RARE	ANY	Myrthos	Sem nome definido	4	1	10	O Mapa Incompleto — etapa 8	A consequência da etapa anterior se manifesta em Sem nome definido. O problema exige uma decisão mais cuidadosa; cada solução abre ou fecha possibilidades para os próximos passos.	Investigar a fundo.	stat:INT>=8	SQ_20_09	xp=5;flag:sq_20_helped=1	SQ_20_09	fatigue=2;reputation=-1		Agir rapidamente.	stat:FOR>=6	SQ_20_10	xp=3;fatigue=1;reputation=1	SQ_20_10	fatigue=2		STORY_sq_20	flag:sq_20_active	3
SQ_20_09	CHAIN	RARE	ANY	Myrthos	Sem nome definido	4	1	10	O Mapa Incompleto — etapa 9	A consequência da etapa anterior se manifesta em Sem nome definido. O problema exige uma decisão mais cuidadosa; cada solução abre ou fecha possibilidades para os próximos passos.	Investigar a fundo.	stat:INT>=6	SQ_20_10	xp=5;flag:sq_20_helped=1;cityStability:Sem nome definido=1	SQ_20_10	fatigue=2;reputation=-1		Agir rapidamente.	stat:FOR>=7	SQ_20_11	xp=3;fatigue=1;reputation=1	SQ_20_11	fatigue=2		STORY_sq_20	flag:sq_20_active	3
SQ_20_10	CHAIN	RARE	ANY	Myrthos	Sem nome definido	4	1	10	O Mapa Incompleto — etapa 10	A consequência da etapa anterior se manifesta em Sem nome definido. O problema exige uma decisão mais cuidadosa; cada solução abre ou fecha possibilidades para os próximos passos.	Investigar a fundo.	stat:INT>=7	SQ_20_11	xp=5;flag:sq_20_helped=1	SQ_20_11	fatigue=2;reputation=-1		Usar uma habilidade específica.	level>=2&skill:ELY_0031	SQ_20_12	xp=4;fatigue=1;reputation=1;cityThreat:Sem nome definido=1;item:ITEM_MINERAL=1	SQ_20_12	fatigue=2		STORY_sq_20	flag:sq_20_active	3
SQ_20_11	CHAIN	RARE	ANY	Myrthos	Sem nome definido	4	1	10	O Mapa Incompleto — etapa 11	A consequência da etapa anterior se manifesta em Sem nome definido. O problema exige uma decisão mais cuidadosa; cada solução abre ou fecha possibilidades para os próximos passos.	Investigar a fundo.	stat:INT>=8	SQ_20_12	xp=5;flag:sq_20_helped=1	SQ_20_12	fatigue=2;reputation=-1		Agir rapidamente.	stat:FOR>=7	SQ_20_13	xp=4;fatigue=1;reputation=1	SQ_20_13	fatigue=2		STORY_sq_20	flag:sq_20_active	3
SQ_20_12	CHAIN	RARE	ANY	Myrthos	Sem nome definido	4	1	10	O Mapa Incompleto — etapa 12	A consequência da etapa anterior se manifesta em Sem nome definido. O problema exige uma decisão mais cuidadosa; cada solução abre ou fecha possibilidades para os próximos passos.	Investigar a fundo.	stat:INT>=6	SQ_20_13	xp=6;flag:sq_20_helped=1	SQ_20_13	fatigue=2;reputation=-1	MON_0051	Agir rapidamente.	stat:FOR>=6	SQ_20_14	xp=4;fatigue=1;reputation=1	SQ_20_14	fatigue=2	MON_0056	STORY_sq_20	flag:sq_20_active	3
SQ_20_13	CHAIN	RARE	ANY	Myrthos	Sem nome definido	4	1	10	O Mapa Incompleto — etapa 13	A consequência da etapa anterior se manifesta em Sem nome definido. O problema exige uma decisão mais cuidadosa; cada solução abre ou fecha possibilidades para os próximos passos.	Investigar a fundo.	stat:INT>=7	SQ_20_14	xp=6;flag:sq_20_helped=1;cityStability:Sem nome definido=1	SQ_20_14	fatigue=2;reputation=-1		Agir rapidamente.	stat:FOR>=7	SQ_20_15	xp=4;fatigue=1;reputation=1	SQ_20_15	fatigue=2		STORY_sq_20	flag:sq_20_active	3
SQ_20_14	CHAIN	RARE	ANY	Myrthos	Sem nome definido	4	1	10	O Mapa Incompleto — etapa 14	A consequência da etapa anterior se manifesta em Sem nome definido. O problema exige uma decisão mais cuidadosa; cada solução abre ou fecha possibilidades para os próximos passos.	Investigar a fundo.	stat:INT>=8	SQ_20_15	xp=6;flag:sq_20_helped=1	SQ_20_15	fatigue=2;reputation=-1		Agir rapidamente.	stat:FOR>=6	SQ_20_16	xp=4;fatigue=1;reputation=1;cityThreat:Sem nome definido=1	SQ_20_16	fatigue=2		STORY_sq_20	flag:sq_20_active	3
SQ_20_15	CHAIN	RARE	ANY	Myrthos	Sem nome definido	4	1	10	O Mapa Incompleto — etapa 15	A consequência da etapa anterior se manifesta em Sem nome definido. O problema exige uma decisão mais cuidadosa; cada solução abre ou fecha possibilidades para os próximos passos.	Investigar a fundo.	stat:INT>=6	SQ_20_16	xp=6;flag:sq_20_helped=1	SQ_20_16	fatigue=2;reputation=-1		Usar uma habilidade específica.	level>=2&skill:ELY_0036	SQ_20_17	xp=5;fatigue=1;reputation=1;item:ITEM_MINERAL=1	SQ_20_17	fatigue=2		STORY_sq_20	flag:sq_20_active	3
SQ_20_16	CHAIN	RARE	ANY	Myrthos	Sem nome definido	4	1	10	O Mapa Incompleto — etapa 16	A consequência da etapa anterior se manifesta em Sem nome definido. O problema exige uma decisão mais cuidadosa; cada solução abre ou fecha possibilidades para os próximos passos.	Investigar a fundo.	stat:INT>=7	SQ_20_17	xp=7;flag:sq_20_helped=1	SQ_20_17	fatigue=2;reputation=-1		Agir rapidamente.	stat:FOR>=6	SQ_20_18	xp=5;fatigue=1;reputation=1	SQ_20_18	fatigue=2		STORY_sq_20	flag:sq_20_active	3
SQ_20_17	CHAIN	RARE	ANY	Myrthos	Sem nome definido	4	1	10	O Mapa Incompleto — etapa 17	A consequência da etapa anterior se manifesta em Sem nome definido. O problema exige uma decisão mais cuidadosa; cada solução abre ou fecha possibilidades para os próximos passos.	Investigar a fundo.	stat:INT>=8	SQ_20_18	xp=7;flag:sq_20_helped=1;cityStability:Sem nome definido=1	SQ_20_18	fatigue=2;reputation=-1	MON_0058	Agir rapidamente.	stat:FOR>=7	SQ_20_19	xp=5;fatigue=1;reputation=1	SQ_20_19	fatigue=2	MON_0065	STORY_sq_20	flag:sq_20_active	3
SQ_20_18	CHAIN	RARE	ANY	Myrthos	Sem nome definido	4	1	10	O Mapa Incompleto — etapa 18	A consequência da etapa anterior se manifesta em Sem nome definido. O problema exige uma decisão mais cuidadosa; cada solução abre ou fecha possibilidades para os próximos passos.	Investigar a fundo.	stat:INT>=6	SQ_20_19	xp=7;flag:sq_20_helped=1	SQ_20_19	fatigue=2;reputation=-1		Agir rapidamente.	stat:FOR>=6	SQ_20_20	xp=5;fatigue=1;reputation=1;cityThreat:Sem nome definido=1	SQ_20_20	fatigue=2		STORY_sq_20	flag:sq_20_active	3
SQ_20_19	CHAIN	RARE	ANY	Myrthos	Sem nome definido	4	1	10	O Mapa Incompleto — etapa 19	A consequência da etapa anterior se manifesta em Sem nome definido. O problema exige uma decisão mais cuidadosa; cada solução abre ou fecha possibilidades para os próximos passos.	Investigar a fundo.	stat:INT>=7	SQ_20_20	xp=7;flag:sq_20_helped=1	SQ_20_20	fatigue=2;reputation=-1		Agir rapidamente.	stat:FOR>=7	SQ_20_20	xp=5;fatigue=1;reputation=1	SQ_20_20	fatigue=2		STORY_sq_20	flag:sq_20_active	3
SQ_20_20	CHAIN	RARE	ANY	Myrthos	Sem nome definido	4	1	10	O Mapa Incompleto — legado	O caso termina, mas a região não esquece. Dependendo das decisões anteriores, uma nova oportunidade ou uma nova dificuldade ficará disponível futuramente.	Encerrar e seguir viagem.	NONE	END	xp=18;gold=18;unflag:sq_20_active;flag:sq_20_complete=1;cityStability:Sem nome definido=1	END	fatigue=2;reputation=-1		Manter os contatos.	flag:sq_20_helped	END	xp=24;gold=10;reputation=4;rel:NPC_MIRIEL=3;unflag:sq_20_active;flag:sq_20_complete=1;flag:sq_20_contact=1;cityEconomy:Sem nome definido=2	END	fatigue=2		STORY_sq_20	flag:sq_20_active	3
SQ_21_01	CHAIN	COMMON	ANY	Aeloria	Arvenholt	4	1	10	A Criança e o Monstro — começo	A Criança e o Monstro: um problema aparentemente local se apresenta em Arvenholt. Uma escolha agora poderá ecoar por muitos dias.	Aceitar investigar.	stat:PER>=6	SQ_21_02	flag:sq_21_started=1;flag:sq_21_active=1;xp=4	SQ_21_02	flag:sq_21_started=1;flag:sq_21_active=1;fatigue=1		Aceitar pela força da palavra.	stat:PRE>=6	SQ_21_03	flag:sq_21_started=1;flag:sq_21_active=1;reputation=1	SQ_21_03	flag:sq_21_started=1;flag:sq_21_active=1;fatigue=1		STORY_sq_21	!flag:sq_21_started&!flag:sq_21_complete	3
SQ_21_02	CHAIN	COMMON	ANY	Aeloria	Arvenholt	4	1	10	A Criança e o Monstro — etapa 2	A consequência da etapa anterior se manifesta em Arvenholt. O problema exige uma decisão mais cuidadosa; cada solução abre ou fecha possibilidades para os próximos passos.	Investigar a fundo.	stat:INT>=8	SQ_21_03	xp=3;flag:sq_21_helped=1	SQ_21_03	fatigue=2;reputation=-1		Agir rapidamente.	stat:FOR>=6	SQ_21_04	xp=2;fatigue=1;reputation=1;cityThreat:Arvenholt=1	SQ_21_04	fatigue=2		STORY_sq_21	flag:sq_21_active	3
SQ_21_03	CHAIN	COMMON	ANY	Aeloria	Arvenholt	4	1	10	A Criança e o Monstro — etapa 3	A consequência da etapa anterior se manifesta em Arvenholt. O problema exige uma decisão mais cuidadosa; cada solução abre ou fecha possibilidades para os próximos passos.	Investigar a fundo.	stat:INT>=6	SQ_21_04	xp=3;flag:sq_21_helped=1	SQ_21_04	fatigue=2;reputation=-1		Agir rapidamente.	stat:FOR>=7	SQ_21_05	xp=2;fatigue=1;reputation=1	SQ_21_05	fatigue=2		STORY_sq_21	flag:sq_21_active	3
SQ_21_04	CHAIN	COMMON	ANY	Aeloria	Arvenholt	4	1	10	A Criança e o Monstro — etapa 4	A consequência da etapa anterior se manifesta em Arvenholt. O problema exige uma decisão mais cuidadosa; cada solução abre ou fecha possibilidades para os próximos passos.	Investigar a fundo.	stat:INT>=7	SQ_21_05	xp=4;flag:sq_21_helped=1	SQ_21_05	fatigue=2;reputation=-1		Agir rapidamente.	stat:FOR>=6	SQ_21_06	xp=2;fatigue=1;reputation=1	SQ_21_06	fatigue=2		STORY_sq_21	flag:sq_21_active	3
SQ_21_05	CHAIN	COMMON	ANY	Aeloria	Arvenholt	4	1	10	A Criança e o Monstro — etapa 5	A consequência da etapa anterior se manifesta em Arvenholt. O problema exige uma decisão mais cuidadosa; cada solução abre ou fecha possibilidades para os próximos passos.	Investigar a fundo.	stat:INT>=8	SQ_21_06	xp=4;flag:sq_21_helped=1;cityStability:Arvenholt=1	SQ_21_06	fatigue=2;reputation=-1		Usar uma habilidade específica.	level>=2&skill:ELY_0027	SQ_21_07	xp=3;fatigue=1;reputation=1;item:ITEM_MINERAL=1	SQ_21_07	fatigue=2		STORY_sq_21	flag:sq_21_active	3
SQ_21_06	CHAIN	COMMON	ANY	Aeloria	Arvenholt	4	1	10	A Criança e o Monstro — etapa 6	A consequência da etapa anterior se manifesta em Arvenholt. O problema exige uma decisão mais cuidadosa; cada solução abre ou fecha possibilidades para os próximos passos.	Investigar a fundo.	stat:INT>=6	SQ_21_07	xp=4;flag:sq_21_helped=1	SQ_21_07	fatigue=2;reputation=-1	MON_0036	Agir rapidamente.	stat:FOR>=6	SQ_21_08	xp=3;fatigue=1;reputation=1;cityThreat:Arvenholt=1	SQ_21_08	fatigue=2	MON_0041	STORY_sq_21	flag:sq_21_active	3
SQ_21_07	CHAIN	COMMON	ANY	Aeloria	Arvenholt	4	1	10	A Criança e o Monstro — etapa 7	A consequência da etapa anterior se manifesta em Arvenholt. O problema exige uma decisão mais cuidadosa; cada solução abre ou fecha possibilidades para os próximos passos.	Investigar a fundo.	stat:INT>=7	SQ_21_08	xp=4;flag:sq_21_helped=1	SQ_21_08	fatigue=2;reputation=-1		Agir rapidamente.	stat:FOR>=7	SQ_21_09	xp=3;fatigue=1;reputation=1	SQ_21_09	fatigue=2		STORY_sq_21	flag:sq_21_active	3
SQ_21_08	CHAIN	COMMON	ANY	Aeloria	Arvenholt	4	1	10	A Criança e o Monstro — etapa 8	A consequência da etapa anterior se manifesta em Arvenholt. O problema exige uma decisão mais cuidadosa; cada solução abre ou fecha possibilidades para os próximos passos.	Investigar a fundo.	stat:INT>=8	SQ_21_09	xp=5;flag:sq_21_helped=1	SQ_21_09	fatigue=2;reputation=-1		Agir rapidamente.	stat:FOR>=6	SQ_21_10	xp=3;fatigue=1;reputation=1	SQ_21_10	fatigue=2		STORY_sq_21	flag:sq_21_active	3
SQ_21_09	CHAIN	COMMON	ANY	Aeloria	Arvenholt	4	1	10	A Criança e o Monstro — etapa 9	A consequência da etapa anterior se manifesta em Arvenholt. O problema exige uma decisão mais cuidadosa; cada solução abre ou fecha possibilidades para os próximos passos.	Investigar a fundo.	stat:INT>=6	SQ_21_10	xp=5;flag:sq_21_helped=1;cityStability:Arvenholt=1	SQ_21_10	fatigue=2;reputation=-1		Agir rapidamente.	stat:FOR>=7	SQ_21_11	xp=3;fatigue=1;reputation=1	SQ_21_11	fatigue=2		STORY_sq_21	flag:sq_21_active	3
SQ_21_10	CHAIN	COMMON	ANY	Aeloria	Arvenholt	4	1	10	A Criança e o Monstro — etapa 10	A consequência da etapa anterior se manifesta em Arvenholt. O problema exige uma decisão mais cuidadosa; cada solução abre ou fecha possibilidades para os próximos passos.	Investigar a fundo.	stat:INT>=7	SQ_21_11	xp=5;flag:sq_21_helped=1	SQ_21_11	fatigue=2;reputation=-1		Usar uma habilidade específica.	level>=2&skill:ELY_0032	SQ_21_12	xp=4;fatigue=1;reputation=1;cityThreat:Arvenholt=1;item:ITEM_MINERAL=1	SQ_21_12	fatigue=2		STORY_sq_21	flag:sq_21_active	3
SQ_21_11	CHAIN	COMMON	ANY	Aeloria	Arvenholt	4	1	10	A Criança e o Monstro — etapa 11	A consequência da etapa anterior se manifesta em Arvenholt. O problema exige uma decisão mais cuidadosa; cada solução abre ou fecha possibilidades para os próximos passos.	Investigar a fundo.	stat:INT>=8	SQ_21_12	xp=5;flag:sq_21_helped=1	SQ_21_12	fatigue=2;reputation=-1		Agir rapidamente.	stat:FOR>=7	SQ_21_13	xp=4;fatigue=1;reputation=1	SQ_21_13	fatigue=2		STORY_sq_21	flag:sq_21_active	3
SQ_21_12	CHAIN	COMMON	ANY	Aeloria	Arvenholt	4	1	10	A Criança e o Monstro — etapa 12	A consequência da etapa anterior se manifesta em Arvenholt. O problema exige uma decisão mais cuidadosa; cada solução abre ou fecha possibilidades para os próximos passos.	Investigar a fundo.	stat:INT>=6	SQ_21_13	xp=6;flag:sq_21_helped=1	SQ_21_13	fatigue=2;reputation=-1	MON_0044	Agir rapidamente.	stat:FOR>=6	SQ_21_14	xp=4;fatigue=1;reputation=1	SQ_21_14	fatigue=2	MON_0049	STORY_sq_21	flag:sq_21_active	3
SQ_21_13	CHAIN	COMMON	ANY	Aeloria	Arvenholt	4	1	10	A Criança e o Monstro — etapa 13	A consequência da etapa anterior se manifesta em Arvenholt. O problema exige uma decisão mais cuidadosa; cada solução abre ou fecha possibilidades para os próximos passos.	Investigar a fundo.	stat:INT>=7	SQ_21_14	xp=6;flag:sq_21_helped=1;cityStability:Arvenholt=1	SQ_21_14	fatigue=2;reputation=-1		Agir rapidamente.	stat:FOR>=7	SQ_21_15	xp=4;fatigue=1;reputation=1	SQ_21_15	fatigue=2		STORY_sq_21	flag:sq_21_active	3
SQ_21_14	CHAIN	COMMON	ANY	Aeloria	Arvenholt	4	1	10	A Criança e o Monstro — etapa 14	A consequência da etapa anterior se manifesta em Arvenholt. O problema exige uma decisão mais cuidadosa; cada solução abre ou fecha possibilidades para os próximos passos.	Investigar a fundo.	stat:INT>=8	SQ_21_15	xp=6;flag:sq_21_helped=1	SQ_21_15	fatigue=2;reputation=-1		Agir rapidamente.	stat:FOR>=6	SQ_21_16	xp=4;fatigue=1;reputation=1;cityThreat:Arvenholt=1	SQ_21_16	fatigue=2		STORY_sq_21	flag:sq_21_active	3
SQ_21_15	CHAIN	COMMON	ANY	Aeloria	Arvenholt	4	1	10	A Criança e o Monstro — etapa 15	A consequência da etapa anterior se manifesta em Arvenholt. O problema exige uma decisão mais cuidadosa; cada solução abre ou fecha possibilidades para os próximos passos.	Investigar a fundo.	stat:INT>=6	SQ_21_16	xp=6;flag:sq_21_helped=1	SQ_21_16	fatigue=2;reputation=-1		Usar uma habilidade específica.	level>=2&skill:ELY_0037	SQ_21_17	xp=5;fatigue=1;reputation=1;item:ITEM_MINERAL=1	SQ_21_17	fatigue=2		STORY_sq_21	flag:sq_21_active	3
SQ_21_16	CHAIN	COMMON	ANY	Aeloria	Arvenholt	4	1	10	A Criança e o Monstro — etapa 16	A consequência da etapa anterior se manifesta em Arvenholt. O problema exige uma decisão mais cuidadosa; cada solução abre ou fecha possibilidades para os próximos passos.	Investigar a fundo.	stat:INT>=7	SQ_21_17	xp=7;flag:sq_21_helped=1	SQ_21_17	fatigue=2;reputation=-1		Agir rapidamente.	stat:FOR>=6	SQ_21_18	xp=5;fatigue=1;reputation=1	SQ_21_18	fatigue=2		STORY_sq_21	flag:sq_21_active	3
SQ_21_17	CHAIN	COMMON	ANY	Aeloria	Arvenholt	4	1	10	A Criança e o Monstro — etapa 17	A consequência da etapa anterior se manifesta em Arvenholt. O problema exige uma decisão mais cuidadosa; cada solução abre ou fecha possibilidades para os próximos passos.	Investigar a fundo.	stat:INT>=8	SQ_21_18	xp=7;flag:sq_21_helped=1;cityStability:Arvenholt=1	SQ_21_18	fatigue=2;reputation=-1	MON_0051	Agir rapidamente.	stat:FOR>=7	SQ_21_19	xp=5;fatigue=1;reputation=1	SQ_21_19	fatigue=2	MON_0056	STORY_sq_21	flag:sq_21_active	3
SQ_21_18	CHAIN	COMMON	ANY	Aeloria	Arvenholt	4	1	10	A Criança e o Monstro — etapa 18	A consequência da etapa anterior se manifesta em Arvenholt. O problema exige uma decisão mais cuidadosa; cada solução abre ou fecha possibilidades para os próximos passos.	Investigar a fundo.	stat:INT>=6	SQ_21_19	xp=7;flag:sq_21_helped=1	SQ_21_19	fatigue=2;reputation=-1		Agir rapidamente.	stat:FOR>=6	SQ_21_20	xp=5;fatigue=1;reputation=1;cityThreat:Arvenholt=1	SQ_21_20	fatigue=2		STORY_sq_21	flag:sq_21_active	3
SQ_21_19	CHAIN	COMMON	ANY	Aeloria	Arvenholt	4	1	10	A Criança e o Monstro — etapa 19	A consequência da etapa anterior se manifesta em Arvenholt. O problema exige uma decisão mais cuidadosa; cada solução abre ou fecha possibilidades para os próximos passos.	Investigar a fundo.	stat:INT>=7	SQ_21_20	xp=7;flag:sq_21_helped=1	SQ_21_20	fatigue=2;reputation=-1		Agir rapidamente.	stat:FOR>=7	SQ_21_20	xp=5;fatigue=1;reputation=1	SQ_21_20	fatigue=2		STORY_sq_21	flag:sq_21_active	3
SQ_21_20	CHAIN	COMMON	ANY	Aeloria	Arvenholt	4	1	10	A Criança e o Monstro — legado	O caso termina, mas a região não esquece. Dependendo das decisões anteriores, uma nova oportunidade ou uma nova dificuldade ficará disponível futuramente.	Encerrar e seguir viagem.	NONE	END	xp=18;gold=18;unflag:sq_21_active;flag:sq_21_complete=1;cityStability:Arvenholt=1	END	fatigue=2;reputation=-1		Manter os contatos.	flag:sq_21_helped	END	xp=24;gold=10;reputation=4;rel:NPC_MIRIEL=3;unflag:sq_21_active;flag:sq_21_complete=1;flag:sq_21_contact=1;cityEconomy:Arvenholt=2	END	fatigue=2		STORY_sq_21	flag:sq_21_active	3
SQ_22_01	CHAIN	COMMON	ADVENTURER	Tharun	Stone-Âmbar	4	1	10	A Noite de Névoa — começo	A Noite de Névoa: um problema aparentemente local se apresenta em Stone-Âmbar. Uma escolha agora poderá ecoar por muitos dias.	Aceitar investigar.	stat:PER>=6	SQ_22_02	flag:sq_22_started=1;flag:sq_22_active=1;xp=4	SQ_22_02	flag:sq_22_started=1;flag:sq_22_active=1;fatigue=1		Aceitar pela força da palavra.	stat:PRE>=6	SQ_22_03	flag:sq_22_started=1;flag:sq_22_active=1;reputation=1	SQ_22_03	flag:sq_22_started=1;flag:sq_22_active=1;fatigue=1		STORY_sq_22	!flag:sq_22_started&!flag:sq_22_complete	3
SQ_22_02	CHAIN	COMMON	ADVENTURER	Tharun	Stone-Âmbar	4	1	10	A Noite de Névoa — etapa 2	A consequência da etapa anterior se manifesta em Stone-Âmbar. O problema exige uma decisão mais cuidadosa; cada solução abre ou fecha possibilidades para os próximos passos.	Investigar a fundo.	stat:INT>=8	SQ_22_03	xp=3;flag:sq_22_helped=1	SQ_22_03	fatigue=2;reputation=-1		Agir rapidamente.	stat:FOR>=6	SQ_22_04	xp=2;fatigue=1;reputation=1;cityThreat:Stone-Âmbar=1	SQ_22_04	fatigue=2		STORY_sq_22	flag:sq_22_active	3
SQ_22_03	CHAIN	COMMON	ADVENTURER	Tharun	Stone-Âmbar	4	1	10	A Noite de Névoa — etapa 3	A consequência da etapa anterior se manifesta em Stone-Âmbar. O problema exige uma decisão mais cuidadosa; cada solução abre ou fecha possibilidades para os próximos passos.	Investigar a fundo.	stat:INT>=6	SQ_22_04	xp=3;flag:sq_22_helped=1	SQ_22_04	fatigue=2;reputation=-1		Agir rapidamente.	stat:FOR>=7	SQ_22_05	xp=2;fatigue=1;reputation=1	SQ_22_05	fatigue=2		STORY_sq_22	flag:sq_22_active	3
SQ_22_04	CHAIN	COMMON	ADVENTURER	Tharun	Stone-Âmbar	4	1	10	A Noite de Névoa — etapa 4	A consequência da etapa anterior se manifesta em Stone-Âmbar. O problema exige uma decisão mais cuidadosa; cada solução abre ou fecha possibilidades para os próximos passos.	Investigar a fundo.	stat:INT>=7	SQ_22_05	xp=4;flag:sq_22_helped=1	SQ_22_05	fatigue=2;reputation=-1		Agir rapidamente.	stat:FOR>=6	SQ_22_06	xp=2;fatigue=1;reputation=1	SQ_22_06	fatigue=2		STORY_sq_22	flag:sq_22_active	3
SQ_22_05	CHAIN	COMMON	ADVENTURER	Tharun	Stone-Âmbar	4	1	10	A Noite de Névoa — etapa 5	A consequência da etapa anterior se manifesta em Stone-Âmbar. O problema exige uma decisão mais cuidadosa; cada solução abre ou fecha possibilidades para os próximos passos.	Investigar a fundo.	stat:INT>=8	SQ_22_06	xp=4;flag:sq_22_helped=1;cityStability:Stone-Âmbar=1	SQ_22_06	fatigue=2;reputation=-1		Usar uma habilidade específica.	level>=2&skill:ELY_0028	SQ_22_07	xp=3;fatigue=1;reputation=1;item:ITEM_MINERAL=1	SQ_22_07	fatigue=2		STORY_sq_22	flag:sq_22_active	3
SQ_22_06	CHAIN	COMMON	ADVENTURER	Tharun	Stone-Âmbar	4	1	10	A Noite de Névoa — etapa 6	A consequência da etapa anterior se manifesta em Stone-Âmbar. O problema exige uma decisão mais cuidadosa; cada solução abre ou fecha possibilidades para os próximos passos.	Investigar a fundo.	stat:INT>=6	SQ_22_07	xp=4;flag:sq_22_helped=1	SQ_22_07	fatigue=2;reputation=-1	MON_0033	Agir rapidamente.	stat:FOR>=6	SQ_22_08	xp=3;fatigue=1;reputation=1;cityThreat:Stone-Âmbar=1	SQ_22_08	fatigue=2	MON_0036	STORY_sq_22	flag:sq_22_active	3
SQ_22_07	CHAIN	COMMON	ADVENTURER	Tharun	Stone-Âmbar	4	1	10	A Noite de Névoa — etapa 7	A consequência da etapa anterior se manifesta em Stone-Âmbar. O problema exige uma decisão mais cuidadosa; cada solução abre ou fecha possibilidades para os próximos passos.	Investigar a fundo.	stat:INT>=7	SQ_22_08	xp=4;flag:sq_22_helped=1	SQ_22_08	fatigue=2;reputation=-1		Agir rapidamente.	stat:FOR>=7	SQ_22_09	xp=3;fatigue=1;reputation=1	SQ_22_09	fatigue=2		STORY_sq_22	flag:sq_22_active	3
SQ_22_08	CHAIN	COMMON	ADVENTURER	Tharun	Stone-Âmbar	4	1	10	A Noite de Névoa — etapa 8	A consequência da etapa anterior se manifesta em Stone-Âmbar. O problema exige uma decisão mais cuidadosa; cada solução abre ou fecha possibilidades para os próximos passos.	Investigar a fundo.	stat:INT>=8	SQ_22_09	xp=5;flag:sq_22_helped=1	SQ_22_09	fatigue=2;reputation=-1		Agir rapidamente.	stat:FOR>=6	SQ_22_10	xp=3;fatigue=1;reputation=1	SQ_22_10	fatigue=2		STORY_sq_22	flag:sq_22_active	3
SQ_22_09	CHAIN	COMMON	ADVENTURER	Tharun	Stone-Âmbar	4	1	10	A Noite de Névoa — etapa 9	A consequência da etapa anterior se manifesta em Stone-Âmbar. O problema exige uma decisão mais cuidadosa; cada solução abre ou fecha possibilidades para os próximos passos.	Investigar a fundo.	stat:INT>=6	SQ_22_10	xp=5;flag:sq_22_helped=1;cityStability:Stone-Âmbar=1	SQ_22_10	fatigue=2;reputation=-1		Agir rapidamente.	stat:FOR>=7	SQ_22_11	xp=3;fatigue=1;reputation=1	SQ_22_11	fatigue=2		STORY_sq_22	flag:sq_22_active	3
SQ_22_10	CHAIN	COMMON	ADVENTURER	Tharun	Stone-Âmbar	4	1	10	A Noite de Névoa — etapa 10	A consequência da etapa anterior se manifesta em Stone-Âmbar. O problema exige uma decisão mais cuidadosa; cada solução abre ou fecha possibilidades para os próximos passos.	Investigar a fundo.	stat:INT>=7	SQ_22_11	xp=5;flag:sq_22_helped=1	SQ_22_11	fatigue=2;reputation=-1		Usar uma habilidade específica.	level>=2&skill:ELY_0033	SQ_22_12	xp=4;fatigue=1;reputation=1;cityThreat:Stone-Âmbar=1;item:ITEM_MINERAL=1	SQ_22_12	fatigue=2		STORY_sq_22	flag:sq_22_active	3
SQ_22_11	CHAIN	COMMON	ADVENTURER	Tharun	Stone-Âmbar	4	1	10	A Noite de Névoa — etapa 11	A consequência da etapa anterior se manifesta em Stone-Âmbar. O problema exige uma decisão mais cuidadosa; cada solução abre ou fecha possibilidades para os próximos passos.	Investigar a fundo.	stat:INT>=8	SQ_22_12	xp=5;flag:sq_22_helped=1	SQ_22_12	fatigue=2;reputation=-1		Agir rapidamente.	stat:FOR>=7	SQ_22_13	xp=4;fatigue=1;reputation=1	SQ_22_13	fatigue=2		STORY_sq_22	flag:sq_22_active	3
SQ_22_12	CHAIN	COMMON	ADVENTURER	Tharun	Stone-Âmbar	4	1	10	A Noite de Névoa — etapa 12	A consequência da etapa anterior se manifesta em Stone-Âmbar. O problema exige uma decisão mais cuidadosa; cada solução abre ou fecha possibilidades para os próximos passos.	Investigar a fundo.	stat:INT>=6	SQ_22_13	xp=6;flag:sq_22_helped=1	SQ_22_13	fatigue=2;reputation=-1	MON_0039	Agir rapidamente.	stat:FOR>=6	SQ_22_14	xp=4;fatigue=1;reputation=1	SQ_22_14	fatigue=2	MON_0043	STORY_sq_22	flag:sq_22_active	3
SQ_22_13	CHAIN	COMMON	ADVENTURER	Tharun	Stone-Âmbar	4	1	10	A Noite de Névoa — etapa 13	A consequência da etapa anterior se manifesta em Stone-Âmbar. O problema exige uma decisão mais cuidadosa; cada solução abre ou fecha possibilidades para os próximos passos.	Investigar a fundo.	stat:INT>=7	SQ_22_14	xp=6;flag:sq_22_helped=1;cityStability:Stone-Âmbar=1	SQ_22_14	fatigue=2;reputation=-1		Agir rapidamente.	stat:FOR>=7	SQ_22_15	xp=4;fatigue=1;reputation=1	SQ_22_15	fatigue=2		STORY_sq_22	flag:sq_22_active	3
SQ_22_14	CHAIN	COMMON	ADVENTURER	Tharun	Stone-Âmbar	4	1	10	A Noite de Névoa — etapa 14	A consequência da etapa anterior se manifesta em Stone-Âmbar. O problema exige uma decisão mais cuidadosa; cada solução abre ou fecha possibilidades para os próximos passos.	Investigar a fundo.	stat:INT>=8	SQ_22_15	xp=6;flag:sq_22_helped=1	SQ_22_15	fatigue=2;reputation=-1		Agir rapidamente.	stat:FOR>=6	SQ_22_16	xp=4;fatigue=1;reputation=1;cityThreat:Stone-Âmbar=1	SQ_22_16	fatigue=2		STORY_sq_22	flag:sq_22_active	3
SQ_22_15	CHAIN	COMMON	ADVENTURER	Tharun	Stone-Âmbar	4	1	10	A Noite de Névoa — etapa 15	A consequência da etapa anterior se manifesta em Stone-Âmbar. O problema exige uma decisão mais cuidadosa; cada solução abre ou fecha possibilidades para os próximos passos.	Investigar a fundo.	stat:INT>=6	SQ_22_16	xp=6;flag:sq_22_helped=1	SQ_22_16	fatigue=2;reputation=-1		Usar uma habilidade específica.	level>=2&skill:ELY_0038	SQ_22_17	xp=5;fatigue=1;reputation=1;item:ITEM_MINERAL=1	SQ_22_17	fatigue=2		STORY_sq_22	flag:sq_22_active	3
SQ_22_16	CHAIN	COMMON	ADVENTURER	Tharun	Stone-Âmbar	4	1	10	A Noite de Névoa — etapa 16	A consequência da etapa anterior se manifesta em Stone-Âmbar. O problema exige uma decisão mais cuidadosa; cada solução abre ou fecha possibilidades para os próximos passos.	Investigar a fundo.	stat:INT>=7	SQ_22_17	xp=7;flag:sq_22_helped=1	SQ_22_17	fatigue=2;reputation=-1		Agir rapidamente.	stat:FOR>=6	SQ_22_18	xp=5;fatigue=1;reputation=1	SQ_22_18	fatigue=2		STORY_sq_22	flag:sq_22_active	3
SQ_22_17	CHAIN	COMMON	ADVENTURER	Tharun	Stone-Âmbar	4	1	10	A Noite de Névoa — etapa 17	A consequência da etapa anterior se manifesta em Stone-Âmbar. O problema exige uma decisão mais cuidadosa; cada solução abre ou fecha possibilidades para os próximos passos.	Investigar a fundo.	stat:INT>=8	SQ_22_18	xp=7;flag:sq_22_helped=1;cityStability:Stone-Âmbar=1	SQ_22_18	fatigue=2;reputation=-1	MON_0045	Agir rapidamente.	stat:FOR>=7	SQ_22_19	xp=5;fatigue=1;reputation=1	SQ_22_19	fatigue=2	MON_0049	STORY_sq_22	flag:sq_22_active	3
SQ_22_18	CHAIN	COMMON	ADVENTURER	Tharun	Stone-Âmbar	4	1	10	A Noite de Névoa — etapa 18	A consequência da etapa anterior se manifesta em Stone-Âmbar. O problema exige uma decisão mais cuidadosa; cada solução abre ou fecha possibilidades para os próximos passos.	Investigar a fundo.	stat:INT>=6	SQ_22_19	xp=7;flag:sq_22_helped=1	SQ_22_19	fatigue=2;reputation=-1		Agir rapidamente.	stat:FOR>=6	SQ_22_20	xp=5;fatigue=1;reputation=1;cityThreat:Stone-Âmbar=1	SQ_22_20	fatigue=2		STORY_sq_22	flag:sq_22_active	3
SQ_22_19	CHAIN	COMMON	ADVENTURER	Tharun	Stone-Âmbar	4	1	10	A Noite de Névoa — etapa 19	A consequência da etapa anterior se manifesta em Stone-Âmbar. O problema exige uma decisão mais cuidadosa; cada solução abre ou fecha possibilidades para os próximos passos.	Investigar a fundo.	stat:INT>=7	SQ_22_20	xp=7;flag:sq_22_helped=1	SQ_22_20	fatigue=2;reputation=-1		Agir rapidamente.	stat:FOR>=7	SQ_22_20	xp=5;fatigue=1;reputation=1	SQ_22_20	fatigue=2		STORY_sq_22	flag:sq_22_active	3
SQ_22_20	CHAIN	COMMON	ADVENTURER	Tharun	Stone-Âmbar	4	1	10	A Noite de Névoa — legado	O caso termina, mas a região não esquece. Dependendo das decisões anteriores, uma nova oportunidade ou uma nova dificuldade ficará disponível futuramente.	Encerrar e seguir viagem.	NONE	END	xp=18;gold=18;unflag:sq_22_active;flag:sq_22_complete=1;cityStability:Stone-Âmbar=1	END	fatigue=2;reputation=-1		Manter os contatos.	flag:sq_22_helped	END	xp=24;gold=10;reputation=4;rel:NPC_MIRIEL=3;unflag:sq_22_active;flag:sq_22_complete=1;flag:sq_22_contact=1;cityEconomy:Stone-Âmbar=2	END	fatigue=2		STORY_sq_22	flag:sq_22_active	3
SQ_23_01	CHAIN	COMMON	VALARYN	Nyssara	Emerald Tide	4	1	10	O Desafiante da Arena — começo	O Desafiante da Arena: um problema aparentemente local se apresenta em Emerald Tide. Uma escolha agora poderá ecoar por muitos dias.	Aceitar investigar.	stat:PER>=6	SQ_23_02	flag:sq_23_started=1;flag:sq_23_active=1;xp=4	SQ_23_02	flag:sq_23_started=1;flag:sq_23_active=1;fatigue=1		Aceitar pela força da palavra.	stat:PRE>=6	SQ_23_03	flag:sq_23_started=1;flag:sq_23_active=1;reputation=1	SQ_23_03	flag:sq_23_started=1;flag:sq_23_active=1;fatigue=1		STORY_sq_23	!flag:sq_23_started&!flag:sq_23_complete	3
SQ_23_02	CHAIN	COMMON	VALARYN	Nyssara	Emerald Tide	4	1	10	O Desafiante da Arena — etapa 2	A consequência da etapa anterior se manifesta em Emerald Tide. O problema exige uma decisão mais cuidadosa; cada solução abre ou fecha possibilidades para os próximos passos.	Investigar a fundo.	stat:INT>=8	SQ_23_03	xp=3;flag:sq_23_helped=1	SQ_23_03	fatigue=2;reputation=-1		Agir rapidamente.	stat:FOR>=6	SQ_23_04	xp=2;fatigue=1;reputation=1;cityThreat:Emerald Tide=1	SQ_23_04	fatigue=2		STORY_sq_23	flag:sq_23_active	3
SQ_23_03	CHAIN	COMMON	VALARYN	Nyssara	Emerald Tide	4	1	10	O Desafiante da Arena — etapa 3	A consequência da etapa anterior se manifesta em Emerald Tide. O problema exige uma decisão mais cuidadosa; cada solução abre ou fecha possibilidades para os próximos passos.	Investigar a fundo.	stat:INT>=6	SQ_23_04	xp=3;flag:sq_23_helped=1	SQ_23_04	fatigue=2;reputation=-1		Agir rapidamente.	stat:FOR>=7	SQ_23_05	xp=2;fatigue=1;reputation=1	SQ_23_05	fatigue=2		STORY_sq_23	flag:sq_23_active	3
SQ_23_04	CHAIN	COMMON	VALARYN	Nyssara	Emerald Tide	4	1	10	O Desafiante da Arena — etapa 4	A consequência da etapa anterior se manifesta em Emerald Tide. O problema exige uma decisão mais cuidadosa; cada solução abre ou fecha possibilidades para os próximos passos.	Investigar a fundo.	stat:INT>=7	SQ_23_05	xp=4;flag:sq_23_helped=1	SQ_23_05	fatigue=2;reputation=-1		Agir rapidamente.	stat:FOR>=6	SQ_23_06	xp=2;fatigue=1;reputation=1	SQ_23_06	fatigue=2		STORY_sq_23	flag:sq_23_active	3
SQ_23_05	CHAIN	COMMON	VALARYN	Nyssara	Emerald Tide	4	1	10	O Desafiante da Arena — etapa 5	A consequência da etapa anterior se manifesta em Emerald Tide. O problema exige uma decisão mais cuidadosa; cada solução abre ou fecha possibilidades para os próximos passos.	Investigar a fundo.	stat:INT>=8	SQ_23_06	xp=4;flag:sq_23_helped=1;cityStability:Emerald Tide=1	SQ_23_06	fatigue=2;reputation=-1		Usar uma habilidade específica.	level>=2&skill:ELY_0029	SQ_23_07	xp=3;fatigue=1;reputation=1;item:ITEM_MINERAL=1	SQ_23_07	fatigue=2		STORY_sq_23	flag:sq_23_active	3
SQ_23_06	CHAIN	COMMON	VALARYN	Nyssara	Emerald Tide	4	1	10	O Desafiante da Arena — etapa 6	A consequência da etapa anterior se manifesta em Emerald Tide. O problema exige uma decisão mais cuidadosa; cada solução abre ou fecha possibilidades para os próximos passos.	Investigar a fundo.	stat:INT>=6	SQ_23_07	xp=4;flag:sq_23_helped=1	SQ_23_07	fatigue=2;reputation=-1	MON_0030	Agir rapidamente.	stat:FOR>=6	SQ_23_08	xp=3;fatigue=1;reputation=1;cityThreat:Emerald Tide=1	SQ_23_08	fatigue=2	MON_0033	STORY_sq_23	flag:sq_23_active	3
SQ_23_07	CHAIN	COMMON	VALARYN	Nyssara	Emerald Tide	4	1	10	O Desafiante da Arena — etapa 7	A consequência da etapa anterior se manifesta em Emerald Tide. O problema exige uma decisão mais cuidadosa; cada solução abre ou fecha possibilidades para os próximos passos.	Investigar a fundo.	stat:INT>=7	SQ_23_08	xp=4;flag:sq_23_helped=1	SQ_23_08	fatigue=2;reputation=-1		Agir rapidamente.	stat:FOR>=7	SQ_23_09	xp=3;fatigue=1;reputation=1	SQ_23_09	fatigue=2		STORY_sq_23	flag:sq_23_active	3
SQ_23_08	CHAIN	COMMON	VALARYN	Nyssara	Emerald Tide	4	1	10	O Desafiante da Arena — etapa 8	A consequência da etapa anterior se manifesta em Emerald Tide. O problema exige uma decisão mais cuidadosa; cada solução abre ou fecha possibilidades para os próximos passos.	Investigar a fundo.	stat:INT>=8	SQ_23_09	xp=5;flag:sq_23_helped=1	SQ_23_09	fatigue=2;reputation=-1		Agir rapidamente.	stat:FOR>=6	SQ_23_10	xp=3;fatigue=1;reputation=1	SQ_23_10	fatigue=2		STORY_sq_23	flag:sq_23_active	3
SQ_23_09	CHAIN	COMMON	VALARYN	Nyssara	Emerald Tide	4	1	10	O Desafiante da Arena — etapa 9	A consequência da etapa anterior se manifesta em Emerald Tide. O problema exige uma decisão mais cuidadosa; cada solução abre ou fecha possibilidades para os próximos passos.	Investigar a fundo.	stat:INT>=6	SQ_23_10	xp=5;flag:sq_23_helped=1;cityStability:Emerald Tide=1	SQ_23_10	fatigue=2;reputation=-1		Agir rapidamente.	stat:FOR>=7	SQ_23_11	xp=3;fatigue=1;reputation=1	SQ_23_11	fatigue=2		STORY_sq_23	flag:sq_23_active	3
SQ_23_10	CHAIN	COMMON	VALARYN	Nyssara	Emerald Tide	4	1	10	O Desafiante da Arena — etapa 10	A consequência da etapa anterior se manifesta em Emerald Tide. O problema exige uma decisão mais cuidadosa; cada solução abre ou fecha possibilidades para os próximos passos.	Investigar a fundo.	stat:INT>=7	SQ_23_11	xp=5;flag:sq_23_helped=1	SQ_23_11	fatigue=2;reputation=-1		Usar uma habilidade específica.	level>=2&skill:ELY_0034	SQ_23_12	xp=4;fatigue=1;reputation=1;cityThreat:Emerald Tide=1;item:ITEM_MINERAL=1	SQ_23_12	fatigue=2		STORY_sq_23	flag:sq_23_active	3
SQ_23_11	CHAIN	COMMON	VALARYN	Nyssara	Emerald Tide	4	1	10	O Desafiante da Arena — etapa 11	A consequência da etapa anterior se manifesta em Emerald Tide. O problema exige uma decisão mais cuidadosa; cada solução abre ou fecha possibilidades para os próximos passos.	Investigar a fundo.	stat:INT>=8	SQ_23_12	xp=5;flag:sq_23_helped=1	SQ_23_12	fatigue=2;reputation=-1		Agir rapidamente.	stat:FOR>=7	SQ_23_13	xp=4;fatigue=1;reputation=1	SQ_23_13	fatigue=2		STORY_sq_23	flag:sq_23_active	3
SQ_23_12	CHAIN	COMMON	VALARYN	Nyssara	Emerald Tide	4	1	10	O Desafiante da Arena — etapa 12	A consequência da etapa anterior se manifesta em Emerald Tide. O problema exige uma decisão mais cuidadosa; cada solução abre ou fecha possibilidades para os próximos passos.	Investigar a fundo.	stat:INT>=6	SQ_23_13	xp=6;flag:sq_23_helped=1	SQ_23_13	fatigue=2;reputation=-1	MON_0036	Agir rapidamente.	stat:FOR>=6	SQ_23_14	xp=4;fatigue=1;reputation=1	SQ_23_14	fatigue=2	MON_0039	STORY_sq_23	flag:sq_23_active	3
SQ_23_13	CHAIN	COMMON	VALARYN	Nyssara	Emerald Tide	4	1	10	O Desafiante da Arena — etapa 13	A consequência da etapa anterior se manifesta em Emerald Tide. O problema exige uma decisão mais cuidadosa; cada solução abre ou fecha possibilidades para os próximos passos.	Investigar a fundo.	stat:INT>=7	SQ_23_14	xp=6;flag:sq_23_helped=1;cityStability:Emerald Tide=1	SQ_23_14	fatigue=2;reputation=-1		Agir rapidamente.	stat:FOR>=7	SQ_23_15	xp=4;fatigue=1;reputation=1	SQ_23_15	fatigue=2		STORY_sq_23	flag:sq_23_active	3
SQ_23_14	CHAIN	COMMON	VALARYN	Nyssara	Emerald Tide	4	1	10	O Desafiante da Arena — etapa 14	A consequência da etapa anterior se manifesta em Emerald Tide. O problema exige uma decisão mais cuidadosa; cada solução abre ou fecha possibilidades para os próximos passos.	Investigar a fundo.	stat:INT>=8	SQ_23_15	xp=6;flag:sq_23_helped=1	SQ_23_15	fatigue=2;reputation=-1		Agir rapidamente.	stat:FOR>=6	SQ_23_16	xp=4;fatigue=1;reputation=1;cityThreat:Emerald Tide=1	SQ_23_16	fatigue=2		STORY_sq_23	flag:sq_23_active	3
SQ_23_15	CHAIN	COMMON	VALARYN	Nyssara	Emerald Tide	4	1	10	O Desafiante da Arena — etapa 15	A consequência da etapa anterior se manifesta em Emerald Tide. O problema exige uma decisão mais cuidadosa; cada solução abre ou fecha possibilidades para os próximos passos.	Investigar a fundo.	stat:INT>=6	SQ_23_16	xp=6;flag:sq_23_helped=1	SQ_23_16	fatigue=2;reputation=-1		Usar uma habilidade específica.	level>=2&skill:ELY_0039	SQ_23_17	xp=5;fatigue=1;reputation=1;item:ITEM_MINERAL=1	SQ_23_17	fatigue=2		STORY_sq_23	flag:sq_23_active	3
SQ_23_16	CHAIN	COMMON	VALARYN	Nyssara	Emerald Tide	4	1	10	O Desafiante da Arena — etapa 16	A consequência da etapa anterior se manifesta em Emerald Tide. O problema exige uma decisão mais cuidadosa; cada solução abre ou fecha possibilidades para os próximos passos.	Investigar a fundo.	stat:INT>=7	SQ_23_17	xp=7;flag:sq_23_helped=1	SQ_23_17	fatigue=2;reputation=-1		Agir rapidamente.	stat:FOR>=6	SQ_23_18	xp=5;fatigue=1;reputation=1	SQ_23_18	fatigue=2		STORY_sq_23	flag:sq_23_active	3
SQ_23_17	CHAIN	COMMON	VALARYN	Nyssara	Emerald Tide	4	1	10	O Desafiante da Arena — etapa 17	A consequência da etapa anterior se manifesta em Emerald Tide. O problema exige uma decisão mais cuidadosa; cada solução abre ou fecha possibilidades para os próximos passos.	Investigar a fundo.	stat:INT>=8	SQ_23_18	xp=7;flag:sq_23_helped=1;cityStability:Emerald Tide=1	SQ_23_18	fatigue=2;reputation=-1	MON_0041	Agir rapidamente.	stat:FOR>=7	SQ_23_19	xp=5;fatigue=1;reputation=1	SQ_23_19	fatigue=2	MON_0044	STORY_sq_23	flag:sq_23_active	3
SQ_23_18	CHAIN	COMMON	VALARYN	Nyssara	Emerald Tide	4	1	10	O Desafiante da Arena — etapa 18	A consequência da etapa anterior se manifesta em Emerald Tide. O problema exige uma decisão mais cuidadosa; cada solução abre ou fecha possibilidades para os próximos passos.	Investigar a fundo.	stat:INT>=6	SQ_23_19	xp=7;flag:sq_23_helped=1	SQ_23_19	fatigue=2;reputation=-1		Agir rapidamente.	stat:FOR>=6	SQ_23_20	xp=5;fatigue=1;reputation=1;cityThreat:Emerald Tide=1	SQ_23_20	fatigue=2		STORY_sq_23	flag:sq_23_active	3
SQ_23_19	CHAIN	COMMON	VALARYN	Nyssara	Emerald Tide	4	1	10	O Desafiante da Arena — etapa 19	A consequência da etapa anterior se manifesta em Emerald Tide. O problema exige uma decisão mais cuidadosa; cada solução abre ou fecha possibilidades para os próximos passos.	Investigar a fundo.	stat:INT>=7	SQ_23_20	xp=7;flag:sq_23_helped=1	SQ_23_20	fatigue=2;reputation=-1		Agir rapidamente.	stat:FOR>=7	SQ_23_20	xp=5;fatigue=1;reputation=1	SQ_23_20	fatigue=2		STORY_sq_23	flag:sq_23_active	3
SQ_23_20	CHAIN	COMMON	VALARYN	Nyssara	Emerald Tide	4	1	10	O Desafiante da Arena — legado	O caso termina, mas a região não esquece. Dependendo das decisões anteriores, uma nova oportunidade ou uma nova dificuldade ficará disponível futuramente.	Encerrar e seguir viagem.	NONE	END	xp=18;gold=18;unflag:sq_23_active;flag:sq_23_complete=1;cityStability:Emerald Tide=1	END	fatigue=2;reputation=-1		Manter os contatos.	flag:sq_23_helped	END	xp=24;gold=10;reputation=4;rel:NPC_MIRIEL=3;unflag:sq_23_active;flag:sq_23_complete=1;flag:sq_23_contact=1;cityEconomy:Emerald Tide=2	END	fatigue=2		STORY_sq_23	flag:sq_23_active	3
SQ_24_01	CHAIN	COMMON	INDEPENDENT	Valkyrion	Volmeria	5	1	10	As Três Chaves — começo	As Três Chaves: um problema aparentemente local se apresenta em Volmeria. Uma escolha agora poderá ecoar por muitos dias.	Aceitar investigar.	stat:PER>=6	SQ_24_02	flag:sq_24_started=1;flag:sq_24_active=1;xp=4	SQ_24_02	flag:sq_24_started=1;flag:sq_24_active=1;fatigue=1		Aceitar pela força da palavra.	stat:PRE>=6	SQ_24_03	flag:sq_24_started=1;flag:sq_24_active=1;reputation=1	SQ_24_03	flag:sq_24_started=1;flag:sq_24_active=1;fatigue=1		STORY_sq_24	!flag:sq_24_started&!flag:sq_24_complete	3
SQ_24_02	CHAIN	COMMON	INDEPENDENT	Valkyrion	Volmeria	5	1	10	As Três Chaves — etapa 2	A consequência da etapa anterior se manifesta em Volmeria. O problema exige uma decisão mais cuidadosa; cada solução abre ou fecha possibilidades para os próximos passos.	Investigar a fundo.	stat:INT>=8	SQ_24_03	xp=3;flag:sq_24_helped=1	SQ_24_03	fatigue=2;reputation=-1		Agir rapidamente.	stat:FOR>=6	SQ_24_04	xp=2;fatigue=1;reputation=1;cityThreat:Volmeria=1	SQ_24_04	fatigue=2		STORY_sq_24	flag:sq_24_active	3
SQ_24_03	CHAIN	COMMON	INDEPENDENT	Valkyrion	Volmeria	5	1	10	As Três Chaves — etapa 3	A consequência da etapa anterior se manifesta em Volmeria. O problema exige uma decisão mais cuidadosa; cada solução abre ou fecha possibilidades para os próximos passos.	Investigar a fundo.	stat:INT>=6	SQ_24_04	xp=3;flag:sq_24_helped=1	SQ_24_04	fatigue=2;reputation=-1		Agir rapidamente.	stat:FOR>=7	SQ_24_05	xp=2;fatigue=1;reputation=1	SQ_24_05	fatigue=2		STORY_sq_24	flag:sq_24_active	3
SQ_24_04	CHAIN	COMMON	INDEPENDENT	Valkyrion	Volmeria	5	1	10	As Três Chaves — etapa 4	A consequência da etapa anterior se manifesta em Volmeria. O problema exige uma decisão mais cuidadosa; cada solução abre ou fecha possibilidades para os próximos passos.	Investigar a fundo.	stat:INT>=7	SQ_24_05	xp=4;flag:sq_24_helped=1	SQ_24_05	fatigue=2;reputation=-1		Agir rapidamente.	stat:FOR>=6	SQ_24_06	xp=2;fatigue=1;reputation=1	SQ_24_06	fatigue=2		STORY_sq_24	flag:sq_24_active	3
SQ_24_05	CHAIN	COMMON	INDEPENDENT	Valkyrion	Volmeria	5	1	10	As Três Chaves — etapa 5	A consequência da etapa anterior se manifesta em Volmeria. O problema exige uma decisão mais cuidadosa; cada solução abre ou fecha possibilidades para os próximos passos.	Investigar a fundo.	stat:INT>=8	SQ_24_06	xp=4;flag:sq_24_helped=1;cityStability:Volmeria=1	SQ_24_06	fatigue=2;reputation=-1		Usar uma habilidade específica.	level>=2&skill:ELY_0030	SQ_24_07	xp=3;fatigue=1;reputation=1;item:ITEM_MINERAL=1	SQ_24_07	fatigue=2		STORY_sq_24	flag:sq_24_active	3
SQ_24_06	CHAIN	COMMON	INDEPENDENT	Valkyrion	Volmeria	5	1	10	As Três Chaves — etapa 6	A consequência da etapa anterior se manifesta em Volmeria. O problema exige uma decisão mais cuidadosa; cada solução abre ou fecha possibilidades para os próximos passos.	Investigar a fundo.	stat:INT>=6	SQ_24_07	xp=4;flag:sq_24_helped=1	SQ_24_07	fatigue=2;reputation=-1	MON_0089	Agir rapidamente.	stat:FOR>=6	SQ_24_08	xp=3;fatigue=1;reputation=1;cityThreat:Volmeria=1	SQ_24_08	fatigue=2	MON_0104	STORY_sq_24	flag:sq_24_active	3
SQ_24_07	CHAIN	COMMON	INDEPENDENT	Valkyrion	Volmeria	5	1	10	As Três Chaves — etapa 7	A consequência da etapa anterior se manifesta em Volmeria. O problema exige uma decisão mais cuidadosa; cada solução abre ou fecha possibilidades para os próximos passos.	Investigar a fundo.	stat:INT>=7	SQ_24_08	xp=4;flag:sq_24_helped=1	SQ_24_08	fatigue=2;reputation=-1		Agir rapidamente.	stat:FOR>=7	SQ_24_09	xp=3;fatigue=1;reputation=1	SQ_24_09	fatigue=2		STORY_sq_24	flag:sq_24_active	3
SQ_24_08	CHAIN	COMMON	INDEPENDENT	Valkyrion	Volmeria	5	1	10	As Três Chaves — etapa 8	A consequência da etapa anterior se manifesta em Volmeria. O problema exige uma decisão mais cuidadosa; cada solução abre ou fecha possibilidades para os próximos passos.	Investigar a fundo.	stat:INT>=8	SQ_24_09	xp=5;flag:sq_24_helped=1	SQ_24_09	fatigue=2;reputation=-1		Agir rapidamente.	stat:FOR>=6	SQ_24_10	xp=3;fatigue=1;reputation=1	SQ_24_10	fatigue=2		STORY_sq_24	flag:sq_24_active	3
SQ_24_09	CHAIN	COMMON	INDEPENDENT	Valkyrion	Volmeria	5	1	10	As Três Chaves — etapa 9	A consequência da etapa anterior se manifesta em Volmeria. O problema exige uma decisão mais cuidadosa; cada solução abre ou fecha possibilidades para os próximos passos.	Investigar a fundo.	stat:INT>=6	SQ_24_10	xp=5;flag:sq_24_helped=1;cityStability:Volmeria=1	SQ_24_10	fatigue=2;reputation=-1		Agir rapidamente.	stat:FOR>=7	SQ_24_11	xp=3;fatigue=1;reputation=1	SQ_24_11	fatigue=2		STORY_sq_24	flag:sq_24_active	3
SQ_24_10	CHAIN	COMMON	INDEPENDENT	Valkyrion	Volmeria	5	1	10	As Três Chaves — etapa 10	A consequência da etapa anterior se manifesta em Volmeria. O problema exige uma decisão mais cuidadosa; cada solução abre ou fecha possibilidades para os próximos passos.	Investigar a fundo.	stat:INT>=7	SQ_24_11	xp=5;flag:sq_24_helped=1	SQ_24_11	fatigue=2;reputation=-1		Usar uma habilidade específica.	level>=2&skill:ELY_0035	SQ_24_12	xp=4;fatigue=1;reputation=1;cityThreat:Volmeria=1;item:ITEM_MINERAL=1	SQ_24_12	fatigue=2		STORY_sq_24	flag:sq_24_active	3
SQ_24_11	CHAIN	COMMON	INDEPENDENT	Valkyrion	Volmeria	5	1	10	As Três Chaves — etapa 11	A consequência da etapa anterior se manifesta em Volmeria. O problema exige uma decisão mais cuidadosa; cada solução abre ou fecha possibilidades para os próximos passos.	Investigar a fundo.	stat:INT>=8	SQ_24_12	xp=5;flag:sq_24_helped=1	SQ_24_12	fatigue=2;reputation=-1		Agir rapidamente.	stat:FOR>=7	SQ_24_13	xp=4;fatigue=1;reputation=1	SQ_24_13	fatigue=2		STORY_sq_24	flag:sq_24_active	3
SQ_24_12	CHAIN	COMMON	INDEPENDENT	Valkyrion	Volmeria	5	1	10	As Três Chaves — etapa 12	A consequência da etapa anterior se manifesta em Volmeria. O problema exige uma decisão mais cuidadosa; cada solução abre ou fecha possibilidades para os próximos passos.	Investigar a fundo.	stat:INT>=6	SQ_24_13	xp=6;flag:sq_24_helped=1	SQ_24_13	fatigue=2;reputation=-1	MON_0113	Agir rapidamente.	stat:FOR>=6	SQ_24_14	xp=4;fatigue=1;reputation=1	SQ_24_14	fatigue=2	MON_0128	STORY_sq_24	flag:sq_24_active	3
SQ_24_13	CHAIN	COMMON	INDEPENDENT	Valkyrion	Volmeria	5	1	10	As Três Chaves — etapa 13	A consequência da etapa anterior se manifesta em Volmeria. O problema exige uma decisão mais cuidadosa; cada solução abre ou fecha possibilidades para os próximos passos.	Investigar a fundo.	stat:INT>=7	SQ_24_14	xp=6;flag:sq_24_helped=1;cityStability:Volmeria=1	SQ_24_14	fatigue=2;reputation=-1		Agir rapidamente.	stat:FOR>=7	SQ_24_15	xp=4;fatigue=1;reputation=1	SQ_24_15	fatigue=2		STORY_sq_24	flag:sq_24_active	3
SQ_24_14	CHAIN	COMMON	INDEPENDENT	Valkyrion	Volmeria	5	1	10	As Três Chaves — etapa 14	A consequência da etapa anterior se manifesta em Volmeria. O problema exige uma decisão mais cuidadosa; cada solução abre ou fecha possibilidades para os próximos passos.	Investigar a fundo.	stat:INT>=8	SQ_24_15	xp=6;flag:sq_24_helped=1	SQ_24_15	fatigue=2;reputation=-1		Agir rapidamente.	stat:FOR>=6	SQ_24_16	xp=4;fatigue=1;reputation=1;cityThreat:Volmeria=1	SQ_24_16	fatigue=2		STORY_sq_24	flag:sq_24_active	3
SQ_24_15	CHAIN	COMMON	INDEPENDENT	Valkyrion	Volmeria	5	1	10	As Três Chaves — etapa 15	A consequência da etapa anterior se manifesta em Volmeria. O problema exige uma decisão mais cuidadosa; cada solução abre ou fecha possibilidades para os próximos passos.	Investigar a fundo.	stat:INT>=6	SQ_24_16	xp=6;flag:sq_24_helped=1	SQ_24_16	fatigue=2;reputation=-1		Usar uma habilidade específica.	level>=2&skill:ELY_0040	SQ_24_17	xp=5;fatigue=1;reputation=1;item:ITEM_MINERAL=1	SQ_24_17	fatigue=2		STORY_sq_24	flag:sq_24_active	3
SQ_24_16	CHAIN	COMMON	INDEPENDENT	Valkyrion	Volmeria	5	1	10	As Três Chaves — etapa 16	A consequência da etapa anterior se manifesta em Volmeria. O problema exige uma decisão mais cuidadosa; cada solução abre ou fecha possibilidades para os próximos passos.	Investigar a fundo.	stat:INT>=7	SQ_24_17	xp=7;flag:sq_24_helped=1	SQ_24_17	fatigue=2;reputation=-1		Agir rapidamente.	stat:FOR>=6	SQ_24_18	xp=5;fatigue=1;reputation=1	SQ_24_18	fatigue=2		STORY_sq_24	flag:sq_24_active	3
SQ_24_17	CHAIN	COMMON	INDEPENDENT	Valkyrion	Volmeria	5	1	10	As Três Chaves — etapa 17	A consequência da etapa anterior se manifesta em Volmeria. O problema exige uma decisão mais cuidadosa; cada solução abre ou fecha possibilidades para os próximos passos.	Investigar a fundo.	stat:INT>=8	SQ_24_18	xp=7;flag:sq_24_helped=1;cityStability:Volmeria=1	SQ_24_18	fatigue=2;reputation=-1	MON_0136	Agir rapidamente.	stat:FOR>=7	SQ_24_19	xp=5;fatigue=1;reputation=1	SQ_24_19	fatigue=2	MON_0145	STORY_sq_24	flag:sq_24_active	3
SQ_24_18	CHAIN	COMMON	INDEPENDENT	Valkyrion	Volmeria	5	1	10	As Três Chaves — etapa 18	A consequência da etapa anterior se manifesta em Volmeria. O problema exige uma decisão mais cuidadosa; cada solução abre ou fecha possibilidades para os próximos passos.	Investigar a fundo.	stat:INT>=6	SQ_24_19	xp=7;flag:sq_24_helped=1	SQ_24_19	fatigue=2;reputation=-1		Agir rapidamente.	stat:FOR>=6	SQ_24_20	xp=5;fatigue=1;reputation=1;cityThreat:Volmeria=1	SQ_24_20	fatigue=2		STORY_sq_24	flag:sq_24_active	3
SQ_24_19	CHAIN	COMMON	INDEPENDENT	Valkyrion	Volmeria	5	1	10	As Três Chaves — etapa 19	A consequência da etapa anterior se manifesta em Volmeria. O problema exige uma decisão mais cuidadosa; cada solução abre ou fecha possibilidades para os próximos passos.	Investigar a fundo.	stat:INT>=7	SQ_24_20	xp=7;flag:sq_24_helped=1	SQ_24_20	fatigue=2;reputation=-1		Agir rapidamente.	stat:FOR>=7	SQ_24_20	xp=5;fatigue=1;reputation=1	SQ_24_20	fatigue=2		STORY_sq_24	flag:sq_24_active	3
SQ_24_20	CHAIN	COMMON	INDEPENDENT	Valkyrion	Volmeria	5	1	10	As Três Chaves — legado	O caso termina, mas a região não esquece. Dependendo das decisões anteriores, uma nova oportunidade ou uma nova dificuldade ficará disponível futuramente.	Encerrar e seguir viagem.	NONE	END	xp=18;gold=18;unflag:sq_24_active;flag:sq_24_complete=1;cityStability:Volmeria=1	END	fatigue=2;reputation=-1		Manter os contatos.	flag:sq_24_helped	END	xp=24;gold=10;reputation=4;rel:NPC_MIRIEL=3;unflag:sq_24_active;flag:sq_24_complete=1;flag:sq_24_contact=1;cityEconomy:Volmeria=2	END	fatigue=2		STORY_sq_24	flag:sq_24_active	3
SQ_25_01	CHAIN	COMMON	ANY	Eshmara	Brumas	5	1	10	O Cofre da Guilda — começo	O Cofre da Guilda: um problema aparentemente local se apresenta em Brumas. Uma escolha agora poderá ecoar por muitos dias.	Aceitar investigar.	stat:PER>=6	SQ_25_02	flag:sq_25_started=1;flag:sq_25_active=1;xp=4	SQ_25_02	flag:sq_25_started=1;flag:sq_25_active=1;fatigue=1		Aceitar pela força da palavra.	stat:PRE>=6	SQ_25_03	flag:sq_25_started=1;flag:sq_25_active=1;reputation=1	SQ_25_03	flag:sq_25_started=1;flag:sq_25_active=1;fatigue=1		STORY_sq_25	!flag:sq_25_started&!flag:sq_25_complete	3
SQ_25_02	CHAIN	COMMON	ANY	Eshmara	Brumas	5	1	10	O Cofre da Guilda — etapa 2	A consequência da etapa anterior se manifesta em Brumas. O problema exige uma decisão mais cuidadosa; cada solução abre ou fecha possibilidades para os próximos passos.	Investigar a fundo.	stat:INT>=8	SQ_25_03	xp=3;flag:sq_25_helped=1	SQ_25_03	fatigue=2;reputation=-1		Agir rapidamente.	stat:FOR>=6	SQ_25_04	xp=2;fatigue=1;reputation=1;cityThreat:Brumas=1	SQ_25_04	fatigue=2		STORY_sq_25	flag:sq_25_active	3
SQ_25_03	CHAIN	COMMON	ANY	Eshmara	Brumas	5	1	10	O Cofre da Guilda — etapa 3	A consequência da etapa anterior se manifesta em Brumas. O problema exige uma decisão mais cuidadosa; cada solução abre ou fecha possibilidades para os próximos passos.	Investigar a fundo.	stat:INT>=6	SQ_25_04	xp=3;flag:sq_25_helped=1	SQ_25_04	fatigue=2;reputation=-1		Agir rapidamente.	stat:FOR>=7	SQ_25_05	xp=2;fatigue=1;reputation=1	SQ_25_05	fatigue=2		STORY_sq_25	flag:sq_25_active	3
SQ_25_04	CHAIN	COMMON	ANY	Eshmara	Brumas	5	1	10	O Cofre da Guilda — etapa 4	A consequência da etapa anterior se manifesta em Brumas. O problema exige uma decisão mais cuidadosa; cada solução abre ou fecha possibilidades para os próximos passos.	Investigar a fundo.	stat:INT>=7	SQ_25_05	xp=4;flag:sq_25_helped=1	SQ_25_05	fatigue=2;reputation=-1		Agir rapidamente.	stat:FOR>=6	SQ_25_06	xp=2;fatigue=1;reputation=1	SQ_25_06	fatigue=2		STORY_sq_25	flag:sq_25_active	3
SQ_25_05	CHAIN	COMMON	ANY	Eshmara	Brumas	5	1	10	O Cofre da Guilda — etapa 5	A consequência da etapa anterior se manifesta em Brumas. O problema exige uma decisão mais cuidadosa; cada solução abre ou fecha possibilidades para os próximos passos.	Investigar a fundo.	stat:INT>=8	SQ_25_06	xp=4;flag:sq_25_helped=1;cityStability:Brumas=1	SQ_25_06	fatigue=2;reputation=-1		Usar uma habilidade específica.	level>=2&skill:ELY_0031	SQ_25_07	xp=3;fatigue=1;reputation=1;item:ITEM_MINERAL=1	SQ_25_07	fatigue=2		STORY_sq_25	flag:sq_25_active	3
SQ_25_06	CHAIN	COMMON	ANY	Eshmara	Brumas	5	1	10	O Cofre da Guilda — etapa 6	A consequência da etapa anterior se manifesta em Brumas. O problema exige uma decisão mais cuidadosa; cada solução abre ou fecha possibilidades para os próximos passos.	Investigar a fundo.	stat:INT>=6	SQ_25_07	xp=4;flag:sq_25_helped=1	SQ_25_07	fatigue=2;reputation=-1	MON_0064	Agir rapidamente.	stat:FOR>=6	SQ_25_08	xp=3;fatigue=1;reputation=1;cityThreat:Brumas=1	SQ_25_08	fatigue=2	MON_0072	STORY_sq_25	flag:sq_25_active	3
SQ_25_07	CHAIN	COMMON	ANY	Eshmara	Brumas	5	1	10	O Cofre da Guilda — etapa 7	A consequência da etapa anterior se manifesta em Brumas. O problema exige uma decisão mais cuidadosa; cada solução abre ou fecha possibilidades para os próximos passos.	Investigar a fundo.	stat:INT>=7	SQ_25_08	xp=4;flag:sq_25_helped=1	SQ_25_08	fatigue=2;reputation=-1		Agir rapidamente.	stat:FOR>=7	SQ_25_09	xp=3;fatigue=1;reputation=1	SQ_25_09	fatigue=2		STORY_sq_25	flag:sq_25_active	3
SQ_25_08	CHAIN	COMMON	ANY	Eshmara	Brumas	5	1	10	O Cofre da Guilda — etapa 8	A consequência da etapa anterior se manifesta em Brumas. O problema exige uma decisão mais cuidadosa; cada solução abre ou fecha possibilidades para os próximos passos.	Investigar a fundo.	stat:INT>=8	SQ_25_09	xp=5;flag:sq_25_helped=1	SQ_25_09	fatigue=2;reputation=-1		Agir rapidamente.	stat:FOR>=6	SQ_25_10	xp=3;fatigue=1;reputation=1	SQ_25_10	fatigue=2		STORY_sq_25	flag:sq_25_active	3
SQ_25_09	CHAIN	COMMON	ANY	Eshmara	Brumas	5	1	10	O Cofre da Guilda — etapa 9	A consequência da etapa anterior se manifesta em Brumas. O problema exige uma decisão mais cuidadosa; cada solução abre ou fecha possibilidades para os próximos passos.	Investigar a fundo.	stat:INT>=6	SQ_25_10	xp=5;flag:sq_25_helped=1;cityStability:Brumas=1	SQ_25_10	fatigue=2;reputation=-1		Agir rapidamente.	stat:FOR>=7	SQ_25_11	xp=3;fatigue=1;reputation=1	SQ_25_11	fatigue=2		STORY_sq_25	flag:sq_25_active	3
SQ_25_10	CHAIN	COMMON	ANY	Eshmara	Brumas	5	1	10	O Cofre da Guilda — etapa 10	A consequência da etapa anterior se manifesta em Brumas. O problema exige uma decisão mais cuidadosa; cada solução abre ou fecha possibilidades para os próximos passos.	Investigar a fundo.	stat:INT>=7	SQ_25_11	xp=5;flag:sq_25_helped=1	SQ_25_11	fatigue=2;reputation=-1		Usar uma habilidade específica.	level>=2&skill:ELY_0036	SQ_25_12	xp=4;fatigue=1;reputation=1;cityThreat:Brumas=1;item:ITEM_MINERAL=1	SQ_25_12	fatigue=2		STORY_sq_25	flag:sq_25_active	3
SQ_25_11	CHAIN	COMMON	ANY	Eshmara	Brumas	5	1	10	O Cofre da Guilda — etapa 11	A consequência da etapa anterior se manifesta em Brumas. O problema exige uma decisão mais cuidadosa; cada solução abre ou fecha possibilidades para os próximos passos.	Investigar a fundo.	stat:INT>=8	SQ_25_12	xp=5;flag:sq_25_helped=1	SQ_25_12	fatigue=2;reputation=-1		Agir rapidamente.	stat:FOR>=7	SQ_25_13	xp=4;fatigue=1;reputation=1	SQ_25_13	fatigue=2		STORY_sq_25	flag:sq_25_active	3
SQ_25_12	CHAIN	COMMON	ANY	Eshmara	Brumas	5	1	10	O Cofre da Guilda — etapa 12	A consequência da etapa anterior se manifesta em Brumas. O problema exige uma decisão mais cuidadosa; cada solução abre ou fecha possibilidades para os próximos passos.	Investigar a fundo.	stat:INT>=6	SQ_25_13	xp=6;flag:sq_25_helped=1	SQ_25_13	fatigue=2;reputation=-1	MON_0080	Agir rapidamente.	stat:FOR>=6	SQ_25_14	xp=4;fatigue=1;reputation=1	SQ_25_14	fatigue=2	MON_0088	STORY_sq_25	flag:sq_25_active	3
SQ_25_13	CHAIN	COMMON	ANY	Eshmara	Brumas	5	1	10	O Cofre da Guilda — etapa 13	A consequência da etapa anterior se manifesta em Brumas. O problema exige uma decisão mais cuidadosa; cada solução abre ou fecha possibilidades para os próximos passos.	Investigar a fundo.	stat:INT>=7	SQ_25_14	xp=6;flag:sq_25_helped=1;cityStability:Brumas=1	SQ_25_14	fatigue=2;reputation=-1		Agir rapidamente.	stat:FOR>=7	SQ_25_15	xp=4;fatigue=1;reputation=1	SQ_25_15	fatigue=2		STORY_sq_25	flag:sq_25_active	3
SQ_25_14	CHAIN	COMMON	ANY	Eshmara	Brumas	5	1	10	O Cofre da Guilda — etapa 14	A consequência da etapa anterior se manifesta em Brumas. O problema exige uma decisão mais cuidadosa; cada solução abre ou fecha possibilidades para os próximos passos.	Investigar a fundo.	stat:INT>=8	SQ_25_15	xp=6;flag:sq_25_helped=1	SQ_25_15	fatigue=2;reputation=-1		Agir rapidamente.	stat:FOR>=6	SQ_25_16	xp=4;fatigue=1;reputation=1;cityThreat:Brumas=1	SQ_25_16	fatigue=2		STORY_sq_25	flag:sq_25_active	3
SQ_25_15	CHAIN	COMMON	ANY	Eshmara	Brumas	5	1	10	O Cofre da Guilda — etapa 15	A consequência da etapa anterior se manifesta em Brumas. O problema exige uma decisão mais cuidadosa; cada solução abre ou fecha possibilidades para os próximos passos.	Investigar a fundo.	stat:INT>=6	SQ_25_16	xp=6;flag:sq_25_helped=1	SQ_25_16	fatigue=2;reputation=-1		Usar uma habilidade específica.	level>=2&skill:ELY_0041	SQ_25_17	xp=5;fatigue=1;reputation=1;item:ITEM_MINERAL=1	SQ_25_17	fatigue=2		STORY_sq_25	flag:sq_25_active	3
SQ_25_16	CHAIN	COMMON	ANY	Eshmara	Brumas	5	1	10	O Cofre da Guilda — etapa 16	A consequência da etapa anterior se manifesta em Brumas. O problema exige uma decisão mais cuidadosa; cada solução abre ou fecha possibilidades para os próximos passos.	Investigar a fundo.	stat:INT>=7	SQ_25_17	xp=7;flag:sq_25_helped=1	SQ_25_17	fatigue=2;reputation=-1		Agir rapidamente.	stat:FOR>=6	SQ_25_18	xp=5;fatigue=1;reputation=1	SQ_25_18	fatigue=2		STORY_sq_25	flag:sq_25_active	3
SQ_25_17	CHAIN	COMMON	ANY	Eshmara	Brumas	5	1	10	O Cofre da Guilda — etapa 17	A consequência da etapa anterior se manifesta em Brumas. O problema exige uma decisão mais cuidadosa; cada solução abre ou fecha possibilidades para os próximos passos.	Investigar a fundo.	stat:INT>=8	SQ_25_18	xp=7;flag:sq_25_helped=1;cityStability:Brumas=1	SQ_25_18	fatigue=2;reputation=-1	MON_0090	Agir rapidamente.	stat:FOR>=7	SQ_25_19	xp=5;fatigue=1;reputation=1	SQ_25_19	fatigue=2	MON_0098	STORY_sq_25	flag:sq_25_active	3
SQ_25_18	CHAIN	COMMON	ANY	Eshmara	Brumas	5	1	10	O Cofre da Guilda — etapa 18	A consequência da etapa anterior se manifesta em Brumas. O problema exige uma decisão mais cuidadosa; cada solução abre ou fecha possibilidades para os próximos passos.	Investigar a fundo.	stat:INT>=6	SQ_25_19	xp=7;flag:sq_25_helped=1	SQ_25_19	fatigue=2;reputation=-1		Agir rapidamente.	stat:FOR>=6	SQ_25_20	xp=5;fatigue=1;reputation=1;cityThreat:Brumas=1	SQ_25_20	fatigue=2		STORY_sq_25	flag:sq_25_active	3
SQ_25_19	CHAIN	COMMON	ANY	Eshmara	Brumas	5	1	10	O Cofre da Guilda — etapa 19	A consequência da etapa anterior se manifesta em Brumas. O problema exige uma decisão mais cuidadosa; cada solução abre ou fecha possibilidades para os próximos passos.	Investigar a fundo.	stat:INT>=7	SQ_25_20	xp=7;flag:sq_25_helped=1	SQ_25_20	fatigue=2;reputation=-1		Agir rapidamente.	stat:FOR>=7	SQ_25_20	xp=5;fatigue=1;reputation=1	SQ_25_20	fatigue=2		STORY_sq_25	flag:sq_25_active	3
SQ_25_20	CHAIN	COMMON	ANY	Eshmara	Brumas	5	1	10	O Cofre da Guilda — legado	O caso termina, mas a região não esquece. Dependendo das decisões anteriores, uma nova oportunidade ou uma nova dificuldade ficará disponível futuramente.	Encerrar e seguir viagem.	NONE	END	xp=18;gold=18;unflag:sq_25_active;flag:sq_25_complete=1;cityStability:Brumas=1	END	fatigue=2;reputation=-1		Manter os contatos.	flag:sq_25_helped	END	xp=24;gold=10;reputation=4;rel:NPC_MIRIEL=3;unflag:sq_25_active;flag:sq_25_complete=1;flag:sq_25_contact=1;cityEconomy:Brumas=2	END	fatigue=2		STORY_sq_25	flag:sq_25_active	3
SQ_26_01	CHAIN	COMMON	ANY	Kethruun	Sandbones	5	1	10	O Sussurro das Ruínas — começo	O Sussurro das Ruínas: um problema aparentemente local se apresenta em Sandbones. Uma escolha agora poderá ecoar por muitos dias.	Aceitar investigar.	stat:PER>=6	SQ_26_02	flag:sq_26_started=1;flag:sq_26_active=1;xp=4	SQ_26_02	flag:sq_26_started=1;flag:sq_26_active=1;fatigue=1		Aceitar pela força da palavra.	stat:PRE>=6	SQ_26_03	flag:sq_26_started=1;flag:sq_26_active=1;reputation=1	SQ_26_03	flag:sq_26_started=1;flag:sq_26_active=1;fatigue=1		STORY_sq_26	!flag:sq_26_started&!flag:sq_26_complete	3
SQ_26_02	CHAIN	COMMON	ANY	Kethruun	Sandbones	5	1	10	O Sussurro das Ruínas — etapa 2	A consequência da etapa anterior se manifesta em Sandbones. O problema exige uma decisão mais cuidadosa; cada solução abre ou fecha possibilidades para os próximos passos.	Investigar a fundo.	stat:INT>=8	SQ_26_03	xp=3;flag:sq_26_helped=1	SQ_26_03	fatigue=2;reputation=-1		Agir rapidamente.	stat:FOR>=6	SQ_26_04	xp=2;fatigue=1;reputation=1;cityThreat:Sandbones=1	SQ_26_04	fatigue=2		STORY_sq_26	flag:sq_26_active	3
SQ_26_03	CHAIN	COMMON	ANY	Kethruun	Sandbones	5	1	10	O Sussurro das Ruínas — etapa 3	A consequência da etapa anterior se manifesta em Sandbones. O problema exige uma decisão mais cuidadosa; cada solução abre ou fecha possibilidades para os próximos passos.	Investigar a fundo.	stat:INT>=6	SQ_26_04	xp=3;flag:sq_26_helped=1	SQ_26_04	fatigue=2;reputation=-1		Agir rapidamente.	stat:FOR>=7	SQ_26_05	xp=2;fatigue=1;reputation=1	SQ_26_05	fatigue=2		STORY_sq_26	flag:sq_26_active	3
SQ_26_04	CHAIN	COMMON	ANY	Kethruun	Sandbones	5	1	10	O Sussurro das Ruínas — etapa 4	A consequência da etapa anterior se manifesta em Sandbones. O problema exige uma decisão mais cuidadosa; cada solução abre ou fecha possibilidades para os próximos passos.	Investigar a fundo.	stat:INT>=7	SQ_26_05	xp=4;flag:sq_26_helped=1	SQ_26_05	fatigue=2;reputation=-1		Agir rapidamente.	stat:FOR>=6	SQ_26_06	xp=2;fatigue=1;reputation=1	SQ_26_06	fatigue=2		STORY_sq_26	flag:sq_26_active	3
SQ_26_05	CHAIN	COMMON	ANY	Kethruun	Sandbones	5	1	10	O Sussurro das Ruínas — etapa 5	A consequência da etapa anterior se manifesta em Sandbones. O problema exige uma decisão mais cuidadosa; cada solução abre ou fecha possibilidades para os próximos passos.	Investigar a fundo.	stat:INT>=8	SQ_26_06	xp=4;flag:sq_26_helped=1;cityStability:Sandbones=1	SQ_26_06	fatigue=2;reputation=-1		Usar uma habilidade específica.	level>=2&skill:ELY_0032	SQ_26_07	xp=3;fatigue=1;reputation=1;item:ITEM_MINERAL=1	SQ_26_07	fatigue=2		STORY_sq_26	flag:sq_26_active	3
SQ_26_06	CHAIN	COMMON	ANY	Kethruun	Sandbones	5	1	10	O Sussurro das Ruínas — etapa 6	A consequência da etapa anterior se manifesta em Sandbones. O problema exige uma decisão mais cuidadosa; cada solução abre ou fecha possibilidades para os próximos passos.	Investigar a fundo.	stat:INT>=6	SQ_26_07	xp=4;flag:sq_26_helped=1	SQ_26_07	fatigue=2;reputation=-1	MON_0051	Agir rapidamente.	stat:FOR>=6	SQ_26_08	xp=3;fatigue=1;reputation=1;cityThreat:Sandbones=1	SQ_26_08	fatigue=2	MON_0056	STORY_sq_26	flag:sq_26_active	3
SQ_26_07	CHAIN	COMMON	ANY	Kethruun	Sandbones	5	1	10	O Sussurro das Ruínas — etapa 7	A consequência da etapa anterior se manifesta em Sandbones. O problema exige uma decisão mais cuidadosa; cada solução abre ou fecha possibilidades para os próximos passos.	Investigar a fundo.	stat:INT>=7	SQ_26_08	xp=4;flag:sq_26_helped=1	SQ_26_08	fatigue=2;reputation=-1		Agir rapidamente.	stat:FOR>=7	SQ_26_09	xp=3;fatigue=1;reputation=1	SQ_26_09	fatigue=2		STORY_sq_26	flag:sq_26_active	3
SQ_26_08	CHAIN	COMMON	ANY	Kethruun	Sandbones	5	1	10	O Sussurro das Ruínas — etapa 8	A consequência da etapa anterior se manifesta em Sandbones. O problema exige uma decisão mais cuidadosa; cada solução abre ou fecha possibilidades para os próximos passos.	Investigar a fundo.	stat:INT>=8	SQ_26_09	xp=5;flag:sq_26_helped=1	SQ_26_09	fatigue=2;reputation=-1		Agir rapidamente.	stat:FOR>=6	SQ_26_10	xp=3;fatigue=1;reputation=1	SQ_26_10	fatigue=2		STORY_sq_26	flag:sq_26_active	3
SQ_26_09	CHAIN	COMMON	ANY	Kethruun	Sandbones	5	1	10	O Sussurro das Ruínas — etapa 9	A consequência da etapa anterior se manifesta em Sandbones. O problema exige uma decisão mais cuidadosa; cada solução abre ou fecha possibilidades para os próximos passos.	Investigar a fundo.	stat:INT>=6	SQ_26_10	xp=5;flag:sq_26_helped=1;cityStability:Sandbones=1	SQ_26_10	fatigue=2;reputation=-1		Agir rapidamente.	stat:FOR>=7	SQ_26_11	xp=3;fatigue=1;reputation=1	SQ_26_11	fatigue=2		STORY_sq_26	flag:sq_26_active	3
SQ_26_10	CHAIN	COMMON	ANY	Kethruun	Sandbones	5	1	10	O Sussurro das Ruínas — etapa 10	A consequência da etapa anterior se manifesta em Sandbones. O problema exige uma decisão mais cuidadosa; cada solução abre ou fecha possibilidades para os próximos passos.	Investigar a fundo.	stat:INT>=7	SQ_26_11	xp=5;flag:sq_26_helped=1	SQ_26_11	fatigue=2;reputation=-1		Usar uma habilidade específica.	level>=2&skill:ELY_0037	SQ_26_12	xp=4;fatigue=1;reputation=1;cityThreat:Sandbones=1;item:ITEM_MINERAL=1	SQ_26_12	fatigue=2		STORY_sq_26	flag:sq_26_active	3
SQ_26_11	CHAIN	COMMON	ANY	Kethruun	Sandbones	5	1	10	O Sussurro das Ruínas — etapa 11	A consequência da etapa anterior se manifesta em Sandbones. O problema exige uma decisão mais cuidadosa; cada solução abre ou fecha possibilidades para os próximos passos.	Investigar a fundo.	stat:INT>=8	SQ_26_12	xp=5;flag:sq_26_helped=1	SQ_26_12	fatigue=2;reputation=-1		Agir rapidamente.	stat:FOR>=7	SQ_26_13	xp=4;fatigue=1;reputation=1	SQ_26_13	fatigue=2		STORY_sq_26	flag:sq_26_active	3
SQ_26_12	CHAIN	COMMON	ANY	Kethruun	Sandbones	5	1	10	O Sussurro das Ruínas — etapa 12	A consequência da etapa anterior se manifesta em Sandbones. O problema exige uma decisão mais cuidadosa; cada solução abre ou fecha possibilidades para os próximos passos.	Investigar a fundo.	stat:INT>=6	SQ_26_13	xp=6;flag:sq_26_helped=1	SQ_26_13	fatigue=2;reputation=-1	MON_0059	Agir rapidamente.	stat:FOR>=6	SQ_26_14	xp=4;fatigue=1;reputation=1	SQ_26_14	fatigue=2	MON_0066	STORY_sq_26	flag:sq_26_active	3
SQ_26_13	CHAIN	COMMON	ANY	Kethruun	Sandbones	5	1	10	O Sussurro das Ruínas — etapa 13	A consequência da etapa anterior se manifesta em Sandbones. O problema exige uma decisão mais cuidadosa; cada solução abre ou fecha possibilidades para os próximos passos.	Investigar a fundo.	stat:INT>=7	SQ_26_14	xp=6;flag:sq_26_helped=1;cityStability:Sandbones=1	SQ_26_14	fatigue=2;reputation=-1		Agir rapidamente.	stat:FOR>=7	SQ_26_15	xp=4;fatigue=1;reputation=1	SQ_26_15	fatigue=2		STORY_sq_26	flag:sq_26_active	3
SQ_26_14	CHAIN	COMMON	ANY	Kethruun	Sandbones	5	1	10	O Sussurro das Ruínas — etapa 14	A consequência da etapa anterior se manifesta em Sandbones. O problema exige uma decisão mais cuidadosa; cada solução abre ou fecha possibilidades para os próximos passos.	Investigar a fundo.	stat:INT>=8	SQ_26_15	xp=6;flag:sq_26_helped=1	SQ_26_15	fatigue=2;reputation=-1		Agir rapidamente.	stat:FOR>=6	SQ_26_16	xp=4;fatigue=1;reputation=1;cityThreat:Sandbones=1	SQ_26_16	fatigue=2		STORY_sq_26	flag:sq_26_active	3
SQ_26_15	CHAIN	COMMON	ANY	Kethruun	Sandbones	5	1	10	O Sussurro das Ruínas — etapa 15	A consequência da etapa anterior se manifesta em Sandbones. O problema exige uma decisão mais cuidadosa; cada solução abre ou fecha possibilidades para os próximos passos.	Investigar a fundo.	stat:INT>=6	SQ_26_16	xp=6;flag:sq_26_helped=1	SQ_26_16	fatigue=2;reputation=-1		Usar uma habilidade específica.	level>=2&skill:ELY_0042	SQ_26_17	xp=5;fatigue=1;reputation=1;item:ITEM_MINERAL=1	SQ_26_17	fatigue=2		STORY_sq_26	flag:sq_26_active	3
SQ_26_16	CHAIN	COMMON	ANY	Kethruun	Sandbones	5	1	10	O Sussurro das Ruínas — etapa 16	A consequência da etapa anterior se manifesta em Sandbones. O problema exige uma decisão mais cuidadosa; cada solução abre ou fecha possibilidades para os próximos passos.	Investigar a fundo.	stat:INT>=7	SQ_26_17	xp=7;flag:sq_26_helped=1	SQ_26_17	fatigue=2;reputation=-1		Agir rapidamente.	stat:FOR>=6	SQ_26_18	xp=5;fatigue=1;reputation=1	SQ_26_18	fatigue=2		STORY_sq_26	flag:sq_26_active	3
SQ_26_17	CHAIN	COMMON	ANY	Kethruun	Sandbones	5	1	10	O Sussurro das Ruínas — etapa 17	A consequência da etapa anterior se manifesta em Sandbones. O problema exige uma decisão mais cuidadosa; cada solução abre ou fecha possibilidades para os próximos passos.	Investigar a fundo.	stat:INT>=8	SQ_26_18	xp=7;flag:sq_26_helped=1;cityStability:Sandbones=1	SQ_26_18	fatigue=2;reputation=-1	MON_0072	Agir rapidamente.	stat:FOR>=7	SQ_26_19	xp=5;fatigue=1;reputation=1	SQ_26_19	fatigue=2	MON_0075	STORY_sq_26	flag:sq_26_active	3
SQ_26_18	CHAIN	COMMON	ANY	Kethruun	Sandbones	5	1	10	O Sussurro das Ruínas — etapa 18	A consequência da etapa anterior se manifesta em Sandbones. O problema exige uma decisão mais cuidadosa; cada solução abre ou fecha possibilidades para os próximos passos.	Investigar a fundo.	stat:INT>=6	SQ_26_19	xp=7;flag:sq_26_helped=1	SQ_26_19	fatigue=2;reputation=-1		Agir rapidamente.	stat:FOR>=6	SQ_26_20	xp=5;fatigue=1;reputation=1;cityThreat:Sandbones=1	SQ_26_20	fatigue=2		STORY_sq_26	flag:sq_26_active	3
SQ_26_19	CHAIN	COMMON	ANY	Kethruun	Sandbones	5	1	10	O Sussurro das Ruínas — etapa 19	A consequência da etapa anterior se manifesta em Sandbones. O problema exige uma decisão mais cuidadosa; cada solução abre ou fecha possibilidades para os próximos passos.	Investigar a fundo.	stat:INT>=7	SQ_26_20	xp=7;flag:sq_26_helped=1	SQ_26_20	fatigue=2;reputation=-1		Agir rapidamente.	stat:FOR>=7	SQ_26_20	xp=5;fatigue=1;reputation=1	SQ_26_20	fatigue=2		STORY_sq_26	flag:sq_26_active	3
SQ_26_20	CHAIN	COMMON	ANY	Kethruun	Sandbones	5	1	10	O Sussurro das Ruínas — legado	O caso termina, mas a região não esquece. Dependendo das decisões anteriores, uma nova oportunidade ou uma nova dificuldade ficará disponível futuramente.	Encerrar e seguir viagem.	NONE	END	xp=18;gold=18;unflag:sq_26_active;flag:sq_26_complete=1;cityStability:Sandbones=1	END	fatigue=2;reputation=-1		Manter os contatos.	flag:sq_26_helped	END	xp=24;gold=10;reputation=4;rel:NPC_MIRIEL=3;unflag:sq_26_active;flag:sq_26_complete=1;flag:sq_26_contact=1;cityEconomy:Sandbones=2	END	fatigue=2		STORY_sq_26	flag:sq_26_active	3
SQ_27_01	CHAIN	COMMON	ADVENTURER	Orinthal	Crystalia	5	1	10	O Bairro Silencioso — começo	O Bairro Silencioso: um problema aparentemente local se apresenta em Crystalia. Uma escolha agora poderá ecoar por muitos dias.	Aceitar investigar.	stat:PER>=6	SQ_27_02	flag:sq_27_started=1;flag:sq_27_active=1;xp=4	SQ_27_02	flag:sq_27_started=1;flag:sq_27_active=1;fatigue=1		Aceitar pela força da palavra.	stat:PRE>=6	SQ_27_03	flag:sq_27_started=1;flag:sq_27_active=1;reputation=1	SQ_27_03	flag:sq_27_started=1;flag:sq_27_active=1;fatigue=1		STORY_sq_27	!flag:sq_27_started&!flag:sq_27_complete	3
SQ_27_02	CHAIN	COMMON	ADVENTURER	Orinthal	Crystalia	5	1	10	O Bairro Silencioso — etapa 2	A consequência da etapa anterior se manifesta em Crystalia. O problema exige uma decisão mais cuidadosa; cada solução abre ou fecha possibilidades para os próximos passos.	Investigar a fundo.	stat:INT>=8	SQ_27_03	xp=3;flag:sq_27_helped=1	SQ_27_03	fatigue=2;reputation=-1		Agir rapidamente.	stat:FOR>=6	SQ_27_04	xp=2;fatigue=1;reputation=1;cityThreat:Crystalia=1	SQ_27_04	fatigue=2		STORY_sq_27	flag:sq_27_active	3
SQ_27_03	CHAIN	COMMON	ADVENTURER	Orinthal	Crystalia	5	1	10	O Bairro Silencioso — etapa 3	A consequência da etapa anterior se manifesta em Crystalia. O problema exige uma decisão mais cuidadosa; cada solução abre ou fecha possibilidades para os próximos passos.	Investigar a fundo.	stat:INT>=6	SQ_27_04	xp=3;flag:sq_27_helped=1	SQ_27_04	fatigue=2;reputation=-1		Agir rapidamente.	stat:FOR>=7	SQ_27_05	xp=2;fatigue=1;reputation=1	SQ_27_05	fatigue=2		STORY_sq_27	flag:sq_27_active	3
SQ_27_04	CHAIN	COMMON	ADVENTURER	Orinthal	Crystalia	5	1	10	O Bairro Silencioso — etapa 4	A consequência da etapa anterior se manifesta em Crystalia. O problema exige uma decisão mais cuidadosa; cada solução abre ou fecha possibilidades para os próximos passos.	Investigar a fundo.	stat:INT>=7	SQ_27_05	xp=4;flag:sq_27_helped=1	SQ_27_05	fatigue=2;reputation=-1		Agir rapidamente.	stat:FOR>=6	SQ_27_06	xp=2;fatigue=1;reputation=1	SQ_27_06	fatigue=2		STORY_sq_27	flag:sq_27_active	3
SQ_27_05	CHAIN	COMMON	ADVENTURER	Orinthal	Crystalia	5	1	10	O Bairro Silencioso — etapa 5	A consequência da etapa anterior se manifesta em Crystalia. O problema exige uma decisão mais cuidadosa; cada solução abre ou fecha possibilidades para os próximos passos.	Investigar a fundo.	stat:INT>=8	SQ_27_06	xp=4;flag:sq_27_helped=1;cityStability:Crystalia=1	SQ_27_06	fatigue=2;reputation=-1		Usar uma habilidade específica.	level>=2&skill:ELY_0033	SQ_27_07	xp=3;fatigue=1;reputation=1;item:ITEM_MINERAL=1	SQ_27_07	fatigue=2		STORY_sq_27	flag:sq_27_active	3
SQ_27_06	CHAIN	COMMON	ADVENTURER	Orinthal	Crystalia	5	1	10	O Bairro Silencioso — etapa 6	A consequência da etapa anterior se manifesta em Crystalia. O problema exige uma decisão mais cuidadosa; cada solução abre ou fecha possibilidades para os próximos passos.	Investigar a fundo.	stat:INT>=6	SQ_27_07	xp=4;flag:sq_27_helped=1	SQ_27_07	fatigue=2;reputation=-1	MON_0044	Agir rapidamente.	stat:FOR>=6	SQ_27_08	xp=3;fatigue=1;reputation=1;cityThreat:Crystalia=1	SQ_27_08	fatigue=2	MON_0049	STORY_sq_27	flag:sq_27_active	3
SQ_27_07	CHAIN	COMMON	ADVENTURER	Orinthal	Crystalia	5	1	10	O Bairro Silencioso — etapa 7	A consequência da etapa anterior se manifesta em Crystalia. O problema exige uma decisão mais cuidadosa; cada solução abre ou fecha possibilidades para os próximos passos.	Investigar a fundo.	stat:INT>=7	SQ_27_08	xp=4;flag:sq_27_helped=1	SQ_27_08	fatigue=2;reputation=-1		Agir rapidamente.	stat:FOR>=7	SQ_27_09	xp=3;fatigue=1;reputation=1	SQ_27_09	fatigue=2		STORY_sq_27	flag:sq_27_active	3
SQ_27_08	CHAIN	COMMON	ADVENTURER	Orinthal	Crystalia	5	1	10	O Bairro Silencioso — etapa 8	A consequência da etapa anterior se manifesta em Crystalia. O problema exige uma decisão mais cuidadosa; cada solução abre ou fecha possibilidades para os próximos passos.	Investigar a fundo.	stat:INT>=8	SQ_27_09	xp=5;flag:sq_27_helped=1	SQ_27_09	fatigue=2;reputation=-1		Agir rapidamente.	stat:FOR>=6	SQ_27_10	xp=3;fatigue=1;reputation=1	SQ_27_10	fatigue=2		STORY_sq_27	flag:sq_27_active	3
SQ_27_09	CHAIN	COMMON	ADVENTURER	Orinthal	Crystalia	5	1	10	O Bairro Silencioso — etapa 9	A consequência da etapa anterior se manifesta em Crystalia. O problema exige uma decisão mais cuidadosa; cada solução abre ou fecha possibilidades para os próximos passos.	Investigar a fundo.	stat:INT>=6	SQ_27_10	xp=5;flag:sq_27_helped=1;cityStability:Crystalia=1	SQ_27_10	fatigue=2;reputation=-1		Agir rapidamente.	stat:FOR>=7	SQ_27_11	xp=3;fatigue=1;reputation=1	SQ_27_11	fatigue=2		STORY_sq_27	flag:sq_27_active	3
SQ_27_10	CHAIN	COMMON	ADVENTURER	Orinthal	Crystalia	5	1	10	O Bairro Silencioso — etapa 10	A consequência da etapa anterior se manifesta em Crystalia. O problema exige uma decisão mais cuidadosa; cada solução abre ou fecha possibilidades para os próximos passos.	Investigar a fundo.	stat:INT>=7	SQ_27_11	xp=5;flag:sq_27_helped=1	SQ_27_11	fatigue=2;reputation=-1		Usar uma habilidade específica.	level>=2&skill:ELY_0038	SQ_27_12	xp=4;fatigue=1;reputation=1;cityThreat:Crystalia=1;item:ITEM_MINERAL=1	SQ_27_12	fatigue=2		STORY_sq_27	flag:sq_27_active	3
SQ_27_11	CHAIN	COMMON	ADVENTURER	Orinthal	Crystalia	5	1	10	O Bairro Silencioso — etapa 11	A consequência da etapa anterior se manifesta em Crystalia. O problema exige uma decisão mais cuidadosa; cada solução abre ou fecha possibilidades para os próximos passos.	Investigar a fundo.	stat:INT>=8	SQ_27_12	xp=5;flag:sq_27_helped=1	SQ_27_12	fatigue=2;reputation=-1		Agir rapidamente.	stat:FOR>=7	SQ_27_13	xp=4;fatigue=1;reputation=1	SQ_27_13	fatigue=2		STORY_sq_27	flag:sq_27_active	3
SQ_27_12	CHAIN	COMMON	ADVENTURER	Orinthal	Crystalia	5	1	10	O Bairro Silencioso — etapa 12	A consequência da etapa anterior se manifesta em Crystalia. O problema exige uma decisão mais cuidadosa; cada solução abre ou fecha possibilidades para os próximos passos.	Investigar a fundo.	stat:INT>=6	SQ_27_13	xp=6;flag:sq_27_helped=1	SQ_27_13	fatigue=2;reputation=-1	MON_0052	Agir rapidamente.	stat:FOR>=6	SQ_27_14	xp=4;fatigue=1;reputation=1	SQ_27_14	fatigue=2	MON_0057	STORY_sq_27	flag:sq_27_active	3
SQ_27_13	CHAIN	COMMON	ADVENTURER	Orinthal	Crystalia	5	1	10	O Bairro Silencioso — etapa 13	A consequência da etapa anterior se manifesta em Crystalia. O problema exige uma decisão mais cuidadosa; cada solução abre ou fecha possibilidades para os próximos passos.	Investigar a fundo.	stat:INT>=7	SQ_27_14	xp=6;flag:sq_27_helped=1;cityStability:Crystalia=1	SQ_27_14	fatigue=2;reputation=-1		Agir rapidamente.	stat:FOR>=7	SQ_27_15	xp=4;fatigue=1;reputation=1	SQ_27_15	fatigue=2		STORY_sq_27	flag:sq_27_active	3
SQ_27_14	CHAIN	COMMON	ADVENTURER	Orinthal	Crystalia	5	1	10	O Bairro Silencioso — etapa 14	A consequência da etapa anterior se manifesta em Crystalia. O problema exige uma decisão mais cuidadosa; cada solução abre ou fecha possibilidades para os próximos passos.	Investigar a fundo.	stat:INT>=8	SQ_27_15	xp=6;flag:sq_27_helped=1	SQ_27_15	fatigue=2;reputation=-1		Agir rapidamente.	stat:FOR>=6	SQ_27_16	xp=4;fatigue=1;reputation=1;cityThreat:Crystalia=1	SQ_27_16	fatigue=2		STORY_sq_27	flag:sq_27_active	3
SQ_27_15	CHAIN	COMMON	ADVENTURER	Orinthal	Crystalia	5	1	10	O Bairro Silencioso — etapa 15	A consequência da etapa anterior se manifesta em Crystalia. O problema exige uma decisão mais cuidadosa; cada solução abre ou fecha possibilidades para os próximos passos.	Investigar a fundo.	stat:INT>=6	SQ_27_16	xp=6;flag:sq_27_helped=1	SQ_27_16	fatigue=2;reputation=-1		Usar uma habilidade específica.	level>=2&skill:ELY_0043	SQ_27_17	xp=5;fatigue=1;reputation=1;item:ITEM_MINERAL=1	SQ_27_17	fatigue=2		STORY_sq_27	flag:sq_27_active	3
SQ_27_16	CHAIN	COMMON	ADVENTURER	Orinthal	Crystalia	5	1	10	O Bairro Silencioso — etapa 16	A consequência da etapa anterior se manifesta em Crystalia. O problema exige uma decisão mais cuidadosa; cada solução abre ou fecha possibilidades para os próximos passos.	Investigar a fundo.	stat:INT>=7	SQ_27_17	xp=7;flag:sq_27_helped=1	SQ_27_17	fatigue=2;reputation=-1		Agir rapidamente.	stat:FOR>=6	SQ_27_18	xp=5;fatigue=1;reputation=1	SQ_27_18	fatigue=2		STORY_sq_27	flag:sq_27_active	3
SQ_27_17	CHAIN	COMMON	ADVENTURER	Orinthal	Crystalia	5	1	10	O Bairro Silencioso — etapa 17	A consequência da etapa anterior se manifesta em Crystalia. O problema exige uma decisão mais cuidadosa; cada solução abre ou fecha possibilidades para os próximos passos.	Investigar a fundo.	stat:INT>=8	SQ_27_18	xp=7;flag:sq_27_helped=1;cityStability:Crystalia=1	SQ_27_18	fatigue=2;reputation=-1	MON_0059	Agir rapidamente.	stat:FOR>=7	SQ_27_19	xp=5;fatigue=1;reputation=1	SQ_27_19	fatigue=2	MON_0065	STORY_sq_27	flag:sq_27_active	3
SQ_27_18	CHAIN	COMMON	ADVENTURER	Orinthal	Crystalia	5	1	10	O Bairro Silencioso — etapa 18	A consequência da etapa anterior se manifesta em Crystalia. O problema exige uma decisão mais cuidadosa; cada solução abre ou fecha possibilidades para os próximos passos.	Investigar a fundo.	stat:INT>=6	SQ_27_19	xp=7;flag:sq_27_helped=1	SQ_27_19	fatigue=2;reputation=-1		Agir rapidamente.	stat:FOR>=6	SQ_27_20	xp=5;fatigue=1;reputation=1;cityThreat:Crystalia=1	SQ_27_20	fatigue=2		STORY_sq_27	flag:sq_27_active	3
SQ_27_19	CHAIN	COMMON	ADVENTURER	Orinthal	Crystalia	5	1	10	O Bairro Silencioso — etapa 19	A consequência da etapa anterior se manifesta em Crystalia. O problema exige uma decisão mais cuidadosa; cada solução abre ou fecha possibilidades para os próximos passos.	Investigar a fundo.	stat:INT>=7	SQ_27_20	xp=7;flag:sq_27_helped=1	SQ_27_20	fatigue=2;reputation=-1		Agir rapidamente.	stat:FOR>=7	SQ_27_20	xp=5;fatigue=1;reputation=1	SQ_27_20	fatigue=2		STORY_sq_27	flag:sq_27_active	3
SQ_27_20	CHAIN	COMMON	ADVENTURER	Orinthal	Crystalia	5	1	10	O Bairro Silencioso — legado	O caso termina, mas a região não esquece. Dependendo das decisões anteriores, uma nova oportunidade ou uma nova dificuldade ficará disponível futuramente.	Encerrar e seguir viagem.	NONE	END	xp=18;gold=18;unflag:sq_27_active;flag:sq_27_complete=1;cityStability:Crystalia=1	END	fatigue=2;reputation=-1		Manter os contatos.	flag:sq_27_helped	END	xp=24;gold=10;reputation=4;rel:NPC_MIRIEL=3;unflag:sq_27_active;flag:sq_27_complete=1;flag:sq_27_contact=1;cityEconomy:Crystalia=2	END	fatigue=2		STORY_sq_27	flag:sq_27_active	3
SQ_28_01	CHAIN	COMMON	VALARYN	Zarim	Fornalia	5	1	10	A Ponte Quebrada — começo	A Ponte Quebrada: um problema aparentemente local se apresenta em Fornalia. Uma escolha agora poderá ecoar por muitos dias.	Aceitar investigar.	stat:PER>=6	SQ_28_02	flag:sq_28_started=1;flag:sq_28_active=1;xp=4	SQ_28_02	flag:sq_28_started=1;flag:sq_28_active=1;fatigue=1		Aceitar pela força da palavra.	stat:PRE>=6	SQ_28_03	flag:sq_28_started=1;flag:sq_28_active=1;reputation=1	SQ_28_03	flag:sq_28_started=1;flag:sq_28_active=1;fatigue=1		STORY_sq_28	!flag:sq_28_started&!flag:sq_28_complete	3
SQ_28_02	CHAIN	COMMON	VALARYN	Zarim	Fornalia	5	1	10	A Ponte Quebrada — etapa 2	A consequência da etapa anterior se manifesta em Fornalia. O problema exige uma decisão mais cuidadosa; cada solução abre ou fecha possibilidades para os próximos passos.	Investigar a fundo.	stat:INT>=8	SQ_28_03	xp=3;flag:sq_28_helped=1	SQ_28_03	fatigue=2;reputation=-1		Agir rapidamente.	stat:FOR>=6	SQ_28_04	xp=2;fatigue=1;reputation=1;cityThreat:Fornalia=1	SQ_28_04	fatigue=2		STORY_sq_28	flag:sq_28_active	3
SQ_28_03	CHAIN	COMMON	VALARYN	Zarim	Fornalia	5	1	10	A Ponte Quebrada — etapa 3	A consequência da etapa anterior se manifesta em Fornalia. O problema exige uma decisão mais cuidadosa; cada solução abre ou fecha possibilidades para os próximos passos.	Investigar a fundo.	stat:INT>=6	SQ_28_04	xp=3;flag:sq_28_helped=1	SQ_28_04	fatigue=2;reputation=-1		Agir rapidamente.	stat:FOR>=7	SQ_28_05	xp=2;fatigue=1;reputation=1	SQ_28_05	fatigue=2		STORY_sq_28	flag:sq_28_active	3
SQ_28_04	CHAIN	COMMON	VALARYN	Zarim	Fornalia	5	1	10	A Ponte Quebrada — etapa 4	A consequência da etapa anterior se manifesta em Fornalia. O problema exige uma decisão mais cuidadosa; cada solução abre ou fecha possibilidades para os próximos passos.	Investigar a fundo.	stat:INT>=7	SQ_28_05	xp=4;flag:sq_28_helped=1	SQ_28_05	fatigue=2;reputation=-1		Agir rapidamente.	stat:FOR>=6	SQ_28_06	xp=2;fatigue=1;reputation=1	SQ_28_06	fatigue=2		STORY_sq_28	flag:sq_28_active	3
SQ_28_05	CHAIN	COMMON	VALARYN	Zarim	Fornalia	5	1	10	A Ponte Quebrada — etapa 5	A consequência da etapa anterior se manifesta em Fornalia. O problema exige uma decisão mais cuidadosa; cada solução abre ou fecha possibilidades para os próximos passos.	Investigar a fundo.	stat:INT>=8	SQ_28_06	xp=4;flag:sq_28_helped=1;cityStability:Fornalia=1	SQ_28_06	fatigue=2;reputation=-1		Usar uma habilidade específica.	level>=2&skill:ELY_0034	SQ_28_07	xp=3;fatigue=1;reputation=1;item:ITEM_MINERAL=1	SQ_28_07	fatigue=2		STORY_sq_28	flag:sq_28_active	3
SQ_28_06	CHAIN	COMMON	VALARYN	Zarim	Fornalia	5	1	10	A Ponte Quebrada — etapa 6	A consequência da etapa anterior se manifesta em Fornalia. O problema exige uma decisão mais cuidadosa; cada solução abre ou fecha possibilidades para os próximos passos.	Investigar a fundo.	stat:INT>=6	SQ_28_07	xp=4;flag:sq_28_helped=1	SQ_28_07	fatigue=2;reputation=-1	MON_0039	Agir rapidamente.	stat:FOR>=6	SQ_28_08	xp=3;fatigue=1;reputation=1;cityThreat:Fornalia=1	SQ_28_08	fatigue=2	MON_0043	STORY_sq_28	flag:sq_28_active	3
SQ_28_07	CHAIN	COMMON	VALARYN	Zarim	Fornalia	5	1	10	A Ponte Quebrada — etapa 7	A consequência da etapa anterior se manifesta em Fornalia. O problema exige uma decisão mais cuidadosa; cada solução abre ou fecha possibilidades para os próximos passos.	Investigar a fundo.	stat:INT>=7	SQ_28_08	xp=4;flag:sq_28_helped=1	SQ_28_08	fatigue=2;reputation=-1		Agir rapidamente.	stat:FOR>=7	SQ_28_09	xp=3;fatigue=1;reputation=1	SQ_28_09	fatigue=2		STORY_sq_28	flag:sq_28_active	3
SQ_28_08	CHAIN	COMMON	VALARYN	Zarim	Fornalia	5	1	10	A Ponte Quebrada — etapa 8	A consequência da etapa anterior se manifesta em Fornalia. O problema exige uma decisão mais cuidadosa; cada solução abre ou fecha possibilidades para os próximos passos.	Investigar a fundo.	stat:INT>=8	SQ_28_09	xp=5;flag:sq_28_helped=1	SQ_28_09	fatigue=2;reputation=-1		Agir rapidamente.	stat:FOR>=6	SQ_28_10	xp=3;fatigue=1;reputation=1	SQ_28_10	fatigue=2		STORY_sq_28	flag:sq_28_active	3
SQ_28_09	CHAIN	COMMON	VALARYN	Zarim	Fornalia	5	1	10	A Ponte Quebrada — etapa 9	A consequência da etapa anterior se manifesta em Fornalia. O problema exige uma decisão mais cuidadosa; cada solução abre ou fecha possibilidades para os próximos passos.	Investigar a fundo.	stat:INT>=6	SQ_28_10	xp=5;flag:sq_28_helped=1;cityStability:Fornalia=1	SQ_28_10	fatigue=2;reputation=-1		Agir rapidamente.	stat:FOR>=7	SQ_28_11	xp=3;fatigue=1;reputation=1	SQ_28_11	fatigue=2		STORY_sq_28	flag:sq_28_active	3
SQ_28_10	CHAIN	COMMON	VALARYN	Zarim	Fornalia	5	1	10	A Ponte Quebrada — etapa 10	A consequência da etapa anterior se manifesta em Fornalia. O problema exige uma decisão mais cuidadosa; cada solução abre ou fecha possibilidades para os próximos passos.	Investigar a fundo.	stat:INT>=7	SQ_28_11	xp=5;flag:sq_28_helped=1	SQ_28_11	fatigue=2;reputation=-1		Usar uma habilidade específica.	level>=2&skill:ELY_0039	SQ_28_12	xp=4;fatigue=1;reputation=1;cityThreat:Fornalia=1;item:ITEM_MINERAL=1	SQ_28_12	fatigue=2		STORY_sq_28	flag:sq_28_active	3
SQ_28_11	CHAIN	COMMON	VALARYN	Zarim	Fornalia	5	1	10	A Ponte Quebrada — etapa 11	A consequência da etapa anterior se manifesta em Fornalia. O problema exige uma decisão mais cuidadosa; cada solução abre ou fecha possibilidades para os próximos passos.	Investigar a fundo.	stat:INT>=8	SQ_28_12	xp=5;flag:sq_28_helped=1	SQ_28_12	fatigue=2;reputation=-1		Agir rapidamente.	stat:FOR>=7	SQ_28_13	xp=4;fatigue=1;reputation=1	SQ_28_13	fatigue=2		STORY_sq_28	flag:sq_28_active	3
SQ_28_12	CHAIN	COMMON	VALARYN	Zarim	Fornalia	5	1	10	A Ponte Quebrada — etapa 12	A consequência da etapa anterior se manifesta em Fornalia. O problema exige uma decisão mais cuidadosa; cada solução abre ou fecha possibilidades para os próximos passos.	Investigar a fundo.	stat:INT>=6	SQ_28_13	xp=6;flag:sq_28_helped=1	SQ_28_13	fatigue=2;reputation=-1	MON_0046	Agir rapidamente.	stat:FOR>=6	SQ_28_14	xp=4;fatigue=1;reputation=1	SQ_28_14	fatigue=2	MON_0050	STORY_sq_28	flag:sq_28_active	3
SQ_28_13	CHAIN	COMMON	VALARYN	Zarim	Fornalia	5	1	10	A Ponte Quebrada — etapa 13	A consequência da etapa anterior se manifesta em Fornalia. O problema exige uma decisão mais cuidadosa; cada solução abre ou fecha possibilidades para os próximos passos.	Investigar a fundo.	stat:INT>=7	SQ_28_14	xp=6;flag:sq_28_helped=1;cityStability:Fornalia=1	SQ_28_14	fatigue=2;reputation=-1		Agir rapidamente.	stat:FOR>=7	SQ_28_15	xp=4;fatigue=1;reputation=1	SQ_28_15	fatigue=2		STORY_sq_28	flag:sq_28_active	3
SQ_28_14	CHAIN	COMMON	VALARYN	Zarim	Fornalia	5	1	10	A Ponte Quebrada — etapa 14	A consequência da etapa anterior se manifesta em Fornalia. O problema exige uma decisão mais cuidadosa; cada solução abre ou fecha possibilidades para os próximos passos.	Investigar a fundo.	stat:INT>=8	SQ_28_15	xp=6;flag:sq_28_helped=1	SQ_28_15	fatigue=2;reputation=-1		Agir rapidamente.	stat:FOR>=6	SQ_28_16	xp=4;fatigue=1;reputation=1;cityThreat:Fornalia=1	SQ_28_16	fatigue=2		STORY_sq_28	flag:sq_28_active	3
SQ_28_15	CHAIN	COMMON	VALARYN	Zarim	Fornalia	5	1	10	A Ponte Quebrada — etapa 15	A consequência da etapa anterior se manifesta em Fornalia. O problema exige uma decisão mais cuidadosa; cada solução abre ou fecha possibilidades para os próximos passos.	Investigar a fundo.	stat:INT>=6	SQ_28_16	xp=6;flag:sq_28_helped=1	SQ_28_16	fatigue=2;reputation=-1		Usar uma habilidade específica.	level>=2&skill:ELY_0044	SQ_28_17	xp=5;fatigue=1;reputation=1;item:ITEM_MINERAL=1	SQ_28_17	fatigue=2		STORY_sq_28	flag:sq_28_active	3
SQ_28_16	CHAIN	COMMON	VALARYN	Zarim	Fornalia	5	1	10	A Ponte Quebrada — etapa 16	A consequência da etapa anterior se manifesta em Fornalia. O problema exige uma decisão mais cuidadosa; cada solução abre ou fecha possibilidades para os próximos passos.	Investigar a fundo.	stat:INT>=7	SQ_28_17	xp=7;flag:sq_28_helped=1	SQ_28_17	fatigue=2;reputation=-1		Agir rapidamente.	stat:FOR>=6	SQ_28_18	xp=5;fatigue=1;reputation=1	SQ_28_18	fatigue=2		STORY_sq_28	flag:sq_28_active	3
SQ_28_17	CHAIN	COMMON	VALARYN	Zarim	Fornalia	5	1	10	A Ponte Quebrada — etapa 17	A consequência da etapa anterior se manifesta em Fornalia. O problema exige uma decisão mais cuidadosa; cada solução abre ou fecha possibilidades para os próximos passos.	Investigar a fundo.	stat:INT>=8	SQ_28_18	xp=7;flag:sq_28_helped=1;cityStability:Fornalia=1	SQ_28_18	fatigue=2;reputation=-1	MON_0052	Agir rapidamente.	stat:FOR>=7	SQ_28_19	xp=5;fatigue=1;reputation=1	SQ_28_19	fatigue=2	MON_0057	STORY_sq_28	flag:sq_28_active	3
SQ_28_18	CHAIN	COMMON	VALARYN	Zarim	Fornalia	5	1	10	A Ponte Quebrada — etapa 18	A consequência da etapa anterior se manifesta em Fornalia. O problema exige uma decisão mais cuidadosa; cada solução abre ou fecha possibilidades para os próximos passos.	Investigar a fundo.	stat:INT>=6	SQ_28_19	xp=7;flag:sq_28_helped=1	SQ_28_19	fatigue=2;reputation=-1		Agir rapidamente.	stat:FOR>=6	SQ_28_20	xp=5;fatigue=1;reputation=1;cityThreat:Fornalia=1	SQ_28_20	fatigue=2		STORY_sq_28	flag:sq_28_active	3
SQ_28_19	CHAIN	COMMON	VALARYN	Zarim	Fornalia	5	1	10	A Ponte Quebrada — etapa 19	A consequência da etapa anterior se manifesta em Fornalia. O problema exige uma decisão mais cuidadosa; cada solução abre ou fecha possibilidades para os próximos passos.	Investigar a fundo.	stat:INT>=7	SQ_28_20	xp=7;flag:sq_28_helped=1	SQ_28_20	fatigue=2;reputation=-1		Agir rapidamente.	stat:FOR>=7	SQ_28_20	xp=5;fatigue=1;reputation=1	SQ_28_20	fatigue=2		STORY_sq_28	flag:sq_28_active	3
SQ_28_20	CHAIN	COMMON	VALARYN	Zarim	Fornalia	5	1	10	A Ponte Quebrada — legado	O caso termina, mas a região não esquece. Dependendo das decisões anteriores, uma nova oportunidade ou uma nova dificuldade ficará disponível futuramente.	Encerrar e seguir viagem.	NONE	END	xp=18;gold=18;unflag:sq_28_active;flag:sq_28_complete=1;cityStability:Fornalia=1	END	fatigue=2;reputation=-1		Manter os contatos.	flag:sq_28_helped	END	xp=24;gold=10;reputation=4;rel:NPC_MIRIEL=3;unflag:sq_28_active;flag:sq_28_complete=1;flag:sq_28_contact=1;cityEconomy:Fornalia=2	END	fatigue=2		STORY_sq_28	flag:sq_28_active	3
SQ_29_01	CHAIN	COMMON	INDEPENDENT	Lyrien	Aerocivitus	5	1	10	O Comboio Perdido — começo	O Comboio Perdido: um problema aparentemente local se apresenta em Aerocivitus. Uma escolha agora poderá ecoar por muitos dias.	Aceitar investigar.	stat:PER>=6	SQ_29_02	flag:sq_29_started=1;flag:sq_29_active=1;xp=4	SQ_29_02	flag:sq_29_started=1;flag:sq_29_active=1;fatigue=1		Aceitar pela força da palavra.	stat:PRE>=6	SQ_29_03	flag:sq_29_started=1;flag:sq_29_active=1;reputation=1	SQ_29_03	flag:sq_29_started=1;flag:sq_29_active=1;fatigue=1		STORY_sq_29	!flag:sq_29_started&!flag:sq_29_complete	3
SQ_29_02	CHAIN	COMMON	INDEPENDENT	Lyrien	Aerocivitus	5	1	10	O Comboio Perdido — etapa 2	A consequência da etapa anterior se manifesta em Aerocivitus. O problema exige uma decisão mais cuidadosa; cada solução abre ou fecha possibilidades para os próximos passos.	Investigar a fundo.	stat:INT>=8	SQ_29_03	xp=3;flag:sq_29_helped=1	SQ_29_03	fatigue=2;reputation=-1		Agir rapidamente.	stat:FOR>=6	SQ_29_04	xp=2;fatigue=1;reputation=1;cityThreat:Aerocivitus=1	SQ_29_04	fatigue=2		STORY_sq_29	flag:sq_29_active	3
SQ_29_03	CHAIN	COMMON	INDEPENDENT	Lyrien	Aerocivitus	5	1	10	O Comboio Perdido — etapa 3	A consequência da etapa anterior se manifesta em Aerocivitus. O problema exige uma decisão mais cuidadosa; cada solução abre ou fecha possibilidades para os próximos passos.	Investigar a fundo.	stat:INT>=6	SQ_29_04	xp=3;flag:sq_29_helped=1	SQ_29_04	fatigue=2;reputation=-1		Agir rapidamente.	stat:FOR>=7	SQ_29_05	xp=2;fatigue=1;reputation=1	SQ_29_05	fatigue=2		STORY_sq_29	flag:sq_29_active	3
SQ_29_04	CHAIN	COMMON	INDEPENDENT	Lyrien	Aerocivitus	5	1	10	O Comboio Perdido — etapa 4	A consequência da etapa anterior se manifesta em Aerocivitus. O problema exige uma decisão mais cuidadosa; cada solução abre ou fecha possibilidades para os próximos passos.	Investigar a fundo.	stat:INT>=7	SQ_29_05	xp=4;flag:sq_29_helped=1	SQ_29_05	fatigue=2;reputation=-1		Agir rapidamente.	stat:FOR>=6	SQ_29_06	xp=2;fatigue=1;reputation=1	SQ_29_06	fatigue=2		STORY_sq_29	flag:sq_29_active	3
SQ_29_05	CHAIN	COMMON	INDEPENDENT	Lyrien	Aerocivitus	5	1	10	O Comboio Perdido — etapa 5	A consequência da etapa anterior se manifesta em Aerocivitus. O problema exige uma decisão mais cuidadosa; cada solução abre ou fecha possibilidades para os próximos passos.	Investigar a fundo.	stat:INT>=8	SQ_29_06	xp=4;flag:sq_29_helped=1;cityStability:Aerocivitus=1	SQ_29_06	fatigue=2;reputation=-1		Usar uma habilidade específica.	level>=2&skill:ELY_0035	SQ_29_07	xp=3;fatigue=1;reputation=1;item:ITEM_MINERAL=1	SQ_29_07	fatigue=2		STORY_sq_29	flag:sq_29_active	3
SQ_29_06	CHAIN	COMMON	INDEPENDENT	Lyrien	Aerocivitus	5	1	10	O Comboio Perdido — etapa 6	A consequência da etapa anterior se manifesta em Aerocivitus. O problema exige uma decisão mais cuidadosa; cada solução abre ou fecha possibilidades para os próximos passos.	Investigar a fundo.	stat:INT>=6	SQ_29_07	xp=4;flag:sq_29_helped=1	SQ_29_07	fatigue=2;reputation=-1	MON_0036	Agir rapidamente.	stat:FOR>=6	SQ_29_08	xp=3;fatigue=1;reputation=1;cityThreat:Aerocivitus=1	SQ_29_08	fatigue=2	MON_0039	STORY_sq_29	flag:sq_29_active	3
SQ_29_07	CHAIN	COMMON	INDEPENDENT	Lyrien	Aerocivitus	5	1	10	O Comboio Perdido — etapa 7	A consequência da etapa anterior se manifesta em Aerocivitus. O problema exige uma decisão mais cuidadosa; cada solução abre ou fecha possibilidades para os próximos passos.	Investigar a fundo.	stat:INT>=7	SQ_29_08	xp=4;flag:sq_29_helped=1	SQ_29_08	fatigue=2;reputation=-1		Agir rapidamente.	stat:FOR>=7	SQ_29_09	xp=3;fatigue=1;reputation=1	SQ_29_09	fatigue=2		STORY_sq_29	flag:sq_29_active	3
SQ_29_08	CHAIN	COMMON	INDEPENDENT	Lyrien	Aerocivitus	5	1	10	O Comboio Perdido — etapa 8	A consequência da etapa anterior se manifesta em Aerocivitus. O problema exige uma decisão mais cuidadosa; cada solução abre ou fecha possibilidades para os próximos passos.	Investigar a fundo.	stat:INT>=8	SQ_29_09	xp=5;flag:sq_29_helped=1	SQ_29_09	fatigue=2;reputation=-1		Agir rapidamente.	stat:FOR>=6	SQ_29_10	xp=3;fatigue=1;reputation=1	SQ_29_10	fatigue=2		STORY_sq_29	flag:sq_29_active	3
SQ_29_09	CHAIN	COMMON	INDEPENDENT	Lyrien	Aerocivitus	5	1	10	O Comboio Perdido — etapa 9	A consequência da etapa anterior se manifesta em Aerocivitus. O problema exige uma decisão mais cuidadosa; cada solução abre ou fecha possibilidades para os próximos passos.	Investigar a fundo.	stat:INT>=6	SQ_29_10	xp=5;flag:sq_29_helped=1;cityStability:Aerocivitus=1	SQ_29_10	fatigue=2;reputation=-1		Agir rapidamente.	stat:FOR>=7	SQ_29_11	xp=3;fatigue=1;reputation=1	SQ_29_11	fatigue=2		STORY_sq_29	flag:sq_29_active	3
SQ_29_10	CHAIN	COMMON	INDEPENDENT	Lyrien	Aerocivitus	5	1	10	O Comboio Perdido — etapa 10	A consequência da etapa anterior se manifesta em Aerocivitus. O problema exige uma decisão mais cuidadosa; cada solução abre ou fecha possibilidades para os próximos passos.	Investigar a fundo.	stat:INT>=7	SQ_29_11	xp=5;flag:sq_29_helped=1	SQ_29_11	fatigue=2;reputation=-1		Usar uma habilidade específica.	level>=2&skill:ELY_0040	SQ_29_12	xp=4;fatigue=1;reputation=1;cityThreat:Aerocivitus=1;item:ITEM_MINERAL=1	SQ_29_12	fatigue=2		STORY_sq_29	flag:sq_29_active	3
SQ_29_11	CHAIN	COMMON	INDEPENDENT	Lyrien	Aerocivitus	5	1	10	O Comboio Perdido — etapa 11	A consequência da etapa anterior se manifesta em Aerocivitus. O problema exige uma decisão mais cuidadosa; cada solução abre ou fecha possibilidades para os próximos passos.	Investigar a fundo.	stat:INT>=8	SQ_29_12	xp=5;flag:sq_29_helped=1	SQ_29_12	fatigue=2;reputation=-1		Agir rapidamente.	stat:FOR>=7	SQ_29_13	xp=4;fatigue=1;reputation=1	SQ_29_13	fatigue=2		STORY_sq_29	flag:sq_29_active	3
SQ_29_12	CHAIN	COMMON	INDEPENDENT	Lyrien	Aerocivitus	5	1	10	O Comboio Perdido — etapa 12	A consequência da etapa anterior se manifesta em Aerocivitus. O problema exige uma decisão mais cuidadosa; cada solução abre ou fecha possibilidades para os próximos passos.	Investigar a fundo.	stat:INT>=6	SQ_29_13	xp=6;flag:sq_29_helped=1	SQ_29_13	fatigue=2;reputation=-1	MON_0042	Agir rapidamente.	stat:FOR>=6	SQ_29_14	xp=4;fatigue=1;reputation=1	SQ_29_14	fatigue=2	MON_0045	STORY_sq_29	flag:sq_29_active	3
SQ_29_13	CHAIN	COMMON	INDEPENDENT	Lyrien	Aerocivitus	5	1	10	O Comboio Perdido — etapa 13	A consequência da etapa anterior se manifesta em Aerocivitus. O problema exige uma decisão mais cuidadosa; cada solução abre ou fecha possibilidades para os próximos passos.	Investigar a fundo.	stat:INT>=7	SQ_29_14	xp=6;flag:sq_29_helped=1;cityStability:Aerocivitus=1	SQ_29_14	fatigue=2;reputation=-1		Agir rapidamente.	stat:FOR>=7	SQ_29_15	xp=4;fatigue=1;reputation=1	SQ_29_15	fatigue=2		STORY_sq_29	flag:sq_29_active	3
SQ_29_14	CHAIN	COMMON	INDEPENDENT	Lyrien	Aerocivitus	5	1	10	O Comboio Perdido — etapa 14	A consequência da etapa anterior se manifesta em Aerocivitus. O problema exige uma decisão mais cuidadosa; cada solução abre ou fecha possibilidades para os próximos passos.	Investigar a fundo.	stat:INT>=8	SQ_29_15	xp=6;flag:sq_29_helped=1	SQ_29_15	fatigue=2;reputation=-1		Agir rapidamente.	stat:FOR>=6	SQ_29_16	xp=4;fatigue=1;reputation=1;cityThreat:Aerocivitus=1	SQ_29_16	fatigue=2		STORY_sq_29	flag:sq_29_active	3
SQ_29_15	CHAIN	COMMON	INDEPENDENT	Lyrien	Aerocivitus	5	1	10	O Comboio Perdido — etapa 15	A consequência da etapa anterior se manifesta em Aerocivitus. O problema exige uma decisão mais cuidadosa; cada solução abre ou fecha possibilidades para os próximos passos.	Investigar a fundo.	stat:INT>=6	SQ_29_16	xp=6;flag:sq_29_helped=1	SQ_29_16	fatigue=2;reputation=-1		Usar uma habilidade específica.	level>=2&skill:ELY_0045	SQ_29_17	xp=5;fatigue=1;reputation=1;item:ITEM_MINERAL=1	SQ_29_17	fatigue=2		STORY_sq_29	flag:sq_29_active	3
SQ_29_16	CHAIN	COMMON	INDEPENDENT	Lyrien	Aerocivitus	5	1	10	O Comboio Perdido — etapa 16	A consequência da etapa anterior se manifesta em Aerocivitus. O problema exige uma decisão mais cuidadosa; cada solução abre ou fecha possibilidades para os próximos passos.	Investigar a fundo.	stat:INT>=7	SQ_29_17	xp=7;flag:sq_29_helped=1	SQ_29_17	fatigue=2;reputation=-1		Agir rapidamente.	stat:FOR>=6	SQ_29_18	xp=5;fatigue=1;reputation=1	SQ_29_18	fatigue=2		STORY_sq_29	flag:sq_29_active	3
SQ_29_17	CHAIN	COMMON	INDEPENDENT	Lyrien	Aerocivitus	5	1	10	O Comboio Perdido — etapa 17	A consequência da etapa anterior se manifesta em Aerocivitus. O problema exige uma decisão mais cuidadosa; cada solução abre ou fecha possibilidades para os próximos passos.	Investigar a fundo.	stat:INT>=8	SQ_29_18	xp=7;flag:sq_29_helped=1;cityStability:Aerocivitus=1	SQ_29_18	fatigue=2;reputation=-1	MON_0047	Agir rapidamente.	stat:FOR>=7	SQ_29_19	xp=5;fatigue=1;reputation=1	SQ_29_19	fatigue=2	MON_0050	STORY_sq_29	flag:sq_29_active	3
SQ_29_18	CHAIN	COMMON	INDEPENDENT	Lyrien	Aerocivitus	5	1	10	O Comboio Perdido — etapa 18	A consequência da etapa anterior se manifesta em Aerocivitus. O problema exige uma decisão mais cuidadosa; cada solução abre ou fecha possibilidades para os próximos passos.	Investigar a fundo.	stat:INT>=6	SQ_29_19	xp=7;flag:sq_29_helped=1	SQ_29_19	fatigue=2;reputation=-1		Agir rapidamente.	stat:FOR>=6	SQ_29_20	xp=5;fatigue=1;reputation=1;cityThreat:Aerocivitus=1	SQ_29_20	fatigue=2		STORY_sq_29	flag:sq_29_active	3
SQ_29_19	CHAIN	COMMON	INDEPENDENT	Lyrien	Aerocivitus	5	1	10	O Comboio Perdido — etapa 19	A consequência da etapa anterior se manifesta em Aerocivitus. O problema exige uma decisão mais cuidadosa; cada solução abre ou fecha possibilidades para os próximos passos.	Investigar a fundo.	stat:INT>=7	SQ_29_20	xp=7;flag:sq_29_helped=1	SQ_29_20	fatigue=2;reputation=-1		Agir rapidamente.	stat:FOR>=7	SQ_29_20	xp=5;fatigue=1;reputation=1	SQ_29_20	fatigue=2		STORY_sq_29	flag:sq_29_active	3
SQ_29_20	CHAIN	COMMON	INDEPENDENT	Lyrien	Aerocivitus	5	1	10	O Comboio Perdido — legado	O caso termina, mas a região não esquece. Dependendo das decisões anteriores, uma nova oportunidade ou uma nova dificuldade ficará disponível futuramente.	Encerrar e seguir viagem.	NONE	END	xp=18;gold=18;unflag:sq_29_active;flag:sq_29_complete=1;cityStability:Aerocivitus=1	END	fatigue=2;reputation=-1		Manter os contatos.	flag:sq_29_helped	END	xp=24;gold=10;reputation=4;rel:NPC_MIRIEL=3;unflag:sq_29_active;flag:sq_29_complete=1;flag:sq_29_contact=1;cityEconomy:Aerocivitus=2	END	fatigue=2		STORY_sq_29	flag:sq_29_active	3
SQ_30_01	CHAIN	RARE	ANY	Myrthos	Sem nome definido	6	1	10	A Torre Sem Porta — começo	A Torre Sem Porta: um problema aparentemente local se apresenta em Sem nome definido. Uma escolha agora poderá ecoar por muitos dias.	Aceitar investigar.	stat:PER>=6	SQ_30_02	flag:sq_30_started=1;flag:sq_30_active=1;xp=4	SQ_30_02	flag:sq_30_started=1;flag:sq_30_active=1;fatigue=1		Aceitar pela força da palavra.	stat:PRE>=6	SQ_30_03	flag:sq_30_started=1;flag:sq_30_active=1;reputation=1	SQ_30_03	flag:sq_30_started=1;flag:sq_30_active=1;fatigue=1		STORY_sq_30	!flag:sq_30_started&!flag:sq_30_complete	3
SQ_30_02	CHAIN	RARE	ANY	Myrthos	Sem nome definido	6	1	10	A Torre Sem Porta — etapa 2	A consequência da etapa anterior se manifesta em Sem nome definido. O problema exige uma decisão mais cuidadosa; cada solução abre ou fecha possibilidades para os próximos passos.	Investigar a fundo.	stat:INT>=8	SQ_30_03	xp=3;flag:sq_30_helped=1	SQ_30_03	fatigue=2;reputation=-1		Agir rapidamente.	stat:FOR>=6	SQ_30_04	xp=2;fatigue=1;reputation=1;cityThreat:Sem nome definido=1	SQ_30_04	fatigue=2		STORY_sq_30	flag:sq_30_active	3
SQ_30_03	CHAIN	RARE	ANY	Myrthos	Sem nome definido	6	1	10	A Torre Sem Porta — etapa 3	A consequência da etapa anterior se manifesta em Sem nome definido. O problema exige uma decisão mais cuidadosa; cada solução abre ou fecha possibilidades para os próximos passos.	Investigar a fundo.	stat:INT>=6	SQ_30_04	xp=3;flag:sq_30_helped=1	SQ_30_04	fatigue=2;reputation=-1		Agir rapidamente.	stat:FOR>=7	SQ_30_05	xp=2;fatigue=1;reputation=1	SQ_30_05	fatigue=2		STORY_sq_30	flag:sq_30_active	3
SQ_30_04	CHAIN	RARE	ANY	Myrthos	Sem nome definido	6	1	10	A Torre Sem Porta — etapa 4	A consequência da etapa anterior se manifesta em Sem nome definido. O problema exige uma decisão mais cuidadosa; cada solução abre ou fecha possibilidades para os próximos passos.	Investigar a fundo.	stat:INT>=7	SQ_30_05	xp=4;flag:sq_30_helped=1	SQ_30_05	fatigue=2;reputation=-1		Agir rapidamente.	stat:FOR>=6	SQ_30_06	xp=2;fatigue=1;reputation=1	SQ_30_06	fatigue=2		STORY_sq_30	flag:sq_30_active	3
SQ_30_05	CHAIN	RARE	ANY	Myrthos	Sem nome definido	6	1	10	A Torre Sem Porta — etapa 5	A consequência da etapa anterior se manifesta em Sem nome definido. O problema exige uma decisão mais cuidadosa; cada solução abre ou fecha possibilidades para os próximos passos.	Investigar a fundo.	stat:INT>=8	SQ_30_06	xp=4;flag:sq_30_helped=1;cityStability:Sem nome definido=1	SQ_30_06	fatigue=2;reputation=-1		Usar uma habilidade específica.	level>=2&skill:ELY_0036	SQ_30_07	xp=3;fatigue=1;reputation=1;item:ITEM_MINERAL=1	SQ_30_07	fatigue=2		STORY_sq_30	flag:sq_30_active	3
SQ_30_06	CHAIN	RARE	ANY	Myrthos	Sem nome definido	6	1	10	A Torre Sem Porta — etapa 6	A consequência da etapa anterior se manifesta em Sem nome definido. O problema exige uma decisão mais cuidadosa; cada solução abre ou fecha possibilidades para os próximos passos.	Investigar a fundo.	stat:INT>=6	SQ_30_07	xp=4;flag:sq_30_helped=1	SQ_30_07	fatigue=2;reputation=-1	MON_0113	Agir rapidamente.	stat:FOR>=6	SQ_30_08	xp=3;fatigue=1;reputation=1;cityThreat:Sem nome definido=1	SQ_30_08	fatigue=2	MON_0128	STORY_sq_30	flag:sq_30_active	3
SQ_30_07	CHAIN	RARE	ANY	Myrthos	Sem nome definido	6	1	10	A Torre Sem Porta — etapa 7	A consequência da etapa anterior se manifesta em Sem nome definido. O problema exige uma decisão mais cuidadosa; cada solução abre ou fecha possibilidades para os próximos passos.	Investigar a fundo.	stat:INT>=7	SQ_30_08	xp=4;flag:sq_30_helped=1	SQ_30_08	fatigue=2;reputation=-1		Agir rapidamente.	stat:FOR>=7	SQ_30_09	xp=3;fatigue=1;reputation=1	SQ_30_09	fatigue=2		STORY_sq_30	flag:sq_30_active	3
SQ_30_08	CHAIN	RARE	ANY	Myrthos	Sem nome definido	6	1	10	A Torre Sem Porta — etapa 8	A consequência da etapa anterior se manifesta em Sem nome definido. O problema exige uma decisão mais cuidadosa; cada solução abre ou fecha possibilidades para os próximos passos.	Investigar a fundo.	stat:INT>=8	SQ_30_09	xp=5;flag:sq_30_helped=1	SQ_30_09	fatigue=2;reputation=-1		Agir rapidamente.	stat:FOR>=6	SQ_30_10	xp=3;fatigue=1;reputation=1	SQ_30_10	fatigue=2		STORY_sq_30	flag:sq_30_active	3
SQ_30_09	CHAIN	RARE	ANY	Myrthos	Sem nome definido	6	1	10	A Torre Sem Porta — etapa 9	A consequência da etapa anterior se manifesta em Sem nome definido. O problema exige uma decisão mais cuidadosa; cada solução abre ou fecha possibilidades para os próximos passos.	Investigar a fundo.	stat:INT>=6	SQ_30_10	xp=5;flag:sq_30_helped=1;cityStability:Sem nome definido=1	SQ_30_10	fatigue=2;reputation=-1		Agir rapidamente.	stat:FOR>=7	SQ_30_11	xp=3;fatigue=1;reputation=1	SQ_30_11	fatigue=2		STORY_sq_30	flag:sq_30_active	3
SQ_30_10	CHAIN	RARE	ANY	Myrthos	Sem nome definido	6	1	10	A Torre Sem Porta — etapa 10	A consequência da etapa anterior se manifesta em Sem nome definido. O problema exige uma decisão mais cuidadosa; cada solução abre ou fecha possibilidades para os próximos passos.	Investigar a fundo.	stat:INT>=7	SQ_30_11	xp=5;flag:sq_30_helped=1	SQ_30_11	fatigue=2;reputation=-1		Usar uma habilidade específica.	level>=2&skill:ELY_0041	SQ_30_12	xp=4;fatigue=1;reputation=1;cityThreat:Sem nome definido=1;item:ITEM_MINERAL=1	SQ_30_12	fatigue=2		STORY_sq_30	flag:sq_30_active	3
SQ_30_11	CHAIN	RARE	ANY	Myrthos	Sem nome definido	6	1	10	A Torre Sem Porta — etapa 11	A consequência da etapa anterior se manifesta em Sem nome definido. O problema exige uma decisão mais cuidadosa; cada solução abre ou fecha possibilidades para os próximos passos.	Investigar a fundo.	stat:INT>=8	SQ_30_12	xp=5;flag:sq_30_helped=1	SQ_30_12	fatigue=2;reputation=-1		Agir rapidamente.	stat:FOR>=7	SQ_30_13	xp=4;fatigue=1;reputation=1	SQ_30_13	fatigue=2		STORY_sq_30	flag:sq_30_active	3
SQ_30_12	CHAIN	RARE	ANY	Myrthos	Sem nome definido	6	1	10	A Torre Sem Porta — etapa 12	A consequência da etapa anterior se manifesta em Sem nome definido. O problema exige uma decisão mais cuidadosa; cada solução abre ou fecha possibilidades para os próximos passos.	Investigar a fundo.	stat:INT>=6	SQ_30_13	xp=6;flag:sq_30_helped=1	SQ_30_13	fatigue=2;reputation=-1	MON_0137	Agir rapidamente.	stat:FOR>=6	SQ_30_14	xp=4;fatigue=1;reputation=1	SQ_30_14	fatigue=2	MON_0152	STORY_sq_30	flag:sq_30_active	3
SQ_30_13	CHAIN	RARE	ANY	Myrthos	Sem nome definido	6	1	10	A Torre Sem Porta — etapa 13	A consequência da etapa anterior se manifesta em Sem nome definido. O problema exige uma decisão mais cuidadosa; cada solução abre ou fecha possibilidades para os próximos passos.	Investigar a fundo.	stat:INT>=7	SQ_30_14	xp=6;flag:sq_30_helped=1;cityStability:Sem nome definido=1	SQ_30_14	fatigue=2;reputation=-1		Agir rapidamente.	stat:FOR>=7	SQ_30_15	xp=4;fatigue=1;reputation=1	SQ_30_15	fatigue=2		STORY_sq_30	flag:sq_30_active	3
SQ_30_14	CHAIN	RARE	ANY	Myrthos	Sem nome definido	6	1	10	A Torre Sem Porta — etapa 14	A consequência da etapa anterior se manifesta em Sem nome definido. O problema exige uma decisão mais cuidadosa; cada solução abre ou fecha possibilidades para os próximos passos.	Investigar a fundo.	stat:INT>=8	SQ_30_15	xp=6;flag:sq_30_helped=1	SQ_30_15	fatigue=2;reputation=-1		Agir rapidamente.	stat:FOR>=6	SQ_30_16	xp=4;fatigue=1;reputation=1;cityThreat:Sem nome definido=1	SQ_30_16	fatigue=2		STORY_sq_30	flag:sq_30_active	3
SQ_30_15	CHAIN	RARE	ANY	Myrthos	Sem nome definido	6	1	10	A Torre Sem Porta — etapa 15	A consequência da etapa anterior se manifesta em Sem nome definido. O problema exige uma decisão mais cuidadosa; cada solução abre ou fecha possibilidades para os próximos passos.	Investigar a fundo.	stat:INT>=6	SQ_30_16	xp=6;flag:sq_30_helped=1	SQ_30_16	fatigue=2;reputation=-1		Usar uma habilidade específica.	level>=2&skill:ELY_0046	SQ_30_17	xp=5;fatigue=1;reputation=1;item:ITEM_MINERAL=1	SQ_30_17	fatigue=2		STORY_sq_30	flag:sq_30_active	3
SQ_30_16	CHAIN	RARE	ANY	Myrthos	Sem nome definido	6	1	10	A Torre Sem Porta — etapa 16	A consequência da etapa anterior se manifesta em Sem nome definido. O problema exige uma decisão mais cuidadosa; cada solução abre ou fecha possibilidades para os próximos passos.	Investigar a fundo.	stat:INT>=7	SQ_30_17	xp=7;flag:sq_30_helped=1	SQ_30_17	fatigue=2;reputation=-1		Agir rapidamente.	stat:FOR>=6	SQ_30_18	xp=5;fatigue=1;reputation=1	SQ_30_18	fatigue=2		STORY_sq_30	flag:sq_30_active	3
SQ_30_17	CHAIN	RARE	ANY	Myrthos	Sem nome definido	6	1	10	A Torre Sem Porta — etapa 17	A consequência da etapa anterior se manifesta em Sem nome definido. O problema exige uma decisão mais cuidadosa; cada solução abre ou fecha possibilidades para os próximos passos.	Investigar a fundo.	stat:INT>=8	SQ_30_18	xp=7;flag:sq_30_helped=1;cityStability:Sem nome definido=1	SQ_30_18	fatigue=2;reputation=-1	MON_0160	Agir rapidamente.	stat:FOR>=7	SQ_30_19	xp=5;fatigue=1;reputation=1	SQ_30_19	fatigue=2	MON_0169	STORY_sq_30	flag:sq_30_active	3
SQ_30_18	CHAIN	RARE	ANY	Myrthos	Sem nome definido	6	1	10	A Torre Sem Porta — etapa 18	A consequência da etapa anterior se manifesta em Sem nome definido. O problema exige uma decisão mais cuidadosa; cada solução abre ou fecha possibilidades para os próximos passos.	Investigar a fundo.	stat:INT>=6	SQ_30_19	xp=7;flag:sq_30_helped=1	SQ_30_19	fatigue=2;reputation=-1		Agir rapidamente.	stat:FOR>=6	SQ_30_20	xp=5;fatigue=1;reputation=1;cityThreat:Sem nome definido=1	SQ_30_20	fatigue=2		STORY_sq_30	flag:sq_30_active	3
SQ_30_19	CHAIN	RARE	ANY	Myrthos	Sem nome definido	6	1	10	A Torre Sem Porta — etapa 19	A consequência da etapa anterior se manifesta em Sem nome definido. O problema exige uma decisão mais cuidadosa; cada solução abre ou fecha possibilidades para os próximos passos.	Investigar a fundo.	stat:INT>=7	SQ_30_20	xp=7;flag:sq_30_helped=1	SQ_30_20	fatigue=2;reputation=-1		Agir rapidamente.	stat:FOR>=7	SQ_30_20	xp=5;fatigue=1;reputation=1	SQ_30_20	fatigue=2		STORY_sq_30	flag:sq_30_active	3
SQ_30_20	CHAIN	RARE	ANY	Myrthos	Sem nome definido	6	1	10	A Torre Sem Porta — legado	O caso termina, mas a região não esquece. Dependendo das decisões anteriores, uma nova oportunidade ou uma nova dificuldade ficará disponível futuramente.	Encerrar e seguir viagem.	NONE	END	xp=18;gold=18;unflag:sq_30_active;flag:sq_30_complete=1;cityStability:Sem nome definido=1	END	fatigue=2;reputation=-1		Manter os contatos.	flag:sq_30_helped	END	xp=24;gold=10;reputation=4;rel:NPC_MIRIEL=3;unflag:sq_30_active;flag:sq_30_complete=1;flag:sq_30_contact=1;cityEconomy:Sem nome definido=2	END	fatigue=2		STORY_sq_30	flag:sq_30_active	3
ELYTH_01_01	ELYTH	RARE	VALARYN	Aeloria	Valdora	2	1	5	Elyth Pyron — despertar da individualidade	Sua natureza Pyron reage a uma situação em Valdora. Um exercício espontâneo revela que sua manifestação pessoal pode seguir um caminho que outros da mesma natureza não possuem.	Treinar a manifestação com disciplina.	stat:VON>=7	ELYTH_01_02	flag:elyth_1_started=1;flag:elyth_1_active=1;xp=6	ELYTH_01_02	flag:elyth_1_started=1;flag:elyth_1_active=1;fatigue=1		Forçar a manifestação.	stat:FOR>=7	ELYTH_01_03	flag:elyth_1_started=1;flag:elyth_1_active=1;fatigue=2;xp=4	ELYTH_01_03	flag:elyth_1_started=1;flag:elyth_1_active=1;fatigue=1		NATURE_Pyron	nature:Pyron&!flag:elyth_1_started	8
ELYTH_01_02	ELYTH	RARE	VALARYN	Aeloria	Valdora	2	1	5	Elyth Pyron — individualidade 2	Uma situação prática coloca sua natureza Pyron à prova. A resposta que você escolhe define como a manifestação será aperfeiçoada.	Repetir o fundamento e refinar o controle.	stat:VON>=6	ELYTH_01_03	xp=7;flag:elyth_1_refined=1	ELYTH_01_03	fatigue=1		Adaptar a técnica ao ambiente.	stat:PER>=7	ELYTH_01_03	xp=6;reputation=1	ELYTH_01_03	fatigue=1		NATURE_Pyron	nature:Pyron&flag:elyth_1_active	8
ELYTH_01_03	ELYTH	RARE	VALARYN	Aeloria	Valdora	2	1	5	Elyth Pyron — individualidade 3	Uma situação prática coloca sua natureza Pyron à prova. A resposta que você escolhe define como a manifestação será aperfeiçoada.	Repetir o fundamento e refinar o controle.	stat:VON>=6	ELYTH_01_04	xp=8;flag:elyth_1_refined=1	ELYTH_01_04	fatigue=1		Adaptar a técnica ao ambiente.	stat:PER>=7	ELYTH_01_04	xp=7;reputation=1	ELYTH_01_04	fatigue=1		NATURE_Pyron	nature:Pyron&flag:elyth_1_active	8
ELYTH_01_04	ELYTH	RARE	VALARYN	Aeloria	Valdora	3	1	5	Elyth Pyron — individualidade 4	Uma situação prática coloca sua natureza Pyron à prova. A resposta que você escolhe define como a manifestação será aperfeiçoada.	Repetir o fundamento e refinar o controle.	stat:VON>=6&skill:ELY_0003	ELYTH_01_05	xp=9;flag:elyth_1_refined=1	ELYTH_01_05	fatigue=1		Adaptar a técnica ao ambiente.	stat:PER>=7	ELYTH_01_05	xp=8;reputation=1	ELYTH_01_05	fatigue=1		NATURE_Pyron	nature:Pyron&flag:elyth_1_active	8
ELYTH_01_05	ELYTH	RARE	VALARYN	Aeloria	Valdora	3	1	5	Elyth Pyron — individualidade 5	Uma situação prática coloca sua natureza Pyron à prova. A resposta que você escolhe define como a manifestação será aperfeiçoada.	Repetir o fundamento e refinar o controle.	stat:VON>=6&skill:ELY_0004	ELYTH_01_06	xp=10;flag:elyth_1_refined=1	ELYTH_01_06	fatigue=1		Adaptar a técnica ao ambiente.	stat:PER>=7	ELYTH_01_06	xp=9;reputation=1	ELYTH_01_06	fatigue=1		NATURE_Pyron	nature:Pyron&flag:elyth_1_active	8
ELYTH_01_06	ELYTH	RARE	VALARYN	Aeloria	Valdora	4	1	5	Elyth Pyron — individualidade 6	Uma situação prática coloca sua natureza Pyron à prova. A resposta que você escolhe define como a manifestação será aperfeiçoada.	Repetir o fundamento e refinar o controle.	stat:VON>=6&skill:ELY_0005	ELYTH_01_07	xp=11;flag:elyth_1_refined=1	ELYTH_01_07	fatigue=1		Adaptar a técnica ao ambiente.	stat:PER>=7	ELYTH_01_07	xp=10;reputation=1	ELYTH_01_07	fatigue=1		NATURE_Pyron	nature:Pyron&flag:elyth_1_active	8
ELYTH_01_07	ELYTH	RARE	VALARYN	Aeloria	Valdora	4	1	5	Elyth Pyron — individualidade 7	Uma situação prática coloca sua natureza Pyron à prova. A resposta que você escolhe define como a manifestação será aperfeiçoada.	Repetir o fundamento e refinar o controle.	stat:VON>=6&skill:ELY_0006	ELYTH_01_08	xp=12;flag:elyth_1_refined=1	ELYTH_01_08	fatigue=1		Adaptar a técnica ao ambiente.	stat:PER>=7	ELYTH_01_08	xp=11;reputation=1	ELYTH_01_08	fatigue=1		NATURE_Pyron	nature:Pyron&flag:elyth_1_active	8
ELYTH_01_08	ELYTH	RARE	VALARYN	Aeloria	Valdora	5	1	5	Elyth Pyron — individualidade 8	Uma situação prática coloca sua natureza Pyron à prova. A resposta que você escolhe define como a manifestação será aperfeiçoada.	Repetir o fundamento e refinar o controle.	stat:VON>=6&skill:ELY_0007	ELYTH_01_09	xp=13;flag:elyth_1_refined=1	ELYTH_01_09	fatigue=1		Adaptar a técnica ao ambiente.	stat:PER>=7	ELYTH_01_09	xp=12;reputation=1	ELYTH_01_09	fatigue=1		NATURE_Pyron	nature:Pyron&flag:elyth_1_active	8
ELYTH_01_09	ELYTH	RARE	VALARYN	Aeloria	Valdora	5	1	5	Elyth Pyron — individualidade 9	Uma situação prática coloca sua natureza Pyron à prova. A resposta que você escolhe define como a manifestação será aperfeiçoada.	Repetir o fundamento e refinar o controle.	stat:VON>=6&skill:ELY_0008	ELYTH_01_10	xp=14;flag:elyth_1_refined=1	ELYTH_01_10	fatigue=1		Adaptar a técnica ao ambiente.	stat:PER>=7	ELYTH_01_10	xp=13;reputation=1	ELYTH_01_10	fatigue=1		NATURE_Pyron	nature:Pyron&flag:elyth_1_active	8
ELYTH_01_10	ELYTH	RARE	VALARYN	Aeloria	Valdora	6	1	5	Elyth Pyron — técnica consolidada	Você encerra o ciclo de treinamento com uma noção mais clara da própria individualidade. A técnica pode permanecer como lembrança permanente da sua trajetória.	Consolidar a técnica.	NONE	END	xp=20;flag:elyth_1_complete=1;unflag:elyth_1_active	END	fatigue=1		Experimentar uma variação arriscada.	stat:TEC>=8	END	xp=26;fatigue=3;flag:elyth_1_complete=1;unflag:elyth_1_active	END	fatigue=1		NATURE_Pyron	nature:Pyron&flag:elyth_1_active	8
ELYTH_02_01	ELYTH	RARE	ANY	Tharun	Stone-Âmbar	2	1	5	Elyth Hydron — despertar da individualidade	Sua natureza Hydron reage a uma situação em Stone-Âmbar. Um exercício espontâneo revela que sua manifestação pessoal pode seguir um caminho que outros da mesma natureza não possuem.	Treinar a manifestação com disciplina.	stat:VON>=7	ELYTH_02_02	flag:elyth_2_started=1;flag:elyth_2_active=1;xp=6	ELYTH_02_02	flag:elyth_2_started=1;flag:elyth_2_active=1;fatigue=1		Forçar a manifestação.	stat:FOR>=7	ELYTH_02_03	flag:elyth_2_started=1;flag:elyth_2_active=1;fatigue=2;xp=4	ELYTH_02_03	flag:elyth_2_started=1;flag:elyth_2_active=1;fatigue=1		NATURE_Hydron	nature:Hydron&!flag:elyth_2_started	8
ELYTH_02_02	ELYTH	RARE	ANY	Tharun	Stone-Âmbar	2	1	5	Elyth Hydron — individualidade 2	Uma situação prática coloca sua natureza Hydron à prova. A resposta que você escolhe define como a manifestação será aperfeiçoada.	Repetir o fundamento e refinar o controle.	stat:VON>=6	ELYTH_02_03	xp=7;flag:elyth_2_refined=1	ELYTH_02_03	fatigue=1		Adaptar a técnica ao ambiente.	stat:PER>=7	ELYTH_02_03	xp=6;reputation=1	ELYTH_02_03	fatigue=1		NATURE_Hydron	nature:Hydron&flag:elyth_2_active	8
ELYTH_02_03	ELYTH	RARE	ANY	Tharun	Stone-Âmbar	2	1	5	Elyth Hydron — individualidade 3	Uma situação prática coloca sua natureza Hydron à prova. A resposta que você escolhe define como a manifestação será aperfeiçoada.	Repetir o fundamento e refinar o controle.	stat:VON>=6	ELYTH_02_04	xp=8;flag:elyth_2_refined=1	ELYTH_02_04	fatigue=1		Adaptar a técnica ao ambiente.	stat:PER>=7	ELYTH_02_04	xp=7;reputation=1	ELYTH_02_04	fatigue=1		NATURE_Hydron	nature:Hydron&flag:elyth_2_active	8
ELYTH_02_04	ELYTH	RARE	ANY	Tharun	Stone-Âmbar	3	1	5	Elyth Hydron — individualidade 4	Uma situação prática coloca sua natureza Hydron à prova. A resposta que você escolhe define como a manifestação será aperfeiçoada.	Repetir o fundamento e refinar o controle.	stat:VON>=6&skill:ELY_0023	ELYTH_02_05	xp=9;flag:elyth_2_refined=1	ELYTH_02_05	fatigue=1		Adaptar a técnica ao ambiente.	stat:PER>=7	ELYTH_02_05	xp=8;reputation=1	ELYTH_02_05	fatigue=1		NATURE_Hydron	nature:Hydron&flag:elyth_2_active	8
ELYTH_02_05	ELYTH	RARE	ANY	Tharun	Stone-Âmbar	3	1	5	Elyth Hydron — individualidade 5	Uma situação prática coloca sua natureza Hydron à prova. A resposta que você escolhe define como a manifestação será aperfeiçoada.	Repetir o fundamento e refinar o controle.	stat:VON>=6&skill:ELY_0024	ELYTH_02_06	xp=10;flag:elyth_2_refined=1	ELYTH_02_06	fatigue=1		Adaptar a técnica ao ambiente.	stat:PER>=7	ELYTH_02_06	xp=9;reputation=1	ELYTH_02_06	fatigue=1		NATURE_Hydron	nature:Hydron&flag:elyth_2_active	8
ELYTH_02_06	ELYTH	RARE	ANY	Tharun	Stone-Âmbar	4	1	5	Elyth Hydron — individualidade 6	Uma situação prática coloca sua natureza Hydron à prova. A resposta que você escolhe define como a manifestação será aperfeiçoada.	Repetir o fundamento e refinar o controle.	stat:VON>=6&skill:ELY_0025	ELYTH_02_07	xp=11;flag:elyth_2_refined=1	ELYTH_02_07	fatigue=1		Adaptar a técnica ao ambiente.	stat:PER>=7	ELYTH_02_07	xp=10;reputation=1	ELYTH_02_07	fatigue=1		NATURE_Hydron	nature:Hydron&flag:elyth_2_active	8
ELYTH_02_07	ELYTH	RARE	ANY	Tharun	Stone-Âmbar	4	1	5	Elyth Hydron — individualidade 7	Uma situação prática coloca sua natureza Hydron à prova. A resposta que você escolhe define como a manifestação será aperfeiçoada.	Repetir o fundamento e refinar o controle.	stat:VON>=6&skill:ELY_0026	ELYTH_02_08	xp=12;flag:elyth_2_refined=1	ELYTH_02_08	fatigue=1		Adaptar a técnica ao ambiente.	stat:PER>=7	ELYTH_02_08	xp=11;reputation=1	ELYTH_02_08	fatigue=1		NATURE_Hydron	nature:Hydron&flag:elyth_2_active	8
ELYTH_02_08	ELYTH	RARE	ANY	Tharun	Stone-Âmbar	5	1	5	Elyth Hydron — individualidade 8	Uma situação prática coloca sua natureza Hydron à prova. A resposta que você escolhe define como a manifestação será aperfeiçoada.	Repetir o fundamento e refinar o controle.	stat:VON>=6&skill:ELY_0027	ELYTH_02_09	xp=13;flag:elyth_2_refined=1	ELYTH_02_09	fatigue=1		Adaptar a técnica ao ambiente.	stat:PER>=7	ELYTH_02_09	xp=12;reputation=1	ELYTH_02_09	fatigue=1		NATURE_Hydron	nature:Hydron&flag:elyth_2_active	8
ELYTH_02_09	ELYTH	RARE	ANY	Tharun	Stone-Âmbar	5	1	5	Elyth Hydron — individualidade 9	Uma situação prática coloca sua natureza Hydron à prova. A resposta que você escolhe define como a manifestação será aperfeiçoada.	Repetir o fundamento e refinar o controle.	stat:VON>=6&skill:ELY_0028	ELYTH_02_10	xp=14;flag:elyth_2_refined=1	ELYTH_02_10	fatigue=1		Adaptar a técnica ao ambiente.	stat:PER>=7	ELYTH_02_10	xp=13;reputation=1	ELYTH_02_10	fatigue=1		NATURE_Hydron	nature:Hydron&flag:elyth_2_active	8
ELYTH_02_10	ELYTH	RARE	ANY	Tharun	Stone-Âmbar	6	1	5	Elyth Hydron — técnica consolidada	Você encerra o ciclo de treinamento com uma noção mais clara da própria individualidade. A técnica pode permanecer como lembrança permanente da sua trajetória.	Consolidar a técnica.	NONE	END	xp=20;flag:elyth_2_complete=1;unflag:elyth_2_active	END	fatigue=1		Experimentar uma variação arriscada.	stat:TEC>=8	END	xp=26;fatigue=3;flag:elyth_2_complete=1;unflag:elyth_2_active	END	fatigue=1		NATURE_Hydron	nature:Hydron&flag:elyth_2_active	8
ELYTH_03_01	ELYTH	RARE	ANY	Nyssara	Emerald Tide	2	1	5	Elyth Sylvan — despertar da individualidade	Sua natureza Sylvan reage a uma situação em Emerald Tide. Um exercício espontâneo revela que sua manifestação pessoal pode seguir um caminho que outros da mesma natureza não possuem.	Treinar a manifestação com disciplina.	stat:VON>=7	ELYTH_03_02	flag:elyth_3_started=1;flag:elyth_3_active=1;xp=6	ELYTH_03_02	flag:elyth_3_started=1;flag:elyth_3_active=1;fatigue=1		Forçar a manifestação.	stat:FOR>=7	ELYTH_03_03	flag:elyth_3_started=1;flag:elyth_3_active=1;fatigue=2;xp=4	ELYTH_03_03	flag:elyth_3_started=1;flag:elyth_3_active=1;fatigue=1		NATURE_Sylvan	nature:Sylvan&!flag:elyth_3_started	8
ELYTH_03_02	ELYTH	RARE	ANY	Nyssara	Emerald Tide	2	1	5	Elyth Sylvan — individualidade 2	Uma situação prática coloca sua natureza Sylvan à prova. A resposta que você escolhe define como a manifestação será aperfeiçoada.	Repetir o fundamento e refinar o controle.	stat:VON>=6	ELYTH_03_03	xp=7;flag:elyth_3_refined=1	ELYTH_03_03	fatigue=1		Adaptar a técnica ao ambiente.	stat:PER>=7	ELYTH_03_03	xp=6;reputation=1	ELYTH_03_03	fatigue=1		NATURE_Sylvan	nature:Sylvan&flag:elyth_3_active	8
ELYTH_03_03	ELYTH	RARE	ANY	Nyssara	Emerald Tide	2	1	5	Elyth Sylvan — individualidade 3	Uma situação prática coloca sua natureza Sylvan à prova. A resposta que você escolhe define como a manifestação será aperfeiçoada.	Repetir o fundamento e refinar o controle.	stat:VON>=6	ELYTH_03_04	xp=8;flag:elyth_3_refined=1	ELYTH_03_04	fatigue=1		Adaptar a técnica ao ambiente.	stat:PER>=7	ELYTH_03_04	xp=7;reputation=1	ELYTH_03_04	fatigue=1		NATURE_Sylvan	nature:Sylvan&flag:elyth_3_active	8
ELYTH_03_04	ELYTH	RARE	ANY	Nyssara	Emerald Tide	3	1	5	Elyth Sylvan — individualidade 4	Uma situação prática coloca sua natureza Sylvan à prova. A resposta que você escolhe define como a manifestação será aperfeiçoada.	Repetir o fundamento e refinar o controle.	stat:VON>=6&skill:ELY_0043	ELYTH_03_05	xp=9;flag:elyth_3_refined=1	ELYTH_03_05	fatigue=1		Adaptar a técnica ao ambiente.	stat:PER>=7	ELYTH_03_05	xp=8;reputation=1	ELYTH_03_05	fatigue=1		NATURE_Sylvan	nature:Sylvan&flag:elyth_3_active	8
ELYTH_03_05	ELYTH	RARE	ANY	Nyssara	Emerald Tide	3	1	5	Elyth Sylvan — individualidade 5	Uma situação prática coloca sua natureza Sylvan à prova. A resposta que você escolhe define como a manifestação será aperfeiçoada.	Repetir o fundamento e refinar o controle.	stat:VON>=6&skill:ELY_0044	ELYTH_03_06	xp=10;flag:elyth_3_refined=1	ELYTH_03_06	fatigue=1		Adaptar a técnica ao ambiente.	stat:PER>=7	ELYTH_03_06	xp=9;reputation=1	ELYTH_03_06	fatigue=1		NATURE_Sylvan	nature:Sylvan&flag:elyth_3_active	8
ELYTH_03_06	ELYTH	RARE	ANY	Nyssara	Emerald Tide	4	1	5	Elyth Sylvan — individualidade 6	Uma situação prática coloca sua natureza Sylvan à prova. A resposta que você escolhe define como a manifestação será aperfeiçoada.	Repetir o fundamento e refinar o controle.	stat:VON>=6&skill:ELY_0045	ELYTH_03_07	xp=11;flag:elyth_3_refined=1	ELYTH_03_07	fatigue=1		Adaptar a técnica ao ambiente.	stat:PER>=7	ELYTH_03_07	xp=10;reputation=1	ELYTH_03_07	fatigue=1		NATURE_Sylvan	nature:Sylvan&flag:elyth_3_active	8
ELYTH_03_07	ELYTH	RARE	ANY	Nyssara	Emerald Tide	4	1	5	Elyth Sylvan — individualidade 7	Uma situação prática coloca sua natureza Sylvan à prova. A resposta que você escolhe define como a manifestação será aperfeiçoada.	Repetir o fundamento e refinar o controle.	stat:VON>=6&skill:ELY_0046	ELYTH_03_08	xp=12;flag:elyth_3_refined=1	ELYTH_03_08	fatigue=1		Adaptar a técnica ao ambiente.	stat:PER>=7	ELYTH_03_08	xp=11;reputation=1	ELYTH_03_08	fatigue=1		NATURE_Sylvan	nature:Sylvan&flag:elyth_3_active	8
ELYTH_03_08	ELYTH	RARE	ANY	Nyssara	Emerald Tide	5	1	5	Elyth Sylvan — individualidade 8	Uma situação prática coloca sua natureza Sylvan à prova. A resposta que você escolhe define como a manifestação será aperfeiçoada.	Repetir o fundamento e refinar o controle.	stat:VON>=6&skill:ELY_0047	ELYTH_03_09	xp=13;flag:elyth_3_refined=1	ELYTH_03_09	fatigue=1		Adaptar a técnica ao ambiente.	stat:PER>=7	ELYTH_03_09	xp=12;reputation=1	ELYTH_03_09	fatigue=1		NATURE_Sylvan	nature:Sylvan&flag:elyth_3_active	8
ELYTH_03_09	ELYTH	RARE	ANY	Nyssara	Emerald Tide	5	1	5	Elyth Sylvan — individualidade 9	Uma situação prática coloca sua natureza Sylvan à prova. A resposta que você escolhe define como a manifestação será aperfeiçoada.	Repetir o fundamento e refinar o controle.	stat:VON>=6&skill:ELY_0048	ELYTH_03_10	xp=14;flag:elyth_3_refined=1	ELYTH_03_10	fatigue=1		Adaptar a técnica ao ambiente.	stat:PER>=7	ELYTH_03_10	xp=13;reputation=1	ELYTH_03_10	fatigue=1		NATURE_Sylvan	nature:Sylvan&flag:elyth_3_active	8
ELYTH_03_10	ELYTH	RARE	ANY	Nyssara	Emerald Tide	6	1	5	Elyth Sylvan — técnica consolidada	Você encerra o ciclo de treinamento com uma noção mais clara da própria individualidade. A técnica pode permanecer como lembrança permanente da sua trajetória.	Consolidar a técnica.	NONE	END	xp=20;flag:elyth_3_complete=1;unflag:elyth_3_active	END	fatigue=1		Experimentar uma variação arriscada.	stat:TEC>=8	END	xp=26;fatigue=3;flag:elyth_3_complete=1;unflag:elyth_3_active	END	fatigue=1		NATURE_Sylvan	nature:Sylvan&flag:elyth_3_active	8
ELYTH_04_01	ELYTH	RARE	ANY	Valkyrion	Volmeria	2	1	5	Elyth Terran — despertar da individualidade	Sua natureza Terran reage a uma situação em Volmeria. Um exercício espontâneo revela que sua manifestação pessoal pode seguir um caminho que outros da mesma natureza não possuem.	Treinar a manifestação com disciplina.	stat:VON>=7	ELYTH_04_02	flag:elyth_4_started=1;flag:elyth_4_active=1;xp=6	ELYTH_04_02	flag:elyth_4_started=1;flag:elyth_4_active=1;fatigue=1		Forçar a manifestação.	stat:FOR>=7	ELYTH_04_03	flag:elyth_4_started=1;flag:elyth_4_active=1;fatigue=2;xp=4	ELYTH_04_03	flag:elyth_4_started=1;flag:elyth_4_active=1;fatigue=1		NATURE_Terran	nature:Terran&!flag:elyth_4_started	8
ELYTH_04_02	ELYTH	RARE	ANY	Valkyrion	Volmeria	2	1	5	Elyth Terran — individualidade 2	Uma situação prática coloca sua natureza Terran à prova. A resposta que você escolhe define como a manifestação será aperfeiçoada.	Repetir o fundamento e refinar o controle.	stat:VON>=6	ELYTH_04_03	xp=7;flag:elyth_4_refined=1	ELYTH_04_03	fatigue=1		Adaptar a técnica ao ambiente.	stat:PER>=7	ELYTH_04_03	xp=6;reputation=1	ELYTH_04_03	fatigue=1		NATURE_Terran	nature:Terran&flag:elyth_4_active	8
ELYTH_04_03	ELYTH	RARE	ANY	Valkyrion	Volmeria	2	1	5	Elyth Terran — individualidade 3	Uma situação prática coloca sua natureza Terran à prova. A resposta que você escolhe define como a manifestação será aperfeiçoada.	Repetir o fundamento e refinar o controle.	stat:VON>=6	ELYTH_04_04	xp=8;flag:elyth_4_refined=1	ELYTH_04_04	fatigue=1		Adaptar a técnica ao ambiente.	stat:PER>=7	ELYTH_04_04	xp=7;reputation=1	ELYTH_04_04	fatigue=1		NATURE_Terran	nature:Terran&flag:elyth_4_active	8
ELYTH_04_04	ELYTH	RARE	ANY	Valkyrion	Volmeria	3	1	5	Elyth Terran — individualidade 4	Uma situação prática coloca sua natureza Terran à prova. A resposta que você escolhe define como a manifestação será aperfeiçoada.	Repetir o fundamento e refinar o controle.	stat:VON>=6&skill:ELY_0063	ELYTH_04_05	xp=9;flag:elyth_4_refined=1	ELYTH_04_05	fatigue=1		Adaptar a técnica ao ambiente.	stat:PER>=7	ELYTH_04_05	xp=8;reputation=1	ELYTH_04_05	fatigue=1		NATURE_Terran	nature:Terran&flag:elyth_4_active	8
ELYTH_04_05	ELYTH	RARE	ANY	Valkyrion	Volmeria	3	1	5	Elyth Terran — individualidade 5	Uma situação prática coloca sua natureza Terran à prova. A resposta que você escolhe define como a manifestação será aperfeiçoada.	Repetir o fundamento e refinar o controle.	stat:VON>=6&skill:ELY_0064	ELYTH_04_06	xp=10;flag:elyth_4_refined=1	ELYTH_04_06	fatigue=1		Adaptar a técnica ao ambiente.	stat:PER>=7	ELYTH_04_06	xp=9;reputation=1	ELYTH_04_06	fatigue=1		NATURE_Terran	nature:Terran&flag:elyth_4_active	8
ELYTH_04_06	ELYTH	RARE	ANY	Valkyrion	Volmeria	4	1	5	Elyth Terran — individualidade 6	Uma situação prática coloca sua natureza Terran à prova. A resposta que você escolhe define como a manifestação será aperfeiçoada.	Repetir o fundamento e refinar o controle.	stat:VON>=6&skill:ELY_0065	ELYTH_04_07	xp=11;flag:elyth_4_refined=1	ELYTH_04_07	fatigue=1		Adaptar a técnica ao ambiente.	stat:PER>=7	ELYTH_04_07	xp=10;reputation=1	ELYTH_04_07	fatigue=1		NATURE_Terran	nature:Terran&flag:elyth_4_active	8
ELYTH_04_07	ELYTH	RARE	ANY	Valkyrion	Volmeria	4	1	5	Elyth Terran — individualidade 7	Uma situação prática coloca sua natureza Terran à prova. A resposta que você escolhe define como a manifestação será aperfeiçoada.	Repetir o fundamento e refinar o controle.	stat:VON>=6&skill:ELY_0066	ELYTH_04_08	xp=12;flag:elyth_4_refined=1	ELYTH_04_08	fatigue=1		Adaptar a técnica ao ambiente.	stat:PER>=7	ELYTH_04_08	xp=11;reputation=1	ELYTH_04_08	fatigue=1		NATURE_Terran	nature:Terran&flag:elyth_4_active	8
ELYTH_04_08	ELYTH	RARE	ANY	Valkyrion	Volmeria	5	1	5	Elyth Terran — individualidade 8	Uma situação prática coloca sua natureza Terran à prova. A resposta que você escolhe define como a manifestação será aperfeiçoada.	Repetir o fundamento e refinar o controle.	stat:VON>=6&skill:ELY_0067	ELYTH_04_09	xp=13;flag:elyth_4_refined=1	ELYTH_04_09	fatigue=1		Adaptar a técnica ao ambiente.	stat:PER>=7	ELYTH_04_09	xp=12;reputation=1	ELYTH_04_09	fatigue=1		NATURE_Terran	nature:Terran&flag:elyth_4_active	8
ELYTH_04_09	ELYTH	RARE	ANY	Valkyrion	Volmeria	5	1	5	Elyth Terran — individualidade 9	Uma situação prática coloca sua natureza Terran à prova. A resposta que você escolhe define como a manifestação será aperfeiçoada.	Repetir o fundamento e refinar o controle.	stat:VON>=6&skill:ELY_0068	ELYTH_04_10	xp=14;flag:elyth_4_refined=1	ELYTH_04_10	fatigue=1		Adaptar a técnica ao ambiente.	stat:PER>=7	ELYTH_04_10	xp=13;reputation=1	ELYTH_04_10	fatigue=1		NATURE_Terran	nature:Terran&flag:elyth_4_active	8
ELYTH_04_10	ELYTH	RARE	ANY	Valkyrion	Volmeria	6	1	5	Elyth Terran — técnica consolidada	Você encerra o ciclo de treinamento com uma noção mais clara da própria individualidade. A técnica pode permanecer como lembrança permanente da sua trajetória.	Consolidar a técnica.	NONE	END	xp=20;flag:elyth_4_complete=1;unflag:elyth_4_active	END	fatigue=1		Experimentar uma variação arriscada.	stat:TEC>=8	END	xp=26;fatigue=3;flag:elyth_4_complete=1;unflag:elyth_4_active	END	fatigue=1		NATURE_Terran	nature:Terran&flag:elyth_4_active	8
ELYTH_05_01	ELYTH	RARE	VALARYN	Eshmara	Brumas	2	1	5	Elyth Lumin — despertar da individualidade	Sua natureza Lumin reage a uma situação em Brumas. Um exercício espontâneo revela que sua manifestação pessoal pode seguir um caminho que outros da mesma natureza não possuem.	Treinar a manifestação com disciplina.	stat:VON>=7	ELYTH_05_02	flag:elyth_5_started=1;flag:elyth_5_active=1;xp=6	ELYTH_05_02	flag:elyth_5_started=1;flag:elyth_5_active=1;fatigue=1		Forçar a manifestação.	stat:FOR>=7	ELYTH_05_03	flag:elyth_5_started=1;flag:elyth_5_active=1;fatigue=2;xp=4	ELYTH_05_03	flag:elyth_5_started=1;flag:elyth_5_active=1;fatigue=1		NATURE_Lumin	nature:Lumin&!flag:elyth_5_started	8
ELYTH_05_02	ELYTH	RARE	VALARYN	Eshmara	Brumas	2	1	5	Elyth Lumin — individualidade 2	Uma situação prática coloca sua natureza Lumin à prova. A resposta que você escolhe define como a manifestação será aperfeiçoada.	Repetir o fundamento e refinar o controle.	stat:VON>=6	ELYTH_05_03	xp=7;flag:elyth_5_refined=1	ELYTH_05_03	fatigue=1		Adaptar a técnica ao ambiente.	stat:PER>=7	ELYTH_05_03	xp=6;reputation=1	ELYTH_05_03	fatigue=1		NATURE_Lumin	nature:Lumin&flag:elyth_5_active	8
ELYTH_05_03	ELYTH	RARE	VALARYN	Eshmara	Brumas	2	1	5	Elyth Lumin — individualidade 3	Uma situação prática coloca sua natureza Lumin à prova. A resposta que você escolhe define como a manifestação será aperfeiçoada.	Repetir o fundamento e refinar o controle.	stat:VON>=6	ELYTH_05_04	xp=8;flag:elyth_5_refined=1	ELYTH_05_04	fatigue=1		Adaptar a técnica ao ambiente.	stat:PER>=7	ELYTH_05_04	xp=7;reputation=1	ELYTH_05_04	fatigue=1		NATURE_Lumin	nature:Lumin&flag:elyth_5_active	8
ELYTH_05_04	ELYTH	RARE	VALARYN	Eshmara	Brumas	3	1	5	Elyth Lumin — individualidade 4	Uma situação prática coloca sua natureza Lumin à prova. A resposta que você escolhe define como a manifestação será aperfeiçoada.	Repetir o fundamento e refinar o controle.	stat:VON>=6&skill:ELY_0083	ELYTH_05_05	xp=9;flag:elyth_5_refined=1	ELYTH_05_05	fatigue=1		Adaptar a técnica ao ambiente.	stat:PER>=7	ELYTH_05_05	xp=8;reputation=1	ELYTH_05_05	fatigue=1		NATURE_Lumin	nature:Lumin&flag:elyth_5_active	8
ELYTH_05_05	ELYTH	RARE	VALARYN	Eshmara	Brumas	3	1	5	Elyth Lumin — individualidade 5	Uma situação prática coloca sua natureza Lumin à prova. A resposta que você escolhe define como a manifestação será aperfeiçoada.	Repetir o fundamento e refinar o controle.	stat:VON>=6&skill:ELY_0084	ELYTH_05_06	xp=10;flag:elyth_5_refined=1	ELYTH_05_06	fatigue=1		Adaptar a técnica ao ambiente.	stat:PER>=7	ELYTH_05_06	xp=9;reputation=1	ELYTH_05_06	fatigue=1		NATURE_Lumin	nature:Lumin&flag:elyth_5_active	8
ELYTH_05_06	ELYTH	RARE	VALARYN	Eshmara	Brumas	4	1	5	Elyth Lumin — individualidade 6	Uma situação prática coloca sua natureza Lumin à prova. A resposta que você escolhe define como a manifestação será aperfeiçoada.	Repetir o fundamento e refinar o controle.	stat:VON>=6&skill:ELY_0085	ELYTH_05_07	xp=11;flag:elyth_5_refined=1	ELYTH_05_07	fatigue=1		Adaptar a técnica ao ambiente.	stat:PER>=7	ELYTH_05_07	xp=10;reputation=1	ELYTH_05_07	fatigue=1		NATURE_Lumin	nature:Lumin&flag:elyth_5_active	8
ELYTH_05_07	ELYTH	RARE	VALARYN	Eshmara	Brumas	4	1	5	Elyth Lumin — individualidade 7	Uma situação prática coloca sua natureza Lumin à prova. A resposta que você escolhe define como a manifestação será aperfeiçoada.	Repetir o fundamento e refinar o controle.	stat:VON>=6&skill:ELY_0086	ELYTH_05_08	xp=12;flag:elyth_5_refined=1	ELYTH_05_08	fatigue=1		Adaptar a técnica ao ambiente.	stat:PER>=7	ELYTH_05_08	xp=11;reputation=1	ELYTH_05_08	fatigue=1		NATURE_Lumin	nature:Lumin&flag:elyth_5_active	8
ELYTH_05_08	ELYTH	RARE	VALARYN	Eshmara	Brumas	5	1	5	Elyth Lumin — individualidade 8	Uma situação prática coloca sua natureza Lumin à prova. A resposta que você escolhe define como a manifestação será aperfeiçoada.	Repetir o fundamento e refinar o controle.	stat:VON>=6&skill:ELY_0087	ELYTH_05_09	xp=13;flag:elyth_5_refined=1	ELYTH_05_09	fatigue=1		Adaptar a técnica ao ambiente.	stat:PER>=7	ELYTH_05_09	xp=12;reputation=1	ELYTH_05_09	fatigue=1		NATURE_Lumin	nature:Lumin&flag:elyth_5_active	8
ELYTH_05_09	ELYTH	RARE	VALARYN	Eshmara	Brumas	5	1	5	Elyth Lumin — individualidade 9	Uma situação prática coloca sua natureza Lumin à prova. A resposta que você escolhe define como a manifestação será aperfeiçoada.	Repetir o fundamento e refinar o controle.	stat:VON>=6&skill:ELY_0088	ELYTH_05_10	xp=14;flag:elyth_5_refined=1	ELYTH_05_10	fatigue=1		Adaptar a técnica ao ambiente.	stat:PER>=7	ELYTH_05_10	xp=13;reputation=1	ELYTH_05_10	fatigue=1		NATURE_Lumin	nature:Lumin&flag:elyth_5_active	8
ELYTH_05_10	ELYTH	RARE	VALARYN	Eshmara	Brumas	6	1	5	Elyth Lumin — técnica consolidada	Você encerra o ciclo de treinamento com uma noção mais clara da própria individualidade. A técnica pode permanecer como lembrança permanente da sua trajetória.	Consolidar a técnica.	NONE	END	xp=20;flag:elyth_5_complete=1;unflag:elyth_5_active	END	fatigue=1		Experimentar uma variação arriscada.	stat:TEC>=8	END	xp=26;fatigue=3;flag:elyth_5_complete=1;unflag:elyth_5_active	END	fatigue=1		NATURE_Lumin	nature:Lumin&flag:elyth_5_active	8
ELYTH_06_01	ELYTH	RARE	ANY	Kethruun	Sandbones	2	1	5	Elyth Umbra — despertar da individualidade	Sua natureza Umbra reage a uma situação em Sandbones. Um exercício espontâneo revela que sua manifestação pessoal pode seguir um caminho que outros da mesma natureza não possuem.	Treinar a manifestação com disciplina.	stat:VON>=7	ELYTH_06_02	flag:elyth_6_started=1;flag:elyth_6_active=1;xp=6	ELYTH_06_02	flag:elyth_6_started=1;flag:elyth_6_active=1;fatigue=1		Forçar a manifestação.	stat:FOR>=7	ELYTH_06_03	flag:elyth_6_started=1;flag:elyth_6_active=1;fatigue=2;xp=4	ELYTH_06_03	flag:elyth_6_started=1;flag:elyth_6_active=1;fatigue=1		NATURE_Umbra	nature:Umbra&!flag:elyth_6_started	8
ELYTH_06_02	ELYTH	RARE	ANY	Kethruun	Sandbones	2	1	5	Elyth Umbra — individualidade 2	Uma situação prática coloca sua natureza Umbra à prova. A resposta que você escolhe define como a manifestação será aperfeiçoada.	Repetir o fundamento e refinar o controle.	stat:VON>=6	ELYTH_06_03	xp=7;flag:elyth_6_refined=1	ELYTH_06_03	fatigue=1		Adaptar a técnica ao ambiente.	stat:PER>=7	ELYTH_06_03	xp=6;reputation=1	ELYTH_06_03	fatigue=1		NATURE_Umbra	nature:Umbra&flag:elyth_6_active	8
ELYTH_06_03	ELYTH	RARE	ANY	Kethruun	Sandbones	2	1	5	Elyth Umbra — individualidade 3	Uma situação prática coloca sua natureza Umbra à prova. A resposta que você escolhe define como a manifestação será aperfeiçoada.	Repetir o fundamento e refinar o controle.	stat:VON>=6	ELYTH_06_04	xp=8;flag:elyth_6_refined=1	ELYTH_06_04	fatigue=1		Adaptar a técnica ao ambiente.	stat:PER>=7	ELYTH_06_04	xp=7;reputation=1	ELYTH_06_04	fatigue=1		NATURE_Umbra	nature:Umbra&flag:elyth_6_active	8
ELYTH_06_04	ELYTH	RARE	ANY	Kethruun	Sandbones	3	1	5	Elyth Umbra — individualidade 4	Uma situação prática coloca sua natureza Umbra à prova. A resposta que você escolhe define como a manifestação será aperfeiçoada.	Repetir o fundamento e refinar o controle.	stat:VON>=6&skill:ELY_0103	ELYTH_06_05	xp=9;flag:elyth_6_refined=1	ELYTH_06_05	fatigue=1		Adaptar a técnica ao ambiente.	stat:PER>=7	ELYTH_06_05	xp=8;reputation=1	ELYTH_06_05	fatigue=1		NATURE_Umbra	nature:Umbra&flag:elyth_6_active	8
ELYTH_06_05	ELYTH	RARE	ANY	Kethruun	Sandbones	3	1	5	Elyth Umbra — individualidade 5	Uma situação prática coloca sua natureza Umbra à prova. A resposta que você escolhe define como a manifestação será aperfeiçoada.	Repetir o fundamento e refinar o controle.	stat:VON>=6&skill:ELY_0104	ELYTH_06_06	xp=10;flag:elyth_6_refined=1	ELYTH_06_06	fatigue=1		Adaptar a técnica ao ambiente.	stat:PER>=7	ELYTH_06_06	xp=9;reputation=1	ELYTH_06_06	fatigue=1		NATURE_Umbra	nature:Umbra&flag:elyth_6_active	8
ELYTH_06_06	ELYTH	RARE	ANY	Kethruun	Sandbones	4	1	5	Elyth Umbra — individualidade 6	Uma situação prática coloca sua natureza Umbra à prova. A resposta que você escolhe define como a manifestação será aperfeiçoada.	Repetir o fundamento e refinar o controle.	stat:VON>=6&skill:ELY_0105	ELYTH_06_07	xp=11;flag:elyth_6_refined=1	ELYTH_06_07	fatigue=1		Adaptar a técnica ao ambiente.	stat:PER>=7	ELYTH_06_07	xp=10;reputation=1	ELYTH_06_07	fatigue=1		NATURE_Umbra	nature:Umbra&flag:elyth_6_active	8
ELYTH_06_07	ELYTH	RARE	ANY	Kethruun	Sandbones	4	1	5	Elyth Umbra — individualidade 7	Uma situação prática coloca sua natureza Umbra à prova. A resposta que você escolhe define como a manifestação será aperfeiçoada.	Repetir o fundamento e refinar o controle.	stat:VON>=6&skill:ELY_0106	ELYTH_06_08	xp=12;flag:elyth_6_refined=1	ELYTH_06_08	fatigue=1		Adaptar a técnica ao ambiente.	stat:PER>=7	ELYTH_06_08	xp=11;reputation=1	ELYTH_06_08	fatigue=1		NATURE_Umbra	nature:Umbra&flag:elyth_6_active	8
ELYTH_06_08	ELYTH	RARE	ANY	Kethruun	Sandbones	5	1	5	Elyth Umbra — individualidade 8	Uma situação prática coloca sua natureza Umbra à prova. A resposta que você escolhe define como a manifestação será aperfeiçoada.	Repetir o fundamento e refinar o controle.	stat:VON>=6&skill:ELY_0107	ELYTH_06_09	xp=13;flag:elyth_6_refined=1	ELYTH_06_09	fatigue=1		Adaptar a técnica ao ambiente.	stat:PER>=7	ELYTH_06_09	xp=12;reputation=1	ELYTH_06_09	fatigue=1		NATURE_Umbra	nature:Umbra&flag:elyth_6_active	8
ELYTH_06_09	ELYTH	RARE	ANY	Kethruun	Sandbones	5	1	5	Elyth Umbra — individualidade 9	Uma situação prática coloca sua natureza Umbra à prova. A resposta que você escolhe define como a manifestação será aperfeiçoada.	Repetir o fundamento e refinar o controle.	stat:VON>=6&skill:ELY_0108	ELYTH_06_10	xp=14;flag:elyth_6_refined=1	ELYTH_06_10	fatigue=1		Adaptar a técnica ao ambiente.	stat:PER>=7	ELYTH_06_10	xp=13;reputation=1	ELYTH_06_10	fatigue=1		NATURE_Umbra	nature:Umbra&flag:elyth_6_active	8
ELYTH_06_10	ELYTH	RARE	ANY	Kethruun	Sandbones	6	1	5	Elyth Umbra — técnica consolidada	Você encerra o ciclo de treinamento com uma noção mais clara da própria individualidade. A técnica pode permanecer como lembrança permanente da sua trajetória.	Consolidar a técnica.	NONE	END	xp=20;flag:elyth_6_complete=1;unflag:elyth_6_active	END	fatigue=1		Experimentar uma variação arriscada.	stat:TEC>=8	END	xp=26;fatigue=3;flag:elyth_6_complete=1;unflag:elyth_6_active	END	fatigue=1		NATURE_Umbra	nature:Umbra&flag:elyth_6_active	8
ELYTH_07_01	ELYTH	RARE	ANY	Orinthal	Crystalia	2	1	5	Elyth Volt — despertar da individualidade	Sua natureza Volt reage a uma situação em Crystalia. Um exercício espontâneo revela que sua manifestação pessoal pode seguir um caminho que outros da mesma natureza não possuem.	Treinar a manifestação com disciplina.	stat:VON>=7	ELYTH_07_02	flag:elyth_7_started=1;flag:elyth_7_active=1;xp=6	ELYTH_07_02	flag:elyth_7_started=1;flag:elyth_7_active=1;fatigue=1		Forçar a manifestação.	stat:FOR>=7	ELYTH_07_03	flag:elyth_7_started=1;flag:elyth_7_active=1;fatigue=2;xp=4	ELYTH_07_03	flag:elyth_7_started=1;flag:elyth_7_active=1;fatigue=1		NATURE_Volt	nature:Volt&!flag:elyth_7_started	8
ELYTH_07_02	ELYTH	RARE	ANY	Orinthal	Crystalia	2	1	5	Elyth Volt — individualidade 2	Uma situação prática coloca sua natureza Volt à prova. A resposta que você escolhe define como a manifestação será aperfeiçoada.	Repetir o fundamento e refinar o controle.	stat:VON>=6	ELYTH_07_03	xp=7;flag:elyth_7_refined=1	ELYTH_07_03	fatigue=1		Adaptar a técnica ao ambiente.	stat:PER>=7	ELYTH_07_03	xp=6;reputation=1	ELYTH_07_03	fatigue=1		NATURE_Volt	nature:Volt&flag:elyth_7_active	8
ELYTH_07_03	ELYTH	RARE	ANY	Orinthal	Crystalia	2	1	5	Elyth Volt — individualidade 3	Uma situação prática coloca sua natureza Volt à prova. A resposta que você escolhe define como a manifestação será aperfeiçoada.	Repetir o fundamento e refinar o controle.	stat:VON>=6	ELYTH_07_04	xp=8;flag:elyth_7_refined=1	ELYTH_07_04	fatigue=1		Adaptar a técnica ao ambiente.	stat:PER>=7	ELYTH_07_04	xp=7;reputation=1	ELYTH_07_04	fatigue=1		NATURE_Volt	nature:Volt&flag:elyth_7_active	8
ELYTH_07_04	ELYTH	RARE	ANY	Orinthal	Crystalia	3	1	5	Elyth Volt — individualidade 4	Uma situação prática coloca sua natureza Volt à prova. A resposta que você escolhe define como a manifestação será aperfeiçoada.	Repetir o fundamento e refinar o controle.	stat:VON>=6&skill:ELY_0123	ELYTH_07_05	xp=9;flag:elyth_7_refined=1	ELYTH_07_05	fatigue=1		Adaptar a técnica ao ambiente.	stat:PER>=7	ELYTH_07_05	xp=8;reputation=1	ELYTH_07_05	fatigue=1		NATURE_Volt	nature:Volt&flag:elyth_7_active	8
ELYTH_07_05	ELYTH	RARE	ANY	Orinthal	Crystalia	3	1	5	Elyth Volt — individualidade 5	Uma situação prática coloca sua natureza Volt à prova. A resposta que você escolhe define como a manifestação será aperfeiçoada.	Repetir o fundamento e refinar o controle.	stat:VON>=6&skill:ELY_0124	ELYTH_07_06	xp=10;flag:elyth_7_refined=1	ELYTH_07_06	fatigue=1		Adaptar a técnica ao ambiente.	stat:PER>=7	ELYTH_07_06	xp=9;reputation=1	ELYTH_07_06	fatigue=1		NATURE_Volt	nature:Volt&flag:elyth_7_active	8
ELYTH_07_06	ELYTH	RARE	ANY	Orinthal	Crystalia	4	1	5	Elyth Volt — individualidade 6	Uma situação prática coloca sua natureza Volt à prova. A resposta que você escolhe define como a manifestação será aperfeiçoada.	Repetir o fundamento e refinar o controle.	stat:VON>=6&skill:ELY_0125	ELYTH_07_07	xp=11;flag:elyth_7_refined=1	ELYTH_07_07	fatigue=1		Adaptar a técnica ao ambiente.	stat:PER>=7	ELYTH_07_07	xp=10;reputation=1	ELYTH_07_07	fatigue=1		NATURE_Volt	nature:Volt&flag:elyth_7_active	8
ELYTH_07_07	ELYTH	RARE	ANY	Orinthal	Crystalia	4	1	5	Elyth Volt — individualidade 7	Uma situação prática coloca sua natureza Volt à prova. A resposta que você escolhe define como a manifestação será aperfeiçoada.	Repetir o fundamento e refinar o controle.	stat:VON>=6&skill:ELY_0126	ELYTH_07_08	xp=12;flag:elyth_7_refined=1	ELYTH_07_08	fatigue=1		Adaptar a técnica ao ambiente.	stat:PER>=7	ELYTH_07_08	xp=11;reputation=1	ELYTH_07_08	fatigue=1		NATURE_Volt	nature:Volt&flag:elyth_7_active	8
ELYTH_07_08	ELYTH	RARE	ANY	Orinthal	Crystalia	5	1	5	Elyth Volt — individualidade 8	Uma situação prática coloca sua natureza Volt à prova. A resposta que você escolhe define como a manifestação será aperfeiçoada.	Repetir o fundamento e refinar o controle.	stat:VON>=6&skill:ELY_0127	ELYTH_07_09	xp=13;flag:elyth_7_refined=1	ELYTH_07_09	fatigue=1		Adaptar a técnica ao ambiente.	stat:PER>=7	ELYTH_07_09	xp=12;reputation=1	ELYTH_07_09	fatigue=1		NATURE_Volt	nature:Volt&flag:elyth_7_active	8
ELYTH_07_09	ELYTH	RARE	ANY	Orinthal	Crystalia	5	1	5	Elyth Volt — individualidade 9	Uma situação prática coloca sua natureza Volt à prova. A resposta que você escolhe define como a manifestação será aperfeiçoada.	Repetir o fundamento e refinar o controle.	stat:VON>=6&skill:ELY_0128	ELYTH_07_10	xp=14;flag:elyth_7_refined=1	ELYTH_07_10	fatigue=1		Adaptar a técnica ao ambiente.	stat:PER>=7	ELYTH_07_10	xp=13;reputation=1	ELYTH_07_10	fatigue=1		NATURE_Volt	nature:Volt&flag:elyth_7_active	8
ELYTH_07_10	ELYTH	RARE	ANY	Orinthal	Crystalia	6	1	5	Elyth Volt — técnica consolidada	Você encerra o ciclo de treinamento com uma noção mais clara da própria individualidade. A técnica pode permanecer como lembrança permanente da sua trajetória.	Consolidar a técnica.	NONE	END	xp=20;flag:elyth_7_complete=1;unflag:elyth_7_active	END	fatigue=1		Experimentar uma variação arriscada.	stat:TEC>=8	END	xp=26;fatigue=3;flag:elyth_7_complete=1;unflag:elyth_7_active	END	fatigue=1		NATURE_Volt	nature:Volt&flag:elyth_7_active	8
ELYTH_08_01	ELYTH	RARE	ANY	Zarim	Fornalia	2	1	5	Elyth Ferron — despertar da individualidade	Sua natureza Ferron reage a uma situação em Fornalia. Um exercício espontâneo revela que sua manifestação pessoal pode seguir um caminho que outros da mesma natureza não possuem.	Treinar a manifestação com disciplina.	stat:VON>=7	ELYTH_08_02	flag:elyth_8_started=1;flag:elyth_8_active=1;xp=6	ELYTH_08_02	flag:elyth_8_started=1;flag:elyth_8_active=1;fatigue=1		Forçar a manifestação.	stat:FOR>=7	ELYTH_08_03	flag:elyth_8_started=1;flag:elyth_8_active=1;fatigue=2;xp=4	ELYTH_08_03	flag:elyth_8_started=1;flag:elyth_8_active=1;fatigue=1		NATURE_Ferron	nature:Ferron&!flag:elyth_8_started	8
ELYTH_08_02	ELYTH	RARE	ANY	Zarim	Fornalia	2	1	5	Elyth Ferron — individualidade 2	Uma situação prática coloca sua natureza Ferron à prova. A resposta que você escolhe define como a manifestação será aperfeiçoada.	Repetir o fundamento e refinar o controle.	stat:VON>=6	ELYTH_08_03	xp=7;flag:elyth_8_refined=1	ELYTH_08_03	fatigue=1		Adaptar a técnica ao ambiente.	stat:PER>=7	ELYTH_08_03	xp=6;reputation=1	ELYTH_08_03	fatigue=1		NATURE_Ferron	nature:Ferron&flag:elyth_8_active	8
ELYTH_08_03	ELYTH	RARE	ANY	Zarim	Fornalia	2	1	5	Elyth Ferron — individualidade 3	Uma situação prática coloca sua natureza Ferron à prova. A resposta que você escolhe define como a manifestação será aperfeiçoada.	Repetir o fundamento e refinar o controle.	stat:VON>=6	ELYTH_08_04	xp=8;flag:elyth_8_refined=1	ELYTH_08_04	fatigue=1		Adaptar a técnica ao ambiente.	stat:PER>=7	ELYTH_08_04	xp=7;reputation=1	ELYTH_08_04	fatigue=1		NATURE_Ferron	nature:Ferron&flag:elyth_8_active	8
ELYTH_08_04	ELYTH	RARE	ANY	Zarim	Fornalia	3	1	5	Elyth Ferron — individualidade 4	Uma situação prática coloca sua natureza Ferron à prova. A resposta que você escolhe define como a manifestação será aperfeiçoada.	Repetir o fundamento e refinar o controle.	stat:VON>=6&skill:ELY_0143	ELYTH_08_05	xp=9;flag:elyth_8_refined=1	ELYTH_08_05	fatigue=1		Adaptar a técnica ao ambiente.	stat:PER>=7	ELYTH_08_05	xp=8;reputation=1	ELYTH_08_05	fatigue=1		NATURE_Ferron	nature:Ferron&flag:elyth_8_active	8
ELYTH_08_05	ELYTH	RARE	ANY	Zarim	Fornalia	3	1	5	Elyth Ferron — individualidade 5	Uma situação prática coloca sua natureza Ferron à prova. A resposta que você escolhe define como a manifestação será aperfeiçoada.	Repetir o fundamento e refinar o controle.	stat:VON>=6&skill:ELY_0144	ELYTH_08_06	xp=10;flag:elyth_8_refined=1	ELYTH_08_06	fatigue=1		Adaptar a técnica ao ambiente.	stat:PER>=7	ELYTH_08_06	xp=9;reputation=1	ELYTH_08_06	fatigue=1		NATURE_Ferron	nature:Ferron&flag:elyth_8_active	8
ELYTH_08_06	ELYTH	RARE	ANY	Zarim	Fornalia	4	1	5	Elyth Ferron — individualidade 6	Uma situação prática coloca sua natureza Ferron à prova. A resposta que você escolhe define como a manifestação será aperfeiçoada.	Repetir o fundamento e refinar o controle.	stat:VON>=6&skill:ELY_0145	ELYTH_08_07	xp=11;flag:elyth_8_refined=1	ELYTH_08_07	fatigue=1		Adaptar a técnica ao ambiente.	stat:PER>=7	ELYTH_08_07	xp=10;reputation=1	ELYTH_08_07	fatigue=1		NATURE_Ferron	nature:Ferron&flag:elyth_8_active	8
ELYTH_08_07	ELYTH	RARE	ANY	Zarim	Fornalia	4	1	5	Elyth Ferron — individualidade 7	Uma situação prática coloca sua natureza Ferron à prova. A resposta que você escolhe define como a manifestação será aperfeiçoada.	Repetir o fundamento e refinar o controle.	stat:VON>=6&skill:ELY_0146	ELYTH_08_08	xp=12;flag:elyth_8_refined=1	ELYTH_08_08	fatigue=1		Adaptar a técnica ao ambiente.	stat:PER>=7	ELYTH_08_08	xp=11;reputation=1	ELYTH_08_08	fatigue=1		NATURE_Ferron	nature:Ferron&flag:elyth_8_active	8
ELYTH_08_08	ELYTH	RARE	ANY	Zarim	Fornalia	5	1	5	Elyth Ferron — individualidade 8	Uma situação prática coloca sua natureza Ferron à prova. A resposta que você escolhe define como a manifestação será aperfeiçoada.	Repetir o fundamento e refinar o controle.	stat:VON>=6&skill:ELY_0147	ELYTH_08_09	xp=13;flag:elyth_8_refined=1	ELYTH_08_09	fatigue=1		Adaptar a técnica ao ambiente.	stat:PER>=7	ELYTH_08_09	xp=12;reputation=1	ELYTH_08_09	fatigue=1		NATURE_Ferron	nature:Ferron&flag:elyth_8_active	8
ELYTH_08_09	ELYTH	RARE	ANY	Zarim	Fornalia	5	1	5	Elyth Ferron — individualidade 9	Uma situação prática coloca sua natureza Ferron à prova. A resposta que você escolhe define como a manifestação será aperfeiçoada.	Repetir o fundamento e refinar o controle.	stat:VON>=6&skill:ELY_0148	ELYTH_08_10	xp=14;flag:elyth_8_refined=1	ELYTH_08_10	fatigue=1		Adaptar a técnica ao ambiente.	stat:PER>=7	ELYTH_08_10	xp=13;reputation=1	ELYTH_08_10	fatigue=1		NATURE_Ferron	nature:Ferron&flag:elyth_8_active	8
ELYTH_08_10	ELYTH	RARE	ANY	Zarim	Fornalia	6	1	5	Elyth Ferron — técnica consolidada	Você encerra o ciclo de treinamento com uma noção mais clara da própria individualidade. A técnica pode permanecer como lembrança permanente da sua trajetória.	Consolidar a técnica.	NONE	END	xp=20;flag:elyth_8_complete=1;unflag:elyth_8_active	END	fatigue=1		Experimentar uma variação arriscada.	stat:TEC>=8	END	xp=26;fatigue=3;flag:elyth_8_complete=1;unflag:elyth_8_active	END	fatigue=1		NATURE_Ferron	nature:Ferron&flag:elyth_8_active	8
ELYTH_09_01	ELYTH	RARE	VALARYN	Lyrien	Aerocivitus	2	1	5	Elyth Arbor — despertar da individualidade	Sua natureza Arbor reage a uma situação em Aerocivitus. Um exercício espontâneo revela que sua manifestação pessoal pode seguir um caminho que outros da mesma natureza não possuem.	Treinar a manifestação com disciplina.	stat:VON>=7	ELYTH_09_02	flag:elyth_9_started=1;flag:elyth_9_active=1;xp=6	ELYTH_09_02	flag:elyth_9_started=1;flag:elyth_9_active=1;fatigue=1		Forçar a manifestação.	stat:FOR>=7	ELYTH_09_03	flag:elyth_9_started=1;flag:elyth_9_active=1;fatigue=2;xp=4	ELYTH_09_03	flag:elyth_9_started=1;flag:elyth_9_active=1;fatigue=1		NATURE_Arbor	nature:Arbor&!flag:elyth_9_started	8
ELYTH_09_02	ELYTH	RARE	VALARYN	Lyrien	Aerocivitus	2	1	5	Elyth Arbor — individualidade 2	Uma situação prática coloca sua natureza Arbor à prova. A resposta que você escolhe define como a manifestação será aperfeiçoada.	Repetir o fundamento e refinar o controle.	stat:VON>=6	ELYTH_09_03	xp=7;flag:elyth_9_refined=1	ELYTH_09_03	fatigue=1		Adaptar a técnica ao ambiente.	stat:PER>=7	ELYTH_09_03	xp=6;reputation=1	ELYTH_09_03	fatigue=1		NATURE_Arbor	nature:Arbor&flag:elyth_9_active	8
ELYTH_09_03	ELYTH	RARE	VALARYN	Lyrien	Aerocivitus	2	1	5	Elyth Arbor — individualidade 3	Uma situação prática coloca sua natureza Arbor à prova. A resposta que você escolhe define como a manifestação será aperfeiçoada.	Repetir o fundamento e refinar o controle.	stat:VON>=6	ELYTH_09_04	xp=8;flag:elyth_9_refined=1	ELYTH_09_04	fatigue=1		Adaptar a técnica ao ambiente.	stat:PER>=7	ELYTH_09_04	xp=7;reputation=1	ELYTH_09_04	fatigue=1		NATURE_Arbor	nature:Arbor&flag:elyth_9_active	8
ELYTH_09_04	ELYTH	RARE	VALARYN	Lyrien	Aerocivitus	3	1	5	Elyth Arbor — individualidade 4	Uma situação prática coloca sua natureza Arbor à prova. A resposta que você escolhe define como a manifestação será aperfeiçoada.	Repetir o fundamento e refinar o controle.	stat:VON>=6&skill:ELY_0163	ELYTH_09_05	xp=9;flag:elyth_9_refined=1	ELYTH_09_05	fatigue=1		Adaptar a técnica ao ambiente.	stat:PER>=7	ELYTH_09_05	xp=8;reputation=1	ELYTH_09_05	fatigue=1		NATURE_Arbor	nature:Arbor&flag:elyth_9_active	8
ELYTH_09_05	ELYTH	RARE	VALARYN	Lyrien	Aerocivitus	3	1	5	Elyth Arbor — individualidade 5	Uma situação prática coloca sua natureza Arbor à prova. A resposta que você escolhe define como a manifestação será aperfeiçoada.	Repetir o fundamento e refinar o controle.	stat:VON>=6&skill:ELY_0164	ELYTH_09_06	xp=10;flag:elyth_9_refined=1	ELYTH_09_06	fatigue=1		Adaptar a técnica ao ambiente.	stat:PER>=7	ELYTH_09_06	xp=9;reputation=1	ELYTH_09_06	fatigue=1		NATURE_Arbor	nature:Arbor&flag:elyth_9_active	8
ELYTH_09_06	ELYTH	RARE	VALARYN	Lyrien	Aerocivitus	4	1	5	Elyth Arbor — individualidade 6	Uma situação prática coloca sua natureza Arbor à prova. A resposta que você escolhe define como a manifestação será aperfeiçoada.	Repetir o fundamento e refinar o controle.	stat:VON>=6&skill:ELY_0165	ELYTH_09_07	xp=11;flag:elyth_9_refined=1	ELYTH_09_07	fatigue=1		Adaptar a técnica ao ambiente.	stat:PER>=7	ELYTH_09_07	xp=10;reputation=1	ELYTH_09_07	fatigue=1		NATURE_Arbor	nature:Arbor&flag:elyth_9_active	8
ELYTH_09_07	ELYTH	RARE	VALARYN	Lyrien	Aerocivitus	4	1	5	Elyth Arbor — individualidade 7	Uma situação prática coloca sua natureza Arbor à prova. A resposta que você escolhe define como a manifestação será aperfeiçoada.	Repetir o fundamento e refinar o controle.	stat:VON>=6&skill:ELY_0166	ELYTH_09_08	xp=12;flag:elyth_9_refined=1	ELYTH_09_08	fatigue=1		Adaptar a técnica ao ambiente.	stat:PER>=7	ELYTH_09_08	xp=11;reputation=1	ELYTH_09_08	fatigue=1		NATURE_Arbor	nature:Arbor&flag:elyth_9_active	8
ELYTH_09_08	ELYTH	RARE	VALARYN	Lyrien	Aerocivitus	5	1	5	Elyth Arbor — individualidade 8	Uma situação prática coloca sua natureza Arbor à prova. A resposta que você escolhe define como a manifestação será aperfeiçoada.	Repetir o fundamento e refinar o controle.	stat:VON>=6&skill:ELY_0167	ELYTH_09_09	xp=13;flag:elyth_9_refined=1	ELYTH_09_09	fatigue=1		Adaptar a técnica ao ambiente.	stat:PER>=7	ELYTH_09_09	xp=12;reputation=1	ELYTH_09_09	fatigue=1		NATURE_Arbor	nature:Arbor&flag:elyth_9_active	8
ELYTH_09_09	ELYTH	RARE	VALARYN	Lyrien	Aerocivitus	5	1	5	Elyth Arbor — individualidade 9	Uma situação prática coloca sua natureza Arbor à prova. A resposta que você escolhe define como a manifestação será aperfeiçoada.	Repetir o fundamento e refinar o controle.	stat:VON>=6&skill:ELY_0168	ELYTH_09_10	xp=14;flag:elyth_9_refined=1	ELYTH_09_10	fatigue=1		Adaptar a técnica ao ambiente.	stat:PER>=7	ELYTH_09_10	xp=13;reputation=1	ELYTH_09_10	fatigue=1		NATURE_Arbor	nature:Arbor&flag:elyth_9_active	8
ELYTH_09_10	ELYTH	RARE	VALARYN	Lyrien	Aerocivitus	6	1	5	Elyth Arbor — técnica consolidada	Você encerra o ciclo de treinamento com uma noção mais clara da própria individualidade. A técnica pode permanecer como lembrança permanente da sua trajetória.	Consolidar a técnica.	NONE	END	xp=20;flag:elyth_9_complete=1;unflag:elyth_9_active	END	fatigue=1		Experimentar uma variação arriscada.	stat:TEC>=8	END	xp=26;fatigue=3;flag:elyth_9_complete=1;unflag:elyth_9_active	END	fatigue=1		NATURE_Arbor	nature:Arbor&flag:elyth_9_active	8
ELYTH_10_01	ELYTH	RARE	ANY	Myrthos	Sem nome definido	2	1	5	Elyth Sangre — despertar da individualidade	Sua natureza Sangre reage a uma situação em Sem nome definido. Um exercício espontâneo revela que sua manifestação pessoal pode seguir um caminho que outros da mesma natureza não possuem.	Treinar a manifestação com disciplina.	stat:VON>=7	ELYTH_10_02	flag:elyth_10_started=1;flag:elyth_10_active=1;xp=6	ELYTH_10_02	flag:elyth_10_started=1;flag:elyth_10_active=1;fatigue=1		Forçar a manifestação.	stat:FOR>=7	ELYTH_10_03	flag:elyth_10_started=1;flag:elyth_10_active=1;fatigue=2;xp=4	ELYTH_10_03	flag:elyth_10_started=1;flag:elyth_10_active=1;fatigue=1		NATURE_Sangre	nature:Sangre&!flag:elyth_10_started	8
ELYTH_10_02	ELYTH	RARE	ANY	Myrthos	Sem nome definido	2	1	5	Elyth Sangre — individualidade 2	Uma situação prática coloca sua natureza Sangre à prova. A resposta que você escolhe define como a manifestação será aperfeiçoada.	Repetir o fundamento e refinar o controle.	stat:VON>=6	ELYTH_10_03	xp=7;flag:elyth_10_refined=1	ELYTH_10_03	fatigue=1		Adaptar a técnica ao ambiente.	stat:PER>=7	ELYTH_10_03	xp=6;reputation=1	ELYTH_10_03	fatigue=1		NATURE_Sangre	nature:Sangre&flag:elyth_10_active	8
ELYTH_10_03	ELYTH	RARE	ANY	Myrthos	Sem nome definido	2	1	5	Elyth Sangre — individualidade 3	Uma situação prática coloca sua natureza Sangre à prova. A resposta que você escolhe define como a manifestação será aperfeiçoada.	Repetir o fundamento e refinar o controle.	stat:VON>=6	ELYTH_10_04	xp=8;flag:elyth_10_refined=1	ELYTH_10_04	fatigue=1		Adaptar a técnica ao ambiente.	stat:PER>=7	ELYTH_10_04	xp=7;reputation=1	ELYTH_10_04	fatigue=1		NATURE_Sangre	nature:Sangre&flag:elyth_10_active	8
ELYTH_10_04	ELYTH	RARE	ANY	Myrthos	Sem nome definido	3	1	5	Elyth Sangre — individualidade 4	Uma situação prática coloca sua natureza Sangre à prova. A resposta que você escolhe define como a manifestação será aperfeiçoada.	Repetir o fundamento e refinar o controle.	stat:VON>=6&skill:ELY_0183	ELYTH_10_05	xp=9;flag:elyth_10_refined=1	ELYTH_10_05	fatigue=1		Adaptar a técnica ao ambiente.	stat:PER>=7	ELYTH_10_05	xp=8;reputation=1	ELYTH_10_05	fatigue=1		NATURE_Sangre	nature:Sangre&flag:elyth_10_active	8
ELYTH_10_05	ELYTH	RARE	ANY	Myrthos	Sem nome definido	3	1	5	Elyth Sangre — individualidade 5	Uma situação prática coloca sua natureza Sangre à prova. A resposta que você escolhe define como a manifestação será aperfeiçoada.	Repetir o fundamento e refinar o controle.	stat:VON>=6&skill:ELY_0184	ELYTH_10_06	xp=10;flag:elyth_10_refined=1	ELYTH_10_06	fatigue=1		Adaptar a técnica ao ambiente.	stat:PER>=7	ELYTH_10_06	xp=9;reputation=1	ELYTH_10_06	fatigue=1		NATURE_Sangre	nature:Sangre&flag:elyth_10_active	8
ELYTH_10_06	ELYTH	RARE	ANY	Myrthos	Sem nome definido	4	1	5	Elyth Sangre — individualidade 6	Uma situação prática coloca sua natureza Sangre à prova. A resposta que você escolhe define como a manifestação será aperfeiçoada.	Repetir o fundamento e refinar o controle.	stat:VON>=6&skill:ELY_0185	ELYTH_10_07	xp=11;flag:elyth_10_refined=1	ELYTH_10_07	fatigue=1		Adaptar a técnica ao ambiente.	stat:PER>=7	ELYTH_10_07	xp=10;reputation=1	ELYTH_10_07	fatigue=1		NATURE_Sangre	nature:Sangre&flag:elyth_10_active	8
ELYTH_10_07	ELYTH	RARE	ANY	Myrthos	Sem nome definido	4	1	5	Elyth Sangre — individualidade 7	Uma situação prática coloca sua natureza Sangre à prova. A resposta que você escolhe define como a manifestação será aperfeiçoada.	Repetir o fundamento e refinar o controle.	stat:VON>=6&skill:ELY_0186	ELYTH_10_08	xp=12;flag:elyth_10_refined=1	ELYTH_10_08	fatigue=1		Adaptar a técnica ao ambiente.	stat:PER>=7	ELYTH_10_08	xp=11;reputation=1	ELYTH_10_08	fatigue=1		NATURE_Sangre	nature:Sangre&flag:elyth_10_active	8
ELYTH_10_08	ELYTH	RARE	ANY	Myrthos	Sem nome definido	5	1	5	Elyth Sangre — individualidade 8	Uma situação prática coloca sua natureza Sangre à prova. A resposta que você escolhe define como a manifestação será aperfeiçoada.	Repetir o fundamento e refinar o controle.	stat:VON>=6&skill:ELY_0187	ELYTH_10_09	xp=13;flag:elyth_10_refined=1	ELYTH_10_09	fatigue=1		Adaptar a técnica ao ambiente.	stat:PER>=7	ELYTH_10_09	xp=12;reputation=1	ELYTH_10_09	fatigue=1		NATURE_Sangre	nature:Sangre&flag:elyth_10_active	8
ELYTH_10_09	ELYTH	RARE	ANY	Myrthos	Sem nome definido	5	1	5	Elyth Sangre — individualidade 9	Uma situação prática coloca sua natureza Sangre à prova. A resposta que você escolhe define como a manifestação será aperfeiçoada.	Repetir o fundamento e refinar o controle.	stat:VON>=6&skill:ELY_0188	ELYTH_10_10	xp=14;flag:elyth_10_refined=1	ELYTH_10_10	fatigue=1		Adaptar a técnica ao ambiente.	stat:PER>=7	ELYTH_10_10	xp=13;reputation=1	ELYTH_10_10	fatigue=1		NATURE_Sangre	nature:Sangre&flag:elyth_10_active	8
ELYTH_10_10	ELYTH	RARE	ANY	Myrthos	Sem nome definido	6	1	5	Elyth Sangre — técnica consolidada	Você encerra o ciclo de treinamento com uma noção mais clara da própria individualidade. A técnica pode permanecer como lembrança permanente da sua trajetória.	Consolidar a técnica.	NONE	END	xp=20;flag:elyth_10_complete=1;unflag:elyth_10_active	END	fatigue=1		Experimentar uma variação arriscada.	stat:TEC>=8	END	xp=26;fatigue=3;flag:elyth_10_complete=1;unflag:elyth_10_active	END	fatigue=1		NATURE_Sangre	nature:Sangre&flag:elyth_10_active	8
ELYTH_11_01	ELYTH	RARE	ANY	Aeloria	Fenndral	2	1	5	Elyth Glacis — despertar da individualidade	Sua natureza Glacis reage a uma situação em Fenndral. Um exercício espontâneo revela que sua manifestação pessoal pode seguir um caminho que outros da mesma natureza não possuem.	Treinar a manifestação com disciplina.	stat:VON>=7	ELYTH_11_02	flag:elyth_11_started=1;flag:elyth_11_active=1;xp=6	ELYTH_11_02	flag:elyth_11_started=1;flag:elyth_11_active=1;fatigue=1		Forçar a manifestação.	stat:FOR>=7	ELYTH_11_03	flag:elyth_11_started=1;flag:elyth_11_active=1;fatigue=2;xp=4	ELYTH_11_03	flag:elyth_11_started=1;flag:elyth_11_active=1;fatigue=1		NATURE_Glacis	nature:Glacis&!flag:elyth_11_started	8
ELYTH_11_02	ELYTH	RARE	ANY	Aeloria	Fenndral	2	1	5	Elyth Glacis — individualidade 2	Uma situação prática coloca sua natureza Glacis à prova. A resposta que você escolhe define como a manifestação será aperfeiçoada.	Repetir o fundamento e refinar o controle.	stat:VON>=6	ELYTH_11_03	xp=7;flag:elyth_11_refined=1	ELYTH_11_03	fatigue=1		Adaptar a técnica ao ambiente.	stat:PER>=7	ELYTH_11_03	xp=6;reputation=1	ELYTH_11_03	fatigue=1		NATURE_Glacis	nature:Glacis&flag:elyth_11_active	8
ELYTH_11_03	ELYTH	RARE	ANY	Aeloria	Fenndral	2	1	5	Elyth Glacis — individualidade 3	Uma situação prática coloca sua natureza Glacis à prova. A resposta que você escolhe define como a manifestação será aperfeiçoada.	Repetir o fundamento e refinar o controle.	stat:VON>=6	ELYTH_11_04	xp=8;flag:elyth_11_refined=1	ELYTH_11_04	fatigue=1		Adaptar a técnica ao ambiente.	stat:PER>=7	ELYTH_11_04	xp=7;reputation=1	ELYTH_11_04	fatigue=1		NATURE_Glacis	nature:Glacis&flag:elyth_11_active	8
ELYTH_11_04	ELYTH	RARE	ANY	Aeloria	Fenndral	3	1	5	Elyth Glacis — individualidade 4	Uma situação prática coloca sua natureza Glacis à prova. A resposta que você escolhe define como a manifestação será aperfeiçoada.	Repetir o fundamento e refinar o controle.	stat:VON>=6&skill:ELY_0203	ELYTH_11_05	xp=9;flag:elyth_11_refined=1	ELYTH_11_05	fatigue=1		Adaptar a técnica ao ambiente.	stat:PER>=7	ELYTH_11_05	xp=8;reputation=1	ELYTH_11_05	fatigue=1		NATURE_Glacis	nature:Glacis&flag:elyth_11_active	8
ELYTH_11_05	ELYTH	RARE	ANY	Aeloria	Fenndral	3	1	5	Elyth Glacis — individualidade 5	Uma situação prática coloca sua natureza Glacis à prova. A resposta que você escolhe define como a manifestação será aperfeiçoada.	Repetir o fundamento e refinar o controle.	stat:VON>=6&skill:ELY_0204	ELYTH_11_06	xp=10;flag:elyth_11_refined=1	ELYTH_11_06	fatigue=1		Adaptar a técnica ao ambiente.	stat:PER>=7	ELYTH_11_06	xp=9;reputation=1	ELYTH_11_06	fatigue=1		NATURE_Glacis	nature:Glacis&flag:elyth_11_active	8
ELYTH_11_06	ELYTH	RARE	ANY	Aeloria	Fenndral	4	1	5	Elyth Glacis — individualidade 6	Uma situação prática coloca sua natureza Glacis à prova. A resposta que você escolhe define como a manifestação será aperfeiçoada.	Repetir o fundamento e refinar o controle.	stat:VON>=6&skill:ELY_0205	ELYTH_11_07	xp=11;flag:elyth_11_refined=1	ELYTH_11_07	fatigue=1		Adaptar a técnica ao ambiente.	stat:PER>=7	ELYTH_11_07	xp=10;reputation=1	ELYTH_11_07	fatigue=1		NATURE_Glacis	nature:Glacis&flag:elyth_11_active	8
ELYTH_11_07	ELYTH	RARE	ANY	Aeloria	Fenndral	4	1	5	Elyth Glacis — individualidade 7	Uma situação prática coloca sua natureza Glacis à prova. A resposta que você escolhe define como a manifestação será aperfeiçoada.	Repetir o fundamento e refinar o controle.	stat:VON>=6&skill:ELY_0206	ELYTH_11_08	xp=12;flag:elyth_11_refined=1	ELYTH_11_08	fatigue=1		Adaptar a técnica ao ambiente.	stat:PER>=7	ELYTH_11_08	xp=11;reputation=1	ELYTH_11_08	fatigue=1		NATURE_Glacis	nature:Glacis&flag:elyth_11_active	8
ELYTH_11_08	ELYTH	RARE	ANY	Aeloria	Fenndral	5	1	5	Elyth Glacis — individualidade 8	Uma situação prática coloca sua natureza Glacis à prova. A resposta que você escolhe define como a manifestação será aperfeiçoada.	Repetir o fundamento e refinar o controle.	stat:VON>=6&skill:ELY_0207	ELYTH_11_09	xp=13;flag:elyth_11_refined=1	ELYTH_11_09	fatigue=1		Adaptar a técnica ao ambiente.	stat:PER>=7	ELYTH_11_09	xp=12;reputation=1	ELYTH_11_09	fatigue=1		NATURE_Glacis	nature:Glacis&flag:elyth_11_active	8
ELYTH_11_09	ELYTH	RARE	ANY	Aeloria	Fenndral	5	1	5	Elyth Glacis — individualidade 9	Uma situação prática coloca sua natureza Glacis à prova. A resposta que você escolhe define como a manifestação será aperfeiçoada.	Repetir o fundamento e refinar o controle.	stat:VON>=6&skill:ELY_0208	ELYTH_11_10	xp=14;flag:elyth_11_refined=1	ELYTH_11_10	fatigue=1		Adaptar a técnica ao ambiente.	stat:PER>=7	ELYTH_11_10	xp=13;reputation=1	ELYTH_11_10	fatigue=1		NATURE_Glacis	nature:Glacis&flag:elyth_11_active	8
ELYTH_11_10	ELYTH	RARE	ANY	Aeloria	Fenndral	6	1	5	Elyth Glacis — técnica consolidada	Você encerra o ciclo de treinamento com uma noção mais clara da própria individualidade. A técnica pode permanecer como lembrança permanente da sua trajetória.	Consolidar a técnica.	NONE	END	xp=20;flag:elyth_11_complete=1;unflag:elyth_11_active	END	fatigue=1		Experimentar uma variação arriscada.	stat:TEC>=8	END	xp=26;fatigue=3;flag:elyth_11_complete=1;unflag:elyth_11_active	END	fatigue=1		NATURE_Glacis	nature:Glacis&flag:elyth_11_active	8
ELYTH_12_01	ELYTH	RARE	ANY	Tharun	Stone-Âmbar	2	1	5	Elyth Aether — despertar da individualidade	Sua natureza Aether reage a uma situação em Stone-Âmbar. Um exercício espontâneo revela que sua manifestação pessoal pode seguir um caminho que outros da mesma natureza não possuem.	Treinar a manifestação com disciplina.	stat:VON>=7	ELYTH_12_02	flag:elyth_12_started=1;flag:elyth_12_active=1;xp=6	ELYTH_12_02	flag:elyth_12_started=1;flag:elyth_12_active=1;fatigue=1		Forçar a manifestação.	stat:FOR>=7	ELYTH_12_03	flag:elyth_12_started=1;flag:elyth_12_active=1;fatigue=2;xp=4	ELYTH_12_03	flag:elyth_12_started=1;flag:elyth_12_active=1;fatigue=1		NATURE_Aether	nature:Aether&!flag:elyth_12_started	8
ELYTH_12_02	ELYTH	RARE	ANY	Tharun	Stone-Âmbar	2	1	5	Elyth Aether — individualidade 2	Uma situação prática coloca sua natureza Aether à prova. A resposta que você escolhe define como a manifestação será aperfeiçoada.	Repetir o fundamento e refinar o controle.	stat:VON>=6	ELYTH_12_03	xp=7;flag:elyth_12_refined=1	ELYTH_12_03	fatigue=1		Adaptar a técnica ao ambiente.	stat:PER>=7	ELYTH_12_03	xp=6;reputation=1	ELYTH_12_03	fatigue=1		NATURE_Aether	nature:Aether&flag:elyth_12_active	8
ELYTH_12_03	ELYTH	RARE	ANY	Tharun	Stone-Âmbar	2	1	5	Elyth Aether — individualidade 3	Uma situação prática coloca sua natureza Aether à prova. A resposta que você escolhe define como a manifestação será aperfeiçoada.	Repetir o fundamento e refinar o controle.	stat:VON>=6	ELYTH_12_04	xp=8;flag:elyth_12_refined=1	ELYTH_12_04	fatigue=1		Adaptar a técnica ao ambiente.	stat:PER>=7	ELYTH_12_04	xp=7;reputation=1	ELYTH_12_04	fatigue=1		NATURE_Aether	nature:Aether&flag:elyth_12_active	8
ELYTH_12_04	ELYTH	RARE	ANY	Tharun	Stone-Âmbar	3	1	5	Elyth Aether — individualidade 4	Uma situação prática coloca sua natureza Aether à prova. A resposta que você escolhe define como a manifestação será aperfeiçoada.	Repetir o fundamento e refinar o controle.	stat:VON>=6&skill:ELY_0223	ELYTH_12_05	xp=9;flag:elyth_12_refined=1	ELYTH_12_05	fatigue=1		Adaptar a técnica ao ambiente.	stat:PER>=7	ELYTH_12_05	xp=8;reputation=1	ELYTH_12_05	fatigue=1		NATURE_Aether	nature:Aether&flag:elyth_12_active	8
ELYTH_12_05	ELYTH	RARE	ANY	Tharun	Stone-Âmbar	3	1	5	Elyth Aether — individualidade 5	Uma situação prática coloca sua natureza Aether à prova. A resposta que você escolhe define como a manifestação será aperfeiçoada.	Repetir o fundamento e refinar o controle.	stat:VON>=6&skill:ELY_0224	ELYTH_12_06	xp=10;flag:elyth_12_refined=1	ELYTH_12_06	fatigue=1		Adaptar a técnica ao ambiente.	stat:PER>=7	ELYTH_12_06	xp=9;reputation=1	ELYTH_12_06	fatigue=1		NATURE_Aether	nature:Aether&flag:elyth_12_active	8
ELYTH_12_06	ELYTH	RARE	ANY	Tharun	Stone-Âmbar	4	1	5	Elyth Aether — individualidade 6	Uma situação prática coloca sua natureza Aether à prova. A resposta que você escolhe define como a manifestação será aperfeiçoada.	Repetir o fundamento e refinar o controle.	stat:VON>=6&skill:ELY_0225	ELYTH_12_07	xp=11;flag:elyth_12_refined=1	ELYTH_12_07	fatigue=1		Adaptar a técnica ao ambiente.	stat:PER>=7	ELYTH_12_07	xp=10;reputation=1	ELYTH_12_07	fatigue=1		NATURE_Aether	nature:Aether&flag:elyth_12_active	8
ELYTH_12_07	ELYTH	RARE	ANY	Tharun	Stone-Âmbar	4	1	5	Elyth Aether — individualidade 7	Uma situação prática coloca sua natureza Aether à prova. A resposta que você escolhe define como a manifestação será aperfeiçoada.	Repetir o fundamento e refinar o controle.	stat:VON>=6&skill:ELY_0226	ELYTH_12_08	xp=12;flag:elyth_12_refined=1	ELYTH_12_08	fatigue=1		Adaptar a técnica ao ambiente.	stat:PER>=7	ELYTH_12_08	xp=11;reputation=1	ELYTH_12_08	fatigue=1		NATURE_Aether	nature:Aether&flag:elyth_12_active	8
ELYTH_12_08	ELYTH	RARE	ANY	Tharun	Stone-Âmbar	5	1	5	Elyth Aether — individualidade 8	Uma situação prática coloca sua natureza Aether à prova. A resposta que você escolhe define como a manifestação será aperfeiçoada.	Repetir o fundamento e refinar o controle.	stat:VON>=6&skill:ELY_0227	ELYTH_12_09	xp=13;flag:elyth_12_refined=1	ELYTH_12_09	fatigue=1		Adaptar a técnica ao ambiente.	stat:PER>=7	ELYTH_12_09	xp=12;reputation=1	ELYTH_12_09	fatigue=1		NATURE_Aether	nature:Aether&flag:elyth_12_active	8
ELYTH_12_09	ELYTH	RARE	ANY	Tharun	Stone-Âmbar	5	1	5	Elyth Aether — individualidade 9	Uma situação prática coloca sua natureza Aether à prova. A resposta que você escolhe define como a manifestação será aperfeiçoada.	Repetir o fundamento e refinar o controle.	stat:VON>=6&skill:ELY_0228	ELYTH_12_10	xp=14;flag:elyth_12_refined=1	ELYTH_12_10	fatigue=1		Adaptar a técnica ao ambiente.	stat:PER>=7	ELYTH_12_10	xp=13;reputation=1	ELYTH_12_10	fatigue=1		NATURE_Aether	nature:Aether&flag:elyth_12_active	8
ELYTH_12_10	ELYTH	RARE	ANY	Tharun	Stone-Âmbar	6	1	5	Elyth Aether — técnica consolidada	Você encerra o ciclo de treinamento com uma noção mais clara da própria individualidade. A técnica pode permanecer como lembrança permanente da sua trajetória.	Consolidar a técnica.	NONE	END	xp=20;flag:elyth_12_complete=1;unflag:elyth_12_active	END	fatigue=1		Experimentar uma variação arriscada.	stat:TEC>=8	END	xp=26;fatigue=3;flag:elyth_12_complete=1;unflag:elyth_12_active	END	fatigue=1		NATURE_Aether	nature:Aether&flag:elyth_12_active	8
ELYTH_13_01	ELYTH	RARE	VALARYN	Nyssara	Emerald Tide	2	1	5	Elyth Claym — despertar da individualidade	Sua natureza Claym reage a uma situação em Emerald Tide. Um exercício espontâneo revela que sua manifestação pessoal pode seguir um caminho que outros da mesma natureza não possuem.	Treinar a manifestação com disciplina.	stat:VON>=7	ELYTH_13_02	flag:elyth_13_started=1;flag:elyth_13_active=1;xp=6	ELYTH_13_02	flag:elyth_13_started=1;flag:elyth_13_active=1;fatigue=1		Forçar a manifestação.	stat:FOR>=7	ELYTH_13_03	flag:elyth_13_started=1;flag:elyth_13_active=1;fatigue=2;xp=4	ELYTH_13_03	flag:elyth_13_started=1;flag:elyth_13_active=1;fatigue=1		NATURE_Claym	nature:Claym&!flag:elyth_13_started	8
ELYTH_13_02	ELYTH	RARE	VALARYN	Nyssara	Emerald Tide	2	1	5	Elyth Claym — individualidade 2	Uma situação prática coloca sua natureza Claym à prova. A resposta que você escolhe define como a manifestação será aperfeiçoada.	Repetir o fundamento e refinar o controle.	stat:VON>=6	ELYTH_13_03	xp=7;flag:elyth_13_refined=1	ELYTH_13_03	fatigue=1		Adaptar a técnica ao ambiente.	stat:PER>=7	ELYTH_13_03	xp=6;reputation=1	ELYTH_13_03	fatigue=1		NATURE_Claym	nature:Claym&flag:elyth_13_active	8
ELYTH_13_03	ELYTH	RARE	VALARYN	Nyssara	Emerald Tide	2	1	5	Elyth Claym — individualidade 3	Uma situação prática coloca sua natureza Claym à prova. A resposta que você escolhe define como a manifestação será aperfeiçoada.	Repetir o fundamento e refinar o controle.	stat:VON>=6	ELYTH_13_04	xp=8;flag:elyth_13_refined=1	ELYTH_13_04	fatigue=1		Adaptar a técnica ao ambiente.	stat:PER>=7	ELYTH_13_04	xp=7;reputation=1	ELYTH_13_04	fatigue=1		NATURE_Claym	nature:Claym&flag:elyth_13_active	8
ELYTH_13_04	ELYTH	RARE	VALARYN	Nyssara	Emerald Tide	3	1	5	Elyth Claym — individualidade 4	Uma situação prática coloca sua natureza Claym à prova. A resposta que você escolhe define como a manifestação será aperfeiçoada.	Repetir o fundamento e refinar o controle.	stat:VON>=6&skill:ELY_0243	ELYTH_13_05	xp=9;flag:elyth_13_refined=1	ELYTH_13_05	fatigue=1		Adaptar a técnica ao ambiente.	stat:PER>=7	ELYTH_13_05	xp=8;reputation=1	ELYTH_13_05	fatigue=1		NATURE_Claym	nature:Claym&flag:elyth_13_active	8
ELYTH_13_05	ELYTH	RARE	VALARYN	Nyssara	Emerald Tide	3	1	5	Elyth Claym — individualidade 5	Uma situação prática coloca sua natureza Claym à prova. A resposta que você escolhe define como a manifestação será aperfeiçoada.	Repetir o fundamento e refinar o controle.	stat:VON>=6&skill:ELY_0244	ELYTH_13_06	xp=10;flag:elyth_13_refined=1	ELYTH_13_06	fatigue=1		Adaptar a técnica ao ambiente.	stat:PER>=7	ELYTH_13_06	xp=9;reputation=1	ELYTH_13_06	fatigue=1		NATURE_Claym	nature:Claym&flag:elyth_13_active	8
ELYTH_13_06	ELYTH	RARE	VALARYN	Nyssara	Emerald Tide	4	1	5	Elyth Claym — individualidade 6	Uma situação prática coloca sua natureza Claym à prova. A resposta que você escolhe define como a manifestação será aperfeiçoada.	Repetir o fundamento e refinar o controle.	stat:VON>=6&skill:ELY_0245	ELYTH_13_07	xp=11;flag:elyth_13_refined=1	ELYTH_13_07	fatigue=1		Adaptar a técnica ao ambiente.	stat:PER>=7	ELYTH_13_07	xp=10;reputation=1	ELYTH_13_07	fatigue=1		NATURE_Claym	nature:Claym&flag:elyth_13_active	8
ELYTH_13_07	ELYTH	RARE	VALARYN	Nyssara	Emerald Tide	4	1	5	Elyth Claym — individualidade 7	Uma situação prática coloca sua natureza Claym à prova. A resposta que você escolhe define como a manifestação será aperfeiçoada.	Repetir o fundamento e refinar o controle.	stat:VON>=6&skill:ELY_0246	ELYTH_13_08	xp=12;flag:elyth_13_refined=1	ELYTH_13_08	fatigue=1		Adaptar a técnica ao ambiente.	stat:PER>=7	ELYTH_13_08	xp=11;reputation=1	ELYTH_13_08	fatigue=1		NATURE_Claym	nature:Claym&flag:elyth_13_active	8
ELYTH_13_08	ELYTH	RARE	VALARYN	Nyssara	Emerald Tide	5	1	5	Elyth Claym — individualidade 8	Uma situação prática coloca sua natureza Claym à prova. A resposta que você escolhe define como a manifestação será aperfeiçoada.	Repetir o fundamento e refinar o controle.	stat:VON>=6&skill:ELY_0247	ELYTH_13_09	xp=13;flag:elyth_13_refined=1	ELYTH_13_09	fatigue=1		Adaptar a técnica ao ambiente.	stat:PER>=7	ELYTH_13_09	xp=12;reputation=1	ELYTH_13_09	fatigue=1		NATURE_Claym	nature:Claym&flag:elyth_13_active	8
ELYTH_13_09	ELYTH	RARE	VALARYN	Nyssara	Emerald Tide	5	1	5	Elyth Claym — individualidade 9	Uma situação prática coloca sua natureza Claym à prova. A resposta que você escolhe define como a manifestação será aperfeiçoada.	Repetir o fundamento e refinar o controle.	stat:VON>=6&skill:ELY_0248	ELYTH_13_10	xp=14;flag:elyth_13_refined=1	ELYTH_13_10	fatigue=1		Adaptar a técnica ao ambiente.	stat:PER>=7	ELYTH_13_10	xp=13;reputation=1	ELYTH_13_10	fatigue=1		NATURE_Claym	nature:Claym&flag:elyth_13_active	8
ELYTH_13_10	ELYTH	RARE	VALARYN	Nyssara	Emerald Tide	6	1	5	Elyth Claym — técnica consolidada	Você encerra o ciclo de treinamento com uma noção mais clara da própria individualidade. A técnica pode permanecer como lembrança permanente da sua trajetória.	Consolidar a técnica.	NONE	END	xp=20;flag:elyth_13_complete=1;unflag:elyth_13_active	END	fatigue=1		Experimentar uma variação arriscada.	stat:TEC>=8	END	xp=26;fatigue=3;flag:elyth_13_complete=1;unflag:elyth_13_active	END	fatigue=1		NATURE_Claym	nature:Claym&flag:elyth_13_active	8
ELYTH_14_01	ELYTH	RARE	ANY	Valkyrion	Volmeria	2	1	5	Elyth Gale — despertar da individualidade	Sua natureza Gale reage a uma situação em Volmeria. Um exercício espontâneo revela que sua manifestação pessoal pode seguir um caminho que outros da mesma natureza não possuem.	Treinar a manifestação com disciplina.	stat:VON>=7	ELYTH_14_02	flag:elyth_14_started=1;flag:elyth_14_active=1;xp=6	ELYTH_14_02	flag:elyth_14_started=1;flag:elyth_14_active=1;fatigue=1		Forçar a manifestação.	stat:FOR>=7	ELYTH_14_03	flag:elyth_14_started=1;flag:elyth_14_active=1;fatigue=2;xp=4	ELYTH_14_03	flag:elyth_14_started=1;flag:elyth_14_active=1;fatigue=1		NATURE_Gale	nature:Gale&!flag:elyth_14_started	8
ELYTH_14_02	ELYTH	RARE	ANY	Valkyrion	Volmeria	2	1	5	Elyth Gale — individualidade 2	Uma situação prática coloca sua natureza Gale à prova. A resposta que você escolhe define como a manifestação será aperfeiçoada.	Repetir o fundamento e refinar o controle.	stat:VON>=6	ELYTH_14_03	xp=7;flag:elyth_14_refined=1	ELYTH_14_03	fatigue=1		Adaptar a técnica ao ambiente.	stat:PER>=7	ELYTH_14_03	xp=6;reputation=1	ELYTH_14_03	fatigue=1		NATURE_Gale	nature:Gale&flag:elyth_14_active	8
ELYTH_14_03	ELYTH	RARE	ANY	Valkyrion	Volmeria	2	1	5	Elyth Gale — individualidade 3	Uma situação prática coloca sua natureza Gale à prova. A resposta que você escolhe define como a manifestação será aperfeiçoada.	Repetir o fundamento e refinar o controle.	stat:VON>=6	ELYTH_14_04	xp=8;flag:elyth_14_refined=1	ELYTH_14_04	fatigue=1		Adaptar a técnica ao ambiente.	stat:PER>=7	ELYTH_14_04	xp=7;reputation=1	ELYTH_14_04	fatigue=1		NATURE_Gale	nature:Gale&flag:elyth_14_active	8
ELYTH_14_04	ELYTH	RARE	ANY	Valkyrion	Volmeria	3	1	5	Elyth Gale — individualidade 4	Uma situação prática coloca sua natureza Gale à prova. A resposta que você escolhe define como a manifestação será aperfeiçoada.	Repetir o fundamento e refinar o controle.	stat:VON>=6&skill:ELY_0263	ELYTH_14_05	xp=9;flag:elyth_14_refined=1	ELYTH_14_05	fatigue=1		Adaptar a técnica ao ambiente.	stat:PER>=7	ELYTH_14_05	xp=8;reputation=1	ELYTH_14_05	fatigue=1		NATURE_Gale	nature:Gale&flag:elyth_14_active	8
ELYTH_14_05	ELYTH	RARE	ANY	Valkyrion	Volmeria	3	1	5	Elyth Gale — individualidade 5	Uma situação prática coloca sua natureza Gale à prova. A resposta que você escolhe define como a manifestação será aperfeiçoada.	Repetir o fundamento e refinar o controle.	stat:VON>=6&skill:ELY_0264	ELYTH_14_06	xp=10;flag:elyth_14_refined=1	ELYTH_14_06	fatigue=1		Adaptar a técnica ao ambiente.	stat:PER>=7	ELYTH_14_06	xp=9;reputation=1	ELYTH_14_06	fatigue=1		NATURE_Gale	nature:Gale&flag:elyth_14_active	8
ELYTH_14_06	ELYTH	RARE	ANY	Valkyrion	Volmeria	4	1	5	Elyth Gale — individualidade 6	Uma situação prática coloca sua natureza Gale à prova. A resposta que você escolhe define como a manifestação será aperfeiçoada.	Repetir o fundamento e refinar o controle.	stat:VON>=6&skill:ELY_0265	ELYTH_14_07	xp=11;flag:elyth_14_refined=1	ELYTH_14_07	fatigue=1		Adaptar a técnica ao ambiente.	stat:PER>=7	ELYTH_14_07	xp=10;reputation=1	ELYTH_14_07	fatigue=1		NATURE_Gale	nature:Gale&flag:elyth_14_active	8
ELYTH_14_07	ELYTH	RARE	ANY	Valkyrion	Volmeria	4	1	5	Elyth Gale — individualidade 7	Uma situação prática coloca sua natureza Gale à prova. A resposta que você escolhe define como a manifestação será aperfeiçoada.	Repetir o fundamento e refinar o controle.	stat:VON>=6&skill:ELY_0266	ELYTH_14_08	xp=12;flag:elyth_14_refined=1	ELYTH_14_08	fatigue=1		Adaptar a técnica ao ambiente.	stat:PER>=7	ELYTH_14_08	xp=11;reputation=1	ELYTH_14_08	fatigue=1		NATURE_Gale	nature:Gale&flag:elyth_14_active	8
ELYTH_14_08	ELYTH	RARE	ANY	Valkyrion	Volmeria	5	1	5	Elyth Gale — individualidade 8	Uma situação prática coloca sua natureza Gale à prova. A resposta que você escolhe define como a manifestação será aperfeiçoada.	Repetir o fundamento e refinar o controle.	stat:VON>=6&skill:ELY_0267	ELYTH_14_09	xp=13;flag:elyth_14_refined=1	ELYTH_14_09	fatigue=1		Adaptar a técnica ao ambiente.	stat:PER>=7	ELYTH_14_09	xp=12;reputation=1	ELYTH_14_09	fatigue=1		NATURE_Gale	nature:Gale&flag:elyth_14_active	8
ELYTH_14_09	ELYTH	RARE	ANY	Valkyrion	Volmeria	5	1	5	Elyth Gale — individualidade 9	Uma situação prática coloca sua natureza Gale à prova. A resposta que você escolhe define como a manifestação será aperfeiçoada.	Repetir o fundamento e refinar o controle.	stat:VON>=6&skill:ELY_0268	ELYTH_14_10	xp=14;flag:elyth_14_refined=1	ELYTH_14_10	fatigue=1		Adaptar a técnica ao ambiente.	stat:PER>=7	ELYTH_14_10	xp=13;reputation=1	ELYTH_14_10	fatigue=1		NATURE_Gale	nature:Gale&flag:elyth_14_active	8
ELYTH_14_10	ELYTH	RARE	ANY	Valkyrion	Volmeria	6	1	5	Elyth Gale — técnica consolidada	Você encerra o ciclo de treinamento com uma noção mais clara da própria individualidade. A técnica pode permanecer como lembrança permanente da sua trajetória.	Consolidar a técnica.	NONE	END	xp=20;flag:elyth_14_complete=1;unflag:elyth_14_active	END	fatigue=1		Experimentar uma variação arriscada.	stat:TEC>=8	END	xp=26;fatigue=3;flag:elyth_14_complete=1;unflag:elyth_14_active	END	fatigue=1		NATURE_Gale	nature:Gale&flag:elyth_14_active	8
ELYTH_15_01	ELYTH	RARE	ANY	Eshmara	Brumas	2	1	5	Elyth Mist — despertar da individualidade	Sua natureza Mist reage a uma situação em Brumas. Um exercício espontâneo revela que sua manifestação pessoal pode seguir um caminho que outros da mesma natureza não possuem.	Treinar a manifestação com disciplina.	stat:VON>=7	ELYTH_15_02	flag:elyth_15_started=1;flag:elyth_15_active=1;xp=6	ELYTH_15_02	flag:elyth_15_started=1;flag:elyth_15_active=1;fatigue=1		Forçar a manifestação.	stat:FOR>=7	ELYTH_15_03	flag:elyth_15_started=1;flag:elyth_15_active=1;fatigue=2;xp=4	ELYTH_15_03	flag:elyth_15_started=1;flag:elyth_15_active=1;fatigue=1		NATURE_Mist	nature:Mist&!flag:elyth_15_started	8
ELYTH_15_02	ELYTH	RARE	ANY	Eshmara	Brumas	2	1	5	Elyth Mist — individualidade 2	Uma situação prática coloca sua natureza Mist à prova. A resposta que você escolhe define como a manifestação será aperfeiçoada.	Repetir o fundamento e refinar o controle.	stat:VON>=6	ELYTH_15_03	xp=7;flag:elyth_15_refined=1	ELYTH_15_03	fatigue=1		Adaptar a técnica ao ambiente.	stat:PER>=7	ELYTH_15_03	xp=6;reputation=1	ELYTH_15_03	fatigue=1		NATURE_Mist	nature:Mist&flag:elyth_15_active	8
ELYTH_15_03	ELYTH	RARE	ANY	Eshmara	Brumas	2	1	5	Elyth Mist — individualidade 3	Uma situação prática coloca sua natureza Mist à prova. A resposta que você escolhe define como a manifestação será aperfeiçoada.	Repetir o fundamento e refinar o controle.	stat:VON>=6	ELYTH_15_04	xp=8;flag:elyth_15_refined=1	ELYTH_15_04	fatigue=1		Adaptar a técnica ao ambiente.	stat:PER>=7	ELYTH_15_04	xp=7;reputation=1	ELYTH_15_04	fatigue=1		NATURE_Mist	nature:Mist&flag:elyth_15_active	8
ELYTH_15_04	ELYTH	RARE	ANY	Eshmara	Brumas	3	1	5	Elyth Mist — individualidade 4	Uma situação prática coloca sua natureza Mist à prova. A resposta que você escolhe define como a manifestação será aperfeiçoada.	Repetir o fundamento e refinar o controle.	stat:VON>=6&skill:ELY_0283	ELYTH_15_05	xp=9;flag:elyth_15_refined=1	ELYTH_15_05	fatigue=1		Adaptar a técnica ao ambiente.	stat:PER>=7	ELYTH_15_05	xp=8;reputation=1	ELYTH_15_05	fatigue=1		NATURE_Mist	nature:Mist&flag:elyth_15_active	8
ELYTH_15_05	ELYTH	RARE	ANY	Eshmara	Brumas	3	1	5	Elyth Mist — individualidade 5	Uma situação prática coloca sua natureza Mist à prova. A resposta que você escolhe define como a manifestação será aperfeiçoada.	Repetir o fundamento e refinar o controle.	stat:VON>=6&skill:ELY_0284	ELYTH_15_06	xp=10;flag:elyth_15_refined=1	ELYTH_15_06	fatigue=1		Adaptar a técnica ao ambiente.	stat:PER>=7	ELYTH_15_06	xp=9;reputation=1	ELYTH_15_06	fatigue=1		NATURE_Mist	nature:Mist&flag:elyth_15_active	8
ELYTH_15_06	ELYTH	RARE	ANY	Eshmara	Brumas	4	1	5	Elyth Mist — individualidade 6	Uma situação prática coloca sua natureza Mist à prova. A resposta que você escolhe define como a manifestação será aperfeiçoada.	Repetir o fundamento e refinar o controle.	stat:VON>=6&skill:ELY_0285	ELYTH_15_07	xp=11;flag:elyth_15_refined=1	ELYTH_15_07	fatigue=1		Adaptar a técnica ao ambiente.	stat:PER>=7	ELYTH_15_07	xp=10;reputation=1	ELYTH_15_07	fatigue=1		NATURE_Mist	nature:Mist&flag:elyth_15_active	8
ELYTH_15_07	ELYTH	RARE	ANY	Eshmara	Brumas	4	1	5	Elyth Mist — individualidade 7	Uma situação prática coloca sua natureza Mist à prova. A resposta que você escolhe define como a manifestação será aperfeiçoada.	Repetir o fundamento e refinar o controle.	stat:VON>=6&skill:ELY_0286	ELYTH_15_08	xp=12;flag:elyth_15_refined=1	ELYTH_15_08	fatigue=1		Adaptar a técnica ao ambiente.	stat:PER>=7	ELYTH_15_08	xp=11;reputation=1	ELYTH_15_08	fatigue=1		NATURE_Mist	nature:Mist&flag:elyth_15_active	8
ELYTH_15_08	ELYTH	RARE	ANY	Eshmara	Brumas	5	1	5	Elyth Mist — individualidade 8	Uma situação prática coloca sua natureza Mist à prova. A resposta que você escolhe define como a manifestação será aperfeiçoada.	Repetir o fundamento e refinar o controle.	stat:VON>=6&skill:ELY_0287	ELYTH_15_09	xp=13;flag:elyth_15_refined=1	ELYTH_15_09	fatigue=1		Adaptar a técnica ao ambiente.	stat:PER>=7	ELYTH_15_09	xp=12;reputation=1	ELYTH_15_09	fatigue=1		NATURE_Mist	nature:Mist&flag:elyth_15_active	8
ELYTH_15_09	ELYTH	RARE	ANY	Eshmara	Brumas	5	1	5	Elyth Mist — individualidade 9	Uma situação prática coloca sua natureza Mist à prova. A resposta que você escolhe define como a manifestação será aperfeiçoada.	Repetir o fundamento e refinar o controle.	stat:VON>=6&skill:ELY_0288	ELYTH_15_10	xp=14;flag:elyth_15_refined=1	ELYTH_15_10	fatigue=1		Adaptar a técnica ao ambiente.	stat:PER>=7	ELYTH_15_10	xp=13;reputation=1	ELYTH_15_10	fatigue=1		NATURE_Mist	nature:Mist&flag:elyth_15_active	8
ELYTH_15_10	ELYTH	RARE	ANY	Eshmara	Brumas	6	1	5	Elyth Mist — técnica consolidada	Você encerra o ciclo de treinamento com uma noção mais clara da própria individualidade. A técnica pode permanecer como lembrança permanente da sua trajetória.	Consolidar a técnica.	NONE	END	xp=20;flag:elyth_15_complete=1;unflag:elyth_15_active	END	fatigue=1		Experimentar uma variação arriscada.	stat:TEC>=8	END	xp=26;fatigue=3;flag:elyth_15_complete=1;unflag:elyth_15_active	END	fatigue=1		NATURE_Mist	nature:Mist&flag:elyth_15_active	8
ELYTH_16_01	ELYTH	RARE	ANY	Kethruun	Sandbones	2	1	5	Elyth Solar — despertar da individualidade	Sua natureza Solar reage a uma situação em Sandbones. Um exercício espontâneo revela que sua manifestação pessoal pode seguir um caminho que outros da mesma natureza não possuem.	Treinar a manifestação com disciplina.	stat:VON>=7	ELYTH_16_02	flag:elyth_16_started=1;flag:elyth_16_active=1;xp=6	ELYTH_16_02	flag:elyth_16_started=1;flag:elyth_16_active=1;fatigue=1		Forçar a manifestação.	stat:FOR>=7	ELYTH_16_03	flag:elyth_16_started=1;flag:elyth_16_active=1;fatigue=2;xp=4	ELYTH_16_03	flag:elyth_16_started=1;flag:elyth_16_active=1;fatigue=1		NATURE_Solar	nature:Solar&!flag:elyth_16_started	8
ELYTH_16_02	ELYTH	RARE	ANY	Kethruun	Sandbones	2	1	5	Elyth Solar — individualidade 2	Uma situação prática coloca sua natureza Solar à prova. A resposta que você escolhe define como a manifestação será aperfeiçoada.	Repetir o fundamento e refinar o controle.	stat:VON>=6	ELYTH_16_03	xp=7;flag:elyth_16_refined=1	ELYTH_16_03	fatigue=1		Adaptar a técnica ao ambiente.	stat:PER>=7	ELYTH_16_03	xp=6;reputation=1	ELYTH_16_03	fatigue=1		NATURE_Solar	nature:Solar&flag:elyth_16_active	8
ELYTH_16_03	ELYTH	RARE	ANY	Kethruun	Sandbones	2	1	5	Elyth Solar — individualidade 3	Uma situação prática coloca sua natureza Solar à prova. A resposta que você escolhe define como a manifestação será aperfeiçoada.	Repetir o fundamento e refinar o controle.	stat:VON>=6	ELYTH_16_04	xp=8;flag:elyth_16_refined=1	ELYTH_16_04	fatigue=1		Adaptar a técnica ao ambiente.	stat:PER>=7	ELYTH_16_04	xp=7;reputation=1	ELYTH_16_04	fatigue=1		NATURE_Solar	nature:Solar&flag:elyth_16_active	8
ELYTH_16_04	ELYTH	RARE	ANY	Kethruun	Sandbones	3	1	5	Elyth Solar — individualidade 4	Uma situação prática coloca sua natureza Solar à prova. A resposta que você escolhe define como a manifestação será aperfeiçoada.	Repetir o fundamento e refinar o controle.	stat:VON>=6&skill:ELY_0303	ELYTH_16_05	xp=9;flag:elyth_16_refined=1	ELYTH_16_05	fatigue=1		Adaptar a técnica ao ambiente.	stat:PER>=7	ELYTH_16_05	xp=8;reputation=1	ELYTH_16_05	fatigue=1		NATURE_Solar	nature:Solar&flag:elyth_16_active	8
ELYTH_16_05	ELYTH	RARE	ANY	Kethruun	Sandbones	3	1	5	Elyth Solar — individualidade 5	Uma situação prática coloca sua natureza Solar à prova. A resposta que você escolhe define como a manifestação será aperfeiçoada.	Repetir o fundamento e refinar o controle.	stat:VON>=6&skill:ELY_0304	ELYTH_16_06	xp=10;flag:elyth_16_refined=1	ELYTH_16_06	fatigue=1		Adaptar a técnica ao ambiente.	stat:PER>=7	ELYTH_16_06	xp=9;reputation=1	ELYTH_16_06	fatigue=1		NATURE_Solar	nature:Solar&flag:elyth_16_active	8
ELYTH_16_06	ELYTH	RARE	ANY	Kethruun	Sandbones	4	1	5	Elyth Solar — individualidade 6	Uma situação prática coloca sua natureza Solar à prova. A resposta que você escolhe define como a manifestação será aperfeiçoada.	Repetir o fundamento e refinar o controle.	stat:VON>=6&skill:ELY_0305	ELYTH_16_07	xp=11;flag:elyth_16_refined=1	ELYTH_16_07	fatigue=1		Adaptar a técnica ao ambiente.	stat:PER>=7	ELYTH_16_07	xp=10;reputation=1	ELYTH_16_07	fatigue=1		NATURE_Solar	nature:Solar&flag:elyth_16_active	8
ELYTH_16_07	ELYTH	RARE	ANY	Kethruun	Sandbones	4	1	5	Elyth Solar — individualidade 7	Uma situação prática coloca sua natureza Solar à prova. A resposta que você escolhe define como a manifestação será aperfeiçoada.	Repetir o fundamento e refinar o controle.	stat:VON>=6&skill:ELY_0306	ELYTH_16_08	xp=12;flag:elyth_16_refined=1	ELYTH_16_08	fatigue=1		Adaptar a técnica ao ambiente.	stat:PER>=7	ELYTH_16_08	xp=11;reputation=1	ELYTH_16_08	fatigue=1		NATURE_Solar	nature:Solar&flag:elyth_16_active	8
ELYTH_16_08	ELYTH	RARE	ANY	Kethruun	Sandbones	5	1	5	Elyth Solar — individualidade 8	Uma situação prática coloca sua natureza Solar à prova. A resposta que você escolhe define como a manifestação será aperfeiçoada.	Repetir o fundamento e refinar o controle.	stat:VON>=6&skill:ELY_0307	ELYTH_16_09	xp=13;flag:elyth_16_refined=1	ELYTH_16_09	fatigue=1		Adaptar a técnica ao ambiente.	stat:PER>=7	ELYTH_16_09	xp=12;reputation=1	ELYTH_16_09	fatigue=1		NATURE_Solar	nature:Solar&flag:elyth_16_active	8
ELYTH_16_09	ELYTH	RARE	ANY	Kethruun	Sandbones	5	1	5	Elyth Solar — individualidade 9	Uma situação prática coloca sua natureza Solar à prova. A resposta que você escolhe define como a manifestação será aperfeiçoada.	Repetir o fundamento e refinar o controle.	stat:VON>=6&skill:ELY_0308	ELYTH_16_10	xp=14;flag:elyth_16_refined=1	ELYTH_16_10	fatigue=1		Adaptar a técnica ao ambiente.	stat:PER>=7	ELYTH_16_10	xp=13;reputation=1	ELYTH_16_10	fatigue=1		NATURE_Solar	nature:Solar&flag:elyth_16_active	8
ELYTH_16_10	ELYTH	RARE	ANY	Kethruun	Sandbones	6	1	5	Elyth Solar — técnica consolidada	Você encerra o ciclo de treinamento com uma noção mais clara da própria individualidade. A técnica pode permanecer como lembrança permanente da sua trajetória.	Consolidar a técnica.	NONE	END	xp=20;flag:elyth_16_complete=1;unflag:elyth_16_active	END	fatigue=1		Experimentar uma variação arriscada.	stat:TEC>=8	END	xp=26;fatigue=3;flag:elyth_16_complete=1;unflag:elyth_16_active	END	fatigue=1		NATURE_Solar	nature:Solar&flag:elyth_16_active	8
ELYTH_17_01	ELYTH	RARE	VALARYN	Orinthal	Crystalia	2	1	5	Elyth Gravon — despertar da individualidade	Sua natureza Gravon reage a uma situação em Crystalia. Um exercício espontâneo revela que sua manifestação pessoal pode seguir um caminho que outros da mesma natureza não possuem.	Treinar a manifestação com disciplina.	stat:VON>=7	ELYTH_17_02	flag:elyth_17_started=1;flag:elyth_17_active=1;xp=6	ELYTH_17_02	flag:elyth_17_started=1;flag:elyth_17_active=1;fatigue=1		Forçar a manifestação.	stat:FOR>=7	ELYTH_17_03	flag:elyth_17_started=1;flag:elyth_17_active=1;fatigue=2;xp=4	ELYTH_17_03	flag:elyth_17_started=1;flag:elyth_17_active=1;fatigue=1		NATURE_Gravon	nature:Gravon&!flag:elyth_17_started	8
ELYTH_17_02	ELYTH	RARE	VALARYN	Orinthal	Crystalia	2	1	5	Elyth Gravon — individualidade 2	Uma situação prática coloca sua natureza Gravon à prova. A resposta que você escolhe define como a manifestação será aperfeiçoada.	Repetir o fundamento e refinar o controle.	stat:VON>=6	ELYTH_17_03	xp=7;flag:elyth_17_refined=1	ELYTH_17_03	fatigue=1		Adaptar a técnica ao ambiente.	stat:PER>=7	ELYTH_17_03	xp=6;reputation=1	ELYTH_17_03	fatigue=1		NATURE_Gravon	nature:Gravon&flag:elyth_17_active	8
ELYTH_17_03	ELYTH	RARE	VALARYN	Orinthal	Crystalia	2	1	5	Elyth Gravon — individualidade 3	Uma situação prática coloca sua natureza Gravon à prova. A resposta que você escolhe define como a manifestação será aperfeiçoada.	Repetir o fundamento e refinar o controle.	stat:VON>=6	ELYTH_17_04	xp=8;flag:elyth_17_refined=1	ELYTH_17_04	fatigue=1		Adaptar a técnica ao ambiente.	stat:PER>=7	ELYTH_17_04	xp=7;reputation=1	ELYTH_17_04	fatigue=1		NATURE_Gravon	nature:Gravon&flag:elyth_17_active	8
ELYTH_17_04	ELYTH	RARE	VALARYN	Orinthal	Crystalia	3	1	5	Elyth Gravon — individualidade 4	Uma situação prática coloca sua natureza Gravon à prova. A resposta que você escolhe define como a manifestação será aperfeiçoada.	Repetir o fundamento e refinar o controle.	stat:VON>=6&skill:ELY_0323	ELYTH_17_05	xp=9;flag:elyth_17_refined=1	ELYTH_17_05	fatigue=1		Adaptar a técnica ao ambiente.	stat:PER>=7	ELYTH_17_05	xp=8;reputation=1	ELYTH_17_05	fatigue=1		NATURE_Gravon	nature:Gravon&flag:elyth_17_active	8
ELYTH_17_05	ELYTH	RARE	VALARYN	Orinthal	Crystalia	3	1	5	Elyth Gravon — individualidade 5	Uma situação prática coloca sua natureza Gravon à prova. A resposta que você escolhe define como a manifestação será aperfeiçoada.	Repetir o fundamento e refinar o controle.	stat:VON>=6&skill:ELY_0324	ELYTH_17_06	xp=10;flag:elyth_17_refined=1	ELYTH_17_06	fatigue=1		Adaptar a técnica ao ambiente.	stat:PER>=7	ELYTH_17_06	xp=9;reputation=1	ELYTH_17_06	fatigue=1		NATURE_Gravon	nature:Gravon&flag:elyth_17_active	8
ELYTH_17_06	ELYTH	RARE	VALARYN	Orinthal	Crystalia	4	1	5	Elyth Gravon — individualidade 6	Uma situação prática coloca sua natureza Gravon à prova. A resposta que você escolhe define como a manifestação será aperfeiçoada.	Repetir o fundamento e refinar o controle.	stat:VON>=6&skill:ELY_0325	ELYTH_17_07	xp=11;flag:elyth_17_refined=1	ELYTH_17_07	fatigue=1		Adaptar a técnica ao ambiente.	stat:PER>=7	ELYTH_17_07	xp=10;reputation=1	ELYTH_17_07	fatigue=1		NATURE_Gravon	nature:Gravon&flag:elyth_17_active	8
ELYTH_17_07	ELYTH	RARE	VALARYN	Orinthal	Crystalia	4	1	5	Elyth Gravon — individualidade 7	Uma situação prática coloca sua natureza Gravon à prova. A resposta que você escolhe define como a manifestação será aperfeiçoada.	Repetir o fundamento e refinar o controle.	stat:VON>=6&skill:ELY_0326	ELYTH_17_08	xp=12;flag:elyth_17_refined=1	ELYTH_17_08	fatigue=1		Adaptar a técnica ao ambiente.	stat:PER>=7	ELYTH_17_08	xp=11;reputation=1	ELYTH_17_08	fatigue=1		NATURE_Gravon	nature:Gravon&flag:elyth_17_active	8
ELYTH_17_08	ELYTH	RARE	VALARYN	Orinthal	Crystalia	5	1	5	Elyth Gravon — individualidade 8	Uma situação prática coloca sua natureza Gravon à prova. A resposta que você escolhe define como a manifestação será aperfeiçoada.	Repetir o fundamento e refinar o controle.	stat:VON>=6&skill:ELY_0327	ELYTH_17_09	xp=13;flag:elyth_17_refined=1	ELYTH_17_09	fatigue=1		Adaptar a técnica ao ambiente.	stat:PER>=7	ELYTH_17_09	xp=12;reputation=1	ELYTH_17_09	fatigue=1		NATURE_Gravon	nature:Gravon&flag:elyth_17_active	8
ELYTH_17_09	ELYTH	RARE	VALARYN	Orinthal	Crystalia	5	1	5	Elyth Gravon — individualidade 9	Uma situação prática coloca sua natureza Gravon à prova. A resposta que você escolhe define como a manifestação será aperfeiçoada.	Repetir o fundamento e refinar o controle.	stat:VON>=6&skill:ELY_0328	ELYTH_17_10	xp=14;flag:elyth_17_refined=1	ELYTH_17_10	fatigue=1		Adaptar a técnica ao ambiente.	stat:PER>=7	ELYTH_17_10	xp=13;reputation=1	ELYTH_17_10	fatigue=1		NATURE_Gravon	nature:Gravon&flag:elyth_17_active	8
ELYTH_17_10	ELYTH	RARE	VALARYN	Orinthal	Crystalia	6	1	5	Elyth Gravon — técnica consolidada	Você encerra o ciclo de treinamento com uma noção mais clara da própria individualidade. A técnica pode permanecer como lembrança permanente da sua trajetória.	Consolidar a técnica.	NONE	END	xp=20;flag:elyth_17_complete=1;unflag:elyth_17_active	END	fatigue=1		Experimentar uma variação arriscada.	stat:TEC>=8	END	xp=26;fatigue=3;flag:elyth_17_complete=1;unflag:elyth_17_active	END	fatigue=1		NATURE_Gravon	nature:Gravon&flag:elyth_17_active	8
ELYTH_18_01	ELYTH	RARE	ANY	Zarim	Fornalia	2	1	5	Elyth Chrona — despertar da individualidade	Sua natureza Chrona reage a uma situação em Fornalia. Um exercício espontâneo revela que sua manifestação pessoal pode seguir um caminho que outros da mesma natureza não possuem.	Treinar a manifestação com disciplina.	stat:VON>=7	ELYTH_18_02	flag:elyth_18_started=1;flag:elyth_18_active=1;xp=6	ELYTH_18_02	flag:elyth_18_started=1;flag:elyth_18_active=1;fatigue=1		Forçar a manifestação.	stat:FOR>=7	ELYTH_18_03	flag:elyth_18_started=1;flag:elyth_18_active=1;fatigue=2;xp=4	ELYTH_18_03	flag:elyth_18_started=1;flag:elyth_18_active=1;fatigue=1		NATURE_Chrona	nature:Chrona&!flag:elyth_18_started	8
ELYTH_18_02	ELYTH	RARE	ANY	Zarim	Fornalia	2	1	5	Elyth Chrona — individualidade 2	Uma situação prática coloca sua natureza Chrona à prova. A resposta que você escolhe define como a manifestação será aperfeiçoada.	Repetir o fundamento e refinar o controle.	stat:VON>=6	ELYTH_18_03	xp=7;flag:elyth_18_refined=1	ELYTH_18_03	fatigue=1		Adaptar a técnica ao ambiente.	stat:PER>=7	ELYTH_18_03	xp=6;reputation=1	ELYTH_18_03	fatigue=1		NATURE_Chrona	nature:Chrona&flag:elyth_18_active	8
ELYTH_18_03	ELYTH	RARE	ANY	Zarim	Fornalia	2	1	5	Elyth Chrona — individualidade 3	Uma situação prática coloca sua natureza Chrona à prova. A resposta que você escolhe define como a manifestação será aperfeiçoada.	Repetir o fundamento e refinar o controle.	stat:VON>=6	ELYTH_18_04	xp=8;flag:elyth_18_refined=1	ELYTH_18_04	fatigue=1		Adaptar a técnica ao ambiente.	stat:PER>=7	ELYTH_18_04	xp=7;reputation=1	ELYTH_18_04	fatigue=1		NATURE_Chrona	nature:Chrona&flag:elyth_18_active	8
ELYTH_18_04	ELYTH	RARE	ANY	Zarim	Fornalia	3	1	5	Elyth Chrona — individualidade 4	Uma situação prática coloca sua natureza Chrona à prova. A resposta que você escolhe define como a manifestação será aperfeiçoada.	Repetir o fundamento e refinar o controle.	stat:VON>=6&skill:ELY_0343	ELYTH_18_05	xp=9;flag:elyth_18_refined=1	ELYTH_18_05	fatigue=1		Adaptar a técnica ao ambiente.	stat:PER>=7	ELYTH_18_05	xp=8;reputation=1	ELYTH_18_05	fatigue=1		NATURE_Chrona	nature:Chrona&flag:elyth_18_active	8
ELYTH_18_05	ELYTH	RARE	ANY	Zarim	Fornalia	3	1	5	Elyth Chrona — individualidade 5	Uma situação prática coloca sua natureza Chrona à prova. A resposta que você escolhe define como a manifestação será aperfeiçoada.	Repetir o fundamento e refinar o controle.	stat:VON>=6&skill:ELY_0344	ELYTH_18_06	xp=10;flag:elyth_18_refined=1	ELYTH_18_06	fatigue=1		Adaptar a técnica ao ambiente.	stat:PER>=7	ELYTH_18_06	xp=9;reputation=1	ELYTH_18_06	fatigue=1		NATURE_Chrona	nature:Chrona&flag:elyth_18_active	8
ELYTH_18_06	ELYTH	RARE	ANY	Zarim	Fornalia	4	1	5	Elyth Chrona — individualidade 6	Uma situação prática coloca sua natureza Chrona à prova. A resposta que você escolhe define como a manifestação será aperfeiçoada.	Repetir o fundamento e refinar o controle.	stat:VON>=6&skill:ELY_0345	ELYTH_18_07	xp=11;flag:elyth_18_refined=1	ELYTH_18_07	fatigue=1		Adaptar a técnica ao ambiente.	stat:PER>=7	ELYTH_18_07	xp=10;reputation=1	ELYTH_18_07	fatigue=1		NATURE_Chrona	nature:Chrona&flag:elyth_18_active	8
ELYTH_18_07	ELYTH	RARE	ANY	Zarim	Fornalia	4	1	5	Elyth Chrona — individualidade 7	Uma situação prática coloca sua natureza Chrona à prova. A resposta que você escolhe define como a manifestação será aperfeiçoada.	Repetir o fundamento e refinar o controle.	stat:VON>=6&skill:ELY_0346	ELYTH_18_08	xp=12;flag:elyth_18_refined=1	ELYTH_18_08	fatigue=1		Adaptar a técnica ao ambiente.	stat:PER>=7	ELYTH_18_08	xp=11;reputation=1	ELYTH_18_08	fatigue=1		NATURE_Chrona	nature:Chrona&flag:elyth_18_active	8
ELYTH_18_08	ELYTH	RARE	ANY	Zarim	Fornalia	5	1	5	Elyth Chrona — individualidade 8	Uma situação prática coloca sua natureza Chrona à prova. A resposta que você escolhe define como a manifestação será aperfeiçoada.	Repetir o fundamento e refinar o controle.	stat:VON>=6&skill:ELY_0347	ELYTH_18_09	xp=13;flag:elyth_18_refined=1	ELYTH_18_09	fatigue=1		Adaptar a técnica ao ambiente.	stat:PER>=7	ELYTH_18_09	xp=12;reputation=1	ELYTH_18_09	fatigue=1		NATURE_Chrona	nature:Chrona&flag:elyth_18_active	8
ELYTH_18_09	ELYTH	RARE	ANY	Zarim	Fornalia	5	1	5	Elyth Chrona — individualidade 9	Uma situação prática coloca sua natureza Chrona à prova. A resposta que você escolhe define como a manifestação será aperfeiçoada.	Repetir o fundamento e refinar o controle.	stat:VON>=6&skill:ELY_0348	ELYTH_18_10	xp=14;flag:elyth_18_refined=1	ELYTH_18_10	fatigue=1		Adaptar a técnica ao ambiente.	stat:PER>=7	ELYTH_18_10	xp=13;reputation=1	ELYTH_18_10	fatigue=1		NATURE_Chrona	nature:Chrona&flag:elyth_18_active	8
ELYTH_18_10	ELYTH	RARE	ANY	Zarim	Fornalia	6	1	5	Elyth Chrona — técnica consolidada	Você encerra o ciclo de treinamento com uma noção mais clara da própria individualidade. A técnica pode permanecer como lembrança permanente da sua trajetória.	Consolidar a técnica.	NONE	END	xp=20;flag:elyth_18_complete=1;unflag:elyth_18_active	END	fatigue=1		Experimentar uma variação arriscada.	stat:TEC>=8	END	xp=26;fatigue=3;flag:elyth_18_complete=1;unflag:elyth_18_active	END	fatigue=1		NATURE_Chrona	nature:Chrona&flag:elyth_18_active	8
ELYTH_19_01	ELYTH	RARE	ANY	Lyrien	Aerocivitus	2	1	5	Elyth Stone — despertar da individualidade	Sua natureza Stone reage a uma situação em Aerocivitus. Um exercício espontâneo revela que sua manifestação pessoal pode seguir um caminho que outros da mesma natureza não possuem.	Treinar a manifestação com disciplina.	stat:VON>=7	ELYTH_19_02	flag:elyth_19_started=1;flag:elyth_19_active=1;xp=6	ELYTH_19_02	flag:elyth_19_started=1;flag:elyth_19_active=1;fatigue=1		Forçar a manifestação.	stat:FOR>=7	ELYTH_19_03	flag:elyth_19_started=1;flag:elyth_19_active=1;fatigue=2;xp=4	ELYTH_19_03	flag:elyth_19_started=1;flag:elyth_19_active=1;fatigue=1		NATURE_Stone	nature:Stone&!flag:elyth_19_started	8
ELYTH_19_02	ELYTH	RARE	ANY	Lyrien	Aerocivitus	2	1	5	Elyth Stone — individualidade 2	Uma situação prática coloca sua natureza Stone à prova. A resposta que você escolhe define como a manifestação será aperfeiçoada.	Repetir o fundamento e refinar o controle.	stat:VON>=6	ELYTH_19_03	xp=7;flag:elyth_19_refined=1	ELYTH_19_03	fatigue=1		Adaptar a técnica ao ambiente.	stat:PER>=7	ELYTH_19_03	xp=6;reputation=1	ELYTH_19_03	fatigue=1		NATURE_Stone	nature:Stone&flag:elyth_19_active	8
ELYTH_19_03	ELYTH	RARE	ANY	Lyrien	Aerocivitus	2	1	5	Elyth Stone — individualidade 3	Uma situação prática coloca sua natureza Stone à prova. A resposta que você escolhe define como a manifestação será aperfeiçoada.	Repetir o fundamento e refinar o controle.	stat:VON>=6	ELYTH_19_04	xp=8;flag:elyth_19_refined=1	ELYTH_19_04	fatigue=1		Adaptar a técnica ao ambiente.	stat:PER>=7	ELYTH_19_04	xp=7;reputation=1	ELYTH_19_04	fatigue=1		NATURE_Stone	nature:Stone&flag:elyth_19_active	8
ELYTH_19_04	ELYTH	RARE	ANY	Lyrien	Aerocivitus	3	1	5	Elyth Stone — individualidade 4	Uma situação prática coloca sua natureza Stone à prova. A resposta que você escolhe define como a manifestação será aperfeiçoada.	Repetir o fundamento e refinar o controle.	stat:VON>=6&skill:ELY_0363	ELYTH_19_05	xp=9;flag:elyth_19_refined=1	ELYTH_19_05	fatigue=1		Adaptar a técnica ao ambiente.	stat:PER>=7	ELYTH_19_05	xp=8;reputation=1	ELYTH_19_05	fatigue=1		NATURE_Stone	nature:Stone&flag:elyth_19_active	8
ELYTH_19_05	ELYTH	RARE	ANY	Lyrien	Aerocivitus	3	1	5	Elyth Stone — individualidade 5	Uma situação prática coloca sua natureza Stone à prova. A resposta que você escolhe define como a manifestação será aperfeiçoada.	Repetir o fundamento e refinar o controle.	stat:VON>=6&skill:ELY_0364	ELYTH_19_06	xp=10;flag:elyth_19_refined=1	ELYTH_19_06	fatigue=1		Adaptar a técnica ao ambiente.	stat:PER>=7	ELYTH_19_06	xp=9;reputation=1	ELYTH_19_06	fatigue=1		NATURE_Stone	nature:Stone&flag:elyth_19_active	8
ELYTH_19_06	ELYTH	RARE	ANY	Lyrien	Aerocivitus	4	1	5	Elyth Stone — individualidade 6	Uma situação prática coloca sua natureza Stone à prova. A resposta que você escolhe define como a manifestação será aperfeiçoada.	Repetir o fundamento e refinar o controle.	stat:VON>=6&skill:ELY_0365	ELYTH_19_07	xp=11;flag:elyth_19_refined=1	ELYTH_19_07	fatigue=1		Adaptar a técnica ao ambiente.	stat:PER>=7	ELYTH_19_07	xp=10;reputation=1	ELYTH_19_07	fatigue=1		NATURE_Stone	nature:Stone&flag:elyth_19_active	8
ELYTH_19_07	ELYTH	RARE	ANY	Lyrien	Aerocivitus	4	1	5	Elyth Stone — individualidade 7	Uma situação prática coloca sua natureza Stone à prova. A resposta que você escolhe define como a manifestação será aperfeiçoada.	Repetir o fundamento e refinar o controle.	stat:VON>=6&skill:ELY_0366	ELYTH_19_08	xp=12;flag:elyth_19_refined=1	ELYTH_19_08	fatigue=1		Adaptar a técnica ao ambiente.	stat:PER>=7	ELYTH_19_08	xp=11;reputation=1	ELYTH_19_08	fatigue=1		NATURE_Stone	nature:Stone&flag:elyth_19_active	8
ELYTH_19_08	ELYTH	RARE	ANY	Lyrien	Aerocivitus	5	1	5	Elyth Stone — individualidade 8	Uma situação prática coloca sua natureza Stone à prova. A resposta que você escolhe define como a manifestação será aperfeiçoada.	Repetir o fundamento e refinar o controle.	stat:VON>=6&skill:ELY_0367	ELYTH_19_09	xp=13;flag:elyth_19_refined=1	ELYTH_19_09	fatigue=1		Adaptar a técnica ao ambiente.	stat:PER>=7	ELYTH_19_09	xp=12;reputation=1	ELYTH_19_09	fatigue=1		NATURE_Stone	nature:Stone&flag:elyth_19_active	8
ELYTH_19_09	ELYTH	RARE	ANY	Lyrien	Aerocivitus	5	1	5	Elyth Stone — individualidade 9	Uma situação prática coloca sua natureza Stone à prova. A resposta que você escolhe define como a manifestação será aperfeiçoada.	Repetir o fundamento e refinar o controle.	stat:VON>=6&skill:ELY_0368	ELYTH_19_10	xp=14;flag:elyth_19_refined=1	ELYTH_19_10	fatigue=1		Adaptar a técnica ao ambiente.	stat:PER>=7	ELYTH_19_10	xp=13;reputation=1	ELYTH_19_10	fatigue=1		NATURE_Stone	nature:Stone&flag:elyth_19_active	8
ELYTH_19_10	ELYTH	RARE	ANY	Lyrien	Aerocivitus	6	1	5	Elyth Stone — técnica consolidada	Você encerra o ciclo de treinamento com uma noção mais clara da própria individualidade. A técnica pode permanecer como lembrança permanente da sua trajetória.	Consolidar a técnica.	NONE	END	xp=20;flag:elyth_19_complete=1;unflag:elyth_19_active	END	fatigue=1		Experimentar uma variação arriscada.	stat:TEC>=8	END	xp=26;fatigue=3;flag:elyth_19_complete=1;unflag:elyth_19_active	END	fatigue=1		NATURE_Stone	nature:Stone&flag:elyth_19_active	8
ELYTH_20_01	ELYTH	RARE	ANY	Myrthos	Sem nome definido	2	1	5	Elyth Fungal — despertar da individualidade	Sua natureza Fungal reage a uma situação em Sem nome definido. Um exercício espontâneo revela que sua manifestação pessoal pode seguir um caminho que outros da mesma natureza não possuem.	Treinar a manifestação com disciplina.	stat:VON>=7	ELYTH_20_02	flag:elyth_20_started=1;flag:elyth_20_active=1;xp=6	ELYTH_20_02	flag:elyth_20_started=1;flag:elyth_20_active=1;fatigue=1		Forçar a manifestação.	stat:FOR>=7	ELYTH_20_03	flag:elyth_20_started=1;flag:elyth_20_active=1;fatigue=2;xp=4	ELYTH_20_03	flag:elyth_20_started=1;flag:elyth_20_active=1;fatigue=1		NATURE_Fungal	nature:Fungal&!flag:elyth_20_started	8
ELYTH_20_02	ELYTH	RARE	ANY	Myrthos	Sem nome definido	2	1	5	Elyth Fungal — individualidade 2	Uma situação prática coloca sua natureza Fungal à prova. A resposta que você escolhe define como a manifestação será aperfeiçoada.	Repetir o fundamento e refinar o controle.	stat:VON>=6	ELYTH_20_03	xp=7;flag:elyth_20_refined=1	ELYTH_20_03	fatigue=1		Adaptar a técnica ao ambiente.	stat:PER>=7	ELYTH_20_03	xp=6;reputation=1	ELYTH_20_03	fatigue=1		NATURE_Fungal	nature:Fungal&flag:elyth_20_active	8
ELYTH_20_03	ELYTH	RARE	ANY	Myrthos	Sem nome definido	2	1	5	Elyth Fungal — individualidade 3	Uma situação prática coloca sua natureza Fungal à prova. A resposta que você escolhe define como a manifestação será aperfeiçoada.	Repetir o fundamento e refinar o controle.	stat:VON>=6	ELYTH_20_04	xp=8;flag:elyth_20_refined=1	ELYTH_20_04	fatigue=1		Adaptar a técnica ao ambiente.	stat:PER>=7	ELYTH_20_04	xp=7;reputation=1	ELYTH_20_04	fatigue=1		NATURE_Fungal	nature:Fungal&flag:elyth_20_active	8
ELYTH_20_04	ELYTH	RARE	ANY	Myrthos	Sem nome definido	3	1	5	Elyth Fungal — individualidade 4	Uma situação prática coloca sua natureza Fungal à prova. A resposta que você escolhe define como a manifestação será aperfeiçoada.	Repetir o fundamento e refinar o controle.	stat:VON>=6&skill:ELY_0383	ELYTH_20_05	xp=9;flag:elyth_20_refined=1	ELYTH_20_05	fatigue=1		Adaptar a técnica ao ambiente.	stat:PER>=7	ELYTH_20_05	xp=8;reputation=1	ELYTH_20_05	fatigue=1		NATURE_Fungal	nature:Fungal&flag:elyth_20_active	8
ELYTH_20_05	ELYTH	RARE	ANY	Myrthos	Sem nome definido	3	1	5	Elyth Fungal — individualidade 5	Uma situação prática coloca sua natureza Fungal à prova. A resposta que você escolhe define como a manifestação será aperfeiçoada.	Repetir o fundamento e refinar o controle.	stat:VON>=6&skill:ELY_0384	ELYTH_20_06	xp=10;flag:elyth_20_refined=1	ELYTH_20_06	fatigue=1		Adaptar a técnica ao ambiente.	stat:PER>=7	ELYTH_20_06	xp=9;reputation=1	ELYTH_20_06	fatigue=1		NATURE_Fungal	nature:Fungal&flag:elyth_20_active	8
ELYTH_20_06	ELYTH	RARE	ANY	Myrthos	Sem nome definido	4	1	5	Elyth Fungal — individualidade 6	Uma situação prática coloca sua natureza Fungal à prova. A resposta que você escolhe define como a manifestação será aperfeiçoada.	Repetir o fundamento e refinar o controle.	stat:VON>=6&skill:ELY_0385	ELYTH_20_07	xp=11;flag:elyth_20_refined=1	ELYTH_20_07	fatigue=1		Adaptar a técnica ao ambiente.	stat:PER>=7	ELYTH_20_07	xp=10;reputation=1	ELYTH_20_07	fatigue=1		NATURE_Fungal	nature:Fungal&flag:elyth_20_active	8
ELYTH_20_07	ELYTH	RARE	ANY	Myrthos	Sem nome definido	4	1	5	Elyth Fungal — individualidade 7	Uma situação prática coloca sua natureza Fungal à prova. A resposta que você escolhe define como a manifestação será aperfeiçoada.	Repetir o fundamento e refinar o controle.	stat:VON>=6&skill:ELY_0386	ELYTH_20_08	xp=12;flag:elyth_20_refined=1	ELYTH_20_08	fatigue=1		Adaptar a técnica ao ambiente.	stat:PER>=7	ELYTH_20_08	xp=11;reputation=1	ELYTH_20_08	fatigue=1		NATURE_Fungal	nature:Fungal&flag:elyth_20_active	8
ELYTH_20_08	ELYTH	RARE	ANY	Myrthos	Sem nome definido	5	1	5	Elyth Fungal — individualidade 8	Uma situação prática coloca sua natureza Fungal à prova. A resposta que você escolhe define como a manifestação será aperfeiçoada.	Repetir o fundamento e refinar o controle.	stat:VON>=6&skill:ELY_0387	ELYTH_20_09	xp=13;flag:elyth_20_refined=1	ELYTH_20_09	fatigue=1		Adaptar a técnica ao ambiente.	stat:PER>=7	ELYTH_20_09	xp=12;reputation=1	ELYTH_20_09	fatigue=1		NATURE_Fungal	nature:Fungal&flag:elyth_20_active	8
ELYTH_20_09	ELYTH	RARE	ANY	Myrthos	Sem nome definido	5	1	5	Elyth Fungal — individualidade 9	Uma situação prática coloca sua natureza Fungal à prova. A resposta que você escolhe define como a manifestação será aperfeiçoada.	Repetir o fundamento e refinar o controle.	stat:VON>=6&skill:ELY_0388	ELYTH_20_10	xp=14;flag:elyth_20_refined=1	ELYTH_20_10	fatigue=1		Adaptar a técnica ao ambiente.	stat:PER>=7	ELYTH_20_10	xp=13;reputation=1	ELYTH_20_10	fatigue=1		NATURE_Fungal	nature:Fungal&flag:elyth_20_active	8
ELYTH_20_10	ELYTH	RARE	ANY	Myrthos	Sem nome definido	6	1	5	Elyth Fungal — técnica consolidada	Você encerra o ciclo de treinamento com uma noção mais clara da própria individualidade. A técnica pode permanecer como lembrança permanente da sua trajetória.	Consolidar a técnica.	NONE	END	xp=20;flag:elyth_20_complete=1;unflag:elyth_20_active	END	fatigue=1		Experimentar uma variação arriscada.	stat:TEC>=8	END	xp=26;fatigue=3;flag:elyth_20_complete=1;unflag:elyth_20_active	END	fatigue=1		NATURE_Fungal	nature:Fungal&flag:elyth_20_active	8
ELYTH_21_01	ELYTH	RARE	VALARYN	Aeloria	Pyrelith	2	1	5	Elyth Tide — despertar da individualidade	Sua natureza Tide reage a uma situação em Pyrelith. Um exercício espontâneo revela que sua manifestação pessoal pode seguir um caminho que outros da mesma natureza não possuem.	Treinar a manifestação com disciplina.	stat:VON>=7	ELYTH_21_02	flag:elyth_21_started=1;flag:elyth_21_active=1;xp=6	ELYTH_21_02	flag:elyth_21_started=1;flag:elyth_21_active=1;fatigue=1		Forçar a manifestação.	stat:FOR>=7	ELYTH_21_03	flag:elyth_21_started=1;flag:elyth_21_active=1;fatigue=2;xp=4	ELYTH_21_03	flag:elyth_21_started=1;flag:elyth_21_active=1;fatigue=1		NATURE_Tide	nature:Tide&!flag:elyth_21_started	8
ELYTH_21_02	ELYTH	RARE	VALARYN	Aeloria	Pyrelith	2	1	5	Elyth Tide — individualidade 2	Uma situação prática coloca sua natureza Tide à prova. A resposta que você escolhe define como a manifestação será aperfeiçoada.	Repetir o fundamento e refinar o controle.	stat:VON>=6	ELYTH_21_03	xp=7;flag:elyth_21_refined=1	ELYTH_21_03	fatigue=1		Adaptar a técnica ao ambiente.	stat:PER>=7	ELYTH_21_03	xp=6;reputation=1	ELYTH_21_03	fatigue=1		NATURE_Tide	nature:Tide&flag:elyth_21_active	8
ELYTH_21_03	ELYTH	RARE	VALARYN	Aeloria	Pyrelith	2	1	5	Elyth Tide — individualidade 3	Uma situação prática coloca sua natureza Tide à prova. A resposta que você escolhe define como a manifestação será aperfeiçoada.	Repetir o fundamento e refinar o controle.	stat:VON>=6	ELYTH_21_04	xp=8;flag:elyth_21_refined=1	ELYTH_21_04	fatigue=1		Adaptar a técnica ao ambiente.	stat:PER>=7	ELYTH_21_04	xp=7;reputation=1	ELYTH_21_04	fatigue=1		NATURE_Tide	nature:Tide&flag:elyth_21_active	8
ELYTH_21_04	ELYTH	RARE	VALARYN	Aeloria	Pyrelith	3	1	5	Elyth Tide — individualidade 4	Uma situação prática coloca sua natureza Tide à prova. A resposta que você escolhe define como a manifestação será aperfeiçoada.	Repetir o fundamento e refinar o controle.	stat:VON>=6&skill:ELY_0403	ELYTH_21_05	xp=9;flag:elyth_21_refined=1	ELYTH_21_05	fatigue=1		Adaptar a técnica ao ambiente.	stat:PER>=7	ELYTH_21_05	xp=8;reputation=1	ELYTH_21_05	fatigue=1		NATURE_Tide	nature:Tide&flag:elyth_21_active	8
ELYTH_21_05	ELYTH	RARE	VALARYN	Aeloria	Pyrelith	3	1	5	Elyth Tide — individualidade 5	Uma situação prática coloca sua natureza Tide à prova. A resposta que você escolhe define como a manifestação será aperfeiçoada.	Repetir o fundamento e refinar o controle.	stat:VON>=6&skill:ELY_0404	ELYTH_21_06	xp=10;flag:elyth_21_refined=1	ELYTH_21_06	fatigue=1		Adaptar a técnica ao ambiente.	stat:PER>=7	ELYTH_21_06	xp=9;reputation=1	ELYTH_21_06	fatigue=1		NATURE_Tide	nature:Tide&flag:elyth_21_active	8
ELYTH_21_06	ELYTH	RARE	VALARYN	Aeloria	Pyrelith	4	1	5	Elyth Tide — individualidade 6	Uma situação prática coloca sua natureza Tide à prova. A resposta que você escolhe define como a manifestação será aperfeiçoada.	Repetir o fundamento e refinar o controle.	stat:VON>=6&skill:ELY_0405	ELYTH_21_07	xp=11;flag:elyth_21_refined=1	ELYTH_21_07	fatigue=1		Adaptar a técnica ao ambiente.	stat:PER>=7	ELYTH_21_07	xp=10;reputation=1	ELYTH_21_07	fatigue=1		NATURE_Tide	nature:Tide&flag:elyth_21_active	8
ELYTH_21_07	ELYTH	RARE	VALARYN	Aeloria	Pyrelith	4	1	5	Elyth Tide — individualidade 7	Uma situação prática coloca sua natureza Tide à prova. A resposta que você escolhe define como a manifestação será aperfeiçoada.	Repetir o fundamento e refinar o controle.	stat:VON>=6&skill:ELY_0406	ELYTH_21_08	xp=12;flag:elyth_21_refined=1	ELYTH_21_08	fatigue=1		Adaptar a técnica ao ambiente.	stat:PER>=7	ELYTH_21_08	xp=11;reputation=1	ELYTH_21_08	fatigue=1		NATURE_Tide	nature:Tide&flag:elyth_21_active	8
ELYTH_21_08	ELYTH	RARE	VALARYN	Aeloria	Pyrelith	5	1	5	Elyth Tide — individualidade 8	Uma situação prática coloca sua natureza Tide à prova. A resposta que você escolhe define como a manifestação será aperfeiçoada.	Repetir o fundamento e refinar o controle.	stat:VON>=6&skill:ELY_0407	ELYTH_21_09	xp=13;flag:elyth_21_refined=1	ELYTH_21_09	fatigue=1		Adaptar a técnica ao ambiente.	stat:PER>=7	ELYTH_21_09	xp=12;reputation=1	ELYTH_21_09	fatigue=1		NATURE_Tide	nature:Tide&flag:elyth_21_active	8
ELYTH_21_09	ELYTH	RARE	VALARYN	Aeloria	Pyrelith	5	1	5	Elyth Tide — individualidade 9	Uma situação prática coloca sua natureza Tide à prova. A resposta que você escolhe define como a manifestação será aperfeiçoada.	Repetir o fundamento e refinar o controle.	stat:VON>=6&skill:ELY_0408	ELYTH_21_10	xp=14;flag:elyth_21_refined=1	ELYTH_21_10	fatigue=1		Adaptar a técnica ao ambiente.	stat:PER>=7	ELYTH_21_10	xp=13;reputation=1	ELYTH_21_10	fatigue=1		NATURE_Tide	nature:Tide&flag:elyth_21_active	8
ELYTH_21_10	ELYTH	RARE	VALARYN	Aeloria	Pyrelith	6	1	5	Elyth Tide — técnica consolidada	Você encerra o ciclo de treinamento com uma noção mais clara da própria individualidade. A técnica pode permanecer como lembrança permanente da sua trajetória.	Consolidar a técnica.	NONE	END	xp=20;flag:elyth_21_complete=1;unflag:elyth_21_active	END	fatigue=1		Experimentar uma variação arriscada.	stat:TEC>=8	END	xp=26;fatigue=3;flag:elyth_21_complete=1;unflag:elyth_21_active	END	fatigue=1		NATURE_Tide	nature:Tide&flag:elyth_21_active	8
ELYTH_22_01	ELYTH	RARE	ANY	Tharun	Stone-Âmbar	2	1	5	Elyth Ember — despertar da individualidade	Sua natureza Ember reage a uma situação em Stone-Âmbar. Um exercício espontâneo revela que sua manifestação pessoal pode seguir um caminho que outros da mesma natureza não possuem.	Treinar a manifestação com disciplina.	stat:VON>=7	ELYTH_22_02	flag:elyth_22_started=1;flag:elyth_22_active=1;xp=6	ELYTH_22_02	flag:elyth_22_started=1;flag:elyth_22_active=1;fatigue=1		Forçar a manifestação.	stat:FOR>=7	ELYTH_22_03	flag:elyth_22_started=1;flag:elyth_22_active=1;fatigue=2;xp=4	ELYTH_22_03	flag:elyth_22_started=1;flag:elyth_22_active=1;fatigue=1		NATURE_Ember	nature:Ember&!flag:elyth_22_started	8
ELYTH_22_02	ELYTH	RARE	ANY	Tharun	Stone-Âmbar	2	1	5	Elyth Ember — individualidade 2	Uma situação prática coloca sua natureza Ember à prova. A resposta que você escolhe define como a manifestação será aperfeiçoada.	Repetir o fundamento e refinar o controle.	stat:VON>=6	ELYTH_22_03	xp=7;flag:elyth_22_refined=1	ELYTH_22_03	fatigue=1		Adaptar a técnica ao ambiente.	stat:PER>=7	ELYTH_22_03	xp=6;reputation=1	ELYTH_22_03	fatigue=1		NATURE_Ember	nature:Ember&flag:elyth_22_active	8
ELYTH_22_03	ELYTH	RARE	ANY	Tharun	Stone-Âmbar	2	1	5	Elyth Ember — individualidade 3	Uma situação prática coloca sua natureza Ember à prova. A resposta que você escolhe define como a manifestação será aperfeiçoada.	Repetir o fundamento e refinar o controle.	stat:VON>=6	ELYTH_22_04	xp=8;flag:elyth_22_refined=1	ELYTH_22_04	fatigue=1		Adaptar a técnica ao ambiente.	stat:PER>=7	ELYTH_22_04	xp=7;reputation=1	ELYTH_22_04	fatigue=1		NATURE_Ember	nature:Ember&flag:elyth_22_active	8
ELYTH_22_04	ELYTH	RARE	ANY	Tharun	Stone-Âmbar	3	1	5	Elyth Ember — individualidade 4	Uma situação prática coloca sua natureza Ember à prova. A resposta que você escolhe define como a manifestação será aperfeiçoada.	Repetir o fundamento e refinar o controle.	stat:VON>=6&skill:ELY_0423	ELYTH_22_05	xp=9;flag:elyth_22_refined=1	ELYTH_22_05	fatigue=1		Adaptar a técnica ao ambiente.	stat:PER>=7	ELYTH_22_05	xp=8;reputation=1	ELYTH_22_05	fatigue=1		NATURE_Ember	nature:Ember&flag:elyth_22_active	8
ELYTH_22_05	ELYTH	RARE	ANY	Tharun	Stone-Âmbar	3	1	5	Elyth Ember — individualidade 5	Uma situação prática coloca sua natureza Ember à prova. A resposta que você escolhe define como a manifestação será aperfeiçoada.	Repetir o fundamento e refinar o controle.	stat:VON>=6&skill:ELY_0424	ELYTH_22_06	xp=10;flag:elyth_22_refined=1	ELYTH_22_06	fatigue=1		Adaptar a técnica ao ambiente.	stat:PER>=7	ELYTH_22_06	xp=9;reputation=1	ELYTH_22_06	fatigue=1		NATURE_Ember	nature:Ember&flag:elyth_22_active	8
ELYTH_22_06	ELYTH	RARE	ANY	Tharun	Stone-Âmbar	4	1	5	Elyth Ember — individualidade 6	Uma situação prática coloca sua natureza Ember à prova. A resposta que você escolhe define como a manifestação será aperfeiçoada.	Repetir o fundamento e refinar o controle.	stat:VON>=6&skill:ELY_0425	ELYTH_22_07	xp=11;flag:elyth_22_refined=1	ELYTH_22_07	fatigue=1		Adaptar a técnica ao ambiente.	stat:PER>=7	ELYTH_22_07	xp=10;reputation=1	ELYTH_22_07	fatigue=1		NATURE_Ember	nature:Ember&flag:elyth_22_active	8
ELYTH_22_07	ELYTH	RARE	ANY	Tharun	Stone-Âmbar	4	1	5	Elyth Ember — individualidade 7	Uma situação prática coloca sua natureza Ember à prova. A resposta que você escolhe define como a manifestação será aperfeiçoada.	Repetir o fundamento e refinar o controle.	stat:VON>=6&skill:ELY_0426	ELYTH_22_08	xp=12;flag:elyth_22_refined=1	ELYTH_22_08	fatigue=1		Adaptar a técnica ao ambiente.	stat:PER>=7	ELYTH_22_08	xp=11;reputation=1	ELYTH_22_08	fatigue=1		NATURE_Ember	nature:Ember&flag:elyth_22_active	8
ELYTH_22_08	ELYTH	RARE	ANY	Tharun	Stone-Âmbar	5	1	5	Elyth Ember — individualidade 8	Uma situação prática coloca sua natureza Ember à prova. A resposta que você escolhe define como a manifestação será aperfeiçoada.	Repetir o fundamento e refinar o controle.	stat:VON>=6&skill:ELY_0427	ELYTH_22_09	xp=13;flag:elyth_22_refined=1	ELYTH_22_09	fatigue=1		Adaptar a técnica ao ambiente.	stat:PER>=7	ELYTH_22_09	xp=12;reputation=1	ELYTH_22_09	fatigue=1		NATURE_Ember	nature:Ember&flag:elyth_22_active	8
ELYTH_22_09	ELYTH	RARE	ANY	Tharun	Stone-Âmbar	5	1	5	Elyth Ember — individualidade 9	Uma situação prática coloca sua natureza Ember à prova. A resposta que você escolhe define como a manifestação será aperfeiçoada.	Repetir o fundamento e refinar o controle.	stat:VON>=6&skill:ELY_0428	ELYTH_22_10	xp=14;flag:elyth_22_refined=1	ELYTH_22_10	fatigue=1		Adaptar a técnica ao ambiente.	stat:PER>=7	ELYTH_22_10	xp=13;reputation=1	ELYTH_22_10	fatigue=1		NATURE_Ember	nature:Ember&flag:elyth_22_active	8
ELYTH_22_10	ELYTH	RARE	ANY	Tharun	Stone-Âmbar	6	1	5	Elyth Ember — técnica consolidada	Você encerra o ciclo de treinamento com uma noção mais clara da própria individualidade. A técnica pode permanecer como lembrança permanente da sua trajetória.	Consolidar a técnica.	NONE	END	xp=20;flag:elyth_22_complete=1;unflag:elyth_22_active	END	fatigue=1		Experimentar uma variação arriscada.	stat:TEC>=8	END	xp=26;fatigue=3;flag:elyth_22_complete=1;unflag:elyth_22_active	END	fatigue=1		NATURE_Ember	nature:Ember&flag:elyth_22_active	8
ELYTH_23_01	ELYTH	RARE	ANY	Nyssara	Emerald Tide	2	1	5	Elyth Void — despertar da individualidade	Sua natureza Void reage a uma situação em Emerald Tide. Um exercício espontâneo revela que sua manifestação pessoal pode seguir um caminho que outros da mesma natureza não possuem.	Treinar a manifestação com disciplina.	stat:VON>=7	ELYTH_23_02	flag:elyth_23_started=1;flag:elyth_23_active=1;xp=6	ELYTH_23_02	flag:elyth_23_started=1;flag:elyth_23_active=1;fatigue=1		Forçar a manifestação.	stat:FOR>=7	ELYTH_23_03	flag:elyth_23_started=1;flag:elyth_23_active=1;fatigue=2;xp=4	ELYTH_23_03	flag:elyth_23_started=1;flag:elyth_23_active=1;fatigue=1		NATURE_Void	nature:Void&!flag:elyth_23_started	8
ELYTH_23_02	ELYTH	RARE	ANY	Nyssara	Emerald Tide	2	1	5	Elyth Void — individualidade 2	Uma situação prática coloca sua natureza Void à prova. A resposta que você escolhe define como a manifestação será aperfeiçoada.	Repetir o fundamento e refinar o controle.	stat:VON>=6	ELYTH_23_03	xp=7;flag:elyth_23_refined=1	ELYTH_23_03	fatigue=1		Adaptar a técnica ao ambiente.	stat:PER>=7	ELYTH_23_03	xp=6;reputation=1	ELYTH_23_03	fatigue=1		NATURE_Void	nature:Void&flag:elyth_23_active	8
ELYTH_23_03	ELYTH	RARE	ANY	Nyssara	Emerald Tide	2	1	5	Elyth Void — individualidade 3	Uma situação prática coloca sua natureza Void à prova. A resposta que você escolhe define como a manifestação será aperfeiçoada.	Repetir o fundamento e refinar o controle.	stat:VON>=6	ELYTH_23_04	xp=8;flag:elyth_23_refined=1	ELYTH_23_04	fatigue=1		Adaptar a técnica ao ambiente.	stat:PER>=7	ELYTH_23_04	xp=7;reputation=1	ELYTH_23_04	fatigue=1		NATURE_Void	nature:Void&flag:elyth_23_active	8
ELYTH_23_04	ELYTH	RARE	ANY	Nyssara	Emerald Tide	3	1	5	Elyth Void — individualidade 4	Uma situação prática coloca sua natureza Void à prova. A resposta que você escolhe define como a manifestação será aperfeiçoada.	Repetir o fundamento e refinar o controle.	stat:VON>=6&skill:ELY_0443	ELYTH_23_05	xp=9;flag:elyth_23_refined=1	ELYTH_23_05	fatigue=1		Adaptar a técnica ao ambiente.	stat:PER>=7	ELYTH_23_05	xp=8;reputation=1	ELYTH_23_05	fatigue=1		NATURE_Void	nature:Void&flag:elyth_23_active	8
ELYTH_23_05	ELYTH	RARE	ANY	Nyssara	Emerald Tide	3	1	5	Elyth Void — individualidade 5	Uma situação prática coloca sua natureza Void à prova. A resposta que você escolhe define como a manifestação será aperfeiçoada.	Repetir o fundamento e refinar o controle.	stat:VON>=6&skill:ELY_0444	ELYTH_23_06	xp=10;flag:elyth_23_refined=1	ELYTH_23_06	fatigue=1		Adaptar a técnica ao ambiente.	stat:PER>=7	ELYTH_23_06	xp=9;reputation=1	ELYTH_23_06	fatigue=1		NATURE_Void	nature:Void&flag:elyth_23_active	8
ELYTH_23_06	ELYTH	RARE	ANY	Nyssara	Emerald Tide	4	1	5	Elyth Void — individualidade 6	Uma situação prática coloca sua natureza Void à prova. A resposta que você escolhe define como a manifestação será aperfeiçoada.	Repetir o fundamento e refinar o controle.	stat:VON>=6&skill:ELY_0445	ELYTH_23_07	xp=11;flag:elyth_23_refined=1	ELYTH_23_07	fatigue=1		Adaptar a técnica ao ambiente.	stat:PER>=7	ELYTH_23_07	xp=10;reputation=1	ELYTH_23_07	fatigue=1		NATURE_Void	nature:Void&flag:elyth_23_active	8
ELYTH_23_07	ELYTH	RARE	ANY	Nyssara	Emerald Tide	4	1	5	Elyth Void — individualidade 7	Uma situação prática coloca sua natureza Void à prova. A resposta que você escolhe define como a manifestação será aperfeiçoada.	Repetir o fundamento e refinar o controle.	stat:VON>=6&skill:ELY_0446	ELYTH_23_08	xp=12;flag:elyth_23_refined=1	ELYTH_23_08	fatigue=1		Adaptar a técnica ao ambiente.	stat:PER>=7	ELYTH_23_08	xp=11;reputation=1	ELYTH_23_08	fatigue=1		NATURE_Void	nature:Void&flag:elyth_23_active	8
ELYTH_23_08	ELYTH	RARE	ANY	Nyssara	Emerald Tide	5	1	5	Elyth Void — individualidade 8	Uma situação prática coloca sua natureza Void à prova. A resposta que você escolhe define como a manifestação será aperfeiçoada.	Repetir o fundamento e refinar o controle.	stat:VON>=6&skill:ELY_0447	ELYTH_23_09	xp=13;flag:elyth_23_refined=1	ELYTH_23_09	fatigue=1		Adaptar a técnica ao ambiente.	stat:PER>=7	ELYTH_23_09	xp=12;reputation=1	ELYTH_23_09	fatigue=1		NATURE_Void	nature:Void&flag:elyth_23_active	8
ELYTH_23_09	ELYTH	RARE	ANY	Nyssara	Emerald Tide	5	1	5	Elyth Void — individualidade 9	Uma situação prática coloca sua natureza Void à prova. A resposta que você escolhe define como a manifestação será aperfeiçoada.	Repetir o fundamento e refinar o controle.	stat:VON>=6&skill:ELY_0448	ELYTH_23_10	xp=14;flag:elyth_23_refined=1	ELYTH_23_10	fatigue=1		Adaptar a técnica ao ambiente.	stat:PER>=7	ELYTH_23_10	xp=13;reputation=1	ELYTH_23_10	fatigue=1		NATURE_Void	nature:Void&flag:elyth_23_active	8
ELYTH_23_10	ELYTH	RARE	ANY	Nyssara	Emerald Tide	6	1	5	Elyth Void — técnica consolidada	Você encerra o ciclo de treinamento com uma noção mais clara da própria individualidade. A técnica pode permanecer como lembrança permanente da sua trajetória.	Consolidar a técnica.	NONE	END	xp=20;flag:elyth_23_complete=1;unflag:elyth_23_active	END	fatigue=1		Experimentar uma variação arriscada.	stat:TEC>=8	END	xp=26;fatigue=3;flag:elyth_23_complete=1;unflag:elyth_23_active	END	fatigue=1		NATURE_Void	nature:Void&flag:elyth_23_active	8
ELYTH_24_01	ELYTH	RARE	ANY	Valkyrion	Volmeria	2	1	5	Elyth Radiant — despertar da individualidade	Sua natureza Radiant reage a uma situação em Volmeria. Um exercício espontâneo revela que sua manifestação pessoal pode seguir um caminho que outros da mesma natureza não possuem.	Treinar a manifestação com disciplina.	stat:VON>=7	ELYTH_24_02	flag:elyth_24_started=1;flag:elyth_24_active=1;xp=6	ELYTH_24_02	flag:elyth_24_started=1;flag:elyth_24_active=1;fatigue=1		Forçar a manifestação.	stat:FOR>=7	ELYTH_24_03	flag:elyth_24_started=1;flag:elyth_24_active=1;fatigue=2;xp=4	ELYTH_24_03	flag:elyth_24_started=1;flag:elyth_24_active=1;fatigue=1		NATURE_Radiant	nature:Radiant&!flag:elyth_24_started	8
ELYTH_24_02	ELYTH	RARE	ANY	Valkyrion	Volmeria	2	1	5	Elyth Radiant — individualidade 2	Uma situação prática coloca sua natureza Radiant à prova. A resposta que você escolhe define como a manifestação será aperfeiçoada.	Repetir o fundamento e refinar o controle.	stat:VON>=6	ELYTH_24_03	xp=7;flag:elyth_24_refined=1	ELYTH_24_03	fatigue=1		Adaptar a técnica ao ambiente.	stat:PER>=7	ELYTH_24_03	xp=6;reputation=1	ELYTH_24_03	fatigue=1		NATURE_Radiant	nature:Radiant&flag:elyth_24_active	8
ELYTH_24_03	ELYTH	RARE	ANY	Valkyrion	Volmeria	2	1	5	Elyth Radiant — individualidade 3	Uma situação prática coloca sua natureza Radiant à prova. A resposta que você escolhe define como a manifestação será aperfeiçoada.	Repetir o fundamento e refinar o controle.	stat:VON>=6	ELYTH_24_04	xp=8;flag:elyth_24_refined=1	ELYTH_24_04	fatigue=1		Adaptar a técnica ao ambiente.	stat:PER>=7	ELYTH_24_04	xp=7;reputation=1	ELYTH_24_04	fatigue=1		NATURE_Radiant	nature:Radiant&flag:elyth_24_active	8
ELYTH_24_04	ELYTH	RARE	ANY	Valkyrion	Volmeria	3	1	5	Elyth Radiant — individualidade 4	Uma situação prática coloca sua natureza Radiant à prova. A resposta que você escolhe define como a manifestação será aperfeiçoada.	Repetir o fundamento e refinar o controle.	stat:VON>=6&skill:ELY_0463	ELYTH_24_05	xp=9;flag:elyth_24_refined=1	ELYTH_24_05	fatigue=1		Adaptar a técnica ao ambiente.	stat:PER>=7	ELYTH_24_05	xp=8;reputation=1	ELYTH_24_05	fatigue=1		NATURE_Radiant	nature:Radiant&flag:elyth_24_active	8
ELYTH_24_05	ELYTH	RARE	ANY	Valkyrion	Volmeria	3	1	5	Elyth Radiant — individualidade 5	Uma situação prática coloca sua natureza Radiant à prova. A resposta que você escolhe define como a manifestação será aperfeiçoada.	Repetir o fundamento e refinar o controle.	stat:VON>=6&skill:ELY_0464	ELYTH_24_06	xp=10;flag:elyth_24_refined=1	ELYTH_24_06	fatigue=1		Adaptar a técnica ao ambiente.	stat:PER>=7	ELYTH_24_06	xp=9;reputation=1	ELYTH_24_06	fatigue=1		NATURE_Radiant	nature:Radiant&flag:elyth_24_active	8
ELYTH_24_06	ELYTH	RARE	ANY	Valkyrion	Volmeria	4	1	5	Elyth Radiant — individualidade 6	Uma situação prática coloca sua natureza Radiant à prova. A resposta que você escolhe define como a manifestação será aperfeiçoada.	Repetir o fundamento e refinar o controle.	stat:VON>=6&skill:ELY_0465	ELYTH_24_07	xp=11;flag:elyth_24_refined=1	ELYTH_24_07	fatigue=1		Adaptar a técnica ao ambiente.	stat:PER>=7	ELYTH_24_07	xp=10;reputation=1	ELYTH_24_07	fatigue=1		NATURE_Radiant	nature:Radiant&flag:elyth_24_active	8
ELYTH_24_07	ELYTH	RARE	ANY	Valkyrion	Volmeria	4	1	5	Elyth Radiant — individualidade 7	Uma situação prática coloca sua natureza Radiant à prova. A resposta que você escolhe define como a manifestação será aperfeiçoada.	Repetir o fundamento e refinar o controle.	stat:VON>=6&skill:ELY_0466	ELYTH_24_08	xp=12;flag:elyth_24_refined=1	ELYTH_24_08	fatigue=1		Adaptar a técnica ao ambiente.	stat:PER>=7	ELYTH_24_08	xp=11;reputation=1	ELYTH_24_08	fatigue=1		NATURE_Radiant	nature:Radiant&flag:elyth_24_active	8
ELYTH_24_08	ELYTH	RARE	ANY	Valkyrion	Volmeria	5	1	5	Elyth Radiant — individualidade 8	Uma situação prática coloca sua natureza Radiant à prova. A resposta que você escolhe define como a manifestação será aperfeiçoada.	Repetir o fundamento e refinar o controle.	stat:VON>=6&skill:ELY_0467	ELYTH_24_09	xp=13;flag:elyth_24_refined=1	ELYTH_24_09	fatigue=1		Adaptar a técnica ao ambiente.	stat:PER>=7	ELYTH_24_09	xp=12;reputation=1	ELYTH_24_09	fatigue=1		NATURE_Radiant	nature:Radiant&flag:elyth_24_active	8
ELYTH_24_09	ELYTH	RARE	ANY	Valkyrion	Volmeria	5	1	5	Elyth Radiant — individualidade 9	Uma situação prática coloca sua natureza Radiant à prova. A resposta que você escolhe define como a manifestação será aperfeiçoada.	Repetir o fundamento e refinar o controle.	stat:VON>=6&skill:ELY_0468	ELYTH_24_10	xp=14;flag:elyth_24_refined=1	ELYTH_24_10	fatigue=1		Adaptar a técnica ao ambiente.	stat:PER>=7	ELYTH_24_10	xp=13;reputation=1	ELYTH_24_10	fatigue=1		NATURE_Radiant	nature:Radiant&flag:elyth_24_active	8
ELYTH_24_10	ELYTH	RARE	ANY	Valkyrion	Volmeria	6	1	5	Elyth Radiant — técnica consolidada	Você encerra o ciclo de treinamento com uma noção mais clara da própria individualidade. A técnica pode permanecer como lembrança permanente da sua trajetória.	Consolidar a técnica.	NONE	END	xp=20;flag:elyth_24_complete=1;unflag:elyth_24_active	END	fatigue=1		Experimentar uma variação arriscada.	stat:TEC>=8	END	xp=26;fatigue=3;flag:elyth_24_complete=1;unflag:elyth_24_active	END	fatigue=1		NATURE_Radiant	nature:Radiant&flag:elyth_24_active	8
ELYTH_25_01	ELYTH	RARE	VALARYN	Eshmara	Brumas	2	1	5	Elyth Rust — despertar da individualidade	Sua natureza Rust reage a uma situação em Brumas. Um exercício espontâneo revela que sua manifestação pessoal pode seguir um caminho que outros da mesma natureza não possuem.	Treinar a manifestação com disciplina.	stat:VON>=7	ELYTH_25_02	flag:elyth_25_started=1;flag:elyth_25_active=1;xp=6	ELYTH_25_02	flag:elyth_25_started=1;flag:elyth_25_active=1;fatigue=1		Forçar a manifestação.	stat:FOR>=7	ELYTH_25_03	flag:elyth_25_started=1;flag:elyth_25_active=1;fatigue=2;xp=4	ELYTH_25_03	flag:elyth_25_started=1;flag:elyth_25_active=1;fatigue=1		NATURE_Rust	nature:Rust&!flag:elyth_25_started	8
ELYTH_25_02	ELYTH	RARE	VALARYN	Eshmara	Brumas	2	1	5	Elyth Rust — individualidade 2	Uma situação prática coloca sua natureza Rust à prova. A resposta que você escolhe define como a manifestação será aperfeiçoada.	Repetir o fundamento e refinar o controle.	stat:VON>=6	ELYTH_25_03	xp=7;flag:elyth_25_refined=1	ELYTH_25_03	fatigue=1		Adaptar a técnica ao ambiente.	stat:PER>=7	ELYTH_25_03	xp=6;reputation=1	ELYTH_25_03	fatigue=1		NATURE_Rust	nature:Rust&flag:elyth_25_active	8
ELYTH_25_03	ELYTH	RARE	VALARYN	Eshmara	Brumas	2	1	5	Elyth Rust — individualidade 3	Uma situação prática coloca sua natureza Rust à prova. A resposta que você escolhe define como a manifestação será aperfeiçoada.	Repetir o fundamento e refinar o controle.	stat:VON>=6	ELYTH_25_04	xp=8;flag:elyth_25_refined=1	ELYTH_25_04	fatigue=1		Adaptar a técnica ao ambiente.	stat:PER>=7	ELYTH_25_04	xp=7;reputation=1	ELYTH_25_04	fatigue=1		NATURE_Rust	nature:Rust&flag:elyth_25_active	8
ELYTH_25_04	ELYTH	RARE	VALARYN	Eshmara	Brumas	3	1	5	Elyth Rust — individualidade 4	Uma situação prática coloca sua natureza Rust à prova. A resposta que você escolhe define como a manifestação será aperfeiçoada.	Repetir o fundamento e refinar o controle.	stat:VON>=6&skill:ELY_0483	ELYTH_25_05	xp=9;flag:elyth_25_refined=1	ELYTH_25_05	fatigue=1		Adaptar a técnica ao ambiente.	stat:PER>=7	ELYTH_25_05	xp=8;reputation=1	ELYTH_25_05	fatigue=1		NATURE_Rust	nature:Rust&flag:elyth_25_active	8
ELYTH_25_05	ELYTH	RARE	VALARYN	Eshmara	Brumas	3	1	5	Elyth Rust — individualidade 5	Uma situação prática coloca sua natureza Rust à prova. A resposta que você escolhe define como a manifestação será aperfeiçoada.	Repetir o fundamento e refinar o controle.	stat:VON>=6&skill:ELY_0484	ELYTH_25_06	xp=10;flag:elyth_25_refined=1	ELYTH_25_06	fatigue=1		Adaptar a técnica ao ambiente.	stat:PER>=7	ELYTH_25_06	xp=9;reputation=1	ELYTH_25_06	fatigue=1		NATURE_Rust	nature:Rust&flag:elyth_25_active	8
ELYTH_25_06	ELYTH	RARE	VALARYN	Eshmara	Brumas	4	1	5	Elyth Rust — individualidade 6	Uma situação prática coloca sua natureza Rust à prova. A resposta que você escolhe define como a manifestação será aperfeiçoada.	Repetir o fundamento e refinar o controle.	stat:VON>=6&skill:ELY_0485	ELYTH_25_07	xp=11;flag:elyth_25_refined=1	ELYTH_25_07	fatigue=1		Adaptar a técnica ao ambiente.	stat:PER>=7	ELYTH_25_07	xp=10;reputation=1	ELYTH_25_07	fatigue=1		NATURE_Rust	nature:Rust&flag:elyth_25_active	8
ELYTH_25_07	ELYTH	RARE	VALARYN	Eshmara	Brumas	4	1	5	Elyth Rust — individualidade 7	Uma situação prática coloca sua natureza Rust à prova. A resposta que você escolhe define como a manifestação será aperfeiçoada.	Repetir o fundamento e refinar o controle.	stat:VON>=6&skill:ELY_0486	ELYTH_25_08	xp=12;flag:elyth_25_refined=1	ELYTH_25_08	fatigue=1		Adaptar a técnica ao ambiente.	stat:PER>=7	ELYTH_25_08	xp=11;reputation=1	ELYTH_25_08	fatigue=1		NATURE_Rust	nature:Rust&flag:elyth_25_active	8
ELYTH_25_08	ELYTH	RARE	VALARYN	Eshmara	Brumas	5	1	5	Elyth Rust — individualidade 8	Uma situação prática coloca sua natureza Rust à prova. A resposta que você escolhe define como a manifestação será aperfeiçoada.	Repetir o fundamento e refinar o controle.	stat:VON>=6&skill:ELY_0487	ELYTH_25_09	xp=13;flag:elyth_25_refined=1	ELYTH_25_09	fatigue=1		Adaptar a técnica ao ambiente.	stat:PER>=7	ELYTH_25_09	xp=12;reputation=1	ELYTH_25_09	fatigue=1		NATURE_Rust	nature:Rust&flag:elyth_25_active	8
ELYTH_25_09	ELYTH	RARE	VALARYN	Eshmara	Brumas	5	1	5	Elyth Rust — individualidade 9	Uma situação prática coloca sua natureza Rust à prova. A resposta que você escolhe define como a manifestação será aperfeiçoada.	Repetir o fundamento e refinar o controle.	stat:VON>=6&skill:ELY_0488	ELYTH_25_10	xp=14;flag:elyth_25_refined=1	ELYTH_25_10	fatigue=1		Adaptar a técnica ao ambiente.	stat:PER>=7	ELYTH_25_10	xp=13;reputation=1	ELYTH_25_10	fatigue=1		NATURE_Rust	nature:Rust&flag:elyth_25_active	8
ELYTH_25_10	ELYTH	RARE	VALARYN	Eshmara	Brumas	6	1	5	Elyth Rust — técnica consolidada	Você encerra o ciclo de treinamento com uma noção mais clara da própria individualidade. A técnica pode permanecer como lembrança permanente da sua trajetória.	Consolidar a técnica.	NONE	END	xp=20;flag:elyth_25_complete=1;unflag:elyth_25_active	END	fatigue=1		Experimentar uma variação arriscada.	stat:TEC>=8	END	xp=26;fatigue=3;flag:elyth_25_complete=1;unflag:elyth_25_active	END	fatigue=1		NATURE_Rust	nature:Rust&flag:elyth_25_active	8
ELYTH_26_01	ELYTH	RARE	ANY	Kethruun	Sandbones	2	1	5	Elyth Thorn — despertar da individualidade	Sua natureza Thorn reage a uma situação em Sandbones. Um exercício espontâneo revela que sua manifestação pessoal pode seguir um caminho que outros da mesma natureza não possuem.	Treinar a manifestação com disciplina.	stat:VON>=7	ELYTH_26_02	flag:elyth_26_started=1;flag:elyth_26_active=1;xp=6	ELYTH_26_02	flag:elyth_26_started=1;flag:elyth_26_active=1;fatigue=1		Forçar a manifestação.	stat:FOR>=7	ELYTH_26_03	flag:elyth_26_started=1;flag:elyth_26_active=1;fatigue=2;xp=4	ELYTH_26_03	flag:elyth_26_started=1;flag:elyth_26_active=1;fatigue=1		NATURE_Thorn	nature:Thorn&!flag:elyth_26_started	8
ELYTH_26_02	ELYTH	RARE	ANY	Kethruun	Sandbones	2	1	5	Elyth Thorn — individualidade 2	Uma situação prática coloca sua natureza Thorn à prova. A resposta que você escolhe define como a manifestação será aperfeiçoada.	Repetir o fundamento e refinar o controle.	stat:VON>=6	ELYTH_26_03	xp=7;flag:elyth_26_refined=1	ELYTH_26_03	fatigue=1		Adaptar a técnica ao ambiente.	stat:PER>=7	ELYTH_26_03	xp=6;reputation=1	ELYTH_26_03	fatigue=1		NATURE_Thorn	nature:Thorn&flag:elyth_26_active	8
ELYTH_26_03	ELYTH	RARE	ANY	Kethruun	Sandbones	2	1	5	Elyth Thorn — individualidade 3	Uma situação prática coloca sua natureza Thorn à prova. A resposta que você escolhe define como a manifestação será aperfeiçoada.	Repetir o fundamento e refinar o controle.	stat:VON>=6	ELYTH_26_04	xp=8;flag:elyth_26_refined=1	ELYTH_26_04	fatigue=1		Adaptar a técnica ao ambiente.	stat:PER>=7	ELYTH_26_04	xp=7;reputation=1	ELYTH_26_04	fatigue=1		NATURE_Thorn	nature:Thorn&flag:elyth_26_active	8
ELYTH_26_04	ELYTH	RARE	ANY	Kethruun	Sandbones	3	1	5	Elyth Thorn — individualidade 4	Uma situação prática coloca sua natureza Thorn à prova. A resposta que você escolhe define como a manifestação será aperfeiçoada.	Repetir o fundamento e refinar o controle.	stat:VON>=6&skill:ELY_0503	ELYTH_26_05	xp=9;flag:elyth_26_refined=1	ELYTH_26_05	fatigue=1		Adaptar a técnica ao ambiente.	stat:PER>=7	ELYTH_26_05	xp=8;reputation=1	ELYTH_26_05	fatigue=1		NATURE_Thorn	nature:Thorn&flag:elyth_26_active	8
ELYTH_26_05	ELYTH	RARE	ANY	Kethruun	Sandbones	3	1	5	Elyth Thorn — individualidade 5	Uma situação prática coloca sua natureza Thorn à prova. A resposta que você escolhe define como a manifestação será aperfeiçoada.	Repetir o fundamento e refinar o controle.	stat:VON>=6&skill:ELY_0504	ELYTH_26_06	xp=10;flag:elyth_26_refined=1	ELYTH_26_06	fatigue=1		Adaptar a técnica ao ambiente.	stat:PER>=7	ELYTH_26_06	xp=9;reputation=1	ELYTH_26_06	fatigue=1		NATURE_Thorn	nature:Thorn&flag:elyth_26_active	8
ELYTH_26_06	ELYTH	RARE	ANY	Kethruun	Sandbones	4	1	5	Elyth Thorn — individualidade 6	Uma situação prática coloca sua natureza Thorn à prova. A resposta que você escolhe define como a manifestação será aperfeiçoada.	Repetir o fundamento e refinar o controle.	stat:VON>=6&skill:ELY_0505	ELYTH_26_07	xp=11;flag:elyth_26_refined=1	ELYTH_26_07	fatigue=1		Adaptar a técnica ao ambiente.	stat:PER>=7	ELYTH_26_07	xp=10;reputation=1	ELYTH_26_07	fatigue=1		NATURE_Thorn	nature:Thorn&flag:elyth_26_active	8
ELYTH_26_07	ELYTH	RARE	ANY	Kethruun	Sandbones	4	1	5	Elyth Thorn — individualidade 7	Uma situação prática coloca sua natureza Thorn à prova. A resposta que você escolhe define como a manifestação será aperfeiçoada.	Repetir o fundamento e refinar o controle.	stat:VON>=6&skill:ELY_0506	ELYTH_26_08	xp=12;flag:elyth_26_refined=1	ELYTH_26_08	fatigue=1		Adaptar a técnica ao ambiente.	stat:PER>=7	ELYTH_26_08	xp=11;reputation=1	ELYTH_26_08	fatigue=1		NATURE_Thorn	nature:Thorn&flag:elyth_26_active	8
ELYTH_26_08	ELYTH	RARE	ANY	Kethruun	Sandbones	5	1	5	Elyth Thorn — individualidade 8	Uma situação prática coloca sua natureza Thorn à prova. A resposta que você escolhe define como a manifestação será aperfeiçoada.	Repetir o fundamento e refinar o controle.	stat:VON>=6&skill:ELY_0507	ELYTH_26_09	xp=13;flag:elyth_26_refined=1	ELYTH_26_09	fatigue=1		Adaptar a técnica ao ambiente.	stat:PER>=7	ELYTH_26_09	xp=12;reputation=1	ELYTH_26_09	fatigue=1		NATURE_Thorn	nature:Thorn&flag:elyth_26_active	8
ELYTH_26_09	ELYTH	RARE	ANY	Kethruun	Sandbones	5	1	5	Elyth Thorn — individualidade 9	Uma situação prática coloca sua natureza Thorn à prova. A resposta que você escolhe define como a manifestação será aperfeiçoada.	Repetir o fundamento e refinar o controle.	stat:VON>=6&skill:ELY_0508	ELYTH_26_10	xp=14;flag:elyth_26_refined=1	ELYTH_26_10	fatigue=1		Adaptar a técnica ao ambiente.	stat:PER>=7	ELYTH_26_10	xp=13;reputation=1	ELYTH_26_10	fatigue=1		NATURE_Thorn	nature:Thorn&flag:elyth_26_active	8
ELYTH_26_10	ELYTH	RARE	ANY	Kethruun	Sandbones	6	1	5	Elyth Thorn — técnica consolidada	Você encerra o ciclo de treinamento com uma noção mais clara da própria individualidade. A técnica pode permanecer como lembrança permanente da sua trajetória.	Consolidar a técnica.	NONE	END	xp=20;flag:elyth_26_complete=1;unflag:elyth_26_active	END	fatigue=1		Experimentar uma variação arriscada.	stat:TEC>=8	END	xp=26;fatigue=3;flag:elyth_26_complete=1;unflag:elyth_26_active	END	fatigue=1		NATURE_Thorn	nature:Thorn&flag:elyth_26_active	8
ELYTH_27_01	ELYTH	RARE	ANY	Orinthal	Crystalia	2	1	5	Elyth Frost — despertar da individualidade	Sua natureza Frost reage a uma situação em Crystalia. Um exercício espontâneo revela que sua manifestação pessoal pode seguir um caminho que outros da mesma natureza não possuem.	Treinar a manifestação com disciplina.	stat:VON>=7	ELYTH_27_02	flag:elyth_27_started=1;flag:elyth_27_active=1;xp=6	ELYTH_27_02	flag:elyth_27_started=1;flag:elyth_27_active=1;fatigue=1		Forçar a manifestação.	stat:FOR>=7	ELYTH_27_03	flag:elyth_27_started=1;flag:elyth_27_active=1;fatigue=2;xp=4	ELYTH_27_03	flag:elyth_27_started=1;flag:elyth_27_active=1;fatigue=1		NATURE_Frost	nature:Frost&!flag:elyth_27_started	8
ELYTH_27_02	ELYTH	RARE	ANY	Orinthal	Crystalia	2	1	5	Elyth Frost — individualidade 2	Uma situação prática coloca sua natureza Frost à prova. A resposta que você escolhe define como a manifestação será aperfeiçoada.	Repetir o fundamento e refinar o controle.	stat:VON>=6	ELYTH_27_03	xp=7;flag:elyth_27_refined=1	ELYTH_27_03	fatigue=1		Adaptar a técnica ao ambiente.	stat:PER>=7	ELYTH_27_03	xp=6;reputation=1	ELYTH_27_03	fatigue=1		NATURE_Frost	nature:Frost&flag:elyth_27_active	8
ELYTH_27_03	ELYTH	RARE	ANY	Orinthal	Crystalia	2	1	5	Elyth Frost — individualidade 3	Uma situação prática coloca sua natureza Frost à prova. A resposta que você escolhe define como a manifestação será aperfeiçoada.	Repetir o fundamento e refinar o controle.	stat:VON>=6	ELYTH_27_04	xp=8;flag:elyth_27_refined=1	ELYTH_27_04	fatigue=1		Adaptar a técnica ao ambiente.	stat:PER>=7	ELYTH_27_04	xp=7;reputation=1	ELYTH_27_04	fatigue=1		NATURE_Frost	nature:Frost&flag:elyth_27_active	8
ELYTH_27_04	ELYTH	RARE	ANY	Orinthal	Crystalia	3	1	5	Elyth Frost — individualidade 4	Uma situação prática coloca sua natureza Frost à prova. A resposta que você escolhe define como a manifestação será aperfeiçoada.	Repetir o fundamento e refinar o controle.	stat:VON>=6&skill:ELY_0523	ELYTH_27_05	xp=9;flag:elyth_27_refined=1	ELYTH_27_05	fatigue=1		Adaptar a técnica ao ambiente.	stat:PER>=7	ELYTH_27_05	xp=8;reputation=1	ELYTH_27_05	fatigue=1		NATURE_Frost	nature:Frost&flag:elyth_27_active	8
ELYTH_27_05	ELYTH	RARE	ANY	Orinthal	Crystalia	3	1	5	Elyth Frost — individualidade 5	Uma situação prática coloca sua natureza Frost à prova. A resposta que você escolhe define como a manifestação será aperfeiçoada.	Repetir o fundamento e refinar o controle.	stat:VON>=6&skill:ELY_0524	ELYTH_27_06	xp=10;flag:elyth_27_refined=1	ELYTH_27_06	fatigue=1		Adaptar a técnica ao ambiente.	stat:PER>=7	ELYTH_27_06	xp=9;reputation=1	ELYTH_27_06	fatigue=1		NATURE_Frost	nature:Frost&flag:elyth_27_active	8
ELYTH_27_06	ELYTH	RARE	ANY	Orinthal	Crystalia	4	1	5	Elyth Frost — individualidade 6	Uma situação prática coloca sua natureza Frost à prova. A resposta que você escolhe define como a manifestação será aperfeiçoada.	Repetir o fundamento e refinar o controle.	stat:VON>=6&skill:ELY_0525	ELYTH_27_07	xp=11;flag:elyth_27_refined=1	ELYTH_27_07	fatigue=1		Adaptar a técnica ao ambiente.	stat:PER>=7	ELYTH_27_07	xp=10;reputation=1	ELYTH_27_07	fatigue=1		NATURE_Frost	nature:Frost&flag:elyth_27_active	8
ELYTH_27_07	ELYTH	RARE	ANY	Orinthal	Crystalia	4	1	5	Elyth Frost — individualidade 7	Uma situação prática coloca sua natureza Frost à prova. A resposta que você escolhe define como a manifestação será aperfeiçoada.	Repetir o fundamento e refinar o controle.	stat:VON>=6&skill:ELY_0526	ELYTH_27_08	xp=12;flag:elyth_27_refined=1	ELYTH_27_08	fatigue=1		Adaptar a técnica ao ambiente.	stat:PER>=7	ELYTH_27_08	xp=11;reputation=1	ELYTH_27_08	fatigue=1		NATURE_Frost	nature:Frost&flag:elyth_27_active	8
ELYTH_27_08	ELYTH	RARE	ANY	Orinthal	Crystalia	5	1	5	Elyth Frost — individualidade 8	Uma situação prática coloca sua natureza Frost à prova. A resposta que você escolhe define como a manifestação será aperfeiçoada.	Repetir o fundamento e refinar o controle.	stat:VON>=6&skill:ELY_0527	ELYTH_27_09	xp=13;flag:elyth_27_refined=1	ELYTH_27_09	fatigue=1		Adaptar a técnica ao ambiente.	stat:PER>=7	ELYTH_27_09	xp=12;reputation=1	ELYTH_27_09	fatigue=1		NATURE_Frost	nature:Frost&flag:elyth_27_active	8
ELYTH_27_09	ELYTH	RARE	ANY	Orinthal	Crystalia	5	1	5	Elyth Frost — individualidade 9	Uma situação prática coloca sua natureza Frost à prova. A resposta que você escolhe define como a manifestação será aperfeiçoada.	Repetir o fundamento e refinar o controle.	stat:VON>=6&skill:ELY_0528	ELYTH_27_10	xp=14;flag:elyth_27_refined=1	ELYTH_27_10	fatigue=1		Adaptar a técnica ao ambiente.	stat:PER>=7	ELYTH_27_10	xp=13;reputation=1	ELYTH_27_10	fatigue=1		NATURE_Frost	nature:Frost&flag:elyth_27_active	8
ELYTH_27_10	ELYTH	RARE	ANY	Orinthal	Crystalia	6	1	5	Elyth Frost — técnica consolidada	Você encerra o ciclo de treinamento com uma noção mais clara da própria individualidade. A técnica pode permanecer como lembrança permanente da sua trajetória.	Consolidar a técnica.	NONE	END	xp=20;flag:elyth_27_complete=1;unflag:elyth_27_active	END	fatigue=1		Experimentar uma variação arriscada.	stat:TEC>=8	END	xp=26;fatigue=3;flag:elyth_27_complete=1;unflag:elyth_27_active	END	fatigue=1		NATURE_Frost	nature:Frost&flag:elyth_27_active	8
ELYTH_28_01	ELYTH	RARE	ANY	Zarim	Fornalia	2	1	5	Elyth Psion — despertar da individualidade	Sua natureza Psion reage a uma situação em Fornalia. Um exercício espontâneo revela que sua manifestação pessoal pode seguir um caminho que outros da mesma natureza não possuem.	Treinar a manifestação com disciplina.	stat:VON>=7	ELYTH_28_02	flag:elyth_28_started=1;flag:elyth_28_active=1;xp=6	ELYTH_28_02	flag:elyth_28_started=1;flag:elyth_28_active=1;fatigue=1		Forçar a manifestação.	stat:FOR>=7	ELYTH_28_03	flag:elyth_28_started=1;flag:elyth_28_active=1;fatigue=2;xp=4	ELYTH_28_03	flag:elyth_28_started=1;flag:elyth_28_active=1;fatigue=1		NATURE_Psion	nature:Psion&!flag:elyth_28_started	8
ELYTH_28_02	ELYTH	RARE	ANY	Zarim	Fornalia	2	1	5	Elyth Psion — individualidade 2	Uma situação prática coloca sua natureza Psion à prova. A resposta que você escolhe define como a manifestação será aperfeiçoada.	Repetir o fundamento e refinar o controle.	stat:VON>=6	ELYTH_28_03	xp=7;flag:elyth_28_refined=1	ELYTH_28_03	fatigue=1		Adaptar a técnica ao ambiente.	stat:PER>=7	ELYTH_28_03	xp=6;reputation=1	ELYTH_28_03	fatigue=1		NATURE_Psion	nature:Psion&flag:elyth_28_active	8
ELYTH_28_03	ELYTH	RARE	ANY	Zarim	Fornalia	2	1	5	Elyth Psion — individualidade 3	Uma situação prática coloca sua natureza Psion à prova. A resposta que você escolhe define como a manifestação será aperfeiçoada.	Repetir o fundamento e refinar o controle.	stat:VON>=6	ELYTH_28_04	xp=8;flag:elyth_28_refined=1	ELYTH_28_04	fatigue=1		Adaptar a técnica ao ambiente.	stat:PER>=7	ELYTH_28_04	xp=7;reputation=1	ELYTH_28_04	fatigue=1		NATURE_Psion	nature:Psion&flag:elyth_28_active	8
ELYTH_28_04	ELYTH	RARE	ANY	Zarim	Fornalia	3	1	5	Elyth Psion — individualidade 4	Uma situação prática coloca sua natureza Psion à prova. A resposta que você escolhe define como a manifestação será aperfeiçoada.	Repetir o fundamento e refinar o controle.	stat:VON>=6&skill:ELY_0543	ELYTH_28_05	xp=9;flag:elyth_28_refined=1	ELYTH_28_05	fatigue=1		Adaptar a técnica ao ambiente.	stat:PER>=7	ELYTH_28_05	xp=8;reputation=1	ELYTH_28_05	fatigue=1		NATURE_Psion	nature:Psion&flag:elyth_28_active	8
ELYTH_28_05	ELYTH	RARE	ANY	Zarim	Fornalia	3	1	5	Elyth Psion — individualidade 5	Uma situação prática coloca sua natureza Psion à prova. A resposta que você escolhe define como a manifestação será aperfeiçoada.	Repetir o fundamento e refinar o controle.	stat:VON>=6&skill:ELY_0544	ELYTH_28_06	xp=10;flag:elyth_28_refined=1	ELYTH_28_06	fatigue=1		Adaptar a técnica ao ambiente.	stat:PER>=7	ELYTH_28_06	xp=9;reputation=1	ELYTH_28_06	fatigue=1		NATURE_Psion	nature:Psion&flag:elyth_28_active	8
ELYTH_28_06	ELYTH	RARE	ANY	Zarim	Fornalia	4	1	5	Elyth Psion — individualidade 6	Uma situação prática coloca sua natureza Psion à prova. A resposta que você escolhe define como a manifestação será aperfeiçoada.	Repetir o fundamento e refinar o controle.	stat:VON>=6&skill:ELY_0545	ELYTH_28_07	xp=11;flag:elyth_28_refined=1	ELYTH_28_07	fatigue=1		Adaptar a técnica ao ambiente.	stat:PER>=7	ELYTH_28_07	xp=10;reputation=1	ELYTH_28_07	fatigue=1		NATURE_Psion	nature:Psion&flag:elyth_28_active	8
ELYTH_28_07	ELYTH	RARE	ANY	Zarim	Fornalia	4	1	5	Elyth Psion — individualidade 7	Uma situação prática coloca sua natureza Psion à prova. A resposta que você escolhe define como a manifestação será aperfeiçoada.	Repetir o fundamento e refinar o controle.	stat:VON>=6&skill:ELY_0546	ELYTH_28_08	xp=12;flag:elyth_28_refined=1	ELYTH_28_08	fatigue=1		Adaptar a técnica ao ambiente.	stat:PER>=7	ELYTH_28_08	xp=11;reputation=1	ELYTH_28_08	fatigue=1		NATURE_Psion	nature:Psion&flag:elyth_28_active	8
ELYTH_28_08	ELYTH	RARE	ANY	Zarim	Fornalia	5	1	5	Elyth Psion — individualidade 8	Uma situação prática coloca sua natureza Psion à prova. A resposta que você escolhe define como a manifestação será aperfeiçoada.	Repetir o fundamento e refinar o controle.	stat:VON>=6&skill:ELY_0547	ELYTH_28_09	xp=13;flag:elyth_28_refined=1	ELYTH_28_09	fatigue=1		Adaptar a técnica ao ambiente.	stat:PER>=7	ELYTH_28_09	xp=12;reputation=1	ELYTH_28_09	fatigue=1		NATURE_Psion	nature:Psion&flag:elyth_28_active	8
ELYTH_28_09	ELYTH	RARE	ANY	Zarim	Fornalia	5	1	5	Elyth Psion — individualidade 9	Uma situação prática coloca sua natureza Psion à prova. A resposta que você escolhe define como a manifestação será aperfeiçoada.	Repetir o fundamento e refinar o controle.	stat:VON>=6&skill:ELY_0548	ELYTH_28_10	xp=14;flag:elyth_28_refined=1	ELYTH_28_10	fatigue=1		Adaptar a técnica ao ambiente.	stat:PER>=7	ELYTH_28_10	xp=13;reputation=1	ELYTH_28_10	fatigue=1		NATURE_Psion	nature:Psion&flag:elyth_28_active	8
ELYTH_28_10	ELYTH	RARE	ANY	Zarim	Fornalia	6	1	5	Elyth Psion — técnica consolidada	Você encerra o ciclo de treinamento com uma noção mais clara da própria individualidade. A técnica pode permanecer como lembrança permanente da sua trajetória.	Consolidar a técnica.	NONE	END	xp=20;flag:elyth_28_complete=1;unflag:elyth_28_active	END	fatigue=1		Experimentar uma variação arriscada.	stat:TEC>=8	END	xp=26;fatigue=3;flag:elyth_28_complete=1;unflag:elyth_28_active	END	fatigue=1		NATURE_Psion	nature:Psion&flag:elyth_28_active	8
ELYTH_29_01	ELYTH	RARE	VALARYN	Lyrien	Aerocivitus	2	1	5	Elyth Ash — despertar da individualidade	Sua natureza Ash reage a uma situação em Aerocivitus. Um exercício espontâneo revela que sua manifestação pessoal pode seguir um caminho que outros da mesma natureza não possuem.	Treinar a manifestação com disciplina.	stat:VON>=7	ELYTH_29_02	flag:elyth_29_started=1;flag:elyth_29_active=1;xp=6	ELYTH_29_02	flag:elyth_29_started=1;flag:elyth_29_active=1;fatigue=1		Forçar a manifestação.	stat:FOR>=7	ELYTH_29_03	flag:elyth_29_started=1;flag:elyth_29_active=1;fatigue=2;xp=4	ELYTH_29_03	flag:elyth_29_started=1;flag:elyth_29_active=1;fatigue=1		NATURE_Ash	nature:Ash&!flag:elyth_29_started	8
ELYTH_29_02	ELYTH	RARE	VALARYN	Lyrien	Aerocivitus	2	1	5	Elyth Ash — individualidade 2	Uma situação prática coloca sua natureza Ash à prova. A resposta que você escolhe define como a manifestação será aperfeiçoada.	Repetir o fundamento e refinar o controle.	stat:VON>=6	ELYTH_29_03	xp=7;flag:elyth_29_refined=1	ELYTH_29_03	fatigue=1		Adaptar a técnica ao ambiente.	stat:PER>=7	ELYTH_29_03	xp=6;reputation=1	ELYTH_29_03	fatigue=1		NATURE_Ash	nature:Ash&flag:elyth_29_active	8
ELYTH_29_03	ELYTH	RARE	VALARYN	Lyrien	Aerocivitus	2	1	5	Elyth Ash — individualidade 3	Uma situação prática coloca sua natureza Ash à prova. A resposta que você escolhe define como a manifestação será aperfeiçoada.	Repetir o fundamento e refinar o controle.	stat:VON>=6	ELYTH_29_04	xp=8;flag:elyth_29_refined=1	ELYTH_29_04	fatigue=1		Adaptar a técnica ao ambiente.	stat:PER>=7	ELYTH_29_04	xp=7;reputation=1	ELYTH_29_04	fatigue=1		NATURE_Ash	nature:Ash&flag:elyth_29_active	8
ELYTH_29_04	ELYTH	RARE	VALARYN	Lyrien	Aerocivitus	3	1	5	Elyth Ash — individualidade 4	Uma situação prática coloca sua natureza Ash à prova. A resposta que você escolhe define como a manifestação será aperfeiçoada.	Repetir o fundamento e refinar o controle.	stat:VON>=6&skill:ELY_0563	ELYTH_29_05	xp=9;flag:elyth_29_refined=1	ELYTH_29_05	fatigue=1		Adaptar a técnica ao ambiente.	stat:PER>=7	ELYTH_29_05	xp=8;reputation=1	ELYTH_29_05	fatigue=1		NATURE_Ash	nature:Ash&flag:elyth_29_active	8
ELYTH_29_05	ELYTH	RARE	VALARYN	Lyrien	Aerocivitus	3	1	5	Elyth Ash — individualidade 5	Uma situação prática coloca sua natureza Ash à prova. A resposta que você escolhe define como a manifestação será aperfeiçoada.	Repetir o fundamento e refinar o controle.	stat:VON>=6&skill:ELY_0564	ELYTH_29_06	xp=10;flag:elyth_29_refined=1	ELYTH_29_06	fatigue=1		Adaptar a técnica ao ambiente.	stat:PER>=7	ELYTH_29_06	xp=9;reputation=1	ELYTH_29_06	fatigue=1		NATURE_Ash	nature:Ash&flag:elyth_29_active	8
ELYTH_29_06	ELYTH	RARE	VALARYN	Lyrien	Aerocivitus	4	1	5	Elyth Ash — individualidade 6	Uma situação prática coloca sua natureza Ash à prova. A resposta que você escolhe define como a manifestação será aperfeiçoada.	Repetir o fundamento e refinar o controle.	stat:VON>=6&skill:ELY_0565	ELYTH_29_07	xp=11;flag:elyth_29_refined=1	ELYTH_29_07	fatigue=1		Adaptar a técnica ao ambiente.	stat:PER>=7	ELYTH_29_07	xp=10;reputation=1	ELYTH_29_07	fatigue=1		NATURE_Ash	nature:Ash&flag:elyth_29_active	8
ELYTH_29_07	ELYTH	RARE	VALARYN	Lyrien	Aerocivitus	4	1	5	Elyth Ash — individualidade 7	Uma situação prática coloca sua natureza Ash à prova. A resposta que você escolhe define como a manifestação será aperfeiçoada.	Repetir o fundamento e refinar o controle.	stat:VON>=6&skill:ELY_0566	ELYTH_29_08	xp=12;flag:elyth_29_refined=1	ELYTH_29_08	fatigue=1		Adaptar a técnica ao ambiente.	stat:PER>=7	ELYTH_29_08	xp=11;reputation=1	ELYTH_29_08	fatigue=1		NATURE_Ash	nature:Ash&flag:elyth_29_active	8
ELYTH_29_08	ELYTH	RARE	VALARYN	Lyrien	Aerocivitus	5	1	5	Elyth Ash — individualidade 8	Uma situação prática coloca sua natureza Ash à prova. A resposta que você escolhe define como a manifestação será aperfeiçoada.	Repetir o fundamento e refinar o controle.	stat:VON>=6&skill:ELY_0567	ELYTH_29_09	xp=13;flag:elyth_29_refined=1	ELYTH_29_09	fatigue=1		Adaptar a técnica ao ambiente.	stat:PER>=7	ELYTH_29_09	xp=12;reputation=1	ELYTH_29_09	fatigue=1		NATURE_Ash	nature:Ash&flag:elyth_29_active	8
ELYTH_29_09	ELYTH	RARE	VALARYN	Lyrien	Aerocivitus	5	1	5	Elyth Ash — individualidade 9	Uma situação prática coloca sua natureza Ash à prova. A resposta que você escolhe define como a manifestação será aperfeiçoada.	Repetir o fundamento e refinar o controle.	stat:VON>=6&skill:ELY_0568	ELYTH_29_10	xp=14;flag:elyth_29_refined=1	ELYTH_29_10	fatigue=1		Adaptar a técnica ao ambiente.	stat:PER>=7	ELYTH_29_10	xp=13;reputation=1	ELYTH_29_10	fatigue=1		NATURE_Ash	nature:Ash&flag:elyth_29_active	8
ELYTH_29_10	ELYTH	RARE	VALARYN	Lyrien	Aerocivitus	6	1	5	Elyth Ash — técnica consolidada	Você encerra o ciclo de treinamento com uma noção mais clara da própria individualidade. A técnica pode permanecer como lembrança permanente da sua trajetória.	Consolidar a técnica.	NONE	END	xp=20;flag:elyth_29_complete=1;unflag:elyth_29_active	END	fatigue=1		Experimentar uma variação arriscada.	stat:TEC>=8	END	xp=26;fatigue=3;flag:elyth_29_complete=1;unflag:elyth_29_active	END	fatigue=1		NATURE_Ash	nature:Ash&flag:elyth_29_active	8
ELYTH_30_01	ELYTH	RARE	ANY	Myrthos	Sem nome definido	2	1	5	Elyth Gild — despertar da individualidade	Sua natureza Gild reage a uma situação em Sem nome definido. Um exercício espontâneo revela que sua manifestação pessoal pode seguir um caminho que outros da mesma natureza não possuem.	Treinar a manifestação com disciplina.	stat:VON>=7	ELYTH_30_02	flag:elyth_30_started=1;flag:elyth_30_active=1;xp=6	ELYTH_30_02	flag:elyth_30_started=1;flag:elyth_30_active=1;fatigue=1		Forçar a manifestação.	stat:FOR>=7	ELYTH_30_03	flag:elyth_30_started=1;flag:elyth_30_active=1;fatigue=2;xp=4	ELYTH_30_03	flag:elyth_30_started=1;flag:elyth_30_active=1;fatigue=1		NATURE_Gild	nature:Gild&!flag:elyth_30_started	8
ELYTH_30_02	ELYTH	RARE	ANY	Myrthos	Sem nome definido	2	1	5	Elyth Gild — individualidade 2	Uma situação prática coloca sua natureza Gild à prova. A resposta que você escolhe define como a manifestação será aperfeiçoada.	Repetir o fundamento e refinar o controle.	stat:VON>=6	ELYTH_30_03	xp=7;flag:elyth_30_refined=1	ELYTH_30_03	fatigue=1		Adaptar a técnica ao ambiente.	stat:PER>=7	ELYTH_30_03	xp=6;reputation=1	ELYTH_30_03	fatigue=1		NATURE_Gild	nature:Gild&flag:elyth_30_active	8
ELYTH_30_03	ELYTH	RARE	ANY	Myrthos	Sem nome definido	2	1	5	Elyth Gild — individualidade 3	Uma situação prática coloca sua natureza Gild à prova. A resposta que você escolhe define como a manifestação será aperfeiçoada.	Repetir o fundamento e refinar o controle.	stat:VON>=6	ELYTH_30_04	xp=8;flag:elyth_30_refined=1	ELYTH_30_04	fatigue=1		Adaptar a técnica ao ambiente.	stat:PER>=7	ELYTH_30_04	xp=7;reputation=1	ELYTH_30_04	fatigue=1		NATURE_Gild	nature:Gild&flag:elyth_30_active	8
ELYTH_30_04	ELYTH	RARE	ANY	Myrthos	Sem nome definido	3	1	5	Elyth Gild — individualidade 4	Uma situação prática coloca sua natureza Gild à prova. A resposta que você escolhe define como a manifestação será aperfeiçoada.	Repetir o fundamento e refinar o controle.	stat:VON>=6&skill:ELY_0583	ELYTH_30_05	xp=9;flag:elyth_30_refined=1	ELYTH_30_05	fatigue=1		Adaptar a técnica ao ambiente.	stat:PER>=7	ELYTH_30_05	xp=8;reputation=1	ELYTH_30_05	fatigue=1		NATURE_Gild	nature:Gild&flag:elyth_30_active	8
ELYTH_30_05	ELYTH	RARE	ANY	Myrthos	Sem nome definido	3	1	5	Elyth Gild — individualidade 5	Uma situação prática coloca sua natureza Gild à prova. A resposta que você escolhe define como a manifestação será aperfeiçoada.	Repetir o fundamento e refinar o controle.	stat:VON>=6&skill:ELY_0584	ELYTH_30_06	xp=10;flag:elyth_30_refined=1	ELYTH_30_06	fatigue=1		Adaptar a técnica ao ambiente.	stat:PER>=7	ELYTH_30_06	xp=9;reputation=1	ELYTH_30_06	fatigue=1		NATURE_Gild	nature:Gild&flag:elyth_30_active	8
ELYTH_30_06	ELYTH	RARE	ANY	Myrthos	Sem nome definido	4	1	5	Elyth Gild — individualidade 6	Uma situação prática coloca sua natureza Gild à prova. A resposta que você escolhe define como a manifestação será aperfeiçoada.	Repetir o fundamento e refinar o controle.	stat:VON>=6&skill:ELY_0585	ELYTH_30_07	xp=11;flag:elyth_30_refined=1	ELYTH_30_07	fatigue=1		Adaptar a técnica ao ambiente.	stat:PER>=7	ELYTH_30_07	xp=10;reputation=1	ELYTH_30_07	fatigue=1		NATURE_Gild	nature:Gild&flag:elyth_30_active	8
ELYTH_30_07	ELYTH	RARE	ANY	Myrthos	Sem nome definido	4	1	5	Elyth Gild — individualidade 7	Uma situação prática coloca sua natureza Gild à prova. A resposta que você escolhe define como a manifestação será aperfeiçoada.	Repetir o fundamento e refinar o controle.	stat:VON>=6&skill:ELY_0586	ELYTH_30_08	xp=12;flag:elyth_30_refined=1	ELYTH_30_08	fatigue=1		Adaptar a técnica ao ambiente.	stat:PER>=7	ELYTH_30_08	xp=11;reputation=1	ELYTH_30_08	fatigue=1		NATURE_Gild	nature:Gild&flag:elyth_30_active	8
ELYTH_30_08	ELYTH	RARE	ANY	Myrthos	Sem nome definido	5	1	5	Elyth Gild — individualidade 8	Uma situação prática coloca sua natureza Gild à prova. A resposta que você escolhe define como a manifestação será aperfeiçoada.	Repetir o fundamento e refinar o controle.	stat:VON>=6&skill:ELY_0587	ELYTH_30_09	xp=13;flag:elyth_30_refined=1	ELYTH_30_09	fatigue=1		Adaptar a técnica ao ambiente.	stat:PER>=7	ELYTH_30_09	xp=12;reputation=1	ELYTH_30_09	fatigue=1		NATURE_Gild	nature:Gild&flag:elyth_30_active	8
ELYTH_30_09	ELYTH	RARE	ANY	Myrthos	Sem nome definido	5	1	5	Elyth Gild — individualidade 9	Uma situação prática coloca sua natureza Gild à prova. A resposta que você escolhe define como a manifestação será aperfeiçoada.	Repetir o fundamento e refinar o controle.	stat:VON>=6&skill:ELY_0588	ELYTH_30_10	xp=14;flag:elyth_30_refined=1	ELYTH_30_10	fatigue=1		Adaptar a técnica ao ambiente.	stat:PER>=7	ELYTH_30_10	xp=13;reputation=1	ELYTH_30_10	fatigue=1		NATURE_Gild	nature:Gild&flag:elyth_30_active	8
ELYTH_30_10	ELYTH	RARE	ANY	Myrthos	Sem nome definido	6	1	5	Elyth Gild — técnica consolidada	Você encerra o ciclo de treinamento com uma noção mais clara da própria individualidade. A técnica pode permanecer como lembrança permanente da sua trajetória.	Consolidar a técnica.	NONE	END	xp=20;flag:elyth_30_complete=1;unflag:elyth_30_active	END	fatigue=1		Experimentar uma variação arriscada.	stat:TEC>=8	END	xp=26;fatigue=3;flag:elyth_30_complete=1;unflag:elyth_30_active	END	fatigue=1		NATURE_Gild	nature:Gild&flag:elyth_30_active	8
ELYTH_31_01	ELYTH	RARE	ANY	Aeloria	Zorathen	2	1	5	Elyth Quake — despertar da individualidade	Sua natureza Quake reage a uma situação em Zorathen. Um exercício espontâneo revela que sua manifestação pessoal pode seguir um caminho que outros da mesma natureza não possuem.	Treinar a manifestação com disciplina.	stat:VON>=7	ELYTH_31_02	flag:elyth_31_started=1;flag:elyth_31_active=1;xp=6	ELYTH_31_02	flag:elyth_31_started=1;flag:elyth_31_active=1;fatigue=1		Forçar a manifestação.	stat:FOR>=7	ELYTH_31_03	flag:elyth_31_started=1;flag:elyth_31_active=1;fatigue=2;xp=4	ELYTH_31_03	flag:elyth_31_started=1;flag:elyth_31_active=1;fatigue=1		NATURE_Quake	nature:Quake&!flag:elyth_31_started	8
ELYTH_31_02	ELYTH	RARE	ANY	Aeloria	Zorathen	2	1	5	Elyth Quake — individualidade 2	Uma situação prática coloca sua natureza Quake à prova. A resposta que você escolhe define como a manifestação será aperfeiçoada.	Repetir o fundamento e refinar o controle.	stat:VON>=6	ELYTH_31_03	xp=7;flag:elyth_31_refined=1	ELYTH_31_03	fatigue=1		Adaptar a técnica ao ambiente.	stat:PER>=7	ELYTH_31_03	xp=6;reputation=1	ELYTH_31_03	fatigue=1		NATURE_Quake	nature:Quake&flag:elyth_31_active	8
ELYTH_31_03	ELYTH	RARE	ANY	Aeloria	Zorathen	2	1	5	Elyth Quake — individualidade 3	Uma situação prática coloca sua natureza Quake à prova. A resposta que você escolhe define como a manifestação será aperfeiçoada.	Repetir o fundamento e refinar o controle.	stat:VON>=6	ELYTH_31_04	xp=8;flag:elyth_31_refined=1	ELYTH_31_04	fatigue=1		Adaptar a técnica ao ambiente.	stat:PER>=7	ELYTH_31_04	xp=7;reputation=1	ELYTH_31_04	fatigue=1		NATURE_Quake	nature:Quake&flag:elyth_31_active	8
ELYTH_31_04	ELYTH	RARE	ANY	Aeloria	Zorathen	3	1	5	Elyth Quake — individualidade 4	Uma situação prática coloca sua natureza Quake à prova. A resposta que você escolhe define como a manifestação será aperfeiçoada.	Repetir o fundamento e refinar o controle.	stat:VON>=6&skill:ELY_0603	ELYTH_31_05	xp=9;flag:elyth_31_refined=1	ELYTH_31_05	fatigue=1		Adaptar a técnica ao ambiente.	stat:PER>=7	ELYTH_31_05	xp=8;reputation=1	ELYTH_31_05	fatigue=1		NATURE_Quake	nature:Quake&flag:elyth_31_active	8
ELYTH_31_05	ELYTH	RARE	ANY	Aeloria	Zorathen	3	1	5	Elyth Quake — individualidade 5	Uma situação prática coloca sua natureza Quake à prova. A resposta que você escolhe define como a manifestação será aperfeiçoada.	Repetir o fundamento e refinar o controle.	stat:VON>=6&skill:ELY_0604	ELYTH_31_06	xp=10;flag:elyth_31_refined=1	ELYTH_31_06	fatigue=1		Adaptar a técnica ao ambiente.	stat:PER>=7	ELYTH_31_06	xp=9;reputation=1	ELYTH_31_06	fatigue=1		NATURE_Quake	nature:Quake&flag:elyth_31_active	8
ELYTH_31_06	ELYTH	RARE	ANY	Aeloria	Zorathen	4	1	5	Elyth Quake — individualidade 6	Uma situação prática coloca sua natureza Quake à prova. A resposta que você escolhe define como a manifestação será aperfeiçoada.	Repetir o fundamento e refinar o controle.	stat:VON>=6&skill:ELY_0605	ELYTH_31_07	xp=11;flag:elyth_31_refined=1	ELYTH_31_07	fatigue=1		Adaptar a técnica ao ambiente.	stat:PER>=7	ELYTH_31_07	xp=10;reputation=1	ELYTH_31_07	fatigue=1		NATURE_Quake	nature:Quake&flag:elyth_31_active	8
ELYTH_31_07	ELYTH	RARE	ANY	Aeloria	Zorathen	4	1	5	Elyth Quake — individualidade 7	Uma situação prática coloca sua natureza Quake à prova. A resposta que você escolhe define como a manifestação será aperfeiçoada.	Repetir o fundamento e refinar o controle.	stat:VON>=6&skill:ELY_0606	ELYTH_31_08	xp=12;flag:elyth_31_refined=1	ELYTH_31_08	fatigue=1		Adaptar a técnica ao ambiente.	stat:PER>=7	ELYTH_31_08	xp=11;reputation=1	ELYTH_31_08	fatigue=1		NATURE_Quake	nature:Quake&flag:elyth_31_active	8
ELYTH_31_08	ELYTH	RARE	ANY	Aeloria	Zorathen	5	1	5	Elyth Quake — individualidade 8	Uma situação prática coloca sua natureza Quake à prova. A resposta que você escolhe define como a manifestação será aperfeiçoada.	Repetir o fundamento e refinar o controle.	stat:VON>=6&skill:ELY_0607	ELYTH_31_09	xp=13;flag:elyth_31_refined=1	ELYTH_31_09	fatigue=1		Adaptar a técnica ao ambiente.	stat:PER>=7	ELYTH_31_09	xp=12;reputation=1	ELYTH_31_09	fatigue=1		NATURE_Quake	nature:Quake&flag:elyth_31_active	8
ELYTH_31_09	ELYTH	RARE	ANY	Aeloria	Zorathen	5	1	5	Elyth Quake — individualidade 9	Uma situação prática coloca sua natureza Quake à prova. A resposta que você escolhe define como a manifestação será aperfeiçoada.	Repetir o fundamento e refinar o controle.	stat:VON>=6&skill:ELY_0608	ELYTH_31_10	xp=14;flag:elyth_31_refined=1	ELYTH_31_10	fatigue=1		Adaptar a técnica ao ambiente.	stat:PER>=7	ELYTH_31_10	xp=13;reputation=1	ELYTH_31_10	fatigue=1		NATURE_Quake	nature:Quake&flag:elyth_31_active	8
ELYTH_31_10	ELYTH	RARE	ANY	Aeloria	Zorathen	6	1	5	Elyth Quake — técnica consolidada	Você encerra o ciclo de treinamento com uma noção mais clara da própria individualidade. A técnica pode permanecer como lembrança permanente da sua trajetória.	Consolidar a técnica.	NONE	END	xp=20;flag:elyth_31_complete=1;unflag:elyth_31_active	END	fatigue=1		Experimentar uma variação arriscada.	stat:TEC>=8	END	xp=26;fatigue=3;flag:elyth_31_complete=1;unflag:elyth_31_active	END	fatigue=1		NATURE_Quake	nature:Quake&flag:elyth_31_active	8
ELYTH_32_01	ELYTH	RARE	ANY	Tharun	Stone-Âmbar	2	1	5	Elyth Bloom — despertar da individualidade	Sua natureza Bloom reage a uma situação em Stone-Âmbar. Um exercício espontâneo revela que sua manifestação pessoal pode seguir um caminho que outros da mesma natureza não possuem.	Treinar a manifestação com disciplina.	stat:VON>=7	ELYTH_32_02	flag:elyth_32_started=1;flag:elyth_32_active=1;xp=6	ELYTH_32_02	flag:elyth_32_started=1;flag:elyth_32_active=1;fatigue=1		Forçar a manifestação.	stat:FOR>=7	ELYTH_32_03	flag:elyth_32_started=1;flag:elyth_32_active=1;fatigue=2;xp=4	ELYTH_32_03	flag:elyth_32_started=1;flag:elyth_32_active=1;fatigue=1		NATURE_Bloom	nature:Bloom&!flag:elyth_32_started	8
ELYTH_32_02	ELYTH	RARE	ANY	Tharun	Stone-Âmbar	2	1	5	Elyth Bloom — individualidade 2	Uma situação prática coloca sua natureza Bloom à prova. A resposta que você escolhe define como a manifestação será aperfeiçoada.	Repetir o fundamento e refinar o controle.	stat:VON>=6	ELYTH_32_03	xp=7;flag:elyth_32_refined=1	ELYTH_32_03	fatigue=1		Adaptar a técnica ao ambiente.	stat:PER>=7	ELYTH_32_03	xp=6;reputation=1	ELYTH_32_03	fatigue=1		NATURE_Bloom	nature:Bloom&flag:elyth_32_active	8
ELYTH_32_03	ELYTH	RARE	ANY	Tharun	Stone-Âmbar	2	1	5	Elyth Bloom — individualidade 3	Uma situação prática coloca sua natureza Bloom à prova. A resposta que você escolhe define como a manifestação será aperfeiçoada.	Repetir o fundamento e refinar o controle.	stat:VON>=6	ELYTH_32_04	xp=8;flag:elyth_32_refined=1	ELYTH_32_04	fatigue=1		Adaptar a técnica ao ambiente.	stat:PER>=7	ELYTH_32_04	xp=7;reputation=1	ELYTH_32_04	fatigue=1		NATURE_Bloom	nature:Bloom&flag:elyth_32_active	8
ELYTH_32_04	ELYTH	RARE	ANY	Tharun	Stone-Âmbar	3	1	5	Elyth Bloom — individualidade 4	Uma situação prática coloca sua natureza Bloom à prova. A resposta que você escolhe define como a manifestação será aperfeiçoada.	Repetir o fundamento e refinar o controle.	stat:VON>=6&skill:ELY_0623	ELYTH_32_05	xp=9;flag:elyth_32_refined=1	ELYTH_32_05	fatigue=1		Adaptar a técnica ao ambiente.	stat:PER>=7	ELYTH_32_05	xp=8;reputation=1	ELYTH_32_05	fatigue=1		NATURE_Bloom	nature:Bloom&flag:elyth_32_active	8
ELYTH_32_05	ELYTH	RARE	ANY	Tharun	Stone-Âmbar	3	1	5	Elyth Bloom — individualidade 5	Uma situação prática coloca sua natureza Bloom à prova. A resposta que você escolhe define como a manifestação será aperfeiçoada.	Repetir o fundamento e refinar o controle.	stat:VON>=6&skill:ELY_0624	ELYTH_32_06	xp=10;flag:elyth_32_refined=1	ELYTH_32_06	fatigue=1		Adaptar a técnica ao ambiente.	stat:PER>=7	ELYTH_32_06	xp=9;reputation=1	ELYTH_32_06	fatigue=1		NATURE_Bloom	nature:Bloom&flag:elyth_32_active	8
ELYTH_32_06	ELYTH	RARE	ANY	Tharun	Stone-Âmbar	4	1	5	Elyth Bloom — individualidade 6	Uma situação prática coloca sua natureza Bloom à prova. A resposta que você escolhe define como a manifestação será aperfeiçoada.	Repetir o fundamento e refinar o controle.	stat:VON>=6&skill:ELY_0625	ELYTH_32_07	xp=11;flag:elyth_32_refined=1	ELYTH_32_07	fatigue=1		Adaptar a técnica ao ambiente.	stat:PER>=7	ELYTH_32_07	xp=10;reputation=1	ELYTH_32_07	fatigue=1		NATURE_Bloom	nature:Bloom&flag:elyth_32_active	8
ELYTH_32_07	ELYTH	RARE	ANY	Tharun	Stone-Âmbar	4	1	5	Elyth Bloom — individualidade 7	Uma situação prática coloca sua natureza Bloom à prova. A resposta que você escolhe define como a manifestação será aperfeiçoada.	Repetir o fundamento e refinar o controle.	stat:VON>=6&skill:ELY_0626	ELYTH_32_08	xp=12;flag:elyth_32_refined=1	ELYTH_32_08	fatigue=1		Adaptar a técnica ao ambiente.	stat:PER>=7	ELYTH_32_08	xp=11;reputation=1	ELYTH_32_08	fatigue=1		NATURE_Bloom	nature:Bloom&flag:elyth_32_active	8
ELYTH_32_08	ELYTH	RARE	ANY	Tharun	Stone-Âmbar	5	1	5	Elyth Bloom — individualidade 8	Uma situação prática coloca sua natureza Bloom à prova. A resposta que você escolhe define como a manifestação será aperfeiçoada.	Repetir o fundamento e refinar o controle.	stat:VON>=6&skill:ELY_0627	ELYTH_32_09	xp=13;flag:elyth_32_refined=1	ELYTH_32_09	fatigue=1		Adaptar a técnica ao ambiente.	stat:PER>=7	ELYTH_32_09	xp=12;reputation=1	ELYTH_32_09	fatigue=1		NATURE_Bloom	nature:Bloom&flag:elyth_32_active	8
ELYTH_32_09	ELYTH	RARE	ANY	Tharun	Stone-Âmbar	5	1	5	Elyth Bloom — individualidade 9	Uma situação prática coloca sua natureza Bloom à prova. A resposta que você escolhe define como a manifestação será aperfeiçoada.	Repetir o fundamento e refinar o controle.	stat:VON>=6&skill:ELY_0628	ELYTH_32_10	xp=14;flag:elyth_32_refined=1	ELYTH_32_10	fatigue=1		Adaptar a técnica ao ambiente.	stat:PER>=7	ELYTH_32_10	xp=13;reputation=1	ELYTH_32_10	fatigue=1		NATURE_Bloom	nature:Bloom&flag:elyth_32_active	8
ELYTH_32_10	ELYTH	RARE	ANY	Tharun	Stone-Âmbar	6	1	5	Elyth Bloom — técnica consolidada	Você encerra o ciclo de treinamento com uma noção mais clara da própria individualidade. A técnica pode permanecer como lembrança permanente da sua trajetória.	Consolidar a técnica.	NONE	END	xp=20;flag:elyth_32_complete=1;unflag:elyth_32_active	END	fatigue=1		Experimentar uma variação arriscada.	stat:TEC>=8	END	xp=26;fatigue=3;flag:elyth_32_complete=1;unflag:elyth_32_active	END	fatigue=1		NATURE_Bloom	nature:Bloom&flag:elyth_32_active	8
ELYTH_33_01	ELYTH	RARE	VALARYN	Nyssara	Emerald Tide	2	1	5	Elyth Sky — despertar da individualidade	Sua natureza Sky reage a uma situação em Emerald Tide. Um exercício espontâneo revela que sua manifestação pessoal pode seguir um caminho que outros da mesma natureza não possuem.	Treinar a manifestação com disciplina.	stat:VON>=7	ELYTH_33_02	flag:elyth_33_started=1;flag:elyth_33_active=1;xp=6	ELYTH_33_02	flag:elyth_33_started=1;flag:elyth_33_active=1;fatigue=1		Forçar a manifestação.	stat:FOR>=7	ELYTH_33_03	flag:elyth_33_started=1;flag:elyth_33_active=1;fatigue=2;xp=4	ELYTH_33_03	flag:elyth_33_started=1;flag:elyth_33_active=1;fatigue=1		NATURE_Sky	nature:Sky&!flag:elyth_33_started	8
ELYTH_33_02	ELYTH	RARE	VALARYN	Nyssara	Emerald Tide	2	1	5	Elyth Sky — individualidade 2	Uma situação prática coloca sua natureza Sky à prova. A resposta que você escolhe define como a manifestação será aperfeiçoada.	Repetir o fundamento e refinar o controle.	stat:VON>=6	ELYTH_33_03	xp=7;flag:elyth_33_refined=1	ELYTH_33_03	fatigue=1		Adaptar a técnica ao ambiente.	stat:PER>=7	ELYTH_33_03	xp=6;reputation=1	ELYTH_33_03	fatigue=1		NATURE_Sky	nature:Sky&flag:elyth_33_active	8
ELYTH_33_03	ELYTH	RARE	VALARYN	Nyssara	Emerald Tide	2	1	5	Elyth Sky — individualidade 3	Uma situação prática coloca sua natureza Sky à prova. A resposta que você escolhe define como a manifestação será aperfeiçoada.	Repetir o fundamento e refinar o controle.	stat:VON>=6	ELYTH_33_04	xp=8;flag:elyth_33_refined=1	ELYTH_33_04	fatigue=1		Adaptar a técnica ao ambiente.	stat:PER>=7	ELYTH_33_04	xp=7;reputation=1	ELYTH_33_04	fatigue=1		NATURE_Sky	nature:Sky&flag:elyth_33_active	8
ELYTH_33_04	ELYTH	RARE	VALARYN	Nyssara	Emerald Tide	3	1	5	Elyth Sky — individualidade 4	Uma situação prática coloca sua natureza Sky à prova. A resposta que você escolhe define como a manifestação será aperfeiçoada.	Repetir o fundamento e refinar o controle.	stat:VON>=6&skill:ELY_0643	ELYTH_33_05	xp=9;flag:elyth_33_refined=1	ELYTH_33_05	fatigue=1		Adaptar a técnica ao ambiente.	stat:PER>=7	ELYTH_33_05	xp=8;reputation=1	ELYTH_33_05	fatigue=1		NATURE_Sky	nature:Sky&flag:elyth_33_active	8
ELYTH_33_05	ELYTH	RARE	VALARYN	Nyssara	Emerald Tide	3	1	5	Elyth Sky — individualidade 5	Uma situação prática coloca sua natureza Sky à prova. A resposta que você escolhe define como a manifestação será aperfeiçoada.	Repetir o fundamento e refinar o controle.	stat:VON>=6&skill:ELY_0644	ELYTH_33_06	xp=10;flag:elyth_33_refined=1	ELYTH_33_06	fatigue=1		Adaptar a técnica ao ambiente.	stat:PER>=7	ELYTH_33_06	xp=9;reputation=1	ELYTH_33_06	fatigue=1		NATURE_Sky	nature:Sky&flag:elyth_33_active	8
ELYTH_33_06	ELYTH	RARE	VALARYN	Nyssara	Emerald Tide	4	1	5	Elyth Sky — individualidade 6	Uma situação prática coloca sua natureza Sky à prova. A resposta que você escolhe define como a manifestação será aperfeiçoada.	Repetir o fundamento e refinar o controle.	stat:VON>=6&skill:ELY_0645	ELYTH_33_07	xp=11;flag:elyth_33_refined=1	ELYTH_33_07	fatigue=1		Adaptar a técnica ao ambiente.	stat:PER>=7	ELYTH_33_07	xp=10;reputation=1	ELYTH_33_07	fatigue=1		NATURE_Sky	nature:Sky&flag:elyth_33_active	8
ELYTH_33_07	ELYTH	RARE	VALARYN	Nyssara	Emerald Tide	4	1	5	Elyth Sky — individualidade 7	Uma situação prática coloca sua natureza Sky à prova. A resposta que você escolhe define como a manifestação será aperfeiçoada.	Repetir o fundamento e refinar o controle.	stat:VON>=6&skill:ELY_0646	ELYTH_33_08	xp=12;flag:elyth_33_refined=1	ELYTH_33_08	fatigue=1		Adaptar a técnica ao ambiente.	stat:PER>=7	ELYTH_33_08	xp=11;reputation=1	ELYTH_33_08	fatigue=1		NATURE_Sky	nature:Sky&flag:elyth_33_active	8
ELYTH_33_08	ELYTH	RARE	VALARYN	Nyssara	Emerald Tide	5	1	5	Elyth Sky — individualidade 8	Uma situação prática coloca sua natureza Sky à prova. A resposta que você escolhe define como a manifestação será aperfeiçoada.	Repetir o fundamento e refinar o controle.	stat:VON>=6&skill:ELY_0647	ELYTH_33_09	xp=13;flag:elyth_33_refined=1	ELYTH_33_09	fatigue=1		Adaptar a técnica ao ambiente.	stat:PER>=7	ELYTH_33_09	xp=12;reputation=1	ELYTH_33_09	fatigue=1		NATURE_Sky	nature:Sky&flag:elyth_33_active	8
ELYTH_33_09	ELYTH	RARE	VALARYN	Nyssara	Emerald Tide	5	1	5	Elyth Sky — individualidade 9	Uma situação prática coloca sua natureza Sky à prova. A resposta que você escolhe define como a manifestação será aperfeiçoada.	Repetir o fundamento e refinar o controle.	stat:VON>=6&skill:ELY_0648	ELYTH_33_10	xp=14;flag:elyth_33_refined=1	ELYTH_33_10	fatigue=1		Adaptar a técnica ao ambiente.	stat:PER>=7	ELYTH_33_10	xp=13;reputation=1	ELYTH_33_10	fatigue=1		NATURE_Sky	nature:Sky&flag:elyth_33_active	8
ELYTH_33_10	ELYTH	RARE	VALARYN	Nyssara	Emerald Tide	6	1	5	Elyth Sky — técnica consolidada	Você encerra o ciclo de treinamento com uma noção mais clara da própria individualidade. A técnica pode permanecer como lembrança permanente da sua trajetória.	Consolidar a técnica.	NONE	END	xp=20;flag:elyth_33_complete=1;unflag:elyth_33_active	END	fatigue=1		Experimentar uma variação arriscada.	stat:TEC>=8	END	xp=26;fatigue=3;flag:elyth_33_complete=1;unflag:elyth_33_active	END	fatigue=1		NATURE_Sky	nature:Sky&flag:elyth_33_active	8
ELYTH_34_01	ELYTH	RARE	ANY	Valkyrion	Volmeria	2	1	5	Elyth Echo — despertar da individualidade	Sua natureza Echo reage a uma situação em Volmeria. Um exercício espontâneo revela que sua manifestação pessoal pode seguir um caminho que outros da mesma natureza não possuem.	Treinar a manifestação com disciplina.	stat:VON>=7	ELYTH_34_02	flag:elyth_34_started=1;flag:elyth_34_active=1;xp=6	ELYTH_34_02	flag:elyth_34_started=1;flag:elyth_34_active=1;fatigue=1		Forçar a manifestação.	stat:FOR>=7	ELYTH_34_03	flag:elyth_34_started=1;flag:elyth_34_active=1;fatigue=2;xp=4	ELYTH_34_03	flag:elyth_34_started=1;flag:elyth_34_active=1;fatigue=1		NATURE_Echo	nature:Echo&!flag:elyth_34_started	8
ELYTH_34_02	ELYTH	RARE	ANY	Valkyrion	Volmeria	2	1	5	Elyth Echo — individualidade 2	Uma situação prática coloca sua natureza Echo à prova. A resposta que você escolhe define como a manifestação será aperfeiçoada.	Repetir o fundamento e refinar o controle.	stat:VON>=6	ELYTH_34_03	xp=7;flag:elyth_34_refined=1	ELYTH_34_03	fatigue=1		Adaptar a técnica ao ambiente.	stat:PER>=7	ELYTH_34_03	xp=6;reputation=1	ELYTH_34_03	fatigue=1		NATURE_Echo	nature:Echo&flag:elyth_34_active	8
ELYTH_34_03	ELYTH	RARE	ANY	Valkyrion	Volmeria	2	1	5	Elyth Echo — individualidade 3	Uma situação prática coloca sua natureza Echo à prova. A resposta que você escolhe define como a manifestação será aperfeiçoada.	Repetir o fundamento e refinar o controle.	stat:VON>=6	ELYTH_34_04	xp=8;flag:elyth_34_refined=1	ELYTH_34_04	fatigue=1		Adaptar a técnica ao ambiente.	stat:PER>=7	ELYTH_34_04	xp=7;reputation=1	ELYTH_34_04	fatigue=1		NATURE_Echo	nature:Echo&flag:elyth_34_active	8
ELYTH_34_04	ELYTH	RARE	ANY	Valkyrion	Volmeria	3	1	5	Elyth Echo — individualidade 4	Uma situação prática coloca sua natureza Echo à prova. A resposta que você escolhe define como a manifestação será aperfeiçoada.	Repetir o fundamento e refinar o controle.	stat:VON>=6&skill:ELY_0663	ELYTH_34_05	xp=9;flag:elyth_34_refined=1	ELYTH_34_05	fatigue=1		Adaptar a técnica ao ambiente.	stat:PER>=7	ELYTH_34_05	xp=8;reputation=1	ELYTH_34_05	fatigue=1		NATURE_Echo	nature:Echo&flag:elyth_34_active	8
ELYTH_34_05	ELYTH	RARE	ANY	Valkyrion	Volmeria	3	1	5	Elyth Echo — individualidade 5	Uma situação prática coloca sua natureza Echo à prova. A resposta que você escolhe define como a manifestação será aperfeiçoada.	Repetir o fundamento e refinar o controle.	stat:VON>=6&skill:ELY_0664	ELYTH_34_06	xp=10;flag:elyth_34_refined=1	ELYTH_34_06	fatigue=1		Adaptar a técnica ao ambiente.	stat:PER>=7	ELYTH_34_06	xp=9;reputation=1	ELYTH_34_06	fatigue=1		NATURE_Echo	nature:Echo&flag:elyth_34_active	8
ELYTH_34_06	ELYTH	RARE	ANY	Valkyrion	Volmeria	4	1	5	Elyth Echo — individualidade 6	Uma situação prática coloca sua natureza Echo à prova. A resposta que você escolhe define como a manifestação será aperfeiçoada.	Repetir o fundamento e refinar o controle.	stat:VON>=6&skill:ELY_0665	ELYTH_34_07	xp=11;flag:elyth_34_refined=1	ELYTH_34_07	fatigue=1		Adaptar a técnica ao ambiente.	stat:PER>=7	ELYTH_34_07	xp=10;reputation=1	ELYTH_34_07	fatigue=1		NATURE_Echo	nature:Echo&flag:elyth_34_active	8
ELYTH_34_07	ELYTH	RARE	ANY	Valkyrion	Volmeria	4	1	5	Elyth Echo — individualidade 7	Uma situação prática coloca sua natureza Echo à prova. A resposta que você escolhe define como a manifestação será aperfeiçoada.	Repetir o fundamento e refinar o controle.	stat:VON>=6&skill:ELY_0666	ELYTH_34_08	xp=12;flag:elyth_34_refined=1	ELYTH_34_08	fatigue=1		Adaptar a técnica ao ambiente.	stat:PER>=7	ELYTH_34_08	xp=11;reputation=1	ELYTH_34_08	fatigue=1		NATURE_Echo	nature:Echo&flag:elyth_34_active	8
ELYTH_34_08	ELYTH	RARE	ANY	Valkyrion	Volmeria	5	1	5	Elyth Echo — individualidade 8	Uma situação prática coloca sua natureza Echo à prova. A resposta que você escolhe define como a manifestação será aperfeiçoada.	Repetir o fundamento e refinar o controle.	stat:VON>=6&skill:ELY_0667	ELYTH_34_09	xp=13;flag:elyth_34_refined=1	ELYTH_34_09	fatigue=1		Adaptar a técnica ao ambiente.	stat:PER>=7	ELYTH_34_09	xp=12;reputation=1	ELYTH_34_09	fatigue=1		NATURE_Echo	nature:Echo&flag:elyth_34_active	8
ELYTH_34_09	ELYTH	RARE	ANY	Valkyrion	Volmeria	5	1	5	Elyth Echo — individualidade 9	Uma situação prática coloca sua natureza Echo à prova. A resposta que você escolhe define como a manifestação será aperfeiçoada.	Repetir o fundamento e refinar o controle.	stat:VON>=6&skill:ELY_0668	ELYTH_34_10	xp=14;flag:elyth_34_refined=1	ELYTH_34_10	fatigue=1		Adaptar a técnica ao ambiente.	stat:PER>=7	ELYTH_34_10	xp=13;reputation=1	ELYTH_34_10	fatigue=1		NATURE_Echo	nature:Echo&flag:elyth_34_active	8
ELYTH_34_10	ELYTH	RARE	ANY	Valkyrion	Volmeria	6	1	5	Elyth Echo — técnica consolidada	Você encerra o ciclo de treinamento com uma noção mais clara da própria individualidade. A técnica pode permanecer como lembrança permanente da sua trajetória.	Consolidar a técnica.	NONE	END	xp=20;flag:elyth_34_complete=1;unflag:elyth_34_active	END	fatigue=1		Experimentar uma variação arriscada.	stat:TEC>=8	END	xp=26;fatigue=3;flag:elyth_34_complete=1;unflag:elyth_34_active	END	fatigue=1		NATURE_Echo	nature:Echo&flag:elyth_34_active	8
ELYTH_35_01	ELYTH	RARE	ANY	Eshmara	Brumas	2	1	5	Elyth Root — despertar da individualidade	Sua natureza Root reage a uma situação em Brumas. Um exercício espontâneo revela que sua manifestação pessoal pode seguir um caminho que outros da mesma natureza não possuem.	Treinar a manifestação com disciplina.	stat:VON>=7	ELYTH_35_02	flag:elyth_35_started=1;flag:elyth_35_active=1;xp=6	ELYTH_35_02	flag:elyth_35_started=1;flag:elyth_35_active=1;fatigue=1		Forçar a manifestação.	stat:FOR>=7	ELYTH_35_03	flag:elyth_35_started=1;flag:elyth_35_active=1;fatigue=2;xp=4	ELYTH_35_03	flag:elyth_35_started=1;flag:elyth_35_active=1;fatigue=1		NATURE_Root	nature:Root&!flag:elyth_35_started	8
ELYTH_35_02	ELYTH	RARE	ANY	Eshmara	Brumas	2	1	5	Elyth Root — individualidade 2	Uma situação prática coloca sua natureza Root à prova. A resposta que você escolhe define como a manifestação será aperfeiçoada.	Repetir o fundamento e refinar o controle.	stat:VON>=6	ELYTH_35_03	xp=7;flag:elyth_35_refined=1	ELYTH_35_03	fatigue=1		Adaptar a técnica ao ambiente.	stat:PER>=7	ELYTH_35_03	xp=6;reputation=1	ELYTH_35_03	fatigue=1		NATURE_Root	nature:Root&flag:elyth_35_active	8
ELYTH_35_03	ELYTH	RARE	ANY	Eshmara	Brumas	2	1	5	Elyth Root — individualidade 3	Uma situação prática coloca sua natureza Root à prova. A resposta que você escolhe define como a manifestação será aperfeiçoada.	Repetir o fundamento e refinar o controle.	stat:VON>=6	ELYTH_35_04	xp=8;flag:elyth_35_refined=1	ELYTH_35_04	fatigue=1		Adaptar a técnica ao ambiente.	stat:PER>=7	ELYTH_35_04	xp=7;reputation=1	ELYTH_35_04	fatigue=1		NATURE_Root	nature:Root&flag:elyth_35_active	8
ELYTH_35_04	ELYTH	RARE	ANY	Eshmara	Brumas	3	1	5	Elyth Root — individualidade 4	Uma situação prática coloca sua natureza Root à prova. A resposta que você escolhe define como a manifestação será aperfeiçoada.	Repetir o fundamento e refinar o controle.	stat:VON>=6&skill:ELY_0683	ELYTH_35_05	xp=9;flag:elyth_35_refined=1	ELYTH_35_05	fatigue=1		Adaptar a técnica ao ambiente.	stat:PER>=7	ELYTH_35_05	xp=8;reputation=1	ELYTH_35_05	fatigue=1		NATURE_Root	nature:Root&flag:elyth_35_active	8
ELYTH_35_05	ELYTH	RARE	ANY	Eshmara	Brumas	3	1	5	Elyth Root — individualidade 5	Uma situação prática coloca sua natureza Root à prova. A resposta que você escolhe define como a manifestação será aperfeiçoada.	Repetir o fundamento e refinar o controle.	stat:VON>=6&skill:ELY_0684	ELYTH_35_06	xp=10;flag:elyth_35_refined=1	ELYTH_35_06	fatigue=1		Adaptar a técnica ao ambiente.	stat:PER>=7	ELYTH_35_06	xp=9;reputation=1	ELYTH_35_06	fatigue=1		NATURE_Root	nature:Root&flag:elyth_35_active	8
ELYTH_35_06	ELYTH	RARE	ANY	Eshmara	Brumas	4	1	5	Elyth Root — individualidade 6	Uma situação prática coloca sua natureza Root à prova. A resposta que você escolhe define como a manifestação será aperfeiçoada.	Repetir o fundamento e refinar o controle.	stat:VON>=6&skill:ELY_0685	ELYTH_35_07	xp=11;flag:elyth_35_refined=1	ELYTH_35_07	fatigue=1		Adaptar a técnica ao ambiente.	stat:PER>=7	ELYTH_35_07	xp=10;reputation=1	ELYTH_35_07	fatigue=1		NATURE_Root	nature:Root&flag:elyth_35_active	8
ELYTH_35_07	ELYTH	RARE	ANY	Eshmara	Brumas	4	1	5	Elyth Root — individualidade 7	Uma situação prática coloca sua natureza Root à prova. A resposta que você escolhe define como a manifestação será aperfeiçoada.	Repetir o fundamento e refinar o controle.	stat:VON>=6&skill:ELY_0686	ELYTH_35_08	xp=12;flag:elyth_35_refined=1	ELYTH_35_08	fatigue=1		Adaptar a técnica ao ambiente.	stat:PER>=7	ELYTH_35_08	xp=11;reputation=1	ELYTH_35_08	fatigue=1		NATURE_Root	nature:Root&flag:elyth_35_active	8
ELYTH_35_08	ELYTH	RARE	ANY	Eshmara	Brumas	5	1	5	Elyth Root — individualidade 8	Uma situação prática coloca sua natureza Root à prova. A resposta que você escolhe define como a manifestação será aperfeiçoada.	Repetir o fundamento e refinar o controle.	stat:VON>=6&skill:ELY_0687	ELYTH_35_09	xp=13;flag:elyth_35_refined=1	ELYTH_35_09	fatigue=1		Adaptar a técnica ao ambiente.	stat:PER>=7	ELYTH_35_09	xp=12;reputation=1	ELYTH_35_09	fatigue=1		NATURE_Root	nature:Root&flag:elyth_35_active	8
ELYTH_35_09	ELYTH	RARE	ANY	Eshmara	Brumas	5	1	5	Elyth Root — individualidade 9	Uma situação prática coloca sua natureza Root à prova. A resposta que você escolhe define como a manifestação será aperfeiçoada.	Repetir o fundamento e refinar o controle.	stat:VON>=6&skill:ELY_0688	ELYTH_35_10	xp=14;flag:elyth_35_refined=1	ELYTH_35_10	fatigue=1		Adaptar a técnica ao ambiente.	stat:PER>=7	ELYTH_35_10	xp=13;reputation=1	ELYTH_35_10	fatigue=1		NATURE_Root	nature:Root&flag:elyth_35_active	8
ELYTH_35_10	ELYTH	RARE	ANY	Eshmara	Brumas	6	1	5	Elyth Root — técnica consolidada	Você encerra o ciclo de treinamento com uma noção mais clara da própria individualidade. A técnica pode permanecer como lembrança permanente da sua trajetória.	Consolidar a técnica.	NONE	END	xp=20;flag:elyth_35_complete=1;unflag:elyth_35_active	END	fatigue=1		Experimentar uma variação arriscada.	stat:TEC>=8	END	xp=26;fatigue=3;flag:elyth_35_complete=1;unflag:elyth_35_active	END	fatigue=1		NATURE_Root	nature:Root&flag:elyth_35_active	8
ELYTH_36_01	ELYTH	RARE	ANY	Kethruun	Sandbones	2	1	5	Elyth Vine — despertar da individualidade	Sua natureza Vine reage a uma situação em Sandbones. Um exercício espontâneo revela que sua manifestação pessoal pode seguir um caminho que outros da mesma natureza não possuem.	Treinar a manifestação com disciplina.	stat:VON>=7	ELYTH_36_02	flag:elyth_36_started=1;flag:elyth_36_active=1;xp=6	ELYTH_36_02	flag:elyth_36_started=1;flag:elyth_36_active=1;fatigue=1		Forçar a manifestação.	stat:FOR>=7	ELYTH_36_03	flag:elyth_36_started=1;flag:elyth_36_active=1;fatigue=2;xp=4	ELYTH_36_03	flag:elyth_36_started=1;flag:elyth_36_active=1;fatigue=1		NATURE_Vine	nature:Vine&!flag:elyth_36_started	8
ELYTH_36_02	ELYTH	RARE	ANY	Kethruun	Sandbones	2	1	5	Elyth Vine — individualidade 2	Uma situação prática coloca sua natureza Vine à prova. A resposta que você escolhe define como a manifestação será aperfeiçoada.	Repetir o fundamento e refinar o controle.	stat:VON>=6	ELYTH_36_03	xp=7;flag:elyth_36_refined=1	ELYTH_36_03	fatigue=1		Adaptar a técnica ao ambiente.	stat:PER>=7	ELYTH_36_03	xp=6;reputation=1	ELYTH_36_03	fatigue=1		NATURE_Vine	nature:Vine&flag:elyth_36_active	8
ELYTH_36_03	ELYTH	RARE	ANY	Kethruun	Sandbones	2	1	5	Elyth Vine — individualidade 3	Uma situação prática coloca sua natureza Vine à prova. A resposta que você escolhe define como a manifestação será aperfeiçoada.	Repetir o fundamento e refinar o controle.	stat:VON>=6	ELYTH_36_04	xp=8;flag:elyth_36_refined=1	ELYTH_36_04	fatigue=1		Adaptar a técnica ao ambiente.	stat:PER>=7	ELYTH_36_04	xp=7;reputation=1	ELYTH_36_04	fatigue=1		NATURE_Vine	nature:Vine&flag:elyth_36_active	8
ELYTH_36_04	ELYTH	RARE	ANY	Kethruun	Sandbones	3	1	5	Elyth Vine — individualidade 4	Uma situação prática coloca sua natureza Vine à prova. A resposta que você escolhe define como a manifestação será aperfeiçoada.	Repetir o fundamento e refinar o controle.	stat:VON>=6&skill:ELY_0703	ELYTH_36_05	xp=9;flag:elyth_36_refined=1	ELYTH_36_05	fatigue=1		Adaptar a técnica ao ambiente.	stat:PER>=7	ELYTH_36_05	xp=8;reputation=1	ELYTH_36_05	fatigue=1		NATURE_Vine	nature:Vine&flag:elyth_36_active	8
ELYTH_36_05	ELYTH	RARE	ANY	Kethruun	Sandbones	3	1	5	Elyth Vine — individualidade 5	Uma situação prática coloca sua natureza Vine à prova. A resposta que você escolhe define como a manifestação será aperfeiçoada.	Repetir o fundamento e refinar o controle.	stat:VON>=6&skill:ELY_0704	ELYTH_36_06	xp=10;flag:elyth_36_refined=1	ELYTH_36_06	fatigue=1		Adaptar a técnica ao ambiente.	stat:PER>=7	ELYTH_36_06	xp=9;reputation=1	ELYTH_36_06	fatigue=1		NATURE_Vine	nature:Vine&flag:elyth_36_active	8
ELYTH_36_06	ELYTH	RARE	ANY	Kethruun	Sandbones	4	1	5	Elyth Vine — individualidade 6	Uma situação prática coloca sua natureza Vine à prova. A resposta que você escolhe define como a manifestação será aperfeiçoada.	Repetir o fundamento e refinar o controle.	stat:VON>=6&skill:ELY_0705	ELYTH_36_07	xp=11;flag:elyth_36_refined=1	ELYTH_36_07	fatigue=1		Adaptar a técnica ao ambiente.	stat:PER>=7	ELYTH_36_07	xp=10;reputation=1	ELYTH_36_07	fatigue=1		NATURE_Vine	nature:Vine&flag:elyth_36_active	8
ELYTH_36_07	ELYTH	RARE	ANY	Kethruun	Sandbones	4	1	5	Elyth Vine — individualidade 7	Uma situação prática coloca sua natureza Vine à prova. A resposta que você escolhe define como a manifestação será aperfeiçoada.	Repetir o fundamento e refinar o controle.	stat:VON>=6&skill:ELY_0706	ELYTH_36_08	xp=12;flag:elyth_36_refined=1	ELYTH_36_08	fatigue=1		Adaptar a técnica ao ambiente.	stat:PER>=7	ELYTH_36_08	xp=11;reputation=1	ELYTH_36_08	fatigue=1		NATURE_Vine	nature:Vine&flag:elyth_36_active	8
ELYTH_36_08	ELYTH	RARE	ANY	Kethruun	Sandbones	5	1	5	Elyth Vine — individualidade 8	Uma situação prática coloca sua natureza Vine à prova. A resposta que você escolhe define como a manifestação será aperfeiçoada.	Repetir o fundamento e refinar o controle.	stat:VON>=6&skill:ELY_0707	ELYTH_36_09	xp=13;flag:elyth_36_refined=1	ELYTH_36_09	fatigue=1		Adaptar a técnica ao ambiente.	stat:PER>=7	ELYTH_36_09	xp=12;reputation=1	ELYTH_36_09	fatigue=1		NATURE_Vine	nature:Vine&flag:elyth_36_active	8
ELYTH_36_09	ELYTH	RARE	ANY	Kethruun	Sandbones	5	1	5	Elyth Vine — individualidade 9	Uma situação prática coloca sua natureza Vine à prova. A resposta que você escolhe define como a manifestação será aperfeiçoada.	Repetir o fundamento e refinar o controle.	stat:VON>=6&skill:ELY_0708	ELYTH_36_10	xp=14;flag:elyth_36_refined=1	ELYTH_36_10	fatigue=1		Adaptar a técnica ao ambiente.	stat:PER>=7	ELYTH_36_10	xp=13;reputation=1	ELYTH_36_10	fatigue=1		NATURE_Vine	nature:Vine&flag:elyth_36_active	8
ELYTH_36_10	ELYTH	RARE	ANY	Kethruun	Sandbones	6	1	5	Elyth Vine — técnica consolidada	Você encerra o ciclo de treinamento com uma noção mais clara da própria individualidade. A técnica pode permanecer como lembrança permanente da sua trajetória.	Consolidar a técnica.	NONE	END	xp=20;flag:elyth_36_complete=1;unflag:elyth_36_active	END	fatigue=1		Experimentar uma variação arriscada.	stat:TEC>=8	END	xp=26;fatigue=3;flag:elyth_36_complete=1;unflag:elyth_36_active	END	fatigue=1		NATURE_Vine	nature:Vine&flag:elyth_36_active	8
ELYTH_37_01	ELYTH	RARE	VALARYN	Orinthal	Crystalia	2	1	5	Elyth Brine — despertar da individualidade	Sua natureza Brine reage a uma situação em Crystalia. Um exercício espontâneo revela que sua manifestação pessoal pode seguir um caminho que outros da mesma natureza não possuem.	Treinar a manifestação com disciplina.	stat:VON>=7	ELYTH_37_02	flag:elyth_37_started=1;flag:elyth_37_active=1;xp=6	ELYTH_37_02	flag:elyth_37_started=1;flag:elyth_37_active=1;fatigue=1		Forçar a manifestação.	stat:FOR>=7	ELYTH_37_03	flag:elyth_37_started=1;flag:elyth_37_active=1;fatigue=2;xp=4	ELYTH_37_03	flag:elyth_37_started=1;flag:elyth_37_active=1;fatigue=1		NATURE_Brine	nature:Brine&!flag:elyth_37_started	8
ELYTH_37_02	ELYTH	RARE	VALARYN	Orinthal	Crystalia	2	1	5	Elyth Brine — individualidade 2	Uma situação prática coloca sua natureza Brine à prova. A resposta que você escolhe define como a manifestação será aperfeiçoada.	Repetir o fundamento e refinar o controle.	stat:VON>=6	ELYTH_37_03	xp=7;flag:elyth_37_refined=1	ELYTH_37_03	fatigue=1		Adaptar a técnica ao ambiente.	stat:PER>=7	ELYTH_37_03	xp=6;reputation=1	ELYTH_37_03	fatigue=1		NATURE_Brine	nature:Brine&flag:elyth_37_active	8
ELYTH_37_03	ELYTH	RARE	VALARYN	Orinthal	Crystalia	2	1	5	Elyth Brine — individualidade 3	Uma situação prática coloca sua natureza Brine à prova. A resposta que você escolhe define como a manifestação será aperfeiçoada.	Repetir o fundamento e refinar o controle.	stat:VON>=6	ELYTH_37_04	xp=8;flag:elyth_37_refined=1	ELYTH_37_04	fatigue=1		Adaptar a técnica ao ambiente.	stat:PER>=7	ELYTH_37_04	xp=7;reputation=1	ELYTH_37_04	fatigue=1		NATURE_Brine	nature:Brine&flag:elyth_37_active	8
ELYTH_37_04	ELYTH	RARE	VALARYN	Orinthal	Crystalia	3	1	5	Elyth Brine — individualidade 4	Uma situação prática coloca sua natureza Brine à prova. A resposta que você escolhe define como a manifestação será aperfeiçoada.	Repetir o fundamento e refinar o controle.	stat:VON>=6&skill:ELY_0723	ELYTH_37_05	xp=9;flag:elyth_37_refined=1	ELYTH_37_05	fatigue=1		Adaptar a técnica ao ambiente.	stat:PER>=7	ELYTH_37_05	xp=8;reputation=1	ELYTH_37_05	fatigue=1		NATURE_Brine	nature:Brine&flag:elyth_37_active	8
ELYTH_37_05	ELYTH	RARE	VALARYN	Orinthal	Crystalia	3	1	5	Elyth Brine — individualidade 5	Uma situação prática coloca sua natureza Brine à prova. A resposta que você escolhe define como a manifestação será aperfeiçoada.	Repetir o fundamento e refinar o controle.	stat:VON>=6&skill:ELY_0724	ELYTH_37_06	xp=10;flag:elyth_37_refined=1	ELYTH_37_06	fatigue=1		Adaptar a técnica ao ambiente.	stat:PER>=7	ELYTH_37_06	xp=9;reputation=1	ELYTH_37_06	fatigue=1		NATURE_Brine	nature:Brine&flag:elyth_37_active	8
ELYTH_37_06	ELYTH	RARE	VALARYN	Orinthal	Crystalia	4	1	5	Elyth Brine — individualidade 6	Uma situação prática coloca sua natureza Brine à prova. A resposta que você escolhe define como a manifestação será aperfeiçoada.	Repetir o fundamento e refinar o controle.	stat:VON>=6&skill:ELY_0725	ELYTH_37_07	xp=11;flag:elyth_37_refined=1	ELYTH_37_07	fatigue=1		Adaptar a técnica ao ambiente.	stat:PER>=7	ELYTH_37_07	xp=10;reputation=1	ELYTH_37_07	fatigue=1		NATURE_Brine	nature:Brine&flag:elyth_37_active	8
ELYTH_37_07	ELYTH	RARE	VALARYN	Orinthal	Crystalia	4	1	5	Elyth Brine — individualidade 7	Uma situação prática coloca sua natureza Brine à prova. A resposta que você escolhe define como a manifestação será aperfeiçoada.	Repetir o fundamento e refinar o controle.	stat:VON>=6&skill:ELY_0726	ELYTH_37_08	xp=12;flag:elyth_37_refined=1	ELYTH_37_08	fatigue=1		Adaptar a técnica ao ambiente.	stat:PER>=7	ELYTH_37_08	xp=11;reputation=1	ELYTH_37_08	fatigue=1		NATURE_Brine	nature:Brine&flag:elyth_37_active	8
ELYTH_37_08	ELYTH	RARE	VALARYN	Orinthal	Crystalia	5	1	5	Elyth Brine — individualidade 8	Uma situação prática coloca sua natureza Brine à prova. A resposta que você escolhe define como a manifestação será aperfeiçoada.	Repetir o fundamento e refinar o controle.	stat:VON>=6&skill:ELY_0727	ELYTH_37_09	xp=13;flag:elyth_37_refined=1	ELYTH_37_09	fatigue=1		Adaptar a técnica ao ambiente.	stat:PER>=7	ELYTH_37_09	xp=12;reputation=1	ELYTH_37_09	fatigue=1		NATURE_Brine	nature:Brine&flag:elyth_37_active	8
ELYTH_37_09	ELYTH	RARE	VALARYN	Orinthal	Crystalia	5	1	5	Elyth Brine — individualidade 9	Uma situação prática coloca sua natureza Brine à prova. A resposta que você escolhe define como a manifestação será aperfeiçoada.	Repetir o fundamento e refinar o controle.	stat:VON>=6&skill:ELY_0728	ELYTH_37_10	xp=14;flag:elyth_37_refined=1	ELYTH_37_10	fatigue=1		Adaptar a técnica ao ambiente.	stat:PER>=7	ELYTH_37_10	xp=13;reputation=1	ELYTH_37_10	fatigue=1		NATURE_Brine	nature:Brine&flag:elyth_37_active	8
ELYTH_37_10	ELYTH	RARE	VALARYN	Orinthal	Crystalia	6	1	5	Elyth Brine — técnica consolidada	Você encerra o ciclo de treinamento com uma noção mais clara da própria individualidade. A técnica pode permanecer como lembrança permanente da sua trajetória.	Consolidar a técnica.	NONE	END	xp=20;flag:elyth_37_complete=1;unflag:elyth_37_active	END	fatigue=1		Experimentar uma variação arriscada.	stat:TEC>=8	END	xp=26;fatigue=3;flag:elyth_37_complete=1;unflag:elyth_37_active	END	fatigue=1		NATURE_Brine	nature:Brine&flag:elyth_37_active	8
ELYTH_38_01	ELYTH	RARE	ANY	Zarim	Fornalia	2	1	5	Elyth Halo — despertar da individualidade	Sua natureza Halo reage a uma situação em Fornalia. Um exercício espontâneo revela que sua manifestação pessoal pode seguir um caminho que outros da mesma natureza não possuem.	Treinar a manifestação com disciplina.	stat:VON>=7	ELYTH_38_02	flag:elyth_38_started=1;flag:elyth_38_active=1;xp=6	ELYTH_38_02	flag:elyth_38_started=1;flag:elyth_38_active=1;fatigue=1		Forçar a manifestação.	stat:FOR>=7	ELYTH_38_03	flag:elyth_38_started=1;flag:elyth_38_active=1;fatigue=2;xp=4	ELYTH_38_03	flag:elyth_38_started=1;flag:elyth_38_active=1;fatigue=1		NATURE_Halo	nature:Halo&!flag:elyth_38_started	8
ELYTH_38_02	ELYTH	RARE	ANY	Zarim	Fornalia	2	1	5	Elyth Halo — individualidade 2	Uma situação prática coloca sua natureza Halo à prova. A resposta que você escolhe define como a manifestação será aperfeiçoada.	Repetir o fundamento e refinar o controle.	stat:VON>=6	ELYTH_38_03	xp=7;flag:elyth_38_refined=1	ELYTH_38_03	fatigue=1		Adaptar a técnica ao ambiente.	stat:PER>=7	ELYTH_38_03	xp=6;reputation=1	ELYTH_38_03	fatigue=1		NATURE_Halo	nature:Halo&flag:elyth_38_active	8
ELYTH_38_03	ELYTH	RARE	ANY	Zarim	Fornalia	2	1	5	Elyth Halo — individualidade 3	Uma situação prática coloca sua natureza Halo à prova. A resposta que você escolhe define como a manifestação será aperfeiçoada.	Repetir o fundamento e refinar o controle.	stat:VON>=6	ELYTH_38_04	xp=8;flag:elyth_38_refined=1	ELYTH_38_04	fatigue=1		Adaptar a técnica ao ambiente.	stat:PER>=7	ELYTH_38_04	xp=7;reputation=1	ELYTH_38_04	fatigue=1		NATURE_Halo	nature:Halo&flag:elyth_38_active	8
ELYTH_38_04	ELYTH	RARE	ANY	Zarim	Fornalia	3	1	5	Elyth Halo — individualidade 4	Uma situação prática coloca sua natureza Halo à prova. A resposta que você escolhe define como a manifestação será aperfeiçoada.	Repetir o fundamento e refinar o controle.	stat:VON>=6&skill:ELY_0743	ELYTH_38_05	xp=9;flag:elyth_38_refined=1	ELYTH_38_05	fatigue=1		Adaptar a técnica ao ambiente.	stat:PER>=7	ELYTH_38_05	xp=8;reputation=1	ELYTH_38_05	fatigue=1		NATURE_Halo	nature:Halo&flag:elyth_38_active	8
ELYTH_38_05	ELYTH	RARE	ANY	Zarim	Fornalia	3	1	5	Elyth Halo — individualidade 5	Uma situação prática coloca sua natureza Halo à prova. A resposta que você escolhe define como a manifestação será aperfeiçoada.	Repetir o fundamento e refinar o controle.	stat:VON>=6&skill:ELY_0744	ELYTH_38_06	xp=10;flag:elyth_38_refined=1	ELYTH_38_06	fatigue=1		Adaptar a técnica ao ambiente.	stat:PER>=7	ELYTH_38_06	xp=9;reputation=1	ELYTH_38_06	fatigue=1		NATURE_Halo	nature:Halo&flag:elyth_38_active	8
ELYTH_38_06	ELYTH	RARE	ANY	Zarim	Fornalia	4	1	5	Elyth Halo — individualidade 6	Uma situação prática coloca sua natureza Halo à prova. A resposta que você escolhe define como a manifestação será aperfeiçoada.	Repetir o fundamento e refinar o controle.	stat:VON>=6&skill:ELY_0745	ELYTH_38_07	xp=11;flag:elyth_38_refined=1	ELYTH_38_07	fatigue=1		Adaptar a técnica ao ambiente.	stat:PER>=7	ELYTH_38_07	xp=10;reputation=1	ELYTH_38_07	fatigue=1		NATURE_Halo	nature:Halo&flag:elyth_38_active	8
ELYTH_38_07	ELYTH	RARE	ANY	Zarim	Fornalia	4	1	5	Elyth Halo — individualidade 7	Uma situação prática coloca sua natureza Halo à prova. A resposta que você escolhe define como a manifestação será aperfeiçoada.	Repetir o fundamento e refinar o controle.	stat:VON>=6&skill:ELY_0746	ELYTH_38_08	xp=12;flag:elyth_38_refined=1	ELYTH_38_08	fatigue=1		Adaptar a técnica ao ambiente.	stat:PER>=7	ELYTH_38_08	xp=11;reputation=1	ELYTH_38_08	fatigue=1		NATURE_Halo	nature:Halo&flag:elyth_38_active	8
ELYTH_38_08	ELYTH	RARE	ANY	Zarim	Fornalia	5	1	5	Elyth Halo — individualidade 8	Uma situação prática coloca sua natureza Halo à prova. A resposta que você escolhe define como a manifestação será aperfeiçoada.	Repetir o fundamento e refinar o controle.	stat:VON>=6&skill:ELY_0747	ELYTH_38_09	xp=13;flag:elyth_38_refined=1	ELYTH_38_09	fatigue=1		Adaptar a técnica ao ambiente.	stat:PER>=7	ELYTH_38_09	xp=12;reputation=1	ELYTH_38_09	fatigue=1		NATURE_Halo	nature:Halo&flag:elyth_38_active	8
ELYTH_38_09	ELYTH	RARE	ANY	Zarim	Fornalia	5	1	5	Elyth Halo — individualidade 9	Uma situação prática coloca sua natureza Halo à prova. A resposta que você escolhe define como a manifestação será aperfeiçoada.	Repetir o fundamento e refinar o controle.	stat:VON>=6&skill:ELY_0748	ELYTH_38_10	xp=14;flag:elyth_38_refined=1	ELYTH_38_10	fatigue=1		Adaptar a técnica ao ambiente.	stat:PER>=7	ELYTH_38_10	xp=13;reputation=1	ELYTH_38_10	fatigue=1		NATURE_Halo	nature:Halo&flag:elyth_38_active	8
ELYTH_38_10	ELYTH	RARE	ANY	Zarim	Fornalia	6	1	5	Elyth Halo — técnica consolidada	Você encerra o ciclo de treinamento com uma noção mais clara da própria individualidade. A técnica pode permanecer como lembrança permanente da sua trajetória.	Consolidar a técnica.	NONE	END	xp=20;flag:elyth_38_complete=1;unflag:elyth_38_active	END	fatigue=1		Experimentar uma variação arriscada.	stat:TEC>=8	END	xp=26;fatigue=3;flag:elyth_38_complete=1;unflag:elyth_38_active	END	fatigue=1		NATURE_Halo	nature:Halo&flag:elyth_38_active	8
ELYTH_39_01	ELYTH	RARE	ANY	Lyrien	Aerocivitus	2	1	5	Elyth Sand — despertar da individualidade	Sua natureza Sand reage a uma situação em Aerocivitus. Um exercício espontâneo revela que sua manifestação pessoal pode seguir um caminho que outros da mesma natureza não possuem.	Treinar a manifestação com disciplina.	stat:VON>=7	ELYTH_39_02	flag:elyth_39_started=1;flag:elyth_39_active=1;xp=6	ELYTH_39_02	flag:elyth_39_started=1;flag:elyth_39_active=1;fatigue=1		Forçar a manifestação.	stat:FOR>=7	ELYTH_39_03	flag:elyth_39_started=1;flag:elyth_39_active=1;fatigue=2;xp=4	ELYTH_39_03	flag:elyth_39_started=1;flag:elyth_39_active=1;fatigue=1		NATURE_Sand	nature:Sand&!flag:elyth_39_started	8
ELYTH_39_02	ELYTH	RARE	ANY	Lyrien	Aerocivitus	2	1	5	Elyth Sand — individualidade 2	Uma situação prática coloca sua natureza Sand à prova. A resposta que você escolhe define como a manifestação será aperfeiçoada.	Repetir o fundamento e refinar o controle.	stat:VON>=6	ELYTH_39_03	xp=7;flag:elyth_39_refined=1	ELYTH_39_03	fatigue=1		Adaptar a técnica ao ambiente.	stat:PER>=7	ELYTH_39_03	xp=6;reputation=1	ELYTH_39_03	fatigue=1		NATURE_Sand	nature:Sand&flag:elyth_39_active	8
ELYTH_39_03	ELYTH	RARE	ANY	Lyrien	Aerocivitus	2	1	5	Elyth Sand — individualidade 3	Uma situação prática coloca sua natureza Sand à prova. A resposta que você escolhe define como a manifestação será aperfeiçoada.	Repetir o fundamento e refinar o controle.	stat:VON>=6	ELYTH_39_04	xp=8;flag:elyth_39_refined=1	ELYTH_39_04	fatigue=1		Adaptar a técnica ao ambiente.	stat:PER>=7	ELYTH_39_04	xp=7;reputation=1	ELYTH_39_04	fatigue=1		NATURE_Sand	nature:Sand&flag:elyth_39_active	8
ELYTH_39_04	ELYTH	RARE	ANY	Lyrien	Aerocivitus	3	1	5	Elyth Sand — individualidade 4	Uma situação prática coloca sua natureza Sand à prova. A resposta que você escolhe define como a manifestação será aperfeiçoada.	Repetir o fundamento e refinar o controle.	stat:VON>=6&skill:ELY_0763	ELYTH_39_05	xp=9;flag:elyth_39_refined=1	ELYTH_39_05	fatigue=1		Adaptar a técnica ao ambiente.	stat:PER>=7	ELYTH_39_05	xp=8;reputation=1	ELYTH_39_05	fatigue=1		NATURE_Sand	nature:Sand&flag:elyth_39_active	8
ELYTH_39_05	ELYTH	RARE	ANY	Lyrien	Aerocivitus	3	1	5	Elyth Sand — individualidade 5	Uma situação prática coloca sua natureza Sand à prova. A resposta que você escolhe define como a manifestação será aperfeiçoada.	Repetir o fundamento e refinar o controle.	stat:VON>=6&skill:ELY_0764	ELYTH_39_06	xp=10;flag:elyth_39_refined=1	ELYTH_39_06	fatigue=1		Adaptar a técnica ao ambiente.	stat:PER>=7	ELYTH_39_06	xp=9;reputation=1	ELYTH_39_06	fatigue=1		NATURE_Sand	nature:Sand&flag:elyth_39_active	8
ELYTH_39_06	ELYTH	RARE	ANY	Lyrien	Aerocivitus	4	1	5	Elyth Sand — individualidade 6	Uma situação prática coloca sua natureza Sand à prova. A resposta que você escolhe define como a manifestação será aperfeiçoada.	Repetir o fundamento e refinar o controle.	stat:VON>=6&skill:ELY_0765	ELYTH_39_07	xp=11;flag:elyth_39_refined=1	ELYTH_39_07	fatigue=1		Adaptar a técnica ao ambiente.	stat:PER>=7	ELYTH_39_07	xp=10;reputation=1	ELYTH_39_07	fatigue=1		NATURE_Sand	nature:Sand&flag:elyth_39_active	8
ELYTH_39_07	ELYTH	RARE	ANY	Lyrien	Aerocivitus	4	1	5	Elyth Sand — individualidade 7	Uma situação prática coloca sua natureza Sand à prova. A resposta que você escolhe define como a manifestação será aperfeiçoada.	Repetir o fundamento e refinar o controle.	stat:VON>=6&skill:ELY_0766	ELYTH_39_08	xp=12;flag:elyth_39_refined=1	ELYTH_39_08	fatigue=1		Adaptar a técnica ao ambiente.	stat:PER>=7	ELYTH_39_08	xp=11;reputation=1	ELYTH_39_08	fatigue=1		NATURE_Sand	nature:Sand&flag:elyth_39_active	8
ELYTH_39_08	ELYTH	RARE	ANY	Lyrien	Aerocivitus	5	1	5	Elyth Sand — individualidade 8	Uma situação prática coloca sua natureza Sand à prova. A resposta que você escolhe define como a manifestação será aperfeiçoada.	Repetir o fundamento e refinar o controle.	stat:VON>=6&skill:ELY_0767	ELYTH_39_09	xp=13;flag:elyth_39_refined=1	ELYTH_39_09	fatigue=1		Adaptar a técnica ao ambiente.	stat:PER>=7	ELYTH_39_09	xp=12;reputation=1	ELYTH_39_09	fatigue=1		NATURE_Sand	nature:Sand&flag:elyth_39_active	8
ELYTH_39_09	ELYTH	RARE	ANY	Lyrien	Aerocivitus	5	1	5	Elyth Sand — individualidade 9	Uma situação prática coloca sua natureza Sand à prova. A resposta que você escolhe define como a manifestação será aperfeiçoada.	Repetir o fundamento e refinar o controle.	stat:VON>=6&skill:ELY_0768	ELYTH_39_10	xp=14;flag:elyth_39_refined=1	ELYTH_39_10	fatigue=1		Adaptar a técnica ao ambiente.	stat:PER>=7	ELYTH_39_10	xp=13;reputation=1	ELYTH_39_10	fatigue=1		NATURE_Sand	nature:Sand&flag:elyth_39_active	8
ELYTH_39_10	ELYTH	RARE	ANY	Lyrien	Aerocivitus	6	1	5	Elyth Sand — técnica consolidada	Você encerra o ciclo de treinamento com uma noção mais clara da própria individualidade. A técnica pode permanecer como lembrança permanente da sua trajetória.	Consolidar a técnica.	NONE	END	xp=20;flag:elyth_39_complete=1;unflag:elyth_39_active	END	fatigue=1		Experimentar uma variação arriscada.	stat:TEC>=8	END	xp=26;fatigue=3;flag:elyth_39_complete=1;unflag:elyth_39_active	END	fatigue=1		NATURE_Sand	nature:Sand&flag:elyth_39_active	8
ELYTH_40_01	ELYTH	RARE	ANY	Myrthos	Sem nome definido	2	1	5	Elyth Gloom — despertar da individualidade	Sua natureza Gloom reage a uma situação em Sem nome definido. Um exercício espontâneo revela que sua manifestação pessoal pode seguir um caminho que outros da mesma natureza não possuem.	Treinar a manifestação com disciplina.	stat:VON>=7	ELYTH_40_02	flag:elyth_40_started=1;flag:elyth_40_active=1;xp=6	ELYTH_40_02	flag:elyth_40_started=1;flag:elyth_40_active=1;fatigue=1		Forçar a manifestação.	stat:FOR>=7	ELYTH_40_03	flag:elyth_40_started=1;flag:elyth_40_active=1;fatigue=2;xp=4	ELYTH_40_03	flag:elyth_40_started=1;flag:elyth_40_active=1;fatigue=1		NATURE_Gloom	nature:Gloom&!flag:elyth_40_started	8
ELYTH_40_02	ELYTH	RARE	ANY	Myrthos	Sem nome definido	2	1	5	Elyth Gloom — individualidade 2	Uma situação prática coloca sua natureza Gloom à prova. A resposta que você escolhe define como a manifestação será aperfeiçoada.	Repetir o fundamento e refinar o controle.	stat:VON>=6	ELYTH_40_03	xp=7;flag:elyth_40_refined=1	ELYTH_40_03	fatigue=1		Adaptar a técnica ao ambiente.	stat:PER>=7	ELYTH_40_03	xp=6;reputation=1	ELYTH_40_03	fatigue=1		NATURE_Gloom	nature:Gloom&flag:elyth_40_active	8
ELYTH_40_03	ELYTH	RARE	ANY	Myrthos	Sem nome definido	2	1	5	Elyth Gloom — individualidade 3	Uma situação prática coloca sua natureza Gloom à prova. A resposta que você escolhe define como a manifestação será aperfeiçoada.	Repetir o fundamento e refinar o controle.	stat:VON>=6	ELYTH_40_04	xp=8;flag:elyth_40_refined=1	ELYTH_40_04	fatigue=1		Adaptar a técnica ao ambiente.	stat:PER>=7	ELYTH_40_04	xp=7;reputation=1	ELYTH_40_04	fatigue=1		NATURE_Gloom	nature:Gloom&flag:elyth_40_active	8
ELYTH_40_04	ELYTH	RARE	ANY	Myrthos	Sem nome definido	3	1	5	Elyth Gloom — individualidade 4	Uma situação prática coloca sua natureza Gloom à prova. A resposta que você escolhe define como a manifestação será aperfeiçoada.	Repetir o fundamento e refinar o controle.	stat:VON>=6&skill:ELY_0783	ELYTH_40_05	xp=9;flag:elyth_40_refined=1	ELYTH_40_05	fatigue=1		Adaptar a técnica ao ambiente.	stat:PER>=7	ELYTH_40_05	xp=8;reputation=1	ELYTH_40_05	fatigue=1		NATURE_Gloom	nature:Gloom&flag:elyth_40_active	8
ELYTH_40_05	ELYTH	RARE	ANY	Myrthos	Sem nome definido	3	1	5	Elyth Gloom — individualidade 5	Uma situação prática coloca sua natureza Gloom à prova. A resposta que você escolhe define como a manifestação será aperfeiçoada.	Repetir o fundamento e refinar o controle.	stat:VON>=6&skill:ELY_0784	ELYTH_40_06	xp=10;flag:elyth_40_refined=1	ELYTH_40_06	fatigue=1		Adaptar a técnica ao ambiente.	stat:PER>=7	ELYTH_40_06	xp=9;reputation=1	ELYTH_40_06	fatigue=1		NATURE_Gloom	nature:Gloom&flag:elyth_40_active	8
ELYTH_40_06	ELYTH	RARE	ANY	Myrthos	Sem nome definido	4	1	5	Elyth Gloom — individualidade 6	Uma situação prática coloca sua natureza Gloom à prova. A resposta que você escolhe define como a manifestação será aperfeiçoada.	Repetir o fundamento e refinar o controle.	stat:VON>=6&skill:ELY_0785	ELYTH_40_07	xp=11;flag:elyth_40_refined=1	ELYTH_40_07	fatigue=1		Adaptar a técnica ao ambiente.	stat:PER>=7	ELYTH_40_07	xp=10;reputation=1	ELYTH_40_07	fatigue=1		NATURE_Gloom	nature:Gloom&flag:elyth_40_active	8
ELYTH_40_07	ELYTH	RARE	ANY	Myrthos	Sem nome definido	4	1	5	Elyth Gloom — individualidade 7	Uma situação prática coloca sua natureza Gloom à prova. A resposta que você escolhe define como a manifestação será aperfeiçoada.	Repetir o fundamento e refinar o controle.	stat:VON>=6&skill:ELY_0786	ELYTH_40_08	xp=12;flag:elyth_40_refined=1	ELYTH_40_08	fatigue=1		Adaptar a técnica ao ambiente.	stat:PER>=7	ELYTH_40_08	xp=11;reputation=1	ELYTH_40_08	fatigue=1		NATURE_Gloom	nature:Gloom&flag:elyth_40_active	8
ELYTH_40_08	ELYTH	RARE	ANY	Myrthos	Sem nome definido	5	1	5	Elyth Gloom — individualidade 8	Uma situação prática coloca sua natureza Gloom à prova. A resposta que você escolhe define como a manifestação será aperfeiçoada.	Repetir o fundamento e refinar o controle.	stat:VON>=6&skill:ELY_0787	ELYTH_40_09	xp=13;flag:elyth_40_refined=1	ELYTH_40_09	fatigue=1		Adaptar a técnica ao ambiente.	stat:PER>=7	ELYTH_40_09	xp=12;reputation=1	ELYTH_40_09	fatigue=1		NATURE_Gloom	nature:Gloom&flag:elyth_40_active	8
ELYTH_40_09	ELYTH	RARE	ANY	Myrthos	Sem nome definido	5	1	5	Elyth Gloom — individualidade 9	Uma situação prática coloca sua natureza Gloom à prova. A resposta que você escolhe define como a manifestação será aperfeiçoada.	Repetir o fundamento e refinar o controle.	stat:VON>=6&skill:ELY_0788	ELYTH_40_10	xp=14;flag:elyth_40_refined=1	ELYTH_40_10	fatigue=1		Adaptar a técnica ao ambiente.	stat:PER>=7	ELYTH_40_10	xp=13;reputation=1	ELYTH_40_10	fatigue=1		NATURE_Gloom	nature:Gloom&flag:elyth_40_active	8
ELYTH_40_10	ELYTH	RARE	ANY	Myrthos	Sem nome definido	6	1	5	Elyth Gloom — técnica consolidada	Você encerra o ciclo de treinamento com uma noção mais clara da própria individualidade. A técnica pode permanecer como lembrança permanente da sua trajetória.	Consolidar a técnica.	NONE	END	xp=20;flag:elyth_40_complete=1;unflag:elyth_40_active	END	fatigue=1		Experimentar uma variação arriscada.	stat:TEC>=8	END	xp=26;fatigue=3;flag:elyth_40_complete=1;unflag:elyth_40_active	END	fatigue=1		NATURE_Gloom	nature:Gloom&flag:elyth_40_active	8
ELYTH_41_01	ELYTH	RARE	VALARYN	Aeloria	Jorwyn	2	1	5	Elyth Moss — despertar da individualidade	Sua natureza Moss reage a uma situação em Jorwyn. Um exercício espontâneo revela que sua manifestação pessoal pode seguir um caminho que outros da mesma natureza não possuem.	Treinar a manifestação com disciplina.	stat:VON>=7	ELYTH_41_02	flag:elyth_41_started=1;flag:elyth_41_active=1;xp=6	ELYTH_41_02	flag:elyth_41_started=1;flag:elyth_41_active=1;fatigue=1		Forçar a manifestação.	stat:FOR>=7	ELYTH_41_03	flag:elyth_41_started=1;flag:elyth_41_active=1;fatigue=2;xp=4	ELYTH_41_03	flag:elyth_41_started=1;flag:elyth_41_active=1;fatigue=1		NATURE_Moss	nature:Moss&!flag:elyth_41_started	8
ELYTH_41_02	ELYTH	RARE	VALARYN	Aeloria	Jorwyn	2	1	5	Elyth Moss — individualidade 2	Uma situação prática coloca sua natureza Moss à prova. A resposta que você escolhe define como a manifestação será aperfeiçoada.	Repetir o fundamento e refinar o controle.	stat:VON>=6	ELYTH_41_03	xp=7;flag:elyth_41_refined=1	ELYTH_41_03	fatigue=1		Adaptar a técnica ao ambiente.	stat:PER>=7	ELYTH_41_03	xp=6;reputation=1	ELYTH_41_03	fatigue=1		NATURE_Moss	nature:Moss&flag:elyth_41_active	8
ELYTH_41_03	ELYTH	RARE	VALARYN	Aeloria	Jorwyn	2	1	5	Elyth Moss — individualidade 3	Uma situação prática coloca sua natureza Moss à prova. A resposta que você escolhe define como a manifestação será aperfeiçoada.	Repetir o fundamento e refinar o controle.	stat:VON>=6	ELYTH_41_04	xp=8;flag:elyth_41_refined=1	ELYTH_41_04	fatigue=1		Adaptar a técnica ao ambiente.	stat:PER>=7	ELYTH_41_04	xp=7;reputation=1	ELYTH_41_04	fatigue=1		NATURE_Moss	nature:Moss&flag:elyth_41_active	8
ELYTH_41_04	ELYTH	RARE	VALARYN	Aeloria	Jorwyn	3	1	5	Elyth Moss — individualidade 4	Uma situação prática coloca sua natureza Moss à prova. A resposta que você escolhe define como a manifestação será aperfeiçoada.	Repetir o fundamento e refinar o controle.	stat:VON>=6&skill:ELY_0803	ELYTH_41_05	xp=9;flag:elyth_41_refined=1	ELYTH_41_05	fatigue=1		Adaptar a técnica ao ambiente.	stat:PER>=7	ELYTH_41_05	xp=8;reputation=1	ELYTH_41_05	fatigue=1		NATURE_Moss	nature:Moss&flag:elyth_41_active	8
ELYTH_41_05	ELYTH	RARE	VALARYN	Aeloria	Jorwyn	3	1	5	Elyth Moss — individualidade 5	Uma situação prática coloca sua natureza Moss à prova. A resposta que você escolhe define como a manifestação será aperfeiçoada.	Repetir o fundamento e refinar o controle.	stat:VON>=6&skill:ELY_0804	ELYTH_41_06	xp=10;flag:elyth_41_refined=1	ELYTH_41_06	fatigue=1		Adaptar a técnica ao ambiente.	stat:PER>=7	ELYTH_41_06	xp=9;reputation=1	ELYTH_41_06	fatigue=1		NATURE_Moss	nature:Moss&flag:elyth_41_active	8
ELYTH_41_06	ELYTH	RARE	VALARYN	Aeloria	Jorwyn	4	1	5	Elyth Moss — individualidade 6	Uma situação prática coloca sua natureza Moss à prova. A resposta que você escolhe define como a manifestação será aperfeiçoada.	Repetir o fundamento e refinar o controle.	stat:VON>=6&skill:ELY_0805	ELYTH_41_07	xp=11;flag:elyth_41_refined=1	ELYTH_41_07	fatigue=1		Adaptar a técnica ao ambiente.	stat:PER>=7	ELYTH_41_07	xp=10;reputation=1	ELYTH_41_07	fatigue=1		NATURE_Moss	nature:Moss&flag:elyth_41_active	8
ELYTH_41_07	ELYTH	RARE	VALARYN	Aeloria	Jorwyn	4	1	5	Elyth Moss — individualidade 7	Uma situação prática coloca sua natureza Moss à prova. A resposta que você escolhe define como a manifestação será aperfeiçoada.	Repetir o fundamento e refinar o controle.	stat:VON>=6&skill:ELY_0806	ELYTH_41_08	xp=12;flag:elyth_41_refined=1	ELYTH_41_08	fatigue=1		Adaptar a técnica ao ambiente.	stat:PER>=7	ELYTH_41_08	xp=11;reputation=1	ELYTH_41_08	fatigue=1		NATURE_Moss	nature:Moss&flag:elyth_41_active	8
ELYTH_41_08	ELYTH	RARE	VALARYN	Aeloria	Jorwyn	5	1	5	Elyth Moss — individualidade 8	Uma situação prática coloca sua natureza Moss à prova. A resposta que você escolhe define como a manifestação será aperfeiçoada.	Repetir o fundamento e refinar o controle.	stat:VON>=6&skill:ELY_0807	ELYTH_41_09	xp=13;flag:elyth_41_refined=1	ELYTH_41_09	fatigue=1		Adaptar a técnica ao ambiente.	stat:PER>=7	ELYTH_41_09	xp=12;reputation=1	ELYTH_41_09	fatigue=1		NATURE_Moss	nature:Moss&flag:elyth_41_active	8
ELYTH_41_09	ELYTH	RARE	VALARYN	Aeloria	Jorwyn	5	1	5	Elyth Moss — individualidade 9	Uma situação prática coloca sua natureza Moss à prova. A resposta que você escolhe define como a manifestação será aperfeiçoada.	Repetir o fundamento e refinar o controle.	stat:VON>=6&skill:ELY_0808	ELYTH_41_10	xp=14;flag:elyth_41_refined=1	ELYTH_41_10	fatigue=1		Adaptar a técnica ao ambiente.	stat:PER>=7	ELYTH_41_10	xp=13;reputation=1	ELYTH_41_10	fatigue=1		NATURE_Moss	nature:Moss&flag:elyth_41_active	8
ELYTH_41_10	ELYTH	RARE	VALARYN	Aeloria	Jorwyn	6	1	5	Elyth Moss — técnica consolidada	Você encerra o ciclo de treinamento com uma noção mais clara da própria individualidade. A técnica pode permanecer como lembrança permanente da sua trajetória.	Consolidar a técnica.	NONE	END	xp=20;flag:elyth_41_complete=1;unflag:elyth_41_active	END	fatigue=1		Experimentar uma variação arriscada.	stat:TEC>=8	END	xp=26;fatigue=3;flag:elyth_41_complete=1;unflag:elyth_41_active	END	fatigue=1		NATURE_Moss	nature:Moss&flag:elyth_41_active	8
ELYTH_42_01	ELYTH	RARE	ANY	Tharun	Stone-Âmbar	2	1	5	Elyth Abyss — despertar da individualidade	Sua natureza Abyss reage a uma situação em Stone-Âmbar. Um exercício espontâneo revela que sua manifestação pessoal pode seguir um caminho que outros da mesma natureza não possuem.	Treinar a manifestação com disciplina.	stat:VON>=7	ELYTH_42_02	flag:elyth_42_started=1;flag:elyth_42_active=1;xp=6	ELYTH_42_02	flag:elyth_42_started=1;flag:elyth_42_active=1;fatigue=1		Forçar a manifestação.	stat:FOR>=7	ELYTH_42_03	flag:elyth_42_started=1;flag:elyth_42_active=1;fatigue=2;xp=4	ELYTH_42_03	flag:elyth_42_started=1;flag:elyth_42_active=1;fatigue=1		NATURE_Abyss	nature:Abyss&!flag:elyth_42_started	8
ELYTH_42_02	ELYTH	RARE	ANY	Tharun	Stone-Âmbar	2	1	5	Elyth Abyss — individualidade 2	Uma situação prática coloca sua natureza Abyss à prova. A resposta que você escolhe define como a manifestação será aperfeiçoada.	Repetir o fundamento e refinar o controle.	stat:VON>=6	ELYTH_42_03	xp=7;flag:elyth_42_refined=1	ELYTH_42_03	fatigue=1		Adaptar a técnica ao ambiente.	stat:PER>=7	ELYTH_42_03	xp=6;reputation=1	ELYTH_42_03	fatigue=1		NATURE_Abyss	nature:Abyss&flag:elyth_42_active	8
ELYTH_42_03	ELYTH	RARE	ANY	Tharun	Stone-Âmbar	2	1	5	Elyth Abyss — individualidade 3	Uma situação prática coloca sua natureza Abyss à prova. A resposta que você escolhe define como a manifestação será aperfeiçoada.	Repetir o fundamento e refinar o controle.	stat:VON>=6	ELYTH_42_04	xp=8;flag:elyth_42_refined=1	ELYTH_42_04	fatigue=1		Adaptar a técnica ao ambiente.	stat:PER>=7	ELYTH_42_04	xp=7;reputation=1	ELYTH_42_04	fatigue=1		NATURE_Abyss	nature:Abyss&flag:elyth_42_active	8
ELYTH_42_04	ELYTH	RARE	ANY	Tharun	Stone-Âmbar	3	1	5	Elyth Abyss — individualidade 4	Uma situação prática coloca sua natureza Abyss à prova. A resposta que você escolhe define como a manifestação será aperfeiçoada.	Repetir o fundamento e refinar o controle.	stat:VON>=6&skill:ELY_0823	ELYTH_42_05	xp=9;flag:elyth_42_refined=1	ELYTH_42_05	fatigue=1		Adaptar a técnica ao ambiente.	stat:PER>=7	ELYTH_42_05	xp=8;reputation=1	ELYTH_42_05	fatigue=1		NATURE_Abyss	nature:Abyss&flag:elyth_42_active	8
ELYTH_42_05	ELYTH	RARE	ANY	Tharun	Stone-Âmbar	3	1	5	Elyth Abyss — individualidade 5	Uma situação prática coloca sua natureza Abyss à prova. A resposta que você escolhe define como a manifestação será aperfeiçoada.	Repetir o fundamento e refinar o controle.	stat:VON>=6&skill:ELY_0824	ELYTH_42_06	xp=10;flag:elyth_42_refined=1	ELYTH_42_06	fatigue=1		Adaptar a técnica ao ambiente.	stat:PER>=7	ELYTH_42_06	xp=9;reputation=1	ELYTH_42_06	fatigue=1		NATURE_Abyss	nature:Abyss&flag:elyth_42_active	8
ELYTH_42_06	ELYTH	RARE	ANY	Tharun	Stone-Âmbar	4	1	5	Elyth Abyss — individualidade 6	Uma situação prática coloca sua natureza Abyss à prova. A resposta que você escolhe define como a manifestação será aperfeiçoada.	Repetir o fundamento e refinar o controle.	stat:VON>=6&skill:ELY_0825	ELYTH_42_07	xp=11;flag:elyth_42_refined=1	ELYTH_42_07	fatigue=1		Adaptar a técnica ao ambiente.	stat:PER>=7	ELYTH_42_07	xp=10;reputation=1	ELYTH_42_07	fatigue=1		NATURE_Abyss	nature:Abyss&flag:elyth_42_active	8
ELYTH_42_07	ELYTH	RARE	ANY	Tharun	Stone-Âmbar	4	1	5	Elyth Abyss — individualidade 7	Uma situação prática coloca sua natureza Abyss à prova. A resposta que você escolhe define como a manifestação será aperfeiçoada.	Repetir o fundamento e refinar o controle.	stat:VON>=6&skill:ELY_0826	ELYTH_42_08	xp=12;flag:elyth_42_refined=1	ELYTH_42_08	fatigue=1		Adaptar a técnica ao ambiente.	stat:PER>=7	ELYTH_42_08	xp=11;reputation=1	ELYTH_42_08	fatigue=1		NATURE_Abyss	nature:Abyss&flag:elyth_42_active	8
ELYTH_42_08	ELYTH	RARE	ANY	Tharun	Stone-Âmbar	5	1	5	Elyth Abyss — individualidade 8	Uma situação prática coloca sua natureza Abyss à prova. A resposta que você escolhe define como a manifestação será aperfeiçoada.	Repetir o fundamento e refinar o controle.	stat:VON>=6&skill:ELY_0827	ELYTH_42_09	xp=13;flag:elyth_42_refined=1	ELYTH_42_09	fatigue=1		Adaptar a técnica ao ambiente.	stat:PER>=7	ELYTH_42_09	xp=12;reputation=1	ELYTH_42_09	fatigue=1		NATURE_Abyss	nature:Abyss&flag:elyth_42_active	8
ELYTH_42_09	ELYTH	RARE	ANY	Tharun	Stone-Âmbar	5	1	5	Elyth Abyss — individualidade 9	Uma situação prática coloca sua natureza Abyss à prova. A resposta que você escolhe define como a manifestação será aperfeiçoada.	Repetir o fundamento e refinar o controle.	stat:VON>=6&skill:ELY_0828	ELYTH_42_10	xp=14;flag:elyth_42_refined=1	ELYTH_42_10	fatigue=1		Adaptar a técnica ao ambiente.	stat:PER>=7	ELYTH_42_10	xp=13;reputation=1	ELYTH_42_10	fatigue=1		NATURE_Abyss	nature:Abyss&flag:elyth_42_active	8
ELYTH_42_10	ELYTH	RARE	ANY	Tharun	Stone-Âmbar	6	1	5	Elyth Abyss — técnica consolidada	Você encerra o ciclo de treinamento com uma noção mais clara da própria individualidade. A técnica pode permanecer como lembrança permanente da sua trajetória.	Consolidar a técnica.	NONE	END	xp=20;flag:elyth_42_complete=1;unflag:elyth_42_active	END	fatigue=1		Experimentar uma variação arriscada.	stat:TEC>=8	END	xp=26;fatigue=3;flag:elyth_42_complete=1;unflag:elyth_42_active	END	fatigue=1		NATURE_Abyss	nature:Abyss&flag:elyth_42_active	8
ELYTH_43_01	ELYTH	RARE	ANY	Nyssara	Emerald Tide	2	1	5	Elyth Spark — despertar da individualidade	Sua natureza Spark reage a uma situação em Emerald Tide. Um exercício espontâneo revela que sua manifestação pessoal pode seguir um caminho que outros da mesma natureza não possuem.	Treinar a manifestação com disciplina.	stat:VON>=7	ELYTH_43_02	flag:elyth_43_started=1;flag:elyth_43_active=1;xp=6	ELYTH_43_02	flag:elyth_43_started=1;flag:elyth_43_active=1;fatigue=1		Forçar a manifestação.	stat:FOR>=7	ELYTH_43_03	flag:elyth_43_started=1;flag:elyth_43_active=1;fatigue=2;xp=4	ELYTH_43_03	flag:elyth_43_started=1;flag:elyth_43_active=1;fatigue=1		NATURE_Spark	nature:Spark&!flag:elyth_43_started	8
ELYTH_43_02	ELYTH	RARE	ANY	Nyssara	Emerald Tide	2	1	5	Elyth Spark — individualidade 2	Uma situação prática coloca sua natureza Spark à prova. A resposta que você escolhe define como a manifestação será aperfeiçoada.	Repetir o fundamento e refinar o controle.	stat:VON>=6	ELYTH_43_03	xp=7;flag:elyth_43_refined=1	ELYTH_43_03	fatigue=1		Adaptar a técnica ao ambiente.	stat:PER>=7	ELYTH_43_03	xp=6;reputation=1	ELYTH_43_03	fatigue=1		NATURE_Spark	nature:Spark&flag:elyth_43_active	8
ELYTH_43_03	ELYTH	RARE	ANY	Nyssara	Emerald Tide	2	1	5	Elyth Spark — individualidade 3	Uma situação prática coloca sua natureza Spark à prova. A resposta que você escolhe define como a manifestação será aperfeiçoada.	Repetir o fundamento e refinar o controle.	stat:VON>=6	ELYTH_43_04	xp=8;flag:elyth_43_refined=1	ELYTH_43_04	fatigue=1		Adaptar a técnica ao ambiente.	stat:PER>=7	ELYTH_43_04	xp=7;reputation=1	ELYTH_43_04	fatigue=1		NATURE_Spark	nature:Spark&flag:elyth_43_active	8
ELYTH_43_04	ELYTH	RARE	ANY	Nyssara	Emerald Tide	3	1	5	Elyth Spark — individualidade 4	Uma situação prática coloca sua natureza Spark à prova. A resposta que você escolhe define como a manifestação será aperfeiçoada.	Repetir o fundamento e refinar o controle.	stat:VON>=6&skill:ELY_0843	ELYTH_43_05	xp=9;flag:elyth_43_refined=1	ELYTH_43_05	fatigue=1		Adaptar a técnica ao ambiente.	stat:PER>=7	ELYTH_43_05	xp=8;reputation=1	ELYTH_43_05	fatigue=1		NATURE_Spark	nature:Spark&flag:elyth_43_active	8
ELYTH_43_05	ELYTH	RARE	ANY	Nyssara	Emerald Tide	3	1	5	Elyth Spark — individualidade 5	Uma situação prática coloca sua natureza Spark à prova. A resposta que você escolhe define como a manifestação será aperfeiçoada.	Repetir o fundamento e refinar o controle.	stat:VON>=6&skill:ELY_0844	ELYTH_43_06	xp=10;flag:elyth_43_refined=1	ELYTH_43_06	fatigue=1		Adaptar a técnica ao ambiente.	stat:PER>=7	ELYTH_43_06	xp=9;reputation=1	ELYTH_43_06	fatigue=1		NATURE_Spark	nature:Spark&flag:elyth_43_active	8
ELYTH_43_06	ELYTH	RARE	ANY	Nyssara	Emerald Tide	4	1	5	Elyth Spark — individualidade 6	Uma situação prática coloca sua natureza Spark à prova. A resposta que você escolhe define como a manifestação será aperfeiçoada.	Repetir o fundamento e refinar o controle.	stat:VON>=6&skill:ELY_0845	ELYTH_43_07	xp=11;flag:elyth_43_refined=1	ELYTH_43_07	fatigue=1		Adaptar a técnica ao ambiente.	stat:PER>=7	ELYTH_43_07	xp=10;reputation=1	ELYTH_43_07	fatigue=1		NATURE_Spark	nature:Spark&flag:elyth_43_active	8
ELYTH_43_07	ELYTH	RARE	ANY	Nyssara	Emerald Tide	4	1	5	Elyth Spark — individualidade 7	Uma situação prática coloca sua natureza Spark à prova. A resposta que você escolhe define como a manifestação será aperfeiçoada.	Repetir o fundamento e refinar o controle.	stat:VON>=6&skill:ELY_0846	ELYTH_43_08	xp=12;flag:elyth_43_refined=1	ELYTH_43_08	fatigue=1		Adaptar a técnica ao ambiente.	stat:PER>=7	ELYTH_43_08	xp=11;reputation=1	ELYTH_43_08	fatigue=1		NATURE_Spark	nature:Spark&flag:elyth_43_active	8
ELYTH_43_08	ELYTH	RARE	ANY	Nyssara	Emerald Tide	5	1	5	Elyth Spark — individualidade 8	Uma situação prática coloca sua natureza Spark à prova. A resposta que você escolhe define como a manifestação será aperfeiçoada.	Repetir o fundamento e refinar o controle.	stat:VON>=6&skill:ELY_0847	ELYTH_43_09	xp=13;flag:elyth_43_refined=1	ELYTH_43_09	fatigue=1		Adaptar a técnica ao ambiente.	stat:PER>=7	ELYTH_43_09	xp=12;reputation=1	ELYTH_43_09	fatigue=1		NATURE_Spark	nature:Spark&flag:elyth_43_active	8
ELYTH_43_09	ELYTH	RARE	ANY	Nyssara	Emerald Tide	5	1	5	Elyth Spark — individualidade 9	Uma situação prática coloca sua natureza Spark à prova. A resposta que você escolhe define como a manifestação será aperfeiçoada.	Repetir o fundamento e refinar o controle.	stat:VON>=6&skill:ELY_0848	ELYTH_43_10	xp=14;flag:elyth_43_refined=1	ELYTH_43_10	fatigue=1		Adaptar a técnica ao ambiente.	stat:PER>=7	ELYTH_43_10	xp=13;reputation=1	ELYTH_43_10	fatigue=1		NATURE_Spark	nature:Spark&flag:elyth_43_active	8
ELYTH_43_10	ELYTH	RARE	ANY	Nyssara	Emerald Tide	6	1	5	Elyth Spark — técnica consolidada	Você encerra o ciclo de treinamento com uma noção mais clara da própria individualidade. A técnica pode permanecer como lembrança permanente da sua trajetória.	Consolidar a técnica.	NONE	END	xp=20;flag:elyth_43_complete=1;unflag:elyth_43_active	END	fatigue=1		Experimentar uma variação arriscada.	stat:TEC>=8	END	xp=26;fatigue=3;flag:elyth_43_complete=1;unflag:elyth_43_active	END	fatigue=1		NATURE_Spark	nature:Spark&flag:elyth_43_active	8
ELYTH_44_01	ELYTH	RARE	ANY	Valkyrion	Volmeria	2	1	5	Elyth Clay — despertar da individualidade	Sua natureza Clay reage a uma situação em Volmeria. Um exercício espontâneo revela que sua manifestação pessoal pode seguir um caminho que outros da mesma natureza não possuem.	Treinar a manifestação com disciplina.	stat:VON>=7	ELYTH_44_02	flag:elyth_44_started=1;flag:elyth_44_active=1;xp=6	ELYTH_44_02	flag:elyth_44_started=1;flag:elyth_44_active=1;fatigue=1		Forçar a manifestação.	stat:FOR>=7	ELYTH_44_03	flag:elyth_44_started=1;flag:elyth_44_active=1;fatigue=2;xp=4	ELYTH_44_03	flag:elyth_44_started=1;flag:elyth_44_active=1;fatigue=1		NATURE_Clay	nature:Clay&!flag:elyth_44_started	8
ELYTH_44_02	ELYTH	RARE	ANY	Valkyrion	Volmeria	2	1	5	Elyth Clay — individualidade 2	Uma situação prática coloca sua natureza Clay à prova. A resposta que você escolhe define como a manifestação será aperfeiçoada.	Repetir o fundamento e refinar o controle.	stat:VON>=6	ELYTH_44_03	xp=7;flag:elyth_44_refined=1	ELYTH_44_03	fatigue=1		Adaptar a técnica ao ambiente.	stat:PER>=7	ELYTH_44_03	xp=6;reputation=1	ELYTH_44_03	fatigue=1		NATURE_Clay	nature:Clay&flag:elyth_44_active	8
ELYTH_44_03	ELYTH	RARE	ANY	Valkyrion	Volmeria	2	1	5	Elyth Clay — individualidade 3	Uma situação prática coloca sua natureza Clay à prova. A resposta que você escolhe define como a manifestação será aperfeiçoada.	Repetir o fundamento e refinar o controle.	stat:VON>=6	ELYTH_44_04	xp=8;flag:elyth_44_refined=1	ELYTH_44_04	fatigue=1		Adaptar a técnica ao ambiente.	stat:PER>=7	ELYTH_44_04	xp=7;reputation=1	ELYTH_44_04	fatigue=1		NATURE_Clay	nature:Clay&flag:elyth_44_active	8
ELYTH_44_04	ELYTH	RARE	ANY	Valkyrion	Volmeria	3	1	5	Elyth Clay — individualidade 4	Uma situação prática coloca sua natureza Clay à prova. A resposta que você escolhe define como a manifestação será aperfeiçoada.	Repetir o fundamento e refinar o controle.	stat:VON>=6&skill:ELY_0863	ELYTH_44_05	xp=9;flag:elyth_44_refined=1	ELYTH_44_05	fatigue=1		Adaptar a técnica ao ambiente.	stat:PER>=7	ELYTH_44_05	xp=8;reputation=1	ELYTH_44_05	fatigue=1		NATURE_Clay	nature:Clay&flag:elyth_44_active	8
ELYTH_44_05	ELYTH	RARE	ANY	Valkyrion	Volmeria	3	1	5	Elyth Clay — individualidade 5	Uma situação prática coloca sua natureza Clay à prova. A resposta que você escolhe define como a manifestação será aperfeiçoada.	Repetir o fundamento e refinar o controle.	stat:VON>=6&skill:ELY_0864	ELYTH_44_06	xp=10;flag:elyth_44_refined=1	ELYTH_44_06	fatigue=1		Adaptar a técnica ao ambiente.	stat:PER>=7	ELYTH_44_06	xp=9;reputation=1	ELYTH_44_06	fatigue=1		NATURE_Clay	nature:Clay&flag:elyth_44_active	8
ELYTH_44_06	ELYTH	RARE	ANY	Valkyrion	Volmeria	4	1	5	Elyth Clay — individualidade 6	Uma situação prática coloca sua natureza Clay à prova. A resposta que você escolhe define como a manifestação será aperfeiçoada.	Repetir o fundamento e refinar o controle.	stat:VON>=6&skill:ELY_0865	ELYTH_44_07	xp=11;flag:elyth_44_refined=1	ELYTH_44_07	fatigue=1		Adaptar a técnica ao ambiente.	stat:PER>=7	ELYTH_44_07	xp=10;reputation=1	ELYTH_44_07	fatigue=1		NATURE_Clay	nature:Clay&flag:elyth_44_active	8
ELYTH_44_07	ELYTH	RARE	ANY	Valkyrion	Volmeria	4	1	5	Elyth Clay — individualidade 7	Uma situação prática coloca sua natureza Clay à prova. A resposta que você escolhe define como a manifestação será aperfeiçoada.	Repetir o fundamento e refinar o controle.	stat:VON>=6&skill:ELY_0866	ELYTH_44_08	xp=12;flag:elyth_44_refined=1	ELYTH_44_08	fatigue=1		Adaptar a técnica ao ambiente.	stat:PER>=7	ELYTH_44_08	xp=11;reputation=1	ELYTH_44_08	fatigue=1		NATURE_Clay	nature:Clay&flag:elyth_44_active	8
ELYTH_44_08	ELYTH	RARE	ANY	Valkyrion	Volmeria	5	1	5	Elyth Clay — individualidade 8	Uma situação prática coloca sua natureza Clay à prova. A resposta que você escolhe define como a manifestação será aperfeiçoada.	Repetir o fundamento e refinar o controle.	stat:VON>=6&skill:ELY_0867	ELYTH_44_09	xp=13;flag:elyth_44_refined=1	ELYTH_44_09	fatigue=1		Adaptar a técnica ao ambiente.	stat:PER>=7	ELYTH_44_09	xp=12;reputation=1	ELYTH_44_09	fatigue=1		NATURE_Clay	nature:Clay&flag:elyth_44_active	8
ELYTH_44_09	ELYTH	RARE	ANY	Valkyrion	Volmeria	5	1	5	Elyth Clay — individualidade 9	Uma situação prática coloca sua natureza Clay à prova. A resposta que você escolhe define como a manifestação será aperfeiçoada.	Repetir o fundamento e refinar o controle.	stat:VON>=6&skill:ELY_0868	ELYTH_44_10	xp=14;flag:elyth_44_refined=1	ELYTH_44_10	fatigue=1		Adaptar a técnica ao ambiente.	stat:PER>=7	ELYTH_44_10	xp=13;reputation=1	ELYTH_44_10	fatigue=1		NATURE_Clay	nature:Clay&flag:elyth_44_active	8
ELYTH_44_10	ELYTH	RARE	ANY	Valkyrion	Volmeria	6	1	5	Elyth Clay — técnica consolidada	Você encerra o ciclo de treinamento com uma noção mais clara da própria individualidade. A técnica pode permanecer como lembrança permanente da sua trajetória.	Consolidar a técnica.	NONE	END	xp=20;flag:elyth_44_complete=1;unflag:elyth_44_active	END	fatigue=1		Experimentar uma variação arriscada.	stat:TEC>=8	END	xp=26;fatigue=3;flag:elyth_44_complete=1;unflag:elyth_44_active	END	fatigue=1		NATURE_Clay	nature:Clay&flag:elyth_44_active	8
ELYTH_45_01	ELYTH	RARE	VALARYN	Eshmara	Brumas	2	1	5	Elyth Prism — despertar da individualidade	Sua natureza Prism reage a uma situação em Brumas. Um exercício espontâneo revela que sua manifestação pessoal pode seguir um caminho que outros da mesma natureza não possuem.	Treinar a manifestação com disciplina.	stat:VON>=7	ELYTH_45_02	flag:elyth_45_started=1;flag:elyth_45_active=1;xp=6	ELYTH_45_02	flag:elyth_45_started=1;flag:elyth_45_active=1;fatigue=1		Forçar a manifestação.	stat:FOR>=7	ELYTH_45_03	flag:elyth_45_started=1;flag:elyth_45_active=1;fatigue=2;xp=4	ELYTH_45_03	flag:elyth_45_started=1;flag:elyth_45_active=1;fatigue=1		NATURE_Prism	nature:Prism&!flag:elyth_45_started	8
ELYTH_45_02	ELYTH	RARE	VALARYN	Eshmara	Brumas	2	1	5	Elyth Prism — individualidade 2	Uma situação prática coloca sua natureza Prism à prova. A resposta que você escolhe define como a manifestação será aperfeiçoada.	Repetir o fundamento e refinar o controle.	stat:VON>=6	ELYTH_45_03	xp=7;flag:elyth_45_refined=1	ELYTH_45_03	fatigue=1		Adaptar a técnica ao ambiente.	stat:PER>=7	ELYTH_45_03	xp=6;reputation=1	ELYTH_45_03	fatigue=1		NATURE_Prism	nature:Prism&flag:elyth_45_active	8
ELYTH_45_03	ELYTH	RARE	VALARYN	Eshmara	Brumas	2	1	5	Elyth Prism — individualidade 3	Uma situação prática coloca sua natureza Prism à prova. A resposta que você escolhe define como a manifestação será aperfeiçoada.	Repetir o fundamento e refinar o controle.	stat:VON>=6	ELYTH_45_04	xp=8;flag:elyth_45_refined=1	ELYTH_45_04	fatigue=1		Adaptar a técnica ao ambiente.	stat:PER>=7	ELYTH_45_04	xp=7;reputation=1	ELYTH_45_04	fatigue=1		NATURE_Prism	nature:Prism&flag:elyth_45_active	8
ELYTH_45_04	ELYTH	RARE	VALARYN	Eshmara	Brumas	3	1	5	Elyth Prism — individualidade 4	Uma situação prática coloca sua natureza Prism à prova. A resposta que você escolhe define como a manifestação será aperfeiçoada.	Repetir o fundamento e refinar o controle.	stat:VON>=6&skill:ELY_0883	ELYTH_45_05	xp=9;flag:elyth_45_refined=1	ELYTH_45_05	fatigue=1		Adaptar a técnica ao ambiente.	stat:PER>=7	ELYTH_45_05	xp=8;reputation=1	ELYTH_45_05	fatigue=1		NATURE_Prism	nature:Prism&flag:elyth_45_active	8
ELYTH_45_05	ELYTH	RARE	VALARYN	Eshmara	Brumas	3	1	5	Elyth Prism — individualidade 5	Uma situação prática coloca sua natureza Prism à prova. A resposta que você escolhe define como a manifestação será aperfeiçoada.	Repetir o fundamento e refinar o controle.	stat:VON>=6&skill:ELY_0884	ELYTH_45_06	xp=10;flag:elyth_45_refined=1	ELYTH_45_06	fatigue=1		Adaptar a técnica ao ambiente.	stat:PER>=7	ELYTH_45_06	xp=9;reputation=1	ELYTH_45_06	fatigue=1		NATURE_Prism	nature:Prism&flag:elyth_45_active	8
ELYTH_45_06	ELYTH	RARE	VALARYN	Eshmara	Brumas	4	1	5	Elyth Prism — individualidade 6	Uma situação prática coloca sua natureza Prism à prova. A resposta que você escolhe define como a manifestação será aperfeiçoada.	Repetir o fundamento e refinar o controle.	stat:VON>=6&skill:ELY_0885	ELYTH_45_07	xp=11;flag:elyth_45_refined=1	ELYTH_45_07	fatigue=1		Adaptar a técnica ao ambiente.	stat:PER>=7	ELYTH_45_07	xp=10;reputation=1	ELYTH_45_07	fatigue=1		NATURE_Prism	nature:Prism&flag:elyth_45_active	8
ELYTH_45_07	ELYTH	RARE	VALARYN	Eshmara	Brumas	4	1	5	Elyth Prism — individualidade 7	Uma situação prática coloca sua natureza Prism à prova. A resposta que você escolhe define como a manifestação será aperfeiçoada.	Repetir o fundamento e refinar o controle.	stat:VON>=6&skill:ELY_0886	ELYTH_45_08	xp=12;flag:elyth_45_refined=1	ELYTH_45_08	fatigue=1		Adaptar a técnica ao ambiente.	stat:PER>=7	ELYTH_45_08	xp=11;reputation=1	ELYTH_45_08	fatigue=1		NATURE_Prism	nature:Prism&flag:elyth_45_active	8
ELYTH_45_08	ELYTH	RARE	VALARYN	Eshmara	Brumas	5	1	5	Elyth Prism — individualidade 8	Uma situação prática coloca sua natureza Prism à prova. A resposta que você escolhe define como a manifestação será aperfeiçoada.	Repetir o fundamento e refinar o controle.	stat:VON>=6&skill:ELY_0887	ELYTH_45_09	xp=13;flag:elyth_45_refined=1	ELYTH_45_09	fatigue=1		Adaptar a técnica ao ambiente.	stat:PER>=7	ELYTH_45_09	xp=12;reputation=1	ELYTH_45_09	fatigue=1		NATURE_Prism	nature:Prism&flag:elyth_45_active	8
ELYTH_45_09	ELYTH	RARE	VALARYN	Eshmara	Brumas	5	1	5	Elyth Prism — individualidade 9	Uma situação prática coloca sua natureza Prism à prova. A resposta que você escolhe define como a manifestação será aperfeiçoada.	Repetir o fundamento e refinar o controle.	stat:VON>=6&skill:ELY_0888	ELYTH_45_10	xp=14;flag:elyth_45_refined=1	ELYTH_45_10	fatigue=1		Adaptar a técnica ao ambiente.	stat:PER>=7	ELYTH_45_10	xp=13;reputation=1	ELYTH_45_10	fatigue=1		NATURE_Prism	nature:Prism&flag:elyth_45_active	8
ELYTH_45_10	ELYTH	RARE	VALARYN	Eshmara	Brumas	6	1	5	Elyth Prism — técnica consolidada	Você encerra o ciclo de treinamento com uma noção mais clara da própria individualidade. A técnica pode permanecer como lembrança permanente da sua trajetória.	Consolidar a técnica.	NONE	END	xp=20;flag:elyth_45_complete=1;unflag:elyth_45_active	END	fatigue=1		Experimentar uma variação arriscada.	stat:TEC>=8	END	xp=26;fatigue=3;flag:elyth_45_complete=1;unflag:elyth_45_active	END	fatigue=1		NATURE_Prism	nature:Prism&flag:elyth_45_active	8
ELYTH_46_01	ELYTH	RARE	ANY	Kethruun	Sandbones	2	1	5	Elyth Bramble — despertar da individualidade	Sua natureza Bramble reage a uma situação em Sandbones. Um exercício espontâneo revela que sua manifestação pessoal pode seguir um caminho que outros da mesma natureza não possuem.	Treinar a manifestação com disciplina.	stat:VON>=7	ELYTH_46_02	flag:elyth_46_started=1;flag:elyth_46_active=1;xp=6	ELYTH_46_02	flag:elyth_46_started=1;flag:elyth_46_active=1;fatigue=1		Forçar a manifestação.	stat:FOR>=7	ELYTH_46_03	flag:elyth_46_started=1;flag:elyth_46_active=1;fatigue=2;xp=4	ELYTH_46_03	flag:elyth_46_started=1;flag:elyth_46_active=1;fatigue=1		NATURE_Bramble	nature:Bramble&!flag:elyth_46_started	8
ELYTH_46_02	ELYTH	RARE	ANY	Kethruun	Sandbones	2	1	5	Elyth Bramble — individualidade 2	Uma situação prática coloca sua natureza Bramble à prova. A resposta que você escolhe define como a manifestação será aperfeiçoada.	Repetir o fundamento e refinar o controle.	stat:VON>=6	ELYTH_46_03	xp=7;flag:elyth_46_refined=1	ELYTH_46_03	fatigue=1		Adaptar a técnica ao ambiente.	stat:PER>=7	ELYTH_46_03	xp=6;reputation=1	ELYTH_46_03	fatigue=1		NATURE_Bramble	nature:Bramble&flag:elyth_46_active	8
ELYTH_46_03	ELYTH	RARE	ANY	Kethruun	Sandbones	2	1	5	Elyth Bramble — individualidade 3	Uma situação prática coloca sua natureza Bramble à prova. A resposta que você escolhe define como a manifestação será aperfeiçoada.	Repetir o fundamento e refinar o controle.	stat:VON>=6	ELYTH_46_04	xp=8;flag:elyth_46_refined=1	ELYTH_46_04	fatigue=1		Adaptar a técnica ao ambiente.	stat:PER>=7	ELYTH_46_04	xp=7;reputation=1	ELYTH_46_04	fatigue=1		NATURE_Bramble	nature:Bramble&flag:elyth_46_active	8
ELYTH_46_04	ELYTH	RARE	ANY	Kethruun	Sandbones	3	1	5	Elyth Bramble — individualidade 4	Uma situação prática coloca sua natureza Bramble à prova. A resposta que você escolhe define como a manifestação será aperfeiçoada.	Repetir o fundamento e refinar o controle.	stat:VON>=6&skill:ELY_0903	ELYTH_46_05	xp=9;flag:elyth_46_refined=1	ELYTH_46_05	fatigue=1		Adaptar a técnica ao ambiente.	stat:PER>=7	ELYTH_46_05	xp=8;reputation=1	ELYTH_46_05	fatigue=1		NATURE_Bramble	nature:Bramble&flag:elyth_46_active	8
ELYTH_46_05	ELYTH	RARE	ANY	Kethruun	Sandbones	3	1	5	Elyth Bramble — individualidade 5	Uma situação prática coloca sua natureza Bramble à prova. A resposta que você escolhe define como a manifestação será aperfeiçoada.	Repetir o fundamento e refinar o controle.	stat:VON>=6&skill:ELY_0904	ELYTH_46_06	xp=10;flag:elyth_46_refined=1	ELYTH_46_06	fatigue=1		Adaptar a técnica ao ambiente.	stat:PER>=7	ELYTH_46_06	xp=9;reputation=1	ELYTH_46_06	fatigue=1		NATURE_Bramble	nature:Bramble&flag:elyth_46_active	8
ELYTH_46_06	ELYTH	RARE	ANY	Kethruun	Sandbones	4	1	5	Elyth Bramble — individualidade 6	Uma situação prática coloca sua natureza Bramble à prova. A resposta que você escolhe define como a manifestação será aperfeiçoada.	Repetir o fundamento e refinar o controle.	stat:VON>=6&skill:ELY_0905	ELYTH_46_07	xp=11;flag:elyth_46_refined=1	ELYTH_46_07	fatigue=1		Adaptar a técnica ao ambiente.	stat:PER>=7	ELYTH_46_07	xp=10;reputation=1	ELYTH_46_07	fatigue=1		NATURE_Bramble	nature:Bramble&flag:elyth_46_active	8
ELYTH_46_07	ELYTH	RARE	ANY	Kethruun	Sandbones	4	1	5	Elyth Bramble — individualidade 7	Uma situação prática coloca sua natureza Bramble à prova. A resposta que você escolhe define como a manifestação será aperfeiçoada.	Repetir o fundamento e refinar o controle.	stat:VON>=6&skill:ELY_0906	ELYTH_46_08	xp=12;flag:elyth_46_refined=1	ELYTH_46_08	fatigue=1		Adaptar a técnica ao ambiente.	stat:PER>=7	ELYTH_46_08	xp=11;reputation=1	ELYTH_46_08	fatigue=1		NATURE_Bramble	nature:Bramble&flag:elyth_46_active	8
ELYTH_46_08	ELYTH	RARE	ANY	Kethruun	Sandbones	5	1	5	Elyth Bramble — individualidade 8	Uma situação prática coloca sua natureza Bramble à prova. A resposta que você escolhe define como a manifestação será aperfeiçoada.	Repetir o fundamento e refinar o controle.	stat:VON>=6&skill:ELY_0907	ELYTH_46_09	xp=13;flag:elyth_46_refined=1	ELYTH_46_09	fatigue=1		Adaptar a técnica ao ambiente.	stat:PER>=7	ELYTH_46_09	xp=12;reputation=1	ELYTH_46_09	fatigue=1		NATURE_Bramble	nature:Bramble&flag:elyth_46_active	8
ELYTH_46_09	ELYTH	RARE	ANY	Kethruun	Sandbones	5	1	5	Elyth Bramble — individualidade 9	Uma situação prática coloca sua natureza Bramble à prova. A resposta que você escolhe define como a manifestação será aperfeiçoada.	Repetir o fundamento e refinar o controle.	stat:VON>=6&skill:ELY_0908	ELYTH_46_10	xp=14;flag:elyth_46_refined=1	ELYTH_46_10	fatigue=1		Adaptar a técnica ao ambiente.	stat:PER>=7	ELYTH_46_10	xp=13;reputation=1	ELYTH_46_10	fatigue=1		NATURE_Bramble	nature:Bramble&flag:elyth_46_active	8
ELYTH_46_10	ELYTH	RARE	ANY	Kethruun	Sandbones	6	1	5	Elyth Bramble — técnica consolidada	Você encerra o ciclo de treinamento com uma noção mais clara da própria individualidade. A técnica pode permanecer como lembrança permanente da sua trajetória.	Consolidar a técnica.	NONE	END	xp=20;flag:elyth_46_complete=1;unflag:elyth_46_active	END	fatigue=1		Experimentar uma variação arriscada.	stat:TEC>=8	END	xp=26;fatigue=3;flag:elyth_46_complete=1;unflag:elyth_46_active	END	fatigue=1		NATURE_Bramble	nature:Bramble&flag:elyth_46_active	8
ELYTH_47_01	ELYTH	RARE	ANY	Orinthal	Crystalia	2	1	5	Elyth Floe — despertar da individualidade	Sua natureza Floe reage a uma situação em Crystalia. Um exercício espontâneo revela que sua manifestação pessoal pode seguir um caminho que outros da mesma natureza não possuem.	Treinar a manifestação com disciplina.	stat:VON>=7	ELYTH_47_02	flag:elyth_47_started=1;flag:elyth_47_active=1;xp=6	ELYTH_47_02	flag:elyth_47_started=1;flag:elyth_47_active=1;fatigue=1		Forçar a manifestação.	stat:FOR>=7	ELYTH_47_03	flag:elyth_47_started=1;flag:elyth_47_active=1;fatigue=2;xp=4	ELYTH_47_03	flag:elyth_47_started=1;flag:elyth_47_active=1;fatigue=1		NATURE_Floe	nature:Floe&!flag:elyth_47_started	8
ELYTH_47_02	ELYTH	RARE	ANY	Orinthal	Crystalia	2	1	5	Elyth Floe — individualidade 2	Uma situação prática coloca sua natureza Floe à prova. A resposta que você escolhe define como a manifestação será aperfeiçoada.	Repetir o fundamento e refinar o controle.	stat:VON>=6	ELYTH_47_03	xp=7;flag:elyth_47_refined=1	ELYTH_47_03	fatigue=1		Adaptar a técnica ao ambiente.	stat:PER>=7	ELYTH_47_03	xp=6;reputation=1	ELYTH_47_03	fatigue=1		NATURE_Floe	nature:Floe&flag:elyth_47_active	8
ELYTH_47_03	ELYTH	RARE	ANY	Orinthal	Crystalia	2	1	5	Elyth Floe — individualidade 3	Uma situação prática coloca sua natureza Floe à prova. A resposta que você escolhe define como a manifestação será aperfeiçoada.	Repetir o fundamento e refinar o controle.	stat:VON>=6	ELYTH_47_04	xp=8;flag:elyth_47_refined=1	ELYTH_47_04	fatigue=1		Adaptar a técnica ao ambiente.	stat:PER>=7	ELYTH_47_04	xp=7;reputation=1	ELYTH_47_04	fatigue=1		NATURE_Floe	nature:Floe&flag:elyth_47_active	8
ELYTH_47_04	ELYTH	RARE	ANY	Orinthal	Crystalia	3	1	5	Elyth Floe — individualidade 4	Uma situação prática coloca sua natureza Floe à prova. A resposta que você escolhe define como a manifestação será aperfeiçoada.	Repetir o fundamento e refinar o controle.	stat:VON>=6&skill:ELY_0923	ELYTH_47_05	xp=9;flag:elyth_47_refined=1	ELYTH_47_05	fatigue=1		Adaptar a técnica ao ambiente.	stat:PER>=7	ELYTH_47_05	xp=8;reputation=1	ELYTH_47_05	fatigue=1		NATURE_Floe	nature:Floe&flag:elyth_47_active	8
ELYTH_47_05	ELYTH	RARE	ANY	Orinthal	Crystalia	3	1	5	Elyth Floe — individualidade 5	Uma situação prática coloca sua natureza Floe à prova. A resposta que você escolhe define como a manifestação será aperfeiçoada.	Repetir o fundamento e refinar o controle.	stat:VON>=6&skill:ELY_0924	ELYTH_47_06	xp=10;flag:elyth_47_refined=1	ELYTH_47_06	fatigue=1		Adaptar a técnica ao ambiente.	stat:PER>=7	ELYTH_47_06	xp=9;reputation=1	ELYTH_47_06	fatigue=1		NATURE_Floe	nature:Floe&flag:elyth_47_active	8
ELYTH_47_06	ELYTH	RARE	ANY	Orinthal	Crystalia	4	1	5	Elyth Floe — individualidade 6	Uma situação prática coloca sua natureza Floe à prova. A resposta que você escolhe define como a manifestação será aperfeiçoada.	Repetir o fundamento e refinar o controle.	stat:VON>=6&skill:ELY_0925	ELYTH_47_07	xp=11;flag:elyth_47_refined=1	ELYTH_47_07	fatigue=1		Adaptar a técnica ao ambiente.	stat:PER>=7	ELYTH_47_07	xp=10;reputation=1	ELYTH_47_07	fatigue=1		NATURE_Floe	nature:Floe&flag:elyth_47_active	8
ELYTH_47_07	ELYTH	RARE	ANY	Orinthal	Crystalia	4	1	5	Elyth Floe — individualidade 7	Uma situação prática coloca sua natureza Floe à prova. A resposta que você escolhe define como a manifestação será aperfeiçoada.	Repetir o fundamento e refinar o controle.	stat:VON>=6&skill:ELY_0926	ELYTH_47_08	xp=12;flag:elyth_47_refined=1	ELYTH_47_08	fatigue=1		Adaptar a técnica ao ambiente.	stat:PER>=7	ELYTH_47_08	xp=11;reputation=1	ELYTH_47_08	fatigue=1		NATURE_Floe	nature:Floe&flag:elyth_47_active	8
ELYTH_47_08	ELYTH	RARE	ANY	Orinthal	Crystalia	5	1	5	Elyth Floe — individualidade 8	Uma situação prática coloca sua natureza Floe à prova. A resposta que você escolhe define como a manifestação será aperfeiçoada.	Repetir o fundamento e refinar o controle.	stat:VON>=6&skill:ELY_0927	ELYTH_47_09	xp=13;flag:elyth_47_refined=1	ELYTH_47_09	fatigue=1		Adaptar a técnica ao ambiente.	stat:PER>=7	ELYTH_47_09	xp=12;reputation=1	ELYTH_47_09	fatigue=1		NATURE_Floe	nature:Floe&flag:elyth_47_active	8
ELYTH_47_09	ELYTH	RARE	ANY	Orinthal	Crystalia	5	1	5	Elyth Floe — individualidade 9	Uma situação prática coloca sua natureza Floe à prova. A resposta que você escolhe define como a manifestação será aperfeiçoada.	Repetir o fundamento e refinar o controle.	stat:VON>=6&skill:ELY_0928	ELYTH_47_10	xp=14;flag:elyth_47_refined=1	ELYTH_47_10	fatigue=1		Adaptar a técnica ao ambiente.	stat:PER>=7	ELYTH_47_10	xp=13;reputation=1	ELYTH_47_10	fatigue=1		NATURE_Floe	nature:Floe&flag:elyth_47_active	8
ELYTH_47_10	ELYTH	RARE	ANY	Orinthal	Crystalia	6	1	5	Elyth Floe — técnica consolidada	Você encerra o ciclo de treinamento com uma noção mais clara da própria individualidade. A técnica pode permanecer como lembrança permanente da sua trajetória.	Consolidar a técnica.	NONE	END	xp=20;flag:elyth_47_complete=1;unflag:elyth_47_active	END	fatigue=1		Experimentar uma variação arriscada.	stat:TEC>=8	END	xp=26;fatigue=3;flag:elyth_47_complete=1;unflag:elyth_47_active	END	fatigue=1		NATURE_Floe	nature:Floe&flag:elyth_47_active	8
ELYTH_48_01	ELYTH	RARE	ANY	Zarim	Fornalia	2	1	5	Elyth Pulse — despertar da individualidade	Sua natureza Pulse reage a uma situação em Fornalia. Um exercício espontâneo revela que sua manifestação pessoal pode seguir um caminho que outros da mesma natureza não possuem.	Treinar a manifestação com disciplina.	stat:VON>=7	ELYTH_48_02	flag:elyth_48_started=1;flag:elyth_48_active=1;xp=6	ELYTH_48_02	flag:elyth_48_started=1;flag:elyth_48_active=1;fatigue=1		Forçar a manifestação.	stat:FOR>=7	ELYTH_48_03	flag:elyth_48_started=1;flag:elyth_48_active=1;fatigue=2;xp=4	ELYTH_48_03	flag:elyth_48_started=1;flag:elyth_48_active=1;fatigue=1		NATURE_Pulse	nature:Pulse&!flag:elyth_48_started	8
ELYTH_48_02	ELYTH	RARE	ANY	Zarim	Fornalia	2	1	5	Elyth Pulse — individualidade 2	Uma situação prática coloca sua natureza Pulse à prova. A resposta que você escolhe define como a manifestação será aperfeiçoada.	Repetir o fundamento e refinar o controle.	stat:VON>=6	ELYTH_48_03	xp=7;flag:elyth_48_refined=1	ELYTH_48_03	fatigue=1		Adaptar a técnica ao ambiente.	stat:PER>=7	ELYTH_48_03	xp=6;reputation=1	ELYTH_48_03	fatigue=1		NATURE_Pulse	nature:Pulse&flag:elyth_48_active	8
ELYTH_48_03	ELYTH	RARE	ANY	Zarim	Fornalia	2	1	5	Elyth Pulse — individualidade 3	Uma situação prática coloca sua natureza Pulse à prova. A resposta que você escolhe define como a manifestação será aperfeiçoada.	Repetir o fundamento e refinar o controle.	stat:VON>=6	ELYTH_48_04	xp=8;flag:elyth_48_refined=1	ELYTH_48_04	fatigue=1		Adaptar a técnica ao ambiente.	stat:PER>=7	ELYTH_48_04	xp=7;reputation=1	ELYTH_48_04	fatigue=1		NATURE_Pulse	nature:Pulse&flag:elyth_48_active	8
ELYTH_48_04	ELYTH	RARE	ANY	Zarim	Fornalia	3	1	5	Elyth Pulse — individualidade 4	Uma situação prática coloca sua natureza Pulse à prova. A resposta que você escolhe define como a manifestação será aperfeiçoada.	Repetir o fundamento e refinar o controle.	stat:VON>=6&skill:ELY_0943	ELYTH_48_05	xp=9;flag:elyth_48_refined=1	ELYTH_48_05	fatigue=1		Adaptar a técnica ao ambiente.	stat:PER>=7	ELYTH_48_05	xp=8;reputation=1	ELYTH_48_05	fatigue=1		NATURE_Pulse	nature:Pulse&flag:elyth_48_active	8
ELYTH_48_05	ELYTH	RARE	ANY	Zarim	Fornalia	3	1	5	Elyth Pulse — individualidade 5	Uma situação prática coloca sua natureza Pulse à prova. A resposta que você escolhe define como a manifestação será aperfeiçoada.	Repetir o fundamento e refinar o controle.	stat:VON>=6&skill:ELY_0944	ELYTH_48_06	xp=10;flag:elyth_48_refined=1	ELYTH_48_06	fatigue=1		Adaptar a técnica ao ambiente.	stat:PER>=7	ELYTH_48_06	xp=9;reputation=1	ELYTH_48_06	fatigue=1		NATURE_Pulse	nature:Pulse&flag:elyth_48_active	8
ELYTH_48_06	ELYTH	RARE	ANY	Zarim	Fornalia	4	1	5	Elyth Pulse — individualidade 6	Uma situação prática coloca sua natureza Pulse à prova. A resposta que você escolhe define como a manifestação será aperfeiçoada.	Repetir o fundamento e refinar o controle.	stat:VON>=6&skill:ELY_0945	ELYTH_48_07	xp=11;flag:elyth_48_refined=1	ELYTH_48_07	fatigue=1		Adaptar a técnica ao ambiente.	stat:PER>=7	ELYTH_48_07	xp=10;reputation=1	ELYTH_48_07	fatigue=1		NATURE_Pulse	nature:Pulse&flag:elyth_48_active	8
ELYTH_48_07	ELYTH	RARE	ANY	Zarim	Fornalia	4	1	5	Elyth Pulse — individualidade 7	Uma situação prática coloca sua natureza Pulse à prova. A resposta que você escolhe define como a manifestação será aperfeiçoada.	Repetir o fundamento e refinar o controle.	stat:VON>=6&skill:ELY_0946	ELYTH_48_08	xp=12;flag:elyth_48_refined=1	ELYTH_48_08	fatigue=1		Adaptar a técnica ao ambiente.	stat:PER>=7	ELYTH_48_08	xp=11;reputation=1	ELYTH_48_08	fatigue=1		NATURE_Pulse	nature:Pulse&flag:elyth_48_active	8
ELYTH_48_08	ELYTH	RARE	ANY	Zarim	Fornalia	5	1	5	Elyth Pulse — individualidade 8	Uma situação prática coloca sua natureza Pulse à prova. A resposta que você escolhe define como a manifestação será aperfeiçoada.	Repetir o fundamento e refinar o controle.	stat:VON>=6&skill:ELY_0947	ELYTH_48_09	xp=13;flag:elyth_48_refined=1	ELYTH_48_09	fatigue=1		Adaptar a técnica ao ambiente.	stat:PER>=7	ELYTH_48_09	xp=12;reputation=1	ELYTH_48_09	fatigue=1		NATURE_Pulse	nature:Pulse&flag:elyth_48_active	8
ELYTH_48_09	ELYTH	RARE	ANY	Zarim	Fornalia	5	1	5	Elyth Pulse — individualidade 9	Uma situação prática coloca sua natureza Pulse à prova. A resposta que você escolhe define como a manifestação será aperfeiçoada.	Repetir o fundamento e refinar o controle.	stat:VON>=6&skill:ELY_0948	ELYTH_48_10	xp=14;flag:elyth_48_refined=1	ELYTH_48_10	fatigue=1		Adaptar a técnica ao ambiente.	stat:PER>=7	ELYTH_48_10	xp=13;reputation=1	ELYTH_48_10	fatigue=1		NATURE_Pulse	nature:Pulse&flag:elyth_48_active	8
ELYTH_48_10	ELYTH	RARE	ANY	Zarim	Fornalia	6	1	5	Elyth Pulse — técnica consolidada	Você encerra o ciclo de treinamento com uma noção mais clara da própria individualidade. A técnica pode permanecer como lembrança permanente da sua trajetória.	Consolidar a técnica.	NONE	END	xp=20;flag:elyth_48_complete=1;unflag:elyth_48_active	END	fatigue=1		Experimentar uma variação arriscada.	stat:TEC>=8	END	xp=26;fatigue=3;flag:elyth_48_complete=1;unflag:elyth_48_active	END	fatigue=1		NATURE_Pulse	nature:Pulse&flag:elyth_48_active	8
ELYTH_49_01	ELYTH	RARE	VALARYN	Lyrien	Aerocivitus	2	1	5	Elyth Tar — despertar da individualidade	Sua natureza Tar reage a uma situação em Aerocivitus. Um exercício espontâneo revela que sua manifestação pessoal pode seguir um caminho que outros da mesma natureza não possuem.	Treinar a manifestação com disciplina.	stat:VON>=7	ELYTH_49_02	flag:elyth_49_started=1;flag:elyth_49_active=1;xp=6	ELYTH_49_02	flag:elyth_49_started=1;flag:elyth_49_active=1;fatigue=1		Forçar a manifestação.	stat:FOR>=7	ELYTH_49_03	flag:elyth_49_started=1;flag:elyth_49_active=1;fatigue=2;xp=4	ELYTH_49_03	flag:elyth_49_started=1;flag:elyth_49_active=1;fatigue=1		NATURE_Tar	nature:Tar&!flag:elyth_49_started	8
ELYTH_49_02	ELYTH	RARE	VALARYN	Lyrien	Aerocivitus	2	1	5	Elyth Tar — individualidade 2	Uma situação prática coloca sua natureza Tar à prova. A resposta que você escolhe define como a manifestação será aperfeiçoada.	Repetir o fundamento e refinar o controle.	stat:VON>=6	ELYTH_49_03	xp=7;flag:elyth_49_refined=1	ELYTH_49_03	fatigue=1		Adaptar a técnica ao ambiente.	stat:PER>=7	ELYTH_49_03	xp=6;reputation=1	ELYTH_49_03	fatigue=1		NATURE_Tar	nature:Tar&flag:elyth_49_active	8
ELYTH_49_03	ELYTH	RARE	VALARYN	Lyrien	Aerocivitus	2	1	5	Elyth Tar — individualidade 3	Uma situação prática coloca sua natureza Tar à prova. A resposta que você escolhe define como a manifestação será aperfeiçoada.	Repetir o fundamento e refinar o controle.	stat:VON>=6	ELYTH_49_04	xp=8;flag:elyth_49_refined=1	ELYTH_49_04	fatigue=1		Adaptar a técnica ao ambiente.	stat:PER>=7	ELYTH_49_04	xp=7;reputation=1	ELYTH_49_04	fatigue=1		NATURE_Tar	nature:Tar&flag:elyth_49_active	8
ELYTH_49_04	ELYTH	RARE	VALARYN	Lyrien	Aerocivitus	3	1	5	Elyth Tar — individualidade 4	Uma situação prática coloca sua natureza Tar à prova. A resposta que você escolhe define como a manifestação será aperfeiçoada.	Repetir o fundamento e refinar o controle.	stat:VON>=6&skill:ELY_0963	ELYTH_49_05	xp=9;flag:elyth_49_refined=1	ELYTH_49_05	fatigue=1		Adaptar a técnica ao ambiente.	stat:PER>=7	ELYTH_49_05	xp=8;reputation=1	ELYTH_49_05	fatigue=1		NATURE_Tar	nature:Tar&flag:elyth_49_active	8
ELYTH_49_05	ELYTH	RARE	VALARYN	Lyrien	Aerocivitus	3	1	5	Elyth Tar — individualidade 5	Uma situação prática coloca sua natureza Tar à prova. A resposta que você escolhe define como a manifestação será aperfeiçoada.	Repetir o fundamento e refinar o controle.	stat:VON>=6&skill:ELY_0964	ELYTH_49_06	xp=10;flag:elyth_49_refined=1	ELYTH_49_06	fatigue=1		Adaptar a técnica ao ambiente.	stat:PER>=7	ELYTH_49_06	xp=9;reputation=1	ELYTH_49_06	fatigue=1		NATURE_Tar	nature:Tar&flag:elyth_49_active	8
ELYTH_49_06	ELYTH	RARE	VALARYN	Lyrien	Aerocivitus	4	1	5	Elyth Tar — individualidade 6	Uma situação prática coloca sua natureza Tar à prova. A resposta que você escolhe define como a manifestação será aperfeiçoada.	Repetir o fundamento e refinar o controle.	stat:VON>=6&skill:ELY_0965	ELYTH_49_07	xp=11;flag:elyth_49_refined=1	ELYTH_49_07	fatigue=1		Adaptar a técnica ao ambiente.	stat:PER>=7	ELYTH_49_07	xp=10;reputation=1	ELYTH_49_07	fatigue=1		NATURE_Tar	nature:Tar&flag:elyth_49_active	8
ELYTH_49_07	ELYTH	RARE	VALARYN	Lyrien	Aerocivitus	4	1	5	Elyth Tar — individualidade 7	Uma situação prática coloca sua natureza Tar à prova. A resposta que você escolhe define como a manifestação será aperfeiçoada.	Repetir o fundamento e refinar o controle.	stat:VON>=6&skill:ELY_0966	ELYTH_49_08	xp=12;flag:elyth_49_refined=1	ELYTH_49_08	fatigue=1		Adaptar a técnica ao ambiente.	stat:PER>=7	ELYTH_49_08	xp=11;reputation=1	ELYTH_49_08	fatigue=1		NATURE_Tar	nature:Tar&flag:elyth_49_active	8
ELYTH_49_08	ELYTH	RARE	VALARYN	Lyrien	Aerocivitus	5	1	5	Elyth Tar — individualidade 8	Uma situação prática coloca sua natureza Tar à prova. A resposta que você escolhe define como a manifestação será aperfeiçoada.	Repetir o fundamento e refinar o controle.	stat:VON>=6&skill:ELY_0967	ELYTH_49_09	xp=13;flag:elyth_49_refined=1	ELYTH_49_09	fatigue=1		Adaptar a técnica ao ambiente.	stat:PER>=7	ELYTH_49_09	xp=12;reputation=1	ELYTH_49_09	fatigue=1		NATURE_Tar	nature:Tar&flag:elyth_49_active	8
ELYTH_49_09	ELYTH	RARE	VALARYN	Lyrien	Aerocivitus	5	1	5	Elyth Tar — individualidade 9	Uma situação prática coloca sua natureza Tar à prova. A resposta que você escolhe define como a manifestação será aperfeiçoada.	Repetir o fundamento e refinar o controle.	stat:VON>=6&skill:ELY_0968	ELYTH_49_10	xp=14;flag:elyth_49_refined=1	ELYTH_49_10	fatigue=1		Adaptar a técnica ao ambiente.	stat:PER>=7	ELYTH_49_10	xp=13;reputation=1	ELYTH_49_10	fatigue=1		NATURE_Tar	nature:Tar&flag:elyth_49_active	8
ELYTH_49_10	ELYTH	RARE	VALARYN	Lyrien	Aerocivitus	6	1	5	Elyth Tar — técnica consolidada	Você encerra o ciclo de treinamento com uma noção mais clara da própria individualidade. A técnica pode permanecer como lembrança permanente da sua trajetória.	Consolidar a técnica.	NONE	END	xp=20;flag:elyth_49_complete=1;unflag:elyth_49_active	END	fatigue=1		Experimentar uma variação arriscada.	stat:TEC>=8	END	xp=26;fatigue=3;flag:elyth_49_complete=1;unflag:elyth_49_active	END	fatigue=1		NATURE_Tar	nature:Tar&flag:elyth_49_active	8
ELYTH_50_01	ELYTH	RARE	ANY	Myrthos	Sem nome definido	2	1	5	Elyth Astral — despertar da individualidade	Sua natureza Astral reage a uma situação em Sem nome definido. Um exercício espontâneo revela que sua manifestação pessoal pode seguir um caminho que outros da mesma natureza não possuem.	Treinar a manifestação com disciplina.	stat:VON>=7	ELYTH_50_02	flag:elyth_50_started=1;flag:elyth_50_active=1;xp=6	ELYTH_50_02	flag:elyth_50_started=1;flag:elyth_50_active=1;fatigue=1		Forçar a manifestação.	stat:FOR>=7	ELYTH_50_03	flag:elyth_50_started=1;flag:elyth_50_active=1;fatigue=2;xp=4	ELYTH_50_03	flag:elyth_50_started=1;flag:elyth_50_active=1;fatigue=1		NATURE_Astral	nature:Astral&!flag:elyth_50_started	8
ELYTH_50_02	ELYTH	RARE	ANY	Myrthos	Sem nome definido	2	1	5	Elyth Astral — individualidade 2	Uma situação prática coloca sua natureza Astral à prova. A resposta que você escolhe define como a manifestação será aperfeiçoada.	Repetir o fundamento e refinar o controle.	stat:VON>=6	ELYTH_50_03	xp=7;flag:elyth_50_refined=1	ELYTH_50_03	fatigue=1		Adaptar a técnica ao ambiente.	stat:PER>=7	ELYTH_50_03	xp=6;reputation=1	ELYTH_50_03	fatigue=1		NATURE_Astral	nature:Astral&flag:elyth_50_active	8
ELYTH_50_03	ELYTH	RARE	ANY	Myrthos	Sem nome definido	2	1	5	Elyth Astral — individualidade 3	Uma situação prática coloca sua natureza Astral à prova. A resposta que você escolhe define como a manifestação será aperfeiçoada.	Repetir o fundamento e refinar o controle.	stat:VON>=6	ELYTH_50_04	xp=8;flag:elyth_50_refined=1	ELYTH_50_04	fatigue=1		Adaptar a técnica ao ambiente.	stat:PER>=7	ELYTH_50_04	xp=7;reputation=1	ELYTH_50_04	fatigue=1		NATURE_Astral	nature:Astral&flag:elyth_50_active	8
ELYTH_50_04	ELYTH	RARE	ANY	Myrthos	Sem nome definido	3	1	5	Elyth Astral — individualidade 4	Uma situação prática coloca sua natureza Astral à prova. A resposta que você escolhe define como a manifestação será aperfeiçoada.	Repetir o fundamento e refinar o controle.	stat:VON>=6&skill:ELY_0983	ELYTH_50_05	xp=9;flag:elyth_50_refined=1	ELYTH_50_05	fatigue=1		Adaptar a técnica ao ambiente.	stat:PER>=7	ELYTH_50_05	xp=8;reputation=1	ELYTH_50_05	fatigue=1		NATURE_Astral	nature:Astral&flag:elyth_50_active	8
ELYTH_50_05	ELYTH	RARE	ANY	Myrthos	Sem nome definido	3	1	5	Elyth Astral — individualidade 5	Uma situação prática coloca sua natureza Astral à prova. A resposta que você escolhe define como a manifestação será aperfeiçoada.	Repetir o fundamento e refinar o controle.	stat:VON>=6&skill:ELY_0984	ELYTH_50_06	xp=10;flag:elyth_50_refined=1	ELYTH_50_06	fatigue=1		Adaptar a técnica ao ambiente.	stat:PER>=7	ELYTH_50_06	xp=9;reputation=1	ELYTH_50_06	fatigue=1		NATURE_Astral	nature:Astral&flag:elyth_50_active	8
ELYTH_50_06	ELYTH	RARE	ANY	Myrthos	Sem nome definido	4	1	5	Elyth Astral — individualidade 6	Uma situação prática coloca sua natureza Astral à prova. A resposta que você escolhe define como a manifestação será aperfeiçoada.	Repetir o fundamento e refinar o controle.	stat:VON>=6&skill:ELY_0985	ELYTH_50_07	xp=11;flag:elyth_50_refined=1	ELYTH_50_07	fatigue=1		Adaptar a técnica ao ambiente.	stat:PER>=7	ELYTH_50_07	xp=10;reputation=1	ELYTH_50_07	fatigue=1		NATURE_Astral	nature:Astral&flag:elyth_50_active	8
ELYTH_50_07	ELYTH	RARE	ANY	Myrthos	Sem nome definido	4	1	5	Elyth Astral — individualidade 7	Uma situação prática coloca sua natureza Astral à prova. A resposta que você escolhe define como a manifestação será aperfeiçoada.	Repetir o fundamento e refinar o controle.	stat:VON>=6&skill:ELY_0986	ELYTH_50_08	xp=12;flag:elyth_50_refined=1	ELYTH_50_08	fatigue=1		Adaptar a técnica ao ambiente.	stat:PER>=7	ELYTH_50_08	xp=11;reputation=1	ELYTH_50_08	fatigue=1		NATURE_Astral	nature:Astral&flag:elyth_50_active	8
ELYTH_50_08	ELYTH	RARE	ANY	Myrthos	Sem nome definido	5	1	5	Elyth Astral — individualidade 8	Uma situação prática coloca sua natureza Astral à prova. A resposta que você escolhe define como a manifestação será aperfeiçoada.	Repetir o fundamento e refinar o controle.	stat:VON>=6&skill:ELY_0987	ELYTH_50_09	xp=13;flag:elyth_50_refined=1	ELYTH_50_09	fatigue=1		Adaptar a técnica ao ambiente.	stat:PER>=7	ELYTH_50_09	xp=12;reputation=1	ELYTH_50_09	fatigue=1		NATURE_Astral	nature:Astral&flag:elyth_50_active	8
ELYTH_50_09	ELYTH	RARE	ANY	Myrthos	Sem nome definido	5	1	5	Elyth Astral — individualidade 9	Uma situação prática coloca sua natureza Astral à prova. A resposta que você escolhe define como a manifestação será aperfeiçoada.	Repetir o fundamento e refinar o controle.	stat:VON>=6&skill:ELY_0988	ELYTH_50_10	xp=14;flag:elyth_50_refined=1	ELYTH_50_10	fatigue=1		Adaptar a técnica ao ambiente.	stat:PER>=7	ELYTH_50_10	xp=13;reputation=1	ELYTH_50_10	fatigue=1		NATURE_Astral	nature:Astral&flag:elyth_50_active	8
ELYTH_50_10	ELYTH	RARE	ANY	Myrthos	Sem nome definido	6	1	5	Elyth Astral — técnica consolidada	Você encerra o ciclo de treinamento com uma noção mais clara da própria individualidade. A técnica pode permanecer como lembrança permanente da sua trajetória.	Consolidar a técnica.	NONE	END	xp=20;flag:elyth_50_complete=1;unflag:elyth_50_active	END	fatigue=1		Experimentar uma variação arriscada.	stat:TEC>=8	END	xp=26;fatigue=3;flag:elyth_50_complete=1;unflag:elyth_50_active	END	fatigue=1		NATURE_Astral	nature:Astral&flag:elyth_50_active	8
ACAD_001	ACADEMIC	COMMON	VALARYN	Aeloria	Valdora	1	1	12	Aula de Fundamentos	O professor exige domínio básico. Suas escolhas podem facilitar ou dificultar os próximos semestres.	Estudar com método.	stat:INT>=7	END	xp=8;skillPoint=1;reputation=1	END	fatigue=1		Treinar na prática.	stat:TEC>=7	END	xp=7;vellum:MARTIAL=1	END	fatigue=1		ACADEMY_Y1_S1	NONE	20
ACAD_002	ACADEMIC	COMMON	VALARYN	Aeloria	Valdora	1	183	12	Treino de Campo	A turma recebe uma tarefa prática. Suas escolhas podem facilitar ou dificultar os próximos semestres.	Estudar com método.	stat:INT>=7	END	xp=8;skillPoint=1;reputation=1	END	fatigue=1		Treinar na prática.	stat:TEC>=7	END	xp=7;vellum:MARTIAL=1	END	fatigue=1		ACADEMY_Y1_S2	NONE	20
ACAD_003	ACADEMIC	COMMON	VALARYN	Aeloria	Valdora	1	1	12	Biblioteca da Academia	Um estudo opcional pode abrir uma nova técnica. Suas escolhas podem facilitar ou dificultar os próximos semestres.	Estudar com método.	stat:INT>=7	END	xp=8;skillPoint=1;reputation=1	END	fatigue=1		Treinar na prática.	stat:TEC>=7	END	xp=7;vellum:MARTIAL=1	END	fatigue=1		ACADEMY_Y1_S1	NONE	20
ACAD_004	ACADEMIC	COMMON	VALARYN	Aeloria	Valdora	1	183	12	Simulação de Combate	A avaliação mede controle e tomada de decisão. Suas escolhas podem facilitar ou dificultar os próximos semestres.	Estudar com método.	stat:INT>=7	END	xp=8;skillPoint=1;reputation=1	END	fatigue=1		Treinar na prática.	stat:TEC>=7	END	xp=7;vellum:MARTIAL=1	END	fatigue=1		ACADEMY_Y1_S2	NONE	20
ACAD_005	ACADEMIC	COMMON	VALARYN	Aeloria	Valdora	1	1	12	Prova Parcial	Seu desempenho acadêmico será lembrado. Suas escolhas podem facilitar ou dificultar os próximos semestres.	Estudar com método.	stat:INT>=7	END	xp=8;skillPoint=1;reputation=1	END	fatigue=1		Treinar na prática.	stat:TEC>=7	END	xp=7;vellum:MARTIAL=1	END	fatigue=1		ACADEMY_Y1_S1	NONE	20
ACAD_006	ACADEMIC	COMMON	VALARYN	Aeloria	Valdora	1	183	12	Laboratório de Elyth	Uma técnica precisa ser observada com cuidado. Suas escolhas podem facilitar ou dificultar os próximos semestres.	Estudar com método.	stat:INT>=7	END	xp=8;skillPoint=1;reputation=1	END	fatigue=1		Treinar na prática.	stat:TEC>=7	END	xp=7;vellum:MARTIAL=1	END	fatigue=1		ACADEMY_Y1_S2	NONE	20
ACAD_007	ACADEMIC	COMMON	VALARYN	Aeloria	Valdora	1	1	12	Rivalidade de Turma	Um rival testa sua disciplina. Suas escolhas podem facilitar ou dificultar os próximos semestres.	Estudar com método.	stat:INT>=7	END	xp=8;skillPoint=1;reputation=1;flag:academia_1_1_excel=1	END	fatigue=1		Treinar na prática.	stat:TEC>=7	END	xp=7;vellum:MARTIAL=1	END	fatigue=1		ACADEMY_Y1_S1	NONE	20
ACAD_008	ACADEMIC	COMMON	VALARYN	Aeloria	Valdora	1	183	12	Patrulha Supervisionada	Você acompanha um Valaryn em uma missão. Suas escolhas podem facilitar ou dificultar os próximos semestres.	Estudar com método.	stat:INT>=7	END	xp=8;skillPoint=1;reputation=1	END	fatigue=1		Treinar na prática.	stat:TEC>=7	END	xp=7;vellum:MARTIAL=1	END	fatigue=1		ACADEMY_Y1_S2	NONE	20
ACAD_009	ACADEMIC	COMMON	VALARYN	Aeloria	Valdora	1	1	12	Exame de Semestre	As decisões acumuladas aparecem agora. Suas escolhas podem facilitar ou dificultar os próximos semestres.	Estudar com método.	stat:INT>=7	END	xp=8;skillPoint=1;reputation=1	END	fatigue=1		Treinar na prática.	stat:TEC>=7	END	xp=7;vellum:MARTIAL=1	END	fatigue=1		ACADEMY_Y1_S1	NONE	20
ACAD_010	ACADEMIC	COMMON	VALARYN	Aeloria	Valdora	1	183	12	Preparação para o Exame	A passagem de ano se aproxima. Suas escolhas podem facilitar ou dificultar os próximos semestres.	Estudar com método.	stat:INT>=7	END	xp=8;skillPoint=1;reputation=1	END	fatigue=1		Treinar na prática.	stat:TEC>=7	END	xp=7;vellum:MARTIAL=1	END	fatigue=1		ACADEMY_Y1_S2	NONE	20
ACAD_011	ACADEMIC	COMMON	VALARYN	Aeloria	Valdora	1	1	12	Aula de Fundamentos	O professor exige domínio básico. Suas escolhas podem facilitar ou dificultar os próximos semestres.	Estudar com método.	stat:INT>=7	END	xp=8;skillPoint=1;reputation=1	END	fatigue=1		Treinar na prática.	stat:TEC>=7	END	xp=7;vellum:MARTIAL=1	END	fatigue=1		ACADEMY_Y1_S1	NONE	20
ACAD_012	ACADEMIC	COMMON	VALARYN	Aeloria	Valdora	1	183	12	Treino de Campo	A turma recebe uma tarefa prática. Suas escolhas podem facilitar ou dificultar os próximos semestres.	Estudar com método.	stat:INT>=7	END	xp=8;skillPoint=1;reputation=1	END	fatigue=1		Treinar na prática.	stat:TEC>=7	END	xp=7;vellum:MARTIAL=1	END	fatigue=1		ACADEMY_Y1_S2	NONE	20
ACAD_013	ACADEMIC	COMMON	VALARYN	Aeloria	Valdora	1	1	12	Biblioteca da Academia	Um estudo opcional pode abrir uma nova técnica. Suas escolhas podem facilitar ou dificultar os próximos semestres.	Estudar com método.	stat:INT>=7	END	xp=8;skillPoint=1;reputation=1	END	fatigue=1		Treinar na prática.	stat:TEC>=7	END	xp=7;vellum:MARTIAL=1	END	fatigue=1		ACADEMY_Y1_S1	NONE	20
ACAD_014	ACADEMIC	COMMON	VALARYN	Aeloria	Valdora	1	183	12	Simulação de Combate	A avaliação mede controle e tomada de decisão. Suas escolhas podem facilitar ou dificultar os próximos semestres.	Estudar com método.	stat:INT>=7	END	xp=8;skillPoint=1;reputation=1;flag:academia_1_2_excel=1	END	fatigue=1		Treinar na prática.	stat:TEC>=7	END	xp=7;vellum:MARTIAL=1	END	fatigue=1		ACADEMY_Y1_S2	NONE	20
ACAD_015	ACADEMIC	COMMON	VALARYN	Aeloria	Valdora	1	1	12	Prova Parcial	Seu desempenho acadêmico será lembrado. Suas escolhas podem facilitar ou dificultar os próximos semestres.	Estudar com método.	stat:INT>=7	END	xp=8;skillPoint=1;reputation=1	END	fatigue=1		Treinar na prática.	stat:TEC>=7	END	xp=7;vellum:MARTIAL=1	END	fatigue=1		ACADEMY_Y1_S1	NONE	20
ACAD_016	ACADEMIC	COMMON	VALARYN	Aeloria	Valdora	1	183	12	Laboratório de Elyth	Uma técnica precisa ser observada com cuidado. Suas escolhas podem facilitar ou dificultar os próximos semestres.	Estudar com método.	stat:INT>=7	END	xp=8;skillPoint=1;reputation=1	END	fatigue=1		Treinar na prática.	stat:TEC>=7	END	xp=7;vellum:MARTIAL=1	END	fatigue=1		ACADEMY_Y1_S2	NONE	20
ACAD_017	ACADEMIC	COMMON	VALARYN	Aeloria	Valdora	1	1	12	Rivalidade de Turma	Um rival testa sua disciplina. Suas escolhas podem facilitar ou dificultar os próximos semestres.	Estudar com método.	stat:INT>=7	END	xp=8;skillPoint=1;reputation=1	END	fatigue=1		Treinar na prática.	stat:TEC>=7	END	xp=7;vellum:MARTIAL=1	END	fatigue=1		ACADEMY_Y1_S1	NONE	20
ACAD_018	ACADEMIC	COMMON	VALARYN	Aeloria	Valdora	1	183	12	Patrulha Supervisionada	Você acompanha um Valaryn em uma missão. Suas escolhas podem facilitar ou dificultar os próximos semestres.	Estudar com método.	stat:INT>=7	END	xp=8;skillPoint=1;reputation=1	END	fatigue=1		Treinar na prática.	stat:TEC>=7	END	xp=7;vellum:MARTIAL=1	END	fatigue=1		ACADEMY_Y1_S2	NONE	20
ACAD_019	ACADEMIC	COMMON	VALARYN	Aeloria	Valdora	1	1	12	Exame de Semestre	As decisões acumuladas aparecem agora. Suas escolhas podem facilitar ou dificultar os próximos semestres.	Estudar com método.	stat:INT>=7	END	xp=8;skillPoint=1;reputation=1	END	fatigue=1		Treinar na prática.	stat:TEC>=7	END	xp=7;vellum:MARTIAL=1	END	fatigue=1		ACADEMY_Y1_S1	NONE	20
ACAD_020	ACADEMIC	COMMON	VALARYN	Aeloria	Valdora	1	183	12	Preparação para o Exame	A passagem de ano se aproxima. Suas escolhas podem facilitar ou dificultar os próximos semestres.	Estudar com método.	stat:INT>=7	END	xp=8;skillPoint=1;reputation=1	END	fatigue=1		Treinar na prática.	stat:TEC>=7	END	xp=7;vellum:MARTIAL=1	END	fatigue=1		ACADEMY_Y1_S2	NONE	20
ACAD_021	ACADEMIC	COMMON	VALARYN	Aeloria	Valdora	1	1	12	Aula de Fundamentos	O professor exige domínio básico. Suas escolhas podem facilitar ou dificultar os próximos semestres.	Estudar com método.	stat:INT>=7	END	xp=8;skillPoint=1;reputation=1;flag:academia_1_1_excel=1	END	fatigue=1		Treinar na prática.	stat:TEC>=7	END	xp=7;vellum:MARTIAL=1	END	fatigue=1		ACADEMY_Y1_S1	NONE	20
ACAD_022	ACADEMIC	COMMON	VALARYN	Aeloria	Valdora	1	183	12	Treino de Campo	A turma recebe uma tarefa prática. Suas escolhas podem facilitar ou dificultar os próximos semestres.	Estudar com método.	stat:INT>=7	END	xp=8;skillPoint=1;reputation=1	END	fatigue=1		Treinar na prática.	stat:TEC>=7	END	xp=7;vellum:MARTIAL=1	END	fatigue=1		ACADEMY_Y1_S2	NONE	20
ACAD_023	ACADEMIC	COMMON	VALARYN	Aeloria	Valdora	1	1	12	Biblioteca da Academia	Um estudo opcional pode abrir uma nova técnica. Suas escolhas podem facilitar ou dificultar os próximos semestres.	Estudar com método.	stat:INT>=7	END	xp=8;skillPoint=1;reputation=1	END	fatigue=1		Treinar na prática.	stat:TEC>=7	END	xp=7;vellum:MARTIAL=1	END	fatigue=1		ACADEMY_Y1_S1	NONE	20
ACAD_024	ACADEMIC	COMMON	VALARYN	Aeloria	Valdora	1	183	12	Simulação de Combate	A avaliação mede controle e tomada de decisão. Suas escolhas podem facilitar ou dificultar os próximos semestres.	Estudar com método.	stat:INT>=7	END	xp=8;skillPoint=1;reputation=1	END	fatigue=1		Treinar na prática.	stat:TEC>=7	END	xp=7;vellum:MARTIAL=1	END	fatigue=1		ACADEMY_Y1_S2	NONE	20
ACAD_025	ACADEMIC	COMMON	VALARYN	Aeloria	Valdora	1	1	12	Prova Parcial	Seu desempenho acadêmico será lembrado. Suas escolhas podem facilitar ou dificultar os próximos semestres.	Estudar com método.	stat:INT>=7	END	xp=8;skillPoint=1;reputation=1	END	fatigue=1		Treinar na prática.	stat:TEC>=7	END	xp=7;vellum:MARTIAL=1	END	fatigue=1		ACADEMY_Y1_S1	NONE	20
ACAD_026	ACADEMIC	COMMON	VALARYN	Aeloria	Valdora	1	183	12	Laboratório de Elyth	Uma técnica precisa ser observada com cuidado. Suas escolhas podem facilitar ou dificultar os próximos semestres.	Estudar com método.	stat:INT>=7	END	xp=8;skillPoint=1;reputation=1	END	fatigue=1		Treinar na prática.	stat:TEC>=7	END	xp=7;vellum:MARTIAL=1	END	fatigue=1		ACADEMY_Y1_S2	NONE	20
ACAD_027	ACADEMIC	COMMON	VALARYN	Aeloria	Valdora	1	1	12	Rivalidade de Turma	Um rival testa sua disciplina. Suas escolhas podem facilitar ou dificultar os próximos semestres.	Estudar com método.	stat:INT>=7	END	xp=8;skillPoint=1;reputation=1	END	fatigue=1		Treinar na prática.	stat:TEC>=7	END	xp=7;vellum:MARTIAL=1	END	fatigue=1		ACADEMY_Y1_S1	NONE	20
ACAD_028	ACADEMIC	COMMON	VALARYN	Aeloria	Valdora	1	183	12	Patrulha Supervisionada	Você acompanha um Valaryn em uma missão. Suas escolhas podem facilitar ou dificultar os próximos semestres.	Estudar com método.	stat:INT>=7	END	xp=8;skillPoint=1;reputation=1;flag:academia_1_2_excel=1	END	fatigue=1		Treinar na prática.	stat:TEC>=7	END	xp=7;vellum:MARTIAL=1	END	fatigue=1		ACADEMY_Y1_S2	NONE	20
ACAD_029	ACADEMIC	COMMON	VALARYN	Aeloria	Valdora	1	1	12	Exame de Semestre	As decisões acumuladas aparecem agora. Suas escolhas podem facilitar ou dificultar os próximos semestres.	Estudar com método.	stat:INT>=7	END	xp=8;skillPoint=1;reputation=1	END	fatigue=1		Treinar na prática.	stat:TEC>=7	END	xp=7;vellum:MARTIAL=1	END	fatigue=1		ACADEMY_Y1_S1	NONE	20
ACAD_030	ACADEMIC	COMMON	VALARYN	Aeloria	Valdora	1	183	12	Preparação para o Exame	A passagem de ano se aproxima. Suas escolhas podem facilitar ou dificultar os próximos semestres.	Estudar com método.	stat:INT>=7	END	xp=8;skillPoint=1;reputation=1	END	fatigue=1		Treinar na prática.	stat:TEC>=7	END	xp=7;vellum:MARTIAL=1	END	fatigue=1		ACADEMY_Y1_S2	NONE	20
ACAD_031	ACADEMIC	COMMON	VALARYN	Aeloria	Valdora	1	1	12	Aula de Fundamentos	O professor exige domínio básico. Suas escolhas podem facilitar ou dificultar os próximos semestres.	Estudar com método.	stat:INT>=7	END	xp=8;skillPoint=1;reputation=1	END	fatigue=1		Treinar na prática.	stat:TEC>=7	END	xp=7;vellum:MARTIAL=1	END	fatigue=1		ACADEMY_Y1_S1	NONE	20
ACAD_032	ACADEMIC	COMMON	VALARYN	Aeloria	Valdora	1	183	12	Treino de Campo	A turma recebe uma tarefa prática. Suas escolhas podem facilitar ou dificultar os próximos semestres.	Estudar com método.	stat:INT>=7	END	xp=8;skillPoint=1;reputation=1	END	fatigue=1		Treinar na prática.	stat:TEC>=7	END	xp=7;vellum:MARTIAL=1	END	fatigue=1		ACADEMY_Y1_S2	NONE	20
ACAD_033	ACADEMIC	COMMON	VALARYN	Aeloria	Valdora	1	1	12	Biblioteca da Academia	Um estudo opcional pode abrir uma nova técnica. Suas escolhas podem facilitar ou dificultar os próximos semestres.	Estudar com método.	stat:INT>=7	END	xp=8;skillPoint=1;reputation=1	END	fatigue=1		Treinar na prática.	stat:TEC>=7	END	xp=7;vellum:MARTIAL=1	END	fatigue=1		ACADEMY_Y1_S1	NONE	20
ACAD_034	ACADEMIC	COMMON	VALARYN	Aeloria	Valdora	1	183	12	Simulação de Combate	A avaliação mede controle e tomada de decisão. Suas escolhas podem facilitar ou dificultar os próximos semestres.	Estudar com método.	stat:INT>=7	END	xp=8;skillPoint=1;reputation=1	END	fatigue=1		Treinar na prática.	stat:TEC>=7	END	xp=7;vellum:MARTIAL=1	END	fatigue=1		ACADEMY_Y1_S2	NONE	20
ACAD_035	ACADEMIC	COMMON	VALARYN	Aeloria	Valdora	1	366	12	Prova Parcial	Seu desempenho acadêmico será lembrado. Suas escolhas podem facilitar ou dificultar os próximos semestres.	Estudar com método.	stat:INT>=7	END	xp=8;skillPoint=1;reputation=1;flag:academia_2_1_excel=1	END	fatigue=1		Treinar na prática.	stat:TEC>=7	END	xp=7;vellum:MARTIAL=1	END	fatigue=1		ACADEMY_Y2_S1	NONE	20
ACAD_036	ACADEMIC	COMMON	VALARYN	Aeloria	Valdora	1	548	12	Laboratório de Elyth	Uma técnica precisa ser observada com cuidado. Suas escolhas podem facilitar ou dificultar os próximos semestres.	Estudar com método.	stat:INT>=7	END	xp=8;skillPoint=1;reputation=1	END	fatigue=1		Treinar na prática.	stat:TEC>=7	END	xp=7;vellum:MARTIAL=1	END	fatigue=1		ACADEMY_Y2_S2	NONE	20
ACAD_037	ACADEMIC	COMMON	VALARYN	Aeloria	Valdora	1	366	12	Rivalidade de Turma	Um rival testa sua disciplina. Suas escolhas podem facilitar ou dificultar os próximos semestres.	Estudar com método.	stat:INT>=7	END	xp=8;skillPoint=1;reputation=1	END	fatigue=1		Treinar na prática.	stat:TEC>=7	END	xp=7;vellum:MARTIAL=1	END	fatigue=1		ACADEMY_Y2_S1	NONE	20
ACAD_038	ACADEMIC	COMMON	VALARYN	Aeloria	Valdora	1	548	12	Patrulha Supervisionada	Você acompanha um Valaryn em uma missão. Suas escolhas podem facilitar ou dificultar os próximos semestres.	Estudar com método.	stat:INT>=7	END	xp=8;skillPoint=1;reputation=1	END	fatigue=1		Treinar na prática.	stat:TEC>=7	END	xp=7;vellum:MARTIAL=1	END	fatigue=1		ACADEMY_Y2_S2	NONE	20
ACAD_039	ACADEMIC	COMMON	VALARYN	Aeloria	Valdora	1	366	12	Exame de Semestre	As decisões acumuladas aparecem agora. Suas escolhas podem facilitar ou dificultar os próximos semestres.	Estudar com método.	stat:INT>=7	END	xp=8;skillPoint=1;reputation=1	END	fatigue=1		Treinar na prática.	stat:TEC>=7	END	xp=7;vellum:MARTIAL=1	END	fatigue=1		ACADEMY_Y2_S1	NONE	20
ACAD_040	ACADEMIC	COMMON	VALARYN	Aeloria	Valdora	1	548	12	Preparação para o Exame	A passagem de ano se aproxima. Suas escolhas podem facilitar ou dificultar os próximos semestres.	Estudar com método.	stat:INT>=7	END	xp=8;skillPoint=1;reputation=1	END	fatigue=1		Treinar na prática.	stat:TEC>=7	END	xp=7;vellum:MARTIAL=1	END	fatigue=1		ACADEMY_Y2_S2	NONE	20
ACAD_041	ACADEMIC	COMMON	VALARYN	Aeloria	Valdora	1	366	12	Aula de Fundamentos	O professor exige domínio básico. Suas escolhas podem facilitar ou dificultar os próximos semestres.	Estudar com método.	stat:INT>=7	END	xp=8;skillPoint=1;reputation=1	END	fatigue=1		Treinar na prática.	stat:TEC>=7	END	xp=7;vellum:MARTIAL=1	END	fatigue=1		ACADEMY_Y2_S1	NONE	20
ACAD_042	ACADEMIC	COMMON	VALARYN	Aeloria	Valdora	1	548	12	Treino de Campo	A turma recebe uma tarefa prática. Suas escolhas podem facilitar ou dificultar os próximos semestres.	Estudar com método.	stat:INT>=7	END	xp=8;skillPoint=1;reputation=1;flag:academia_2_2_excel=1	END	fatigue=1		Treinar na prática.	stat:TEC>=7	END	xp=7;vellum:MARTIAL=1	END	fatigue=1		ACADEMY_Y2_S2	NONE	20
ACAD_043	ACADEMIC	COMMON	VALARYN	Aeloria	Valdora	1	366	12	Biblioteca da Academia	Um estudo opcional pode abrir uma nova técnica. Suas escolhas podem facilitar ou dificultar os próximos semestres.	Estudar com método.	stat:INT>=7	END	xp=8;skillPoint=1;reputation=1	END	fatigue=1		Treinar na prática.	stat:TEC>=7	END	xp=7;vellum:MARTIAL=1	END	fatigue=1		ACADEMY_Y2_S1	NONE	20
ACAD_044	ACADEMIC	COMMON	VALARYN	Aeloria	Valdora	1	548	12	Simulação de Combate	A avaliação mede controle e tomada de decisão. Suas escolhas podem facilitar ou dificultar os próximos semestres.	Estudar com método.	stat:INT>=7	END	xp=8;skillPoint=1;reputation=1	END	fatigue=1		Treinar na prática.	stat:TEC>=7	END	xp=7;vellum:MARTIAL=1	END	fatigue=1		ACADEMY_Y2_S2	NONE	20
ACAD_045	ACADEMIC	COMMON	VALARYN	Aeloria	Valdora	1	366	12	Prova Parcial	Seu desempenho acadêmico será lembrado. Suas escolhas podem facilitar ou dificultar os próximos semestres.	Estudar com método.	stat:INT>=7	END	xp=8;skillPoint=1;reputation=1	END	fatigue=1		Treinar na prática.	stat:TEC>=7	END	xp=7;vellum:MARTIAL=1	END	fatigue=1		ACADEMY_Y2_S1	NONE	20
ACAD_046	ACADEMIC	COMMON	VALARYN	Aeloria	Valdora	1	548	12	Laboratório de Elyth	Uma técnica precisa ser observada com cuidado. Suas escolhas podem facilitar ou dificultar os próximos semestres.	Estudar com método.	stat:INT>=7	END	xp=8;skillPoint=1;reputation=1	END	fatigue=1		Treinar na prática.	stat:TEC>=7	END	xp=7;vellum:MARTIAL=1	END	fatigue=1		ACADEMY_Y2_S2	NONE	20
ACAD_047	ACADEMIC	COMMON	VALARYN	Aeloria	Valdora	1	366	12	Rivalidade de Turma	Um rival testa sua disciplina. Suas escolhas podem facilitar ou dificultar os próximos semestres.	Estudar com método.	stat:INT>=7	END	xp=8;skillPoint=1;reputation=1	END	fatigue=1		Treinar na prática.	stat:TEC>=7	END	xp=7;vellum:MARTIAL=1	END	fatigue=1		ACADEMY_Y2_S1	NONE	20
ACAD_048	ACADEMIC	COMMON	VALARYN	Aeloria	Valdora	1	548	12	Patrulha Supervisionada	Você acompanha um Valaryn em uma missão. Suas escolhas podem facilitar ou dificultar os próximos semestres.	Estudar com método.	stat:INT>=7	END	xp=8;skillPoint=1;reputation=1	END	fatigue=1		Treinar na prática.	stat:TEC>=7	END	xp=7;vellum:MARTIAL=1	END	fatigue=1		ACADEMY_Y2_S2	NONE	20
ACAD_049	ACADEMIC	COMMON	VALARYN	Aeloria	Valdora	1	366	12	Exame de Semestre	As decisões acumuladas aparecem agora. Suas escolhas podem facilitar ou dificultar os próximos semestres.	Estudar com método.	stat:INT>=7	END	xp=8;skillPoint=1;reputation=1;flag:academia_2_1_excel=1	END	fatigue=1		Treinar na prática.	stat:TEC>=7	END	xp=7;vellum:MARTIAL=1	END	fatigue=1		ACADEMY_Y2_S1	NONE	20
ACAD_050	ACADEMIC	COMMON	VALARYN	Aeloria	Valdora	1	548	12	Preparação para o Exame	A passagem de ano se aproxima. Suas escolhas podem facilitar ou dificultar os próximos semestres.	Estudar com método.	stat:INT>=7	END	xp=8;skillPoint=1;reputation=1	END	fatigue=1		Treinar na prática.	stat:TEC>=7	END	xp=7;vellum:MARTIAL=1	END	fatigue=1		ACADEMY_Y2_S2	NONE	20
ACAD_051	ACADEMIC	COMMON	VALARYN	Aeloria	Valdora	1	366	12	Aula de Fundamentos	O professor exige domínio básico. Suas escolhas podem facilitar ou dificultar os próximos semestres.	Estudar com método.	stat:INT>=7	END	xp=8;skillPoint=1;reputation=1	END	fatigue=1		Treinar na prática.	stat:TEC>=7	END	xp=7;vellum:MARTIAL=1	END	fatigue=1		ACADEMY_Y2_S1	NONE	20
ACAD_052	ACADEMIC	COMMON	VALARYN	Aeloria	Valdora	1	548	12	Treino de Campo	A turma recebe uma tarefa prática. Suas escolhas podem facilitar ou dificultar os próximos semestres.	Estudar com método.	stat:INT>=7	END	xp=8;skillPoint=1;reputation=1	END	fatigue=1		Treinar na prática.	stat:TEC>=7	END	xp=7;vellum:MARTIAL=1	END	fatigue=1		ACADEMY_Y2_S2	NONE	20
ACAD_053	ACADEMIC	COMMON	VALARYN	Aeloria	Valdora	1	366	12	Biblioteca da Academia	Um estudo opcional pode abrir uma nova técnica. Suas escolhas podem facilitar ou dificultar os próximos semestres.	Estudar com método.	stat:INT>=7	END	xp=8;skillPoint=1;reputation=1	END	fatigue=1		Treinar na prática.	stat:TEC>=7	END	xp=7;vellum:MARTIAL=1	END	fatigue=1		ACADEMY_Y2_S1	NONE	20
ACAD_054	ACADEMIC	COMMON	VALARYN	Aeloria	Valdora	1	548	12	Simulação de Combate	A avaliação mede controle e tomada de decisão. Suas escolhas podem facilitar ou dificultar os próximos semestres.	Estudar com método.	stat:INT>=7	END	xp=8;skillPoint=1;reputation=1	END	fatigue=1		Treinar na prática.	stat:TEC>=7	END	xp=7;vellum:MARTIAL=1	END	fatigue=1		ACADEMY_Y2_S2	NONE	20
ACAD_055	ACADEMIC	COMMON	VALARYN	Aeloria	Valdora	1	366	12	Prova Parcial	Seu desempenho acadêmico será lembrado. Suas escolhas podem facilitar ou dificultar os próximos semestres.	Estudar com método.	stat:INT>=7	END	xp=8;skillPoint=1;reputation=1	END	fatigue=1		Treinar na prática.	stat:TEC>=7	END	xp=7;vellum:MARTIAL=1	END	fatigue=1		ACADEMY_Y2_S1	NONE	20
ACAD_056	ACADEMIC	COMMON	VALARYN	Aeloria	Valdora	1	548	12	Laboratório de Elyth	Uma técnica precisa ser observada com cuidado. Suas escolhas podem facilitar ou dificultar os próximos semestres.	Estudar com método.	stat:INT>=7	END	xp=8;skillPoint=1;reputation=1;flag:academia_2_2_excel=1	END	fatigue=1		Treinar na prática.	stat:TEC>=7	END	xp=7;vellum:MARTIAL=1	END	fatigue=1		ACADEMY_Y2_S2	NONE	20
ACAD_057	ACADEMIC	COMMON	VALARYN	Aeloria	Valdora	1	366	12	Rivalidade de Turma	Um rival testa sua disciplina. Suas escolhas podem facilitar ou dificultar os próximos semestres.	Estudar com método.	stat:INT>=7	END	xp=8;skillPoint=1;reputation=1	END	fatigue=1		Treinar na prática.	stat:TEC>=7	END	xp=7;vellum:MARTIAL=1	END	fatigue=1		ACADEMY_Y2_S1	NONE	20
ACAD_058	ACADEMIC	COMMON	VALARYN	Aeloria	Valdora	1	548	12	Patrulha Supervisionada	Você acompanha um Valaryn em uma missão. Suas escolhas podem facilitar ou dificultar os próximos semestres.	Estudar com método.	stat:INT>=7	END	xp=8;skillPoint=1;reputation=1	END	fatigue=1		Treinar na prática.	stat:TEC>=7	END	xp=7;vellum:MARTIAL=1	END	fatigue=1		ACADEMY_Y2_S2	NONE	20
ACAD_059	ACADEMIC	COMMON	VALARYN	Aeloria	Valdora	1	366	12	Exame de Semestre	As decisões acumuladas aparecem agora. Suas escolhas podem facilitar ou dificultar os próximos semestres.	Estudar com método.	stat:INT>=7	END	xp=8;skillPoint=1;reputation=1	END	fatigue=1		Treinar na prática.	stat:TEC>=7	END	xp=7;vellum:MARTIAL=1	END	fatigue=1		ACADEMY_Y2_S1	NONE	20
ACAD_060	ACADEMIC	COMMON	VALARYN	Aeloria	Valdora	1	548	12	Preparação para o Exame	A passagem de ano se aproxima. Suas escolhas podem facilitar ou dificultar os próximos semestres.	Estudar com método.	stat:INT>=7	END	xp=8;skillPoint=1;reputation=1	END	fatigue=1		Treinar na prática.	stat:TEC>=7	END	xp=7;vellum:MARTIAL=1	END	fatigue=1		ACADEMY_Y2_S2	NONE	20
ACAD_061	ACADEMIC	COMMON	VALARYN	Aeloria	Valdora	1	366	12	Aula de Fundamentos	O professor exige domínio básico. Suas escolhas podem facilitar ou dificultar os próximos semestres.	Estudar com método.	stat:INT>=7	END	xp=8;skillPoint=1;reputation=1	END	fatigue=1		Treinar na prática.	stat:TEC>=7	END	xp=7;vellum:MARTIAL=1	END	fatigue=1		ACADEMY_Y2_S1	NONE	20
ACAD_062	ACADEMIC	COMMON	VALARYN	Aeloria	Valdora	1	548	12	Treino de Campo	A turma recebe uma tarefa prática. Suas escolhas podem facilitar ou dificultar os próximos semestres.	Estudar com método.	stat:INT>=7	END	xp=8;skillPoint=1;reputation=1	END	fatigue=1		Treinar na prática.	stat:TEC>=7	END	xp=7;vellum:MARTIAL=1	END	fatigue=1		ACADEMY_Y2_S2	NONE	20
ACAD_063	ACADEMIC	COMMON	VALARYN	Aeloria	Valdora	1	366	12	Biblioteca da Academia	Um estudo opcional pode abrir uma nova técnica. Suas escolhas podem facilitar ou dificultar os próximos semestres.	Estudar com método.	stat:INT>=7	END	xp=8;skillPoint=1;reputation=1;flag:academia_2_1_excel=1	END	fatigue=1		Treinar na prática.	stat:TEC>=7	END	xp=7;vellum:MARTIAL=1	END	fatigue=1		ACADEMY_Y2_S1	NONE	20
ACAD_064	ACADEMIC	COMMON	VALARYN	Aeloria	Valdora	1	548	12	Simulação de Combate	A avaliação mede controle e tomada de decisão. Suas escolhas podem facilitar ou dificultar os próximos semestres.	Estudar com método.	stat:INT>=7	END	xp=8;skillPoint=1;reputation=1	END	fatigue=1		Treinar na prática.	stat:TEC>=7	END	xp=7;vellum:MARTIAL=1	END	fatigue=1		ACADEMY_Y2_S2	NONE	20
ACAD_065	ACADEMIC	COMMON	VALARYN	Aeloria	Valdora	1	366	12	Prova Parcial	Seu desempenho acadêmico será lembrado. Suas escolhas podem facilitar ou dificultar os próximos semestres.	Estudar com método.	stat:INT>=7	END	xp=8;skillPoint=1;reputation=1	END	fatigue=1		Treinar na prática.	stat:TEC>=7	END	xp=7;vellum:MARTIAL=1	END	fatigue=1		ACADEMY_Y2_S1	NONE	20
ACAD_066	ACADEMIC	COMMON	VALARYN	Aeloria	Valdora	1	548	12	Laboratório de Elyth	Uma técnica precisa ser observada com cuidado. Suas escolhas podem facilitar ou dificultar os próximos semestres.	Estudar com método.	stat:INT>=7	END	xp=8;skillPoint=1;reputation=1	END	fatigue=1		Treinar na prática.	stat:TEC>=7	END	xp=7;vellum:MARTIAL=1	END	fatigue=1		ACADEMY_Y2_S2	NONE	20
ACAD_067	ACADEMIC	COMMON	VALARYN	Aeloria	Valdora	1	366	12	Rivalidade de Turma	Um rival testa sua disciplina. Suas escolhas podem facilitar ou dificultar os próximos semestres.	Estudar com método.	stat:INT>=7	END	xp=8;skillPoint=1;reputation=1	END	fatigue=1		Treinar na prática.	stat:TEC>=7	END	xp=7;vellum:MARTIAL=1	END	fatigue=1		ACADEMY_Y2_S1	NONE	20
ACAD_068	ACADEMIC	COMMON	VALARYN	Aeloria	Valdora	1	913	12	Patrulha Supervisionada	Você acompanha um Valaryn em uma missão. Suas escolhas podem facilitar ou dificultar os próximos semestres.	Estudar com método.	stat:INT>=7	END	xp=8;skillPoint=1;reputation=1	END	fatigue=1		Treinar na prática.	stat:TEC>=7	END	xp=7;vellum:MARTIAL=1	END	fatigue=1		ACADEMY_Y3_S2	NONE	20
ACAD_069	ACADEMIC	COMMON	VALARYN	Aeloria	Valdora	1	731	12	Exame de Semestre	As decisões acumuladas aparecem agora. Suas escolhas podem facilitar ou dificultar os próximos semestres.	Estudar com método.	stat:INT>=7	END	xp=8;skillPoint=1;reputation=1	END	fatigue=1		Treinar na prática.	stat:TEC>=7	END	xp=7;vellum:MARTIAL=1	END	fatigue=1		ACADEMY_Y3_S1	NONE	20
ACAD_070	ACADEMIC	COMMON	VALARYN	Aeloria	Valdora	1	913	12	Preparação para o Exame	A passagem de ano se aproxima. Suas escolhas podem facilitar ou dificultar os próximos semestres.	Estudar com método.	stat:INT>=7	END	xp=8;skillPoint=1;reputation=1;flag:academia_3_2_excel=1	END	fatigue=1		Treinar na prática.	stat:TEC>=7	END	xp=7;vellum:MARTIAL=1	END	fatigue=1		ACADEMY_Y3_S2	NONE	20
ACAD_071	ACADEMIC	COMMON	VALARYN	Aeloria	Valdora	1	731	12	Aula de Fundamentos	O professor exige domínio básico. Suas escolhas podem facilitar ou dificultar os próximos semestres.	Estudar com método.	stat:INT>=7	END	xp=8;skillPoint=1;reputation=1	END	fatigue=1		Treinar na prática.	stat:TEC>=7	END	xp=7;vellum:MARTIAL=1	END	fatigue=1		ACADEMY_Y3_S1	NONE	20
ACAD_072	ACADEMIC	COMMON	VALARYN	Aeloria	Valdora	1	913	12	Treino de Campo	A turma recebe uma tarefa prática. Suas escolhas podem facilitar ou dificultar os próximos semestres.	Estudar com método.	stat:INT>=7	END	xp=8;skillPoint=1;reputation=1	END	fatigue=1		Treinar na prática.	stat:TEC>=7	END	xp=7;vellum:MARTIAL=1	END	fatigue=1		ACADEMY_Y3_S2	NONE	20
ACAD_073	ACADEMIC	COMMON	VALARYN	Aeloria	Valdora	1	731	12	Biblioteca da Academia	Um estudo opcional pode abrir uma nova técnica. Suas escolhas podem facilitar ou dificultar os próximos semestres.	Estudar com método.	stat:INT>=7	END	xp=8;skillPoint=1;reputation=1	END	fatigue=1		Treinar na prática.	stat:TEC>=7	END	xp=7;vellum:MARTIAL=1	END	fatigue=1		ACADEMY_Y3_S1	NONE	20
ACAD_074	ACADEMIC	COMMON	VALARYN	Aeloria	Valdora	1	913	12	Simulação de Combate	A avaliação mede controle e tomada de decisão. Suas escolhas podem facilitar ou dificultar os próximos semestres.	Estudar com método.	stat:INT>=7	END	xp=8;skillPoint=1;reputation=1	END	fatigue=1		Treinar na prática.	stat:TEC>=7	END	xp=7;vellum:MARTIAL=1	END	fatigue=1		ACADEMY_Y3_S2	NONE	20
ACAD_075	ACADEMIC	COMMON	VALARYN	Aeloria	Valdora	1	731	12	Prova Parcial	Seu desempenho acadêmico será lembrado. Suas escolhas podem facilitar ou dificultar os próximos semestres.	Estudar com método.	stat:INT>=7	END	xp=8;skillPoint=1;reputation=1	END	fatigue=1		Treinar na prática.	stat:TEC>=7	END	xp=7;vellum:MARTIAL=1	END	fatigue=1		ACADEMY_Y3_S1	NONE	20
ACAD_076	ACADEMIC	COMMON	VALARYN	Aeloria	Valdora	1	913	12	Laboratório de Elyth	Uma técnica precisa ser observada com cuidado. Suas escolhas podem facilitar ou dificultar os próximos semestres.	Estudar com método.	stat:INT>=7	END	xp=8;skillPoint=1;reputation=1	END	fatigue=1		Treinar na prática.	stat:TEC>=7	END	xp=7;vellum:MARTIAL=1	END	fatigue=1		ACADEMY_Y3_S2	NONE	20
ACAD_077	ACADEMIC	COMMON	VALARYN	Aeloria	Valdora	1	731	12	Rivalidade de Turma	Um rival testa sua disciplina. Suas escolhas podem facilitar ou dificultar os próximos semestres.	Estudar com método.	stat:INT>=7	END	xp=8;skillPoint=1;reputation=1;flag:academia_3_1_excel=1	END	fatigue=1		Treinar na prática.	stat:TEC>=7	END	xp=7;vellum:MARTIAL=1	END	fatigue=1		ACADEMY_Y3_S1	NONE	20
ACAD_078	ACADEMIC	COMMON	VALARYN	Aeloria	Valdora	1	913	12	Patrulha Supervisionada	Você acompanha um Valaryn em uma missão. Suas escolhas podem facilitar ou dificultar os próximos semestres.	Estudar com método.	stat:INT>=7	END	xp=8;skillPoint=1;reputation=1	END	fatigue=1		Treinar na prática.	stat:TEC>=7	END	xp=7;vellum:MARTIAL=1	END	fatigue=1		ACADEMY_Y3_S2	NONE	20
ACAD_079	ACADEMIC	COMMON	VALARYN	Aeloria	Valdora	1	731	12	Exame de Semestre	As decisões acumuladas aparecem agora. Suas escolhas podem facilitar ou dificultar os próximos semestres.	Estudar com método.	stat:INT>=7	END	xp=8;skillPoint=1;reputation=1	END	fatigue=1		Treinar na prática.	stat:TEC>=7	END	xp=7;vellum:MARTIAL=1	END	fatigue=1		ACADEMY_Y3_S1	NONE	20
ACAD_080	ACADEMIC	COMMON	VALARYN	Aeloria	Valdora	1	913	12	Preparação para o Exame	A passagem de ano se aproxima. Suas escolhas podem facilitar ou dificultar os próximos semestres.	Estudar com método.	stat:INT>=7	END	xp=8;skillPoint=1;reputation=1	END	fatigue=1		Treinar na prática.	stat:TEC>=7	END	xp=7;vellum:MARTIAL=1	END	fatigue=1		ACADEMY_Y3_S2	NONE	20
ACAD_081	ACADEMIC	COMMON	VALARYN	Aeloria	Valdora	1	731	12	Aula de Fundamentos	O professor exige domínio básico. Suas escolhas podem facilitar ou dificultar os próximos semestres.	Estudar com método.	stat:INT>=7	END	xp=8;skillPoint=1;reputation=1	END	fatigue=1		Treinar na prática.	stat:TEC>=7	END	xp=7;vellum:MARTIAL=1	END	fatigue=1		ACADEMY_Y3_S1	NONE	20
ACAD_082	ACADEMIC	COMMON	VALARYN	Aeloria	Valdora	1	913	12	Treino de Campo	A turma recebe uma tarefa prática. Suas escolhas podem facilitar ou dificultar os próximos semestres.	Estudar com método.	stat:INT>=7	END	xp=8;skillPoint=1;reputation=1	END	fatigue=1		Treinar na prática.	stat:TEC>=7	END	xp=7;vellum:MARTIAL=1	END	fatigue=1		ACADEMY_Y3_S2	NONE	20
ACAD_083	ACADEMIC	COMMON	VALARYN	Aeloria	Valdora	1	731	12	Biblioteca da Academia	Um estudo opcional pode abrir uma nova técnica. Suas escolhas podem facilitar ou dificultar os próximos semestres.	Estudar com método.	stat:INT>=7	END	xp=8;skillPoint=1;reputation=1	END	fatigue=1		Treinar na prática.	stat:TEC>=7	END	xp=7;vellum:MARTIAL=1	END	fatigue=1		ACADEMY_Y3_S1	NONE	20
ACAD_084	ACADEMIC	COMMON	VALARYN	Aeloria	Valdora	1	913	12	Simulação de Combate	A avaliação mede controle e tomada de decisão. Suas escolhas podem facilitar ou dificultar os próximos semestres.	Estudar com método.	stat:INT>=7	END	xp=8;skillPoint=1;reputation=1;flag:academia_3_2_excel=1	END	fatigue=1		Treinar na prática.	stat:TEC>=7	END	xp=7;vellum:MARTIAL=1	END	fatigue=1		ACADEMY_Y3_S2	NONE	20
ACAD_085	ACADEMIC	COMMON	VALARYN	Aeloria	Valdora	1	731	12	Prova Parcial	Seu desempenho acadêmico será lembrado. Suas escolhas podem facilitar ou dificultar os próximos semestres.	Estudar com método.	stat:INT>=7	END	xp=8;skillPoint=1;reputation=1	END	fatigue=1		Treinar na prática.	stat:TEC>=7	END	xp=7;vellum:MARTIAL=1	END	fatigue=1		ACADEMY_Y3_S1	NONE	20
ACAD_086	ACADEMIC	COMMON	VALARYN	Aeloria	Valdora	1	913	12	Laboratório de Elyth	Uma técnica precisa ser observada com cuidado. Suas escolhas podem facilitar ou dificultar os próximos semestres.	Estudar com método.	stat:INT>=7	END	xp=8;skillPoint=1;reputation=1	END	fatigue=1		Treinar na prática.	stat:TEC>=7	END	xp=7;vellum:MARTIAL=1	END	fatigue=1		ACADEMY_Y3_S2	NONE	20
ACAD_087	ACADEMIC	COMMON	VALARYN	Aeloria	Valdora	1	731	12	Rivalidade de Turma	Um rival testa sua disciplina. Suas escolhas podem facilitar ou dificultar os próximos semestres.	Estudar com método.	stat:INT>=7	END	xp=8;skillPoint=1;reputation=1	END	fatigue=1		Treinar na prática.	stat:TEC>=7	END	xp=7;vellum:MARTIAL=1	END	fatigue=1		ACADEMY_Y3_S1	NONE	20
ACAD_088	ACADEMIC	COMMON	VALARYN	Aeloria	Valdora	1	913	12	Patrulha Supervisionada	Você acompanha um Valaryn em uma missão. Suas escolhas podem facilitar ou dificultar os próximos semestres.	Estudar com método.	stat:INT>=7	END	xp=8;skillPoint=1;reputation=1	END	fatigue=1		Treinar na prática.	stat:TEC>=7	END	xp=7;vellum:MARTIAL=1	END	fatigue=1		ACADEMY_Y3_S2	NONE	20
ACAD_089	ACADEMIC	COMMON	VALARYN	Aeloria	Valdora	1	731	12	Exame de Semestre	As decisões acumuladas aparecem agora. Suas escolhas podem facilitar ou dificultar os próximos semestres.	Estudar com método.	stat:INT>=7	END	xp=8;skillPoint=1;reputation=1	END	fatigue=1		Treinar na prática.	stat:TEC>=7	END	xp=7;vellum:MARTIAL=1	END	fatigue=1		ACADEMY_Y3_S1	NONE	20
ACAD_090	ACADEMIC	COMMON	VALARYN	Aeloria	Valdora	1	913	12	Preparação para o Exame	A passagem de ano se aproxima. Suas escolhas podem facilitar ou dificultar os próximos semestres.	Estudar com método.	stat:INT>=7	END	xp=8;skillPoint=1;reputation=1	END	fatigue=1		Treinar na prática.	stat:TEC>=7	END	xp=7;vellum:MARTIAL=1	END	fatigue=1		ACADEMY_Y3_S2	NONE	20
ACAD_091	ACADEMIC	COMMON	VALARYN	Aeloria	Valdora	1	731	12	Aula de Fundamentos	O professor exige domínio básico. Suas escolhas podem facilitar ou dificultar os próximos semestres.	Estudar com método.	stat:INT>=7	END	xp=8;skillPoint=1;reputation=1;flag:academia_3_1_excel=1	END	fatigue=1		Treinar na prática.	stat:TEC>=7	END	xp=7;vellum:MARTIAL=1	END	fatigue=1		ACADEMY_Y3_S1	NONE	20
ACAD_092	ACADEMIC	COMMON	VALARYN	Aeloria	Valdora	1	913	12	Treino de Campo	A turma recebe uma tarefa prática. Suas escolhas podem facilitar ou dificultar os próximos semestres.	Estudar com método.	stat:INT>=7	END	xp=8;skillPoint=1;reputation=1	END	fatigue=1		Treinar na prática.	stat:TEC>=7	END	xp=7;vellum:MARTIAL=1	END	fatigue=1		ACADEMY_Y3_S2	NONE	20
ACAD_093	ACADEMIC	COMMON	VALARYN	Aeloria	Valdora	1	731	12	Biblioteca da Academia	Um estudo opcional pode abrir uma nova técnica. Suas escolhas podem facilitar ou dificultar os próximos semestres.	Estudar com método.	stat:INT>=7	END	xp=8;skillPoint=1;reputation=1	END	fatigue=1		Treinar na prática.	stat:TEC>=7	END	xp=7;vellum:MARTIAL=1	END	fatigue=1		ACADEMY_Y3_S1	NONE	20
ACAD_094	ACADEMIC	COMMON	VALARYN	Aeloria	Valdora	1	913	12	Simulação de Combate	A avaliação mede controle e tomada de decisão. Suas escolhas podem facilitar ou dificultar os próximos semestres.	Estudar com método.	stat:INT>=7	END	xp=8;skillPoint=1;reputation=1	END	fatigue=1		Treinar na prática.	stat:TEC>=7	END	xp=7;vellum:MARTIAL=1	END	fatigue=1		ACADEMY_Y3_S2	NONE	20
ACAD_095	ACADEMIC	COMMON	VALARYN	Aeloria	Valdora	1	731	12	Prova Parcial	Seu desempenho acadêmico será lembrado. Suas escolhas podem facilitar ou dificultar os próximos semestres.	Estudar com método.	stat:INT>=7	END	xp=8;skillPoint=1;reputation=1	END	fatigue=1		Treinar na prática.	stat:TEC>=7	END	xp=7;vellum:MARTIAL=1	END	fatigue=1		ACADEMY_Y3_S1	NONE	20
ACAD_096	ACADEMIC	COMMON	VALARYN	Aeloria	Valdora	1	913	12	Laboratório de Elyth	Uma técnica precisa ser observada com cuidado. Suas escolhas podem facilitar ou dificultar os próximos semestres.	Estudar com método.	stat:INT>=7	END	xp=8;skillPoint=1;reputation=1	END	fatigue=1		Treinar na prática.	stat:TEC>=7	END	xp=7;vellum:MARTIAL=1	END	fatigue=1		ACADEMY_Y3_S2	NONE	20
ACAD_097	ACADEMIC	COMMON	VALARYN	Aeloria	Valdora	1	731	12	Rivalidade de Turma	Um rival testa sua disciplina. Suas escolhas podem facilitar ou dificultar os próximos semestres.	Estudar com método.	stat:INT>=7	END	xp=8;skillPoint=1;reputation=1	END	fatigue=1		Treinar na prática.	stat:TEC>=7	END	xp=7;vellum:MARTIAL=1	END	fatigue=1		ACADEMY_Y3_S1	NONE	20
ACAD_098	ACADEMIC	COMMON	VALARYN	Aeloria	Valdora	1	913	12	Patrulha Supervisionada	Você acompanha um Valaryn em uma missão. Suas escolhas podem facilitar ou dificultar os próximos semestres.	Estudar com método.	stat:INT>=7	END	xp=8;skillPoint=1;reputation=1;flag:academia_3_2_excel=1	END	fatigue=1		Treinar na prática.	stat:TEC>=7	END	xp=7;vellum:MARTIAL=1	END	fatigue=1		ACADEMY_Y3_S2	NONE	20
ACAD_099	ACADEMIC	COMMON	VALARYN	Aeloria	Valdora	1	731	12	Exame de Semestre	As decisões acumuladas aparecem agora. Suas escolhas podem facilitar ou dificultar os próximos semestres.	Estudar com método.	stat:INT>=7	END	xp=8;skillPoint=1;reputation=1	END	fatigue=1		Treinar na prática.	stat:TEC>=7	END	xp=7;vellum:MARTIAL=1	END	fatigue=1		ACADEMY_Y3_S1	NONE	20
ACAD_100	ACADEMIC	COMMON	VALARYN	Aeloria	Valdora	1	913	12	Preparação para o Exame	A passagem de ano se aproxima. Suas escolhas podem facilitar ou dificultar os próximos semestres.	Estudar com método.	stat:INT>=7	END	xp=8;skillPoint=1;reputation=1	END	fatigue=1		Treinar na prática.	stat:TEC>=7	END	xp=7;vellum:MARTIAL=1	END	fatigue=1		ACADEMY_Y3_S2	NONE	20
CITYSTATE_001	CITY	UNCOMMON	ANY	Aeloria	Valdora	1	1	8	Estado de Valdora — 1	Um acontecimento em Valdora expõe o estado atual da cidade. A economia, a estabilidade ou a ameaça local podem mudar a partir desta decisão.	Ajudar a estabilizar a cidade.	stat:PRE>=7	END	cityStability:Valdora=2;cityEconomy:Valdora=2;reputation=2;xp=7;flag:city:Valdora:city_1_resolved=1	END	reputation=-1		Aproveitar a oportunidade econômica.	gold>=5	END	cityEconomy:Valdora=3;gold=-5;xp=8;flag:city_1_market=1	END	cityThreat:Valdora=1		CITYSTATE_Valdora	NONE	12
CITYSTATE_002	CITY	UNCOMMON	ANY	Tharun	Stone-Âmbar	1	1	8	Estado de Stone-Âmbar — 2	Um acontecimento em Stone-Âmbar expõe o estado atual da cidade. A economia, a estabilidade ou a ameaça local podem mudar a partir desta decisão.	Ajudar a estabilizar a cidade.	stat:PRE>=7	END	cityStability:Stone-Âmbar=2;cityEconomy:Stone-Âmbar=2;reputation=2;xp=7;flag:city:Stone-Âmbar:city_2_resolved=1	END	reputation=-1		Aproveitar a oportunidade econômica.	gold>=5	END	cityEconomy:Stone-Âmbar=3;gold=-5;xp=8;flag:city_2_market=1	END	cityThreat:Stone-Âmbar=1		CITYSTATE_Stone-Âmbar	NONE	12
CITYSTATE_003	CITY	UNCOMMON	ANY	Nyssara	Emerald Tide	1	1	8	Estado de Emerald Tide — 3	Um acontecimento em Emerald Tide expõe o estado atual da cidade. A economia, a estabilidade ou a ameaça local podem mudar a partir desta decisão.	Ajudar a estabilizar a cidade.	stat:PRE>=7	END	cityStability:Emerald Tide=2;cityEconomy:Emerald Tide=2;reputation=2;xp=7;flag:city:Emerald Tide:city_3_resolved=1	END	reputation=-1		Aproveitar a oportunidade econômica.	gold>=5	END	cityEconomy:Emerald Tide=3;gold=-5;xp=8;flag:city_3_market=1	END	cityThreat:Emerald Tide=1		CITYSTATE_Emerald Tide	NONE	12
CITYSTATE_004	CITY	UNCOMMON	ANY	Valkyrion	Volmeria	1	1	8	Estado de Volmeria — 4	Um acontecimento em Volmeria expõe o estado atual da cidade. A economia, a estabilidade ou a ameaça local podem mudar a partir desta decisão.	Ajudar a estabilizar a cidade.	stat:PRE>=7	END	cityStability:Volmeria=2;cityEconomy:Volmeria=2;reputation=2;xp=7;flag:city:Volmeria:city_4_resolved=1	END	reputation=-1		Aproveitar a oportunidade econômica.	gold>=5	END	cityEconomy:Volmeria=3;gold=-5;xp=8;flag:city_4_market=1	END	cityThreat:Volmeria=1		CITYSTATE_Volmeria	NONE	12
CITYSTATE_005	CITY	UNCOMMON	ANY	Eshmara	Brumas	1	1	8	Estado de Brumas — 5	Um acontecimento em Brumas expõe o estado atual da cidade. A economia, a estabilidade ou a ameaça local podem mudar a partir desta decisão.	Ajudar a estabilizar a cidade.	stat:PRE>=7	END	cityStability:Brumas=2;cityEconomy:Brumas=2;reputation=2;xp=7;flag:city:Brumas:city_5_resolved=1	END	reputation=-1		Aproveitar a oportunidade econômica.	gold>=5	END	cityEconomy:Brumas=3;gold=-5;xp=8;flag:city_5_market=1	END	cityThreat:Brumas=1		CITYSTATE_Brumas	NONE	12
CITYSTATE_006	CITY	UNCOMMON	ANY	Kethruun	Sandbones	1	1	8	Estado de Sandbones — 6	Um acontecimento em Sandbones expõe o estado atual da cidade. A economia, a estabilidade ou a ameaça local podem mudar a partir desta decisão.	Ajudar a estabilizar a cidade.	stat:PRE>=7	END	cityStability:Sandbones=2;cityEconomy:Sandbones=2;reputation=2;xp=7;flag:city:Sandbones:city_6_resolved=1	END	reputation=-1		Aproveitar a oportunidade econômica.	gold>=5	END	cityEconomy:Sandbones=3;gold=-5;xp=8;flag:city_6_market=1	END	cityThreat:Sandbones=1		CITYSTATE_Sandbones	NONE	12
CITYSTATE_007	CITY	UNCOMMON	ANY	Orinthal	Crystalia	1	1	8	Estado de Crystalia — 7	Um acontecimento em Crystalia expõe o estado atual da cidade. A economia, a estabilidade ou a ameaça local podem mudar a partir desta decisão.	Ajudar a estabilizar a cidade.	stat:PRE>=7	END	cityStability:Crystalia=2;cityEconomy:Crystalia=2;reputation=2;xp=7;flag:city:Crystalia:city_7_resolved=1	END	reputation=-1		Aproveitar a oportunidade econômica.	gold>=5	END	cityEconomy:Crystalia=3;gold=-5;xp=8;flag:city_7_market=1	END	cityThreat:Crystalia=1		CITYSTATE_Crystalia	NONE	12
CITYSTATE_008	CITY	UNCOMMON	ANY	Zarim	Fornalia	1	1	8	Estado de Fornalia — 8	Um acontecimento em Fornalia expõe o estado atual da cidade. A economia, a estabilidade ou a ameaça local podem mudar a partir desta decisão.	Ajudar a estabilizar a cidade.	stat:PRE>=7	END	cityStability:Fornalia=2;cityEconomy:Fornalia=2;reputation=2;xp=7;flag:city:Fornalia:city_8_resolved=1	END	reputation=-1		Aproveitar a oportunidade econômica.	gold>=5	END	cityEconomy:Fornalia=3;gold=-5;xp=8;flag:city_8_market=1	END	cityThreat:Fornalia=1		CITYSTATE_Fornalia	NONE	12
CITYSTATE_009	CITY	UNCOMMON	ANY	Lyrien	Aerocivitus	1	1	8	Estado de Aerocivitus — 9	Um acontecimento em Aerocivitus expõe o estado atual da cidade. A economia, a estabilidade ou a ameaça local podem mudar a partir desta decisão.	Ajudar a estabilizar a cidade.	stat:PRE>=7	END	cityStability:Aerocivitus=2;cityEconomy:Aerocivitus=2;reputation=2;xp=7;flag:city:Aerocivitus:city_9_resolved=1	END	reputation=-1		Aproveitar a oportunidade econômica.	gold>=5	END	cityEconomy:Aerocivitus=3;gold=-5;xp=8;flag:city_9_market=1	END	cityThreat:Aerocivitus=1		CITYSTATE_Aerocivitus	NONE	12
CITYSTATE_010	CITY	UNCOMMON	ANY	Myrthos	Sem nome definido	1	1	8	Estado de Sem nome definido — 10	Um acontecimento em Sem nome definido expõe o estado atual da cidade. A economia, a estabilidade ou a ameaça local podem mudar a partir desta decisão.	Ajudar a estabilizar a cidade.	stat:PRE>=7	END	cityStability:Sem nome definido=2;cityEconomy:Sem nome definido=2;reputation=2;xp=7;flag:city:Sem nome definido:city_10_resolved=1	END	reputation=-1		Aproveitar a oportunidade econômica.	gold>=5	END	cityEconomy:Sem nome definido=3;gold=-5;xp=8;flag:city_10_market=1	END	cityThreat:Sem nome definido=1		CITYSTATE_Sem nome definido	NONE	12
CITYSTATE_011	CITY	UNCOMMON	ANY	Aeloria	Fenndral	1	1	8	Estado de Fenndral — 11	Um acontecimento em Fenndral expõe o estado atual da cidade. A economia, a estabilidade ou a ameaça local podem mudar a partir desta decisão.	Ajudar a estabilizar a cidade.	stat:PRE>=7	END	cityStability:Fenndral=2;cityEconomy:Fenndral=2;reputation=2;xp=7;flag:city:Fenndral:city_11_resolved=1	END	reputation=-1		Aproveitar a oportunidade econômica.	gold>=5	END	cityEconomy:Fenndral=3;gold=-5;xp=8;flag:city_11_market=1	END	cityThreat:Fenndral=1		CITYSTATE_Fenndral	NONE	12
CITYSTATE_012	CITY	UNCOMMON	ANY	Tharun	Stone-Âmbar	1	1	8	Estado de Stone-Âmbar — 12	Um acontecimento em Stone-Âmbar expõe o estado atual da cidade. A economia, a estabilidade ou a ameaça local podem mudar a partir desta decisão.	Ajudar a estabilizar a cidade.	stat:PRE>=7	END	cityStability:Stone-Âmbar=2;cityEconomy:Stone-Âmbar=2;reputation=2;xp=7;flag:city:Stone-Âmbar:city_12_resolved=1	END	reputation=-1		Aproveitar a oportunidade econômica.	gold>=5	END	cityEconomy:Stone-Âmbar=3;gold=-5;xp=8;flag:city_12_market=1	END	cityThreat:Stone-Âmbar=1		CITYSTATE_Stone-Âmbar	NONE	12
CITYSTATE_013	CITY	UNCOMMON	ANY	Nyssara	Emerald Tide	1	1	8	Estado de Emerald Tide — 13	Um acontecimento em Emerald Tide expõe o estado atual da cidade. A economia, a estabilidade ou a ameaça local podem mudar a partir desta decisão.	Ajudar a estabilizar a cidade.	stat:PRE>=7	END	cityStability:Emerald Tide=2;cityEconomy:Emerald Tide=2;reputation=2;xp=7;flag:city:Emerald Tide:city_13_resolved=1	END	reputation=-1		Aproveitar a oportunidade econômica.	gold>=5	END	cityEconomy:Emerald Tide=3;gold=-5;xp=8;flag:city_13_market=1	END	cityThreat:Emerald Tide=1		CITYSTATE_Emerald Tide	NONE	12
CITYSTATE_014	CITY	UNCOMMON	ANY	Valkyrion	Volmeria	1	1	8	Estado de Volmeria — 14	Um acontecimento em Volmeria expõe o estado atual da cidade. A economia, a estabilidade ou a ameaça local podem mudar a partir desta decisão.	Ajudar a estabilizar a cidade.	stat:PRE>=7	END	cityStability:Volmeria=2;cityEconomy:Volmeria=2;reputation=2;xp=7;flag:city:Volmeria:city_14_resolved=1	END	reputation=-1		Aproveitar a oportunidade econômica.	gold>=5	END	cityEconomy:Volmeria=3;gold=-5;xp=8;flag:city_14_market=1	END	cityThreat:Volmeria=1		CITYSTATE_Volmeria	NONE	12
CITYSTATE_015	CITY	UNCOMMON	ANY	Eshmara	Brumas	1	1	8	Estado de Brumas — 15	Um acontecimento em Brumas expõe o estado atual da cidade. A economia, a estabilidade ou a ameaça local podem mudar a partir desta decisão.	Ajudar a estabilizar a cidade.	stat:PRE>=7	END	cityStability:Brumas=2;cityEconomy:Brumas=2;reputation=2;xp=7;flag:city:Brumas:city_15_resolved=1	END	reputation=-1		Aproveitar a oportunidade econômica.	gold>=5	END	cityEconomy:Brumas=3;gold=-5;xp=8;flag:city_15_market=1	END	cityThreat:Brumas=1		CITYSTATE_Brumas	NONE	12
CITYSTATE_016	CITY	UNCOMMON	ANY	Kethruun	Sandbones	1	1	8	Estado de Sandbones — 16	Um acontecimento em Sandbones expõe o estado atual da cidade. A economia, a estabilidade ou a ameaça local podem mudar a partir desta decisão.	Ajudar a estabilizar a cidade.	stat:PRE>=7	END	cityStability:Sandbones=2;cityEconomy:Sandbones=2;reputation=2;xp=7;flag:city:Sandbones:city_16_resolved=1	END	reputation=-1		Aproveitar a oportunidade econômica.	gold>=5	END	cityEconomy:Sandbones=3;gold=-5;xp=8;flag:city_16_market=1	END	cityThreat:Sandbones=1		CITYSTATE_Sandbones	NONE	12
CITYSTATE_017	CITY	UNCOMMON	ANY	Orinthal	Crystalia	1	1	8	Estado de Crystalia — 17	Um acontecimento em Crystalia expõe o estado atual da cidade. A economia, a estabilidade ou a ameaça local podem mudar a partir desta decisão.	Ajudar a estabilizar a cidade.	stat:PRE>=7	END	cityStability:Crystalia=2;cityEconomy:Crystalia=2;reputation=2;xp=7;flag:city:Crystalia:city_17_resolved=1	END	reputation=-1		Aproveitar a oportunidade econômica.	gold>=5	END	cityEconomy:Crystalia=3;gold=-5;xp=8;flag:city_17_market=1	END	cityThreat:Crystalia=1		CITYSTATE_Crystalia	NONE	12
CITYSTATE_018	CITY	UNCOMMON	ANY	Zarim	Fornalia	1	1	8	Estado de Fornalia — 18	Um acontecimento em Fornalia expõe o estado atual da cidade. A economia, a estabilidade ou a ameaça local podem mudar a partir desta decisão.	Ajudar a estabilizar a cidade.	stat:PRE>=7	END	cityStability:Fornalia=2;cityEconomy:Fornalia=2;reputation=2;xp=7;flag:city:Fornalia:city_18_resolved=1	END	reputation=-1		Aproveitar a oportunidade econômica.	gold>=5	END	cityEconomy:Fornalia=3;gold=-5;xp=8;flag:city_18_market=1	END	cityThreat:Fornalia=1		CITYSTATE_Fornalia	NONE	12
CITYSTATE_019	CITY	UNCOMMON	ANY	Lyrien	Aerocivitus	1	1	8	Estado de Aerocivitus — 19	Um acontecimento em Aerocivitus expõe o estado atual da cidade. A economia, a estabilidade ou a ameaça local podem mudar a partir desta decisão.	Ajudar a estabilizar a cidade.	stat:PRE>=7	END	cityStability:Aerocivitus=2;cityEconomy:Aerocivitus=2;reputation=2;xp=7;flag:city:Aerocivitus:city_19_resolved=1	END	reputation=-1		Aproveitar a oportunidade econômica.	gold>=5	END	cityEconomy:Aerocivitus=3;gold=-5;xp=8;flag:city_19_market=1	END	cityThreat:Aerocivitus=1		CITYSTATE_Aerocivitus	NONE	12
CITYSTATE_020	CITY	UNCOMMON	ANY	Myrthos	Sem nome definido	1	1	8	Estado de Sem nome definido — 20	Um acontecimento em Sem nome definido expõe o estado atual da cidade. A economia, a estabilidade ou a ameaça local podem mudar a partir desta decisão.	Ajudar a estabilizar a cidade.	stat:PRE>=7	END	cityStability:Sem nome definido=2;cityEconomy:Sem nome definido=2;reputation=2;xp=7;flag:city:Sem nome definido:city_20_resolved=1	END	reputation=-1		Aproveitar a oportunidade econômica.	gold>=5	END	cityEconomy:Sem nome definido=3;gold=-5;xp=8;flag:city_20_market=1	END	cityThreat:Sem nome definido=1		CITYSTATE_Sem nome definido	NONE	12
CITYSTATE_021	CITY	UNCOMMON	ANY	Aeloria	Pyrelith	1	1	8	Estado de Pyrelith — 21	Um acontecimento em Pyrelith expõe o estado atual da cidade. A economia, a estabilidade ou a ameaça local podem mudar a partir desta decisão.	Ajudar a estabilizar a cidade.	stat:PRE>=7	END	cityStability:Pyrelith=2;cityEconomy:Pyrelith=2;reputation=2;xp=7;flag:city:Pyrelith:city_21_resolved=1	END	reputation=-1		Aproveitar a oportunidade econômica.	gold>=5	END	cityEconomy:Pyrelith=3;gold=-5;xp=8;flag:city_21_market=1	END	cityThreat:Pyrelith=1		CITYSTATE_Pyrelith	NONE	12
CITYSTATE_022	CITY	UNCOMMON	ANY	Tharun	Stone-Âmbar	1	1	8	Estado de Stone-Âmbar — 22	Um acontecimento em Stone-Âmbar expõe o estado atual da cidade. A economia, a estabilidade ou a ameaça local podem mudar a partir desta decisão.	Ajudar a estabilizar a cidade.	stat:PRE>=7	END	cityStability:Stone-Âmbar=2;cityEconomy:Stone-Âmbar=2;reputation=2;xp=7;flag:city:Stone-Âmbar:city_22_resolved=1	END	reputation=-1		Aproveitar a oportunidade econômica.	gold>=5	END	cityEconomy:Stone-Âmbar=3;gold=-5;xp=8;flag:city_22_market=1	END	cityThreat:Stone-Âmbar=1		CITYSTATE_Stone-Âmbar	NONE	12
CITYSTATE_023	CITY	UNCOMMON	ANY	Nyssara	Emerald Tide	1	1	8	Estado de Emerald Tide — 23	Um acontecimento em Emerald Tide expõe o estado atual da cidade. A economia, a estabilidade ou a ameaça local podem mudar a partir desta decisão.	Ajudar a estabilizar a cidade.	stat:PRE>=7	END	cityStability:Emerald Tide=2;cityEconomy:Emerald Tide=2;reputation=2;xp=7;flag:city:Emerald Tide:city_23_resolved=1	END	reputation=-1		Aproveitar a oportunidade econômica.	gold>=5	END	cityEconomy:Emerald Tide=3;gold=-5;xp=8;flag:city_23_market=1	END	cityThreat:Emerald Tide=1		CITYSTATE_Emerald Tide	NONE	12
CITYSTATE_024	CITY	UNCOMMON	ANY	Valkyrion	Volmeria	1	1	8	Estado de Volmeria — 24	Um acontecimento em Volmeria expõe o estado atual da cidade. A economia, a estabilidade ou a ameaça local podem mudar a partir desta decisão.	Ajudar a estabilizar a cidade.	stat:PRE>=7	END	cityStability:Volmeria=2;cityEconomy:Volmeria=2;reputation=2;xp=7;flag:city:Volmeria:city_24_resolved=1	END	reputation=-1		Aproveitar a oportunidade econômica.	gold>=5	END	cityEconomy:Volmeria=3;gold=-5;xp=8;flag:city_24_market=1	END	cityThreat:Volmeria=1		CITYSTATE_Volmeria	NONE	12
CITYSTATE_025	CITY	UNCOMMON	ANY	Eshmara	Brumas	1	1	8	Estado de Brumas — 25	Um acontecimento em Brumas expõe o estado atual da cidade. A economia, a estabilidade ou a ameaça local podem mudar a partir desta decisão.	Ajudar a estabilizar a cidade.	stat:PRE>=7	END	cityStability:Brumas=2;cityEconomy:Brumas=2;reputation=2;xp=7;flag:city:Brumas:city_25_resolved=1	END	reputation=-1		Aproveitar a oportunidade econômica.	gold>=5	END	cityEconomy:Brumas=3;gold=-5;xp=8;flag:city_25_market=1	END	cityThreat:Brumas=1		CITYSTATE_Brumas	NONE	12
CITYSTATE_026	CITY	UNCOMMON	ANY	Kethruun	Sandbones	1	1	8	Estado de Sandbones — 26	Um acontecimento em Sandbones expõe o estado atual da cidade. A economia, a estabilidade ou a ameaça local podem mudar a partir desta decisão.	Ajudar a estabilizar a cidade.	stat:PRE>=7	END	cityStability:Sandbones=2;cityEconomy:Sandbones=2;reputation=2;xp=7;flag:city:Sandbones:city_26_resolved=1	END	reputation=-1		Aproveitar a oportunidade econômica.	gold>=5	END	cityEconomy:Sandbones=3;gold=-5;xp=8;flag:city_26_market=1	END	cityThreat:Sandbones=1		CITYSTATE_Sandbones	NONE	12
CITYSTATE_027	CITY	UNCOMMON	ANY	Orinthal	Crystalia	1	1	8	Estado de Crystalia — 27	Um acontecimento em Crystalia expõe o estado atual da cidade. A economia, a estabilidade ou a ameaça local podem mudar a partir desta decisão.	Ajudar a estabilizar a cidade.	stat:PRE>=7	END	cityStability:Crystalia=2;cityEconomy:Crystalia=2;reputation=2;xp=7;flag:city:Crystalia:city_27_resolved=1	END	reputation=-1		Aproveitar a oportunidade econômica.	gold>=5	END	cityEconomy:Crystalia=3;gold=-5;xp=8;flag:city_27_market=1	END	cityThreat:Crystalia=1		CITYSTATE_Crystalia	NONE	12
CITYSTATE_028	CITY	UNCOMMON	ANY	Zarim	Fornalia	1	1	8	Estado de Fornalia — 28	Um acontecimento em Fornalia expõe o estado atual da cidade. A economia, a estabilidade ou a ameaça local podem mudar a partir desta decisão.	Ajudar a estabilizar a cidade.	stat:PRE>=7	END	cityStability:Fornalia=2;cityEconomy:Fornalia=2;reputation=2;xp=7;flag:city:Fornalia:city_28_resolved=1	END	reputation=-1		Aproveitar a oportunidade econômica.	gold>=5	END	cityEconomy:Fornalia=3;gold=-5;xp=8;flag:city_28_market=1	END	cityThreat:Fornalia=1		CITYSTATE_Fornalia	NONE	12
CITYSTATE_029	CITY	UNCOMMON	ANY	Lyrien	Aerocivitus	1	1	8	Estado de Aerocivitus — 29	Um acontecimento em Aerocivitus expõe o estado atual da cidade. A economia, a estabilidade ou a ameaça local podem mudar a partir desta decisão.	Ajudar a estabilizar a cidade.	stat:PRE>=7	END	cityStability:Aerocivitus=2;cityEconomy:Aerocivitus=2;reputation=2;xp=7;flag:city:Aerocivitus:city_29_resolved=1	END	reputation=-1		Aproveitar a oportunidade econômica.	gold>=5	END	cityEconomy:Aerocivitus=3;gold=-5;xp=8;flag:city_29_market=1	END	cityThreat:Aerocivitus=1		CITYSTATE_Aerocivitus	NONE	12
CITYSTATE_030	CITY	UNCOMMON	ANY	Myrthos	Sem nome definido	1	1	8	Estado de Sem nome definido — 30	Um acontecimento em Sem nome definido expõe o estado atual da cidade. A economia, a estabilidade ou a ameaça local podem mudar a partir desta decisão.	Ajudar a estabilizar a cidade.	stat:PRE>=7	END	cityStability:Sem nome definido=2;cityEconomy:Sem nome definido=2;reputation=2;xp=7;flag:city:Sem nome definido:city_30_resolved=1	END	reputation=-1		Aproveitar a oportunidade econômica.	gold>=5	END	cityEconomy:Sem nome definido=3;gold=-5;xp=8;flag:city_30_market=1	END	cityThreat:Sem nome definido=1		CITYSTATE_Sem nome definido	NONE	12
CITYSTATE_031	CITY	UNCOMMON	ANY	Aeloria	Zorathen	1	1	8	Estado de Zorathen — 31	Um acontecimento em Zorathen expõe o estado atual da cidade. A economia, a estabilidade ou a ameaça local podem mudar a partir desta decisão.	Ajudar a estabilizar a cidade.	stat:PRE>=7	END	cityStability:Zorathen=2;cityEconomy:Zorathen=2;reputation=2;xp=7;flag:city:Zorathen:city_31_resolved=1	END	reputation=-1		Aproveitar a oportunidade econômica.	gold>=5	END	cityEconomy:Zorathen=3;gold=-5;xp=8;flag:city_31_market=1	END	cityThreat:Zorathen=1		CITYSTATE_Zorathen	NONE	12
CITYSTATE_032	CITY	UNCOMMON	ANY	Tharun	Stone-Âmbar	1	1	8	Estado de Stone-Âmbar — 32	Um acontecimento em Stone-Âmbar expõe o estado atual da cidade. A economia, a estabilidade ou a ameaça local podem mudar a partir desta decisão.	Ajudar a estabilizar a cidade.	stat:PRE>=7	END	cityStability:Stone-Âmbar=2;cityEconomy:Stone-Âmbar=2;reputation=2;xp=7;flag:city:Stone-Âmbar:city_32_resolved=1	END	reputation=-1		Aproveitar a oportunidade econômica.	gold>=5	END	cityEconomy:Stone-Âmbar=3;gold=-5;xp=8;flag:city_32_market=1	END	cityThreat:Stone-Âmbar=1		CITYSTATE_Stone-Âmbar	NONE	12
CITYSTATE_033	CITY	UNCOMMON	ANY	Nyssara	Emerald Tide	1	1	8	Estado de Emerald Tide — 33	Um acontecimento em Emerald Tide expõe o estado atual da cidade. A economia, a estabilidade ou a ameaça local podem mudar a partir desta decisão.	Ajudar a estabilizar a cidade.	stat:PRE>=7	END	cityStability:Emerald Tide=2;cityEconomy:Emerald Tide=2;reputation=2;xp=7;flag:city:Emerald Tide:city_33_resolved=1	END	reputation=-1		Aproveitar a oportunidade econômica.	gold>=5	END	cityEconomy:Emerald Tide=3;gold=-5;xp=8;flag:city_33_market=1	END	cityThreat:Emerald Tide=1		CITYSTATE_Emerald Tide	NONE	12
CITYSTATE_034	CITY	UNCOMMON	ANY	Valkyrion	Volmeria	1	1	8	Estado de Volmeria — 34	Um acontecimento em Volmeria expõe o estado atual da cidade. A economia, a estabilidade ou a ameaça local podem mudar a partir desta decisão.	Ajudar a estabilizar a cidade.	stat:PRE>=7	END	cityStability:Volmeria=2;cityEconomy:Volmeria=2;reputation=2;xp=7;flag:city:Volmeria:city_34_resolved=1	END	reputation=-1		Aproveitar a oportunidade econômica.	gold>=5	END	cityEconomy:Volmeria=3;gold=-5;xp=8;flag:city_34_market=1	END	cityThreat:Volmeria=1		CITYSTATE_Volmeria	NONE	12
CITYSTATE_035	CITY	UNCOMMON	ANY	Eshmara	Brumas	1	1	8	Estado de Brumas — 35	Um acontecimento em Brumas expõe o estado atual da cidade. A economia, a estabilidade ou a ameaça local podem mudar a partir desta decisão.	Ajudar a estabilizar a cidade.	stat:PRE>=7	END	cityStability:Brumas=2;cityEconomy:Brumas=2;reputation=2;xp=7;flag:city:Brumas:city_35_resolved=1	END	reputation=-1		Aproveitar a oportunidade econômica.	gold>=5	END	cityEconomy:Brumas=3;gold=-5;xp=8;flag:city_35_market=1	END	cityThreat:Brumas=1		CITYSTATE_Brumas	NONE	12
CITYSTATE_036	CITY	UNCOMMON	ANY	Kethruun	Sandbones	1	1	8	Estado de Sandbones — 36	Um acontecimento em Sandbones expõe o estado atual da cidade. A economia, a estabilidade ou a ameaça local podem mudar a partir desta decisão.	Ajudar a estabilizar a cidade.	stat:PRE>=7	END	cityStability:Sandbones=2;cityEconomy:Sandbones=2;reputation=2;xp=7;flag:city:Sandbones:city_36_resolved=1	END	reputation=-1		Aproveitar a oportunidade econômica.	gold>=5	END	cityEconomy:Sandbones=3;gold=-5;xp=8;flag:city_36_market=1	END	cityThreat:Sandbones=1		CITYSTATE_Sandbones	NONE	12
CITYSTATE_037	CITY	UNCOMMON	ANY	Orinthal	Crystalia	1	1	8	Estado de Crystalia — 37	Um acontecimento em Crystalia expõe o estado atual da cidade. A economia, a estabilidade ou a ameaça local podem mudar a partir desta decisão.	Ajudar a estabilizar a cidade.	stat:PRE>=7	END	cityStability:Crystalia=2;cityEconomy:Crystalia=2;reputation=2;xp=7;flag:city:Crystalia:city_37_resolved=1	END	reputation=-1		Aproveitar a oportunidade econômica.	gold>=5	END	cityEconomy:Crystalia=3;gold=-5;xp=8;flag:city_37_market=1	END	cityThreat:Crystalia=1		CITYSTATE_Crystalia	NONE	12
CITYSTATE_038	CITY	UNCOMMON	ANY	Zarim	Fornalia	1	1	8	Estado de Fornalia — 38	Um acontecimento em Fornalia expõe o estado atual da cidade. A economia, a estabilidade ou a ameaça local podem mudar a partir desta decisão.	Ajudar a estabilizar a cidade.	stat:PRE>=7	END	cityStability:Fornalia=2;cityEconomy:Fornalia=2;reputation=2;xp=7;flag:city:Fornalia:city_38_resolved=1	END	reputation=-1		Aproveitar a oportunidade econômica.	gold>=5	END	cityEconomy:Fornalia=3;gold=-5;xp=8;flag:city_38_market=1	END	cityThreat:Fornalia=1		CITYSTATE_Fornalia	NONE	12
CITYSTATE_039	CITY	UNCOMMON	ANY	Lyrien	Aerocivitus	1	1	8	Estado de Aerocivitus — 39	Um acontecimento em Aerocivitus expõe o estado atual da cidade. A economia, a estabilidade ou a ameaça local podem mudar a partir desta decisão.	Ajudar a estabilizar a cidade.	stat:PRE>=7	END	cityStability:Aerocivitus=2;cityEconomy:Aerocivitus=2;reputation=2;xp=7;flag:city:Aerocivitus:city_39_resolved=1	END	reputation=-1		Aproveitar a oportunidade econômica.	gold>=5	END	cityEconomy:Aerocivitus=3;gold=-5;xp=8;flag:city_39_market=1	END	cityThreat:Aerocivitus=1		CITYSTATE_Aerocivitus	NONE	12
CITYSTATE_040	CITY	UNCOMMON	ANY	Myrthos	Sem nome definido	1	1	8	Estado de Sem nome definido — 40	Um acontecimento em Sem nome definido expõe o estado atual da cidade. A economia, a estabilidade ou a ameaça local podem mudar a partir desta decisão.	Ajudar a estabilizar a cidade.	stat:PRE>=7	END	cityStability:Sem nome definido=2;cityEconomy:Sem nome definido=2;reputation=2;xp=7;flag:city:Sem nome definido:city_40_resolved=1	END	reputation=-1		Aproveitar a oportunidade econômica.	gold>=5	END	cityEconomy:Sem nome definido=3;gold=-5;xp=8;flag:city_40_market=1	END	cityThreat:Sem nome definido=1		CITYSTATE_Sem nome definido	NONE	12
CITYSTATE_041	CITY	UNCOMMON	ANY	Aeloria	Jorwyn	1	1	8	Estado de Jorwyn — 41	Um acontecimento em Jorwyn expõe o estado atual da cidade. A economia, a estabilidade ou a ameaça local podem mudar a partir desta decisão.	Ajudar a estabilizar a cidade.	stat:PRE>=7	END	cityStability:Jorwyn=2;cityEconomy:Jorwyn=2;reputation=2;xp=7;flag:city:Jorwyn:city_41_resolved=1	END	reputation=-1		Aproveitar a oportunidade econômica.	gold>=5	END	cityEconomy:Jorwyn=3;gold=-5;xp=8;flag:city_41_market=1	END	cityThreat:Jorwyn=1		CITYSTATE_Jorwyn	NONE	12
CITYSTATE_042	CITY	UNCOMMON	ANY	Tharun	Stone-Âmbar	1	1	8	Estado de Stone-Âmbar — 42	Um acontecimento em Stone-Âmbar expõe o estado atual da cidade. A economia, a estabilidade ou a ameaça local podem mudar a partir desta decisão.	Ajudar a estabilizar a cidade.	stat:PRE>=7	END	cityStability:Stone-Âmbar=2;cityEconomy:Stone-Âmbar=2;reputation=2;xp=7;flag:city:Stone-Âmbar:city_42_resolved=1	END	reputation=-1		Aproveitar a oportunidade econômica.	gold>=5	END	cityEconomy:Stone-Âmbar=3;gold=-5;xp=8;flag:city_42_market=1	END	cityThreat:Stone-Âmbar=1		CITYSTATE_Stone-Âmbar	NONE	12
CITYSTATE_043	CITY	UNCOMMON	ANY	Nyssara	Emerald Tide	1	1	8	Estado de Emerald Tide — 43	Um acontecimento em Emerald Tide expõe o estado atual da cidade. A economia, a estabilidade ou a ameaça local podem mudar a partir desta decisão.	Ajudar a estabilizar a cidade.	stat:PRE>=7	END	cityStability:Emerald Tide=2;cityEconomy:Emerald Tide=2;reputation=2;xp=7;flag:city:Emerald Tide:city_43_resolved=1	END	reputation=-1		Aproveitar a oportunidade econômica.	gold>=5	END	cityEconomy:Emerald Tide=3;gold=-5;xp=8;flag:city_43_market=1	END	cityThreat:Emerald Tide=1		CITYSTATE_Emerald Tide	NONE	12
CITYSTATE_044	CITY	UNCOMMON	ANY	Valkyrion	Volmeria	1	1	8	Estado de Volmeria — 44	Um acontecimento em Volmeria expõe o estado atual da cidade. A economia, a estabilidade ou a ameaça local podem mudar a partir desta decisão.	Ajudar a estabilizar a cidade.	stat:PRE>=7	END	cityStability:Volmeria=2;cityEconomy:Volmeria=2;reputation=2;xp=7;flag:city:Volmeria:city_44_resolved=1	END	reputation=-1		Aproveitar a oportunidade econômica.	gold>=5	END	cityEconomy:Volmeria=3;gold=-5;xp=8;flag:city_44_market=1	END	cityThreat:Volmeria=1		CITYSTATE_Volmeria	NONE	12
CITYSTATE_045	CITY	UNCOMMON	ANY	Eshmara	Brumas	1	1	8	Estado de Brumas — 45	Um acontecimento em Brumas expõe o estado atual da cidade. A economia, a estabilidade ou a ameaça local podem mudar a partir desta decisão.	Ajudar a estabilizar a cidade.	stat:PRE>=7	END	cityStability:Brumas=2;cityEconomy:Brumas=2;reputation=2;xp=7;flag:city:Brumas:city_45_resolved=1	END	reputation=-1		Aproveitar a oportunidade econômica.	gold>=5	END	cityEconomy:Brumas=3;gold=-5;xp=8;flag:city_45_market=1	END	cityThreat:Brumas=1		CITYSTATE_Brumas	NONE	12
CITYSTATE_046	CITY	UNCOMMON	ANY	Kethruun	Sandbones	1	1	8	Estado de Sandbones — 46	Um acontecimento em Sandbones expõe o estado atual da cidade. A economia, a estabilidade ou a ameaça local podem mudar a partir desta decisão.	Ajudar a estabilizar a cidade.	stat:PRE>=7	END	cityStability:Sandbones=2;cityEconomy:Sandbones=2;reputation=2;xp=7;flag:city:Sandbones:city_46_resolved=1	END	reputation=-1		Aproveitar a oportunidade econômica.	gold>=5	END	cityEconomy:Sandbones=3;gold=-5;xp=8;flag:city_46_market=1	END	cityThreat:Sandbones=1		CITYSTATE_Sandbones	NONE	12
CITYSTATE_047	CITY	UNCOMMON	ANY	Orinthal	Crystalia	1	1	8	Estado de Crystalia — 47	Um acontecimento em Crystalia expõe o estado atual da cidade. A economia, a estabilidade ou a ameaça local podem mudar a partir desta decisão.	Ajudar a estabilizar a cidade.	stat:PRE>=7	END	cityStability:Crystalia=2;cityEconomy:Crystalia=2;reputation=2;xp=7;flag:city:Crystalia:city_47_resolved=1	END	reputation=-1		Aproveitar a oportunidade econômica.	gold>=5	END	cityEconomy:Crystalia=3;gold=-5;xp=8;flag:city_47_market=1	END	cityThreat:Crystalia=1		CITYSTATE_Crystalia	NONE	12
CITYSTATE_048	CITY	UNCOMMON	ANY	Zarim	Fornalia	1	1	8	Estado de Fornalia — 48	Um acontecimento em Fornalia expõe o estado atual da cidade. A economia, a estabilidade ou a ameaça local podem mudar a partir desta decisão.	Ajudar a estabilizar a cidade.	stat:PRE>=7	END	cityStability:Fornalia=2;cityEconomy:Fornalia=2;reputation=2;xp=7;flag:city:Fornalia:city_48_resolved=1	END	reputation=-1		Aproveitar a oportunidade econômica.	gold>=5	END	cityEconomy:Fornalia=3;gold=-5;xp=8;flag:city_48_market=1	END	cityThreat:Fornalia=1		CITYSTATE_Fornalia	NONE	12
CITYSTATE_049	CITY	UNCOMMON	ANY	Lyrien	Aerocivitus	1	1	8	Estado de Aerocivitus — 49	Um acontecimento em Aerocivitus expõe o estado atual da cidade. A economia, a estabilidade ou a ameaça local podem mudar a partir desta decisão.	Ajudar a estabilizar a cidade.	stat:PRE>=7	END	cityStability:Aerocivitus=2;cityEconomy:Aerocivitus=2;reputation=2;xp=7;flag:city:Aerocivitus:city_49_resolved=1	END	reputation=-1		Aproveitar a oportunidade econômica.	gold>=5	END	cityEconomy:Aerocivitus=3;gold=-5;xp=8;flag:city_49_market=1	END	cityThreat:Aerocivitus=1		CITYSTATE_Aerocivitus	NONE	12
CITYSTATE_050	CITY	UNCOMMON	ANY	Myrthos	Sem nome definido	1	1	8	Estado de Sem nome definido — 50	Um acontecimento em Sem nome definido expõe o estado atual da cidade. A economia, a estabilidade ou a ameaça local podem mudar a partir desta decisão.	Ajudar a estabilizar a cidade.	stat:PRE>=7	END	cityStability:Sem nome definido=2;cityEconomy:Sem nome definido=2;reputation=2;xp=7;flag:city:Sem nome definido:city_50_resolved=1	END	reputation=-1		Aproveitar a oportunidade econômica.	gold>=5	END	cityEconomy:Sem nome definido=3;gold=-5;xp=8;flag:city_50_market=1	END	cityThreat:Sem nome definido=1		CITYSTATE_Sem nome definido	NONE	12
CITYSTATE_051	CITY	UNCOMMON	ANY	Aeloria	Tindralith	1	1	8	Estado de Tindralith — 51	Um acontecimento em Tindralith expõe o estado atual da cidade. A economia, a estabilidade ou a ameaça local podem mudar a partir desta decisão.	Ajudar a estabilizar a cidade.	stat:PRE>=7	END	cityStability:Tindralith=2;cityEconomy:Tindralith=2;reputation=2;xp=7;flag:city:Tindralith:city_51_resolved=1	END	reputation=-1		Aproveitar a oportunidade econômica.	gold>=5	END	cityEconomy:Tindralith=3;gold=-5;xp=8;flag:city_51_market=1	END	cityThreat:Tindralith=1		CITYSTATE_Tindralith	NONE	12
CITYSTATE_052	CITY	UNCOMMON	ANY	Tharun	Stone-Âmbar	1	1	8	Estado de Stone-Âmbar — 52	Um acontecimento em Stone-Âmbar expõe o estado atual da cidade. A economia, a estabilidade ou a ameaça local podem mudar a partir desta decisão.	Ajudar a estabilizar a cidade.	stat:PRE>=7	END	cityStability:Stone-Âmbar=2;cityEconomy:Stone-Âmbar=2;reputation=2;xp=7;flag:city:Stone-Âmbar:city_52_resolved=1	END	reputation=-1		Aproveitar a oportunidade econômica.	gold>=5	END	cityEconomy:Stone-Âmbar=3;gold=-5;xp=8;flag:city_52_market=1	END	cityThreat:Stone-Âmbar=1		CITYSTATE_Stone-Âmbar	NONE	12
CITYSTATE_053	CITY	UNCOMMON	ANY	Nyssara	Emerald Tide	1	1	8	Estado de Emerald Tide — 53	Um acontecimento em Emerald Tide expõe o estado atual da cidade. A economia, a estabilidade ou a ameaça local podem mudar a partir desta decisão.	Ajudar a estabilizar a cidade.	stat:PRE>=7	END	cityStability:Emerald Tide=2;cityEconomy:Emerald Tide=2;reputation=2;xp=7;flag:city:Emerald Tide:city_53_resolved=1	END	reputation=-1		Aproveitar a oportunidade econômica.	gold>=5	END	cityEconomy:Emerald Tide=3;gold=-5;xp=8;flag:city_53_market=1	END	cityThreat:Emerald Tide=1		CITYSTATE_Emerald Tide	NONE	12
CITYSTATE_054	CITY	UNCOMMON	ANY	Valkyrion	Volmeria	1	1	8	Estado de Volmeria — 54	Um acontecimento em Volmeria expõe o estado atual da cidade. A economia, a estabilidade ou a ameaça local podem mudar a partir desta decisão.	Ajudar a estabilizar a cidade.	stat:PRE>=7	END	cityStability:Volmeria=2;cityEconomy:Volmeria=2;reputation=2;xp=7;flag:city:Volmeria:city_54_resolved=1	END	reputation=-1		Aproveitar a oportunidade econômica.	gold>=5	END	cityEconomy:Volmeria=3;gold=-5;xp=8;flag:city_54_market=1	END	cityThreat:Volmeria=1		CITYSTATE_Volmeria	NONE	12
CITYSTATE_055	CITY	UNCOMMON	ANY	Eshmara	Brumas	1	1	8	Estado de Brumas — 55	Um acontecimento em Brumas expõe o estado atual da cidade. A economia, a estabilidade ou a ameaça local podem mudar a partir desta decisão.	Ajudar a estabilizar a cidade.	stat:PRE>=7	END	cityStability:Brumas=2;cityEconomy:Brumas=2;reputation=2;xp=7;flag:city:Brumas:city_55_resolved=1	END	reputation=-1		Aproveitar a oportunidade econômica.	gold>=5	END	cityEconomy:Brumas=3;gold=-5;xp=8;flag:city_55_market=1	END	cityThreat:Brumas=1		CITYSTATE_Brumas	NONE	12
CITYSTATE_056	CITY	UNCOMMON	ANY	Kethruun	Sandbones	1	1	8	Estado de Sandbones — 56	Um acontecimento em Sandbones expõe o estado atual da cidade. A economia, a estabilidade ou a ameaça local podem mudar a partir desta decisão.	Ajudar a estabilizar a cidade.	stat:PRE>=7	END	cityStability:Sandbones=2;cityEconomy:Sandbones=2;reputation=2;xp=7;flag:city:Sandbones:city_56_resolved=1	END	reputation=-1		Aproveitar a oportunidade econômica.	gold>=5	END	cityEconomy:Sandbones=3;gold=-5;xp=8;flag:city_56_market=1	END	cityThreat:Sandbones=1		CITYSTATE_Sandbones	NONE	12
CITYSTATE_057	CITY	UNCOMMON	ANY	Orinthal	Crystalia	1	1	8	Estado de Crystalia — 57	Um acontecimento em Crystalia expõe o estado atual da cidade. A economia, a estabilidade ou a ameaça local podem mudar a partir desta decisão.	Ajudar a estabilizar a cidade.	stat:PRE>=7	END	cityStability:Crystalia=2;cityEconomy:Crystalia=2;reputation=2;xp=7;flag:city:Crystalia:city_57_resolved=1	END	reputation=-1		Aproveitar a oportunidade econômica.	gold>=5	END	cityEconomy:Crystalia=3;gold=-5;xp=8;flag:city_57_market=1	END	cityThreat:Crystalia=1		CITYSTATE_Crystalia	NONE	12
CITYSTATE_058	CITY	UNCOMMON	ANY	Zarim	Fornalia	1	1	8	Estado de Fornalia — 58	Um acontecimento em Fornalia expõe o estado atual da cidade. A economia, a estabilidade ou a ameaça local podem mudar a partir desta decisão.	Ajudar a estabilizar a cidade.	stat:PRE>=7	END	cityStability:Fornalia=2;cityEconomy:Fornalia=2;reputation=2;xp=7;flag:city:Fornalia:city_58_resolved=1	END	reputation=-1		Aproveitar a oportunidade econômica.	gold>=5	END	cityEconomy:Fornalia=3;gold=-5;xp=8;flag:city_58_market=1	END	cityThreat:Fornalia=1		CITYSTATE_Fornalia	NONE	12
CITYSTATE_059	CITY	UNCOMMON	ANY	Lyrien	Aerocivitus	1	1	8	Estado de Aerocivitus — 59	Um acontecimento em Aerocivitus expõe o estado atual da cidade. A economia, a estabilidade ou a ameaça local podem mudar a partir desta decisão.	Ajudar a estabilizar a cidade.	stat:PRE>=7	END	cityStability:Aerocivitus=2;cityEconomy:Aerocivitus=2;reputation=2;xp=7;flag:city:Aerocivitus:city_59_resolved=1	END	reputation=-1		Aproveitar a oportunidade econômica.	gold>=5	END	cityEconomy:Aerocivitus=3;gold=-5;xp=8;flag:city_59_market=1	END	cityThreat:Aerocivitus=1		CITYSTATE_Aerocivitus	NONE	12
CITYSTATE_060	CITY	UNCOMMON	ANY	Myrthos	Sem nome definido	1	1	8	Estado de Sem nome definido — 60	Um acontecimento em Sem nome definido expõe o estado atual da cidade. A economia, a estabilidade ou a ameaça local podem mudar a partir desta decisão.	Ajudar a estabilizar a cidade.	stat:PRE>=7	END	cityStability:Sem nome definido=2;cityEconomy:Sem nome definido=2;reputation=2;xp=7;flag:city:Sem nome definido:city_60_resolved=1	END	reputation=-1		Aproveitar a oportunidade econômica.	gold>=5	END	cityEconomy:Sem nome definido=3;gold=-5;xp=8;flag:city_60_market=1	END	cityThreat:Sem nome definido=1		CITYSTATE_Sem nome definido	NONE	12
CITYSTATE_061	CITY	UNCOMMON	ANY	Aeloria	Lunareth	1	1	8	Estado de Lunareth — 61	Um acontecimento em Lunareth expõe o estado atual da cidade. A economia, a estabilidade ou a ameaça local podem mudar a partir desta decisão.	Ajudar a estabilizar a cidade.	stat:PRE>=7	END	cityStability:Lunareth=2;cityEconomy:Lunareth=2;reputation=2;xp=7;flag:city:Lunareth:city_61_resolved=1	END	reputation=-1		Aproveitar a oportunidade econômica.	gold>=5	END	cityEconomy:Lunareth=3;gold=-5;xp=8;flag:city_61_market=1	END	cityThreat:Lunareth=1		CITYSTATE_Lunareth	NONE	12
CITYSTATE_062	CITY	UNCOMMON	ANY	Tharun	Stone-Âmbar	1	1	8	Estado de Stone-Âmbar — 62	Um acontecimento em Stone-Âmbar expõe o estado atual da cidade. A economia, a estabilidade ou a ameaça local podem mudar a partir desta decisão.	Ajudar a estabilizar a cidade.	stat:PRE>=7	END	cityStability:Stone-Âmbar=2;cityEconomy:Stone-Âmbar=2;reputation=2;xp=7;flag:city:Stone-Âmbar:city_62_resolved=1	END	reputation=-1		Aproveitar a oportunidade econômica.	gold>=5	END	cityEconomy:Stone-Âmbar=3;gold=-5;xp=8;flag:city_62_market=1	END	cityThreat:Stone-Âmbar=1		CITYSTATE_Stone-Âmbar	NONE	12
CITYSTATE_063	CITY	UNCOMMON	ANY	Nyssara	Emerald Tide	1	1	8	Estado de Emerald Tide — 63	Um acontecimento em Emerald Tide expõe o estado atual da cidade. A economia, a estabilidade ou a ameaça local podem mudar a partir desta decisão.	Ajudar a estabilizar a cidade.	stat:PRE>=7	END	cityStability:Emerald Tide=2;cityEconomy:Emerald Tide=2;reputation=2;xp=7;flag:city:Emerald Tide:city_63_resolved=1	END	reputation=-1		Aproveitar a oportunidade econômica.	gold>=5	END	cityEconomy:Emerald Tide=3;gold=-5;xp=8;flag:city_63_market=1	END	cityThreat:Emerald Tide=1		CITYSTATE_Emerald Tide	NONE	12
CITYSTATE_064	CITY	UNCOMMON	ANY	Valkyrion	Volmeria	1	1	8	Estado de Volmeria — 64	Um acontecimento em Volmeria expõe o estado atual da cidade. A economia, a estabilidade ou a ameaça local podem mudar a partir desta decisão.	Ajudar a estabilizar a cidade.	stat:PRE>=7	END	cityStability:Volmeria=2;cityEconomy:Volmeria=2;reputation=2;xp=7;flag:city:Volmeria:city_64_resolved=1	END	reputation=-1		Aproveitar a oportunidade econômica.	gold>=5	END	cityEconomy:Volmeria=3;gold=-5;xp=8;flag:city_64_market=1	END	cityThreat:Volmeria=1		CITYSTATE_Volmeria	NONE	12
CITYSTATE_065	CITY	UNCOMMON	ANY	Eshmara	Brumas	1	1	8	Estado de Brumas — 65	Um acontecimento em Brumas expõe o estado atual da cidade. A economia, a estabilidade ou a ameaça local podem mudar a partir desta decisão.	Ajudar a estabilizar a cidade.	stat:PRE>=7	END	cityStability:Brumas=2;cityEconomy:Brumas=2;reputation=2;xp=7;flag:city:Brumas:city_65_resolved=1	END	reputation=-1		Aproveitar a oportunidade econômica.	gold>=5	END	cityEconomy:Brumas=3;gold=-5;xp=8;flag:city_65_market=1	END	cityThreat:Brumas=1		CITYSTATE_Brumas	NONE	12
CITYSTATE_066	CITY	UNCOMMON	ANY	Kethruun	Sandbones	1	1	8	Estado de Sandbones — 66	Um acontecimento em Sandbones expõe o estado atual da cidade. A economia, a estabilidade ou a ameaça local podem mudar a partir desta decisão.	Ajudar a estabilizar a cidade.	stat:PRE>=7	END	cityStability:Sandbones=2;cityEconomy:Sandbones=2;reputation=2;xp=7;flag:city:Sandbones:city_66_resolved=1	END	reputation=-1		Aproveitar a oportunidade econômica.	gold>=5	END	cityEconomy:Sandbones=3;gold=-5;xp=8;flag:city_66_market=1	END	cityThreat:Sandbones=1		CITYSTATE_Sandbones	NONE	12
CITYSTATE_067	CITY	UNCOMMON	ANY	Orinthal	Crystalia	1	1	8	Estado de Crystalia — 67	Um acontecimento em Crystalia expõe o estado atual da cidade. A economia, a estabilidade ou a ameaça local podem mudar a partir desta decisão.	Ajudar a estabilizar a cidade.	stat:PRE>=7	END	cityStability:Crystalia=2;cityEconomy:Crystalia=2;reputation=2;xp=7;flag:city:Crystalia:city_67_resolved=1	END	reputation=-1		Aproveitar a oportunidade econômica.	gold>=5	END	cityEconomy:Crystalia=3;gold=-5;xp=8;flag:city_67_market=1	END	cityThreat:Crystalia=1		CITYSTATE_Crystalia	NONE	12
CITYSTATE_068	CITY	UNCOMMON	ANY	Zarim	Fornalia	1	1	8	Estado de Fornalia — 68	Um acontecimento em Fornalia expõe o estado atual da cidade. A economia, a estabilidade ou a ameaça local podem mudar a partir desta decisão.	Ajudar a estabilizar a cidade.	stat:PRE>=7	END	cityStability:Fornalia=2;cityEconomy:Fornalia=2;reputation=2;xp=7;flag:city:Fornalia:city_68_resolved=1	END	reputation=-1		Aproveitar a oportunidade econômica.	gold>=5	END	cityEconomy:Fornalia=3;gold=-5;xp=8;flag:city_68_market=1	END	cityThreat:Fornalia=1		CITYSTATE_Fornalia	NONE	12
CITYSTATE_069	CITY	UNCOMMON	ANY	Lyrien	Aerocivitus	1	1	8	Estado de Aerocivitus — 69	Um acontecimento em Aerocivitus expõe o estado atual da cidade. A economia, a estabilidade ou a ameaça local podem mudar a partir desta decisão.	Ajudar a estabilizar a cidade.	stat:PRE>=7	END	cityStability:Aerocivitus=2;cityEconomy:Aerocivitus=2;reputation=2;xp=7;flag:city:Aerocivitus:city_69_resolved=1	END	reputation=-1		Aproveitar a oportunidade econômica.	gold>=5	END	cityEconomy:Aerocivitus=3;gold=-5;xp=8;flag:city_69_market=1	END	cityThreat:Aerocivitus=1		CITYSTATE_Aerocivitus	NONE	12
CITYSTATE_070	CITY	UNCOMMON	ANY	Myrthos	Sem nome definido	1	1	8	Estado de Sem nome definido — 70	Um acontecimento em Sem nome definido expõe o estado atual da cidade. A economia, a estabilidade ou a ameaça local podem mudar a partir desta decisão.	Ajudar a estabilizar a cidade.	stat:PRE>=7	END	cityStability:Sem nome definido=2;cityEconomy:Sem nome definido=2;reputation=2;xp=7;flag:city:Sem nome definido:city_70_resolved=1	END	reputation=-1		Aproveitar a oportunidade econômica.	gold>=5	END	cityEconomy:Sem nome definido=3;gold=-5;xp=8;flag:city_70_market=1	END	cityThreat:Sem nome definido=1		CITYSTATE_Sem nome definido	NONE	12
CITYSTATE_071	CITY	UNCOMMON	ANY	Aeloria	Hallowspire	1	1	8	Estado de Hallowspire — 71	Um acontecimento em Hallowspire expõe o estado atual da cidade. A economia, a estabilidade ou a ameaça local podem mudar a partir desta decisão.	Ajudar a estabilizar a cidade.	stat:PRE>=7	END	cityStability:Hallowspire=2;cityEconomy:Hallowspire=2;reputation=2;xp=7;flag:city:Hallowspire:city_71_resolved=1	END	reputation=-1		Aproveitar a oportunidade econômica.	gold>=5	END	cityEconomy:Hallowspire=3;gold=-5;xp=8;flag:city_71_market=1	END	cityThreat:Hallowspire=1		CITYSTATE_Hallowspire	NONE	12
CITYSTATE_072	CITY	UNCOMMON	ANY	Tharun	Stone-Âmbar	1	1	8	Estado de Stone-Âmbar — 72	Um acontecimento em Stone-Âmbar expõe o estado atual da cidade. A economia, a estabilidade ou a ameaça local podem mudar a partir desta decisão.	Ajudar a estabilizar a cidade.	stat:PRE>=7	END	cityStability:Stone-Âmbar=2;cityEconomy:Stone-Âmbar=2;reputation=2;xp=7;flag:city:Stone-Âmbar:city_72_resolved=1	END	reputation=-1		Aproveitar a oportunidade econômica.	gold>=5	END	cityEconomy:Stone-Âmbar=3;gold=-5;xp=8;flag:city_72_market=1	END	cityThreat:Stone-Âmbar=1		CITYSTATE_Stone-Âmbar	NONE	12
CITYSTATE_073	CITY	UNCOMMON	ANY	Nyssara	Emerald Tide	1	1	8	Estado de Emerald Tide — 73	Um acontecimento em Emerald Tide expõe o estado atual da cidade. A economia, a estabilidade ou a ameaça local podem mudar a partir desta decisão.	Ajudar a estabilizar a cidade.	stat:PRE>=7	END	cityStability:Emerald Tide=2;cityEconomy:Emerald Tide=2;reputation=2;xp=7;flag:city:Emerald Tide:city_73_resolved=1	END	reputation=-1		Aproveitar a oportunidade econômica.	gold>=5	END	cityEconomy:Emerald Tide=3;gold=-5;xp=8;flag:city_73_market=1	END	cityThreat:Emerald Tide=1		CITYSTATE_Emerald Tide	NONE	12
CITYSTATE_074	CITY	UNCOMMON	ANY	Valkyrion	Volmeria	1	1	8	Estado de Volmeria — 74	Um acontecimento em Volmeria expõe o estado atual da cidade. A economia, a estabilidade ou a ameaça local podem mudar a partir desta decisão.	Ajudar a estabilizar a cidade.	stat:PRE>=7	END	cityStability:Volmeria=2;cityEconomy:Volmeria=2;reputation=2;xp=7;flag:city:Volmeria:city_74_resolved=1	END	reputation=-1		Aproveitar a oportunidade econômica.	gold>=5	END	cityEconomy:Volmeria=3;gold=-5;xp=8;flag:city_74_market=1	END	cityThreat:Volmeria=1		CITYSTATE_Volmeria	NONE	12
CITYSTATE_075	CITY	UNCOMMON	ANY	Eshmara	Brumas	1	1	8	Estado de Brumas — 75	Um acontecimento em Brumas expõe o estado atual da cidade. A economia, a estabilidade ou a ameaça local podem mudar a partir desta decisão.	Ajudar a estabilizar a cidade.	stat:PRE>=7	END	cityStability:Brumas=2;cityEconomy:Brumas=2;reputation=2;xp=7;flag:city:Brumas:city_75_resolved=1	END	reputation=-1		Aproveitar a oportunidade econômica.	gold>=5	END	cityEconomy:Brumas=3;gold=-5;xp=8;flag:city_75_market=1	END	cityThreat:Brumas=1		CITYSTATE_Brumas	NONE	12
CITYSTATE_076	CITY	UNCOMMON	ANY	Kethruun	Sandbones	1	1	8	Estado de Sandbones — 76	Um acontecimento em Sandbones expõe o estado atual da cidade. A economia, a estabilidade ou a ameaça local podem mudar a partir desta decisão.	Ajudar a estabilizar a cidade.	stat:PRE>=7	END	cityStability:Sandbones=2;cityEconomy:Sandbones=2;reputation=2;xp=7;flag:city:Sandbones:city_76_resolved=1	END	reputation=-1		Aproveitar a oportunidade econômica.	gold>=5	END	cityEconomy:Sandbones=3;gold=-5;xp=8;flag:city_76_market=1	END	cityThreat:Sandbones=1		CITYSTATE_Sandbones	NONE	12
CITYSTATE_077	CITY	UNCOMMON	ANY	Orinthal	Crystalia	1	1	8	Estado de Crystalia — 77	Um acontecimento em Crystalia expõe o estado atual da cidade. A economia, a estabilidade ou a ameaça local podem mudar a partir desta decisão.	Ajudar a estabilizar a cidade.	stat:PRE>=7	END	cityStability:Crystalia=2;cityEconomy:Crystalia=2;reputation=2;xp=7;flag:city:Crystalia:city_77_resolved=1	END	reputation=-1		Aproveitar a oportunidade econômica.	gold>=5	END	cityEconomy:Crystalia=3;gold=-5;xp=8;flag:city_77_market=1	END	cityThreat:Crystalia=1		CITYSTATE_Crystalia	NONE	12
CITYSTATE_078	CITY	UNCOMMON	ANY	Zarim	Fornalia	1	1	8	Estado de Fornalia — 78	Um acontecimento em Fornalia expõe o estado atual da cidade. A economia, a estabilidade ou a ameaça local podem mudar a partir desta decisão.	Ajudar a estabilizar a cidade.	stat:PRE>=7	END	cityStability:Fornalia=2;cityEconomy:Fornalia=2;reputation=2;xp=7;flag:city:Fornalia:city_78_resolved=1	END	reputation=-1		Aproveitar a oportunidade econômica.	gold>=5	END	cityEconomy:Fornalia=3;gold=-5;xp=8;flag:city_78_market=1	END	cityThreat:Fornalia=1		CITYSTATE_Fornalia	NONE	12
CITYSTATE_079	CITY	UNCOMMON	ANY	Lyrien	Aerocivitus	1	1	8	Estado de Aerocivitus — 79	Um acontecimento em Aerocivitus expõe o estado atual da cidade. A economia, a estabilidade ou a ameaça local podem mudar a partir desta decisão.	Ajudar a estabilizar a cidade.	stat:PRE>=7	END	cityStability:Aerocivitus=2;cityEconomy:Aerocivitus=2;reputation=2;xp=7;flag:city:Aerocivitus:city_79_resolved=1	END	reputation=-1		Aproveitar a oportunidade econômica.	gold>=5	END	cityEconomy:Aerocivitus=3;gold=-5;xp=8;flag:city_79_market=1	END	cityThreat:Aerocivitus=1		CITYSTATE_Aerocivitus	NONE	12
CITYSTATE_080	CITY	UNCOMMON	ANY	Myrthos	Sem nome definido	1	1	8	Estado de Sem nome definido — 80	Um acontecimento em Sem nome definido expõe o estado atual da cidade. A economia, a estabilidade ou a ameaça local podem mudar a partir desta decisão.	Ajudar a estabilizar a cidade.	stat:PRE>=7	END	cityStability:Sem nome definido=2;cityEconomy:Sem nome definido=2;reputation=2;xp=7;flag:city:Sem nome definido:city_80_resolved=1	END	reputation=-1		Aproveitar a oportunidade econômica.	gold>=5	END	cityEconomy:Sem nome definido=3;gold=-5;xp=8;flag:city_80_market=1	END	cityThreat:Sem nome definido=1		CITYSTATE_Sem nome definido	NONE	12
CITYSTATE_081	CITY	UNCOMMON	ANY	Aeloria	Rivenholt	1	1	8	Estado de Rivenholt — 81	Um acontecimento em Rivenholt expõe o estado atual da cidade. A economia, a estabilidade ou a ameaça local podem mudar a partir desta decisão.	Ajudar a estabilizar a cidade.	stat:PRE>=7	END	cityStability:Rivenholt=2;cityEconomy:Rivenholt=2;reputation=2;xp=7;flag:city:Rivenholt:city_81_resolved=1	END	reputation=-1		Aproveitar a oportunidade econômica.	gold>=5	END	cityEconomy:Rivenholt=3;gold=-5;xp=8;flag:city_81_market=1	END	cityThreat:Rivenholt=1		CITYSTATE_Rivenholt	NONE	12
CITYSTATE_082	CITY	UNCOMMON	ANY	Tharun	Stone-Âmbar	1	1	8	Estado de Stone-Âmbar — 82	Um acontecimento em Stone-Âmbar expõe o estado atual da cidade. A economia, a estabilidade ou a ameaça local podem mudar a partir desta decisão.	Ajudar a estabilizar a cidade.	stat:PRE>=7	END	cityStability:Stone-Âmbar=2;cityEconomy:Stone-Âmbar=2;reputation=2;xp=7;flag:city:Stone-Âmbar:city_82_resolved=1	END	reputation=-1		Aproveitar a oportunidade econômica.	gold>=5	END	cityEconomy:Stone-Âmbar=3;gold=-5;xp=8;flag:city_82_market=1	END	cityThreat:Stone-Âmbar=1		CITYSTATE_Stone-Âmbar	NONE	12
CITYSTATE_083	CITY	UNCOMMON	ANY	Nyssara	Emerald Tide	1	1	8	Estado de Emerald Tide — 83	Um acontecimento em Emerald Tide expõe o estado atual da cidade. A economia, a estabilidade ou a ameaça local podem mudar a partir desta decisão.	Ajudar a estabilizar a cidade.	stat:PRE>=7	END	cityStability:Emerald Tide=2;cityEconomy:Emerald Tide=2;reputation=2;xp=7;flag:city:Emerald Tide:city_83_resolved=1	END	reputation=-1		Aproveitar a oportunidade econômica.	gold>=5	END	cityEconomy:Emerald Tide=3;gold=-5;xp=8;flag:city_83_market=1	END	cityThreat:Emerald Tide=1		CITYSTATE_Emerald Tide	NONE	12
CITYSTATE_084	CITY	UNCOMMON	ANY	Valkyrion	Volmeria	1	1	8	Estado de Volmeria — 84	Um acontecimento em Volmeria expõe o estado atual da cidade. A economia, a estabilidade ou a ameaça local podem mudar a partir desta decisão.	Ajudar a estabilizar a cidade.	stat:PRE>=7	END	cityStability:Volmeria=2;cityEconomy:Volmeria=2;reputation=2;xp=7;flag:city:Volmeria:city_84_resolved=1	END	reputation=-1		Aproveitar a oportunidade econômica.	gold>=5	END	cityEconomy:Volmeria=3;gold=-5;xp=8;flag:city_84_market=1	END	cityThreat:Volmeria=1		CITYSTATE_Volmeria	NONE	12
CITYSTATE_085	CITY	UNCOMMON	ANY	Eshmara	Brumas	1	1	8	Estado de Brumas — 85	Um acontecimento em Brumas expõe o estado atual da cidade. A economia, a estabilidade ou a ameaça local podem mudar a partir desta decisão.	Ajudar a estabilizar a cidade.	stat:PRE>=7	END	cityStability:Brumas=2;cityEconomy:Brumas=2;reputation=2;xp=7;flag:city:Brumas:city_85_resolved=1	END	reputation=-1		Aproveitar a oportunidade econômica.	gold>=5	END	cityEconomy:Brumas=3;gold=-5;xp=8;flag:city_85_market=1	END	cityThreat:Brumas=1		CITYSTATE_Brumas	NONE	12
CITYSTATE_086	CITY	UNCOMMON	ANY	Kethruun	Sandbones	1	1	8	Estado de Sandbones — 86	Um acontecimento em Sandbones expõe o estado atual da cidade. A economia, a estabilidade ou a ameaça local podem mudar a partir desta decisão.	Ajudar a estabilizar a cidade.	stat:PRE>=7	END	cityStability:Sandbones=2;cityEconomy:Sandbones=2;reputation=2;xp=7;flag:city:Sandbones:city_86_resolved=1	END	reputation=-1		Aproveitar a oportunidade econômica.	gold>=5	END	cityEconomy:Sandbones=3;gold=-5;xp=8;flag:city_86_market=1	END	cityThreat:Sandbones=1		CITYSTATE_Sandbones	NONE	12
CITYSTATE_087	CITY	UNCOMMON	ANY	Orinthal	Crystalia	1	1	8	Estado de Crystalia — 87	Um acontecimento em Crystalia expõe o estado atual da cidade. A economia, a estabilidade ou a ameaça local podem mudar a partir desta decisão.	Ajudar a estabilizar a cidade.	stat:PRE>=7	END	cityStability:Crystalia=2;cityEconomy:Crystalia=2;reputation=2;xp=7;flag:city:Crystalia:city_87_resolved=1	END	reputation=-1		Aproveitar a oportunidade econômica.	gold>=5	END	cityEconomy:Crystalia=3;gold=-5;xp=8;flag:city_87_market=1	END	cityThreat:Crystalia=1		CITYSTATE_Crystalia	NONE	12
CITYSTATE_088	CITY	UNCOMMON	ANY	Zarim	Fornalia	1	1	8	Estado de Fornalia — 88	Um acontecimento em Fornalia expõe o estado atual da cidade. A economia, a estabilidade ou a ameaça local podem mudar a partir desta decisão.	Ajudar a estabilizar a cidade.	stat:PRE>=7	END	cityStability:Fornalia=2;cityEconomy:Fornalia=2;reputation=2;xp=7;flag:city:Fornalia:city_88_resolved=1	END	reputation=-1		Aproveitar a oportunidade econômica.	gold>=5	END	cityEconomy:Fornalia=3;gold=-5;xp=8;flag:city_88_market=1	END	cityThreat:Fornalia=1		CITYSTATE_Fornalia	NONE	12
CITYSTATE_089	CITY	UNCOMMON	ANY	Lyrien	Aerocivitus	1	1	8	Estado de Aerocivitus — 89	Um acontecimento em Aerocivitus expõe o estado atual da cidade. A economia, a estabilidade ou a ameaça local podem mudar a partir desta decisão.	Ajudar a estabilizar a cidade.	stat:PRE>=7	END	cityStability:Aerocivitus=2;cityEconomy:Aerocivitus=2;reputation=2;xp=7;flag:city:Aerocivitus:city_89_resolved=1	END	reputation=-1		Aproveitar a oportunidade econômica.	gold>=5	END	cityEconomy:Aerocivitus=3;gold=-5;xp=8;flag:city_89_market=1	END	cityThreat:Aerocivitus=1		CITYSTATE_Aerocivitus	NONE	12
CITYSTATE_090	CITY	UNCOMMON	ANY	Myrthos	Sem nome definido	1	1	8	Estado de Sem nome definido — 90	Um acontecimento em Sem nome definido expõe o estado atual da cidade. A economia, a estabilidade ou a ameaça local podem mudar a partir desta decisão.	Ajudar a estabilizar a cidade.	stat:PRE>=7	END	cityStability:Sem nome definido=2;cityEconomy:Sem nome definido=2;reputation=2;xp=7;flag:city:Sem nome definido:city_90_resolved=1	END	reputation=-1		Aproveitar a oportunidade econômica.	gold>=5	END	cityEconomy:Sem nome definido=3;gold=-5;xp=8;flag:city_90_market=1	END	cityThreat:Sem nome definido=1		CITYSTATE_Sem nome definido	NONE	12
CITYSTATE_091	CITY	UNCOMMON	ANY	Aeloria	Blackmere	1	1	8	Estado de Blackmere — 91	Um acontecimento em Blackmere expõe o estado atual da cidade. A economia, a estabilidade ou a ameaça local podem mudar a partir desta decisão.	Ajudar a estabilizar a cidade.	stat:PRE>=7	END	cityStability:Blackmere=2;cityEconomy:Blackmere=2;reputation=2;xp=7;flag:city:Blackmere:city_91_resolved=1	END	reputation=-1		Aproveitar a oportunidade econômica.	gold>=5	END	cityEconomy:Blackmere=3;gold=-5;xp=8;flag:city_91_market=1	END	cityThreat:Blackmere=1		CITYSTATE_Blackmere	NONE	12
CITYSTATE_092	CITY	UNCOMMON	ANY	Tharun	Stone-Âmbar	1	1	8	Estado de Stone-Âmbar — 92	Um acontecimento em Stone-Âmbar expõe o estado atual da cidade. A economia, a estabilidade ou a ameaça local podem mudar a partir desta decisão.	Ajudar a estabilizar a cidade.	stat:PRE>=7	END	cityStability:Stone-Âmbar=2;cityEconomy:Stone-Âmbar=2;reputation=2;xp=7;flag:city:Stone-Âmbar:city_92_resolved=1	END	reputation=-1		Aproveitar a oportunidade econômica.	gold>=5	END	cityEconomy:Stone-Âmbar=3;gold=-5;xp=8;flag:city_92_market=1	END	cityThreat:Stone-Âmbar=1		CITYSTATE_Stone-Âmbar	NONE	12
CITYSTATE_093	CITY	UNCOMMON	ANY	Nyssara	Emerald Tide	1	1	8	Estado de Emerald Tide — 93	Um acontecimento em Emerald Tide expõe o estado atual da cidade. A economia, a estabilidade ou a ameaça local podem mudar a partir desta decisão.	Ajudar a estabilizar a cidade.	stat:PRE>=7	END	cityStability:Emerald Tide=2;cityEconomy:Emerald Tide=2;reputation=2;xp=7;flag:city:Emerald Tide:city_93_resolved=1	END	reputation=-1		Aproveitar a oportunidade econômica.	gold>=5	END	cityEconomy:Emerald Tide=3;gold=-5;xp=8;flag:city_93_market=1	END	cityThreat:Emerald Tide=1		CITYSTATE_Emerald Tide	NONE	12
CITYSTATE_094	CITY	UNCOMMON	ANY	Valkyrion	Volmeria	1	1	8	Estado de Volmeria — 94	Um acontecimento em Volmeria expõe o estado atual da cidade. A economia, a estabilidade ou a ameaça local podem mudar a partir desta decisão.	Ajudar a estabilizar a cidade.	stat:PRE>=7	END	cityStability:Volmeria=2;cityEconomy:Volmeria=2;reputation=2;xp=7;flag:city:Volmeria:city_94_resolved=1	END	reputation=-1		Aproveitar a oportunidade econômica.	gold>=5	END	cityEconomy:Volmeria=3;gold=-5;xp=8;flag:city_94_market=1	END	cityThreat:Volmeria=1		CITYSTATE_Volmeria	NONE	12
CITYSTATE_095	CITY	UNCOMMON	ANY	Eshmara	Brumas	1	1	8	Estado de Brumas — 95	Um acontecimento em Brumas expõe o estado atual da cidade. A economia, a estabilidade ou a ameaça local podem mudar a partir desta decisão.	Ajudar a estabilizar a cidade.	stat:PRE>=7	END	cityStability:Brumas=2;cityEconomy:Brumas=2;reputation=2;xp=7;flag:city:Brumas:city_95_resolved=1	END	reputation=-1		Aproveitar a oportunidade econômica.	gold>=5	END	cityEconomy:Brumas=3;gold=-5;xp=8;flag:city_95_market=1	END	cityThreat:Brumas=1		CITYSTATE_Brumas	NONE	12
CITYSTATE_096	CITY	UNCOMMON	ANY	Kethruun	Sandbones	1	1	8	Estado de Sandbones — 96	Um acontecimento em Sandbones expõe o estado atual da cidade. A economia, a estabilidade ou a ameaça local podem mudar a partir desta decisão.	Ajudar a estabilizar a cidade.	stat:PRE>=7	END	cityStability:Sandbones=2;cityEconomy:Sandbones=2;reputation=2;xp=7;flag:city:Sandbones:city_96_resolved=1	END	reputation=-1		Aproveitar a oportunidade econômica.	gold>=5	END	cityEconomy:Sandbones=3;gold=-5;xp=8;flag:city_96_market=1	END	cityThreat:Sandbones=1		CITYSTATE_Sandbones	NONE	12
CITYSTATE_097	CITY	UNCOMMON	ANY	Orinthal	Crystalia	1	1	8	Estado de Crystalia — 97	Um acontecimento em Crystalia expõe o estado atual da cidade. A economia, a estabilidade ou a ameaça local podem mudar a partir desta decisão.	Ajudar a estabilizar a cidade.	stat:PRE>=7	END	cityStability:Crystalia=2;cityEconomy:Crystalia=2;reputation=2;xp=7;flag:city:Crystalia:city_97_resolved=1	END	reputation=-1		Aproveitar a oportunidade econômica.	gold>=5	END	cityEconomy:Crystalia=3;gold=-5;xp=8;flag:city_97_market=1	END	cityThreat:Crystalia=1		CITYSTATE_Crystalia	NONE	12
CITYSTATE_098	CITY	UNCOMMON	ANY	Zarim	Fornalia	1	1	8	Estado de Fornalia — 98	Um acontecimento em Fornalia expõe o estado atual da cidade. A economia, a estabilidade ou a ameaça local podem mudar a partir desta decisão.	Ajudar a estabilizar a cidade.	stat:PRE>=7	END	cityStability:Fornalia=2;cityEconomy:Fornalia=2;reputation=2;xp=7;flag:city:Fornalia:city_98_resolved=1	END	reputation=-1		Aproveitar a oportunidade econômica.	gold>=5	END	cityEconomy:Fornalia=3;gold=-5;xp=8;flag:city_98_market=1	END	cityThreat:Fornalia=1		CITYSTATE_Fornalia	NONE	12
CITYSTATE_099	CITY	UNCOMMON	ANY	Lyrien	Aerocivitus	1	1	8	Estado de Aerocivitus — 99	Um acontecimento em Aerocivitus expõe o estado atual da cidade. A economia, a estabilidade ou a ameaça local podem mudar a partir desta decisão.	Ajudar a estabilizar a cidade.	stat:PRE>=7	END	cityStability:Aerocivitus=2;cityEconomy:Aerocivitus=2;reputation=2;xp=7;flag:city:Aerocivitus:city_99_resolved=1	END	reputation=-1		Aproveitar a oportunidade econômica.	gold>=5	END	cityEconomy:Aerocivitus=3;gold=-5;xp=8;flag:city_99_market=1	END	cityThreat:Aerocivitus=1		CITYSTATE_Aerocivitus	NONE	12
CITYSTATE_100	CITY	UNCOMMON	ANY	Myrthos	Sem nome definido	1	1	8	Estado de Sem nome definido — 100	Um acontecimento em Sem nome definido expõe o estado atual da cidade. A economia, a estabilidade ou a ameaça local podem mudar a partir desta decisão.	Ajudar a estabilizar a cidade.	stat:PRE>=7	END	cityStability:Sem nome definido=2;cityEconomy:Sem nome definido=2;reputation=2;xp=7;flag:city:Sem nome definido:city_100_resolved=1	END	reputation=-1		Aproveitar a oportunidade econômica.	gold>=5	END	cityEconomy:Sem nome definido=3;gold=-5;xp=8;flag:city_100_market=1	END	cityThreat:Sem nome definido=1		CITYSTATE_Sem nome definido	NONE	12
OPP_001	OPPORTUNITY	UNCOMMON	ANY	Aeloria	Lunareth	1	1	9	Oportunidade — Comércio	Uma oportunidade de comércio surge em Lunareth. Ela pode abrir uma porta que outros jogadores nunca verão dependendo do que você já fez.	Aceitar e investir tempo.	fatigue<=80	END	xp=9;reputation=1;gold=4;flag:opp_1_done=1;flag:opportunity:Lunareth:1=1	END	fatigue=2		Perguntar por algo mais seguro.	PRE>=6	END	xp=5;reputation=1	END	fatigue=1		COMÉRCIO_OPP	NONE	7
OPP_002	OPPORTUNITY	UNCOMMON	ANY	Tharun	Stone-Âmbar	1	1	9	Oportunidade — Arena	Uma oportunidade de arena surge em Stone-Âmbar. Ela pode abrir uma porta que outros jogadores nunca verão dependendo do que você já fez.	Aceitar e investir tempo.	fatigue<=80	END	xp=9;reputation=1;gold=4;flag:opp_2_done=1;flag:opportunity:Stone-Âmbar:2=1	END	fatigue=2		Perguntar por algo mais seguro.	PRE>=6	END	xp=5;reputation=1	END	fatigue=1		ARENA_OPP	NONE	7
OPP_003	OPPORTUNITY	UNCOMMON	ANY	Nyssara	Emerald Tide	1	1	9	Oportunidade — Pesquisa	Uma oportunidade de pesquisa surge em Emerald Tide. Ela pode abrir uma porta que outros jogadores nunca verão dependendo do que você já fez.	Aceitar e investir tempo.	fatigue<=80	END	xp=9;reputation=1;gold=4;flag:opp_3_done=1;flag:opportunity:Emerald Tide:3=1	END	fatigue=2		Perguntar por algo mais seguro.	PRE>=6	END	xp=5;reputation=1	END	fatigue=1		PESQUISA_OPP	NONE	7
OPP_004	OPPORTUNITY	UNCOMMON	ANY	Valkyrion	Volmeria	1	1	9	Oportunidade — Rumor de Dungeon	Uma oportunidade de rumor de dungeon surge em Volmeria. Ela pode abrir uma porta que outros jogadores nunca verão dependendo do que você já fez.	Aceitar e investir tempo.	fatigue<=80	END	xp=9;reputation=1;gold=4;flag:opp_4_done=1;flag:opportunity:Volmeria:4=1	END	fatigue=2		Perguntar por algo mais seguro.	PRE>=6	END	xp=5;reputation=1	END	fatigue=1		RUMOR DE DUNGEON_OPP	NONE	7
OPP_005	OPPORTUNITY	UNCOMMON	ANY	Eshmara	Brumas	1	1	9	Oportunidade — Contato	Uma oportunidade de contato surge em Brumas. Ela pode abrir uma porta que outros jogadores nunca verão dependendo do que você já fez.	Aceitar e investir tempo.	fatigue<=80	END	xp=9;reputation=1;gold=4;flag:opp_5_done=1;flag:opportunity:Brumas:5=1	END	fatigue=2		Perguntar por algo mais seguro.	PRE>=6	END	xp=5;reputation=1	END	fatigue=1		CONTATO_OPP	NONE	7
OPP_006	OPPORTUNITY	UNCOMMON	ANY	Kethruun	Sandbones	1	1	9	Oportunidade — Guilda	Uma oportunidade de guilda surge em Sandbones. Ela pode abrir uma porta que outros jogadores nunca verão dependendo do que você já fez.	Aceitar e investir tempo.	fatigue<=80	END	xp=9;reputation=1;gold=4;flag:opp_6_done=1;flag:opportunity:Sandbones:6=1	END	fatigue=2		Perguntar por algo mais seguro.	PRE>=6	END	xp=5;reputation=1	END	fatigue=1		GUILDA_OPP	NONE	7
OPP_007	OPPORTUNITY	UNCOMMON	ANY	Orinthal	Crystalia	1	1	9	Oportunidade — Comércio	Uma oportunidade de comércio surge em Crystalia. Ela pode abrir uma porta que outros jogadores nunca verão dependendo do que você já fez.	Aceitar e investir tempo.	fatigue<=80	END	xp=9;reputation=1;gold=4;flag:opp_7_done=1;flag:opportunity:Crystalia:7=1	END	fatigue=2		Perguntar por algo mais seguro.	PRE>=6	END	xp=5;reputation=1	END	fatigue=1		COMÉRCIO_OPP	cityEconomy:Crystalia>=2	7
OPP_008	OPPORTUNITY	UNCOMMON	ANY	Zarim	Fornalia	1	1	9	Oportunidade — Arena	Uma oportunidade de arena surge em Fornalia. Ela pode abrir uma porta que outros jogadores nunca verão dependendo do que você já fez.	Aceitar e investir tempo.	fatigue<=80	END	xp=9;reputation=1;gold=4;flag:opp_8_done=1;flag:opportunity:Fornalia:8=1	END	fatigue=2		Perguntar por algo mais seguro.	PRE>=6	END	xp=5;reputation=1	END	fatigue=1		ARENA_OPP	NONE	7
OPP_009	OPPORTUNITY	UNCOMMON	ANY	Lyrien	Aerocivitus	1	1	9	Oportunidade — Pesquisa	Uma oportunidade de pesquisa surge em Aerocivitus. Ela pode abrir uma porta que outros jogadores nunca verão dependendo do que você já fez.	Aceitar e investir tempo.	fatigue<=80	END	xp=9;reputation=1;gold=4;flag:opp_9_done=1;flag:opportunity:Aerocivitus:9=1	END	fatigue=2		Perguntar por algo mais seguro.	PRE>=6	END	xp=5;reputation=1	END	fatigue=1		PESQUISA_OPP	reputation>=4&relation:NPC_MIRIEL>=7	7
OPP_010	OPPORTUNITY	UNCOMMON	ANY	Myrthos	Sem nome definido	1	1	9	Oportunidade — Rumor de Dungeon	Uma oportunidade de rumor de dungeon surge em Sem nome definido. Ela pode abrir uma porta que outros jogadores nunca verão dependendo do que você já fez.	Aceitar e investir tempo.	fatigue<=80	END	xp=9;reputation=1;gold=4;flag:opp_10_done=1;flag:opportunity:Sem nome definido:10=1	END	fatigue=2		Perguntar por algo mais seguro.	PRE>=6	END	xp=5;reputation=1;reputation=1;flag:opportunity:Sem nome definido:10_alternative=1	END	fatigue=1		RUMOR DE DUNGEON_OPP	NONE	7
OPP_011	OPPORTUNITY	UNCOMMON	ANY	Aeloria	Rivenholt	1	1	9	Oportunidade — Contato	Uma oportunidade de contato surge em Rivenholt. Ela pode abrir uma porta que outros jogadores nunca verão dependendo do que você já fez.	Aceitar e investir tempo.	fatigue<=80	END	xp=9;reputation=1;gold=4;flag:opp_11_done=1;flag:opportunity:Rivenholt:11=1	END	fatigue=2		Perguntar por algo mais seguro.	PRE>=6	END	xp=5;reputation=1	END	fatigue=1		CONTATO_OPP	NONE	7
OPP_012	OPPORTUNITY	UNCOMMON	ANY	Tharun	Stone-Âmbar	1	1	9	Oportunidade — Guilda	Uma oportunidade de guilda surge em Stone-Âmbar. Ela pode abrir uma porta que outros jogadores nunca verão dependendo do que você já fez.	Aceitar e investir tempo.	fatigue<=80	END	xp=9;reputation=1;gold=4;flag:opp_12_done=1;flag:opportunity:Stone-Âmbar:12=1	END	fatigue=2		Perguntar por algo mais seguro.	PRE>=6	END	xp=5;reputation=1	END	fatigue=1		GUILDA_OPP	NONE	7
OPP_013	OPPORTUNITY	UNCOMMON	ANY	Nyssara	Emerald Tide	1	1	9	Oportunidade — Comércio	Uma oportunidade de comércio surge em Emerald Tide. Ela pode abrir uma porta que outros jogadores nunca verão dependendo do que você já fez.	Aceitar e investir tempo.	fatigue<=80	END	xp=9;reputation=1;gold=4;flag:opp_13_done=1;flag:opportunity:Emerald Tide:13=1	END	fatigue=2		Perguntar por algo mais seguro.	PRE>=6	END	xp=5;reputation=1	END	fatigue=1		COMÉRCIO_OPP	NONE	7
OPP_014	OPPORTUNITY	UNCOMMON	ANY	Valkyrion	Volmeria	1	1	9	Oportunidade — Arena	Uma oportunidade de arena surge em Volmeria. Ela pode abrir uma porta que outros jogadores nunca verão dependendo do que você já fez.	Aceitar e investir tempo.	fatigue<=80	END	xp=9;reputation=1;gold=4;flag:opp_14_done=1;flag:opportunity:Volmeria:14=1	END	fatigue=2		Perguntar por algo mais seguro.	PRE>=6	END	xp=5;reputation=1	END	fatigue=1		ARENA_OPP	cityEconomy:Volmeria>=2	7
OPP_015	OPPORTUNITY	UNCOMMON	ANY	Eshmara	Brumas	1	1	9	Oportunidade após uma grande decisão — Oportunidade — Pesquisa	Uma oportunidade de pesquisa surge em Brumas. Ela pode abrir uma porta que outros jogadores nunca verão dependendo do que você já fez.	Aceitar e investir tempo.	fatigue<=80	END	xp=9;reputation=1;gold=4;flag:opp_15_done=1;flag:opportunity:Brumas:15=1	END	fatigue=2		Perguntar por algo mais seguro.	PRE>=6	END	xp=5;reputation=1	END	fatigue=1		PESQUISA_OPP	flag:sq_15_complete	7
OPP_016	OPPORTUNITY	UNCOMMON	ANY	Kethruun	Sandbones	1	1	9	Oportunidade — Rumor de Dungeon	Uma oportunidade de rumor de dungeon surge em Sandbones. Ela pode abrir uma porta que outros jogadores nunca verão dependendo do que você já fez.	Aceitar e investir tempo.	fatigue<=80	END	xp=9;reputation=1;gold=4;flag:opp_16_done=1;flag:opportunity:Sandbones:16=1	END	fatigue=2		Perguntar por algo mais seguro.	PRE>=6	END	xp=5;reputation=1	END	fatigue=1		RUMOR DE DUNGEON_OPP	NONE	7
OPP_017	OPPORTUNITY	UNCOMMON	ANY	Orinthal	Crystalia	1	1	9	Oportunidade — Contato	Uma oportunidade de contato surge em Crystalia. Ela pode abrir uma porta que outros jogadores nunca verão dependendo do que você já fez.	Aceitar e investir tempo.	fatigue<=80	END	xp=9;reputation=1;gold=4;flag:opp_17_done=1;flag:opportunity:Crystalia:17=1	END	fatigue=2		Perguntar por algo mais seguro.	PRE>=6	END	xp=5;reputation=1	END	fatigue=1		CONTATO_OPP	NONE	7
OPP_018	OPPORTUNITY	UNCOMMON	ANY	Zarim	Fornalia	1	1	9	Oportunidade — Guilda	Uma oportunidade de guilda surge em Fornalia. Ela pode abrir uma porta que outros jogadores nunca verão dependendo do que você já fez.	Aceitar e investir tempo.	fatigue<=80	END	xp=9;reputation=1;gold=4;flag:opp_18_done=1;flag:opportunity:Fornalia:18=1	END	fatigue=2		Perguntar por algo mais seguro.	PRE>=6	END	xp=5;reputation=1	END	fatigue=1		GUILDA_OPP	reputation>=4&relation:NPC_MIRIEL>=7	7
OPP_019	OPPORTUNITY	UNCOMMON	ANY	Lyrien	Aerocivitus	1	1	9	Oportunidade — Comércio	Uma oportunidade de comércio surge em Aerocivitus. Ela pode abrir uma porta que outros jogadores nunca verão dependendo do que você já fez.	Aceitar e investir tempo.	fatigue<=80	END	xp=9;reputation=1;gold=4;flag:opp_19_done=1;flag:opportunity:Aerocivitus:19=1	END	fatigue=2		Perguntar por algo mais seguro.	PRE>=6	END	xp=5;reputation=1	END	fatigue=1		COMÉRCIO_OPP	NONE	7
OPP_020	OPPORTUNITY	UNCOMMON	ANY	Aeloria	Valdora	1	1	9	Oportunidade desbloqueada — Oportunidade — Arena	Uma oportunidade de arena surge em Sem nome definido. Ela pode abrir uma porta que outros jogadores nunca verão dependendo do que você já fez.	Aceitar e investir tempo.	fatigue<=80	END	xp=9;reputation=1;gold=4;flag:opp_20_done=1;flag:opportunity:Sem nome definido:20=1	END	fatigue=2		Perguntar por algo mais seguro.	PRE>=6	END	xp=5;reputation=1;reputation=1;flag:opportunity:Sem nome definido:20_alternative=1	END	fatigue=1		ARENA_OPP	cityFlag:Valdora:stabilized	7
OPP_021	OPPORTUNITY	UNCOMMON	ANY	Aeloria	Lorwynne	1	1	9	Oportunidade — Pesquisa	Uma oportunidade de pesquisa surge em Lorwynne. Ela pode abrir uma porta que outros jogadores nunca verão dependendo do que você já fez.	Aceitar e investir tempo.	fatigue<=80	END	xp=9;reputation=1;gold=4;flag:opp_21_done=1;flag:opportunity:Lorwynne:21=1	END	fatigue=2		Perguntar por algo mais seguro.	PRE>=6	END	xp=5;reputation=1	END	fatigue=1		PESQUISA_OPP	cityEconomy:Lorwynne>=2	7
OPP_022	OPPORTUNITY	UNCOMMON	ANY	Tharun	Stone-Âmbar	1	1	9	Oportunidade — Rumor de Dungeon	Uma oportunidade de rumor de dungeon surge em Stone-Âmbar. Ela pode abrir uma porta que outros jogadores nunca verão dependendo do que você já fez.	Aceitar e investir tempo.	fatigue<=80	END	xp=9;reputation=1;gold=4;flag:opp_22_done=1;flag:opportunity:Stone-Âmbar:22=1	END	fatigue=2		Perguntar por algo mais seguro.	PRE>=6	END	xp=5;reputation=1	END	fatigue=1		RUMOR DE DUNGEON_OPP	NONE	7
OPP_023	OPPORTUNITY	UNCOMMON	ANY	Nyssara	Emerald Tide	1	1	9	Oportunidade — Contato	Uma oportunidade de contato surge em Emerald Tide. Ela pode abrir uma porta que outros jogadores nunca verão dependendo do que você já fez.	Aceitar e investir tempo.	fatigue<=80	END	xp=9;reputation=1;gold=4;flag:opp_23_done=1;flag:opportunity:Emerald Tide:23=1	END	fatigue=2		Perguntar por algo mais seguro.	PRE>=6	END	xp=5;reputation=1	END	fatigue=1		CONTATO_OPP	NONE	7
OPP_024	OPPORTUNITY	UNCOMMON	ANY	Valkyrion	Volmeria	1	1	9	Oportunidade — Guilda	Uma oportunidade de guilda surge em Volmeria. Ela pode abrir uma porta que outros jogadores nunca verão dependendo do que você já fez.	Aceitar e investir tempo.	fatigue<=80	END	xp=9;reputation=1;gold=4;flag:opp_24_done=1;flag:opportunity:Volmeria:24=1	END	fatigue=2		Perguntar por algo mais seguro.	PRE>=6	END	xp=5;reputation=1	END	fatigue=1		GUILDA_OPP	NONE	7
OPP_025	OPPORTUNITY	UNCOMMON	ANY	Eshmara	Brumas	1	1	9	Oportunidade — Comércio	Uma oportunidade de comércio surge em Brumas. Ela pode abrir uma porta que outros jogadores nunca verão dependendo do que você já fez.	Aceitar e investir tempo.	fatigue<=80	END	xp=9;reputation=1;gold=4;flag:opp_25_done=1;flag:opportunity:Brumas:25=1	END	fatigue=2		Perguntar por algo mais seguro.	PRE>=6	END	xp=5;reputation=1	END	fatigue=1		COMÉRCIO_OPP	NONE	7
OPP_026	OPPORTUNITY	UNCOMMON	ANY	Kethruun	Sandbones	1	1	9	Oportunidade — Arena	Uma oportunidade de arena surge em Sandbones. Ela pode abrir uma porta que outros jogadores nunca verão dependendo do que você já fez.	Aceitar e investir tempo.	fatigue<=80	END	xp=9;reputation=1;gold=4;flag:opp_26_done=1;flag:opportunity:Sandbones:26=1	END	fatigue=2		Perguntar por algo mais seguro.	PRE>=6	END	xp=5;reputation=1	END	fatigue=1		ARENA_OPP	NONE	7
OPP_027	OPPORTUNITY	UNCOMMON	ANY	Orinthal	Crystalia	1	1	9	Oportunidade — Pesquisa	Uma oportunidade de pesquisa surge em Crystalia. Ela pode abrir uma porta que outros jogadores nunca verão dependendo do que você já fez.	Aceitar e investir tempo.	fatigue<=80	END	xp=9;reputation=1;gold=4;flag:opp_27_done=1;flag:opportunity:Crystalia:27=1	END	fatigue=2		Perguntar por algo mais seguro.	PRE>=6	END	xp=5;reputation=1	END	fatigue=1		PESQUISA_OPP	reputation>=4&relation:NPC_MIRIEL>=7	7
OPP_028	OPPORTUNITY	UNCOMMON	ANY	Zarim	Fornalia	1	1	9	Oportunidade — Rumor de Dungeon	Uma oportunidade de rumor de dungeon surge em Fornalia. Ela pode abrir uma porta que outros jogadores nunca verão dependendo do que você já fez.	Aceitar e investir tempo.	fatigue<=80	END	xp=9;reputation=1;gold=4;flag:opp_28_done=1;flag:opportunity:Fornalia:28=1	END	fatigue=2		Perguntar por algo mais seguro.	PRE>=6	END	xp=5;reputation=1	END	fatigue=1		RUMOR DE DUNGEON_OPP	cityEconomy:Fornalia>=2	7
OPP_029	OPPORTUNITY	UNCOMMON	ANY	Lyrien	Aerocivitus	1	1	9	Oportunidade — Contato	Uma oportunidade de contato surge em Aerocivitus. Ela pode abrir uma porta que outros jogadores nunca verão dependendo do que você já fez.	Aceitar e investir tempo.	fatigue<=80	END	xp=9;reputation=1;gold=4;flag:opp_29_done=1;flag:opportunity:Aerocivitus:29=1	END	fatigue=2		Perguntar por algo mais seguro.	PRE>=6	END	xp=5;reputation=1	END	fatigue=1		CONTATO_OPP	NONE	7
OPP_030	OPPORTUNITY	UNCOMMON	ANY	Myrthos	Sem nome definido	1	1	9	Oportunidade após uma grande decisão — Oportunidade — Guilda	Uma oportunidade de guilda surge em Sem nome definido. Ela pode abrir uma porta que outros jogadores nunca verão dependendo do que você já fez.	Aceitar e investir tempo.	fatigue<=80	END	xp=9;reputation=1;gold=4;flag:opp_30_done=1;flag:opportunity:Sem nome definido:30=1	END	fatigue=2		Perguntar por algo mais seguro.	PRE>=6	END	xp=5;reputation=1;reputation=1;flag:opportunity:Sem nome definido:30_alternative=1	END	fatigue=1		GUILDA_OPP	flag:sq_30_complete	7
OPP_031	OPPORTUNITY	UNCOMMON	ANY	Aeloria	Feyndral	1	1	9	Oportunidade — Comércio	Uma oportunidade de comércio surge em Feyndral. Ela pode abrir uma porta que outros jogadores nunca verão dependendo do que você já fez.	Aceitar e investir tempo.	fatigue<=80	END	xp=9;reputation=1;gold=4;flag:opp_31_done=1;flag:opportunity:Feyndral:31=1	END	fatigue=2		Perguntar por algo mais seguro.	PRE>=6	END	xp=5;reputation=1	END	fatigue=1		COMÉRCIO_OPP	NONE	7
OPP_032	OPPORTUNITY	UNCOMMON	ANY	Tharun	Stone-Âmbar	1	1	9	Oportunidade — Arena	Uma oportunidade de arena surge em Stone-Âmbar. Ela pode abrir uma porta que outros jogadores nunca verão dependendo do que você já fez.	Aceitar e investir tempo.	fatigue<=80	END	xp=9;reputation=1;gold=4;flag:opp_32_done=1;flag:opportunity:Stone-Âmbar:32=1	END	fatigue=2		Perguntar por algo mais seguro.	PRE>=6	END	xp=5;reputation=1	END	fatigue=1		ARENA_OPP	NONE	7
OPP_033	OPPORTUNITY	UNCOMMON	ANY	Nyssara	Emerald Tide	1	1	9	Oportunidade — Pesquisa	Uma oportunidade de pesquisa surge em Emerald Tide. Ela pode abrir uma porta que outros jogadores nunca verão dependendo do que você já fez.	Aceitar e investir tempo.	fatigue<=80	END	xp=9;reputation=1;gold=4;flag:opp_33_done=1;flag:opportunity:Emerald Tide:33=1	END	fatigue=2		Perguntar por algo mais seguro.	PRE>=6	END	xp=5;reputation=1	END	fatigue=1		PESQUISA_OPP	NONE	7
OPP_034	OPPORTUNITY	UNCOMMON	ANY	Valkyrion	Volmeria	1	1	9	Oportunidade — Rumor de Dungeon	Uma oportunidade de rumor de dungeon surge em Volmeria. Ela pode abrir uma porta que outros jogadores nunca verão dependendo do que você já fez.	Aceitar e investir tempo.	fatigue<=80	END	xp=9;reputation=1;gold=4;flag:opp_34_done=1;flag:opportunity:Volmeria:34=1	END	fatigue=2		Perguntar por algo mais seguro.	PRE>=6	END	xp=5;reputation=1	END	fatigue=1		RUMOR DE DUNGEON_OPP	NONE	7
OPP_035	OPPORTUNITY	UNCOMMON	ANY	Eshmara	Brumas	1	1	9	Oportunidade — Contato	Uma oportunidade de contato surge em Brumas. Ela pode abrir uma porta que outros jogadores nunca verão dependendo do que você já fez.	Aceitar e investir tempo.	fatigue<=80	END	xp=9;reputation=1;gold=4;flag:opp_35_done=1;flag:opportunity:Brumas:35=1	END	fatigue=2		Perguntar por algo mais seguro.	PRE>=6	END	xp=5;reputation=1	END	fatigue=1		CONTATO_OPP	cityEconomy:Brumas>=2	7
OPP_036	OPPORTUNITY	UNCOMMON	ANY	Kethruun	Sandbones	1	1	9	Oportunidade — Guilda	Uma oportunidade de guilda surge em Sandbones. Ela pode abrir uma porta que outros jogadores nunca verão dependendo do que você já fez.	Aceitar e investir tempo.	fatigue<=80	END	xp=9;reputation=1;gold=4;flag:opp_36_done=1;flag:opportunity:Sandbones:36=1	END	fatigue=2		Perguntar por algo mais seguro.	PRE>=6	END	xp=5;reputation=1	END	fatigue=1		GUILDA_OPP	reputation>=4&relation:NPC_MIRIEL>=7	7
OPP_037	OPPORTUNITY	UNCOMMON	ANY	Orinthal	Crystalia	1	1	9	Oportunidade — Comércio	Uma oportunidade de comércio surge em Crystalia. Ela pode abrir uma porta que outros jogadores nunca verão dependendo do que você já fez.	Aceitar e investir tempo.	fatigue<=80	END	xp=9;reputation=1;gold=4;flag:opp_37_done=1;flag:opportunity:Crystalia:37=1	END	fatigue=2		Perguntar por algo mais seguro.	PRE>=6	END	xp=5;reputation=1	END	fatigue=1		COMÉRCIO_OPP	NONE	7
OPP_038	OPPORTUNITY	UNCOMMON	ANY	Zarim	Fornalia	1	1	9	Oportunidade — Arena	Uma oportunidade de arena surge em Fornalia. Ela pode abrir uma porta que outros jogadores nunca verão dependendo do que você já fez.	Aceitar e investir tempo.	fatigue<=80	END	xp=9;reputation=1;gold=4;flag:opp_38_done=1;flag:opportunity:Fornalia:38=1	END	fatigue=2		Perguntar por algo mais seguro.	PRE>=6	END	xp=5;reputation=1	END	fatigue=1		ARENA_OPP	NONE	7
OPP_039	OPPORTUNITY	UNCOMMON	ANY	Lyrien	Aerocivitus	1	1	9	Oportunidade — Pesquisa	Uma oportunidade de pesquisa surge em Aerocivitus. Ela pode abrir uma porta que outros jogadores nunca verão dependendo do que você já fez.	Aceitar e investir tempo.	fatigue<=80	END	xp=9;reputation=1;gold=4;flag:opp_39_done=1;flag:opportunity:Aerocivitus:39=1	END	fatigue=2		Perguntar por algo mais seguro.	PRE>=6	END	xp=5;reputation=1	END	fatigue=1		PESQUISA_OPP	NONE	7
OPP_040	OPPORTUNITY	UNCOMMON	ANY	Aeloria	Valdora	1	1	9	Oportunidade desbloqueada — Oportunidade — Rumor de Dungeon	Uma oportunidade de rumor de dungeon surge em Sem nome definido. Ela pode abrir uma porta que outros jogadores nunca verão dependendo do que você já fez.	Aceitar e investir tempo.	fatigue<=80	END	xp=9;reputation=1;gold=4;flag:opp_40_done=1;flag:opportunity:Sem nome definido:40=1	END	fatigue=2		Perguntar por algo mais seguro.	PRE>=6	END	xp=5;reputation=1;reputation=1;flag:opportunity:Sem nome definido:40_alternative=1	END	fatigue=1		RUMOR DE DUNGEON_OPP	cityFlag:Valdora:stabilized	7
OPP_041	OPPORTUNITY	UNCOMMON	ANY	Aeloria	Thornmere	1	1	9	Oportunidade — Contato	Uma oportunidade de contato surge em Thornmere. Ela pode abrir uma porta que outros jogadores nunca verão dependendo do que você já fez.	Aceitar e investir tempo.	fatigue<=80	END	xp=9;reputation=1;gold=4;flag:opp_41_done=1;flag:opportunity:Thornmere:41=1	END	fatigue=2		Perguntar por algo mais seguro.	PRE>=6	END	xp=5;reputation=1	END	fatigue=1		CONTATO_OPP	NONE	7
OPP_042	OPPORTUNITY	UNCOMMON	ANY	Tharun	Stone-Âmbar	1	1	9	Oportunidade — Guilda	Uma oportunidade de guilda surge em Stone-Âmbar. Ela pode abrir uma porta que outros jogadores nunca verão dependendo do que você já fez.	Aceitar e investir tempo.	fatigue<=80	END	xp=9;reputation=1;gold=4;flag:opp_42_done=1;flag:opportunity:Stone-Âmbar:42=1	END	fatigue=2		Perguntar por algo mais seguro.	PRE>=6	END	xp=5;reputation=1	END	fatigue=1		GUILDA_OPP	cityEconomy:Stone-Âmbar>=2	7
OPP_043	OPPORTUNITY	UNCOMMON	ANY	Nyssara	Emerald Tide	1	1	9	Oportunidade — Comércio	Uma oportunidade de comércio surge em Emerald Tide. Ela pode abrir uma porta que outros jogadores nunca verão dependendo do que você já fez.	Aceitar e investir tempo.	fatigue<=80	END	xp=9;reputation=1;gold=4;flag:opp_43_done=1;flag:opportunity:Emerald Tide:43=1	END	fatigue=2		Perguntar por algo mais seguro.	PRE>=6	END	xp=5;reputation=1	END	fatigue=1		COMÉRCIO_OPP	NONE	7
OPP_044	OPPORTUNITY	UNCOMMON	ANY	Valkyrion	Volmeria	1	1	9	Oportunidade — Arena	Uma oportunidade de arena surge em Volmeria. Ela pode abrir uma porta que outros jogadores nunca verão dependendo do que você já fez.	Aceitar e investir tempo.	fatigue<=80	END	xp=9;reputation=1;gold=4;flag:opp_44_done=1;flag:opportunity:Volmeria:44=1	END	fatigue=2		Perguntar por algo mais seguro.	PRE>=6	END	xp=5;reputation=1	END	fatigue=1		ARENA_OPP	NONE	7
OPP_045	OPPORTUNITY	UNCOMMON	ANY	Eshmara	Brumas	1	1	9	Oportunidade após uma grande decisão — Oportunidade — Pesquisa	Uma oportunidade de pesquisa surge em Brumas. Ela pode abrir uma porta que outros jogadores nunca verão dependendo do que você já fez.	Aceitar e investir tempo.	fatigue<=80	END	xp=9;reputation=1;gold=4;flag:opp_45_done=1;flag:opportunity:Brumas:45=1	END	fatigue=2		Perguntar por algo mais seguro.	PRE>=6	END	xp=5;reputation=1	END	fatigue=1		PESQUISA_OPP	flag:sq_15_complete	7
OPP_046	OPPORTUNITY	UNCOMMON	ANY	Kethruun	Sandbones	1	1	9	Oportunidade — Rumor de Dungeon	Uma oportunidade de rumor de dungeon surge em Sandbones. Ela pode abrir uma porta que outros jogadores nunca verão dependendo do que você já fez.	Aceitar e investir tempo.	fatigue<=80	END	xp=9;reputation=1;gold=4;flag:opp_46_done=1;flag:opportunity:Sandbones:46=1	END	fatigue=2		Perguntar por algo mais seguro.	PRE>=6	END	xp=5;reputation=1	END	fatigue=1		RUMOR DE DUNGEON_OPP	NONE	7
OPP_047	OPPORTUNITY	UNCOMMON	ANY	Orinthal	Crystalia	1	1	9	Oportunidade — Contato	Uma oportunidade de contato surge em Crystalia. Ela pode abrir uma porta que outros jogadores nunca verão dependendo do que você já fez.	Aceitar e investir tempo.	fatigue<=80	END	xp=9;reputation=1;gold=4;flag:opp_47_done=1;flag:opportunity:Crystalia:47=1	END	fatigue=2		Perguntar por algo mais seguro.	PRE>=6	END	xp=5;reputation=1	END	fatigue=1		CONTATO_OPP	NONE	7
OPP_048	OPPORTUNITY	UNCOMMON	ANY	Zarim	Fornalia	1	1	9	Oportunidade — Guilda	Uma oportunidade de guilda surge em Fornalia. Ela pode abrir uma porta que outros jogadores nunca verão dependendo do que você já fez.	Aceitar e investir tempo.	fatigue<=80	END	xp=9;reputation=1;gold=4;flag:opp_48_done=1;flag:opportunity:Fornalia:48=1	END	fatigue=2		Perguntar por algo mais seguro.	PRE>=6	END	xp=5;reputation=1	END	fatigue=1		GUILDA_OPP	NONE	7
OPP_049	OPPORTUNITY	UNCOMMON	ANY	Lyrien	Aerocivitus	1	1	9	Oportunidade — Comércio	Uma oportunidade de comércio surge em Aerocivitus. Ela pode abrir uma porta que outros jogadores nunca verão dependendo do que você já fez.	Aceitar e investir tempo.	fatigue<=80	END	xp=9;reputation=1;gold=4;flag:opp_49_done=1;flag:opportunity:Aerocivitus:49=1	END	fatigue=2		Perguntar por algo mais seguro.	PRE>=6	END	xp=5;reputation=1	END	fatigue=1		COMÉRCIO_OPP	cityEconomy:Aerocivitus>=2	7
OPP_050	OPPORTUNITY	UNCOMMON	ANY	Myrthos	Sem nome definido	1	1	9	Oportunidade — Arena	Uma oportunidade de arena surge em Sem nome definido. Ela pode abrir uma porta que outros jogadores nunca verão dependendo do que você já fez.	Aceitar e investir tempo.	fatigue<=80	END	xp=9;reputation=1;gold=4;flag:opp_50_done=1;flag:opportunity:Sem nome definido:50=1	END	fatigue=2		Perguntar por algo mais seguro.	PRE>=6	END	xp=5;reputation=1;reputation=1;flag:opportunity:Sem nome definido:50_alternative=1	END	fatigue=1		ARENA_OPP	NONE	7
OPP_051	OPPORTUNITY	UNCOMMON	ANY	Aeloria	Netherholt	1	1	9	Oportunidade — Pesquisa	Uma oportunidade de pesquisa surge em Netherholt. Ela pode abrir uma porta que outros jogadores nunca verão dependendo do que você já fez.	Aceitar e investir tempo.	fatigue<=80	END	xp=9;reputation=1;gold=4;flag:opp_51_done=1;flag:opportunity:Netherholt:51=1	END	fatigue=2		Perguntar por algo mais seguro.	PRE>=6	END	xp=5;reputation=1	END	fatigue=1		PESQUISA_OPP	NONE	7
OPP_052	OPPORTUNITY	UNCOMMON	ANY	Tharun	Stone-Âmbar	1	1	9	Oportunidade — Rumor de Dungeon	Uma oportunidade de rumor de dungeon surge em Stone-Âmbar. Ela pode abrir uma porta que outros jogadores nunca verão dependendo do que você já fez.	Aceitar e investir tempo.	fatigue<=80	END	xp=9;reputation=1;gold=4;flag:opp_52_done=1;flag:opportunity:Stone-Âmbar:52=1	END	fatigue=2		Perguntar por algo mais seguro.	PRE>=6	END	xp=5;reputation=1	END	fatigue=1		RUMOR DE DUNGEON_OPP	NONE	7
OPP_053	OPPORTUNITY	UNCOMMON	ANY	Nyssara	Emerald Tide	1	1	9	Oportunidade — Contato	Uma oportunidade de contato surge em Emerald Tide. Ela pode abrir uma porta que outros jogadores nunca verão dependendo do que você já fez.	Aceitar e investir tempo.	fatigue<=80	END	xp=9;reputation=1;gold=4;flag:opp_53_done=1;flag:opportunity:Emerald Tide:53=1	END	fatigue=2		Perguntar por algo mais seguro.	PRE>=6	END	xp=5;reputation=1	END	fatigue=1		CONTATO_OPP	NONE	7
OPP_054	OPPORTUNITY	UNCOMMON	ANY	Valkyrion	Volmeria	1	1	9	Oportunidade — Guilda	Uma oportunidade de guilda surge em Volmeria. Ela pode abrir uma porta que outros jogadores nunca verão dependendo do que você já fez.	Aceitar e investir tempo.	fatigue<=80	END	xp=9;reputation=1;gold=4;flag:opp_54_done=1;flag:opportunity:Volmeria:54=1	END	fatigue=2		Perguntar por algo mais seguro.	PRE>=6	END	xp=5;reputation=1	END	fatigue=1		GUILDA_OPP	reputation>=4&relation:NPC_MIRIEL>=7	7
OPP_055	OPPORTUNITY	UNCOMMON	ANY	Eshmara	Brumas	1	1	9	Oportunidade — Comércio	Uma oportunidade de comércio surge em Brumas. Ela pode abrir uma porta que outros jogadores nunca verão dependendo do que você já fez.	Aceitar e investir tempo.	fatigue<=80	END	xp=9;reputation=1;gold=4;flag:opp_55_done=1;flag:opportunity:Brumas:55=1	END	fatigue=2		Perguntar por algo mais seguro.	PRE>=6	END	xp=5;reputation=1	END	fatigue=1		COMÉRCIO_OPP	NONE	7
OPP_056	OPPORTUNITY	UNCOMMON	ANY	Kethruun	Sandbones	1	1	9	Oportunidade — Arena	Uma oportunidade de arena surge em Sandbones. Ela pode abrir uma porta que outros jogadores nunca verão dependendo do que você já fez.	Aceitar e investir tempo.	fatigue<=80	END	xp=9;reputation=1;gold=4;flag:opp_56_done=1;flag:opportunity:Sandbones:56=1	END	fatigue=2		Perguntar por algo mais seguro.	PRE>=6	END	xp=5;reputation=1	END	fatigue=1		ARENA_OPP	cityEconomy:Sandbones>=2	7
OPP_057	OPPORTUNITY	UNCOMMON	ANY	Orinthal	Crystalia	1	1	9	Oportunidade — Pesquisa	Uma oportunidade de pesquisa surge em Crystalia. Ela pode abrir uma porta que outros jogadores nunca verão dependendo do que você já fez.	Aceitar e investir tempo.	fatigue<=80	END	xp=9;reputation=1;gold=4;flag:opp_57_done=1;flag:opportunity:Crystalia:57=1	END	fatigue=2		Perguntar por algo mais seguro.	PRE>=6	END	xp=5;reputation=1	END	fatigue=1		PESQUISA_OPP	NONE	7
OPP_058	OPPORTUNITY	UNCOMMON	ANY	Zarim	Fornalia	1	1	9	Oportunidade — Rumor de Dungeon	Uma oportunidade de rumor de dungeon surge em Fornalia. Ela pode abrir uma porta que outros jogadores nunca verão dependendo do que você já fez.	Aceitar e investir tempo.	fatigue<=80	END	xp=9;reputation=1;gold=4;flag:opp_58_done=1;flag:opportunity:Fornalia:58=1	END	fatigue=2		Perguntar por algo mais seguro.	PRE>=6	END	xp=5;reputation=1	END	fatigue=1		RUMOR DE DUNGEON_OPP	NONE	7
OPP_059	OPPORTUNITY	UNCOMMON	ANY	Lyrien	Aerocivitus	1	1	9	Oportunidade — Contato	Uma oportunidade de contato surge em Aerocivitus. Ela pode abrir uma porta que outros jogadores nunca verão dependendo do que você já fez.	Aceitar e investir tempo.	fatigue<=80	END	xp=9;reputation=1;gold=4;flag:opp_59_done=1;flag:opportunity:Aerocivitus:59=1	END	fatigue=2		Perguntar por algo mais seguro.	PRE>=6	END	xp=5;reputation=1	END	fatigue=1		CONTATO_OPP	NONE	7
OPP_060	OPPORTUNITY	UNCOMMON	ANY	Aeloria	Valdora	1	1	9	Oportunidade desbloqueada — Oportunidade — Guilda	Uma oportunidade de guilda surge em Sem nome definido. Ela pode abrir uma porta que outros jogadores nunca verão dependendo do que você já fez.	Aceitar e investir tempo.	fatigue<=80	END	xp=9;reputation=1;gold=4;flag:opp_60_done=1;flag:opportunity:Sem nome definido:60=1	END	fatigue=2		Perguntar por algo mais seguro.	PRE>=6	END	xp=5;reputation=1;reputation=1;flag:opportunity:Sem nome definido:60_alternative=1	END	fatigue=1		GUILDA_OPP	cityFlag:Valdora:stabilized	7
OPP_061	OPPORTUNITY	UNCOMMON	ANY	Aeloria	Brighthollow	1	1	9	Oportunidade — Comércio	Uma oportunidade de comércio surge em Brighthollow. Ela pode abrir uma porta que outros jogadores nunca verão dependendo do que você já fez.	Aceitar e investir tempo.	fatigue<=80	END	xp=9;reputation=1;gold=4;flag:opp_61_done=1;flag:opportunity:Brighthollow:61=1	END	fatigue=2		Perguntar por algo mais seguro.	PRE>=6	END	xp=5;reputation=1	END	fatigue=1		COMÉRCIO_OPP	NONE	7
OPP_062	OPPORTUNITY	UNCOMMON	ANY	Tharun	Stone-Âmbar	1	1	9	Oportunidade — Arena	Uma oportunidade de arena surge em Stone-Âmbar. Ela pode abrir uma porta que outros jogadores nunca verão dependendo do que você já fez.	Aceitar e investir tempo.	fatigue<=80	END	xp=9;reputation=1;gold=4;flag:opp_62_done=1;flag:opportunity:Stone-Âmbar:62=1	END	fatigue=2		Perguntar por algo mais seguro.	PRE>=6	END	xp=5;reputation=1	END	fatigue=1		ARENA_OPP	NONE	7
OPP_063	OPPORTUNITY	UNCOMMON	ANY	Nyssara	Emerald Tide	1	1	9	Oportunidade — Pesquisa	Uma oportunidade de pesquisa surge em Emerald Tide. Ela pode abrir uma porta que outros jogadores nunca verão dependendo do que você já fez.	Aceitar e investir tempo.	fatigue<=80	END	xp=9;reputation=1;gold=4;flag:opp_63_done=1;flag:opportunity:Emerald Tide:63=1	END	fatigue=2		Perguntar por algo mais seguro.	PRE>=6	END	xp=5;reputation=1	END	fatigue=1		PESQUISA_OPP	reputation>=4&relation:NPC_MIRIEL>=7	7
OPP_064	OPPORTUNITY	UNCOMMON	ANY	Valkyrion	Volmeria	1	1	9	Oportunidade — Rumor de Dungeon	Uma oportunidade de rumor de dungeon surge em Volmeria. Ela pode abrir uma porta que outros jogadores nunca verão dependendo do que você já fez.	Aceitar e investir tempo.	fatigue<=80	END	xp=9;reputation=1;gold=4;flag:opp_64_done=1;flag:opportunity:Volmeria:64=1	END	fatigue=2		Perguntar por algo mais seguro.	PRE>=6	END	xp=5;reputation=1	END	fatigue=1		RUMOR DE DUNGEON_OPP	NONE	7
OPP_065	OPPORTUNITY	UNCOMMON	ANY	Eshmara	Brumas	1	1	9	Oportunidade — Contato	Uma oportunidade de contato surge em Brumas. Ela pode abrir uma porta que outros jogadores nunca verão dependendo do que você já fez.	Aceitar e investir tempo.	fatigue<=80	END	xp=9;reputation=1;gold=4;flag:opp_65_done=1;flag:opportunity:Brumas:65=1	END	fatigue=2		Perguntar por algo mais seguro.	PRE>=6	END	xp=5;reputation=1	END	fatigue=1		CONTATO_OPP	NONE	7
OPP_066	OPPORTUNITY	UNCOMMON	ANY	Kethruun	Sandbones	1	1	9	Oportunidade — Guilda	Uma oportunidade de guilda surge em Sandbones. Ela pode abrir uma porta que outros jogadores nunca verão dependendo do que você já fez.	Aceitar e investir tempo.	fatigue<=80	END	xp=9;reputation=1;gold=4;flag:opp_66_done=1;flag:opportunity:Sandbones:66=1	END	fatigue=2		Perguntar por algo mais seguro.	PRE>=6	END	xp=5;reputation=1	END	fatigue=1		GUILDA_OPP	NONE	7
OPP_067	OPPORTUNITY	UNCOMMON	ANY	Orinthal	Crystalia	1	1	9	Oportunidade — Comércio	Uma oportunidade de comércio surge em Crystalia. Ela pode abrir uma porta que outros jogadores nunca verão dependendo do que você já fez.	Aceitar e investir tempo.	fatigue<=80	END	xp=9;reputation=1;gold=4;flag:opp_67_done=1;flag:opportunity:Crystalia:67=1	END	fatigue=2		Perguntar por algo mais seguro.	PRE>=6	END	xp=5;reputation=1	END	fatigue=1		COMÉRCIO_OPP	NONE	7
OPP_068	OPPORTUNITY	UNCOMMON	ANY	Zarim	Fornalia	1	1	9	Oportunidade — Arena	Uma oportunidade de arena surge em Fornalia. Ela pode abrir uma porta que outros jogadores nunca verão dependendo do que você já fez.	Aceitar e investir tempo.	fatigue<=80	END	xp=9;reputation=1;gold=4;flag:opp_68_done=1;flag:opportunity:Fornalia:68=1	END	fatigue=2		Perguntar por algo mais seguro.	PRE>=6	END	xp=5;reputation=1	END	fatigue=1		ARENA_OPP	NONE	7
OPP_069	OPPORTUNITY	UNCOMMON	ANY	Lyrien	Aerocivitus	1	1	9	Oportunidade — Pesquisa	Uma oportunidade de pesquisa surge em Aerocivitus. Ela pode abrir uma porta que outros jogadores nunca verão dependendo do que você já fez.	Aceitar e investir tempo.	fatigue<=80	END	xp=9;reputation=1;gold=4;flag:opp_69_done=1;flag:opportunity:Aerocivitus:69=1	END	fatigue=2		Perguntar por algo mais seguro.	PRE>=6	END	xp=5;reputation=1	END	fatigue=1		PESQUISA_OPP	NONE	7
OPP_070	OPPORTUNITY	UNCOMMON	ANY	Myrthos	Sem nome definido	1	1	9	Oportunidade — Rumor de Dungeon	Uma oportunidade de rumor de dungeon surge em Sem nome definido. Ela pode abrir uma porta que outros jogadores nunca verão dependendo do que você já fez.	Aceitar e investir tempo.	fatigue<=80	END	xp=9;reputation=1;gold=4;flag:opp_70_done=1;flag:opportunity:Sem nome definido:70=1	END	fatigue=2		Perguntar por algo mais seguro.	PRE>=6	END	xp=5;reputation=1;reputation=1;flag:opportunity:Sem nome definido:70_alternative=1	END	fatigue=1		RUMOR DE DUNGEON_OPP	cityEconomy:Sem nome definido>=2	7
OPP_071	OPPORTUNITY	UNCOMMON	ANY	Aeloria	Veyndaril	1	1	9	Oportunidade — Contato	Uma oportunidade de contato surge em Veyndaril. Ela pode abrir uma porta que outros jogadores nunca verão dependendo do que você já fez.	Aceitar e investir tempo.	fatigue<=80	END	xp=9;reputation=1;gold=4;flag:opp_71_done=1;flag:opportunity:Veyndaril:71=1	END	fatigue=2		Perguntar por algo mais seguro.	PRE>=6	END	xp=5;reputation=1	END	fatigue=1		CONTATO_OPP	NONE	7
OPP_072	OPPORTUNITY	UNCOMMON	ANY	Tharun	Stone-Âmbar	1	1	9	Oportunidade — Guilda	Uma oportunidade de guilda surge em Stone-Âmbar. Ela pode abrir uma porta que outros jogadores nunca verão dependendo do que você já fez.	Aceitar e investir tempo.	fatigue<=80	END	xp=9;reputation=1;gold=4;flag:opp_72_done=1;flag:opportunity:Stone-Âmbar:72=1	END	fatigue=2		Perguntar por algo mais seguro.	PRE>=6	END	xp=5;reputation=1	END	fatigue=1		GUILDA_OPP	reputation>=4&relation:NPC_MIRIEL>=7	7
OPP_073	OPPORTUNITY	UNCOMMON	ANY	Nyssara	Emerald Tide	1	1	9	Oportunidade — Comércio	Uma oportunidade de comércio surge em Emerald Tide. Ela pode abrir uma porta que outros jogadores nunca verão dependendo do que você já fez.	Aceitar e investir tempo.	fatigue<=80	END	xp=9;reputation=1;gold=4;flag:opp_73_done=1;flag:opportunity:Emerald Tide:73=1	END	fatigue=2		Perguntar por algo mais seguro.	PRE>=6	END	xp=5;reputation=1	END	fatigue=1		COMÉRCIO_OPP	NONE	7
OPP_074	OPPORTUNITY	UNCOMMON	ANY	Valkyrion	Volmeria	1	1	9	Oportunidade — Arena	Uma oportunidade de arena surge em Volmeria. Ela pode abrir uma porta que outros jogadores nunca verão dependendo do que você já fez.	Aceitar e investir tempo.	fatigue<=80	END	xp=9;reputation=1;gold=4;flag:opp_74_done=1;flag:opportunity:Volmeria:74=1	END	fatigue=2		Perguntar por algo mais seguro.	PRE>=6	END	xp=5;reputation=1	END	fatigue=1		ARENA_OPP	NONE	7
OPP_075	OPPORTUNITY	UNCOMMON	ANY	Eshmara	Brumas	1	1	9	Oportunidade após uma grande decisão — Oportunidade — Pesquisa	Uma oportunidade de pesquisa surge em Brumas. Ela pode abrir uma porta que outros jogadores nunca verão dependendo do que você já fez.	Aceitar e investir tempo.	fatigue<=80	END	xp=9;reputation=1;gold=4;flag:opp_75_done=1;flag:opportunity:Brumas:75=1	END	fatigue=2		Perguntar por algo mais seguro.	PRE>=6	END	xp=5;reputation=1	END	fatigue=1		PESQUISA_OPP	flag:sq_15_complete	7
OPP_076	OPPORTUNITY	UNCOMMON	ANY	Kethruun	Sandbones	1	1	9	Oportunidade — Rumor de Dungeon	Uma oportunidade de rumor de dungeon surge em Sandbones. Ela pode abrir uma porta que outros jogadores nunca verão dependendo do que você já fez.	Aceitar e investir tempo.	fatigue<=80	END	xp=9;reputation=1;gold=4;flag:opp_76_done=1;flag:opportunity:Sandbones:76=1	END	fatigue=2		Perguntar por algo mais seguro.	PRE>=6	END	xp=5;reputation=1	END	fatigue=1		RUMOR DE DUNGEON_OPP	NONE	7
OPP_077	OPPORTUNITY	UNCOMMON	ANY	Orinthal	Crystalia	1	1	9	Oportunidade — Contato	Uma oportunidade de contato surge em Crystalia. Ela pode abrir uma porta que outros jogadores nunca verão dependendo do que você já fez.	Aceitar e investir tempo.	fatigue<=80	END	xp=9;reputation=1;gold=4;flag:opp_77_done=1;flag:opportunity:Crystalia:77=1	END	fatigue=2		Perguntar por algo mais seguro.	PRE>=6	END	xp=5;reputation=1	END	fatigue=1		CONTATO_OPP	cityEconomy:Crystalia>=2	7
OPP_078	OPPORTUNITY	UNCOMMON	ANY	Zarim	Fornalia	1	1	9	Oportunidade — Guilda	Uma oportunidade de guilda surge em Fornalia. Ela pode abrir uma porta que outros jogadores nunca verão dependendo do que você já fez.	Aceitar e investir tempo.	fatigue<=80	END	xp=9;reputation=1;gold=4;flag:opp_78_done=1;flag:opportunity:Fornalia:78=1	END	fatigue=2		Perguntar por algo mais seguro.	PRE>=6	END	xp=5;reputation=1	END	fatigue=1		GUILDA_OPP	NONE	7
OPP_079	OPPORTUNITY	UNCOMMON	ANY	Lyrien	Aerocivitus	1	1	9	Oportunidade — Comércio	Uma oportunidade de comércio surge em Aerocivitus. Ela pode abrir uma porta que outros jogadores nunca verão dependendo do que você já fez.	Aceitar e investir tempo.	fatigue<=80	END	xp=9;reputation=1;gold=4;flag:opp_79_done=1;flag:opportunity:Aerocivitus:79=1	END	fatigue=2		Perguntar por algo mais seguro.	PRE>=6	END	xp=5;reputation=1	END	fatigue=1		COMÉRCIO_OPP	NONE	7
OPP_080	OPPORTUNITY	UNCOMMON	ANY	Aeloria	Valdora	1	1	9	Oportunidade desbloqueada — Oportunidade — Arena	Uma oportunidade de arena surge em Sem nome definido. Ela pode abrir uma porta que outros jogadores nunca verão dependendo do que você já fez.	Aceitar e investir tempo.	fatigue<=80	END	xp=9;reputation=1;gold=4;flag:opp_80_done=1;flag:opportunity:Sem nome definido:80=1	END	fatigue=2		Perguntar por algo mais seguro.	PRE>=6	END	xp=5;reputation=1;reputation=1;flag:opportunity:Sem nome definido:80_alternative=1	END	fatigue=1		ARENA_OPP	cityFlag:Valdora:stabilized	7
OPP_081	OPPORTUNITY	UNCOMMON	ANY	Aeloria	Prismere	1	1	9	Oportunidade — Pesquisa	Uma oportunidade de pesquisa surge em Prismere. Ela pode abrir uma porta que outros jogadores nunca verão dependendo do que você já fez.	Aceitar e investir tempo.	fatigue<=80	END	xp=9;reputation=1;gold=4;flag:opp_81_done=1;flag:opportunity:Prismere:81=1	END	fatigue=2		Perguntar por algo mais seguro.	PRE>=6	END	xp=5;reputation=1	END	fatigue=1		PESQUISA_OPP	reputation>=4&relation:NPC_MIRIEL>=7	7
OPP_082	OPPORTUNITY	UNCOMMON	ANY	Tharun	Stone-Âmbar	1	1	9	Oportunidade — Rumor de Dungeon	Uma oportunidade de rumor de dungeon surge em Stone-Âmbar. Ela pode abrir uma porta que outros jogadores nunca verão dependendo do que você já fez.	Aceitar e investir tempo.	fatigue<=80	END	xp=9;reputation=1;gold=4;flag:opp_82_done=1;flag:opportunity:Stone-Âmbar:82=1	END	fatigue=2		Perguntar por algo mais seguro.	PRE>=6	END	xp=5;reputation=1	END	fatigue=1		RUMOR DE DUNGEON_OPP	NONE	7
OPP_083	OPPORTUNITY	UNCOMMON	ANY	Nyssara	Emerald Tide	1	1	9	Oportunidade — Contato	Uma oportunidade de contato surge em Emerald Tide. Ela pode abrir uma porta que outros jogadores nunca verão dependendo do que você já fez.	Aceitar e investir tempo.	fatigue<=80	END	xp=9;reputation=1;gold=4;flag:opp_83_done=1;flag:opportunity:Emerald Tide:83=1	END	fatigue=2		Perguntar por algo mais seguro.	PRE>=6	END	xp=5;reputation=1	END	fatigue=1		CONTATO_OPP	NONE	7
OPP_084	OPPORTUNITY	UNCOMMON	ANY	Valkyrion	Volmeria	1	1	9	Oportunidade — Guilda	Uma oportunidade de guilda surge em Volmeria. Ela pode abrir uma porta que outros jogadores nunca verão dependendo do que você já fez.	Aceitar e investir tempo.	fatigue<=80	END	xp=9;reputation=1;gold=4;flag:opp_84_done=1;flag:opportunity:Volmeria:84=1	END	fatigue=2		Perguntar por algo mais seguro.	PRE>=6	END	xp=5;reputation=1	END	fatigue=1		GUILDA_OPP	cityEconomy:Volmeria>=2	7
OPP_085	OPPORTUNITY	UNCOMMON	ANY	Eshmara	Brumas	1	1	9	Oportunidade — Comércio	Uma oportunidade de comércio surge em Brumas. Ela pode abrir uma porta que outros jogadores nunca verão dependendo do que você já fez.	Aceitar e investir tempo.	fatigue<=80	END	xp=9;reputation=1;gold=4;flag:opp_85_done=1;flag:opportunity:Brumas:85=1	END	fatigue=2		Perguntar por algo mais seguro.	PRE>=6	END	xp=5;reputation=1	END	fatigue=1		COMÉRCIO_OPP	NONE	7
OPP_086	OPPORTUNITY	UNCOMMON	ANY	Kethruun	Sandbones	1	1	9	Oportunidade — Arena	Uma oportunidade de arena surge em Sandbones. Ela pode abrir uma porta que outros jogadores nunca verão dependendo do que você já fez.	Aceitar e investir tempo.	fatigue<=80	END	xp=9;reputation=1;gold=4;flag:opp_86_done=1;flag:opportunity:Sandbones:86=1	END	fatigue=2		Perguntar por algo mais seguro.	PRE>=6	END	xp=5;reputation=1	END	fatigue=1		ARENA_OPP	NONE	7
OPP_087	OPPORTUNITY	UNCOMMON	ANY	Orinthal	Crystalia	1	1	9	Oportunidade — Pesquisa	Uma oportunidade de pesquisa surge em Crystalia. Ela pode abrir uma porta que outros jogadores nunca verão dependendo do que você já fez.	Aceitar e investir tempo.	fatigue<=80	END	xp=9;reputation=1;gold=4;flag:opp_87_done=1;flag:opportunity:Crystalia:87=1	END	fatigue=2		Perguntar por algo mais seguro.	PRE>=6	END	xp=5;reputation=1	END	fatigue=1		PESQUISA_OPP	NONE	7
OPP_088	OPPORTUNITY	UNCOMMON	ANY	Zarim	Fornalia	1	1	9	Oportunidade — Rumor de Dungeon	Uma oportunidade de rumor de dungeon surge em Fornalia. Ela pode abrir uma porta que outros jogadores nunca verão dependendo do que você já fez.	Aceitar e investir tempo.	fatigue<=80	END	xp=9;reputation=1;gold=4;flag:opp_88_done=1;flag:opportunity:Fornalia:88=1	END	fatigue=2		Perguntar por algo mais seguro.	PRE>=6	END	xp=5;reputation=1	END	fatigue=1		RUMOR DE DUNGEON_OPP	NONE	7
OPP_089	OPPORTUNITY	UNCOMMON	ANY	Lyrien	Aerocivitus	1	1	9	Oportunidade — Contato	Uma oportunidade de contato surge em Aerocivitus. Ela pode abrir uma porta que outros jogadores nunca verão dependendo do que você já fez.	Aceitar e investir tempo.	fatigue<=80	END	xp=9;reputation=1;gold=4;flag:opp_89_done=1;flag:opportunity:Aerocivitus:89=1	END	fatigue=2		Perguntar por algo mais seguro.	PRE>=6	END	xp=5;reputation=1	END	fatigue=1		CONTATO_OPP	NONE	7
OPP_090	OPPORTUNITY	UNCOMMON	ANY	Myrthos	Sem nome definido	1	1	9	Oportunidade após uma grande decisão — Oportunidade — Guilda	Uma oportunidade de guilda surge em Sem nome definido. Ela pode abrir uma porta que outros jogadores nunca verão dependendo do que você já fez.	Aceitar e investir tempo.	fatigue<=80	END	xp=9;reputation=1;gold=4;flag:opp_90_done=1;flag:opportunity:Sem nome definido:90=1	END	fatigue=2		Perguntar por algo mais seguro.	PRE>=6	END	xp=5;reputation=1;reputation=1;flag:opportunity:Sem nome definido:90_alternative=1	END	fatigue=1		GUILDA_OPP	flag:sq_30_complete	7
OPP_091	OPPORTUNITY	UNCOMMON	ANY	Aeloria	Duskmere	1	1	9	Oportunidade — Comércio	Uma oportunidade de comércio surge em Duskmere. Ela pode abrir uma porta que outros jogadores nunca verão dependendo do que você já fez.	Aceitar e investir tempo.	fatigue<=80	END	xp=9;reputation=1;gold=4;flag:opp_91_done=1;flag:opportunity:Duskmere:91=1	END	fatigue=2		Perguntar por algo mais seguro.	PRE>=6	END	xp=5;reputation=1	END	fatigue=1		COMÉRCIO_OPP	cityEconomy:Duskmere>=2	7
OPP_092	OPPORTUNITY	UNCOMMON	ANY	Tharun	Stone-Âmbar	1	1	9	Oportunidade — Arena	Uma oportunidade de arena surge em Stone-Âmbar. Ela pode abrir uma porta que outros jogadores nunca verão dependendo do que você já fez.	Aceitar e investir tempo.	fatigue<=80	END	xp=9;reputation=1;gold=4;flag:opp_92_done=1;flag:opportunity:Stone-Âmbar:92=1	END	fatigue=2		Perguntar por algo mais seguro.	PRE>=6	END	xp=5;reputation=1	END	fatigue=1		ARENA_OPP	NONE	7
OPP_093	OPPORTUNITY	UNCOMMON	ANY	Nyssara	Emerald Tide	1	1	9	Oportunidade — Pesquisa	Uma oportunidade de pesquisa surge em Emerald Tide. Ela pode abrir uma porta que outros jogadores nunca verão dependendo do que você já fez.	Aceitar e investir tempo.	fatigue<=80	END	xp=9;reputation=1;gold=4;flag:opp_93_done=1;flag:opportunity:Emerald Tide:93=1	END	fatigue=2		Perguntar por algo mais seguro.	PRE>=6	END	xp=5;reputation=1	END	fatigue=1		PESQUISA_OPP	NONE	7
OPP_094	OPPORTUNITY	UNCOMMON	ANY	Valkyrion	Volmeria	1	1	9	Oportunidade — Rumor de Dungeon	Uma oportunidade de rumor de dungeon surge em Volmeria. Ela pode abrir uma porta que outros jogadores nunca verão dependendo do que você já fez.	Aceitar e investir tempo.	fatigue<=80	END	xp=9;reputation=1;gold=4;flag:opp_94_done=1;flag:opportunity:Volmeria:94=1	END	fatigue=2		Perguntar por algo mais seguro.	PRE>=6	END	xp=5;reputation=1	END	fatigue=1		RUMOR DE DUNGEON_OPP	NONE	7
OPP_095	OPPORTUNITY	UNCOMMON	ANY	Eshmara	Brumas	1	1	9	Oportunidade — Contato	Uma oportunidade de contato surge em Brumas. Ela pode abrir uma porta que outros jogadores nunca verão dependendo do que você já fez.	Aceitar e investir tempo.	fatigue<=80	END	xp=9;reputation=1;gold=4;flag:opp_95_done=1;flag:opportunity:Brumas:95=1	END	fatigue=2		Perguntar por algo mais seguro.	PRE>=6	END	xp=5;reputation=1	END	fatigue=1		CONTATO_OPP	NONE	7
OPP_096	OPPORTUNITY	UNCOMMON	ANY	Kethruun	Sandbones	1	1	9	Oportunidade — Guilda	Uma oportunidade de guilda surge em Sandbones. Ela pode abrir uma porta que outros jogadores nunca verão dependendo do que você já fez.	Aceitar e investir tempo.	fatigue<=80	END	xp=9;reputation=1;gold=4;flag:opp_96_done=1;flag:opportunity:Sandbones:96=1	END	fatigue=2		Perguntar por algo mais seguro.	PRE>=6	END	xp=5;reputation=1	END	fatigue=1		GUILDA_OPP	NONE	7
OPP_097	OPPORTUNITY	UNCOMMON	ANY	Orinthal	Crystalia	1	1	9	Oportunidade — Comércio	Uma oportunidade de comércio surge em Crystalia. Ela pode abrir uma porta que outros jogadores nunca verão dependendo do que você já fez.	Aceitar e investir tempo.	fatigue<=80	END	xp=9;reputation=1;gold=4;flag:opp_97_done=1;flag:opportunity:Crystalia:97=1	END	fatigue=2		Perguntar por algo mais seguro.	PRE>=6	END	xp=5;reputation=1	END	fatigue=1		COMÉRCIO_OPP	NONE	7
OPP_098	OPPORTUNITY	UNCOMMON	ANY	Zarim	Fornalia	1	1	9	Oportunidade — Arena	Uma oportunidade de arena surge em Fornalia. Ela pode abrir uma porta que outros jogadores nunca verão dependendo do que você já fez.	Aceitar e investir tempo.	fatigue<=80	END	xp=9;reputation=1;gold=4;flag:opp_98_done=1;flag:opportunity:Fornalia:98=1	END	fatigue=2		Perguntar por algo mais seguro.	PRE>=6	END	xp=5;reputation=1	END	fatigue=1		ARENA_OPP	cityEconomy:Fornalia>=2	7
OPP_099	OPPORTUNITY	UNCOMMON	ANY	Lyrien	Aerocivitus	1	1	9	Oportunidade — Pesquisa	Uma oportunidade de pesquisa surge em Aerocivitus. Ela pode abrir uma porta que outros jogadores nunca verão dependendo do que você já fez.	Aceitar e investir tempo.	fatigue<=80	END	xp=9;reputation=1;gold=4;flag:opp_99_done=1;flag:opportunity:Aerocivitus:99=1	END	fatigue=2		Perguntar por algo mais seguro.	PRE>=6	END	xp=5;reputation=1	END	fatigue=1		PESQUISA_OPP	reputation>=4&relation:NPC_MIRIEL>=7	7
OPP_100	OPPORTUNITY	UNCOMMON	ANY	Aeloria	Valdora	1	1	9	Oportunidade desbloqueada — Oportunidade — Rumor de Dungeon	Uma oportunidade de rumor de dungeon surge em Sem nome definido. Ela pode abrir uma porta que outros jogadores nunca verão dependendo do que você já fez.	Aceitar e investir tempo.	fatigue<=80	END	xp=9;reputation=1;gold=4;flag:opp_100_done=1;flag:opportunity:Sem nome definido:100=1	END	fatigue=2		Perguntar por algo mais seguro.	PRE>=6	END	xp=5;reputation=1;reputation=1;flag:opportunity:Sem nome definido:100_alternative=1	END	fatigue=1		RUMOR DE DUNGEON_OPP	cityFlag:Valdora:stabilized	7
OPP_101	OPPORTUNITY	UNCOMMON	ANY	Aeloria	Xandralor	1	1	9	Oportunidade — Contato	Uma oportunidade de contato surge em Xandralor. Ela pode abrir uma porta que outros jogadores nunca verão dependendo do que você já fez.	Aceitar e investir tempo.	fatigue<=80	END	xp=9;reputation=1;gold=4;flag:opp_101_done=1;flag:opportunity:Xandralor:101=1	END	fatigue=2		Perguntar por algo mais seguro.	PRE>=6	END	xp=5;reputation=1	END	fatigue=1		CONTATO_OPP	NONE	7
OPP_102	OPPORTUNITY	UNCOMMON	ANY	Tharun	Stone-Âmbar	1	1	9	Oportunidade — Guilda	Uma oportunidade de guilda surge em Stone-Âmbar. Ela pode abrir uma porta que outros jogadores nunca verão dependendo do que você já fez.	Aceitar e investir tempo.	fatigue<=80	END	xp=9;reputation=1;gold=4;flag:opp_102_done=1;flag:opportunity:Stone-Âmbar:102=1	END	fatigue=2		Perguntar por algo mais seguro.	PRE>=6	END	xp=5;reputation=1	END	fatigue=1		GUILDA_OPP	NONE	7
OPP_103	OPPORTUNITY	UNCOMMON	ANY	Nyssara	Emerald Tide	1	1	9	Oportunidade — Comércio	Uma oportunidade de comércio surge em Emerald Tide. Ela pode abrir uma porta que outros jogadores nunca verão dependendo do que você já fez.	Aceitar e investir tempo.	fatigue<=80	END	xp=9;reputation=1;gold=4;flag:opp_103_done=1;flag:opportunity:Emerald Tide:103=1	END	fatigue=2		Perguntar por algo mais seguro.	PRE>=6	END	xp=5;reputation=1	END	fatigue=1		COMÉRCIO_OPP	NONE	7
OPP_104	OPPORTUNITY	UNCOMMON	ANY	Valkyrion	Volmeria	1	1	9	Oportunidade — Arena	Uma oportunidade de arena surge em Volmeria. Ela pode abrir uma porta que outros jogadores nunca verão dependendo do que você já fez.	Aceitar e investir tempo.	fatigue<=80	END	xp=9;reputation=1;gold=4;flag:opp_104_done=1;flag:opportunity:Volmeria:104=1	END	fatigue=2		Perguntar por algo mais seguro.	PRE>=6	END	xp=5;reputation=1	END	fatigue=1		ARENA_OPP	NONE	7
OPP_105	OPPORTUNITY	UNCOMMON	ANY	Eshmara	Brumas	1	1	9	Oportunidade após uma grande decisão — Oportunidade — Pesquisa	Uma oportunidade de pesquisa surge em Brumas. Ela pode abrir uma porta que outros jogadores nunca verão dependendo do que você já fez.	Aceitar e investir tempo.	fatigue<=80	END	xp=9;reputation=1;gold=4;flag:opp_105_done=1;flag:opportunity:Brumas:105=1	END	fatigue=2		Perguntar por algo mais seguro.	PRE>=6	END	xp=5;reputation=1	END	fatigue=1		PESQUISA_OPP	flag:sq_15_complete	7
OPP_106	OPPORTUNITY	UNCOMMON	ANY	Kethruun	Sandbones	1	1	9	Oportunidade — Rumor de Dungeon	Uma oportunidade de rumor de dungeon surge em Sandbones. Ela pode abrir uma porta que outros jogadores nunca verão dependendo do que você já fez.	Aceitar e investir tempo.	fatigue<=80	END	xp=9;reputation=1;gold=4;flag:opp_106_done=1;flag:opportunity:Sandbones:106=1	END	fatigue=2		Perguntar por algo mais seguro.	PRE>=6	END	xp=5;reputation=1	END	fatigue=1		RUMOR DE DUNGEON_OPP	NONE	7
OPP_107	OPPORTUNITY	UNCOMMON	ANY	Orinthal	Crystalia	1	1	9	Oportunidade — Contato	Uma oportunidade de contato surge em Crystalia. Ela pode abrir uma porta que outros jogadores nunca verão dependendo do que você já fez.	Aceitar e investir tempo.	fatigue<=80	END	xp=9;reputation=1;gold=4;flag:opp_107_done=1;flag:opportunity:Crystalia:107=1	END	fatigue=2		Perguntar por algo mais seguro.	PRE>=6	END	xp=5;reputation=1	END	fatigue=1		CONTATO_OPP	NONE	7
OPP_108	OPPORTUNITY	UNCOMMON	ANY	Zarim	Fornalia	1	1	9	Oportunidade — Guilda	Uma oportunidade de guilda surge em Fornalia. Ela pode abrir uma porta que outros jogadores nunca verão dependendo do que você já fez.	Aceitar e investir tempo.	fatigue<=80	END	xp=9;reputation=1;gold=4;flag:opp_108_done=1;flag:opportunity:Fornalia:108=1	END	fatigue=2		Perguntar por algo mais seguro.	PRE>=6	END	xp=5;reputation=1	END	fatigue=1		GUILDA_OPP	reputation>=4&relation:NPC_MIRIEL>=7	7
OPP_109	OPPORTUNITY	UNCOMMON	ANY	Lyrien	Aerocivitus	1	1	9	Oportunidade — Comércio	Uma oportunidade de comércio surge em Aerocivitus. Ela pode abrir uma porta que outros jogadores nunca verão dependendo do que você já fez.	Aceitar e investir tempo.	fatigue<=80	END	xp=9;reputation=1;gold=4;flag:opp_109_done=1;flag:opportunity:Aerocivitus:109=1	END	fatigue=2		Perguntar por algo mais seguro.	PRE>=6	END	xp=5;reputation=1	END	fatigue=1		COMÉRCIO_OPP	NONE	7
OPP_110	OPPORTUNITY	UNCOMMON	ANY	Myrthos	Sem nome definido	1	1	9	Oportunidade — Arena	Uma oportunidade de arena surge em Sem nome definido. Ela pode abrir uma porta que outros jogadores nunca verão dependendo do que você já fez.	Aceitar e investir tempo.	fatigue<=80	END	xp=9;reputation=1;gold=4;flag:opp_110_done=1;flag:opportunity:Sem nome definido:110=1	END	fatigue=2		Perguntar por algo mais seguro.	PRE>=6	END	xp=5;reputation=1;reputation=1;flag:opportunity:Sem nome definido:110_alternative=1	END	fatigue=1		ARENA_OPP	NONE	7
OPP_111	OPPORTUNITY	UNCOMMON	ANY	Aeloria	Runedral	1	1	9	Oportunidade — Pesquisa	Uma oportunidade de pesquisa surge em Runedral. Ela pode abrir uma porta que outros jogadores nunca verão dependendo do que você já fez.	Aceitar e investir tempo.	fatigue<=80	END	xp=9;reputation=1;gold=4;flag:opp_111_done=1;flag:opportunity:Runedral:111=1	END	fatigue=2		Perguntar por algo mais seguro.	PRE>=6	END	xp=5;reputation=1	END	fatigue=1		PESQUISA_OPP	NONE	7
OPP_112	OPPORTUNITY	UNCOMMON	ANY	Tharun	Stone-Âmbar	1	1	9	Oportunidade — Rumor de Dungeon	Uma oportunidade de rumor de dungeon surge em Stone-Âmbar. Ela pode abrir uma porta que outros jogadores nunca verão dependendo do que você já fez.	Aceitar e investir tempo.	fatigue<=80	END	xp=9;reputation=1;gold=4;flag:opp_112_done=1;flag:opportunity:Stone-Âmbar:112=1	END	fatigue=2		Perguntar por algo mais seguro.	PRE>=6	END	xp=5;reputation=1	END	fatigue=1		RUMOR DE DUNGEON_OPP	cityEconomy:Stone-Âmbar>=2	7
OPP_113	OPPORTUNITY	UNCOMMON	ANY	Nyssara	Emerald Tide	1	1	9	Oportunidade — Contato	Uma oportunidade de contato surge em Emerald Tide. Ela pode abrir uma porta que outros jogadores nunca verão dependendo do que você já fez.	Aceitar e investir tempo.	fatigue<=80	END	xp=9;reputation=1;gold=4;flag:opp_113_done=1;flag:opportunity:Emerald Tide:113=1	END	fatigue=2		Perguntar por algo mais seguro.	PRE>=6	END	xp=5;reputation=1	END	fatigue=1		CONTATO_OPP	NONE	7
OPP_114	OPPORTUNITY	UNCOMMON	ANY	Valkyrion	Volmeria	1	1	9	Oportunidade — Guilda	Uma oportunidade de guilda surge em Volmeria. Ela pode abrir uma porta que outros jogadores nunca verão dependendo do que você já fez.	Aceitar e investir tempo.	fatigue<=80	END	xp=9;reputation=1;gold=4;flag:opp_114_done=1;flag:opportunity:Volmeria:114=1	END	fatigue=2		Perguntar por algo mais seguro.	PRE>=6	END	xp=5;reputation=1	END	fatigue=1		GUILDA_OPP	NONE	7
OPP_115	OPPORTUNITY	UNCOMMON	ANY	Eshmara	Brumas	1	1	9	Oportunidade — Comércio	Uma oportunidade de comércio surge em Brumas. Ela pode abrir uma porta que outros jogadores nunca verão dependendo do que você já fez.	Aceitar e investir tempo.	fatigue<=80	END	xp=9;reputation=1;gold=4;flag:opp_115_done=1;flag:opportunity:Brumas:115=1	END	fatigue=2		Perguntar por algo mais seguro.	PRE>=6	END	xp=5;reputation=1	END	fatigue=1		COMÉRCIO_OPP	NONE	7
OPP_116	OPPORTUNITY	UNCOMMON	ANY	Kethruun	Sandbones	1	1	9	Oportunidade — Arena	Uma oportunidade de arena surge em Sandbones. Ela pode abrir uma porta que outros jogadores nunca verão dependendo do que você já fez.	Aceitar e investir tempo.	fatigue<=80	END	xp=9;reputation=1;gold=4;flag:opp_116_done=1;flag:opportunity:Sandbones:116=1	END	fatigue=2		Perguntar por algo mais seguro.	PRE>=6	END	xp=5;reputation=1	END	fatigue=1		ARENA_OPP	NONE	7
OPP_117	OPPORTUNITY	UNCOMMON	ANY	Orinthal	Crystalia	1	1	9	Oportunidade — Pesquisa	Uma oportunidade de pesquisa surge em Crystalia. Ela pode abrir uma porta que outros jogadores nunca verão dependendo do que você já fez.	Aceitar e investir tempo.	fatigue<=80	END	xp=9;reputation=1;gold=4;flag:opp_117_done=1;flag:opportunity:Crystalia:117=1	END	fatigue=2		Perguntar por algo mais seguro.	PRE>=6	END	xp=5;reputation=1	END	fatigue=1		PESQUISA_OPP	reputation>=4&relation:NPC_MIRIEL>=7	7
OPP_118	OPPORTUNITY	UNCOMMON	ANY	Zarim	Fornalia	1	1	9	Oportunidade — Rumor de Dungeon	Uma oportunidade de rumor de dungeon surge em Fornalia. Ela pode abrir uma porta que outros jogadores nunca verão dependendo do que você já fez.	Aceitar e investir tempo.	fatigue<=80	END	xp=9;reputation=1;gold=4;flag:opp_118_done=1;flag:opportunity:Fornalia:118=1	END	fatigue=2		Perguntar por algo mais seguro.	PRE>=6	END	xp=5;reputation=1	END	fatigue=1		RUMOR DE DUNGEON_OPP	NONE	7
OPP_119	OPPORTUNITY	UNCOMMON	ANY	Lyrien	Aerocivitus	1	1	9	Oportunidade — Contato	Uma oportunidade de contato surge em Aerocivitus. Ela pode abrir uma porta que outros jogadores nunca verão dependendo do que você já fez.	Aceitar e investir tempo.	fatigue<=80	END	xp=9;reputation=1;gold=4;flag:opp_119_done=1;flag:opportunity:Aerocivitus:119=1	END	fatigue=2		Perguntar por algo mais seguro.	PRE>=6	END	xp=5;reputation=1	END	fatigue=1		CONTATO_OPP	cityEconomy:Aerocivitus>=2	7
OPP_120	OPPORTUNITY	UNCOMMON	ANY	Aeloria	Valdora	1	1	9	Oportunidade desbloqueada — Oportunidade — Guilda	Uma oportunidade de guilda surge em Sem nome definido. Ela pode abrir uma porta que outros jogadores nunca verão dependendo do que você já fez.	Aceitar e investir tempo.	fatigue<=80	END	xp=9;reputation=1;gold=4;flag:opp_120_done=1;flag:opportunity:Sem nome definido:120=1	END	fatigue=2		Perguntar por algo mais seguro.	PRE>=6	END	xp=5;reputation=1;reputation=1;flag:opportunity:Sem nome definido:120_alternative=1	END	fatigue=1		GUILDA_OPP	cityFlag:Valdora:stabilized	7
OPP_121	OPPORTUNITY	UNCOMMON	ANY	Aeloria	Fenndral	1	1	9	Oportunidade — Comércio	Uma oportunidade de comércio surge em Fenndral. Ela pode abrir uma porta que outros jogadores nunca verão dependendo do que você já fez.	Aceitar e investir tempo.	fatigue<=80	END	xp=9;reputation=1;gold=4;flag:opp_121_done=1;flag:opportunity:Fenndral:121=1	END	fatigue=2		Perguntar por algo mais seguro.	PRE>=6	END	xp=5;reputation=1	END	fatigue=1		COMÉRCIO_OPP	NONE	7
OPP_122	OPPORTUNITY	UNCOMMON	ANY	Tharun	Stone-Âmbar	1	1	9	Oportunidade — Arena	Uma oportunidade de arena surge em Stone-Âmbar. Ela pode abrir uma porta que outros jogadores nunca verão dependendo do que você já fez.	Aceitar e investir tempo.	fatigue<=80	END	xp=9;reputation=1;gold=4;flag:opp_122_done=1;flag:opportunity:Stone-Âmbar:122=1	END	fatigue=2		Perguntar por algo mais seguro.	PRE>=6	END	xp=5;reputation=1	END	fatigue=1		ARENA_OPP	NONE	7
OPP_123	OPPORTUNITY	UNCOMMON	ANY	Nyssara	Emerald Tide	1	1	9	Oportunidade — Pesquisa	Uma oportunidade de pesquisa surge em Emerald Tide. Ela pode abrir uma porta que outros jogadores nunca verão dependendo do que você já fez.	Aceitar e investir tempo.	fatigue<=80	END	xp=9;reputation=1;gold=4;flag:opp_123_done=1;flag:opportunity:Emerald Tide:123=1	END	fatigue=2		Perguntar por algo mais seguro.	PRE>=6	END	xp=5;reputation=1	END	fatigue=1		PESQUISA_OPP	NONE	7
OPP_124	OPPORTUNITY	UNCOMMON	ANY	Valkyrion	Volmeria	1	1	9	Oportunidade — Rumor de Dungeon	Uma oportunidade de rumor de dungeon surge em Volmeria. Ela pode abrir uma porta que outros jogadores nunca verão dependendo do que você já fez.	Aceitar e investir tempo.	fatigue<=80	END	xp=9;reputation=1;gold=4;flag:opp_124_done=1;flag:opportunity:Volmeria:124=1	END	fatigue=2		Perguntar por algo mais seguro.	PRE>=6	END	xp=5;reputation=1	END	fatigue=1		RUMOR DE DUNGEON_OPP	NONE	7
OPP_125	OPPORTUNITY	UNCOMMON	ANY	Eshmara	Brumas	1	1	9	Oportunidade — Contato	Uma oportunidade de contato surge em Brumas. Ela pode abrir uma porta que outros jogadores nunca verão dependendo do que você já fez.	Aceitar e investir tempo.	fatigue<=80	END	xp=9;reputation=1;gold=4;flag:opp_125_done=1;flag:opportunity:Brumas:125=1	END	fatigue=2		Perguntar por algo mais seguro.	PRE>=6	END	xp=5;reputation=1	END	fatigue=1		CONTATO_OPP	NONE	7
OPP_126	OPPORTUNITY	UNCOMMON	ANY	Kethruun	Sandbones	1	1	9	Oportunidade — Guilda	Uma oportunidade de guilda surge em Sandbones. Ela pode abrir uma porta que outros jogadores nunca verão dependendo do que você já fez.	Aceitar e investir tempo.	fatigue<=80	END	xp=9;reputation=1;gold=4;flag:opp_126_done=1;flag:opportunity:Sandbones:126=1	END	fatigue=2		Perguntar por algo mais seguro.	PRE>=6	END	xp=5;reputation=1	END	fatigue=1		GUILDA_OPP	reputation>=4&relation:NPC_MIRIEL>=7	7
OPP_127	OPPORTUNITY	UNCOMMON	ANY	Orinthal	Crystalia	1	1	9	Oportunidade — Comércio	Uma oportunidade de comércio surge em Crystalia. Ela pode abrir uma porta que outros jogadores nunca verão dependendo do que você já fez.	Aceitar e investir tempo.	fatigue<=80	END	xp=9;reputation=1;gold=4;flag:opp_127_done=1;flag:opportunity:Crystalia:127=1	END	fatigue=2		Perguntar por algo mais seguro.	PRE>=6	END	xp=5;reputation=1	END	fatigue=1		COMÉRCIO_OPP	NONE	7
OPP_128	OPPORTUNITY	UNCOMMON	ANY	Zarim	Fornalia	1	1	9	Oportunidade — Arena	Uma oportunidade de arena surge em Fornalia. Ela pode abrir uma porta que outros jogadores nunca verão dependendo do que você já fez.	Aceitar e investir tempo.	fatigue<=80	END	xp=9;reputation=1;gold=4;flag:opp_128_done=1;flag:opportunity:Fornalia:128=1	END	fatigue=2		Perguntar por algo mais seguro.	PRE>=6	END	xp=5;reputation=1	END	fatigue=1		ARENA_OPP	NONE	7
OPP_129	OPPORTUNITY	UNCOMMON	ANY	Lyrien	Aerocivitus	1	1	9	Oportunidade — Pesquisa	Uma oportunidade de pesquisa surge em Aerocivitus. Ela pode abrir uma porta que outros jogadores nunca verão dependendo do que você já fez.	Aceitar e investir tempo.	fatigue<=80	END	xp=9;reputation=1;gold=4;flag:opp_129_done=1;flag:opportunity:Aerocivitus:129=1	END	fatigue=2		Perguntar por algo mais seguro.	PRE>=6	END	xp=5;reputation=1	END	fatigue=1		PESQUISA_OPP	NONE	7
OPP_130	OPPORTUNITY	UNCOMMON	ANY	Myrthos	Sem nome definido	1	1	9	Oportunidade — Rumor de Dungeon	Uma oportunidade de rumor de dungeon surge em Sem nome definido. Ela pode abrir uma porta que outros jogadores nunca verão dependendo do que você já fez.	Aceitar e investir tempo.	fatigue<=80	END	xp=9;reputation=1;gold=4;flag:opp_130_done=1;flag:opportunity:Sem nome definido:130=1	END	fatigue=2		Perguntar por algo mais seguro.	PRE>=6	END	xp=5;reputation=1;reputation=1;flag:opportunity:Sem nome definido:130_alternative=1	END	fatigue=1		RUMOR DE DUNGEON_OPP	NONE	7
OPP_131	OPPORTUNITY	UNCOMMON	ANY	Aeloria	Zorathen	1	1	9	Oportunidade — Contato	Uma oportunidade de contato surge em Zorathen. Ela pode abrir uma porta que outros jogadores nunca verão dependendo do que você já fez.	Aceitar e investir tempo.	fatigue<=80	END	xp=9;reputation=1;gold=4;flag:opp_131_done=1;flag:opportunity:Zorathen:131=1	END	fatigue=2		Perguntar por algo mais seguro.	PRE>=6	END	xp=5;reputation=1	END	fatigue=1		CONTATO_OPP	NONE	7
OPP_132	OPPORTUNITY	UNCOMMON	ANY	Tharun	Stone-Âmbar	1	1	9	Oportunidade — Guilda	Uma oportunidade de guilda surge em Stone-Âmbar. Ela pode abrir uma porta que outros jogadores nunca verão dependendo do que você já fez.	Aceitar e investir tempo.	fatigue<=80	END	xp=9;reputation=1;gold=4;flag:opp_132_done=1;flag:opportunity:Stone-Âmbar:132=1	END	fatigue=2		Perguntar por algo mais seguro.	PRE>=6	END	xp=5;reputation=1	END	fatigue=1		GUILDA_OPP	NONE	7
OPP_133	OPPORTUNITY	UNCOMMON	ANY	Nyssara	Emerald Tide	1	1	9	Oportunidade — Comércio	Uma oportunidade de comércio surge em Emerald Tide. Ela pode abrir uma porta que outros jogadores nunca verão dependendo do que você já fez.	Aceitar e investir tempo.	fatigue<=80	END	xp=9;reputation=1;gold=4;flag:opp_133_done=1;flag:opportunity:Emerald Tide:133=1	END	fatigue=2		Perguntar por algo mais seguro.	PRE>=6	END	xp=5;reputation=1	END	fatigue=1		COMÉRCIO_OPP	cityEconomy:Emerald Tide>=2	7
OPP_134	OPPORTUNITY	UNCOMMON	ANY	Valkyrion	Volmeria	1	1	9	Oportunidade — Arena	Uma oportunidade de arena surge em Volmeria. Ela pode abrir uma porta que outros jogadores nunca verão dependendo do que você já fez.	Aceitar e investir tempo.	fatigue<=80	END	xp=9;reputation=1;gold=4;flag:opp_134_done=1;flag:opportunity:Volmeria:134=1	END	fatigue=2		Perguntar por algo mais seguro.	PRE>=6	END	xp=5;reputation=1	END	fatigue=1		ARENA_OPP	NONE	7
OPP_135	OPPORTUNITY	UNCOMMON	ANY	Eshmara	Brumas	1	1	9	Oportunidade após uma grande decisão — Oportunidade — Pesquisa	Uma oportunidade de pesquisa surge em Brumas. Ela pode abrir uma porta que outros jogadores nunca verão dependendo do que você já fez.	Aceitar e investir tempo.	fatigue<=80	END	xp=9;reputation=1;gold=4;flag:opp_135_done=1;flag:opportunity:Brumas:135=1	END	fatigue=2		Perguntar por algo mais seguro.	PRE>=6	END	xp=5;reputation=1	END	fatigue=1		PESQUISA_OPP	flag:sq_15_complete	7
OPP_136	OPPORTUNITY	UNCOMMON	ANY	Kethruun	Sandbones	1	1	9	Oportunidade — Rumor de Dungeon	Uma oportunidade de rumor de dungeon surge em Sandbones. Ela pode abrir uma porta que outros jogadores nunca verão dependendo do que você já fez.	Aceitar e investir tempo.	fatigue<=80	END	xp=9;reputation=1;gold=4;flag:opp_136_done=1;flag:opportunity:Sandbones:136=1	END	fatigue=2		Perguntar por algo mais seguro.	PRE>=6	END	xp=5;reputation=1	END	fatigue=1		RUMOR DE DUNGEON_OPP	NONE	7
OPP_137	OPPORTUNITY	UNCOMMON	ANY	Orinthal	Crystalia	1	1	9	Oportunidade — Contato	Uma oportunidade de contato surge em Crystalia. Ela pode abrir uma porta que outros jogadores nunca verão dependendo do que você já fez.	Aceitar e investir tempo.	fatigue<=80	END	xp=9;reputation=1;gold=4;flag:opp_137_done=1;flag:opportunity:Crystalia:137=1	END	fatigue=2		Perguntar por algo mais seguro.	PRE>=6	END	xp=5;reputation=1	END	fatigue=1		CONTATO_OPP	NONE	7
OPP_138	OPPORTUNITY	UNCOMMON	ANY	Zarim	Fornalia	1	1	9	Oportunidade — Guilda	Uma oportunidade de guilda surge em Fornalia. Ela pode abrir uma porta que outros jogadores nunca verão dependendo do que você já fez.	Aceitar e investir tempo.	fatigue<=80	END	xp=9;reputation=1;gold=4;flag:opp_138_done=1;flag:opportunity:Fornalia:138=1	END	fatigue=2		Perguntar por algo mais seguro.	PRE>=6	END	xp=5;reputation=1	END	fatigue=1		GUILDA_OPP	NONE	7
OPP_139	OPPORTUNITY	UNCOMMON	ANY	Lyrien	Aerocivitus	1	1	9	Oportunidade — Comércio	Uma oportunidade de comércio surge em Aerocivitus. Ela pode abrir uma porta que outros jogadores nunca verão dependendo do que você já fez.	Aceitar e investir tempo.	fatigue<=80	END	xp=9;reputation=1;gold=4;flag:opp_139_done=1;flag:opportunity:Aerocivitus:139=1	END	fatigue=2		Perguntar por algo mais seguro.	PRE>=6	END	xp=5;reputation=1	END	fatigue=1		COMÉRCIO_OPP	NONE	7
OPP_140	OPPORTUNITY	UNCOMMON	ANY	Aeloria	Valdora	1	1	9	Oportunidade desbloqueada — Oportunidade — Arena	Uma oportunidade de arena surge em Sem nome definido. Ela pode abrir uma porta que outros jogadores nunca verão dependendo do que você já fez.	Aceitar e investir tempo.	fatigue<=80	END	xp=9;reputation=1;gold=4;flag:opp_140_done=1;flag:opportunity:Sem nome definido:140=1	END	fatigue=2		Perguntar por algo mais seguro.	PRE>=6	END	xp=5;reputation=1;reputation=1;flag:opportunity:Sem nome definido:140_alternative=1	END	fatigue=1		ARENA_OPP	cityFlag:Valdora:stabilized	7
OPP_141	OPPORTUNITY	UNCOMMON	ANY	Aeloria	Tindralith	1	1	9	Oportunidade — Pesquisa	Uma oportunidade de pesquisa surge em Tindralith. Ela pode abrir uma porta que outros jogadores nunca verão dependendo do que você já fez.	Aceitar e investir tempo.	fatigue<=80	END	xp=9;reputation=1;gold=4;flag:opp_141_done=1;flag:opportunity:Tindralith:141=1	END	fatigue=2		Perguntar por algo mais seguro.	PRE>=6	END	xp=5;reputation=1	END	fatigue=1		PESQUISA_OPP	NONE	7
OPP_142	OPPORTUNITY	UNCOMMON	ANY	Tharun	Stone-Âmbar	1	1	9	Oportunidade — Rumor de Dungeon	Uma oportunidade de rumor de dungeon surge em Stone-Âmbar. Ela pode abrir uma porta que outros jogadores nunca verão dependendo do que você já fez.	Aceitar e investir tempo.	fatigue<=80	END	xp=9;reputation=1;gold=4;flag:opp_142_done=1;flag:opportunity:Stone-Âmbar:142=1	END	fatigue=2		Perguntar por algo mais seguro.	PRE>=6	END	xp=5;reputation=1	END	fatigue=1		RUMOR DE DUNGEON_OPP	NONE	7
OPP_143	OPPORTUNITY	UNCOMMON	ANY	Nyssara	Emerald Tide	1	1	9	Oportunidade — Contato	Uma oportunidade de contato surge em Emerald Tide. Ela pode abrir uma porta que outros jogadores nunca verão dependendo do que você já fez.	Aceitar e investir tempo.	fatigue<=80	END	xp=9;reputation=1;gold=4;flag:opp_143_done=1;flag:opportunity:Emerald Tide:143=1	END	fatigue=2		Perguntar por algo mais seguro.	PRE>=6	END	xp=5;reputation=1	END	fatigue=1		CONTATO_OPP	NONE	7
OPP_144	OPPORTUNITY	UNCOMMON	ANY	Valkyrion	Volmeria	1	1	9	Oportunidade — Guilda	Uma oportunidade de guilda surge em Volmeria. Ela pode abrir uma porta que outros jogadores nunca verão dependendo do que você já fez.	Aceitar e investir tempo.	fatigue<=80	END	xp=9;reputation=1;gold=4;flag:opp_144_done=1;flag:opportunity:Volmeria:144=1	END	fatigue=2		Perguntar por algo mais seguro.	PRE>=6	END	xp=5;reputation=1	END	fatigue=1		GUILDA_OPP	reputation>=4&relation:NPC_MIRIEL>=7	7
OPP_145	OPPORTUNITY	UNCOMMON	ANY	Eshmara	Brumas	1	1	9	Oportunidade — Comércio	Uma oportunidade de comércio surge em Brumas. Ela pode abrir uma porta que outros jogadores nunca verão dependendo do que você já fez.	Aceitar e investir tempo.	fatigue<=80	END	xp=9;reputation=1;gold=4;flag:opp_145_done=1;flag:opportunity:Brumas:145=1	END	fatigue=2		Perguntar por algo mais seguro.	PRE>=6	END	xp=5;reputation=1	END	fatigue=1		COMÉRCIO_OPP	NONE	7
OPP_146	OPPORTUNITY	UNCOMMON	ANY	Kethruun	Sandbones	1	1	9	Oportunidade — Arena	Uma oportunidade de arena surge em Sandbones. Ela pode abrir uma porta que outros jogadores nunca verão dependendo do que você já fez.	Aceitar e investir tempo.	fatigue<=80	END	xp=9;reputation=1;gold=4;flag:opp_146_done=1;flag:opportunity:Sandbones:146=1	END	fatigue=2		Perguntar por algo mais seguro.	PRE>=6	END	xp=5;reputation=1	END	fatigue=1		ARENA_OPP	NONE	7
OPP_147	OPPORTUNITY	UNCOMMON	ANY	Orinthal	Crystalia	1	1	9	Oportunidade — Pesquisa	Uma oportunidade de pesquisa surge em Crystalia. Ela pode abrir uma porta que outros jogadores nunca verão dependendo do que você já fez.	Aceitar e investir tempo.	fatigue<=80	END	xp=9;reputation=1;gold=4;flag:opp_147_done=1;flag:opportunity:Crystalia:147=1	END	fatigue=2		Perguntar por algo mais seguro.	PRE>=6	END	xp=5;reputation=1	END	fatigue=1		PESQUISA_OPP	cityEconomy:Crystalia>=2	7
OPP_148	OPPORTUNITY	UNCOMMON	ANY	Zarim	Fornalia	1	1	9	Oportunidade — Rumor de Dungeon	Uma oportunidade de rumor de dungeon surge em Fornalia. Ela pode abrir uma porta que outros jogadores nunca verão dependendo do que você já fez.	Aceitar e investir tempo.	fatigue<=80	END	xp=9;reputation=1;gold=4;flag:opp_148_done=1;flag:opportunity:Fornalia:148=1	END	fatigue=2		Perguntar por algo mais seguro.	PRE>=6	END	xp=5;reputation=1	END	fatigue=1		RUMOR DE DUNGEON_OPP	NONE	7
OPP_149	OPPORTUNITY	UNCOMMON	ANY	Lyrien	Aerocivitus	1	1	9	Oportunidade — Contato	Uma oportunidade de contato surge em Aerocivitus. Ela pode abrir uma porta que outros jogadores nunca verão dependendo do que você já fez.	Aceitar e investir tempo.	fatigue<=80	END	xp=9;reputation=1;gold=4;flag:opp_149_done=1;flag:opportunity:Aerocivitus:149=1	END	fatigue=2		Perguntar por algo mais seguro.	PRE>=6	END	xp=5;reputation=1	END	fatigue=1		CONTATO_OPP	NONE	7
OPP_150	OPPORTUNITY	UNCOMMON	ANY	Myrthos	Sem nome definido	1	1	9	Oportunidade após uma grande decisão — Oportunidade — Guilda	Uma oportunidade de guilda surge em Sem nome definido. Ela pode abrir uma porta que outros jogadores nunca verão dependendo do que você já fez.	Aceitar e investir tempo.	fatigue<=80	END	xp=9;reputation=1;gold=4;flag:opp_150_done=1;flag:opportunity:Sem nome definido:150=1	END	fatigue=2		Perguntar por algo mais seguro.	PRE>=6	END	xp=5;reputation=1;reputation=1;flag:opportunity:Sem nome definido:150_alternative=1	END	fatigue=1		GUILDA_OPP	flag:sq_30_complete	7
OPP_151	OPPORTUNITY	UNCOMMON	ANY	Aeloria	Hallowspire	1	1	9	Oportunidade — Comércio	Uma oportunidade de comércio surge em Hallowspire. Ela pode abrir uma porta que outros jogadores nunca verão dependendo do que você já fez.	Aceitar e investir tempo.	fatigue<=80	END	xp=9;reputation=1;gold=4;flag:opp_151_done=1;flag:opportunity:Hallowspire:151=1	END	fatigue=2		Perguntar por algo mais seguro.	PRE>=6	END	xp=5;reputation=1	END	fatigue=1		COMÉRCIO_OPP	NONE	7
OPP_152	OPPORTUNITY	UNCOMMON	ANY	Tharun	Stone-Âmbar	1	1	9	Oportunidade — Arena	Uma oportunidade de arena surge em Stone-Âmbar. Ela pode abrir uma porta que outros jogadores nunca verão dependendo do que você já fez.	Aceitar e investir tempo.	fatigue<=80	END	xp=9;reputation=1;gold=4;flag:opp_152_done=1;flag:opportunity:Stone-Âmbar:152=1	END	fatigue=2		Perguntar por algo mais seguro.	PRE>=6	END	xp=5;reputation=1	END	fatigue=1		ARENA_OPP	NONE	7
OPP_153	OPPORTUNITY	UNCOMMON	ANY	Nyssara	Emerald Tide	1	1	9	Oportunidade — Pesquisa	Uma oportunidade de pesquisa surge em Emerald Tide. Ela pode abrir uma porta que outros jogadores nunca verão dependendo do que você já fez.	Aceitar e investir tempo.	fatigue<=80	END	xp=9;reputation=1;gold=4;flag:opp_153_done=1;flag:opportunity:Emerald Tide:153=1	END	fatigue=2		Perguntar por algo mais seguro.	PRE>=6	END	xp=5;reputation=1	END	fatigue=1		PESQUISA_OPP	reputation>=4&relation:NPC_MIRIEL>=7	7
OPP_154	OPPORTUNITY	UNCOMMON	ANY	Valkyrion	Volmeria	1	1	9	Oportunidade — Rumor de Dungeon	Uma oportunidade de rumor de dungeon surge em Volmeria. Ela pode abrir uma porta que outros jogadores nunca verão dependendo do que você já fez.	Aceitar e investir tempo.	fatigue<=80	END	xp=9;reputation=1;gold=4;flag:opp_154_done=1;flag:opportunity:Volmeria:154=1	END	fatigue=2		Perguntar por algo mais seguro.	PRE>=6	END	xp=5;reputation=1	END	fatigue=1		RUMOR DE DUNGEON_OPP	cityEconomy:Volmeria>=2	7
OPP_155	OPPORTUNITY	UNCOMMON	ANY	Eshmara	Brumas	1	1	9	Oportunidade — Contato	Uma oportunidade de contato surge em Brumas. Ela pode abrir uma porta que outros jogadores nunca verão dependendo do que você já fez.	Aceitar e investir tempo.	fatigue<=80	END	xp=9;reputation=1;gold=4;flag:opp_155_done=1;flag:opportunity:Brumas:155=1	END	fatigue=2		Perguntar por algo mais seguro.	PRE>=6	END	xp=5;reputation=1	END	fatigue=1		CONTATO_OPP	NONE	7
OPP_156	OPPORTUNITY	UNCOMMON	ANY	Kethruun	Sandbones	1	1	9	Oportunidade — Guilda	Uma oportunidade de guilda surge em Sandbones. Ela pode abrir uma porta que outros jogadores nunca verão dependendo do que você já fez.	Aceitar e investir tempo.	fatigue<=80	END	xp=9;reputation=1;gold=4;flag:opp_156_done=1;flag:opportunity:Sandbones:156=1	END	fatigue=2		Perguntar por algo mais seguro.	PRE>=6	END	xp=5;reputation=1	END	fatigue=1		GUILDA_OPP	NONE	7
OPP_157	OPPORTUNITY	UNCOMMON	ANY	Orinthal	Crystalia	1	1	9	Oportunidade — Comércio	Uma oportunidade de comércio surge em Crystalia. Ela pode abrir uma porta que outros jogadores nunca verão dependendo do que você já fez.	Aceitar e investir tempo.	fatigue<=80	END	xp=9;reputation=1;gold=4;flag:opp_157_done=1;flag:opportunity:Crystalia:157=1	END	fatigue=2		Perguntar por algo mais seguro.	PRE>=6	END	xp=5;reputation=1	END	fatigue=1		COMÉRCIO_OPP	NONE	7
OPP_158	OPPORTUNITY	UNCOMMON	ANY	Zarim	Fornalia	1	1	9	Oportunidade — Arena	Uma oportunidade de arena surge em Fornalia. Ela pode abrir uma porta que outros jogadores nunca verão dependendo do que você já fez.	Aceitar e investir tempo.	fatigue<=80	END	xp=9;reputation=1;gold=4;flag:opp_158_done=1;flag:opportunity:Fornalia:158=1	END	fatigue=2		Perguntar por algo mais seguro.	PRE>=6	END	xp=5;reputation=1	END	fatigue=1		ARENA_OPP	NONE	7
OPP_159	OPPORTUNITY	UNCOMMON	ANY	Lyrien	Aerocivitus	1	1	9	Oportunidade — Pesquisa	Uma oportunidade de pesquisa surge em Aerocivitus. Ela pode abrir uma porta que outros jogadores nunca verão dependendo do que você já fez.	Aceitar e investir tempo.	fatigue<=80	END	xp=9;reputation=1;gold=4;flag:opp_159_done=1;flag:opportunity:Aerocivitus:159=1	END	fatigue=2		Perguntar por algo mais seguro.	PRE>=6	END	xp=5;reputation=1	END	fatigue=1		PESQUISA_OPP	NONE	7
OPP_160	OPPORTUNITY	UNCOMMON	ANY	Aeloria	Valdora	1	1	9	Oportunidade desbloqueada — Oportunidade — Rumor de Dungeon	Uma oportunidade de rumor de dungeon surge em Sem nome definido. Ela pode abrir uma porta que outros jogadores nunca verão dependendo do que você já fez.	Aceitar e investir tempo.	fatigue<=80	END	xp=9;reputation=1;gold=4;flag:opp_160_done=1;flag:opportunity:Sem nome definido:160=1	END	fatigue=2		Perguntar por algo mais seguro.	PRE>=6	END	xp=5;reputation=1;reputation=1;flag:opportunity:Sem nome definido:160_alternative=1	END	fatigue=1		RUMOR DE DUNGEON_OPP	cityFlag:Valdora:stabilized	7
OPP_161	OPPORTUNITY	UNCOMMON	ANY	Aeloria	Blackmere	1	1	9	Oportunidade — Contato	Uma oportunidade de contato surge em Blackmere. Ela pode abrir uma porta que outros jogadores nunca verão dependendo do que você já fez.	Aceitar e investir tempo.	fatigue<=80	END	xp=9;reputation=1;gold=4;flag:opp_161_done=1;flag:opportunity:Blackmere:161=1	END	fatigue=2		Perguntar por algo mais seguro.	PRE>=6	END	xp=5;reputation=1	END	fatigue=1		CONTATO_OPP	cityEconomy:Blackmere>=2	7
OPP_162	OPPORTUNITY	UNCOMMON	ANY	Tharun	Stone-Âmbar	1	1	9	Oportunidade — Guilda	Uma oportunidade de guilda surge em Stone-Âmbar. Ela pode abrir uma porta que outros jogadores nunca verão dependendo do que você já fez.	Aceitar e investir tempo.	fatigue<=80	END	xp=9;reputation=1;gold=4;flag:opp_162_done=1;flag:opportunity:Stone-Âmbar:162=1	END	fatigue=2		Perguntar por algo mais seguro.	PRE>=6	END	xp=5;reputation=1	END	fatigue=1		GUILDA_OPP	reputation>=4&relation:NPC_MIRIEL>=7	7
OPP_163	OPPORTUNITY	UNCOMMON	ANY	Nyssara	Emerald Tide	1	1	9	Oportunidade — Comércio	Uma oportunidade de comércio surge em Emerald Tide. Ela pode abrir uma porta que outros jogadores nunca verão dependendo do que você já fez.	Aceitar e investir tempo.	fatigue<=80	END	xp=9;reputation=1;gold=4;flag:opp_163_done=1;flag:opportunity:Emerald Tide:163=1	END	fatigue=2		Perguntar por algo mais seguro.	PRE>=6	END	xp=5;reputation=1	END	fatigue=1		COMÉRCIO_OPP	NONE	7
OPP_164	OPPORTUNITY	UNCOMMON	ANY	Valkyrion	Volmeria	1	1	9	Oportunidade — Arena	Uma oportunidade de arena surge em Volmeria. Ela pode abrir uma porta que outros jogadores nunca verão dependendo do que você já fez.	Aceitar e investir tempo.	fatigue<=80	END	xp=9;reputation=1;gold=4;flag:opp_164_done=1;flag:opportunity:Volmeria:164=1	END	fatigue=2		Perguntar por algo mais seguro.	PRE>=6	END	xp=5;reputation=1	END	fatigue=1		ARENA_OPP	NONE	7
OPP_165	OPPORTUNITY	UNCOMMON	ANY	Eshmara	Brumas	1	1	9	Oportunidade após uma grande decisão — Oportunidade — Pesquisa	Uma oportunidade de pesquisa surge em Brumas. Ela pode abrir uma porta que outros jogadores nunca verão dependendo do que você já fez.	Aceitar e investir tempo.	fatigue<=80	END	xp=9;reputation=1;gold=4;flag:opp_165_done=1;flag:opportunity:Brumas:165=1	END	fatigue=2		Perguntar por algo mais seguro.	PRE>=6	END	xp=5;reputation=1	END	fatigue=1		PESQUISA_OPP	flag:sq_15_complete	7
OPP_166	OPPORTUNITY	UNCOMMON	ANY	Kethruun	Sandbones	1	1	9	Oportunidade — Rumor de Dungeon	Uma oportunidade de rumor de dungeon surge em Sandbones. Ela pode abrir uma porta que outros jogadores nunca verão dependendo do que você já fez.	Aceitar e investir tempo.	fatigue<=80	END	xp=9;reputation=1;gold=4;flag:opp_166_done=1;flag:opportunity:Sandbones:166=1	END	fatigue=2		Perguntar por algo mais seguro.	PRE>=6	END	xp=5;reputation=1	END	fatigue=1		RUMOR DE DUNGEON_OPP	NONE	7
OPP_167	OPPORTUNITY	UNCOMMON	ANY	Orinthal	Crystalia	1	1	9	Oportunidade — Contato	Uma oportunidade de contato surge em Crystalia. Ela pode abrir uma porta que outros jogadores nunca verão dependendo do que você já fez.	Aceitar e investir tempo.	fatigue<=80	END	xp=9;reputation=1;gold=4;flag:opp_167_done=1;flag:opportunity:Crystalia:167=1	END	fatigue=2		Perguntar por algo mais seguro.	PRE>=6	END	xp=5;reputation=1	END	fatigue=1		CONTATO_OPP	NONE	7
OPP_168	OPPORTUNITY	UNCOMMON	ANY	Zarim	Fornalia	1	1	9	Oportunidade — Guilda	Uma oportunidade de guilda surge em Fornalia. Ela pode abrir uma porta que outros jogadores nunca verão dependendo do que você já fez.	Aceitar e investir tempo.	fatigue<=80	END	xp=9;reputation=1;gold=4;flag:opp_168_done=1;flag:opportunity:Fornalia:168=1	END	fatigue=2		Perguntar por algo mais seguro.	PRE>=6	END	xp=5;reputation=1	END	fatigue=1		GUILDA_OPP	cityEconomy:Fornalia>=2	7
OPP_169	OPPORTUNITY	UNCOMMON	ANY	Lyrien	Aerocivitus	1	1	9	Oportunidade — Comércio	Uma oportunidade de comércio surge em Aerocivitus. Ela pode abrir uma porta que outros jogadores nunca verão dependendo do que você já fez.	Aceitar e investir tempo.	fatigue<=80	END	xp=9;reputation=1;gold=4;flag:opp_169_done=1;flag:opportunity:Aerocivitus:169=1	END	fatigue=2		Perguntar por algo mais seguro.	PRE>=6	END	xp=5;reputation=1	END	fatigue=1		COMÉRCIO_OPP	NONE	7
OPP_170	OPPORTUNITY	UNCOMMON	ANY	Myrthos	Sem nome definido	1	1	9	Oportunidade — Arena	Uma oportunidade de arena surge em Sem nome definido. Ela pode abrir uma porta que outros jogadores nunca verão dependendo do que você já fez.	Aceitar e investir tempo.	fatigue<=80	END	xp=9;reputation=1;gold=4;flag:opp_170_done=1;flag:opportunity:Sem nome definido:170=1	END	fatigue=2		Perguntar por algo mais seguro.	PRE>=6	END	xp=5;reputation=1;reputation=1;flag:opportunity:Sem nome definido:170_alternative=1	END	fatigue=1		ARENA_OPP	NONE	7
OPP_171	OPPORTUNITY	UNCOMMON	ANY	Aeloria	Verdralith	1	1	9	Oportunidade — Pesquisa	Uma oportunidade de pesquisa surge em Verdralith. Ela pode abrir uma porta que outros jogadores nunca verão dependendo do que você já fez.	Aceitar e investir tempo.	fatigue<=80	END	xp=9;reputation=1;gold=4;flag:opp_171_done=1;flag:opportunity:Verdralith:171=1	END	fatigue=2		Perguntar por algo mais seguro.	PRE>=6	END	xp=5;reputation=1	END	fatigue=1		PESQUISA_OPP	reputation>=4&relation:NPC_MIRIEL>=7	7
OPP_172	OPPORTUNITY	UNCOMMON	ANY	Tharun	Stone-Âmbar	1	1	9	Oportunidade — Rumor de Dungeon	Uma oportunidade de rumor de dungeon surge em Stone-Âmbar. Ela pode abrir uma porta que outros jogadores nunca verão dependendo do que você já fez.	Aceitar e investir tempo.	fatigue<=80	END	xp=9;reputation=1;gold=4;flag:opp_172_done=1;flag:opportunity:Stone-Âmbar:172=1	END	fatigue=2		Perguntar por algo mais seguro.	PRE>=6	END	xp=5;reputation=1	END	fatigue=1		RUMOR DE DUNGEON_OPP	NONE	7
OPP_173	OPPORTUNITY	UNCOMMON	ANY	Nyssara	Emerald Tide	1	1	9	Oportunidade — Contato	Uma oportunidade de contato surge em Emerald Tide. Ela pode abrir uma porta que outros jogadores nunca verão dependendo do que você já fez.	Aceitar e investir tempo.	fatigue<=80	END	xp=9;reputation=1;gold=4;flag:opp_173_done=1;flag:opportunity:Emerald Tide:173=1	END	fatigue=2		Perguntar por algo mais seguro.	PRE>=6	END	xp=5;reputation=1	END	fatigue=1		CONTATO_OPP	NONE	7
OPP_174	OPPORTUNITY	UNCOMMON	ANY	Valkyrion	Volmeria	1	1	9	Oportunidade — Guilda	Uma oportunidade de guilda surge em Volmeria. Ela pode abrir uma porta que outros jogadores nunca verão dependendo do que você já fez.	Aceitar e investir tempo.	fatigue<=80	END	xp=9;reputation=1;gold=4;flag:opp_174_done=1;flag:opportunity:Volmeria:174=1	END	fatigue=2		Perguntar por algo mais seguro.	PRE>=6	END	xp=5;reputation=1	END	fatigue=1		GUILDA_OPP	NONE	7
OPP_175	OPPORTUNITY	UNCOMMON	ANY	Eshmara	Brumas	1	1	9	Oportunidade — Comércio	Uma oportunidade de comércio surge em Brumas. Ela pode abrir uma porta que outros jogadores nunca verão dependendo do que você já fez.	Aceitar e investir tempo.	fatigue<=80	END	xp=9;reputation=1;gold=4;flag:opp_175_done=1;flag:opportunity:Brumas:175=1	END	fatigue=2		Perguntar por algo mais seguro.	PRE>=6	END	xp=5;reputation=1	END	fatigue=1		COMÉRCIO_OPP	cityEconomy:Brumas>=2	7
OPP_176	OPPORTUNITY	UNCOMMON	ANY	Kethruun	Sandbones	1	1	9	Oportunidade — Arena	Uma oportunidade de arena surge em Sandbones. Ela pode abrir uma porta que outros jogadores nunca verão dependendo do que você já fez.	Aceitar e investir tempo.	fatigue<=80	END	xp=9;reputation=1;gold=4;flag:opp_176_done=1;flag:opportunity:Sandbones:176=1	END	fatigue=2		Perguntar por algo mais seguro.	PRE>=6	END	xp=5;reputation=1	END	fatigue=1		ARENA_OPP	NONE	7
OPP_177	OPPORTUNITY	UNCOMMON	ANY	Orinthal	Crystalia	1	1	9	Oportunidade — Pesquisa	Uma oportunidade de pesquisa surge em Crystalia. Ela pode abrir uma porta que outros jogadores nunca verão dependendo do que você já fez.	Aceitar e investir tempo.	fatigue<=80	END	xp=9;reputation=1;gold=4;flag:opp_177_done=1;flag:opportunity:Crystalia:177=1	END	fatigue=2		Perguntar por algo mais seguro.	PRE>=6	END	xp=5;reputation=1	END	fatigue=1		PESQUISA_OPP	NONE	7
OPP_178	OPPORTUNITY	UNCOMMON	ANY	Zarim	Fornalia	1	1	9	Oportunidade — Rumor de Dungeon	Uma oportunidade de rumor de dungeon surge em Fornalia. Ela pode abrir uma porta que outros jogadores nunca verão dependendo do que você já fez.	Aceitar e investir tempo.	fatigue<=80	END	xp=9;reputation=1;gold=4;flag:opp_178_done=1;flag:opportunity:Fornalia:178=1	END	fatigue=2		Perguntar por algo mais seguro.	PRE>=6	END	xp=5;reputation=1	END	fatigue=1		RUMOR DE DUNGEON_OPP	NONE	7
OPP_179	OPPORTUNITY	UNCOMMON	ANY	Lyrien	Aerocivitus	1	1	9	Oportunidade — Contato	Uma oportunidade de contato surge em Aerocivitus. Ela pode abrir uma porta que outros jogadores nunca verão dependendo do que você já fez.	Aceitar e investir tempo.	fatigue<=80	END	xp=9;reputation=1;gold=4;flag:opp_179_done=1;flag:opportunity:Aerocivitus:179=1	END	fatigue=2		Perguntar por algo mais seguro.	PRE>=6	END	xp=5;reputation=1	END	fatigue=1		CONTATO_OPP	NONE	7
OPP_180	OPPORTUNITY	UNCOMMON	ANY	Aeloria	Valdora	1	1	9	Oportunidade desbloqueada — Oportunidade — Guilda	Uma oportunidade de guilda surge em Sem nome definido. Ela pode abrir uma porta que outros jogadores nunca verão dependendo do que você já fez.	Aceitar e investir tempo.	fatigue<=80	END	xp=9;reputation=1;gold=4;flag:opp_180_done=1;flag:opportunity:Sem nome definido:180=1	END	fatigue=2		Perguntar por algo mais seguro.	PRE>=6	END	xp=5;reputation=1;reputation=1;flag:opportunity:Sem nome definido:180_alternative=1	END	fatigue=1		GUILDA_OPP	cityFlag:Valdora:stabilized	7
OPP_181	OPPORTUNITY	UNCOMMON	ANY	Aeloria	Jorathen	1	1	9	Oportunidade — Comércio	Uma oportunidade de comércio surge em Jorathen. Ela pode abrir uma porta que outros jogadores nunca verão dependendo do que você já fez.	Aceitar e investir tempo.	fatigue<=80	END	xp=9;reputation=1;gold=4;flag:opp_181_done=1;flag:opportunity:Jorathen:181=1	END	fatigue=2		Perguntar por algo mais seguro.	PRE>=6	END	xp=5;reputation=1	END	fatigue=1		COMÉRCIO_OPP	NONE	7
OPP_182	OPPORTUNITY	UNCOMMON	ANY	Tharun	Stone-Âmbar	1	1	9	Oportunidade — Arena	Uma oportunidade de arena surge em Stone-Âmbar. Ela pode abrir uma porta que outros jogadores nunca verão dependendo do que você já fez.	Aceitar e investir tempo.	fatigue<=80	END	xp=9;reputation=1;gold=4;flag:opp_182_done=1;flag:opportunity:Stone-Âmbar:182=1	END	fatigue=2		Perguntar por algo mais seguro.	PRE>=6	END	xp=5;reputation=1	END	fatigue=1		ARENA_OPP	cityEconomy:Stone-Âmbar>=2	7
OPP_183	OPPORTUNITY	UNCOMMON	ANY	Nyssara	Emerald Tide	1	1	9	Oportunidade — Pesquisa	Uma oportunidade de pesquisa surge em Emerald Tide. Ela pode abrir uma porta que outros jogadores nunca verão dependendo do que você já fez.	Aceitar e investir tempo.	fatigue<=80	END	xp=9;reputation=1;gold=4;flag:opp_183_done=1;flag:opportunity:Emerald Tide:183=1	END	fatigue=2		Perguntar por algo mais seguro.	PRE>=6	END	xp=5;reputation=1	END	fatigue=1		PESQUISA_OPP	NONE	7
OPP_184	OPPORTUNITY	UNCOMMON	ANY	Valkyrion	Volmeria	1	1	9	Oportunidade — Rumor de Dungeon	Uma oportunidade de rumor de dungeon surge em Volmeria. Ela pode abrir uma porta que outros jogadores nunca verão dependendo do que você já fez.	Aceitar e investir tempo.	fatigue<=80	END	xp=9;reputation=1;gold=4;flag:opp_184_done=1;flag:opportunity:Volmeria:184=1	END	fatigue=2		Perguntar por algo mais seguro.	PRE>=6	END	xp=5;reputation=1	END	fatigue=1		RUMOR DE DUNGEON_OPP	NONE	7
OPP_185	OPPORTUNITY	UNCOMMON	ANY	Eshmara	Brumas	1	1	9	Oportunidade — Contato	Uma oportunidade de contato surge em Brumas. Ela pode abrir uma porta que outros jogadores nunca verão dependendo do que você já fez.	Aceitar e investir tempo.	fatigue<=80	END	xp=9;reputation=1;gold=4;flag:opp_185_done=1;flag:opportunity:Brumas:185=1	END	fatigue=2		Perguntar por algo mais seguro.	PRE>=6	END	xp=5;reputation=1	END	fatigue=1		CONTATO_OPP	NONE	7
OPP_186	OPPORTUNITY	UNCOMMON	ANY	Kethruun	Sandbones	1	1	9	Oportunidade — Guilda	Uma oportunidade de guilda surge em Sandbones. Ela pode abrir uma porta que outros jogadores nunca verão dependendo do que você já fez.	Aceitar e investir tempo.	fatigue<=80	END	xp=9;reputation=1;gold=4;flag:opp_186_done=1;flag:opportunity:Sandbones:186=1	END	fatigue=2		Perguntar por algo mais seguro.	PRE>=6	END	xp=5;reputation=1	END	fatigue=1		GUILDA_OPP	NONE	7
OPP_187	OPPORTUNITY	UNCOMMON	ANY	Orinthal	Crystalia	1	1	9	Oportunidade — Comércio	Uma oportunidade de comércio surge em Crystalia. Ela pode abrir uma porta que outros jogadores nunca verão dependendo do que você já fez.	Aceitar e investir tempo.	fatigue<=80	END	xp=9;reputation=1;gold=4;flag:opp_187_done=1;flag:opportunity:Crystalia:187=1	END	fatigue=2		Perguntar por algo mais seguro.	PRE>=6	END	xp=5;reputation=1	END	fatigue=1		COMÉRCIO_OPP	NONE	7
OPP_188	OPPORTUNITY	UNCOMMON	ANY	Zarim	Fornalia	1	1	9	Oportunidade — Arena	Uma oportunidade de arena surge em Fornalia. Ela pode abrir uma porta que outros jogadores nunca verão dependendo do que você já fez.	Aceitar e investir tempo.	fatigue<=80	END	xp=9;reputation=1;gold=4;flag:opp_188_done=1;flag:opportunity:Fornalia:188=1	END	fatigue=2		Perguntar por algo mais seguro.	PRE>=6	END	xp=5;reputation=1	END	fatigue=1		ARENA_OPP	NONE	7
OPP_189	OPPORTUNITY	UNCOMMON	ANY	Lyrien	Aerocivitus	1	1	9	Oportunidade — Pesquisa	Uma oportunidade de pesquisa surge em Aerocivitus. Ela pode abrir uma porta que outros jogadores nunca verão dependendo do que você já fez.	Aceitar e investir tempo.	fatigue<=80	END	xp=9;reputation=1;gold=4;flag:opp_189_done=1;flag:opportunity:Aerocivitus:189=1	END	fatigue=2		Perguntar por algo mais seguro.	PRE>=6	END	xp=5;reputation=1	END	fatigue=1		PESQUISA_OPP	reputation>=4&relation:NPC_MIRIEL>=7	7
OPP_190	OPPORTUNITY	UNCOMMON	ANY	Myrthos	Sem nome definido	1	1	9	Oportunidade — Rumor de Dungeon	Uma oportunidade de rumor de dungeon surge em Sem nome definido. Ela pode abrir uma porta que outros jogadores nunca verão dependendo do que você já fez.	Aceitar e investir tempo.	fatigue<=80	END	xp=9;reputation=1;gold=4;flag:opp_190_done=1;flag:opportunity:Sem nome definido:190=1	END	fatigue=2		Perguntar por algo mais seguro.	PRE>=6	END	xp=5;reputation=1;reputation=1;flag:opportunity:Sem nome definido:190_alternative=1	END	fatigue=1		RUMOR DE DUNGEON_OPP	NONE	7
OPP_191	OPPORTUNITY	UNCOMMON	ANY	Aeloria	Dawnspire	1	1	9	Oportunidade — Contato	Uma oportunidade de contato surge em Dawnspire. Ela pode abrir uma porta que outros jogadores nunca verão dependendo do que você já fez.	Aceitar e investir tempo.	fatigue<=80	END	xp=9;reputation=1;gold=4;flag:opp_191_done=1;flag:opportunity:Dawnspire:191=1	END	fatigue=2		Perguntar por algo mais seguro.	PRE>=6	END	xp=5;reputation=1	END	fatigue=1		CONTATO_OPP	NONE	7
OPP_192	OPPORTUNITY	UNCOMMON	ANY	Tharun	Stone-Âmbar	1	1	9	Oportunidade — Guilda	Uma oportunidade de guilda surge em Stone-Âmbar. Ela pode abrir uma porta que outros jogadores nunca verão dependendo do que você já fez.	Aceitar e investir tempo.	fatigue<=80	END	xp=9;reputation=1;gold=4;flag:opp_192_done=1;flag:opportunity:Stone-Âmbar:192=1	END	fatigue=2		Perguntar por algo mais seguro.	PRE>=6	END	xp=5;reputation=1	END	fatigue=1		GUILDA_OPP	NONE	7
OPP_193	OPPORTUNITY	UNCOMMON	ANY	Nyssara	Emerald Tide	1	1	9	Oportunidade — Comércio	Uma oportunidade de comércio surge em Emerald Tide. Ela pode abrir uma porta que outros jogadores nunca verão dependendo do que você já fez.	Aceitar e investir tempo.	fatigue<=80	END	xp=9;reputation=1;gold=4;flag:opp_193_done=1;flag:opportunity:Emerald Tide:193=1	END	fatigue=2		Perguntar por algo mais seguro.	PRE>=6	END	xp=5;reputation=1	END	fatigue=1		COMÉRCIO_OPP	NONE	7
OPP_194	OPPORTUNITY	UNCOMMON	ANY	Valkyrion	Volmeria	1	1	9	Oportunidade — Arena	Uma oportunidade de arena surge em Volmeria. Ela pode abrir uma porta que outros jogadores nunca verão dependendo do que você já fez.	Aceitar e investir tempo.	fatigue<=80	END	xp=9;reputation=1;gold=4;flag:opp_194_done=1;flag:opportunity:Volmeria:194=1	END	fatigue=2		Perguntar por algo mais seguro.	PRE>=6	END	xp=5;reputation=1	END	fatigue=1		ARENA_OPP	NONE	7
OPP_195	OPPORTUNITY	UNCOMMON	ANY	Eshmara	Brumas	1	1	9	Oportunidade após uma grande decisão — Oportunidade — Pesquisa	Uma oportunidade de pesquisa surge em Brumas. Ela pode abrir uma porta que outros jogadores nunca verão dependendo do que você já fez.	Aceitar e investir tempo.	fatigue<=80	END	xp=9;reputation=1;gold=4;flag:opp_195_done=1;flag:opportunity:Brumas:195=1	END	fatigue=2		Perguntar por algo mais seguro.	PRE>=6	END	xp=5;reputation=1	END	fatigue=1		PESQUISA_OPP	flag:sq_15_complete	7
OPP_196	OPPORTUNITY	UNCOMMON	ANY	Kethruun	Sandbones	1	1	9	Oportunidade — Rumor de Dungeon	Uma oportunidade de rumor de dungeon surge em Sandbones. Ela pode abrir uma porta que outros jogadores nunca verão dependendo do que você já fez.	Aceitar e investir tempo.	fatigue<=80	END	xp=9;reputation=1;gold=4;flag:opp_196_done=1;flag:opportunity:Sandbones:196=1	END	fatigue=2		Perguntar por algo mais seguro.	PRE>=6	END	xp=5;reputation=1	END	fatigue=1		RUMOR DE DUNGEON_OPP	cityEconomy:Sandbones>=2	7
OPP_197	OPPORTUNITY	UNCOMMON	ANY	Orinthal	Crystalia	1	1	9	Oportunidade — Contato	Uma oportunidade de contato surge em Crystalia. Ela pode abrir uma porta que outros jogadores nunca verão dependendo do que você já fez.	Aceitar e investir tempo.	fatigue<=80	END	xp=9;reputation=1;gold=4;flag:opp_197_done=1;flag:opportunity:Crystalia:197=1	END	fatigue=2		Perguntar por algo mais seguro.	PRE>=6	END	xp=5;reputation=1	END	fatigue=1		CONTATO_OPP	NONE	7
OPP_198	OPPORTUNITY	UNCOMMON	ANY	Zarim	Fornalia	1	1	9	Oportunidade — Guilda	Uma oportunidade de guilda surge em Fornalia. Ela pode abrir uma porta que outros jogadores nunca verão dependendo do que você já fez.	Aceitar e investir tempo.	fatigue<=80	END	xp=9;reputation=1;gold=4;flag:opp_198_done=1;flag:opportunity:Fornalia:198=1	END	fatigue=2		Perguntar por algo mais seguro.	PRE>=6	END	xp=5;reputation=1	END	fatigue=1		GUILDA_OPP	reputation>=4&relation:NPC_MIRIEL>=7	7
OPP_199	OPPORTUNITY	UNCOMMON	ANY	Lyrien	Aerocivitus	1	1	9	Oportunidade — Comércio	Uma oportunidade de comércio surge em Aerocivitus. Ela pode abrir uma porta que outros jogadores nunca verão dependendo do que você já fez.	Aceitar e investir tempo.	fatigue<=80	END	xp=9;reputation=1;gold=4;flag:opp_199_done=1;flag:opportunity:Aerocivitus:199=1	END	fatigue=2		Perguntar por algo mais seguro.	PRE>=6	END	xp=5;reputation=1	END	fatigue=1		COMÉRCIO_OPP	NONE	7
OPP_200	OPPORTUNITY	UNCOMMON	ANY	Aeloria	Valdora	1	1	9	Oportunidade desbloqueada — Oportunidade — Arena	Uma oportunidade de arena surge em Sem nome definido. Ela pode abrir uma porta que outros jogadores nunca verão dependendo do que você já fez.	Aceitar e investir tempo.	fatigue<=80	END	xp=9;reputation=1;gold=4;flag:opp_200_done=1;flag:opportunity:Sem nome definido:200=1	END	fatigue=2		Perguntar por algo mais seguro.	PRE>=6	END	xp=5;reputation=1;reputation=1;flag:opportunity:Sem nome definido:200_alternative=1	END	fatigue=1		ARENA_OPP	cityFlag:Valdora:stabilized	7
