id	category	name	description	points	hidden
ACH_0001	COMBAT	Primeira vitória contra Orc.	Derrote um Orc.	85	NO
ACH_0002	COMBAT	Caçador de Goblin.	Derrote 50 criaturas da espécie Goblin.	20	NO
ACH_0003	EPILOGUE	A cidade se lembra.	Conclua um acontecimento que altere o destino de uma cidade.	85	YES
ACH_0004	ROMANCE	Um sentimento confessado.	Alcance ROMANCE com um NPC adulto.	15	NO
ACH_0005	GUILD	Nome na Guilda.	Alcance o rank A da Guilda.	75	NO
ACH_0006	GUILD	Nome na Guilda.	Alcance o rank E da Guilda.	40	NO
ACH_0007	ACADEMY	Um dia de cada vez.	Conclua uma etapa acadêmica.	20	NO
ACH_0008	MAGIC	Página virada.	Aprenda um feitiço de nível 9.	15	NO
ACH_0009	MAGIC	Página virada.	Aprenda um feitiço de nível 2.	15	NO
ACH_0010	ACADEMY	Veterano de Valdora.	Conclua um ano da Academia.	55	NO
ACH_0011	ACADEMY	Veterano de Valdora.	Conclua um ano da Academia.	45	NO
ACH_0012	ACADEMY	Veterano de Valdora.	Conclua um ano da Academia.	40	NO
ACH_0013	SURVIVAL	Sobrevivente.	Passe por uma semana sem deixar Fome ou Sede chegar a zero.	20	NO
ACH_0014	EPILOGUE	Mesmo a derrota deixa uma história.	Registre um desfecho negativo no Prólogo.	95	YES
ACH_0015	GUILD	Nome na Guilda.	Alcance o rank F da Guilda.	35	NO
ACH_0016	ACADEMY	Veterano de Valdora.	Conclua um ano da Academia.	95	NO
ACH_0017	ACADEMY	Veterano de Valdora.	Conclua um ano da Academia.	25	NO
ACH_0018	ACADEMY	Um dia de cada vez.	Conclua uma etapa acadêmica.	75	NO
ACH_0019	EPILOGUE	A cidade se lembra.	Conclua um acontecimento que altere o destino de uma cidade.	15	YES
ACH_0020	MAGIC	Página virada.	Aprenda um feitiço de nível 9.	85	NO
ACH_0021	WORLD	Conhecedor de Valdora.	Visite Valdora.	45	NO
ACH_0022	DISCOVERY	Segredo encontrado.	Descubra Santuário de Tindralith.	30	NO
ACH_0023	DISCOVERY	Segredo encontrado.	Descubra Academia de Duskmere.	100	NO
ACH_0024	ROMANCE	Um sentimento confessado.	Alcance ROMANCE com um NPC adulto.	75	NO
ACH_0025	SOCIAL	Uma amizade nasceu.	Alcance o estágio AMIGO com um NPC.	15	NO
ACH_0026	SOCIAL	Confiança conquistada.	Alcance o estágio PROXIMO com um NPC.	85	NO
ACH_0027	SOCIAL	Uma amizade nasceu.	Alcance o estágio AMIGO com um NPC.	25	NO
ACH_0028	SURVIVAL	Sobrevivente.	Passe por uma semana sem deixar Fome ou Sede chegar a zero.	50	NO
ACH_0029	SOCIAL	Confiança conquistada.	Alcance o estágio PROXIMO com um NPC.	35	NO
ACH_0030	COMBAT	Caçador de Mantis.	Derrote 25 criaturas da espécie Mantis.	75	NO
ACH_0031	EPILOGUE	A cidade se lembra.	Conclua um acontecimento que altere o destino de uma cidade.	75	YES
ACH_0032	EPILOGUE	A cidade se lembra.	Conclua um acontecimento que altere o destino de uma cidade.	95	YES
ACH_0033	GUILD	Nome na Guilda.	Alcance o rank E da Guilda.	65	NO
ACH_0034	COMBAT	Caçador de Basilisk.	Derrote 25 criaturas da espécie Basilisk.	55	NO
ACH_0035	SOCIAL	Uma amizade nasceu.	Alcance o estágio AMIGO com um NPC.	65	NO
ACH_0036	EPILOGUE	Nome gravado na história.	Registre um desfecho heroico no Prólogo.	50	YES
ACH_0037	ROMANCE	Um sentimento confessado.	Alcance ROMANCE com um NPC adulto.	95	NO
ACH_0038	WORLD	Conhecedor de Eldrath.	Visite Eldrath.	40	NO
ACH_0039	ROMANCE	Um sentimento confessado.	Alcance ROMANCE com um NPC adulto.	100	NO
ACH_0040	SOCIAL	Uma amizade nasceu.	Alcance o estágio AMIGO com um NPC.	80	NO
ACH_0041	CRAFT	Mestre da oficina.	Produza ou adquira Picareta de guilda.	15	NO
ACH_0042	COMBAT	Primeira vitória contra Beetle.	Derrote um Beetle.	85	NO
ACH_0043	ACADEMY	Um dia de cada vez.	Conclua uma etapa acadêmica.	60	NO
ACH_0044	ACADEMY	Um dia de cada vez.	Conclua uma etapa acadêmica.	25	NO
ACH_0045	EPILOGUE	A cidade se lembra.	Conclua um acontecimento que altere o destino de uma cidade.	45	YES
ACH_0046	SOCIAL	Uma amizade nasceu.	Alcance o estágio AMIGO com um NPC.	45	NO
ACH_0047	SOCIAL	Uma amizade nasceu.	Alcance o estágio AMIGO com um NPC.	25	NO
ACH_0048	MAGIC	Página virada.	Aprenda um feitiço de nível 10.	95	NO
ACH_0049	ACADEMY	Um dia de cada vez.	Conclua uma etapa acadêmica.	30	NO
ACH_0050	ROMANCE	Um sentimento confessado.	Alcance ROMANCE com um NPC adulto.	25	NO
ACH_0051	EPILOGUE	Mesmo a derrota deixa uma história.	Registre um desfecho negativo no Prólogo.	60	YES
ACH_0052	SURVIVAL	Sobrevivente.	Passe por uma semana sem deixar Fome ou Sede chegar a zero.	75	NO
ACH_0053	SOCIAL	Confiança conquistada.	Alcance o estágio PROXIMO com um NPC.	25	NO
ACH_0054	EPILOGUE	Mesmo a derrota deixa uma história.	Registre um desfecho negativo no Prólogo.	100	YES
ACH_0055	ACADEMY	Um dia de cada vez.	Conclua uma etapa acadêmica.	95	NO
ACH_0056	COMBAT	Primeira vitória contra Angel.	Derrote um Angel.	95	NO
ACH_0057	MAGIC	Página virada.	Aprenda um feitiço de nível 1.	65	NO
ACH_0058	GUILD	Nome na Guilda.	Alcance o rank S da Guilda.	60	NO
ACH_0059	EPILOGUE	Mesmo a derrota deixa uma história.	Registre um desfecho negativo no Prólogo.	75	YES
ACH_0060	ACADEMY	Um dia de cada vez.	Conclua uma etapa acadêmica.	30	NO
ACH_0061	ROMANCE	Um sentimento confessado.	Alcance ROMANCE com um NPC adulto.	45	NO
ACH_0062	COMBAT	Primeira vitória contra Fairy.	Derrote um Fairy.	50	NO
ACH_0063	EPILOGUE	Mesmo a derrota deixa uma história.	Registre um desfecho negativo no Prólogo.	60	YES
ACH_0064	COMBAT	Primeira vitória contra Salamander.	Derrote um Salamander.	90	NO
ACH_0065	SOCIAL	Uma amizade nasceu.	Alcance o estágio AMIGO com um NPC.	55	NO
ACH_0066	SURVIVAL	Sobrevivente.	Passe por uma semana sem deixar Fome ou Sede chegar a zero.	30	NO
ACH_0067	EPILOGUE	Nome gravado na história.	Registre um desfecho heroico no Prólogo.	75	YES
ACH_0068	MAGIC	Página virada.	Aprenda um feitiço de nível 9.	40	NO
ACH_0069	WORLD	Conhecedor de Jorathen.	Visite Jorathen.	85	NO
ACH_0070	WORLD	Conhecedor de Kethralith.	Visite Kethralith.	15	NO
ACH_0071	EPILOGUE	A cidade se lembra.	Conclua um acontecimento que altere o destino de uma cidade.	45	YES
ACH_0072	COMBAT	Primeira vitória contra Mimic.	Derrote um Mimic.	50	NO
ACH_0073	WORLD	Conhecedor de Ashenford.	Visite Ashenford.	50	NO
ACH_0074	COMBAT	Primeira vitória contra Imp.	Derrote um Imp.	70	NO
ACH_0075	SOCIAL	Uma amizade nasceu.	Alcance o estágio AMIGO com um NPC.	60	NO
ACH_0076	ACADEMY	Um dia de cada vez.	Conclua uma etapa acadêmica.	90	NO
ACH_0077	ROMANCE	Um sentimento confessado.	Alcance ROMANCE com um NPC adulto.	45	NO
ACH_0078	COMBAT	Caçador de Mantis.	Derrote 10 criaturas da espécie Mantis.	25	NO
ACH_0079	EPILOGUE	A cidade se lembra.	Conclua um acontecimento que altere o destino de uma cidade.	30	YES
ACH_0080	ACADEMY	Veterano de Valdora.	Conclua um ano da Academia.	65	NO
ACH_0081	SOCIAL	Confiança conquistada.	Alcance o estágio PROXIMO com um NPC.	35	NO
ACH_0082	GUILD	Nome na Guilda.	Alcance o rank E da Guilda.	105	NO
ACH_0083	ACADEMY	Um dia de cada vez.	Conclua uma etapa acadêmica.	35	NO
ACH_0084	GUILD	Nome na Guilda.	Alcance o rank C da Guilda.	50	NO
ACH_0085	SURVIVAL	Sobrevivente.	Passe por uma semana sem deixar Fome ou Sede chegar a zero.	50	NO
ACH_0086	COMBAT	Caçador de Spider.	Derrote 5 criaturas da espécie Spider.	85	NO
ACH_0087	EPILOGUE	Nome gravado na história.	Registre um desfecho heroico no Prólogo.	35	YES
ACH_0088	DISCOVERY	Segredo encontrado.	Descubra Casa de Dawnspire.	40	NO
ACH_0089	COMBAT	Primeira vitória contra Sprite.	Derrote um Sprite.	85	NO
ACH_0090	SOCIAL	Confiança conquistada.	Alcance o estágio PROXIMO com um NPC.	30	NO
ACH_0091	CRAFT	Mestre da oficina.	Produza ou adquira Pão de coelho com mel.	60	NO
ACH_0092	WORLD	Conhecedor de Branthollow.	Visite Branthollow.	35	NO
ACH_0093	GUILD	Nome na Guilda.	Alcance o rank F da Guilda.	100	NO
ACH_0094	GUILD	Nome na Guilda.	Alcance o rank F da Guilda.	75	NO
ACH_0095	ROMANCE	Um sentimento confessado.	Alcance ROMANCE com um NPC adulto.	40	NO
ACH_0096	DISCOVERY	Segredo encontrado.	Descubra Torre de Magos de Greystone.	20	NO
ACH_0097	SOCIAL	Confiança conquistada.	Alcance o estágio PROXIMO com um NPC.	55	NO
ACH_0098	COMBAT	Primeira vitória contra Mimic.	Derrote um Mimic.	30	NO
ACH_0099	ROMANCE	Um sentimento confessado.	Alcance ROMANCE com um NPC adulto.	80	NO
ACH_0100	SURVIVAL	Sobrevivente.	Passe por uma semana sem deixar Fome ou Sede chegar a zero.	30	NO
ACH_0101	SOCIAL	Uma amizade nasceu.	Alcance o estágio AMIGO com um NPC.	70	NO
ACH_0102	EPILOGUE	Nome gravado na história.	Registre um desfecho heroico no Prólogo.	40	YES
ACH_0103	EPILOGUE	Nome gravado na história.	Registre um desfecho heroico no Prólogo.	90	YES
ACH_0104	EPILOGUE	Mesmo a derrota deixa uma história.	Registre um desfecho negativo no Prólogo.	85	YES
ACH_0105	CRAFT	Mestre da oficina.	Produza ou adquira Carta de Lunareth provisório.	105	NO
ACH_0106	COMBAT	Primeira vitória contra Revenant.	Derrote um Revenant.	70	NO
ACH_0107	DISCOVERY	Segredo encontrado.	Descubra Arena de Wyrmhaven.	30	NO
ACH_0108	ACADEMY	Um dia de cada vez.	Conclua uma etapa acadêmica.	45	NO
ACH_0109	SOCIAL	Uma amizade nasceu.	Alcance o estágio AMIGO com um NPC.	20	NO
ACH_0110	COMBAT	Primeira vitória contra Unicorn.	Derrote um Unicorn.	105	NO
ACH_0111	CRAFT	Mestre da oficina.	Produza ou adquira Runa de Trovão antigo.	85	NO
ACH_0112	GUILD	Nome na Guilda.	Alcance o rank F da Guilda.	70	NO
ACH_0113	CRAFT	Mestre da oficina.	Produza ou adquira Erva de Elyth moída.	70	NO
ACH_0114	EPILOGUE	Nome gravado na história.	Registre um desfecho heroico no Prólogo.	65	YES
ACH_0115	CRAFT	Mestre da oficina.	Produza ou adquira Pão de wyvern simples.	65	NO
ACH_0116	MAGIC	Página virada.	Aprenda um feitiço de nível 4.	105	NO
ACH_0117	GUILD	Nome na Guilda.	Alcance o rank B da Guilda.	75	NO
ACH_0118	WORLD	Conhecedor de Brighthollow.	Visite Brighthollow.	40	NO
ACH_0119	ACADEMY	Veterano de Valdora.	Conclua um ano da Academia.	80	NO
ACH_0120	SOCIAL	Confiança conquistada.	Alcance o estágio PROXIMO com um NPC.	55	NO
ACH_0121	ROMANCE	Um sentimento confessado.	Alcance ROMANCE com um NPC adulto.	95	NO
ACH_0122	GUILD	Nome na Guilda.	Alcance o rank Z da Guilda.	85	NO
ACH_0123	ACADEMY	Veterano de Valdora.	Conclua um ano da Academia.	65	NO
ACH_0124	MAGIC	Página virada.	Aprenda um feitiço de nível 5.	90	NO
ACH_0125	WORLD	Conhecedor de Ashenford.	Visite Ashenford.	85	NO
ACH_0126	COMBAT	Primeira vitória contra Griffin.	Derrote um Griffin.	35	NO
ACH_0127	GUILD	Nome na Guilda.	Alcance o rank B da Guilda.	40	NO
ACH_0128	COMBAT	Primeira vitória contra Fairy.	Derrote um Fairy.	80	NO
ACH_0129	SOCIAL	Confiança conquistada.	Alcance o estágio PROXIMO com um NPC.	15	NO
ACH_0130	COMBAT	Primeira vitória contra Direhound.	Derrote um Direhound.	40	NO
ACH_0131	SOCIAL	Uma amizade nasceu.	Alcance o estágio AMIGO com um NPC.	45	NO
ACH_0132	EPILOGUE	Mesmo a derrota deixa uma história.	Registre um desfecho negativo no Prólogo.	55	YES
ACH_0133	COMBAT	Primeira vitória contra Drake.	Derrote um Drake.	15	NO
ACH_0134	ACADEMY	Veterano de Valdora.	Conclua um ano da Academia.	70	NO
ACH_0135	SOCIAL	Uma amizade nasceu.	Alcance o estágio AMIGO com um NPC.	70	NO
ACH_0136	MAGIC	Página virada.	Aprenda um feitiço de nível 5.	35	NO
ACH_0137	ACADEMY	Veterano de Valdora.	Conclua um ano da Academia.	100	NO
ACH_0138	GUILD	Nome na Guilda.	Alcance o rank F da Guilda.	65	NO
ACH_0139	GUILD	Nome na Guilda.	Alcance o rank F da Guilda.	45	NO
ACH_0140	WORLD	Conhecedor de Crystalia.	Visite Crystalia.	35	NO
ACH_0141	SOCIAL	Uma amizade nasceu.	Alcance o estágio AMIGO com um NPC.	90	NO
ACH_0142	SOCIAL	Uma amizade nasceu.	Alcance o estágio AMIGO com um NPC.	55	NO
ACH_0143	ACADEMY	Veterano de Valdora.	Conclua um ano da Academia.	90	NO
ACH_0144	COMBAT	Caçador de Griffin.	Derrote 5 criaturas da espécie Griffin.	75	NO
ACH_0145	EPILOGUE	Nome gravado na história.	Registre um desfecho heroico no Prólogo.	35	YES
ACH_0146	DISCOVERY	Segredo encontrado.	Descubra Torre de Magos de Zorathen.	35	NO
ACH_0147	EPILOGUE	Nome gravado na história.	Registre um desfecho heroico no Prólogo.	70	YES
ACH_0148	ROMANCE	Um sentimento confessado.	Alcance ROMANCE com um NPC adulto.	100	NO
ACH_0149	SOCIAL	Confiança conquistada.	Alcance o estágio PROXIMO com um NPC.	40	NO
ACH_0150	GUILD	Nome na Guilda.	Alcance o rank F da Guilda.	55	NO
ACH_0151	COMBAT	Primeira vitória contra Manticores.	Derrote um Manticores.	30	NO
ACH_0152	GUILD	Nome na Guilda.	Alcance o rank S da Guilda.	50	NO
ACH_0153	SOCIAL	Confiança conquistada.	Alcance o estágio PROXIMO com um NPC.	90	NO
ACH_0154	COMBAT	Primeira vitória contra Mooncalf.	Derrote um Mooncalf.	40	NO
ACH_0155	WORLD	Conhecedor de Emberholt.	Visite Emberholt.	65	NO
ACH_0156	SOCIAL	Uma amizade nasceu.	Alcance o estágio AMIGO com um NPC.	100	NO
ACH_0157	EPILOGUE	Mesmo a derrota deixa uma história.	Registre um desfecho negativo no Prólogo.	65	YES
ACH_0158	SOCIAL	Uma amizade nasceu.	Alcance o estágio AMIGO com um NPC.	40	NO
ACH_0159	SOCIAL	Confiança conquistada.	Alcance o estágio PROXIMO com um NPC.	25	NO
ACH_0160	SOCIAL	Uma amizade nasceu.	Alcance o estágio AMIGO com um NPC.	80	NO
ACH_0161	EPILOGUE	Nome gravado na história.	Registre um desfecho heroico no Prólogo.	100	YES
ACH_0162	EPILOGUE	A cidade se lembra.	Conclua um acontecimento que altere o destino de uma cidade.	70	YES
ACH_0163	GUILD	Nome na Guilda.	Alcance o rank B da Guilda.	55	NO
ACH_0164	WORLD	Conhecedor de Loryndor.	Visite Loryndor.	65	NO
ACH_0165	SOCIAL	Uma amizade nasceu.	Alcance o estágio AMIGO com um NPC.	70	NO
ACH_0166	ROMANCE	Um sentimento confessado.	Alcance ROMANCE com um NPC adulto.	55	NO
ACH_0167	SOCIAL	Uma amizade nasceu.	Alcance o estágio AMIGO com um NPC.	70	NO
ACH_0168	COMBAT	Caçador de Naga.	Derrote 10 criaturas da espécie Naga.	25	NO
ACH_0169	EPILOGUE	A cidade se lembra.	Conclua um acontecimento que altere o destino de uma cidade.	35	YES
ACH_0170	COMBAT	Caçador de Fairy.	Derrote 25 criaturas da espécie Fairy.	85	NO
ACH_0171	EPILOGUE	Mesmo a derrota deixa uma história.	Registre um desfecho negativo no Prólogo.	90	YES
ACH_0172	ACADEMY	Um dia de cada vez.	Conclua uma etapa acadêmica.	60	NO
ACH_0173	MAGIC	Página virada.	Aprenda um feitiço de nível 1.	20	NO
ACH_0174	COMBAT	Caçador de Centaur.	Derrote 50 criaturas da espécie Centaur.	40	NO
ACH_0175	SOCIAL	Confiança conquistada.	Alcance o estágio PROXIMO com um NPC.	35	NO
ACH_0176	COMBAT	Caçador de Golem.	Derrote 5 criaturas da espécie Golem.	30	NO
ACH_0177	ACADEMY	Um dia de cada vez.	Conclua uma etapa acadêmica.	80	NO
ACH_0178	SOCIAL	Confiança conquistada.	Alcance o estágio PROXIMO com um NPC.	25	NO
ACH_0179	ACADEMY	Um dia de cada vez.	Conclua uma etapa acadêmica.	70	NO
ACH_0180	ACADEMY	Veterano de Valdora.	Conclua um ano da Academia.	55	NO
ACH_0181	SURVIVAL	Sobrevivente.	Passe por uma semana sem deixar Fome ou Sede chegar a zero.	70	NO
ACH_0182	EPILOGUE	Mesmo a derrota deixa uma história.	Registre um desfecho negativo no Prólogo.	25	YES
ACH_0183	SOCIAL	Confiança conquistada.	Alcance o estágio PROXIMO com um NPC.	20	NO
ACH_0184	ACADEMY	Um dia de cada vez.	Conclua uma etapa acadêmica.	55	NO
ACH_0185	MAGIC	Página virada.	Aprenda um feitiço de nível 9.	60	NO
ACH_0186	ACADEMY	Um dia de cada vez.	Conclua uma etapa acadêmica.	75	NO
ACH_0187	EPILOGUE	Mesmo a derrota deixa uma história.	Registre um desfecho negativo no Prólogo.	75	YES
ACH_0188	EPILOGUE	A cidade se lembra.	Conclua um acontecimento que altere o destino de uma cidade.	35	YES
ACH_0189	CRAFT	Mestre da oficina.	Produza ou adquira Água de limão forte.	70	NO
ACH_0190	ACADEMY	Veterano de Valdora.	Conclua um ano da Academia.	60	NO
ACH_0191	EPILOGUE	A cidade se lembra.	Conclua um acontecimento que altere o destino de uma cidade.	75	YES
ACH_0192	ROMANCE	Um sentimento confessado.	Alcance ROMANCE com um NPC adulto.	25	NO
ACH_0193	MAGIC	Página virada.	Aprenda um feitiço de nível 10.	70	NO
ACH_0194	ROMANCE	Um sentimento confessado.	Alcance ROMANCE com um NPC adulto.	70	NO
ACH_0195	MAGIC	Página virada.	Aprenda um feitiço de nível 10.	50	NO
ACH_0196	EPILOGUE	Mesmo a derrota deixa uma história.	Registre um desfecho negativo no Prólogo.	30	YES
ACH_0197	COMBAT	Primeira vitória contra Revenant.	Derrote um Revenant.	75	NO
ACH_0198	COMBAT	Primeira vitória contra Werebeast.	Derrote um Werebeast.	65	NO
ACH_0199	WORLD	Conhecedor de Mistvale.	Visite Mistvale.	75	NO
ACH_0200	EPILOGUE	A cidade se lembra.	Conclua um acontecimento que altere o destino de uma cidade.	30	YES
ACH_0201	ACADEMY	Veterano de Valdora.	Conclua um ano da Academia.	100	NO
ACH_0202	DISCOVERY	Segredo encontrado.	Descubra Arena de Oakmere.	55	NO
ACH_0203	SURVIVAL	Sobrevivente.	Passe por uma semana sem deixar Fome ou Sede chegar a zero.	20	NO
ACH_0204	ACADEMY	Um dia de cada vez.	Conclua uma etapa acadêmica.	65	NO
ACH_0205	WORLD	Conhecedor de Valdora.	Visite Valdora.	20	NO
ACH_0206	WORLD	Conhecedor de Verdralith.	Visite Verdralith.	95	NO
ACH_0207	SOCIAL	Uma amizade nasceu.	Alcance o estágio AMIGO com um NPC.	30	NO
ACH_0208	SURVIVAL	Sobrevivente.	Passe por uma semana sem deixar Fome ou Sede chegar a zero.	65	NO
ACH_0209	WORLD	Conhecedor de Ylthmere.	Visite Ylthmere.	45	NO
ACH_0210	DISCOVERY	Segredo encontrado.	Descubra Casa de Zorathen.	80	NO
ACH_0211	SOCIAL	Confiança conquistada.	Alcance o estágio PROXIMO com um NPC.	25	NO
ACH_0212	ROMANCE	Um sentimento confessado.	Alcance ROMANCE com um NPC adulto.	90	NO
ACH_0213	COMBAT	Caçador de Nightmare.	Derrote 25 criaturas da espécie Nightmare.	105	NO
ACH_0214	MAGIC	Página virada.	Aprenda um feitiço de nível 2.	80	NO
ACH_0215	EPILOGUE	Nome gravado na história.	Registre um desfecho heroico no Prólogo.	25	YES
ACH_0216	SOCIAL	Confiança conquistada.	Alcance o estágio PROXIMO com um NPC.	55	NO
ACH_0217	ROMANCE	Um sentimento confessado.	Alcance ROMANCE com um NPC adulto.	40	NO
ACH_0218	EPILOGUE	A cidade se lembra.	Conclua um acontecimento que altere o destino de uma cidade.	45	YES
ACH_0219	EPILOGUE	Nome gravado na história.	Registre um desfecho heroico no Prólogo.	25	YES
ACH_0220	COMBAT	Caçador de Colossus.	Derrote 5 criaturas da espécie Colossus.	25	NO
ACH_0221	SURVIVAL	Sobrevivente.	Passe por uma semana sem deixar Fome ou Sede chegar a zero.	15	NO
ACH_0222	ROMANCE	Um sentimento confessado.	Alcance ROMANCE com um NPC adulto.	75	NO
ACH_0223	DISCOVERY	Segredo encontrado.	Descubra Dungeon de Quorathen.	80	NO
ACH_0224	COMBAT	Caçador de Rat.	Derrote 5 criaturas da espécie Rat.	100	NO
ACH_0225	CRAFT	Mestre da oficina.	Produza ou adquira Água de flores de taverna.	65	NO
ACH_0226	WORLD	Conhecedor de Mistvale.	Visite Mistvale.	25	NO
ACH_0227	SOCIAL	Uma amizade nasceu.	Alcance o estágio AMIGO com um NPC.	100	NO
ACH_0228	EPILOGUE	A cidade se lembra.	Conclua um acontecimento que altere o destino de uma cidade.	85	YES
ACH_0229	COMBAT	Caçador de Stag.	Derrote 10 criaturas da espécie Stag.	90	NO
ACH_0230	MAGIC	Página virada.	Aprenda um feitiço de nível 3.	75	NO
ACH_0231	GUILD	Nome na Guilda.	Alcance o rank S da Guilda.	105	NO
ACH_0232	ROMANCE	Um sentimento confessado.	Alcance ROMANCE com um NPC adulto.	20	NO
ACH_0233	ACADEMY	Um dia de cada vez.	Conclua uma etapa acadêmica.	65	NO
ACH_0234	MAGIC	Página virada.	Aprenda um feitiço de nível 10.	70	NO
ACH_0235	GUILD	Nome na Guilda.	Alcance o rank A da Guilda.	65	NO
ACH_0236	EPILOGUE	Mesmo a derrota deixa uma história.	Registre um desfecho negativo no Prólogo.	35	YES
ACH_0237	SURVIVAL	Sobrevivente.	Passe por uma semana sem deixar Fome ou Sede chegar a zero.	25	NO
ACH_0238	SOCIAL	Confiança conquistada.	Alcance o estágio PROXIMO com um NPC.	85	NO
ACH_0239	CRAFT	Mestre da oficina.	Produza ou adquira Níquel Concentrado.	35	NO
ACH_0240	WORLD	Conhecedor de Zorathen.	Visite Zorathen.	65	NO
ACH_0241	COMBAT	Primeira vitória contra Wolf.	Derrote um Wolf.	35	NO
ACH_0242	ACADEMY	Veterano de Valdora.	Conclua um ano da Academia.	65	NO
ACH_0243	COMBAT	Primeira vitória contra Kraken.	Derrote um Kraken.	70	NO
ACH_0244	SURVIVAL	Sobrevivente.	Passe por uma semana sem deixar Fome ou Sede chegar a zero.	60	NO
ACH_0245	SOCIAL	Uma amizade nasceu.	Alcance o estágio AMIGO com um NPC.	85	NO
ACH_0246	DISCOVERY	Segredo encontrado.	Descubra Cais de Valdora.	75	NO
ACH_0247	COMBAT	Caçador de Kraken.	Derrote 5 criaturas da espécie Kraken.	55	NO
ACH_0248	MAGIC	Página virada.	Aprenda um feitiço de nível 8.	95	NO
ACH_0249	CRAFT	Mestre da oficina.	Produza ou adquira Cristal de Espaço menor.	105	NO
ACH_0250	COMBAT	Primeira vitória contra Specter.	Derrote um Specter.	95	NO
ACH_0251	SOCIAL	Confiança conquistada.	Alcance o estágio PROXIMO com um NPC.	65	NO
ACH_0252	ACADEMY	Um dia de cada vez.	Conclua uma etapa acadêmica.	30	NO
ACH_0253	DISCOVERY	Segredo encontrado.	Descubra Local cultista de Branthollow.	40	NO
ACH_0254	SOCIAL	Uma amizade nasceu.	Alcance o estágio AMIGO com um NPC.	55	NO
ACH_0255	COMBAT	Primeira vitória contra Drake.	Derrote um Drake.	30	NO
ACH_0256	GUILD	Nome na Guilda.	Alcance o rank Z da Guilda.	30	NO
ACH_0257	ACADEMY	Veterano de Valdora.	Conclua um ano da Academia.	85	NO
ACH_0258	SOCIAL	Confiança conquistada.	Alcance o estágio PROXIMO com um NPC.	70	NO
ACH_0259	ROMANCE	Um sentimento confessado.	Alcance ROMANCE com um NPC adulto.	105	NO
ACH_0260	CRAFT	Mestre da oficina.	Produza ou adquira Armadura de Elyth do duelista.	105	NO
ACH_0261	CRAFT	Mestre da oficina.	Produza ou adquira Pele de sea cat mágico.	105	NO
ACH_0262	DISCOVERY	Segredo encontrado.	Descubra Santuário de Frostmere.	60	NO
ACH_0263	SOCIAL	Confiança conquistada.	Alcance o estágio PROXIMO com um NPC.	95	NO
ACH_0264	SOCIAL	Uma amizade nasceu.	Alcance o estágio AMIGO com um NPC.	90	NO
ACH_0265	GUILD	Nome na Guilda.	Alcance o rank E da Guilda.	85	NO
ACH_0266	DISCOVERY	Segredo encontrado.	Descubra Local cultista de Arvenholt.	15	NO
ACH_0267	ROMANCE	Um sentimento confessado.	Alcance ROMANCE com um NPC adulto.	85	NO
ACH_0268	ACADEMY	Um dia de cada vez.	Conclua uma etapa acadêmica.	40	NO
ACH_0269	SOCIAL	Confiança conquistada.	Alcance o estágio PROXIMO com um NPC.	90	NO
ACH_0270	EPILOGUE	A cidade se lembra.	Conclua um acontecimento que altere o destino de uma cidade.	25	YES
ACH_0271	SOCIAL	Uma amizade nasceu.	Alcance o estágio AMIGO com um NPC.	80	NO
ACH_0272	CRAFT	Mestre da oficina.	Produza ou adquira Silver Ring.	95	NO
ACH_0273	DISCOVERY	Segredo encontrado.	Descubra Templo de Lorwynne.	55	NO
ACH_0274	EPILOGUE	Mesmo a derrota deixa uma história.	Registre um desfecho negativo no Prólogo.	20	YES
ACH_0275	ACADEMY	Um dia de cada vez.	Conclua uma etapa acadêmica.	80	NO
ACH_0276	SOCIAL	Uma amizade nasceu.	Alcance o estágio AMIGO com um NPC.	70	NO
ACH_0277	EPILOGUE	A cidade se lembra.	Conclua um acontecimento que altere o destino de uma cidade.	85	YES
ACH_0278	MAGIC	Página virada.	Aprenda um feitiço de nível 1.	80	NO
ACH_0279	WORLD	Conhecedor de Caelwyn.	Visite Caelwyn.	85	NO
ACH_0280	ROMANCE	Um sentimento confessado.	Alcance ROMANCE com um NPC adulto.	35	NO
ACH_0281	ROMANCE	Um sentimento confessado.	Alcance ROMANCE com um NPC adulto.	55	NO
ACH_0282	ROMANCE	Um sentimento confessado.	Alcance ROMANCE com um NPC adulto.	90	NO
ACH_0283	EPILOGUE	A cidade se lembra.	Conclua um acontecimento que altere o destino de uma cidade.	40	YES
ACH_0284	COMBAT	Primeira vitória contra Djinn.	Derrote um Djinn.	105	NO
ACH_0285	ACADEMY	Um dia de cada vez.	Conclua uma etapa acadêmica.	15	NO
ACH_0286	WORLD	Conhecedor de Jorathen.	Visite Jorathen.	25	NO
ACH_0287	GUILD	Nome na Guilda.	Alcance o rank E da Guilda.	45	NO
ACH_0288	SURVIVAL	Sobrevivente.	Passe por uma semana sem deixar Fome ou Sede chegar a zero.	15	NO
ACH_0289	GUILD	Nome na Guilda.	Alcance o rank F da Guilda.	15	NO
ACH_0290	ACADEMY	Um dia de cada vez.	Conclua uma etapa acadêmica.	70	NO
ACH_0291	COMBAT	Primeira vitória contra Rat.	Derrote um Rat.	15	NO
ACH_0292	ACADEMY	Um dia de cada vez.	Conclua uma etapa acadêmica.	15	NO
ACH_0293	SOCIAL	Uma amizade nasceu.	Alcance o estágio AMIGO com um NPC.	60	NO
ACH_0294	ROMANCE	Um sentimento confessado.	Alcance ROMANCE com um NPC adulto.	95	NO
ACH_0295	SOCIAL	Uma amizade nasceu.	Alcance o estágio AMIGO com um NPC.	95	NO
ACH_0296	COMBAT	Caçador de Rat.	Derrote 10 criaturas da espécie Rat.	100	NO
ACH_0297	SOCIAL	Uma amizade nasceu.	Alcance o estágio AMIGO com um NPC.	90	NO
ACH_0298	SURVIVAL	Sobrevivente.	Passe por uma semana sem deixar Fome ou Sede chegar a zero.	25	NO
ACH_0299	ACADEMY	Veterano de Valdora.	Conclua um ano da Academia.	60	NO
ACH_0300	MAGIC	Página virada.	Aprenda um feitiço de nível 7.	30	NO
ACH_0301	GUILD	Nome na Guilda.	Alcance o rank S da Guilda.	70	NO
ACH_0302	ROMANCE	Um sentimento confessado.	Alcance ROMANCE com um NPC adulto.	45	NO
ACH_0303	ROMANCE	Um sentimento confessado.	Alcance ROMANCE com um NPC adulto.	45	NO
ACH_0304	EPILOGUE	Mesmo a derrota deixa uma história.	Registre um desfecho negativo no Prólogo.	100	YES
ACH_0305	SOCIAL	Uma amizade nasceu.	Alcance o estágio AMIGO com um NPC.	25	NO
ACH_0306	MAGIC	Página virada.	Aprenda um feitiço de nível 4.	65	NO
ACH_0307	ROMANCE	Um sentimento confessado.	Alcance ROMANCE com um NPC adulto.	70	NO
ACH_0308	EPILOGUE	Nome gravado na história.	Registre um desfecho heroico no Prólogo.	50	YES
ACH_0309	SOCIAL	Confiança conquistada.	Alcance o estágio PROXIMO com um NPC.	95	NO
ACH_0310	EPILOGUE	Nome gravado na história.	Registre um desfecho heroico no Prólogo.	65	YES
ACH_0311	ROMANCE	Um sentimento confessado.	Alcance ROMANCE com um NPC adulto.	95	NO
ACH_0312	MAGIC	Página virada.	Aprenda um feitiço de nível 10.	90	NO
ACH_0313	DISCOVERY	Segredo encontrado.	Descubra Cais de Hallowspire.	60	NO
ACH_0314	WORLD	Conhecedor de Emberholt.	Visite Emberholt.	25	NO
ACH_0315	EPILOGUE	A cidade se lembra.	Conclua um acontecimento que altere o destino de uma cidade.	20	YES
ACH_0316	SURVIVAL	Sobrevivente.	Passe por uma semana sem deixar Fome ou Sede chegar a zero.	55	NO
ACH_0317	CRAFT	Mestre da oficina.	Produza ou adquira Espada do Treant magistral.	30	NO
ACH_0318	EPILOGUE	Mesmo a derrota deixa uma história.	Registre um desfecho negativo no Prólogo.	90	YES
ACH_0319	SOCIAL	Confiança conquistada.	Alcance o estágio PROXIMO com um NPC.	25	NO
ACH_0320	ACADEMY	Veterano de Valdora.	Conclua um ano da Academia.	90	NO
ACH_0321	GUILD	Nome na Guilda.	Alcance o rank B da Guilda.	80	NO
ACH_0322	CRAFT	Mestre da oficina.	Produza ou adquira Espada do Mercador da maré.	70	NO
ACH_0323	ACADEMY	Veterano de Valdora.	Conclua um ano da Academia.	95	NO
ACH_0324	ROMANCE	Um sentimento confessado.	Alcance ROMANCE com um NPC adulto.	60	NO
ACH_0325	DISCOVERY	Segredo encontrado.	Descubra Loja de Loryndor.	40	NO
ACH_0326	WORLD	Conhecedor de Sylthar.	Visite Sylthar.	25	NO
ACH_0327	ACADEMY	Um dia de cada vez.	Conclua uma etapa acadêmica.	50	NO
ACH_0328	SURVIVAL	Sobrevivente.	Passe por uma semana sem deixar Fome ou Sede chegar a zero.	75	NO
ACH_0329	CRAFT	Mestre da oficina.	Produza ou adquira Harvester of Necks.	85	NO
ACH_0330	COMBAT	Primeira vitória contra Unicorn.	Derrote um Unicorn.	95	NO
ACH_0331	MAGIC	Página virada.	Aprenda um feitiço de nível 10.	95	NO
ACH_0332	COMBAT	Primeira vitória contra Djinn.	Derrote um Djinn.	100	NO
ACH_0333	CRAFT	Mestre da oficina.	Produza ou adquira Armadura de Algodão do mercenário.	105	NO
ACH_0334	ACADEMY	Um dia de cada vez.	Conclua uma etapa acadêmica.	20	NO
ACH_0335	SURVIVAL	Sobrevivente.	Passe por uma semana sem deixar Fome ou Sede chegar a zero.	35	NO
ACH_0336	EPILOGUE	Mesmo a derrota deixa uma história.	Registre um desfecho negativo no Prólogo.	40	YES
ACH_0337	EPILOGUE	Nome gravado na história.	Registre um desfecho heroico no Prólogo.	55	YES
ACH_0338	DISCOVERY	Segredo encontrado.	Descubra Taverna de Brighthollow.	55	NO
ACH_0339	COMBAT	Primeira vitória contra Demon.	Derrote um Demon.	50	NO
ACH_0340	DISCOVERY	Segredo encontrado.	Descubra Feira de Netherholt.	60	NO
ACH_0341	DISCOVERY	Segredo encontrado.	Descubra Arena de Irondral.	55	NO
ACH_0342	WORLD	Conhecedor de Ylthmere.	Visite Ylthmere.	55	NO
ACH_0343	EPILOGUE	A cidade se lembra.	Conclua um acontecimento que altere o destino de uma cidade.	100	YES
ACH_0344	SOCIAL	Uma amizade nasceu.	Alcance o estágio AMIGO com um NPC.	15	NO
ACH_0345	ACADEMY	Veterano de Valdora.	Conclua um ano da Academia.	90	NO
ACH_0346	DISCOVERY	Segredo encontrado.	Descubra Academia de Brumas.	105	NO
ACH_0347	SURVIVAL	Sobrevivente.	Passe por uma semana sem deixar Fome ou Sede chegar a zero.	35	NO
ACH_0348	GUILD	Nome na Guilda.	Alcance o rank Z da Guilda.	45	NO
ACH_0349	COMBAT	Primeira vitória contra Salamander.	Derrote um Salamander.	85	NO
ACH_0350	EPILOGUE	Nome gravado na história.	Registre um desfecho heroico no Prólogo.	50	YES
ACH_0351	ROMANCE	Um sentimento confessado.	Alcance ROMANCE com um NPC adulto.	85	NO
ACH_0352	EPILOGUE	Mesmo a derrota deixa uma história.	Registre um desfecho negativo no Prólogo.	100	YES
ACH_0353	COMBAT	Caçador de Mimic.	Derrote 10 criaturas da espécie Mimic.	55	NO
ACH_0354	EPILOGUE	A cidade se lembra.	Conclua um acontecimento que altere o destino de uma cidade.	50	YES
ACH_0355	ROMANCE	Um sentimento confessado.	Alcance ROMANCE com um NPC adulto.	15	NO
ACH_0356	EPILOGUE	Nome gravado na história.	Registre um desfecho heroico no Prólogo.	95	YES
ACH_0357	ACADEMY	Um dia de cada vez.	Conclua uma etapa acadêmica.	55	NO
ACH_0358	SOCIAL	Uma amizade nasceu.	Alcance o estágio AMIGO com um NPC.	85	NO
ACH_0359	EPILOGUE	Mesmo a derrota deixa uma história.	Registre um desfecho negativo no Prólogo.	105	YES
ACH_0360	COMBAT	Primeira vitória contra Bear.	Derrote um Bear.	55	NO
ACH_0361	EPILOGUE	Mesmo a derrota deixa uma história.	Registre um desfecho negativo no Prólogo.	95	YES
ACH_0362	SURVIVAL	Sobrevivente.	Passe por uma semana sem deixar Fome ou Sede chegar a zero.	80	NO
ACH_0363	COMBAT	Caçador de Boar.	Derrote 25 criaturas da espécie Boar.	30	NO
ACH_0364	EPILOGUE	Mesmo a derrota deixa uma história.	Registre um desfecho negativo no Prólogo.	60	YES
ACH_0365	SOCIAL	Confiança conquistada.	Alcance o estágio PROXIMO com um NPC.	40	NO
ACH_0366	SURVIVAL	Sobrevivente.	Passe por uma semana sem deixar Fome ou Sede chegar a zero.	40	NO
ACH_0367	EPILOGUE	Nome gravado na história.	Registre um desfecho heroico no Prólogo.	35	YES
ACH_0368	EPILOGUE	A cidade se lembra.	Conclua um acontecimento que altere o destino de uma cidade.	100	YES
ACH_0369	CRAFT	Mestre da oficina.	Produza ou adquira Armadura de Quitina do deserto.	75	NO
ACH_0370	EPILOGUE	Mesmo a derrota deixa uma história.	Registre um desfecho negativo no Prólogo.	80	YES
ACH_0371	EPILOGUE	Nome gravado na história.	Registre um desfecho heroico no Prólogo.	70	YES
ACH_0372	SOCIAL	Confiança conquistada.	Alcance o estágio PROXIMO com um NPC.	80	NO
ACH_0373	EPILOGUE	Nome gravado na história.	Registre um desfecho heroico no Prólogo.	15	YES
ACH_0374	ACADEMY	Veterano de Valdora.	Conclua um ano da Academia.	15	NO
ACH_0375	EPILOGUE	A cidade se lembra.	Conclua um acontecimento que altere o destino de uma cidade.	75	YES
ACH_0376	WORLD	Conhecedor de Runedral.	Visite Runedral.	85	NO
ACH_0377	EPILOGUE	A cidade se lembra.	Conclua um acontecimento que altere o destino de uma cidade.	55	YES
ACH_0378	EPILOGUE	Mesmo a derrota deixa uma história.	Registre um desfecho negativo no Prólogo.	105	YES
ACH_0379	ACADEMY	Veterano de Valdora.	Conclua um ano da Academia.	15	NO
ACH_0380	CRAFT	Mestre da oficina.	Produza ou adquira Água de cogumelo quente.	60	NO
ACH_0381	EPILOGUE	Mesmo a derrota deixa uma história.	Registre um desfecho negativo no Prólogo.	80	YES
ACH_0382	WORLD	Conhecedor de Ulthmere.	Visite Ulthmere.	100	NO
ACH_0383	EPILOGUE	A cidade se lembra.	Conclua um acontecimento que altere o destino de uma cidade.	100	YES
ACH_0384	SURVIVAL	Sobrevivente.	Passe por uma semana sem deixar Fome ou Sede chegar a zero.	90	NO
ACH_0385	COMBAT	Caçador de Goblin.	Derrote 10 criaturas da espécie Goblin.	85	NO
ACH_0386	SOCIAL	Uma amizade nasceu.	Alcance o estágio AMIGO com um NPC.	100	NO
ACH_0387	SOCIAL	Confiança conquistada.	Alcance o estágio PROXIMO com um NPC.	40	NO
ACH_0388	EPILOGUE	A cidade se lembra.	Conclua um acontecimento que altere o destino de uma cidade.	95	YES
ACH_0389	MAGIC	Página virada.	Aprenda um feitiço de nível 7.	35	NO
ACH_0390	GUILD	Nome na Guilda.	Alcance o rank A da Guilda.	20	NO
ACH_0391	SOCIAL	Confiança conquistada.	Alcance o estágio PROXIMO com um NPC.	45	NO
ACH_0392	SOCIAL	Confiança conquistada.	Alcance o estágio PROXIMO com um NPC.	50	NO
ACH_0393	WORLD	Conhecedor de Dawnspire.	Visite Dawnspire.	90	NO
ACH_0394	SURVIVAL	Sobrevivente.	Passe por uma semana sem deixar Fome ou Sede chegar a zero.	55	NO
ACH_0395	EPILOGUE	Nome gravado na história.	Registre um desfecho heroico no Prólogo.	80	YES
ACH_0396	EPILOGUE	Mesmo a derrota deixa uma história.	Registre um desfecho negativo no Prólogo.	35	YES
ACH_0397	GUILD	Nome na Guilda.	Alcance o rank F da Guilda.	105	NO
ACH_0398	SURVIVAL	Sobrevivente.	Passe por uma semana sem deixar Fome ou Sede chegar a zero.	55	NO
ACH_0399	EPILOGUE	A cidade se lembra.	Conclua um acontecimento que altere o destino de uma cidade.	80	YES
ACH_0400	DISCOVERY	Segredo encontrado.	Descubra Restaurante de Stormhaven.	15	NO
ACH_0401	SOCIAL	Uma amizade nasceu.	Alcance o estágio AMIGO com um NPC.	100	NO
ACH_0402	DISCOVERY	Segredo encontrado.	Descubra Laboratório de Alquimia de Myrendale.	15	NO
ACH_0403	EPILOGUE	A cidade se lembra.	Conclua um acontecimento que altere o destino de uma cidade.	95	YES
ACH_0404	ACADEMY	Veterano de Valdora.	Conclua um ano da Academia.	65	NO
ACH_0405	ROMANCE	Um sentimento confessado.	Alcance ROMANCE com um NPC adulto.	100	NO
ACH_0406	SURVIVAL	Sobrevivente.	Passe por uma semana sem deixar Fome ou Sede chegar a zero.	65	NO
ACH_0407	COMBAT	Caçador de Wolf.	Derrote 5 criaturas da espécie Wolf.	20	NO
ACH_0408	GUILD	Nome na Guilda.	Alcance o rank E da Guilda.	70	NO
ACH_0409	ACADEMY	Veterano de Valdora.	Conclua um ano da Academia.	105	NO
ACH_0410	GUILD	Nome na Guilda.	Alcance o rank Z da Guilda.	25	NO
ACH_0411	GUILD	Nome na Guilda.	Alcance o rank F da Guilda.	50	NO
ACH_0412	EPILOGUE	Nome gravado na história.	Registre um desfecho heroico no Prólogo.	75	YES
ACH_0413	EPILOGUE	Mesmo a derrota deixa uma história.	Registre um desfecho negativo no Prólogo.	70	YES
ACH_0414	SOCIAL	Uma amizade nasceu.	Alcance o estágio AMIGO com um NPC.	15	NO
ACH_0415	EPILOGUE	Nome gravado na história.	Registre um desfecho heroico no Prólogo.	50	YES
ACH_0416	SOCIAL	Uma amizade nasceu.	Alcance o estágio AMIGO com um NPC.	40	NO
ACH_0417	ROMANCE	Um sentimento confessado.	Alcance ROMANCE com um NPC adulto.	95	NO
ACH_0418	EPILOGUE	A cidade se lembra.	Conclua um acontecimento que altere o destino de uma cidade.	45	YES
ACH_0419	SOCIAL	Confiança conquistada.	Alcance o estágio PROXIMO com um NPC.	105	NO
ACH_0420	EPILOGUE	Mesmo a derrota deixa uma história.	Registre um desfecho negativo no Prólogo.	20	YES
ACH_0421	ACADEMY	Veterano de Valdora.	Conclua um ano da Academia.	40	NO
ACH_0422	ACADEMY	Veterano de Valdora.	Conclua um ano da Academia.	55	NO
ACH_0423	SOCIAL	Confiança conquistada.	Alcance o estágio PROXIMO com um NPC.	95	NO
ACH_0424	ACADEMY	Veterano de Valdora.	Conclua um ano da Academia.	60	NO
ACH_0425	WORLD	Conhecedor de Crystalia.	Visite Crystalia.	50	NO
ACH_0426	ACADEMY	Veterano de Valdora.	Conclua um ano da Academia.	70	NO
ACH_0427	GUILD	Nome na Guilda.	Alcance o rank E da Guilda.	65	NO
ACH_0428	EPILOGUE	Mesmo a derrota deixa uma história.	Registre um desfecho negativo no Prólogo.	30	YES
ACH_0429	EPILOGUE	Mesmo a derrota deixa uma história.	Registre um desfecho negativo no Prólogo.	95	YES
ACH_0430	ACADEMY	Veterano de Valdora.	Conclua um ano da Academia.	50	NO
ACH_0431	COMBAT	Primeira vitória contra Roc.	Derrote um Roc.	25	NO
ACH_0432	SURVIVAL	Sobrevivente.	Passe por uma semana sem deixar Fome ou Sede chegar a zero.	25	NO
ACH_0433	WORLD	Conhecedor de Umbravale.	Visite Umbravale.	95	NO
ACH_0434	GUILD	Nome na Guilda.	Alcance o rank D da Guilda.	105	NO
ACH_0435	GUILD	Nome na Guilda.	Alcance o rank B da Guilda.	75	NO
ACH_0436	SURVIVAL	Sobrevivente.	Passe por uma semana sem deixar Fome ou Sede chegar a zero.	100	NO
ACH_0437	ACADEMY	Um dia de cada vez.	Conclua uma etapa acadêmica.	75	NO
ACH_0438	EPILOGUE	A cidade se lembra.	Conclua um acontecimento que altere o destino de uma cidade.	15	YES
ACH_0439	COMBAT	Primeira vitória contra Spider.	Derrote um Spider.	60	NO
ACH_0440	COMBAT	Caçador de Revenant.	Derrote 50 criaturas da espécie Revenant.	100	NO
ACH_0441	SOCIAL	Confiança conquistada.	Alcance o estágio PROXIMO com um NPC.	85	NO
ACH_0442	ACADEMY	Um dia de cada vez.	Conclua uma etapa acadêmica.	70	NO
ACH_0443	SOCIAL	Uma amizade nasceu.	Alcance o estágio AMIGO com um NPC.	105	NO
ACH_0444	EPILOGUE	A cidade se lembra.	Conclua um acontecimento que altere o destino de uma cidade.	90	YES
ACH_0445	DISCOVERY	Segredo encontrado.	Descubra Arena de Zorathen.	50	NO
ACH_0446	CRAFT	Mestre da oficina.	Produza ou adquira Cristal de Elyth desperto.	95	NO
ACH_0447	ACADEMY	Veterano de Valdora.	Conclua um ano da Academia.	20	NO
ACH_0448	EPILOGUE	Nome gravado na história.	Registre um desfecho heroico no Prólogo.	80	YES
ACH_0449	DISCOVERY	Segredo encontrado.	Descubra Taverna de Eldrath.	35	NO
ACH_0450	EPILOGUE	Nome gravado na história.	Registre um desfecho heroico no Prólogo.	55	YES
ACH_0451	COMBAT	Primeira vitória contra Ogre.	Derrote um Ogre.	85	NO
ACH_0452	ACADEMY	Um dia de cada vez.	Conclua uma etapa acadêmica.	90	NO
ACH_0453	MAGIC	Página virada.	Aprenda um feitiço de nível 8.	15	NO
ACH_0454	DISCOVERY	Segredo encontrado.	Descubra Cais de Ylthmere.	80	NO
ACH_0455	DISCOVERY	Segredo encontrado.	Descubra Academia de Sem nome definido.	30	NO
ACH_0456	GUILD	Nome na Guilda.	Alcance o rank Z da Guilda.	30	NO
ACH_0457	WORLD	Conhecedor de Sylthar.	Visite Sylthar.	105	NO
ACH_0458	ROMANCE	Um sentimento confessado.	Alcance ROMANCE com um NPC adulto.	30	NO
ACH_0459	DISCOVERY	Segredo encontrado.	Descubra Posto da Guarda de Emerald Tide.	95	NO
ACH_0460	COMBAT	Primeira vitória contra Chimera.	Derrote um Chimera.	85	NO
ACH_0461	COMBAT	Caçador de Minotaur.	Derrote 10 criaturas da espécie Minotaur.	80	NO
ACH_0462	EPILOGUE	Mesmo a derrota deixa uma história.	Registre um desfecho negativo no Prólogo.	35	YES
ACH_0463	EPILOGUE	Mesmo a derrota deixa uma história.	Registre um desfecho negativo no Prólogo.	105	YES
ACH_0464	EPILOGUE	Mesmo a derrota deixa uma história.	Registre um desfecho negativo no Prólogo.	100	YES
ACH_0465	GUILD	Nome na Guilda.	Alcance o rank D da Guilda.	75	NO
ACH_0466	CRAFT	Mestre da oficina.	Produza ou adquira Pão de cervo simples.	30	NO
ACH_0467	ROMANCE	Um sentimento confessado.	Alcance ROMANCE com um NPC adulto.	30	NO
ACH_0468	WORLD	Conhecedor de Veyndaril.	Visite Veyndaril.	15	NO
ACH_0469	GUILD	Nome na Guilda.	Alcance o rank F da Guilda.	95	NO
ACH_0470	DISCOVERY	Segredo encontrado.	Descubra Guilda dos Aventureiros de Blackmere.	80	NO
ACH_0471	EPILOGUE	Nome gravado na história.	Registre um desfecho heroico no Prólogo.	55	YES
ACH_0472	COMBAT	Primeira vitória contra Rat.	Derrote um Rat.	15	NO
ACH_0473	SURVIVAL	Sobrevivente.	Passe por uma semana sem deixar Fome ou Sede chegar a zero.	30	NO
ACH_0474	COMBAT	Caçador de Boar.	Derrote 50 criaturas da espécie Boar.	65	NO
ACH_0475	SOCIAL	Confiança conquistada.	Alcance o estágio PROXIMO com um NPC.	50	NO
ACH_0476	ROMANCE	Um sentimento confessado.	Alcance ROMANCE com um NPC adulto.	70	NO
ACH_0477	EPILOGUE	A cidade se lembra.	Conclua um acontecimento que altere o destino de uma cidade.	55	YES
ACH_0478	SOCIAL	Confiança conquistada.	Alcance o estágio PROXIMO com um NPC.	105	NO
ACH_0479	ROMANCE	Um sentimento confessado.	Alcance ROMANCE com um NPC adulto.	95	NO
ACH_0480	MAGIC	Página virada.	Aprenda um feitiço de nível 6.	55	NO
ACH_0481	ACADEMY	Veterano de Valdora.	Conclua um ano da Academia.	45	NO
ACH_0482	DISCOVERY	Segredo encontrado.	Descubra Dungeon de Stone-Âmbar.	85	NO
ACH_0483	WORLD	Conhecedor de Greystone.	Visite Greystone.	95	NO
ACH_0484	SOCIAL	Confiança conquistada.	Alcance o estágio PROXIMO com um NPC.	55	NO
ACH_0485	COMBAT	Caçador de Colossus.	Derrote 5 criaturas da espécie Colossus.	85	NO
ACH_0486	MAGIC	Página virada.	Aprenda um feitiço de nível 4.	85	NO
ACH_0487	SOCIAL	Uma amizade nasceu.	Alcance o estágio AMIGO com um NPC.	40	NO
ACH_0488	DISCOVERY	Segredo encontrado.	Descubra Restaurante de Drakensport.	95	NO
ACH_0489	GUILD	Nome na Guilda.	Alcance o rank F da Guilda.	80	NO
ACH_0490	ACADEMY	Um dia de cada vez.	Conclua uma etapa acadêmica.	25	NO
ACH_0491	SOCIAL	Confiança conquistada.	Alcance o estágio PROXIMO com um NPC.	45	NO
ACH_0492	SURVIVAL	Sobrevivente.	Passe por uma semana sem deixar Fome ou Sede chegar a zero.	95	NO
ACH_0493	ACADEMY	Veterano de Valdora.	Conclua um ano da Academia.	105	NO
ACH_0494	COMBAT	Caçador de Colossus.	Derrote 50 criaturas da espécie Colossus.	85	NO
ACH_0495	ACADEMY	Um dia de cada vez.	Conclua uma etapa acadêmica.	50	NO
ACH_0496	EPILOGUE	Mesmo a derrota deixa uma história.	Registre um desfecho negativo no Prólogo.	25	YES
ACH_0497	WORLD	Conhecedor de Sem nome definido.	Visite Sem nome definido.	75	NO
ACH_0498	MAGIC	Página virada.	Aprenda um feitiço de nível 5.	50	NO
ACH_0499	SOCIAL	Confiança conquistada.	Alcance o estágio PROXIMO com um NPC.	90	NO
ACH_0500	SURVIVAL	Sobrevivente.	Passe por uma semana sem deixar Fome ou Sede chegar a zero.	100	NO
ACH_0501	EPILOGUE	Mesmo a derrota deixa uma história.	Registre um desfecho negativo no Prólogo.	100	YES
ACH_0502	SOCIAL	Confiança conquistada.	Alcance o estágio PROXIMO com um NPC.	15	NO
ACH_0503	SOCIAL	Confiança conquistada.	Alcance o estágio PROXIMO com um NPC.	20	NO
ACH_0504	ACADEMY	Veterano de Valdora.	Conclua um ano da Academia.	50	NO
ACH_0505	SOCIAL	Uma amizade nasceu.	Alcance o estágio AMIGO com um NPC.	50	NO
ACH_0506	DISCOVERY	Segredo encontrado.	Descubra Palácio de Lunareth.	70	NO
ACH_0507	CRAFT	Mestre da oficina.	Produza ou adquira Armadura de Lã do mercenário.	15	NO
ACH_0508	WORLD	Conhecedor de Jorathen.	Visite Jorathen.	60	NO
ACH_0509	EPILOGUE	A cidade se lembra.	Conclua um acontecimento que altere o destino de uma cidade.	95	YES
ACH_0510	ROMANCE	Um sentimento confessado.	Alcance ROMANCE com um NPC adulto.	95	NO
ACH_0511	DISCOVERY	Segredo encontrado.	Descubra Torre de Magos de Runedral.	35	NO
ACH_0512	EPILOGUE	Nome gravado na história.	Registre um desfecho heroico no Prólogo.	45	YES
ACH_0513	EPILOGUE	Mesmo a derrota deixa uma história.	Registre um desfecho negativo no Prólogo.	90	YES
ACH_0514	WORLD	Conhecedor de Myrendale.	Visite Myrendale.	85	NO
ACH_0515	ACADEMY	Um dia de cada vez.	Conclua uma etapa acadêmica.	20	NO
ACH_0516	COMBAT	Primeira vitória contra Serpent.	Derrote um Serpent.	40	NO
ACH_0517	EPILOGUE	Mesmo a derrota deixa uma história.	Registre um desfecho negativo no Prólogo.	20	YES
ACH_0518	WORLD	Conhecedor de Kethralith.	Visite Kethralith.	80	NO
ACH_0519	WORLD	Conhecedor de Cindralith.	Visite Cindralith.	50	NO
ACH_0520	EPILOGUE	A cidade se lembra.	Conclua um acontecimento que altere o destino de uma cidade.	80	YES
ACH_0521	WORLD	Conhecedor de Blackmere.	Visite Blackmere.	55	NO
ACH_0522	DISCOVERY	Segredo encontrado.	Descubra Local cultista de Pyrelith.	85	NO
ACH_0523	DISCOVERY	Segredo encontrado.	Descubra Arena de Rivenholt.	55	NO
ACH_0524	SOCIAL	Uma amizade nasceu.	Alcance o estágio AMIGO com um NPC.	25	NO
ACH_0525	GUILD	Nome na Guilda.	Alcance o rank F da Guilda.	35	NO
ACH_0526	ACADEMY	Um dia de cada vez.	Conclua uma etapa acadêmica.	25	NO
ACH_0527	EPILOGUE	A cidade se lembra.	Conclua um acontecimento que altere o destino de uma cidade.	45	YES
ACH_0528	WORLD	Conhecedor de Stone-Âmbar.	Visite Stone-Âmbar.	80	NO
ACH_0529	COMBAT	Caçador de Revenant.	Derrote 10 criaturas da espécie Revenant.	50	NO
ACH_0530	ROMANCE	Um sentimento confessado.	Alcance ROMANCE com um NPC adulto.	70	NO
ACH_0531	ACADEMY	Um dia de cada vez.	Conclua uma etapa acadêmica.	45	NO
ACH_0532	SURVIVAL	Sobrevivente.	Passe por uma semana sem deixar Fome ou Sede chegar a zero.	100	NO
ACH_0533	DISCOVERY	Segredo encontrado.	Descubra Posto da Guarda de Oakmere.	75	NO
ACH_0534	SURVIVAL	Sobrevivente.	Passe por uma semana sem deixar Fome ou Sede chegar a zero.	30	NO
ACH_0535	ACADEMY	Um dia de cada vez.	Conclua uma etapa acadêmica.	100	NO
ACH_0536	GUILD	Nome na Guilda.	Alcance o rank E da Guilda.	90	NO
ACH_0537	EPILOGUE	A cidade se lembra.	Conclua um acontecimento que altere o destino de uma cidade.	25	YES
ACH_0538	COMBAT	Caçador de Roc.	Derrote 5 criaturas da espécie Roc.	35	NO
ACH_0539	ACADEMY	Um dia de cada vez.	Conclua uma etapa acadêmica.	30	NO
ACH_0540	COMBAT	Primeira vitória contra Sprite.	Derrote um Sprite.	80	NO
ACH_0541	COMBAT	Primeira vitória contra Colossus.	Derrote um Colossus.	35	NO
ACH_0542	EPILOGUE	Mesmo a derrota deixa uma história.	Registre um desfecho negativo no Prólogo.	105	YES
ACH_0543	ACADEMY	Veterano de Valdora.	Conclua um ano da Academia.	85	NO
ACH_0544	WORLD	Conhecedor de Quorathen.	Visite Quorathen.	90	NO
ACH_0545	MAGIC	Página virada.	Aprenda um feitiço de nível 5.	60	NO
ACH_0546	EPILOGUE	A cidade se lembra.	Conclua um acontecimento que altere o destino de uma cidade.	65	YES
ACH_0547	MAGIC	Página virada.	Aprenda um feitiço de nível 4.	25	NO
ACH_0548	COMBAT	Caçador de Unicorn.	Derrote 5 criaturas da espécie Unicorn.	85	NO
ACH_0549	SOCIAL	Uma amizade nasceu.	Alcance o estágio AMIGO com um NPC.	55	NO
ACH_0550	ACADEMY	Um dia de cada vez.	Conclua uma etapa acadêmica.	95	NO
ACH_0551	CRAFT	Mestre da oficina.	Produza ou adquira Espada de Cristal ancestral.	30	NO
ACH_0552	EPILOGUE	Nome gravado na história.	Registre um desfecho heroico no Prólogo.	40	YES
ACH_0553	WORLD	Conhecedor de Emberholt.	Visite Emberholt.	35	NO
ACH_0554	GUILD	Nome na Guilda.	Alcance o rank S da Guilda.	75	NO
ACH_0555	COMBAT	Caçador de Vampire.	Derrote 25 criaturas da espécie Vampire.	100	NO
ACH_0556	ACADEMY	Veterano de Valdora.	Conclua um ano da Academia.	50	NO
ACH_0557	SOCIAL	Uma amizade nasceu.	Alcance o estágio AMIGO com um NPC.	70	NO
ACH_0558	DISCOVERY	Segredo encontrado.	Descubra Cais de Ulthmere.	95	NO
ACH_0559	EPILOGUE	Mesmo a derrota deixa uma história.	Registre um desfecho negativo no Prólogo.	70	YES
ACH_0560	SURVIVAL	Sobrevivente.	Passe por uma semana sem deixar Fome ou Sede chegar a zero.	75	NO
ACH_0561	SOCIAL	Uma amizade nasceu.	Alcance o estágio AMIGO com um NPC.	65	NO
ACH_0562	EPILOGUE	Mesmo a derrota deixa uma história.	Registre um desfecho negativo no Prólogo.	20	YES
ACH_0563	GUILD	Nome na Guilda.	Alcance o rank C da Guilda.	45	NO
ACH_0564	SURVIVAL	Sobrevivente.	Passe por uma semana sem deixar Fome ou Sede chegar a zero.	50	NO
ACH_0565	EPILOGUE	Nome gravado na história.	Registre um desfecho heroico no Prólogo.	25	YES
ACH_0566	COMBAT	Primeira vitória contra Lich.	Derrote um Lich.	50	NO
ACH_0567	GUILD	Nome na Guilda.	Alcance o rank C da Guilda.	15	NO
ACH_0568	CRAFT	Mestre da oficina.	Produza ou adquira Pão de cabra defumado.	105	NO
ACH_0569	EPILOGUE	A cidade se lembra.	Conclua um acontecimento que altere o destino de uma cidade.	95	YES
ACH_0570	EPILOGUE	Nome gravado na história.	Registre um desfecho heroico no Prólogo.	105	YES
ACH_0571	DISCOVERY	Segredo encontrado.	Descubra Santuário de Cindralith.	80	NO
ACH_0572	MAGIC	Página virada.	Aprenda um feitiço de nível 8.	65	NO
ACH_0573	EPILOGUE	Nome gravado na história.	Registre um desfecho heroico no Prólogo.	75	YES
ACH_0574	COMBAT	Primeira vitória contra Lich.	Derrote um Lich.	105	NO
ACH_0575	SOCIAL	Uma amizade nasceu.	Alcance o estágio AMIGO com um NPC.	100	NO
ACH_0576	EPILOGUE	Mesmo a derrota deixa uma história.	Registre um desfecho negativo no Prólogo.	30	YES
ACH_0577	ROMANCE	Um sentimento confessado.	Alcance ROMANCE com um NPC adulto.	30	NO
ACH_0578	ACADEMY	Um dia de cada vez.	Conclua uma etapa acadêmica.	50	NO
ACH_0579	COMBAT	Caçador de Revenant.	Derrote 10 criaturas da espécie Revenant.	15	NO
ACH_0580	DISCOVERY	Segredo encontrado.	Descubra Templo de Windralith.	65	NO
ACH_0581	ACADEMY	Um dia de cada vez.	Conclua uma etapa acadêmica.	105	NO
ACH_0582	MAGIC	Página virada.	Aprenda um feitiço de nível 10.	105	NO
ACH_0583	WORLD	Conhecedor de Brumas.	Visite Brumas.	45	NO
ACH_0584	WORLD	Conhecedor de Branthollow.	Visite Branthollow.	20	NO
ACH_0585	EPILOGUE	A cidade se lembra.	Conclua um acontecimento que altere o destino de uma cidade.	30	YES
ACH_0586	EPILOGUE	A cidade se lembra.	Conclua um acontecimento que altere o destino de uma cidade.	50	YES
ACH_0587	ROMANCE	Um sentimento confessado.	Alcance ROMANCE com um NPC adulto.	50	NO
ACH_0588	DISCOVERY	Segredo encontrado.	Descubra Local cultista de Umbravale.	30	NO
ACH_0589	SURVIVAL	Sobrevivente.	Passe por uma semana sem deixar Fome ou Sede chegar a zero.	65	NO
ACH_0590	MAGIC	Página virada.	Aprenda um feitiço de nível 1.	70	NO
ACH_0591	COMBAT	Primeira vitória contra Bat.	Derrote um Bat.	15	NO
ACH_0592	WORLD	Conhecedor de Thornmere.	Visite Thornmere.	25	NO
ACH_0593	COMBAT	Primeira vitória contra Wolf.	Derrote um Wolf.	45	NO
ACH_0594	COMBAT	Primeira vitória contra Lich.	Derrote um Lich.	100	NO
ACH_0595	WORLD	Conhecedor de Duskmere.	Visite Duskmere.	45	NO
ACH_0596	WORLD	Conhecedor de Brighthollow.	Visite Brighthollow.	25	NO
ACH_0597	GUILD	Nome na Guilda.	Alcance o rank B da Guilda.	60	NO
ACH_0598	SOCIAL	Confiança conquistada.	Alcance o estágio PROXIMO com um NPC.	105	NO
ACH_0599	COMBAT	Primeira vitória contra Bat.	Derrote um Bat.	85	NO
ACH_0600	MAGIC	Página virada.	Aprenda um feitiço de nível 6.	105	NO
ACH_0601	DISCOVERY	Segredo encontrado.	Descubra Loja de Volmeria.	20	NO
ACH_0602	SOCIAL	Confiança conquistada.	Alcance o estágio PROXIMO com um NPC.	25	NO
ACH_0603	DISCOVERY	Segredo encontrado.	Descubra Restaurante de Eldrath.	60	NO
ACH_0604	CRAFT	Mestre da oficina.	Produza ou adquira Opala Fundido.	75	NO
ACH_0605	MAGIC	Página virada.	Aprenda um feitiço de nível 6.	25	NO
ACH_0606	EPILOGUE	A cidade se lembra.	Conclua um acontecimento que altere o destino de uma cidade.	25	YES
ACH_0607	SOCIAL	Confiança conquistada.	Alcance o estágio PROXIMO com um NPC.	105	NO
ACH_0608	COMBAT	Caçador de Boar.	Derrote 25 criaturas da espécie Boar.	20	NO
ACH_0609	COMBAT	Caçador de Drake.	Derrote 5 criaturas da espécie Drake.	60	NO
ACH_0610	CRAFT	Mestre da oficina.	Produza ou adquira Picareta de médico.	80	NO
ACH_0611	WORLD	Conhecedor de Xandralor.	Visite Xandralor.	30	NO
ACH_0612	WORLD	Conhecedor de Zorathen.	Visite Zorathen.	50	NO
ACH_0613	GUILD	Nome na Guilda.	Alcance o rank E da Guilda.	35	NO
ACH_0614	EPILOGUE	Mesmo a derrota deixa uma história.	Registre um desfecho negativo no Prólogo.	55	YES
ACH_0615	ACADEMY	Veterano de Valdora.	Conclua um ano da Academia.	70	NO
ACH_0616	ROMANCE	Um sentimento confessado.	Alcance ROMANCE com um NPC adulto.	55	NO
ACH_0617	COMBAT	Caçador de Bat.	Derrote 25 criaturas da espécie Bat.	30	NO
ACH_0618	COMBAT	Primeira vitória contra Djinn.	Derrote um Djinn.	35	NO
ACH_0619	EPILOGUE	Mesmo a derrota deixa uma história.	Registre um desfecho negativo no Prólogo.	60	YES
ACH_0620	GUILD	Nome na Guilda.	Alcance o rank S da Guilda.	50	NO
ACH_0621	GUILD	Nome na Guilda.	Alcance o rank A da Guilda.	80	NO
ACH_0622	SURVIVAL	Sobrevivente.	Passe por uma semana sem deixar Fome ou Sede chegar a zero.	70	NO
ACH_0623	SURVIVAL	Sobrevivente.	Passe por uma semana sem deixar Fome ou Sede chegar a zero.	75	NO
ACH_0624	DISCOVERY	Segredo encontrado.	Descubra Cais de Veyndaril.	40	NO
ACH_0625	MAGIC	Página virada.	Aprenda um feitiço de nível 10.	75	NO
ACH_0626	EPILOGUE	Mesmo a derrota deixa uma história.	Registre um desfecho negativo no Prólogo.	105	YES
ACH_0627	COMBAT	Caçador de Hydra.	Derrote 50 criaturas da espécie Hydra.	65	NO
ACH_0628	ACADEMY	Um dia de cada vez.	Conclua uma etapa acadêmica.	30	NO
ACH_0629	GUILD	Nome na Guilda.	Alcance o rank B da Guilda.	30	NO
ACH_0630	ACADEMY	Um dia de cada vez.	Conclua uma etapa acadêmica.	105	NO
ACH_0631	CRAFT	Mestre da oficina.	Produza ou adquira Belt of Giants.	60	NO
ACH_0632	EPILOGUE	A cidade se lembra.	Conclua um acontecimento que altere o destino de uma cidade.	85	YES
ACH_0633	ACADEMY	Veterano de Valdora.	Conclua um ano da Academia.	80	NO
ACH_0634	EPILOGUE	Mesmo a derrota deixa uma história.	Registre um desfecho negativo no Prólogo.	40	YES
ACH_0635	EPILOGUE	Mesmo a derrota deixa uma história.	Registre um desfecho negativo no Prólogo.	75	YES
ACH_0636	SOCIAL	Confiança conquistada.	Alcance o estágio PROXIMO com um NPC.	45	NO
ACH_0637	SOCIAL	Confiança conquistada.	Alcance o estágio PROXIMO com um NPC.	55	NO
ACH_0638	DISCOVERY	Segredo encontrado.	Descubra Local cultista de Frostmere.	35	NO
ACH_0639	SURVIVAL	Sobrevivente.	Passe por uma semana sem deixar Fome ou Sede chegar a zero.	70	NO
ACH_0640	COMBAT	Primeira vitória contra Colossus.	Derrote um Colossus.	50	NO
ACH_0641	ACADEMY	Veterano de Valdora.	Conclua um ano da Academia.	35	NO
ACH_0642	ROMANCE	Um sentimento confessado.	Alcance ROMANCE com um NPC adulto.	105	NO
ACH_0643	ROMANCE	Um sentimento confessado.	Alcance ROMANCE com um NPC adulto.	50	NO
ACH_0644	GUILD	Nome na Guilda.	Alcance o rank B da Guilda.	80	NO
ACH_0645	WORLD	Conhecedor de Verdralith.	Visite Verdralith.	60	NO
ACH_0646	EPILOGUE	A cidade se lembra.	Conclua um acontecimento que altere o destino de uma cidade.	95	YES
ACH_0647	EPILOGUE	Mesmo a derrota deixa uma história.	Registre um desfecho negativo no Prólogo.	20	YES
ACH_0648	ACADEMY	Um dia de cada vez.	Conclua uma etapa acadêmica.	45	NO
ACH_0649	GUILD	Nome na Guilda.	Alcance o rank A da Guilda.	60	NO
ACH_0650	ACADEMY	Um dia de cada vez.	Conclua uma etapa acadêmica.	95	NO
ACH_0651	EPILOGUE	Nome gravado na história.	Registre um desfecho heroico no Prólogo.	75	YES
ACH_0652	WORLD	Conhecedor de Kethralith.	Visite Kethralith.	75	NO
ACH_0653	EPILOGUE	Nome gravado na história.	Registre um desfecho heroico no Prólogo.	75	YES
ACH_0654	EPILOGUE	A cidade se lembra.	Conclua um acontecimento que altere o destino de uma cidade.	80	YES
ACH_0655	EPILOGUE	Mesmo a derrota deixa uma história.	Registre um desfecho negativo no Prólogo.	100	YES
ACH_0656	ROMANCE	Um sentimento confessado.	Alcance ROMANCE com um NPC adulto.	30	NO
ACH_0657	EPILOGUE	Nome gravado na história.	Registre um desfecho heroico no Prólogo.	50	YES
ACH_0658	WORLD	Conhecedor de Zephyrholt.	Visite Zephyrholt.	40	NO
ACH_0659	ACADEMY	Um dia de cada vez.	Conclua uma etapa acadêmica.	75	NO
ACH_0660	MAGIC	Página virada.	Aprenda um feitiço de nível 7.	15	NO
ACH_0661	COMBAT	Primeira vitória contra Leviathan.	Derrote um Leviathan.	80	NO
ACH_0662	DISCOVERY	Segredo encontrado.	Descubra Dungeon de Oakmere.	95	NO
ACH_0663	COMBAT	Primeira vitória contra Minotaur.	Derrote um Minotaur.	55	NO
ACH_0664	SOCIAL	Confiança conquistada.	Alcance o estágio PROXIMO com um NPC.	85	NO
ACH_0665	ACADEMY	Um dia de cada vez.	Conclua uma etapa acadêmica.	35	NO
ACH_0666	WORLD	Conhecedor de Duskmere.	Visite Duskmere.	45	NO
ACH_0667	COMBAT	Primeira vitória contra Ogre.	Derrote um Ogre.	25	NO
ACH_0668	GUILD	Nome na Guilda.	Alcance o rank E da Guilda.	80	NO
ACH_0669	EPILOGUE	Nome gravado na história.	Registre um desfecho heroico no Prólogo.	40	YES
ACH_0670	SOCIAL	Uma amizade nasceu.	Alcance o estágio AMIGO com um NPC.	90	NO
ACH_0671	WORLD	Conhecedor de Arvenholt.	Visite Arvenholt.	15	NO
ACH_0672	EPILOGUE	Mesmo a derrota deixa uma história.	Registre um desfecho negativo no Prólogo.	60	YES
ACH_0673	SURVIVAL	Sobrevivente.	Passe por uma semana sem deixar Fome ou Sede chegar a zero.	75	NO
ACH_0674	EPILOGUE	Nome gravado na história.	Registre um desfecho heroico no Prólogo.	105	YES
ACH_0675	EPILOGUE	Mesmo a derrota deixa uma história.	Registre um desfecho negativo no Prólogo.	45	YES
ACH_0676	EPILOGUE	Nome gravado na história.	Registre um desfecho heroico no Prólogo.	85	YES
ACH_0677	EPILOGUE	Nome gravado na história.	Registre um desfecho heroico no Prólogo.	105	YES
ACH_0678	EPILOGUE	A cidade se lembra.	Conclua um acontecimento que altere o destino de uma cidade.	15	YES
ACH_0679	SURVIVAL	Sobrevivente.	Passe por uma semana sem deixar Fome ou Sede chegar a zero.	75	NO
ACH_0680	DISCOVERY	Segredo encontrado.	Descubra Loja de Volmeria.	30	NO
ACH_0681	COMBAT	Primeira vitória contra Djinn.	Derrote um Djinn.	100	NO
ACH_0682	COMBAT	Caçador de Angel.	Derrote 5 criaturas da espécie Angel.	65	NO
ACH_0683	EPILOGUE	A cidade se lembra.	Conclua um acontecimento que altere o destino de uma cidade.	40	YES
ACH_0684	EPILOGUE	Nome gravado na história.	Registre um desfecho heroico no Prólogo.	40	YES
ACH_0685	CRAFT	Mestre da oficina.	Produza ou adquira Turmalina Celestial.	80	NO
ACH_0686	DISCOVERY	Segredo encontrado.	Descubra Restaurante de Aerocivitus.	100	NO
ACH_0687	ROMANCE	Um sentimento confessado.	Alcance ROMANCE com um NPC adulto.	55	NO
ACH_0688	ACADEMY	Um dia de cada vez.	Conclua uma etapa acadêmica.	95	NO
ACH_0689	ACADEMY	Um dia de cada vez.	Conclua uma etapa acadêmica.	65	NO
ACH_0690	EPILOGUE	Mesmo a derrota deixa uma história.	Registre um desfecho negativo no Prólogo.	75	YES
ACH_0691	EPILOGUE	A cidade se lembra.	Conclua um acontecimento que altere o destino de uma cidade.	30	YES
ACH_0692	EPILOGUE	Mesmo a derrota deixa uma história.	Registre um desfecho negativo no Prólogo.	90	YES
ACH_0693	WORLD	Conhecedor de Branthollow.	Visite Branthollow.	90	NO
ACH_0694	SOCIAL	Confiança conquistada.	Alcance o estágio PROXIMO com um NPC.	55	NO
ACH_0695	ROMANCE	Um sentimento confessado.	Alcance ROMANCE com um NPC adulto.	75	NO
ACH_0696	SOCIAL	Uma amizade nasceu.	Alcance o estágio AMIGO com um NPC.	45	NO
ACH_0697	ROMANCE	Um sentimento confessado.	Alcance ROMANCE com um NPC adulto.	90	NO
ACH_0698	EPILOGUE	Mesmo a derrota deixa uma história.	Registre um desfecho negativo no Prólogo.	75	YES
ACH_0699	ROMANCE	Um sentimento confessado.	Alcance ROMANCE com um NPC adulto.	85	NO
ACH_0700	EPILOGUE	Nome gravado na história.	Registre um desfecho heroico no Prólogo.	105	YES
ACH_0701	EPILOGUE	Mesmo a derrota deixa uma história.	Registre um desfecho negativo no Prólogo.	80	YES
ACH_0702	ACADEMY	Um dia de cada vez.	Conclua uma etapa acadêmica.	40	NO
ACH_0703	SOCIAL	Uma amizade nasceu.	Alcance o estágio AMIGO com um NPC.	95	NO
ACH_0704	SOCIAL	Uma amizade nasceu.	Alcance o estágio AMIGO com um NPC.	15	NO
ACH_0705	EPILOGUE	Nome gravado na história.	Registre um desfecho heroico no Prólogo.	90	YES
ACH_0706	MAGIC	Página virada.	Aprenda um feitiço de nível 7.	65	NO
ACH_0707	SURVIVAL	Sobrevivente.	Passe por uma semana sem deixar Fome ou Sede chegar a zero.	40	NO
ACH_0708	ACADEMY	Veterano de Valdora.	Conclua um ano da Academia.	80	NO
ACH_0709	EPILOGUE	Nome gravado na história.	Registre um desfecho heroico no Prólogo.	75	YES
ACH_0710	EPILOGUE	A cidade se lembra.	Conclua um acontecimento que altere o destino de uma cidade.	90	YES
ACH_0711	COMBAT	Primeira vitória contra Naga.	Derrote um Naga.	95	NO
ACH_0712	SOCIAL	Uma amizade nasceu.	Alcance o estágio AMIGO com um NPC.	100	NO
ACH_0713	ACADEMY	Um dia de cada vez.	Conclua uma etapa acadêmica.	60	NO
ACH_0714	COMBAT	Caçador de Drake.	Derrote 5 criaturas da espécie Drake.	60	NO
ACH_0715	ACADEMY	Veterano de Valdora.	Conclua um ano da Academia.	45	NO
ACH_0716	SOCIAL	Uma amizade nasceu.	Alcance o estágio AMIGO com um NPC.	25	NO
ACH_0717	DISCOVERY	Segredo encontrado.	Descubra Feira de Quenndral.	25	NO
ACH_0718	SOCIAL	Uma amizade nasceu.	Alcance o estágio AMIGO com um NPC.	95	NO
ACH_0719	EPILOGUE	Nome gravado na história.	Registre um desfecho heroico no Prólogo.	65	YES
ACH_0720	ACADEMY	Veterano de Valdora.	Conclua um ano da Academia.	100	NO
ACH_0721	COMBAT	Caçador de Djinn.	Derrote 5 criaturas da espécie Djinn.	40	NO
ACH_0722	SURVIVAL	Sobrevivente.	Passe por uma semana sem deixar Fome ou Sede chegar a zero.	55	NO
ACH_0723	COMBAT	Caçador de Serpent.	Derrote 5 criaturas da espécie Serpent.	25	NO
ACH_0724	SOCIAL	Uma amizade nasceu.	Alcance o estágio AMIGO com um NPC.	90	NO
ACH_0725	COMBAT	Caçador de Titan.	Derrote 5 criaturas da espécie Titan.	55	NO
ACH_0726	SURVIVAL	Sobrevivente.	Passe por uma semana sem deixar Fome ou Sede chegar a zero.	100	NO
ACH_0727	DISCOVERY	Segredo encontrado.	Descubra Palácio de Goldhaven.	85	NO
ACH_0728	CRAFT	Mestre da oficina.	Produza ou adquira Armadura de Couro do mercenário.	95	NO
ACH_0729	WORLD	Conhecedor de Wyrmhaven.	Visite Wyrmhaven.	35	NO
ACH_0730	SURVIVAL	Sobrevivente.	Passe por uma semana sem deixar Fome ou Sede chegar a zero.	55	NO
ACH_0731	SURVIVAL	Sobrevivente.	Passe por uma semana sem deixar Fome ou Sede chegar a zero.	70	NO
ACH_0732	COMBAT	Caçador de Manticores.	Derrote 3 criaturas da espécie Manticores.	75	NO
ACH_0733	COMBAT	Caçador de Wyvern.	Derrote 3 criaturas da espécie Wyvern.	100	NO
ACH_0734	SURVIVAL	Sobrevivente.	Passe por uma semana sem deixar Fome ou Sede chegar a zero.	30	NO
ACH_0735	COMBAT	Caçador de Mooncalf.	Derrote 10 criaturas da espécie Mooncalf.	65	NO
ACH_0736	EPILOGUE	Mesmo a derrota deixa uma história.	Registre um desfecho negativo no Prólogo.	75	YES
ACH_0737	COMBAT	Caçador de Kobold.	Derrote 25 criaturas da espécie Kobold.	65	NO
ACH_0738	COMBAT	Primeira vitória contra Vampire.	Derrote um Vampire.	85	NO
ACH_0739	DISCOVERY	Segredo encontrado.	Descubra Local cultista de Highspire.	70	NO
ACH_0740	EPILOGUE	Mesmo a derrota deixa uma história.	Registre um desfecho negativo no Prólogo.	40	YES
ACH_0741	ACADEMY	Um dia de cada vez.	Conclua uma etapa acadêmica.	65	NO
ACH_0742	COMBAT	Caçador de Sprite.	Derrote 50 criaturas da espécie Sprite.	35	NO
ACH_0743	ROMANCE	Um sentimento confessado.	Alcance ROMANCE com um NPC adulto.	85	NO
ACH_0744	ROMANCE	Um sentimento confessado.	Alcance ROMANCE com um NPC adulto.	80	NO
ACH_0745	SOCIAL	Confiança conquistada.	Alcance o estágio PROXIMO com um NPC.	70	NO
ACH_0746	DISCOVERY	Segredo encontrado.	Descubra Posto da Guarda de Dawnspire.	95	NO
ACH_0747	ACADEMY	Veterano de Valdora.	Conclua um ano da Academia.	85	NO
ACH_0748	COMBAT	Primeira vitória contra Kraken.	Derrote um Kraken.	60	NO
ACH_0749	EPILOGUE	Mesmo a derrota deixa uma história.	Registre um desfecho negativo no Prólogo.	100	YES
ACH_0750	SOCIAL	Confiança conquistada.	Alcance o estágio PROXIMO com um NPC.	90	NO
ACH_0751	CRAFT	Mestre da oficina.	Produza ou adquira Carta dos Aventureiros comercial.	45	NO
ACH_0752	WORLD	Conhecedor de Frostmere.	Visite Frostmere.	20	NO
ACH_0753	ACADEMY	Um dia de cada vez.	Conclua uma etapa acadêmica.	80	NO
ACH_0754	DISCOVERY	Segredo encontrado.	Descubra Feira de Sylthar.	40	NO
ACH_0755	CRAFT	Mestre da oficina.	Produza ou adquira Espada de Pedra perfurante.	15	NO
ACH_0756	ROMANCE	Um sentimento confessado.	Alcance ROMANCE com um NPC adulto.	60	NO
ACH_0757	SURVIVAL	Sobrevivente.	Passe por uma semana sem deixar Fome ou Sede chegar a zero.	65	NO
ACH_0758	ACADEMY	Um dia de cada vez.	Conclua uma etapa acadêmica.	35	NO
ACH_0759	COMBAT	Primeira vitória contra Spider.	Derrote um Spider.	70	NO
ACH_0760	SOCIAL	Confiança conquistada.	Alcance o estágio PROXIMO com um NPC.	30	NO
ACH_0761	SURVIVAL	Sobrevivente.	Passe por uma semana sem deixar Fome ou Sede chegar a zero.	100	NO
ACH_0762	CRAFT	Mestre da oficina.	Produza ou adquira Argila de Valdora.	45	NO
ACH_0763	ACADEMY	Veterano de Valdora.	Conclua um ano da Academia.	25	NO
ACH_0764	EPILOGUE	A cidade se lembra.	Conclua um acontecimento que altere o destino de uma cidade.	35	YES
ACH_0765	CRAFT	Mestre da oficina.	Produza ou adquira Espada do Valaryn rúnica.	55	NO
ACH_0766	ROMANCE	Um sentimento confessado.	Alcance ROMANCE com um NPC adulto.	60	NO
ACH_0767	DISCOVERY	Segredo encontrado.	Descubra Feira de Yndralor.	100	NO
ACH_0768	ACADEMY	Um dia de cada vez.	Conclua uma etapa acadêmica.	30	NO
ACH_0769	COMBAT	Primeira vitória contra Wyrm.	Derrote um Wyrm.	40	NO
ACH_0770	GUILD	Nome na Guilda.	Alcance o rank F da Guilda.	45	NO
ACH_0771	SURVIVAL	Sobrevivente.	Passe por uma semana sem deixar Fome ou Sede chegar a zero.	25	NO
ACH_0772	SOCIAL	Confiança conquistada.	Alcance o estágio PROXIMO com um NPC.	25	NO
ACH_0773	COMBAT	Caçador de Crow.	Derrote 5 criaturas da espécie Crow.	55	NO
ACH_0774	EPILOGUE	Nome gravado na história.	Registre um desfecho heroico no Prólogo.	100	YES
ACH_0775	WORLD	Conhecedor de Emberholt.	Visite Emberholt.	25	NO
ACH_0776	COMBAT	Primeira vitória contra Behemoth.	Derrote um Behemoth.	70	NO
ACH_0777	ROMANCE	Um sentimento confessado.	Alcance ROMANCE com um NPC adulto.	75	NO
ACH_0778	DISCOVERY	Segredo encontrado.	Descubra Laboratório de Alquimia de Highspire.	90	NO
ACH_0779	CRAFT	Mestre da oficina.	Produza ou adquira Carta dos Aventureiros militar.	20	NO
ACH_0780	ROMANCE	Um sentimento confessado.	Alcance ROMANCE com um NPC adulto.	100	NO
ACH_0781	DISCOVERY	Segredo encontrado.	Descubra Palácio de Brumas.	95	NO
ACH_0782	MAGIC	Página virada.	Aprenda um feitiço de nível 4.	45	NO
ACH_0783	GUILD	Nome na Guilda.	Alcance o rank S da Guilda.	85	NO
ACH_0784	EPILOGUE	A cidade se lembra.	Conclua um acontecimento que altere o destino de uma cidade.	55	YES
ACH_0785	DISCOVERY	Segredo encontrado.	Descubra Torre de Magos de Eldrath.	15	NO
ACH_0786	SOCIAL	Uma amizade nasceu.	Alcance o estágio AMIGO com um NPC.	70	NO
ACH_0787	SOCIAL	Uma amizade nasceu.	Alcance o estágio AMIGO com um NPC.	15	NO
ACH_0788	SOCIAL	Confiança conquistada.	Alcance o estágio PROXIMO com um NPC.	90	NO
ACH_0789	EPILOGUE	Nome gravado na história.	Registre um desfecho heroico no Prólogo.	80	YES
ACH_0790	WORLD	Conhecedor de Wyrmhaven.	Visite Wyrmhaven.	50	NO
ACH_0791	WORLD	Conhecedor de Brumas.	Visite Brumas.	65	NO
ACH_0792	COMBAT	Caçador de Sprite.	Derrote 10 criaturas da espécie Sprite.	30	NO
ACH_0793	COMBAT	Primeira vitória contra Griffin.	Derrote um Griffin.	70	NO
ACH_0794	ROMANCE	Um sentimento confessado.	Alcance ROMANCE com um NPC adulto.	70	NO
ACH_0795	GUILD	Nome na Guilda.	Alcance o rank S da Guilda.	65	NO
ACH_0796	COMBAT	Primeira vitória contra Hydra.	Derrote um Hydra.	70	NO
ACH_0797	EPILOGUE	A cidade se lembra.	Conclua um acontecimento que altere o destino de uma cidade.	85	YES
ACH_0798	ACADEMY	Um dia de cada vez.	Conclua uma etapa acadêmica.	65	NO
ACH_0799	ACADEMY	Veterano de Valdora.	Conclua um ano da Academia.	55	NO
ACH_0800	DISCOVERY	Segredo encontrado.	Descubra Ferraria de Jorwyn.	40	NO
ACH_0801	ROMANCE	Um sentimento confessado.	Alcance ROMANCE com um NPC adulto.	20	NO
ACH_0802	ACADEMY	Veterano de Valdora.	Conclua um ano da Academia.	80	NO
ACH_0803	SOCIAL	Uma amizade nasceu.	Alcance o estágio AMIGO com um NPC.	105	NO
ACH_0804	ACADEMY	Um dia de cada vez.	Conclua uma etapa acadêmica.	35	NO
ACH_0805	EPILOGUE	Mesmo a derrota deixa uma história.	Registre um desfecho negativo no Prólogo.	85	YES
ACH_0806	SURVIVAL	Sobrevivente.	Passe por uma semana sem deixar Fome ou Sede chegar a zero.	55	NO
ACH_0807	ACADEMY	Veterano de Valdora.	Conclua um ano da Academia.	80	NO
ACH_0808	SOCIAL	Confiança conquistada.	Alcance o estágio PROXIMO com um NPC.	95	NO
ACH_0809	COMBAT	Caçador de Gryphon.	Derrote 10 criaturas da espécie Gryphon.	35	NO
ACH_0810	SURVIVAL	Sobrevivente.	Passe por uma semana sem deixar Fome ou Sede chegar a zero.	35	NO
ACH_0811	GUILD	Nome na Guilda.	Alcance o rank B da Guilda.	100	NO
ACH_0812	EPILOGUE	Mesmo a derrota deixa uma história.	Registre um desfecho negativo no Prólogo.	55	YES
ACH_0813	EPILOGUE	Mesmo a derrota deixa uma história.	Registre um desfecho negativo no Prólogo.	25	YES
ACH_0814	ROMANCE	Um sentimento confessado.	Alcance ROMANCE com um NPC adulto.	40	NO
ACH_0815	ROMANCE	Um sentimento confessado.	Alcance ROMANCE com um NPC adulto.	55	NO
ACH_0816	ACADEMY	Um dia de cada vez.	Conclua uma etapa acadêmica.	50	NO
ACH_0817	SURVIVAL	Sobrevivente.	Passe por uma semana sem deixar Fome ou Sede chegar a zero.	75	NO
ACH_0818	EPILOGUE	A cidade se lembra.	Conclua um acontecimento que altere o destino de uma cidade.	50	YES
ACH_0819	ACADEMY	Um dia de cada vez.	Conclua uma etapa acadêmica.	70	NO
ACH_0820	EPILOGUE	Mesmo a derrota deixa uma história.	Registre um desfecho negativo no Prólogo.	25	YES
ACH_0821	SURVIVAL	Sobrevivente.	Passe por uma semana sem deixar Fome ou Sede chegar a zero.	65	NO
ACH_0822	GUILD	Nome na Guilda.	Alcance o rank F da Guilda.	90	NO
ACH_0823	ACADEMY	Um dia de cada vez.	Conclua uma etapa acadêmica.	25	NO
ACH_0824	EPILOGUE	A cidade se lembra.	Conclua um acontecimento que altere o destino de uma cidade.	20	YES
ACH_0825	MAGIC	Página virada.	Aprenda um feitiço de nível 6.	95	NO
ACH_0826	EPILOGUE	A cidade se lembra.	Conclua um acontecimento que altere o destino de uma cidade.	40	YES
ACH_0827	SOCIAL	Uma amizade nasceu.	Alcance o estágio AMIGO com um NPC.	90	NO
ACH_0828	EPILOGUE	Nome gravado na história.	Registre um desfecho heroico no Prólogo.	30	YES
ACH_0829	ROMANCE	Um sentimento confessado.	Alcance ROMANCE com um NPC adulto.	90	NO
ACH_0830	SOCIAL	Confiança conquistada.	Alcance o estágio PROXIMO com um NPC.	30	NO
ACH_0831	GUILD	Nome na Guilda.	Alcance o rank F da Guilda.	65	NO
ACH_0832	SURVIVAL	Sobrevivente.	Passe por uma semana sem deixar Fome ou Sede chegar a zero.	35	NO
ACH_0833	SOCIAL	Confiança conquistada.	Alcance o estágio PROXIMO com um NPC.	95	NO
ACH_0834	WORLD	Conhecedor de Ulthmere.	Visite Ulthmere.	15	NO
ACH_0835	EPILOGUE	A cidade se lembra.	Conclua um acontecimento que altere o destino de uma cidade.	45	YES
ACH_0836	COMBAT	Primeira vitória contra Wyvern.	Derrote um Wyvern.	85	NO
ACH_0837	DISCOVERY	Segredo encontrado.	Descubra Local cultista de Duskmere.	20	NO
ACH_0838	EPILOGUE	Nome gravado na história.	Registre um desfecho heroico no Prólogo.	70	YES
ACH_0839	EPILOGUE	Nome gravado na história.	Registre um desfecho heroico no Prólogo.	45	YES
ACH_0840	GUILD	Nome na Guilda.	Alcance o rank E da Guilda.	35	NO
ACH_0841	ACADEMY	Um dia de cada vez.	Conclua uma etapa acadêmica.	95	NO
ACH_0842	WORLD	Conhecedor de Eldrath.	Visite Eldrath.	75	NO
ACH_0843	GUILD	Nome na Guilda.	Alcance o rank C da Guilda.	95	NO
ACH_0844	WORLD	Conhecedor de Norhaven.	Visite Norhaven.	60	NO
ACH_0845	SOCIAL	Uma amizade nasceu.	Alcance o estágio AMIGO com um NPC.	35	NO
ACH_0846	COMBAT	Caçador de Dryad.	Derrote 5 criaturas da espécie Dryad.	15	NO
ACH_0847	EPILOGUE	Mesmo a derrota deixa uma história.	Registre um desfecho negativo no Prólogo.	85	YES
ACH_0848	COMBAT	Primeira vitória contra Serpent.	Derrote um Serpent.	105	NO
ACH_0849	GUILD	Nome na Guilda.	Alcance o rank E da Guilda.	50	NO
ACH_0850	SURVIVAL	Sobrevivente.	Passe por uma semana sem deixar Fome ou Sede chegar a zero.	40	NO
ACH_0851	ACADEMY	Veterano de Valdora.	Conclua um ano da Academia.	60	NO
ACH_0852	MAGIC	Página virada.	Aprenda um feitiço de nível 10.	55	NO
ACH_0853	ROMANCE	Um sentimento confessado.	Alcance ROMANCE com um NPC adulto.	30	NO
ACH_0854	ACADEMY	Veterano de Valdora.	Conclua um ano da Academia.	50	NO
ACH_0855	COMBAT	Primeira vitória contra Minotaur.	Derrote um Minotaur.	70	NO
ACH_0856	EPILOGUE	Mesmo a derrota deixa uma história.	Registre um desfecho negativo no Prólogo.	100	YES
ACH_0857	EPILOGUE	Mesmo a derrota deixa uma história.	Registre um desfecho negativo no Prólogo.	25	YES
ACH_0858	COMBAT	Primeira vitória contra Gryphon.	Derrote um Gryphon.	105	NO
ACH_0859	ROMANCE	Um sentimento confessado.	Alcance ROMANCE com um NPC adulto.	100	NO
ACH_0860	EPILOGUE	Nome gravado na história.	Registre um desfecho heroico no Prólogo.	20	YES
ACH_0861	ACADEMY	Veterano de Valdora.	Conclua um ano da Academia.	90	NO
ACH_0862	GUILD	Nome na Guilda.	Alcance o rank Z da Guilda.	45	NO
ACH_0863	ACADEMY	Veterano de Valdora.	Conclua um ano da Academia.	95	NO
ACH_0864	ROMANCE	Um sentimento confessado.	Alcance ROMANCE com um NPC adulto.	15	NO
ACH_0865	DISCOVERY	Segredo encontrado.	Descubra Palácio de Prismere.	30	NO
ACH_0866	EPILOGUE	Mesmo a derrota deixa uma história.	Registre um desfecho negativo no Prólogo.	25	YES
ACH_0867	GUILD	Nome na Guilda.	Alcance o rank E da Guilda.	60	NO
ACH_0868	WORLD	Conhecedor de Brighthollow.	Visite Brighthollow.	50	NO
ACH_0869	SURVIVAL	Sobrevivente.	Passe por uma semana sem deixar Fome ou Sede chegar a zero.	45	NO
ACH_0870	COMBAT	Primeira vitória contra Mooncalf.	Derrote um Mooncalf.	55	NO
ACH_0871	SOCIAL	Confiança conquistada.	Alcance o estágio PROXIMO com um NPC.	70	NO
ACH_0872	EPILOGUE	A cidade se lembra.	Conclua um acontecimento que altere o destino de uma cidade.	85	YES
ACH_0873	CRAFT	Mestre da oficina.	Produza ou adquira Carta de Jorwyn comercial.	100	NO
ACH_0874	EPILOGUE	Nome gravado na história.	Registre um desfecho heroico no Prólogo.	70	YES
ACH_0875	SOCIAL	Confiança conquistada.	Alcance o estágio PROXIMO com um NPC.	60	NO
ACH_0876	ROMANCE	Um sentimento confessado.	Alcance ROMANCE com um NPC adulto.	15	NO
ACH_0877	SOCIAL	Uma amizade nasceu.	Alcance o estágio AMIGO com um NPC.	45	NO
ACH_0878	EPILOGUE	Nome gravado na história.	Registre um desfecho heroico no Prólogo.	100	YES
ACH_0879	WORLD	Conhecedor de Caelwyn.	Visite Caelwyn.	55	NO
ACH_0880	SURVIVAL	Sobrevivente.	Passe por uma semana sem deixar Fome ou Sede chegar a zero.	15	NO
ACH_0881	GUILD	Nome na Guilda.	Alcance o rank D da Guilda.	55	NO
ACH_0882	EPILOGUE	A cidade se lembra.	Conclua um acontecimento que altere o destino de uma cidade.	40	YES
ACH_0883	EPILOGUE	Nome gravado na história.	Registre um desfecho heroico no Prólogo.	35	YES
ACH_0884	WORLD	Conhecedor de Veyndaril.	Visite Veyndaril.	25	NO
ACH_0885	SOCIAL	Confiança conquistada.	Alcance o estágio PROXIMO com um NPC.	90	NO
ACH_0886	SURVIVAL	Sobrevivente.	Passe por uma semana sem deixar Fome ou Sede chegar a zero.	30	NO
ACH_0887	GUILD	Nome na Guilda.	Alcance o rank C da Guilda.	90	NO
ACH_0888	DISCOVERY	Segredo encontrado.	Descubra Feira de Lorwynne.	20	NO
ACH_0889	SOCIAL	Uma amizade nasceu.	Alcance o estágio AMIGO com um NPC.	70	NO
ACH_0890	EPILOGUE	Nome gravado na história.	Registre um desfecho heroico no Prólogo.	65	YES
ACH_0891	ACADEMY	Veterano de Valdora.	Conclua um ano da Academia.	95	NO
ACH_0892	SOCIAL	Uma amizade nasceu.	Alcance o estágio AMIGO com um NPC.	95	NO
ACH_0893	EPILOGUE	A cidade se lembra.	Conclua um acontecimento que altere o destino de uma cidade.	95	YES
ACH_0894	MAGIC	Página virada.	Aprenda um feitiço de nível 10.	55	NO
ACH_0895	SURVIVAL	Sobrevivente.	Passe por uma semana sem deixar Fome ou Sede chegar a zero.	90	NO
ACH_0896	COMBAT	Caçador de Direhound.	Derrote 50 criaturas da espécie Direhound.	15	NO
ACH_0897	COMBAT	Primeira vitória contra Kobold.	Derrote um Kobold.	105	NO
ACH_0898	SURVIVAL	Sobrevivente.	Passe por uma semana sem deixar Fome ou Sede chegar a zero.	90	NO
ACH_0899	WORLD	Conhecedor de Ylthmere.	Visite Ylthmere.	30	NO
ACH_0900	SOCIAL	Uma amizade nasceu.	Alcance o estágio AMIGO com um NPC.	80	NO
ACH_0901	ACADEMY	Veterano de Valdora.	Conclua um ano da Academia.	60	NO
ACH_0902	MAGIC	Página virada.	Aprenda um feitiço de nível 6.	40	NO
ACH_0903	MAGIC	Página virada.	Aprenda um feitiço de nível 10.	75	NO
ACH_0904	COMBAT	Primeira vitória contra Revenant.	Derrote um Revenant.	90	NO
ACH_0905	EPILOGUE	Nome gravado na história.	Registre um desfecho heroico no Prólogo.	25	YES
ACH_0906	ACADEMY	Um dia de cada vez.	Conclua uma etapa acadêmica.	20	NO
ACH_0907	EPILOGUE	A cidade se lembra.	Conclua um acontecimento que altere o destino de uma cidade.	95	YES
ACH_0908	MAGIC	Página virada.	Aprenda um feitiço de nível 5.	75	NO
ACH_0909	ACADEMY	Um dia de cada vez.	Conclua uma etapa acadêmica.	75	NO
ACH_0910	EPILOGUE	Mesmo a derrota deixa uma história.	Registre um desfecho negativo no Prólogo.	25	YES
ACH_0911	EPILOGUE	Nome gravado na história.	Registre um desfecho heroico no Prólogo.	15	YES
ACH_0912	GUILD	Nome na Guilda.	Alcance o rank F da Guilda.	35	NO
ACH_0913	WORLD	Conhecedor de Feyndral.	Visite Feyndral.	20	NO
ACH_0914	ACADEMY	Veterano de Valdora.	Conclua um ano da Academia.	65	NO
ACH_0915	GUILD	Nome na Guilda.	Alcance o rank A da Guilda.	30	NO
ACH_0916	EPILOGUE	A cidade se lembra.	Conclua um acontecimento que altere o destino de uma cidade.	35	YES
ACH_0917	ACADEMY	Um dia de cada vez.	Conclua uma etapa acadêmica.	45	NO
ACH_0918	EPILOGUE	A cidade se lembra.	Conclua um acontecimento que altere o destino de uma cidade.	20	YES
ACH_0919	ROMANCE	Um sentimento confessado.	Alcance ROMANCE com um NPC adulto.	40	NO
ACH_0920	SOCIAL	Uma amizade nasceu.	Alcance o estágio AMIGO com um NPC.	45	NO
ACH_0921	CRAFT	Mestre da oficina.	Produza ou adquira Ametista Rúnico.	75	NO
ACH_0922	COMBAT	Primeira vitória contra Mantis.	Derrote um Mantis.	80	NO
ACH_0923	WORLD	Conhecedor de Fenndral.	Visite Fenndral.	60	NO
ACH_0924	WORLD	Conhecedor de Ylthmere.	Visite Ylthmere.	95	NO
ACH_0925	EPILOGUE	Mesmo a derrota deixa uma história.	Registre um desfecho negativo no Prólogo.	65	YES
ACH_0926	SOCIAL	Confiança conquistada.	Alcance o estágio PROXIMO com um NPC.	25	NO
ACH_0927	EPILOGUE	Nome gravado na história.	Registre um desfecho heroico no Prólogo.	105	YES
ACH_0928	COMBAT	Caçador de Titan.	Derrote 25 criaturas da espécie Titan.	35	NO
ACH_0929	ACADEMY	Veterano de Valdora.	Conclua um ano da Academia.	65	NO
ACH_0930	WORLD	Conhecedor de Oakmere.	Visite Oakmere.	70	NO
ACH_0931	WORLD	Conhecedor de Mistvale.	Visite Mistvale.	50	NO
ACH_0932	SOCIAL	Confiança conquistada.	Alcance o estágio PROXIMO com um NPC.	35	NO
ACH_0933	MAGIC	Página virada.	Aprenda um feitiço de nível 4.	45	NO
ACH_0934	EPILOGUE	Nome gravado na história.	Registre um desfecho heroico no Prólogo.	100	YES
ACH_0935	SOCIAL	Uma amizade nasceu.	Alcance o estágio AMIGO com um NPC.	60	NO
ACH_0936	ACADEMY	Um dia de cada vez.	Conclua uma etapa acadêmica.	45	NO
ACH_0937	COMBAT	Primeira vitória contra Goblin.	Derrote um Goblin.	90	NO
ACH_0938	EPILOGUE	Mesmo a derrota deixa uma história.	Registre um desfecho negativo no Prólogo.	30	YES
ACH_0939	GUILD	Nome na Guilda.	Alcance o rank F da Guilda.	60	NO
ACH_0940	COMBAT	Primeira vitória contra Rakshasa.	Derrote um Rakshasa.	65	NO
ACH_0941	EPILOGUE	A cidade se lembra.	Conclua um acontecimento que altere o destino de uma cidade.	90	YES
ACH_0942	SURVIVAL	Sobrevivente.	Passe por uma semana sem deixar Fome ou Sede chegar a zero.	80	NO
ACH_0943	EPILOGUE	Nome gravado na história.	Registre um desfecho heroico no Prólogo.	20	YES
ACH_0944	ACADEMY	Veterano de Valdora.	Conclua um ano da Academia.	95	NO
ACH_0945	GUILD	Nome na Guilda.	Alcance o rank B da Guilda.	70	NO
ACH_0946	ACADEMY	Veterano de Valdora.	Conclua um ano da Academia.	65	NO
ACH_0947	ROMANCE	Um sentimento confessado.	Alcance ROMANCE com um NPC adulto.	100	NO
ACH_0948	DISCOVERY	Segredo encontrado.	Descubra Torre de Magos de Crestwyn.	60	NO
ACH_0949	SURVIVAL	Sobrevivente.	Passe por uma semana sem deixar Fome ou Sede chegar a zero.	95	NO
ACH_0950	SOCIAL	Uma amizade nasceu.	Alcance o estágio AMIGO com um NPC.	25	NO
ACH_0951	EPILOGUE	A cidade se lembra.	Conclua um acontecimento que altere o destino de uma cidade.	70	YES
ACH_0952	ROMANCE	Um sentimento confessado.	Alcance ROMANCE com um NPC adulto.	80	NO
ACH_0953	SURVIVAL	Sobrevivente.	Passe por uma semana sem deixar Fome ou Sede chegar a zero.	50	NO
ACH_0954	SOCIAL	Uma amizade nasceu.	Alcance o estágio AMIGO com um NPC.	15	NO
ACH_0955	ACADEMY	Um dia de cada vez.	Conclua uma etapa acadêmica.	45	NO
ACH_0956	COMBAT	Primeira vitória contra Dryad.	Derrote um Dryad.	95	NO
ACH_0957	ROMANCE	Um sentimento confessado.	Alcance ROMANCE com um NPC adulto.	75	NO
ACH_0958	EPILOGUE	Nome gravado na história.	Registre um desfecho heroico no Prólogo.	45	YES
ACH_0959	EPILOGUE	A cidade se lembra.	Conclua um acontecimento que altere o destino de uma cidade.	100	YES
ACH_0960	DISCOVERY	Segredo encontrado.	Descubra Torre de Magos de Arvenholt.	100	NO
ACH_0961	MAGIC	Página virada.	Aprenda um feitiço de nível 6.	60	NO
ACH_0962	SOCIAL	Confiança conquistada.	Alcance o estágio PROXIMO com um NPC.	70	NO
ACH_0963	COMBAT	Primeira vitória contra Ogre.	Derrote um Ogre.	30	NO
ACH_0964	GUILD	Nome na Guilda.	Alcance o rank S da Guilda.	80	NO
ACH_0965	EPILOGUE	Nome gravado na história.	Registre um desfecho heroico no Prólogo.	65	YES
ACH_0966	CRAFT	Mestre da oficina.	Produza ou adquira Espada de Aço do crepúsculo.	50	NO
ACH_0967	ACADEMY	Veterano de Valdora.	Conclua um ano da Academia.	30	NO
ACH_0968	MAGIC	Página virada.	Aprenda um feitiço de nível 6.	105	NO
ACH_0969	EPILOGUE	Mesmo a derrota deixa uma história.	Registre um desfecho negativo no Prólogo.	25	YES
ACH_0970	SOCIAL	Confiança conquistada.	Alcance o estágio PROXIMO com um NPC.	35	NO
ACH_0971	WORLD	Conhecedor de Pyrelith.	Visite Pyrelith.	85	NO
ACH_0972	SOCIAL	Confiança conquistada.	Alcance o estágio PROXIMO com um NPC.	80	NO
ACH_0973	ACADEMY	Um dia de cada vez.	Conclua uma etapa acadêmica.	25	NO
ACH_0974	SOCIAL	Confiança conquistada.	Alcance o estágio PROXIMO com um NPC.	75	NO
ACH_0975	EPILOGUE	Nome gravado na história.	Registre um desfecho heroico no Prólogo.	15	YES
ACH_0976	MAGIC	Página virada.	Aprenda um feitiço de nível 8.	95	NO
ACH_0977	ROMANCE	Um sentimento confessado.	Alcance ROMANCE com um NPC adulto.	15	NO
ACH_0978	WORLD	Conhecedor de Stormhaven.	Visite Stormhaven.	75	NO
ACH_0979	DISCOVERY	Segredo encontrado.	Descubra Santuário de Branthollow.	80	NO
ACH_0980	MAGIC	Página virada.	Aprenda um feitiço de nível 1.	95	NO
ACH_0981	GUILD	Nome na Guilda.	Alcance o rank D da Guilda.	30	NO
ACH_0982	COMBAT	Caçador de Golem.	Derrote 5 criaturas da espécie Golem.	95	NO
ACH_0983	SURVIVAL	Sobrevivente.	Passe por uma semana sem deixar Fome ou Sede chegar a zero.	90	NO
ACH_0984	DISCOVERY	Segredo encontrado.	Descubra Restaurante de Norhaven.	85	NO
ACH_0985	EPILOGUE	Nome gravado na história.	Registre um desfecho heroico no Prólogo.	55	YES
ACH_0986	EPILOGUE	A cidade se lembra.	Conclua um acontecimento que altere o destino de uma cidade.	85	YES
ACH_0987	ROMANCE	Um sentimento confessado.	Alcance ROMANCE com um NPC adulto.	35	NO
ACH_0988	ROMANCE	Um sentimento confessado.	Alcance ROMANCE com um NPC adulto.	90	NO
ACH_0989	ACADEMY	Um dia de cada vez.	Conclua uma etapa acadêmica.	60	NO
ACH_0990	SURVIVAL	Sobrevivente.	Passe por uma semana sem deixar Fome ou Sede chegar a zero.	50	NO
ACH_0991	ROMANCE	Um sentimento confessado.	Alcance ROMANCE com um NPC adulto.	50	NO
ACH_0992	ROMANCE	Um sentimento confessado.	Alcance ROMANCE com um NPC adulto.	25	NO
ACH_0993	SOCIAL	Confiança conquistada.	Alcance o estágio PROXIMO com um NPC.	15	NO
ACH_0994	SURVIVAL	Sobrevivente.	Passe por uma semana sem deixar Fome ou Sede chegar a zero.	40	NO
ACH_0995	MAGIC	Página virada.	Aprenda um feitiço de nível 6.	55	NO
ACH_0996	SOCIAL	Uma amizade nasceu.	Alcance o estágio AMIGO com um NPC.	80	NO
ACH_0997	ACADEMY	Veterano de Valdora.	Conclua um ano da Academia.	65	NO
ACH_0998	SOCIAL	Uma amizade nasceu.	Alcance o estágio AMIGO com um NPC.	40	NO
ACH_0999	SURVIVAL	Sobrevivente.	Passe por uma semana sem deixar Fome ou Sede chegar a zero.	40	NO
ACH_1000	COMBAT	Caçador de Bat.	Derrote 10 criaturas da espécie Bat.	95	NO
ACH_1001	ACADEMY	Veterano de Valdora.	Conclua um ano da Academia.	45	NO
ACH_1002	SOCIAL	Uma amizade nasceu.	Alcance o estágio AMIGO com um NPC.	65	NO
ACH_1003	COMBAT	Caçador de Colossus.	Derrote 3 criaturas da espécie Colossus.	15	NO
ACH_1004	ROMANCE	Um sentimento confessado.	Alcance ROMANCE com um NPC adulto.	45	NO
ACH_1005	EPILOGUE	Mesmo a derrota deixa uma história.	Registre um desfecho negativo no Prólogo.	85	YES
ACH_1006	ROMANCE	Um sentimento confessado.	Alcance ROMANCE com um NPC adulto.	40	NO
ACH_1007	EPILOGUE	A cidade se lembra.	Conclua um acontecimento que altere o destino de uma cidade.	80	YES
ACH_1008	ACADEMY	Um dia de cada vez.	Conclua uma etapa acadêmica.	70	NO
ACH_1009	COMBAT	Caçador de Wraith.	Derrote 3 criaturas da espécie Wraith.	105	NO
ACH_1010	ACADEMY	Um dia de cada vez.	Conclua uma etapa acadêmica.	80	NO
ACH_1011	ACADEMY	Veterano de Valdora.	Conclua um ano da Academia.	95	NO
ACH_1012	EPILOGUE	Nome gravado na história.	Registre um desfecho heroico no Prólogo.	30	YES
ACH_1013	EPILOGUE	Mesmo a derrota deixa uma história.	Registre um desfecho negativo no Prólogo.	85	YES
ACH_1014	SOCIAL	Confiança conquistada.	Alcance o estágio PROXIMO com um NPC.	75	NO
ACH_1015	SOCIAL	Confiança conquistada.	Alcance o estágio PROXIMO com um NPC.	20	NO
ACH_1016	WORLD	Conhecedor de Emberholt.	Visite Emberholt.	85	NO
ACH_1017	EPILOGUE	Nome gravado na história.	Registre um desfecho heroico no Prólogo.	50	YES
ACH_1018	MAGIC	Página virada.	Aprenda um feitiço de nível 4.	20	NO
ACH_1019	DISCOVERY	Segredo encontrado.	Descubra Ferraria de Zephyrholt.	20	NO
ACH_1020	COMBAT	Primeira vitória contra Crow.	Derrote um Crow.	55	NO
ACH_1021	MAGIC	Página virada.	Aprenda um feitiço de nível 10.	50	NO
ACH_1022	EPILOGUE	A cidade se lembra.	Conclua um acontecimento que altere o destino de uma cidade.	50	YES
ACH_1023	EPILOGUE	A cidade se lembra.	Conclua um acontecimento que altere o destino de uma cidade.	85	YES
ACH_1024	SURVIVAL	Sobrevivente.	Passe por uma semana sem deixar Fome ou Sede chegar a zero.	75	NO
ACH_1025	WORLD	Conhecedor de Jorathen.	Visite Jorathen.	55	NO
ACH_1026	COMBAT	Caçador de Harpy.	Derrote 10 criaturas da espécie Harpy.	75	NO
ACH_1027	ROMANCE	Um sentimento confessado.	Alcance ROMANCE com um NPC adulto.	55	NO
ACH_1028	SOCIAL	Uma amizade nasceu.	Alcance o estágio AMIGO com um NPC.	85	NO
ACH_1029	COMBAT	Primeira vitória contra Beetle.	Derrote um Beetle.	20	NO
ACH_1030	WORLD	Conhecedor de Hallowspire.	Visite Hallowspire.	100	NO
ACH_1031	ACADEMY	Um dia de cada vez.	Conclua uma etapa acadêmica.	40	NO
ACH_1032	SOCIAL	Confiança conquistada.	Alcance o estágio PROXIMO com um NPC.	35	NO
ACH_1033	MAGIC	Página virada.	Aprenda um feitiço de nível 1.	45	NO
ACH_1034	CRAFT	Mestre da oficina.	Produza ou adquira Níquel Abissal.	85	NO
ACH_1035	EPILOGUE	Mesmo a derrota deixa uma história.	Registre um desfecho negativo no Prólogo.	90	YES
ACH_1036	SURVIVAL	Sobrevivente.	Passe por uma semana sem deixar Fome ou Sede chegar a zero.	25	NO
ACH_1037	SOCIAL	Confiança conquistada.	Alcance o estágio PROXIMO com um NPC.	80	NO
ACH_1038	SOCIAL	Uma amizade nasceu.	Alcance o estágio AMIGO com um NPC.	15	NO
ACH_1039	WORLD	Conhecedor de Hallowspire.	Visite Hallowspire.	60	NO
ACH_1040	SURVIVAL	Sobrevivente.	Passe por uma semana sem deixar Fome ou Sede chegar a zero.	45	NO
ACH_1041	SURVIVAL	Sobrevivente.	Passe por uma semana sem deixar Fome ou Sede chegar a zero.	100	NO
ACH_1042	SURVIVAL	Sobrevivente.	Passe por uma semana sem deixar Fome ou Sede chegar a zero.	20	NO
ACH_1043	EPILOGUE	Nome gravado na história.	Registre um desfecho heroico no Prólogo.	60	YES
ACH_1044	ROMANCE	Um sentimento confessado.	Alcance ROMANCE com um NPC adulto.	105	NO
ACH_1045	CRAFT	Mestre da oficina.	Produza ou adquira Água de café de viajante.	30	NO
ACH_1046	COMBAT	Caçador de Bat.	Derrote 50 criaturas da espécie Bat.	35	NO
ACH_1047	SURVIVAL	Sobrevivente.	Passe por uma semana sem deixar Fome ou Sede chegar a zero.	90	NO
ACH_1048	SURVIVAL	Sobrevivente.	Passe por uma semana sem deixar Fome ou Sede chegar a zero.	70	NO
ACH_1049	WORLD	Conhecedor de Sylthar.	Visite Sylthar.	15	NO
ACH_1050	COMBAT	Primeira vitória contra Basilisk.	Derrote um Basilisk.	70	NO
ACH_1051	EPILOGUE	Nome gravado na história.	Registre um desfecho heroico no Prólogo.	85	YES
ACH_1052	EPILOGUE	Nome gravado na história.	Registre um desfecho heroico no Prólogo.	95	YES
ACH_1053	WORLD	Conhecedor de Stormhaven.	Visite Stormhaven.	50	NO
ACH_1054	SURVIVAL	Sobrevivente.	Passe por uma semana sem deixar Fome ou Sede chegar a zero.	75	NO
ACH_1055	SOCIAL	Uma amizade nasceu.	Alcance o estágio AMIGO com um NPC.	55	NO
ACH_1056	COMBAT	Primeira vitória contra Beetle.	Derrote um Beetle.	30	NO
ACH_1057	MAGIC	Página virada.	Aprenda um feitiço de nível 8.	25	NO
ACH_1058	MAGIC	Página virada.	Aprenda um feitiço de nível 1.	65	NO
ACH_1059	EPILOGUE	A cidade se lembra.	Conclua um acontecimento que altere o destino de uma cidade.	95	YES
ACH_1060	DISCOVERY	Segredo encontrado.	Descubra Arena de Zephyrholt.	20	NO
ACH_1061	GUILD	Nome na Guilda.	Alcance o rank D da Guilda.	25	NO
ACH_1062	SOCIAL	Uma amizade nasceu.	Alcance o estágio AMIGO com um NPC.	25	NO
ACH_1063	ACADEMY	Veterano de Valdora.	Conclua um ano da Academia.	40	NO
ACH_1064	SOCIAL	Confiança conquistada.	Alcance o estágio PROXIMO com um NPC.	70	NO
ACH_1065	WORLD	Conhecedor de Highspire.	Visite Highspire.	80	NO
ACH_1066	SURVIVAL	Sobrevivente.	Passe por uma semana sem deixar Fome ou Sede chegar a zero.	65	NO
ACH_1067	ROMANCE	Um sentimento confessado.	Alcance ROMANCE com um NPC adulto.	35	NO
ACH_1068	GUILD	Nome na Guilda.	Alcance o rank B da Guilda.	65	NO
ACH_1069	ROMANCE	Um sentimento confessado.	Alcance ROMANCE com um NPC adulto.	20	NO
ACH_1070	CRAFT	Mestre da oficina.	Produza ou adquira Chrome Great Sword.	60	NO
ACH_1071	EPILOGUE	Nome gravado na história.	Registre um desfecho heroico no Prólogo.	15	YES
ACH_1072	SOCIAL	Uma amizade nasceu.	Alcance o estágio AMIGO com um NPC.	15	NO
ACH_1073	CRAFT	Mestre da oficina.	Produza ou adquira Pele de urso mágico.	105	NO
ACH_1074	SURVIVAL	Sobrevivente.	Passe por uma semana sem deixar Fome ou Sede chegar a zero.	90	NO
ACH_1075	ROMANCE	Um sentimento confessado.	Alcance ROMANCE com um NPC adulto.	20	NO
ACH_1076	WORLD	Conhecedor de Blackmere.	Visite Blackmere.	35	NO
ACH_1077	SURVIVAL	Sobrevivente.	Passe por uma semana sem deixar Fome ou Sede chegar a zero.	70	NO
ACH_1078	EPILOGUE	A cidade se lembra.	Conclua um acontecimento que altere o destino de uma cidade.	45	YES
ACH_1079	EPILOGUE	Nome gravado na história.	Registre um desfecho heroico no Prólogo.	90	YES
ACH_1080	COMBAT	Caçador de Wolf.	Derrote 5 criaturas da espécie Wolf.	15	NO
ACH_1081	WORLD	Conhecedor de Eldrath.	Visite Eldrath.	85	NO
ACH_1082	EPILOGUE	A cidade se lembra.	Conclua um acontecimento que altere o destino de uma cidade.	15	YES
ACH_1083	SOCIAL	Confiança conquistada.	Alcance o estágio PROXIMO com um NPC.	70	NO
ACH_1084	EPILOGUE	Nome gravado na história.	Registre um desfecho heroico no Prólogo.	20	YES
ACH_1085	COMBAT	Caçador de Serpent.	Derrote 50 criaturas da espécie Serpent.	45	NO
ACH_1086	EPILOGUE	Mesmo a derrota deixa uma história.	Registre um desfecho negativo no Prólogo.	95	YES
ACH_1087	COMBAT	Primeira vitória contra Goblin.	Derrote um Goblin.	80	NO
ACH_1088	ACADEMY	Veterano de Valdora.	Conclua um ano da Academia.	35	NO
ACH_1089	WORLD	Conhecedor de Norhaven.	Visite Norhaven.	70	NO
ACH_1090	EPILOGUE	Nome gravado na história.	Registre um desfecho heroico no Prólogo.	40	YES
ACH_1091	CRAFT	Mestre da oficina.	Produza ou adquira Barril de viagem.	55	NO
ACH_1092	DISCOVERY	Segredo encontrado.	Descubra Loja de Hallowspire.	60	NO
ACH_1093	WORLD	Conhecedor de Zephyrholt.	Visite Zephyrholt.	90	NO
ACH_1094	SOCIAL	Confiança conquistada.	Alcance o estágio PROXIMO com um NPC.	70	NO
ACH_1095	CRAFT	Mestre da oficina.	Produza ou adquira Espada de Fogo leve.	95	NO
ACH_1096	EPILOGUE	A cidade se lembra.	Conclua um acontecimento que altere o destino de uma cidade.	30	YES
ACH_1097	SOCIAL	Uma amizade nasceu.	Alcance o estágio AMIGO com um NPC.	45	NO
ACH_1098	MAGIC	Página virada.	Aprenda um feitiço de nível 4.	80	NO
ACH_1099	SOCIAL	Confiança conquistada.	Alcance o estágio PROXIMO com um NPC.	35	NO
ACH_1100	MAGIC	Página virada.	Aprenda um feitiço de nível 1.	25	NO
ACH_1101	CRAFT	Mestre da oficina.	Produza ou adquira Água de pera aromática.	75	NO
ACH_1102	SOCIAL	Confiança conquistada.	Alcance o estágio PROXIMO com um NPC.	60	NO
ACH_1103	COMBAT	Primeira vitória contra Roc.	Derrote um Roc.	25	NO
ACH_1104	COMBAT	Caçador de Leviathan.	Derrote 5 criaturas da espécie Leviathan.	50	NO
ACH_1105	SOCIAL	Uma amizade nasceu.	Alcance o estágio AMIGO com um NPC.	30	NO
ACH_1106	DISCOVERY	Segredo encontrado.	Descubra Posto da Guarda de Greystone.	65	NO
ACH_1107	GUILD	Nome na Guilda.	Alcance o rank Z da Guilda.	40	NO
ACH_1108	COMBAT	Primeira vitória contra Basilisk.	Derrote um Basilisk.	95	NO
ACH_1109	WORLD	Conhecedor de Norhaven.	Visite Norhaven.	25	NO
ACH_1110	SURVIVAL	Sobrevivente.	Passe por uma semana sem deixar Fome ou Sede chegar a zero.	55	NO
ACH_1111	MAGIC	Página virada.	Aprenda um feitiço de nível 2.	90	NO
ACH_1112	GUILD	Nome na Guilda.	Alcance o rank E da Guilda.	70	NO
ACH_1113	ACADEMY	Um dia de cada vez.	Conclua uma etapa acadêmica.	60	NO
ACH_1114	EPILOGUE	Mesmo a derrota deixa uma história.	Registre um desfecho negativo no Prólogo.	50	YES
ACH_1115	EPILOGUE	A cidade se lembra.	Conclua um acontecimento que altere o destino de uma cidade.	60	YES
ACH_1116	WORLD	Conhecedor de Ironvale.	Visite Ironvale.	65	NO
ACH_1117	SOCIAL	Uma amizade nasceu.	Alcance o estágio AMIGO com um NPC.	50	NO
ACH_1118	EPILOGUE	A cidade se lembra.	Conclua um acontecimento que altere o destino de uma cidade.	45	YES
ACH_1119	SOCIAL	Confiança conquistada.	Alcance o estágio PROXIMO com um NPC.	55	NO
ACH_1120	EPILOGUE	Mesmo a derrota deixa uma história.	Registre um desfecho negativo no Prólogo.	95	YES
ACH_1121	CRAFT	Mestre da oficina.	Produza ou adquira Água de mel concentrada.	40	NO
ACH_1122	CRAFT	Mestre da oficina.	Produza ou adquira Espada de Elyth do vendaval.	60	NO
ACH_1123	EPILOGUE	Nome gravado na história.	Registre um desfecho heroico no Prólogo.	95	YES
ACH_1124	EPILOGUE	Mesmo a derrota deixa uma história.	Registre um desfecho negativo no Prólogo.	50	YES
ACH_1125	EPILOGUE	Mesmo a derrota deixa uma história.	Registre um desfecho negativo no Prólogo.	55	YES
ACH_1126	EPILOGUE	Mesmo a derrota deixa uma história.	Registre um desfecho negativo no Prólogo.	85	YES
ACH_1127	GUILD	Nome na Guilda.	Alcance o rank S da Guilda.	70	NO
ACH_1128	ACADEMY	Veterano de Valdora.	Conclua um ano da Academia.	105	NO
ACH_1129	COMBAT	Primeira vitória contra Wolf.	Derrote um Wolf.	95	NO
ACH_1130	CRAFT	Mestre da oficina.	Produza ou adquira Espada do Mercador do vendaval.	70	NO
ACH_1131	SOCIAL	Uma amizade nasceu.	Alcance o estágio AMIGO com um NPC.	25	NO
ACH_1132	EPILOGUE	Mesmo a derrota deixa uma história.	Registre um desfecho negativo no Prólogo.	80	YES
ACH_1133	CRAFT	Mestre da oficina.	Produza ou adquira Aço Wootz Lavado.	70	NO
ACH_1134	ACADEMY	Veterano de Valdora.	Conclua um ano da Academia.	45	NO
ACH_1135	ROMANCE	Um sentimento confessado.	Alcance ROMANCE com um NPC adulto.	60	NO
ACH_1136	SOCIAL	Confiança conquistada.	Alcance o estágio PROXIMO com um NPC.	35	NO
ACH_1137	SOCIAL	Confiança conquistada.	Alcance o estágio PROXIMO com um NPC.	40	NO
ACH_1138	ROMANCE	Um sentimento confessado.	Alcance ROMANCE com um NPC adulto.	55	NO
ACH_1139	COMBAT	Caçador de Beetle.	Derrote 10 criaturas da espécie Beetle.	85	NO
ACH_1140	EPILOGUE	Nome gravado na história.	Registre um desfecho heroico no Prólogo.	50	YES
ACH_1141	SOCIAL	Uma amizade nasceu.	Alcance o estágio AMIGO com um NPC.	40	NO
ACH_1142	GUILD	Nome na Guilda.	Alcance o rank B da Guilda.	95	NO
ACH_1143	ROMANCE	Um sentimento confessado.	Alcance ROMANCE com um NPC adulto.	65	NO
ACH_1144	SOCIAL	Confiança conquistada.	Alcance o estágio PROXIMO com um NPC.	60	NO
ACH_1145	SURVIVAL	Sobrevivente.	Passe por uma semana sem deixar Fome ou Sede chegar a zero.	100	NO
ACH_1146	EPILOGUE	A cidade se lembra.	Conclua um acontecimento que altere o destino de uma cidade.	40	YES
ACH_1147	GUILD	Nome na Guilda.	Alcance o rank E da Guilda.	105	NO
ACH_1148	EPILOGUE	Nome gravado na história.	Registre um desfecho heroico no Prólogo.	100	YES
ACH_1149	DISCOVERY	Segredo encontrado.	Descubra Casa de Oathmere.	60	NO
ACH_1150	ACADEMY	Veterano de Valdora.	Conclua um ano da Academia.	50	NO
ACH_1151	SOCIAL	Confiança conquistada.	Alcance o estágio PROXIMO com um NPC.	45	NO
ACH_1152	DISCOVERY	Segredo encontrado.	Descubra Loja de Highspire.	40	NO
ACH_1153	EPILOGUE	Nome gravado na história.	Registre um desfecho heroico no Prólogo.	95	YES
ACH_1154	EPILOGUE	A cidade se lembra.	Conclua um acontecimento que altere o destino de uma cidade.	25	YES
ACH_1155	COMBAT	Primeira vitória contra Angel.	Derrote um Angel.	35	NO
ACH_1156	SURVIVAL	Sobrevivente.	Passe por uma semana sem deixar Fome ou Sede chegar a zero.	105	NO
ACH_1157	ACADEMY	Veterano de Valdora.	Conclua um ano da Academia.	30	NO
ACH_1158	EPILOGUE	A cidade se lembra.	Conclua um acontecimento que altere o destino de uma cidade.	15	YES
ACH_1159	COMBAT	Primeira vitória contra Angel.	Derrote um Angel.	40	NO
ACH_1160	COMBAT	Caçador de Sprite.	Derrote 10 criaturas da espécie Sprite.	65	NO
ACH_1161	ACADEMY	Veterano de Valdora.	Conclua um ano da Academia.	45	NO
ACH_1162	MAGIC	Página virada.	Aprenda um feitiço de nível 2.	30	NO
ACH_1163	EPILOGUE	A cidade se lembra.	Conclua um acontecimento que altere o destino de uma cidade.	65	YES
ACH_1164	SOCIAL	Confiança conquistada.	Alcance o estágio PROXIMO com um NPC.	75	NO
ACH_1165	COMBAT	Primeira vitória contra Demon.	Derrote um Demon.	50	NO
ACH_1166	EPILOGUE	Mesmo a derrota deixa uma história.	Registre um desfecho negativo no Prólogo.	50	YES
ACH_1167	SURVIVAL	Sobrevivente.	Passe por uma semana sem deixar Fome ou Sede chegar a zero.	45	NO
ACH_1168	EPILOGUE	A cidade se lembra.	Conclua um acontecimento que altere o destino de uma cidade.	45	YES
ACH_1169	SOCIAL	Confiança conquistada.	Alcance o estágio PROXIMO com um NPC.	45	NO
ACH_1170	SURVIVAL	Sobrevivente.	Passe por uma semana sem deixar Fome ou Sede chegar a zero.	70	NO
ACH_1171	COMBAT	Primeira vitória contra Minotaur.	Derrote um Minotaur.	70	NO
ACH_1172	DISCOVERY	Segredo encontrado.	Descubra Casa de Mistvale.	50	NO
ACH_1173	DISCOVERY	Segredo encontrado.	Descubra Feira de Runedral.	25	NO
ACH_1174	ACADEMY	Um dia de cada vez.	Conclua uma etapa acadêmica.	20	NO
ACH_1175	ACADEMY	Veterano de Valdora.	Conclua um ano da Academia.	60	NO
ACH_1176	ACADEMY	Veterano de Valdora.	Conclua um ano da Academia.	90	NO
ACH_1177	MAGIC	Página virada.	Aprenda um feitiço de nível 9.	60	NO
ACH_1178	EPILOGUE	Mesmo a derrota deixa uma história.	Registre um desfecho negativo no Prólogo.	40	YES
ACH_1179	CRAFT	Mestre da oficina.	Produza ou adquira Sword of Shaman.	50	NO
ACH_1180	SOCIAL	Confiança conquistada.	Alcance o estágio PROXIMO com um NPC.	105	NO
ACH_1181	ACADEMY	Um dia de cada vez.	Conclua uma etapa acadêmica.	40	NO
ACH_1182	SOCIAL	Uma amizade nasceu.	Alcance o estágio AMIGO com um NPC.	45	NO
ACH_1183	MAGIC	Página virada.	Aprenda um feitiço de nível 2.	80	NO
ACH_1184	EPILOGUE	A cidade se lembra.	Conclua um acontecimento que altere o destino de uma cidade.	100	YES
ACH_1185	EPILOGUE	Nome gravado na história.	Registre um desfecho heroico no Prólogo.	95	YES
ACH_1186	EPILOGUE	Nome gravado na história.	Registre um desfecho heroico no Prólogo.	80	YES
ACH_1187	MAGIC	Página virada.	Aprenda um feitiço de nível 9.	15	NO
ACH_1188	ROMANCE	Um sentimento confessado.	Alcance ROMANCE com um NPC adulto.	90	NO
ACH_1189	EPILOGUE	Mesmo a derrota deixa uma história.	Registre um desfecho negativo no Prólogo.	80	YES
ACH_1190	GUILD	Nome na Guilda.	Alcance o rank Z da Guilda.	105	NO
ACH_1191	ACADEMY	Veterano de Valdora.	Conclua um ano da Academia.	65	NO
ACH_1192	SOCIAL	Confiança conquistada.	Alcance o estágio PROXIMO com um NPC.	25	NO
ACH_1193	EPILOGUE	Mesmo a derrota deixa uma história.	Registre um desfecho negativo no Prólogo.	15	YES
ACH_1194	SOCIAL	Uma amizade nasceu.	Alcance o estágio AMIGO com um NPC.	65	NO
ACH_1195	ROMANCE	Um sentimento confessado.	Alcance ROMANCE com um NPC adulto.	50	NO
ACH_1196	COMBAT	Caçador de Salamander.	Derrote 25 criaturas da espécie Salamander.	85	NO
ACH_1197	CRAFT	Mestre da oficina.	Produza ou adquira Pão de camarão temperado.	40	NO
ACH_1198	SURVIVAL	Sobrevivente.	Passe por uma semana sem deixar Fome ou Sede chegar a zero.	85	NO
ACH_1199	MAGIC	Página virada.	Aprenda um feitiço de nível 9.	30	NO
ACH_1200	MAGIC	Página virada.	Aprenda um feitiço de nível 8.	55	NO
ACH_1201	SURVIVAL	Sobrevivente.	Passe por uma semana sem deixar Fome ou Sede chegar a zero.	85	NO
ACH_1202	SOCIAL	Confiança conquistada.	Alcance o estágio PROXIMO com um NPC.	55	NO
ACH_1203	EPILOGUE	Mesmo a derrota deixa uma história.	Registre um desfecho negativo no Prólogo.	105	YES
ACH_1204	EPILOGUE	Mesmo a derrota deixa uma história.	Registre um desfecho negativo no Prólogo.	65	YES
ACH_1205	EPILOGUE	A cidade se lembra.	Conclua um acontecimento que altere o destino de uma cidade.	90	YES
ACH_1206	CRAFT	Mestre da oficina.	Produza ou adquira Runa de Fogo selado.	80	NO
ACH_1207	COMBAT	Caçador de Nightmare.	Derrote 3 criaturas da espécie Nightmare.	70	NO
ACH_1208	SOCIAL	Uma amizade nasceu.	Alcance o estágio AMIGO com um NPC.	90	NO
ACH_1209	GUILD	Nome na Guilda.	Alcance o rank S da Guilda.	30	NO
ACH_1210	CRAFT	Mestre da oficina.	Produza ou adquira Espada da Floresta simples.	90	NO
ACH_1211	EPILOGUE	Nome gravado na história.	Registre um desfecho heroico no Prólogo.	95	YES
ACH_1212	EPILOGUE	Nome gravado na história.	Registre um desfecho heroico no Prólogo.	80	YES
ACH_1213	EPILOGUE	Mesmo a derrota deixa uma história.	Registre um desfecho negativo no Prólogo.	80	YES
ACH_1214	COMBAT	Caçador de Troll.	Derrote 3 criaturas da espécie Troll.	30	NO
ACH_1215	ACADEMY	Um dia de cada vez.	Conclua uma etapa acadêmica.	40	NO
ACH_1216	COMBAT	Caçador de Direhound.	Derrote 3 criaturas da espécie Direhound.	40	NO
ACH_1217	ROMANCE	Um sentimento confessado.	Alcance ROMANCE com um NPC adulto.	60	NO
ACH_1218	WORLD	Conhecedor de Oathmere.	Visite Oathmere.	95	NO
ACH_1219	EPILOGUE	A cidade se lembra.	Conclua um acontecimento que altere o destino de uma cidade.	80	YES
ACH_1220	EPILOGUE	Mesmo a derrota deixa uma história.	Registre um desfecho negativo no Prólogo.	50	YES
ACH_1221	GUILD	Nome na Guilda.	Alcance o rank C da Guilda.	45	NO
ACH_1222	GUILD	Nome na Guilda.	Alcance o rank Z da Guilda.	50	NO
ACH_1223	EPILOGUE	Mesmo a derrota deixa uma história.	Registre um desfecho negativo no Prólogo.	75	YES
ACH_1224	DISCOVERY	Segredo encontrado.	Descubra Academia de Rivenholt.	20	NO
ACH_1225	WORLD	Conhecedor de Tindralith.	Visite Tindralith.	25	NO
ACH_1226	DISCOVERY	Segredo encontrado.	Descubra Casa de Xandralor.	55	NO
ACH_1227	GUILD	Nome na Guilda.	Alcance o rank C da Guilda.	60	NO
ACH_1228	COMBAT	Primeira vitória contra Treant.	Derrote um Treant.	70	NO
ACH_1229	COMBAT	Primeira vitória contra Beetle.	Derrote um Beetle.	55	NO
ACH_1230	MAGIC	Página virada.	Aprenda um feitiço de nível 6.	35	NO
ACH_1231	EPILOGUE	A cidade se lembra.	Conclua um acontecimento que altere o destino de uma cidade.	80	YES
ACH_1232	ACADEMY	Um dia de cada vez.	Conclua uma etapa acadêmica.	85	NO
ACH_1233	EPILOGUE	Mesmo a derrota deixa uma história.	Registre um desfecho negativo no Prólogo.	65	YES
ACH_1234	DISCOVERY	Segredo encontrado.	Descubra Dungeon de Pyrelith.	50	NO
ACH_1235	COMBAT	Caçador de Goblin.	Derrote 25 criaturas da espécie Goblin.	85	NO
ACH_1236	SOCIAL	Uma amizade nasceu.	Alcance o estágio AMIGO com um NPC.	55	NO
ACH_1237	COMBAT	Primeira vitória contra Elemental.	Derrote um Elemental.	30	NO
ACH_1238	COMBAT	Primeira vitória contra Spider.	Derrote um Spider.	90	NO
ACH_1239	ROMANCE	Um sentimento confessado.	Alcance ROMANCE com um NPC adulto.	100	NO
ACH_1240	SOCIAL	Confiança conquistada.	Alcance o estágio PROXIMO com um NPC.	30	NO
ACH_1241	SOCIAL	Uma amizade nasceu.	Alcance o estágio AMIGO com um NPC.	55	NO
ACH_1242	DISCOVERY	Segredo encontrado.	Descubra Ferraria de Windralith.	70	NO
ACH_1243	SOCIAL	Uma amizade nasceu.	Alcance o estágio AMIGO com um NPC.	95	NO
ACH_1244	ACADEMY	Um dia de cada vez.	Conclua uma etapa acadêmica.	85	NO
ACH_1245	WORLD	Conhecedor de Runedral.	Visite Runedral.	25	NO
ACH_1246	EPILOGUE	A cidade se lembra.	Conclua um acontecimento que altere o destino de uma cidade.	65	YES
ACH_1247	ACADEMY	Veterano de Valdora.	Conclua um ano da Academia.	85	NO
ACH_1248	SOCIAL	Confiança conquistada.	Alcance o estágio PROXIMO com um NPC.	105	NO
ACH_1249	CRAFT	Mestre da oficina.	Produza ou adquira Armadura de Trovão do viajante.	75	NO
ACH_1250	CRAFT	Mestre da oficina.	Produza ou adquira Rubi Abissal.	100	NO
ACH_1251	COMBAT	Primeira vitória contra Lynx.	Derrote um Lynx.	105	NO
ACH_1252	EPILOGUE	A cidade se lembra.	Conclua um acontecimento que altere o destino de uma cidade.	60	YES
ACH_1253	EPILOGUE	A cidade se lembra.	Conclua um acontecimento que altere o destino de uma cidade.	95	YES
ACH_1254	MAGIC	Página virada.	Aprenda um feitiço de nível 5.	70	NO
ACH_1255	CRAFT	Mestre da oficina.	Produza ou adquira Runa de Invocação adormecido.	60	NO
ACH_1256	ACADEMY	Um dia de cada vez.	Conclua uma etapa acadêmica.	25	NO
ACH_1257	ROMANCE	Um sentimento confessado.	Alcance ROMANCE com um NPC adulto.	15	NO
ACH_1258	SURVIVAL	Sobrevivente.	Passe por uma semana sem deixar Fome ou Sede chegar a zero.	90	NO
ACH_1259	DISCOVERY	Segredo encontrado.	Descubra Santuário de Drakensport.	55	NO
ACH_1260	DISCOVERY	Segredo encontrado.	Descubra Biblioteca de Duskmere.	65	NO
ACH_1261	WORLD	Conhecedor de Mistvale.	Visite Mistvale.	90	NO
ACH_1262	CRAFT	Mestre da oficina.	Produza ou adquira Flor de Jorwyn cristalizada.	70	NO
ACH_1263	SOCIAL	Uma amizade nasceu.	Alcance o estágio AMIGO com um NPC.	90	NO
ACH_1264	MAGIC	Página virada.	Aprenda um feitiço de nível 6.	35	NO
ACH_1265	MAGIC	Página virada.	Aprenda um feitiço de nível 6.	20	NO
ACH_1266	COMBAT	Primeira vitória contra Angel.	Derrote um Angel.	85	NO
ACH_1267	GUILD	Nome na Guilda.	Alcance o rank B da Guilda.	80	NO
ACH_1268	SURVIVAL	Sobrevivente.	Passe por uma semana sem deixar Fome ou Sede chegar a zero.	80	NO
ACH_1269	EPILOGUE	Mesmo a derrota deixa uma história.	Registre um desfecho negativo no Prólogo.	85	YES
ACH_1270	CRAFT	Mestre da oficina.	Produza ou adquira Argila fina.	65	NO
ACH_1271	ROMANCE	Um sentimento confessado.	Alcance ROMANCE com um NPC adulto.	105	NO
ACH_1272	CRAFT	Mestre da oficina.	Produza ou adquira Pele de cabra tranquilizante.	30	NO
ACH_1273	EPILOGUE	Mesmo a derrota deixa uma história.	Registre um desfecho negativo no Prólogo.	80	YES
ACH_1274	CRAFT	Mestre da oficina.	Produza ou adquira Água de gengibre defumada.	60	NO
ACH_1275	DISCOVERY	Segredo encontrado.	Descubra Torre de Magos de Tindralith.	65	NO
ACH_1276	GUILD	Nome na Guilda.	Alcance o rank Z da Guilda.	75	NO
ACH_1277	CRAFT	Mestre da oficina.	Produza ou adquira Espada de Elyth ancestral.	80	NO
ACH_1278	DISCOVERY	Segredo encontrado.	Descubra Academia de Oathmere.	35	NO
ACH_1279	EPILOGUE	A cidade se lembra.	Conclua um acontecimento que altere o destino de uma cidade.	25	YES
ACH_1280	COMBAT	Primeira vitória contra Wyrm.	Derrote um Wyrm.	50	NO
ACH_1281	ACADEMY	Um dia de cada vez.	Conclua uma etapa acadêmica.	70	NO
ACH_1282	ROMANCE	Um sentimento confessado.	Alcance ROMANCE com um NPC adulto.	95	NO
ACH_1283	ACADEMY	Um dia de cada vez.	Conclua uma etapa acadêmica.	90	NO
ACH_1284	ROMANCE	Um sentimento confessado.	Alcance ROMANCE com um NPC adulto.	15	NO
ACH_1285	MAGIC	Página virada.	Aprenda um feitiço de nível 6.	70	NO
ACH_1286	MAGIC	Página virada.	Aprenda um feitiço de nível 5.	40	NO
ACH_1287	ROMANCE	Um sentimento confessado.	Alcance ROMANCE com um NPC adulto.	15	NO
ACH_1288	SOCIAL	Uma amizade nasceu.	Alcance o estágio AMIGO com um NPC.	35	NO
ACH_1289	MAGIC	Página virada.	Aprenda um feitiço de nível 7.	30	NO
ACH_1290	EPILOGUE	Nome gravado na história.	Registre um desfecho heroico no Prólogo.	90	YES
ACH_1291	SOCIAL	Uma amizade nasceu.	Alcance o estágio AMIGO com um NPC.	40	NO
ACH_1292	EPILOGUE	A cidade se lembra.	Conclua um acontecimento que altere o destino de uma cidade.	75	YES
ACH_1293	COMBAT	Caçador de Rat.	Derrote 5 criaturas da espécie Rat.	15	NO
ACH_1294	DISCOVERY	Segredo encontrado.	Descubra Feira de Drakensport.	80	NO
ACH_1295	EPILOGUE	Nome gravado na história.	Registre um desfecho heroico no Prólogo.	25	YES
ACH_1296	WORLD	Conhecedor de Lorwynne.	Visite Lorwynne.	40	NO
ACH_1297	ACADEMY	Um dia de cada vez.	Conclua uma etapa acadêmica.	85	NO
ACH_1298	ACADEMY	Um dia de cada vez.	Conclua uma etapa acadêmica.	90	NO
ACH_1299	EPILOGUE	Nome gravado na história.	Registre um desfecho heroico no Prólogo.	100	YES
ACH_1300	ACADEMY	Veterano de Valdora.	Conclua um ano da Academia.	50	NO
ACH_1301	DISCOVERY	Segredo encontrado.	Descubra Posto da Guarda de Eldrath.	35	NO
ACH_1302	EPILOGUE	Nome gravado na história.	Registre um desfecho heroico no Prólogo.	50	YES
ACH_1303	EPILOGUE	Nome gravado na história.	Registre um desfecho heroico no Prólogo.	85	YES
ACH_1304	GUILD	Nome na Guilda.	Alcance o rank C da Guilda.	85	NO
ACH_1305	EPILOGUE	Nome gravado na história.	Registre um desfecho heroico no Prólogo.	35	YES
ACH_1306	EPILOGUE	Nome gravado na história.	Registre um desfecho heroico no Prólogo.	40	YES
ACH_1307	MAGIC	Página virada.	Aprenda um feitiço de nível 4.	100	NO
ACH_1308	MAGIC	Página virada.	Aprenda um feitiço de nível 8.	80	NO
ACH_1309	EPILOGUE	Mesmo a derrota deixa uma história.	Registre um desfecho negativo no Prólogo.	35	YES
ACH_1310	MAGIC	Página virada.	Aprenda um feitiço de nível 5.	65	NO
ACH_1311	EPILOGUE	A cidade se lembra.	Conclua um acontecimento que altere o destino de uma cidade.	70	YES
ACH_1312	COMBAT	Caçador de Wyrm.	Derrote 10 criaturas da espécie Wyrm.	45	NO
ACH_1313	MAGIC	Página virada.	Aprenda um feitiço de nível 10.	95	NO
ACH_1314	ROMANCE	Um sentimento confessado.	Alcance ROMANCE com um NPC adulto.	65	NO
ACH_1315	CRAFT	Mestre da oficina.	Produza ou adquira Oricalco Lavado.	25	NO
ACH_1316	SURVIVAL	Sobrevivente.	Passe por uma semana sem deixar Fome ou Sede chegar a zero.	25	NO
ACH_1317	WORLD	Conhecedor de Sylthar.	Visite Sylthar.	70	NO
ACH_1318	MAGIC	Página virada.	Aprenda um feitiço de nível 6.	15	NO
ACH_1319	EPILOGUE	Mesmo a derrota deixa uma história.	Registre um desfecho negativo no Prólogo.	80	YES
ACH_1320	ACADEMY	Um dia de cada vez.	Conclua uma etapa acadêmica.	100	NO
ACH_1321	SOCIAL	Confiança conquistada.	Alcance o estágio PROXIMO com um NPC.	30	NO
ACH_1322	SURVIVAL	Sobrevivente.	Passe por uma semana sem deixar Fome ou Sede chegar a zero.	70	NO
ACH_1323	EPILOGUE	Nome gravado na história.	Registre um desfecho heroico no Prólogo.	50	YES
ACH_1324	ROMANCE	Um sentimento confessado.	Alcance ROMANCE com um NPC adulto.	105	NO
ACH_1325	EPILOGUE	Mesmo a derrota deixa uma história.	Registre um desfecho negativo no Prólogo.	85	YES
ACH_1326	DISCOVERY	Segredo encontrado.	Descubra Cais de Oakmere.	70	NO
ACH_1327	EPILOGUE	Nome gravado na história.	Registre um desfecho heroico no Prólogo.	100	YES
ACH_1328	SURVIVAL	Sobrevivente.	Passe por uma semana sem deixar Fome ou Sede chegar a zero.	50	NO
ACH_1329	CRAFT	Mestre da oficina.	Produza ou adquira Box Jellyfish Pendant.	55	NO
ACH_1330	ACADEMY	Veterano de Valdora.	Conclua um ano da Academia.	95	NO
ACH_1331	EPILOGUE	A cidade se lembra.	Conclua um acontecimento que altere o destino de uma cidade.	20	YES
ACH_1332	CRAFT	Mestre da oficina.	Produza ou adquira Água de hortelã purificada.	25	NO
ACH_1333	MAGIC	Página virada.	Aprenda um feitiço de nível 5.	50	NO
ACH_1334	CRAFT	Mestre da oficina.	Produza ou adquira Martelo de cozinheiro.	80	NO
ACH_1335	COMBAT	Caçador de Slime.	Derrote 3 criaturas da espécie Slime.	55	NO
ACH_1336	COMBAT	Primeira vitória contra Unicorn.	Derrote um Unicorn.	15	NO
ACH_1337	SOCIAL	Uma amizade nasceu.	Alcance o estágio AMIGO com um NPC.	15	NO
ACH_1338	WORLD	Conhecedor de Aerocivitus.	Visite Aerocivitus.	45	NO
ACH_1339	CRAFT	Mestre da oficina.	Produza ou adquira Armadura de Lã do duelista.	65	NO
ACH_1340	WORLD	Conhecedor de Quenndral.	Visite Quenndral.	60	NO
ACH_1341	SURVIVAL	Sobrevivente.	Passe por uma semana sem deixar Fome ou Sede chegar a zero.	95	NO
ACH_1342	SOCIAL	Uma amizade nasceu.	Alcance o estágio AMIGO com um NPC.	40	NO
ACH_1343	COMBAT	Primeira vitória contra Dryad.	Derrote um Dryad.	85	NO
ACH_1344	ACADEMY	Veterano de Valdora.	Conclua um ano da Academia.	65	NO
ACH_1345	EPILOGUE	Nome gravado na história.	Registre um desfecho heroico no Prólogo.	65	YES
ACH_1346	GUILD	Nome na Guilda.	Alcance o rank B da Guilda.	70	NO
ACH_1347	COMBAT	Primeira vitória contra Crow.	Derrote um Crow.	95	NO
ACH_1348	COMBAT	Primeira vitória contra Treant.	Derrote um Treant.	45	NO
ACH_1349	WORLD	Conhecedor de Thornmere.	Visite Thornmere.	90	NO
ACH_1350	SOCIAL	Confiança conquistada.	Alcance o estágio PROXIMO com um NPC.	45	NO
ACH_1351	EPILOGUE	Nome gravado na história.	Registre um desfecho heroico no Prólogo.	95	YES
ACH_1352	CRAFT	Mestre da oficina.	Produza ou adquira Pão de lobo temperado.	105	NO
ACH_1353	EPILOGUE	Nome gravado na história.	Registre um desfecho heroico no Prólogo.	75	YES
ACH_1354	COMBAT	Primeira vitória contra Unicorn.	Derrote um Unicorn.	95	NO
ACH_1355	COMBAT	Caçador de Roc.	Derrote 25 criaturas da espécie Roc.	30	NO
ACH_1356	CRAFT	Mestre da oficina.	Produza ou adquira Água de fogo defumada.	30	NO
ACH_1357	SOCIAL	Uma amizade nasceu.	Alcance o estágio AMIGO com um NPC.	80	NO
ACH_1358	GUILD	Nome na Guilda.	Alcance o rank B da Guilda.	35	NO
ACH_1359	EPILOGUE	Nome gravado na história.	Registre um desfecho heroico no Prólogo.	20	YES
ACH_1360	ACADEMY	Veterano de Valdora.	Conclua um ano da Academia.	65	NO
ACH_1361	ACADEMY	Um dia de cada vez.	Conclua uma etapa acadêmica.	55	NO
ACH_1362	CRAFT	Mestre da oficina.	Produza ou adquira Pele de goblin raro.	20	NO
ACH_1363	SOCIAL	Confiança conquistada.	Alcance o estágio PROXIMO com um NPC.	30	NO
ACH_1364	EPILOGUE	A cidade se lembra.	Conclua um acontecimento que altere o destino de uma cidade.	50	YES
ACH_1365	ACADEMY	Um dia de cada vez.	Conclua uma etapa acadêmica.	80	NO
ACH_1366	SOCIAL	Confiança conquistada.	Alcance o estágio PROXIMO com um NPC.	55	NO
ACH_1367	EPILOGUE	A cidade se lembra.	Conclua um acontecimento que altere o destino de uma cidade.	70	YES
ACH_1368	MAGIC	Página virada.	Aprenda um feitiço de nível 9.	25	NO
ACH_1369	WORLD	Conhecedor de Oathmere.	Visite Oathmere.	40	NO
ACH_1370	ROMANCE	Um sentimento confessado.	Alcance ROMANCE com um NPC adulto.	45	NO
ACH_1371	EPILOGUE	Nome gravado na história.	Registre um desfecho heroico no Prólogo.	15	YES
ACH_1372	GUILD	Nome na Guilda.	Alcance o rank E da Guilda.	95	NO
ACH_1373	CRAFT	Mestre da oficina.	Produza ou adquira Pele de grifo comum.	65	NO
ACH_1374	ACADEMY	Um dia de cada vez.	Conclua uma etapa acadêmica.	90	NO
ACH_1375	COMBAT	Caçador de Rat.	Derrote 25 criaturas da espécie Rat.	90	NO
ACH_1376	ACADEMY	Veterano de Valdora.	Conclua um ano da Academia.	15	NO
ACH_1377	CRAFT	Mestre da oficina.	Produza ou adquira Platinum Staff.	100	NO
ACH_1378	COMBAT	Caçador de Stag.	Derrote 3 criaturas da espécie Stag.	40	NO
ACH_1379	SOCIAL	Confiança conquistada.	Alcance o estágio PROXIMO com um NPC.	15	NO
ACH_1380	COMBAT	Primeira vitória contra Angel.	Derrote um Angel.	70	NO
ACH_1381	ACADEMY	Veterano de Valdora.	Conclua um ano da Academia.	90	NO
ACH_1382	ACADEMY	Veterano de Valdora.	Conclua um ano da Academia.	45	NO
ACH_1383	EPILOGUE	A cidade se lembra.	Conclua um acontecimento que altere o destino de uma cidade.	95	YES
ACH_1384	GUILD	Nome na Guilda.	Alcance o rank S da Guilda.	100	NO
ACH_1385	GUILD	Nome na Guilda.	Alcance o rank A da Guilda.	45	NO
ACH_1386	EPILOGUE	Nome gravado na história.	Registre um desfecho heroico no Prólogo.	100	YES
ACH_1387	EPILOGUE	Nome gravado na história.	Registre um desfecho heroico no Prólogo.	20	YES
ACH_1388	ROMANCE	Um sentimento confessado.	Alcance ROMANCE com um NPC adulto.	105	NO
ACH_1389	EPILOGUE	Mesmo a derrota deixa uma história.	Registre um desfecho negativo no Prólogo.	15	YES
ACH_1390	EPILOGUE	A cidade se lembra.	Conclua um acontecimento que altere o destino de uma cidade.	30	YES
ACH_1391	EPILOGUE	Mesmo a derrota deixa uma história.	Registre um desfecho negativo no Prólogo.	70	YES
ACH_1392	ACADEMY	Veterano de Valdora.	Conclua um ano da Academia.	100	NO
ACH_1393	COMBAT	Primeira vitória contra Rat.	Derrote um Rat.	20	NO
ACH_1394	EPILOGUE	A cidade se lembra.	Conclua um acontecimento que altere o destino de uma cidade.	30	YES
ACH_1395	CRAFT	Mestre da oficina.	Produza ou adquira Pão de truta doce.	105	NO
ACH_1396	DISCOVERY	Segredo encontrado.	Descubra Templo de Quenndral.	105	NO
ACH_1397	EPILOGUE	A cidade se lembra.	Conclua um acontecimento que altere o destino de uma cidade.	95	YES
ACH_1398	WORLD	Conhecedor de Fornalia.	Visite Fornalia.	60	NO
ACH_1399	ACADEMY	Veterano de Valdora.	Conclua um ano da Academia.	35	NO
ACH_1400	EPILOGUE	A cidade se lembra.	Conclua um acontecimento que altere o destino de uma cidade.	70	YES
ACH_1401	GUILD	Nome na Guilda.	Alcance o rank F da Guilda.	25	NO
ACH_1402	EPILOGUE	Mesmo a derrota deixa uma história.	Registre um desfecho negativo no Prólogo.	55	YES
ACH_1403	ROMANCE	Um sentimento confessado.	Alcance ROMANCE com um NPC adulto.	15	NO
ACH_1404	SURVIVAL	Sobrevivente.	Passe por uma semana sem deixar Fome ou Sede chegar a zero.	80	NO
ACH_1405	SOCIAL	Uma amizade nasceu.	Alcance o estágio AMIGO com um NPC.	80	NO
ACH_1406	EPILOGUE	Nome gravado na história.	Registre um desfecho heroico no Prólogo.	75	YES
ACH_1407	COMBAT	Caçador de Wraith.	Derrote 3 criaturas da espécie Wraith.	85	NO
ACH_1408	EPILOGUE	A cidade se lembra.	Conclua um acontecimento que altere o destino de uma cidade.	70	YES
ACH_1409	EPILOGUE	Mesmo a derrota deixa uma história.	Registre um desfecho negativo no Prólogo.	105	YES
ACH_1410	GUILD	Nome na Guilda.	Alcance o rank A da Guilda.	75	NO
ACH_1411	ACADEMY	Veterano de Valdora.	Conclua um ano da Academia.	80	NO
ACH_1412	DISCOVERY	Segredo encontrado.	Descubra Taverna de Runedral.	105	NO
ACH_1413	MAGIC	Página virada.	Aprenda um feitiço de nível 3.	100	NO
ACH_1414	SOCIAL	Uma amizade nasceu.	Alcance o estágio AMIGO com um NPC.	45	NO
ACH_1415	CRAFT	Mestre da oficina.	Produza ou adquira Água de cevada quente.	60	NO
ACH_1416	DISCOVERY	Segredo encontrado.	Descubra Palácio de Zorathen.	60	NO
ACH_1417	CRAFT	Mestre da oficina.	Produza ou adquira Pão de marisco com queijo.	45	NO
ACH_1418	SURVIVAL	Sobrevivente.	Passe por uma semana sem deixar Fome ou Sede chegar a zero.	50	NO
ACH_1419	ACADEMY	Veterano de Valdora.	Conclua um ano da Academia.	85	NO
ACH_1420	EPILOGUE	Nome gravado na história.	Registre um desfecho heroico no Prólogo.	20	YES
ACH_1421	EPILOGUE	A cidade se lembra.	Conclua um acontecimento que altere o destino de uma cidade.	60	YES
ACH_1422	SOCIAL	Confiança conquistada.	Alcance o estágio PROXIMO com um NPC.	35	NO
ACH_1423	GUILD	Nome na Guilda.	Alcance o rank C da Guilda.	25	NO
ACH_1424	EPILOGUE	Nome gravado na história.	Registre um desfecho heroico no Prólogo.	65	YES
ACH_1425	SOCIAL	Uma amizade nasceu.	Alcance o estágio AMIGO com um NPC.	30	NO
ACH_1426	MAGIC	Página virada.	Aprenda um feitiço de nível 6.	90	NO
ACH_1427	SURVIVAL	Sobrevivente.	Passe por uma semana sem deixar Fome ou Sede chegar a zero.	20	NO
ACH_1428	CRAFT	Mestre da oficina.	Produza ou adquira Barro polida.	105	NO
ACH_1429	EPILOGUE	Nome gravado na história.	Registre um desfecho heroico no Prólogo.	100	YES
ACH_1430	COMBAT	Caçador de Hydra.	Derrote 25 criaturas da espécie Hydra.	100	NO
ACH_1431	COMBAT	Primeira vitória contra Treant.	Derrote um Treant.	15	NO
ACH_1432	COMBAT	Caçador de Hydra.	Derrote 5 criaturas da espécie Hydra.	40	NO
ACH_1433	SURVIVAL	Sobrevivente.	Passe por uma semana sem deixar Fome ou Sede chegar a zero.	85	NO
ACH_1434	ROMANCE	Um sentimento confessado.	Alcance ROMANCE com um NPC adulto.	60	NO
ACH_1435	GUILD	Nome na Guilda.	Alcance o rank D da Guilda.	15	NO
ACH_1436	EPILOGUE	A cidade se lembra.	Conclua um acontecimento que altere o destino de uma cidade.	75	YES
ACH_1437	ACADEMY	Um dia de cada vez.	Conclua uma etapa acadêmica.	85	NO
ACH_1438	GUILD	Nome na Guilda.	Alcance o rank E da Guilda.	20	NO
ACH_1439	EPILOGUE	Mesmo a derrota deixa uma história.	Registre um desfecho negativo no Prólogo.	65	YES
ACH_1440	WORLD	Conhecedor de Greystone.	Visite Greystone.	90	NO
ACH_1441	MAGIC	Página virada.	Aprenda um feitiço de nível 2.	50	NO
ACH_1442	ACADEMY	Um dia de cada vez.	Conclua uma etapa acadêmica.	70	NO
ACH_1443	WORLD	Conhecedor de Lunareth.	Visite Lunareth.	35	NO
ACH_1444	ACADEMY	Um dia de cada vez.	Conclua uma etapa acadêmica.	45	NO
ACH_1445	ACADEMY	Um dia de cada vez.	Conclua uma etapa acadêmica.	40	NO
ACH_1446	EPILOGUE	Nome gravado na história.	Registre um desfecho heroico no Prólogo.	25	YES
ACH_1447	SOCIAL	Uma amizade nasceu.	Alcance o estágio AMIGO com um NPC.	15	NO
ACH_1448	MAGIC	Página virada.	Aprenda um feitiço de nível 3.	30	NO
ACH_1449	ROMANCE	Um sentimento confessado.	Alcance ROMANCE com um NPC adulto.	60	NO
ACH_1450	CRAFT	Mestre da oficina.	Produza ou adquira Pele de salamandra tranquilizante.	30	NO
ACH_1451	DISCOVERY	Segredo encontrado.	Descubra Loja de Thornmere.	100	NO
ACH_1452	CRAFT	Mestre da oficina.	Produza ou adquira Armadura de Ouro do viajante.	50	NO
ACH_1453	SURVIVAL	Sobrevivente.	Passe por uma semana sem deixar Fome ou Sede chegar a zero.	65	NO
ACH_1454	COMBAT	Primeira vitória contra Wolf.	Derrote um Wolf.	15	NO
ACH_1455	MAGIC	Página virada.	Aprenda um feitiço de nível 7.	75	NO
ACH_1456	SOCIAL	Confiança conquistada.	Alcance o estágio PROXIMO com um NPC.	75	NO
ACH_1457	GUILD	Nome na Guilda.	Alcance o rank A da Guilda.	100	NO
ACH_1458	EPILOGUE	Nome gravado na história.	Registre um desfecho heroico no Prólogo.	20	YES
ACH_1459	GUILD	Nome na Guilda.	Alcance o rank Z da Guilda.	60	NO
ACH_1460	ACADEMY	Um dia de cada vez.	Conclua uma etapa acadêmica.	85	NO
ACH_1461	DISCOVERY	Segredo encontrado.	Descubra Arena de Feyndral.	65	NO
ACH_1462	GUILD	Nome na Guilda.	Alcance o rank S da Guilda.	95	NO
ACH_1463	CRAFT	Mestre da oficina.	Produza ou adquira Espada de Cobre serrilhada.	45	NO
ACH_1464	WORLD	Conhecedor de Jorwyn.	Visite Jorwyn.	85	NO
ACH_1465	SOCIAL	Confiança conquistada.	Alcance o estágio PROXIMO com um NPC.	40	NO
ACH_1466	COMBAT	Primeira vitória contra Angel.	Derrote um Angel.	55	NO
ACH_1467	EPILOGUE	A cidade se lembra.	Conclua um acontecimento que altere o destino de uma cidade.	50	YES
ACH_1468	ROMANCE	Um sentimento confessado.	Alcance ROMANCE com um NPC adulto.	55	NO
ACH_1469	GUILD	Nome na Guilda.	Alcance o rank C da Guilda.	15	NO
ACH_1470	ROMANCE	Um sentimento confessado.	Alcance ROMANCE com um NPC adulto.	25	NO
ACH_1471	SOCIAL	Uma amizade nasceu.	Alcance o estágio AMIGO com um NPC.	60	NO
ACH_1472	CRAFT	Mestre da oficina.	Produza ou adquira Runa de Luz desperto.	40	NO
ACH_1473	ACADEMY	Um dia de cada vez.	Conclua uma etapa acadêmica.	20	NO
ACH_1474	MAGIC	Página virada.	Aprenda um feitiço de nível 4.	30	NO
ACH_1475	MAGIC	Página virada.	Aprenda um feitiço de nível 2.	105	NO
ACH_1476	CRAFT	Mestre da oficina.	Produza ou adquira Água de uva aromática.	85	NO
ACH_1477	EPILOGUE	A cidade se lembra.	Conclua um acontecimento que altere o destino de uma cidade.	60	YES
ACH_1478	SURVIVAL	Sobrevivente.	Passe por uma semana sem deixar Fome ou Sede chegar a zero.	60	NO
ACH_1479	COMBAT	Primeira vitória contra Hydra.	Derrote um Hydra.	55	NO
ACH_1480	EPILOGUE	A cidade se lembra.	Conclua um acontecimento que altere o destino de uma cidade.	20	YES
ACH_1481	CRAFT	Mestre da oficina.	Produza ou adquira Ferro Estelar Lavado.	25	NO
ACH_1482	COMBAT	Primeira vitória contra Troll.	Derrote um Troll.	100	NO
ACH_1483	ROMANCE	Um sentimento confessado.	Alcance ROMANCE com um NPC adulto.	55	NO
ACH_1484	SOCIAL	Uma amizade nasceu.	Alcance o estágio AMIGO com um NPC.	40	NO
ACH_1485	WORLD	Conhecedor de Zephyrholt.	Visite Zephyrholt.	15	NO
ACH_1486	ACADEMY	Veterano de Valdora.	Conclua um ano da Academia.	85	NO
ACH_1487	GUILD	Nome na Guilda.	Alcance o rank D da Guilda.	15	NO
ACH_1488	ACADEMY	Veterano de Valdora.	Conclua um ano da Academia.	105	NO
ACH_1489	COMBAT	Primeira vitória contra Crow.	Derrote um Crow.	35	NO
ACH_1490	ROMANCE	Um sentimento confessado.	Alcance ROMANCE com um NPC adulto.	70	NO
ACH_1491	COMBAT	Caçador de Stag.	Derrote 50 criaturas da espécie Stag.	25	NO
ACH_1492	ACADEMY	Veterano de Valdora.	Conclua um ano da Academia.	95	NO
ACH_1493	CRAFT	Mestre da oficina.	Produza ou adquira Pão de frutas vermelhas com ervas.	105	NO
ACH_1494	CRAFT	Mestre da oficina.	Produza ou adquira Armadura de Escama do guarda.	30	NO
ACH_1495	CRAFT	Mestre da oficina.	Produza ou adquira Erva de Bruma moída.	65	NO
ACH_1496	ROMANCE	Um sentimento confessado.	Alcance ROMANCE com um NPC adulto.	60	NO
ACH_1497	COMBAT	Primeira vitória contra Treant.	Derrote um Treant.	25	NO
ACH_1498	SURVIVAL	Sobrevivente.	Passe por uma semana sem deixar Fome ou Sede chegar a zero.	20	NO
ACH_1499	SOCIAL	Uma amizade nasceu.	Alcance o estágio AMIGO com um NPC.	35	NO
ACH_1500	DISCOVERY	Segredo encontrado.	Descubra Cais de Crestwyn.	90	NO
ACH_1501	ACADEMY	Veterano de Valdora.	Conclua um ano da Academia.	75	NO
ACH_1502	SOCIAL	Uma amizade nasceu.	Alcance o estágio AMIGO com um NPC.	70	NO
ACH_1503	SURVIVAL	Sobrevivente.	Passe por uma semana sem deixar Fome ou Sede chegar a zero.	65	NO
ACH_1504	COMBAT	Primeira vitória contra Demon.	Derrote um Demon.	60	NO
ACH_1505	SURVIVAL	Sobrevivente.	Passe por uma semana sem deixar Fome ou Sede chegar a zero.	20	NO
ACH_1506	DISCOVERY	Segredo encontrado.	Descubra Posto da Guarda de Volmeria.	60	NO
ACH_1507	CRAFT	Mestre da oficina.	Produza ou adquira Espada do Kraken do vendaval.	75	NO
ACH_1508	MAGIC	Página virada.	Aprenda um feitiço de nível 9.	80	NO
ACH_1509	SURVIVAL	Sobrevivente.	Passe por uma semana sem deixar Fome ou Sede chegar a zero.	25	NO
ACH_1510	ACADEMY	Um dia de cada vez.	Conclua uma etapa acadêmica.	105	NO
ACH_1511	CRAFT	Mestre da oficina.	Produza ou adquira Cinzel de Valaryn.	95	NO
ACH_1512	COMBAT	Primeira vitória contra Toad.	Derrote um Toad.	100	NO
ACH_1513	WORLD	Conhecedor de Veyndaril.	Visite Veyndaril.	30	NO
ACH_1514	ACADEMY	Veterano de Valdora.	Conclua um ano da Academia.	75	NO
ACH_1515	CRAFT	Mestre da oficina.	Produza ou adquira Pele de cabra curtido.	105	NO
ACH_1516	EPILOGUE	A cidade se lembra.	Conclua um acontecimento que altere o destino de uma cidade.	55	YES
ACH_1517	ACADEMY	Um dia de cada vez.	Conclua uma etapa acadêmica.	100	NO
ACH_1518	MAGIC	Página virada.	Aprenda um feitiço de nível 6.	85	NO
ACH_1519	GUILD	Nome na Guilda.	Alcance o rank A da Guilda.	40	NO
ACH_1520	DISCOVERY	Segredo encontrado.	Descubra Palácio de Thornmere.	90	NO
ACH_1521	EPILOGUE	Mesmo a derrota deixa uma história.	Registre um desfecho negativo no Prólogo.	15	YES
ACH_1522	DISCOVERY	Segredo encontrado.	Descubra Local cultista de Sandbones.	60	NO
ACH_1523	ROMANCE	Um sentimento confessado.	Alcance ROMANCE com um NPC adulto.	25	NO
ACH_1524	SOCIAL	Confiança conquistada.	Alcance o estágio PROXIMO com um NPC.	55	NO
ACH_1525	COMBAT	Caçador de Mantis.	Derrote 5 criaturas da espécie Mantis.	40	NO
ACH_1526	SOCIAL	Confiança conquistada.	Alcance o estágio PROXIMO com um NPC.	85	NO
ACH_1527	MAGIC	Página virada.	Aprenda um feitiço de nível 2.	15	NO
ACH_1528	SURVIVAL	Sobrevivente.	Passe por uma semana sem deixar Fome ou Sede chegar a zero.	80	NO
ACH_1529	ACADEMY	Veterano de Valdora.	Conclua um ano da Academia.	60	NO
ACH_1530	EPILOGUE	A cidade se lembra.	Conclua um acontecimento que altere o destino de uma cidade.	40	YES
ACH_1531	COMBAT	Primeira vitória contra Djinn.	Derrote um Djinn.	55	NO
ACH_1532	SOCIAL	Uma amizade nasceu.	Alcance o estágio AMIGO com um NPC.	95	NO
ACH_1533	CRAFT	Mestre da oficina.	Produza ou adquira Barril de viagem.	85	NO
ACH_1534	COMBAT	Caçador de Treant.	Derrote 25 criaturas da espécie Treant.	80	NO
ACH_1535	COMBAT	Caçador de Demon.	Derrote 3 criaturas da espécie Demon.	15	NO
ACH_1536	SOCIAL	Confiança conquistada.	Alcance o estágio PROXIMO com um NPC.	100	NO
ACH_1537	EPILOGUE	A cidade se lembra.	Conclua um acontecimento que altere o destino de uma cidade.	55	YES
ACH_1538	GUILD	Nome na Guilda.	Alcance o rank F da Guilda.	65	NO
ACH_1539	ROMANCE	Um sentimento confessado.	Alcance ROMANCE com um NPC adulto.	75	NO
ACH_1540	EPILOGUE	Nome gravado na história.	Registre um desfecho heroico no Prólogo.	60	YES
ACH_1541	SURVIVAL	Sobrevivente.	Passe por uma semana sem deixar Fome ou Sede chegar a zero.	70	NO
ACH_1542	CRAFT	Mestre da oficina.	Produza ou adquira Cristal de Vento selado.	90	NO
ACH_1543	SOCIAL	Uma amizade nasceu.	Alcance o estágio AMIGO com um NPC.	60	NO
ACH_1544	CRAFT	Mestre da oficina.	Produza ou adquira Flor de Aurora fermentada.	45	NO
ACH_1545	CRAFT	Mestre da oficina.	Produza ou adquira Cabo de explorador.	65	NO
ACH_1546	ACADEMY	Veterano de Valdora.	Conclua um ano da Academia.	100	NO
ACH_1547	COMBAT	Primeira vitória contra Salamander.	Derrote um Salamander.	35	NO
ACH_1548	SURVIVAL	Sobrevivente.	Passe por uma semana sem deixar Fome ou Sede chegar a zero.	25	NO
ACH_1549	GUILD	Nome na Guilda.	Alcance o rank B da Guilda.	90	NO
ACH_1550	CRAFT	Mestre da oficina.	Produza ou adquira Armadura de Ouro do viajante.	80	NO
ACH_1551	GUILD	Nome na Guilda.	Alcance o rank A da Guilda.	65	NO
ACH_1552	SURVIVAL	Sobrevivente.	Passe por uma semana sem deixar Fome ou Sede chegar a zero.	100	NO
ACH_1553	EPILOGUE	Mesmo a derrota deixa uma história.	Registre um desfecho negativo no Prólogo.	80	YES
ACH_1554	EPILOGUE	Mesmo a derrota deixa uma história.	Registre um desfecho negativo no Prólogo.	80	YES
ACH_1555	SOCIAL	Confiança conquistada.	Alcance o estágio PROXIMO com um NPC.	25	NO
ACH_1556	ROMANCE	Um sentimento confessado.	Alcance ROMANCE com um NPC adulto.	55	NO
ACH_1557	ACADEMY	Um dia de cada vez.	Conclua uma etapa acadêmica.	105	NO
ACH_1558	GUILD	Nome na Guilda.	Alcance o rank C da Guilda.	105	NO
ACH_1559	DISCOVERY	Segredo encontrado.	Descubra Santuário de Caelwyn.	95	NO
ACH_1560	EPILOGUE	Mesmo a derrota deixa uma história.	Registre um desfecho negativo no Prólogo.	90	YES
ACH_1561	SOCIAL	Confiança conquistada.	Alcance o estágio PROXIMO com um NPC.	30	NO
ACH_1562	ROMANCE	Um sentimento confessado.	Alcance ROMANCE com um NPC adulto.	90	NO
ACH_1563	SOCIAL	Confiança conquistada.	Alcance o estágio PROXIMO com um NPC.	100	NO
ACH_1564	SOCIAL	Uma amizade nasceu.	Alcance o estágio AMIGO com um NPC.	30	NO
ACH_1565	WORLD	Conhecedor de Runedral.	Visite Runedral.	105	NO
ACH_1566	ACADEMY	Um dia de cada vez.	Conclua uma etapa acadêmica.	105	NO
ACH_1567	SURVIVAL	Sobrevivente.	Passe por uma semana sem deixar Fome ou Sede chegar a zero.	40	NO
ACH_1568	SOCIAL	Confiança conquistada.	Alcance o estágio PROXIMO com um NPC.	65	NO
ACH_1569	MAGIC	Página virada.	Aprenda um feitiço de nível 3.	90	NO
ACH_1570	ACADEMY	Veterano de Valdora.	Conclua um ano da Academia.	40	NO
ACH_1571	SOCIAL	Uma amizade nasceu.	Alcance o estágio AMIGO com um NPC.	20	NO
ACH_1572	WORLD	Conhecedor de Branthollow.	Visite Branthollow.	75	NO
ACH_1573	WORLD	Conhecedor de Brighthollow.	Visite Brighthollow.	80	NO
ACH_1574	ACADEMY	Veterano de Valdora.	Conclua um ano da Academia.	100	NO
ACH_1575	WORLD	Conhecedor de Quenndral.	Visite Quenndral.	25	NO
ACH_1576	SURVIVAL	Sobrevivente.	Passe por uma semana sem deixar Fome ou Sede chegar a zero.	35	NO
ACH_1577	MAGIC	Página virada.	Aprenda um feitiço de nível 10.	15	NO
ACH_1578	COMBAT	Caçador de Imp.	Derrote 25 criaturas da espécie Imp.	40	NO
ACH_1579	MAGIC	Página virada.	Aprenda um feitiço de nível 9.	30	NO
ACH_1580	COMBAT	Primeira vitória contra Vampire.	Derrote um Vampire.	85	NO
ACH_1581	EPILOGUE	A cidade se lembra.	Conclua um acontecimento que altere o destino de uma cidade.	15	YES
ACH_1582	DISCOVERY	Segredo encontrado.	Descubra Loja de Myrendale.	105	NO
ACH_1583	MAGIC	Página virada.	Aprenda um feitiço de nível 3.	35	NO
ACH_1584	ROMANCE	Um sentimento confessado.	Alcance ROMANCE com um NPC adulto.	35	NO
ACH_1585	EPILOGUE	A cidade se lembra.	Conclua um acontecimento que altere o destino de uma cidade.	55	YES
ACH_1586	MAGIC	Página virada.	Aprenda um feitiço de nível 9.	100	NO
ACH_1587	COMBAT	Primeira vitória contra Titan.	Derrote um Titan.	55	NO
ACH_1588	SURVIVAL	Sobrevivente.	Passe por uma semana sem deixar Fome ou Sede chegar a zero.	20	NO
ACH_1589	ACADEMY	Um dia de cada vez.	Conclua uma etapa acadêmica.	85	NO
ACH_1590	EPILOGUE	Mesmo a derrota deixa uma história.	Registre um desfecho negativo no Prólogo.	55	YES
ACH_1591	CRAFT	Mestre da oficina.	Produza ou adquira Pão de frutas vermelhas de taverna.	15	NO
ACH_1592	SOCIAL	Confiança conquistada.	Alcance o estágio PROXIMO com um NPC.	45	NO
ACH_1593	EPILOGUE	Nome gravado na história.	Registre um desfecho heroico no Prólogo.	80	YES
ACH_1594	EPILOGUE	A cidade se lembra.	Conclua um acontecimento que altere o destino de uma cidade.	100	YES
ACH_1595	EPILOGUE	Nome gravado na história.	Registre um desfecho heroico no Prólogo.	55	YES
ACH_1596	COMBAT	Caçador de Harpy.	Derrote 25 criaturas da espécie Harpy.	30	NO
ACH_1597	ACADEMY	Um dia de cada vez.	Conclua uma etapa acadêmica.	105	NO
ACH_1598	ROMANCE	Um sentimento confessado.	Alcance ROMANCE com um NPC adulto.	60	NO
ACH_1599	WORLD	Conhecedor de Greystone.	Visite Greystone.	75	NO
ACH_1600	EPILOGUE	Mesmo a derrota deixa uma história.	Registre um desfecho negativo no Prólogo.	45	YES
ACH_1601	WORLD	Conhecedor de Volmeria.	Visite Volmeria.	40	NO
ACH_1602	WORLD	Conhecedor de Arvenholt.	Visite Arvenholt.	35	NO
ACH_1603	EPILOGUE	Mesmo a derrota deixa uma história.	Registre um desfecho negativo no Prólogo.	90	YES
ACH_1604	GUILD	Nome na Guilda.	Alcance o rank F da Guilda.	35	NO
ACH_1605	EPILOGUE	Mesmo a derrota deixa uma história.	Registre um desfecho negativo no Prólogo.	75	YES
ACH_1606	MAGIC	Página virada.	Aprenda um feitiço de nível 2.	25	NO
ACH_1607	EPILOGUE	Nome gravado na história.	Registre um desfecho heroico no Prólogo.	70	YES
ACH_1608	SOCIAL	Confiança conquistada.	Alcance o estágio PROXIMO com um NPC.	100	NO
ACH_1609	EPILOGUE	Nome gravado na história.	Registre um desfecho heroico no Prólogo.	15	YES
ACH_1610	ACADEMY	Veterano de Valdora.	Conclua um ano da Academia.	70	NO
ACH_1611	DISCOVERY	Segredo encontrado.	Descubra Palácio de Oakmere.	60	NO
ACH_1612	EPILOGUE	A cidade se lembra.	Conclua um acontecimento que altere o destino de uma cidade.	70	YES
ACH_1613	EPILOGUE	A cidade se lembra.	Conclua um acontecimento que altere o destino de uma cidade.	15	YES
ACH_1614	ROMANCE	Um sentimento confessado.	Alcance ROMANCE com um NPC adulto.	35	NO
ACH_1615	WORLD	Conhecedor de Runedral.	Visite Runedral.	80	NO
ACH_1616	EPILOGUE	Mesmo a derrota deixa uma história.	Registre um desfecho negativo no Prólogo.	100	YES
ACH_1617	WORLD	Conhecedor de Wyrmhaven.	Visite Wyrmhaven.	65	NO
ACH_1618	EPILOGUE	A cidade se lembra.	Conclua um acontecimento que altere o destino de uma cidade.	70	YES
ACH_1619	ACADEMY	Um dia de cada vez.	Conclua uma etapa acadêmica.	75	NO
ACH_1620	WORLD	Conhecedor de Stormhaven.	Visite Stormhaven.	50	NO
ACH_1621	COMBAT	Caçador de Titan.	Derrote 3 criaturas da espécie Titan.	60	NO
ACH_1622	EPILOGUE	Nome gravado na história.	Registre um desfecho heroico no Prólogo.	50	YES
ACH_1623	DISCOVERY	Segredo encontrado.	Descubra Casa de Crystalia.	70	NO
ACH_1624	SURVIVAL	Sobrevivente.	Passe por uma semana sem deixar Fome ou Sede chegar a zero.	70	NO
ACH_1625	COMBAT	Primeira vitória contra Leviathan.	Derrote um Leviathan.	20	NO
ACH_1626	WORLD	Conhecedor de Sandbones.	Visite Sandbones.	15	NO
ACH_1627	ROMANCE	Um sentimento confessado.	Alcance ROMANCE com um NPC adulto.	30	NO
ACH_1628	GUILD	Nome na Guilda.	Alcance o rank F da Guilda.	100	NO
ACH_1629	SURVIVAL	Sobrevivente.	Passe por uma semana sem deixar Fome ou Sede chegar a zero.	80	NO
ACH_1630	SOCIAL	Confiança conquistada.	Alcance o estágio PROXIMO com um NPC.	90	NO
ACH_1631	EPILOGUE	Mesmo a derrota deixa uma história.	Registre um desfecho negativo no Prólogo.	65	YES
ACH_1632	MAGIC	Página virada.	Aprenda um feitiço de nível 9.	15	NO
ACH_1633	SURVIVAL	Sobrevivente.	Passe por uma semana sem deixar Fome ou Sede chegar a zero.	80	NO
ACH_1634	DISCOVERY	Segredo encontrado.	Descubra Dungeon de Umbravale.	40	NO
ACH_1635	ACADEMY	Veterano de Valdora.	Conclua um ano da Academia.	80	NO
ACH_1636	DISCOVERY	Segredo encontrado.	Descubra Torre de Magos de Kethralith.	70	NO
ACH_1637	EPILOGUE	Nome gravado na história.	Registre um desfecho heroico no Prólogo.	95	YES
ACH_1638	ROMANCE	Um sentimento confessado.	Alcance ROMANCE com um NPC adulto.	25	NO
ACH_1639	SOCIAL	Uma amizade nasceu.	Alcance o estágio AMIGO com um NPC.	55	NO
ACH_1640	EPILOGUE	Mesmo a derrota deixa uma história.	Registre um desfecho negativo no Prólogo.	85	YES
ACH_1641	WORLD	Conhecedor de Jorathen.	Visite Jorathen.	25	NO
ACH_1642	DISCOVERY	Segredo encontrado.	Descubra Ferraria de Highspire.	60	NO
ACH_1643	ACADEMY	Um dia de cada vez.	Conclua uma etapa acadêmica.	105	NO
ACH_1644	SOCIAL	Uma amizade nasceu.	Alcance o estágio AMIGO com um NPC.	20	NO
ACH_1645	ACADEMY	Um dia de cada vez.	Conclua uma etapa acadêmica.	55	NO
ACH_1646	DISCOVERY	Segredo encontrado.	Descubra Loja de Emerald Tide.	55	NO
ACH_1647	ROMANCE	Um sentimento confessado.	Alcance ROMANCE com um NPC adulto.	35	NO
ACH_1648	COMBAT	Primeira vitória contra Djinn.	Derrote um Djinn.	50	NO
ACH_1649	ACADEMY	Veterano de Valdora.	Conclua um ano da Academia.	30	NO
ACH_1650	SURVIVAL	Sobrevivente.	Passe por uma semana sem deixar Fome ou Sede chegar a zero.	55	NO
ACH_1651	COMBAT	Primeira vitória contra Mantis.	Derrote um Mantis.	105	NO
ACH_1652	SOCIAL	Uma amizade nasceu.	Alcance o estágio AMIGO com um NPC.	95	NO
ACH_1653	SOCIAL	Uma amizade nasceu.	Alcance o estágio AMIGO com um NPC.	95	NO
ACH_1654	COMBAT	Primeira vitória contra Fairy.	Derrote um Fairy.	105	NO
ACH_1655	SOCIAL	Confiança conquistada.	Alcance o estágio PROXIMO com um NPC.	70	NO
ACH_1656	DISCOVERY	Segredo encontrado.	Descubra Santuário de Caelwyn.	55	NO
ACH_1657	SOCIAL	Confiança conquistada.	Alcance o estágio PROXIMO com um NPC.	60	NO
ACH_1658	COMBAT	Caçador de Manticores.	Derrote 5 criaturas da espécie Manticores.	20	NO
ACH_1659	EPILOGUE	A cidade se lembra.	Conclua um acontecimento que altere o destino de uma cidade.	70	YES
ACH_1660	CRAFT	Mestre da oficina.	Produza ou adquira Wang Gol's Morning Star.	100	NO
ACH_1661	COMBAT	Primeira vitória contra Slime.	Derrote um Slime.	80	NO
ACH_1662	EPILOGUE	Nome gravado na história.	Registre um desfecho heroico no Prólogo.	65	YES
ACH_1663	ACADEMY	Um dia de cada vez.	Conclua uma etapa acadêmica.	30	NO
ACH_1664	DISCOVERY	Segredo encontrado.	Descubra Restaurante de Fornalia.	90	NO
ACH_1665	EPILOGUE	Nome gravado na história.	Registre um desfecho heroico no Prólogo.	100	YES
ACH_1666	EPILOGUE	Nome gravado na história.	Registre um desfecho heroico no Prólogo.	90	YES
ACH_1667	COMBAT	Primeira vitória contra Goblin.	Derrote um Goblin.	15	NO
ACH_1668	DISCOVERY	Segredo encontrado.	Descubra Restaurante de Norhaven.	25	NO
ACH_1669	CRAFT	Mestre da oficina.	Produza ou adquira Armadura de Grifo do guarda.	75	NO
ACH_1670	SOCIAL	Uma amizade nasceu.	Alcance o estágio AMIGO com um NPC.	55	NO
ACH_1671	GUILD	Nome na Guilda.	Alcance o rank E da Guilda.	50	NO
ACH_1672	WORLD	Conhecedor de Greystone.	Visite Greystone.	70	NO
ACH_1673	ACADEMY	Um dia de cada vez.	Conclua uma etapa acadêmica.	100	NO
ACH_1674	EPILOGUE	Nome gravado na história.	Registre um desfecho heroico no Prólogo.	25	YES
ACH_1675	SURVIVAL	Sobrevivente.	Passe por uma semana sem deixar Fome ou Sede chegar a zero.	55	NO
ACH_1676	EPILOGUE	Nome gravado na história.	Registre um desfecho heroico no Prólogo.	30	YES
ACH_1677	COMBAT	Caçador de Hydra.	Derrote 10 criaturas da espécie Hydra.	75	NO
ACH_1678	MAGIC	Página virada.	Aprenda um feitiço de nível 7.	25	NO
ACH_1679	MAGIC	Página virada.	Aprenda um feitiço de nível 1.	85	NO
ACH_1680	SOCIAL	Confiança conquistada.	Alcance o estágio PROXIMO com um NPC.	20	NO
ACH_1681	GUILD	Nome na Guilda.	Alcance o rank F da Guilda.	15	NO
ACH_1682	ROMANCE	Um sentimento confessado.	Alcance ROMANCE com um NPC adulto.	40	NO
ACH_1683	SOCIAL	Uma amizade nasceu.	Alcance o estágio AMIGO com um NPC.	65	NO
ACH_1684	SOCIAL	Confiança conquistada.	Alcance o estágio PROXIMO com um NPC.	50	NO
ACH_1685	COMBAT	Caçador de Lich.	Derrote 5 criaturas da espécie Lich.	100	NO
ACH_1686	CRAFT	Mestre da oficina.	Produza ou adquira Frigideira de caça.	50	NO
ACH_1687	EPILOGUE	Mesmo a derrota deixa uma história.	Registre um desfecho negativo no Prólogo.	65	YES
ACH_1688	DISCOVERY	Segredo encontrado.	Descubra Arena de Mistvale.	95	NO
ACH_1689	SOCIAL	Confiança conquistada.	Alcance o estágio PROXIMO com um NPC.	75	NO
ACH_1690	COMBAT	Primeira vitória contra Fairy.	Derrote um Fairy.	80	NO
ACH_1691	ROMANCE	Um sentimento confessado.	Alcance ROMANCE com um NPC adulto.	15	NO
ACH_1692	WORLD	Conhecedor de Crystalia.	Visite Crystalia.	105	NO
ACH_1693	COMBAT	Caçador de Leviathan.	Derrote 25 criaturas da espécie Leviathan.	70	NO
ACH_1694	EPILOGUE	Nome gravado na história.	Registre um desfecho heroico no Prólogo.	45	YES
ACH_1695	ACADEMY	Veterano de Valdora.	Conclua um ano da Academia.	95	NO
ACH_1696	ROMANCE	Um sentimento confessado.	Alcance ROMANCE com um NPC adulto.	45	NO
ACH_1697	ACADEMY	Veterano de Valdora.	Conclua um ano da Academia.	45	NO
ACH_1698	EPILOGUE	Mesmo a derrota deixa uma história.	Registre um desfecho negativo no Prólogo.	60	YES
ACH_1699	EPILOGUE	Nome gravado na história.	Registre um desfecho heroico no Prólogo.	50	YES
ACH_1700	DISCOVERY	Segredo encontrado.	Descubra Restaurante de Irondral.	65	NO
ACH_1701	SOCIAL	Confiança conquistada.	Alcance o estágio PROXIMO com um NPC.	105	NO
ACH_1702	COMBAT	Caçador de Mimic.	Derrote 5 criaturas da espécie Mimic.	50	NO
ACH_1703	EPILOGUE	Mesmo a derrota deixa uma história.	Registre um desfecho negativo no Prólogo.	25	YES
ACH_1704	ROMANCE	Um sentimento confessado.	Alcance ROMANCE com um NPC adulto.	50	NO
ACH_1705	EPILOGUE	Mesmo a derrota deixa uma história.	Registre um desfecho negativo no Prólogo.	75	YES
ACH_1706	DISCOVERY	Segredo encontrado.	Descubra Arena de Pyrelith.	85	NO
ACH_1707	ACADEMY	Veterano de Valdora.	Conclua um ano da Academia.	95	NO
ACH_1708	COMBAT	Primeira vitória contra Leviathan.	Derrote um Leviathan.	85	NO
ACH_1709	COMBAT	Primeira vitória contra Ogre.	Derrote um Ogre.	55	NO
ACH_1710	WORLD	Conhecedor de Frostmere.	Visite Frostmere.	55	NO
ACH_1711	WORLD	Conhecedor de Oakmere.	Visite Oakmere.	40	NO
ACH_1712	SOCIAL	Uma amizade nasceu.	Alcance o estágio AMIGO com um NPC.	60	NO
ACH_1713	WORLD	Conhecedor de Quorathen.	Visite Quorathen.	20	NO
ACH_1714	EPILOGUE	Nome gravado na história.	Registre um desfecho heroico no Prólogo.	95	YES
ACH_1715	ACADEMY	Um dia de cada vez.	Conclua uma etapa acadêmica.	95	NO
ACH_1716	ROMANCE	Um sentimento confessado.	Alcance ROMANCE com um NPC adulto.	30	NO
ACH_1717	EPILOGUE	A cidade se lembra.	Conclua um acontecimento que altere o destino de uma cidade.	40	YES
ACH_1718	DISCOVERY	Segredo encontrado.	Descubra Templo de Eldrath.	50	NO
ACH_1719	MAGIC	Página virada.	Aprenda um feitiço de nível 3.	100	NO
ACH_1720	COMBAT	Caçador de Kobold.	Derrote 10 criaturas da espécie Kobold.	15	NO
ACH_1721	SOCIAL	Uma amizade nasceu.	Alcance o estágio AMIGO com um NPC.	45	NO
ACH_1722	MAGIC	Página virada.	Aprenda um feitiço de nível 2.	90	NO
ACH_1723	GUILD	Nome na Guilda.	Alcance o rank Z da Guilda.	85	NO
ACH_1724	SOCIAL	Uma amizade nasceu.	Alcance o estágio AMIGO com um NPC.	90	NO
ACH_1725	SOCIAL	Confiança conquistada.	Alcance o estágio PROXIMO com um NPC.	55	NO
ACH_1726	SOCIAL	Confiança conquistada.	Alcance o estágio PROXIMO com um NPC.	85	NO
ACH_1727	EPILOGUE	Mesmo a derrota deixa uma história.	Registre um desfecho negativo no Prólogo.	45	YES
ACH_1728	COMBAT	Caçador de Roc.	Derrote 3 criaturas da espécie Roc.	35	NO
ACH_1729	COMBAT	Caçador de Revenant.	Derrote 10 criaturas da espécie Revenant.	100	NO
ACH_1730	DISCOVERY	Segredo encontrado.	Descubra Local cultista de Blackmere.	55	NO
ACH_1731	COMBAT	Caçador de Manticores.	Derrote 50 criaturas da espécie Manticores.	75	NO
ACH_1732	EPILOGUE	A cidade se lembra.	Conclua um acontecimento que altere o destino de uma cidade.	30	YES
ACH_1733	SOCIAL	Confiança conquistada.	Alcance o estágio PROXIMO com um NPC.	25	NO
ACH_1734	SOCIAL	Confiança conquistada.	Alcance o estágio PROXIMO com um NPC.	20	NO
ACH_1735	WORLD	Conhecedor de Stone-Âmbar.	Visite Stone-Âmbar.	25	NO
ACH_1736	COMBAT	Primeira vitória contra Toad.	Derrote um Toad.	35	NO
ACH_1737	ROMANCE	Um sentimento confessado.	Alcance ROMANCE com um NPC adulto.	65	NO
ACH_1738	EPILOGUE	A cidade se lembra.	Conclua um acontecimento que altere o destino de uma cidade.	30	YES
ACH_1739	ACADEMY	Veterano de Valdora.	Conclua um ano da Academia.	30	NO
ACH_1740	EPILOGUE	A cidade se lembra.	Conclua um acontecimento que altere o destino de uma cidade.	20	YES
ACH_1741	CRAFT	Mestre da oficina.	Produza ou adquira Cristal de Cura maior.	105	NO
ACH_1742	SURVIVAL	Sobrevivente.	Passe por uma semana sem deixar Fome ou Sede chegar a zero.	65	NO
ACH_1743	WORLD	Conhecedor de Frostmere.	Visite Frostmere.	55	NO
ACH_1744	GUILD	Nome na Guilda.	Alcance o rank E da Guilda.	15	NO
ACH_1745	COMBAT	Caçador de Bat.	Derrote 50 criaturas da espécie Bat.	35	NO
ACH_1746	ROMANCE	Um sentimento confessado.	Alcance ROMANCE com um NPC adulto.	45	NO
ACH_1747	DISCOVERY	Segredo encontrado.	Descubra Guilda dos Aventureiros de Mistvale.	85	NO
ACH_1748	SOCIAL	Confiança conquistada.	Alcance o estágio PROXIMO com um NPC.	65	NO
ACH_1749	MAGIC	Página virada.	Aprenda um feitiço de nível 6.	60	NO
ACH_1750	ACADEMY	Veterano de Valdora.	Conclua um ano da Academia.	105	NO
ACH_1751	SOCIAL	Confiança conquistada.	Alcance o estágio PROXIMO com um NPC.	75	NO
ACH_1752	EPILOGUE	Nome gravado na história.	Registre um desfecho heroico no Prólogo.	100	YES
ACH_1753	CRAFT	Mestre da oficina.	Produza ou adquira Pão de caranguejo de campanha.	55	NO
ACH_1754	EPILOGUE	A cidade se lembra.	Conclua um acontecimento que altere o destino de uma cidade.	75	YES
ACH_1755	GUILD	Nome na Guilda.	Alcance o rank F da Guilda.	45	NO
ACH_1756	EPILOGUE	Nome gravado na história.	Registre um desfecho heroico no Prólogo.	55	YES
ACH_1757	ACADEMY	Veterano de Valdora.	Conclua um ano da Academia.	30	NO
ACH_1758	SOCIAL	Confiança conquistada.	Alcance o estágio PROXIMO com um NPC.	90	NO
ACH_1759	DISCOVERY	Segredo encontrado.	Descubra Templo de Fenndral.	25	NO
ACH_1760	ACADEMY	Um dia de cada vez.	Conclua uma etapa acadêmica.	15	NO
ACH_1761	MAGIC	Página virada.	Aprenda um feitiço de nível 9.	95	NO
ACH_1762	ROMANCE	Um sentimento confessado.	Alcance ROMANCE com um NPC adulto.	65	NO
ACH_1763	WORLD	Conhecedor de Frostmere.	Visite Frostmere.	70	NO
ACH_1764	MAGIC	Página virada.	Aprenda um feitiço de nível 4.	100	NO
ACH_1765	WORLD	Conhecedor de Feyndral.	Visite Feyndral.	55	NO
ACH_1766	EPILOGUE	A cidade se lembra.	Conclua um acontecimento que altere o destino de uma cidade.	60	YES
ACH_1767	EPILOGUE	A cidade se lembra.	Conclua um acontecimento que altere o destino de uma cidade.	45	YES
ACH_1768	ACADEMY	Veterano de Valdora.	Conclua um ano da Academia.	65	NO
ACH_1769	SOCIAL	Uma amizade nasceu.	Alcance o estágio AMIGO com um NPC.	70	NO
ACH_1770	GUILD	Nome na Guilda.	Alcance o rank F da Guilda.	65	NO
ACH_1771	GUILD	Nome na Guilda.	Alcance o rank E da Guilda.	65	NO
ACH_1772	DISCOVERY	Segredo encontrado.	Descubra Dungeon de Zephyrholt.	20	NO
ACH_1773	COMBAT	Primeira vitória contra Minotaur.	Derrote um Minotaur.	45	NO
ACH_1774	ACADEMY	Veterano de Valdora.	Conclua um ano da Academia.	45	NO
ACH_1775	ACADEMY	Veterano de Valdora.	Conclua um ano da Academia.	75	NO
ACH_1776	ACADEMY	Um dia de cada vez.	Conclua uma etapa acadêmica.	85	NO
ACH_1777	ACADEMY	Um dia de cada vez.	Conclua uma etapa acadêmica.	105	NO
ACH_1778	COMBAT	Caçador de Kraken.	Derrote 3 criaturas da espécie Kraken.	65	NO
ACH_1779	SURVIVAL	Sobrevivente.	Passe por uma semana sem deixar Fome ou Sede chegar a zero.	15	NO
ACH_1780	EPILOGUE	Nome gravado na história.	Registre um desfecho heroico no Prólogo.	75	YES
ACH_1781	EPILOGUE	A cidade se lembra.	Conclua um acontecimento que altere o destino de uma cidade.	55	YES
ACH_1782	DISCOVERY	Segredo encontrado.	Descubra Feira de Zorathen.	45	NO
ACH_1783	MAGIC	Página virada.	Aprenda um feitiço de nível 2.	105	NO
ACH_1784	DISCOVERY	Segredo encontrado.	Descubra Biblioteca de Fenndral.	50	NO
ACH_1785	CRAFT	Mestre da oficina.	Produza ou adquira Cristal da Aurora selado.	95	NO
ACH_1786	ROMANCE	Um sentimento confessado.	Alcance ROMANCE com um NPC adulto.	25	NO
ACH_1787	SOCIAL	Confiança conquistada.	Alcance o estágio PROXIMO com um NPC.	100	NO
ACH_1788	EPILOGUE	Nome gravado na história.	Registre um desfecho heroico no Prólogo.	100	YES
ACH_1789	SOCIAL	Uma amizade nasceu.	Alcance o estágio AMIGO com um NPC.	65	NO
ACH_1790	DISCOVERY	Segredo encontrado.	Descubra Cais de Duskmere.	75	NO
ACH_1791	COMBAT	Primeira vitória contra Naga.	Derrote um Naga.	15	NO
ACH_1792	WORLD	Conhecedor de Hallowspire.	Visite Hallowspire.	45	NO
ACH_1793	EPILOGUE	Mesmo a derrota deixa uma história.	Registre um desfecho negativo no Prólogo.	30	YES
ACH_1794	ACADEMY	Veterano de Valdora.	Conclua um ano da Academia.	55	NO
ACH_1795	ACADEMY	Um dia de cada vez.	Conclua uma etapa acadêmica.	70	NO
ACH_1796	CRAFT	Mestre da oficina.	Produza ou adquira Vellumita Celestial.	75	NO
ACH_1797	GUILD	Nome na Guilda.	Alcance o rank D da Guilda.	30	NO
ACH_1798	SOCIAL	Confiança conquistada.	Alcance o estágio PROXIMO com um NPC.	100	NO
ACH_1799	GUILD	Nome na Guilda.	Alcance o rank Z da Guilda.	40	NO
ACH_1800	CRAFT	Mestre da oficina.	Produza ou adquira Cristal de Gelo selado.	30	NO
ACH_1801	WORLD	Conhecedor de Loryndor.	Visite Loryndor.	15	NO
ACH_1802	SOCIAL	Uma amizade nasceu.	Alcance o estágio AMIGO com um NPC.	100	NO
ACH_1803	DISCOVERY	Segredo encontrado.	Descubra Cais de Oakmere.	60	NO
ACH_1804	WORLD	Conhecedor de Crystalia.	Visite Crystalia.	95	NO
ACH_1805	SOCIAL	Uma amizade nasceu.	Alcance o estágio AMIGO com um NPC.	65	NO
ACH_1806	ACADEMY	Um dia de cada vez.	Conclua uma etapa acadêmica.	70	NO
ACH_1807	SOCIAL	Confiança conquistada.	Alcance o estágio PROXIMO com um NPC.	65	NO
ACH_1808	EPILOGUE	A cidade se lembra.	Conclua um acontecimento que altere o destino de uma cidade.	55	YES
ACH_1809	SURVIVAL	Sobrevivente.	Passe por uma semana sem deixar Fome ou Sede chegar a zero.	50	NO
ACH_1810	ACADEMY	Veterano de Valdora.	Conclua um ano da Academia.	15	NO
ACH_1811	ROMANCE	Um sentimento confessado.	Alcance ROMANCE com um NPC adulto.	40	NO
ACH_1812	ROMANCE	Um sentimento confessado.	Alcance ROMANCE com um NPC adulto.	40	NO
ACH_1813	SURVIVAL	Sobrevivente.	Passe por uma semana sem deixar Fome ou Sede chegar a zero.	105	NO
ACH_1814	COMBAT	Caçador de Harpy.	Derrote 50 criaturas da espécie Harpy.	35	NO
ACH_1815	COMBAT	Primeira vitória contra Griffin.	Derrote um Griffin.	15	NO
ACH_1816	DISCOVERY	Segredo encontrado.	Descubra Taverna de Umbravale.	75	NO
ACH_1817	EPILOGUE	Nome gravado na história.	Registre um desfecho heroico no Prólogo.	90	YES
ACH_1818	SOCIAL	Uma amizade nasceu.	Alcance o estágio AMIGO com um NPC.	45	NO
ACH_1819	COMBAT	Primeira vitória contra Wraith.	Derrote um Wraith.	20	NO
ACH_1820	SOCIAL	Confiança conquistada.	Alcance o estágio PROXIMO com um NPC.	60	NO
ACH_1821	SURVIVAL	Sobrevivente.	Passe por uma semana sem deixar Fome ou Sede chegar a zero.	105	NO
ACH_1822	SOCIAL	Confiança conquistada.	Alcance o estágio PROXIMO com um NPC.	75	NO
ACH_1823	SOCIAL	Uma amizade nasceu.	Alcance o estágio AMIGO com um NPC.	35	NO
ACH_1824	SOCIAL	Uma amizade nasceu.	Alcance o estágio AMIGO com um NPC.	90	NO
ACH_1825	ACADEMY	Um dia de cada vez.	Conclua uma etapa acadêmica.	55	NO
ACH_1826	SOCIAL	Confiança conquistada.	Alcance o estágio PROXIMO com um NPC.	95	NO
ACH_1827	SOCIAL	Uma amizade nasceu.	Alcance o estágio AMIGO com um NPC.	20	NO
ACH_1828	ACADEMY	Um dia de cada vez.	Conclua uma etapa acadêmica.	65	NO
ACH_1829	ACADEMY	Um dia de cada vez.	Conclua uma etapa acadêmica.	30	NO
ACH_1830	COMBAT	Caçador de Colossus.	Derrote 3 criaturas da espécie Colossus.	50	NO
ACH_1831	EPILOGUE	Mesmo a derrota deixa uma história.	Registre um desfecho negativo no Prólogo.	55	YES
ACH_1832	EPILOGUE	A cidade se lembra.	Conclua um acontecimento que altere o destino de uma cidade.	20	YES
ACH_1833	COMBAT	Caçador de Slime.	Derrote 10 criaturas da espécie Slime.	30	NO
ACH_1834	EPILOGUE	Mesmo a derrota deixa uma história.	Registre um desfecho negativo no Prólogo.	75	YES
ACH_1835	CRAFT	Mestre da oficina.	Produza ou adquira Runa de Mana selado.	55	NO
ACH_1836	GUILD	Nome na Guilda.	Alcance o rank B da Guilda.	75	NO
ACH_1837	COMBAT	Primeira vitória contra Werebeast.	Derrote um Werebeast.	85	NO
ACH_1838	CRAFT	Mestre da oficina.	Produza ou adquira Erva de Lunareth seca.	40	NO
ACH_1839	ACADEMY	Veterano de Valdora.	Conclua um ano da Academia.	65	NO
ACH_1840	SOCIAL	Uma amizade nasceu.	Alcance o estágio AMIGO com um NPC.	85	NO
ACH_1841	GUILD	Nome na Guilda.	Alcance o rank B da Guilda.	75	NO
ACH_1842	COMBAT	Primeira vitória contra Bat.	Derrote um Bat.	40	NO
ACH_1843	MAGIC	Página virada.	Aprenda um feitiço de nível 4.	15	NO
ACH_1844	EPILOGUE	Mesmo a derrota deixa uma história.	Registre um desfecho negativo no Prólogo.	95	YES
ACH_1845	CRAFT	Mestre da oficina.	Produza ou adquira Armadura de Mithril da montanha.	80	NO
ACH_1846	ACADEMY	Um dia de cada vez.	Conclua uma etapa acadêmica.	65	NO
ACH_1847	SOCIAL	Confiança conquistada.	Alcance o estágio PROXIMO com um NPC.	65	NO
ACH_1848	EPILOGUE	Nome gravado na história.	Registre um desfecho heroico no Prólogo.	85	YES
ACH_1849	EPILOGUE	Mesmo a derrota deixa uma história.	Registre um desfecho negativo no Prólogo.	65	YES
ACH_1850	WORLD	Conhecedor de Emberholt.	Visite Emberholt.	40	NO
ACH_1851	ROMANCE	Um sentimento confessado.	Alcance ROMANCE com um NPC adulto.	100	NO
ACH_1852	GUILD	Nome na Guilda.	Alcance o rank E da Guilda.	15	NO
ACH_1853	MAGIC	Página virada.	Aprenda um feitiço de nível 9.	25	NO
ACH_1854	ACADEMY	Um dia de cada vez.	Conclua uma etapa acadêmica.	55	NO
ACH_1855	COMBAT	Caçador de Harpy.	Derrote 3 criaturas da espécie Harpy.	60	NO
ACH_1856	SOCIAL	Confiança conquistada.	Alcance o estágio PROXIMO com um NPC.	80	NO
ACH_1857	EPILOGUE	A cidade se lembra.	Conclua um acontecimento que altere o destino de uma cidade.	85	YES
ACH_1858	EPILOGUE	Mesmo a derrota deixa uma história.	Registre um desfecho negativo no Prólogo.	35	YES
ACH_1859	ROMANCE	Um sentimento confessado.	Alcance ROMANCE com um NPC adulto.	20	NO
ACH_1860	SOCIAL	Confiança conquistada.	Alcance o estágio PROXIMO com um NPC.	50	NO
ACH_1861	COMBAT	Caçador de Wyrm.	Derrote 50 criaturas da espécie Wyrm.	55	NO
ACH_1862	MAGIC	Página virada.	Aprenda um feitiço de nível 4.	50	NO
ACH_1863	ROMANCE	Um sentimento confessado.	Alcance ROMANCE com um NPC adulto.	100	NO
ACH_1864	ACADEMY	Veterano de Valdora.	Conclua um ano da Academia.	35	NO
ACH_1865	ROMANCE	Um sentimento confessado.	Alcance ROMANCE com um NPC adulto.	85	NO
ACH_1866	SOCIAL	Uma amizade nasceu.	Alcance o estágio AMIGO com um NPC.	90	NO
ACH_1867	SURVIVAL	Sobrevivente.	Passe por uma semana sem deixar Fome ou Sede chegar a zero.	35	NO
ACH_1868	COMBAT	Primeira vitória contra Dryad.	Derrote um Dryad.	25	NO
ACH_1869	COMBAT	Primeira vitória contra Roc.	Derrote um Roc.	20	NO
ACH_1870	EPILOGUE	A cidade se lembra.	Conclua um acontecimento que altere o destino de uma cidade.	105	YES
ACH_1871	EPILOGUE	Nome gravado na história.	Registre um desfecho heroico no Prólogo.	80	YES
ACH_1872	MAGIC	Página virada.	Aprenda um feitiço de nível 10.	40	NO
ACH_1873	SOCIAL	Uma amizade nasceu.	Alcance o estágio AMIGO com um NPC.	20	NO
ACH_1874	EPILOGUE	Mesmo a derrota deixa uma história.	Registre um desfecho negativo no Prólogo.	45	YES
ACH_1875	WORLD	Conhecedor de Sem nome definido.	Visite Sem nome definido.	90	NO
ACH_1876	EPILOGUE	Mesmo a derrota deixa uma história.	Registre um desfecho negativo no Prólogo.	40	YES
ACH_1877	SOCIAL	Uma amizade nasceu.	Alcance o estágio AMIGO com um NPC.	75	NO
ACH_1878	WORLD	Conhecedor de Brumas.	Visite Brumas.	70	NO
ACH_1879	ROMANCE	Um sentimento confessado.	Alcance ROMANCE com um NPC adulto.	85	NO
ACH_1880	CRAFT	Mestre da oficina.	Produza ou adquira Armadura de Algodão do ferreiro.	25	NO
ACH_1881	GUILD	Nome na Guilda.	Alcance o rank B da Guilda.	35	NO
ACH_1882	EPILOGUE	Nome gravado na história.	Registre um desfecho heroico no Prólogo.	30	YES
ACH_1883	SURVIVAL	Sobrevivente.	Passe por uma semana sem deixar Fome ou Sede chegar a zero.	15	NO
ACH_1884	SOCIAL	Confiança conquistada.	Alcance o estágio PROXIMO com um NPC.	105	NO
ACH_1885	EPILOGUE	A cidade se lembra.	Conclua um acontecimento que altere o destino de uma cidade.	65	YES
ACH_1886	ROMANCE	Um sentimento confessado.	Alcance ROMANCE com um NPC adulto.	65	NO
ACH_1887	COMBAT	Primeira vitória contra Kobold.	Derrote um Kobold.	25	NO
ACH_1888	ACADEMY	Um dia de cada vez.	Conclua uma etapa acadêmica.	85	NO
ACH_1889	EPILOGUE	Mesmo a derrota deixa uma história.	Registre um desfecho negativo no Prólogo.	40	YES
ACH_1890	SOCIAL	Uma amizade nasceu.	Alcance o estágio AMIGO com um NPC.	75	NO
ACH_1891	EPILOGUE	Nome gravado na história.	Registre um desfecho heroico no Prólogo.	20	YES
ACH_1892	COMBAT	Caçador de Gryphon.	Derrote 50 criaturas da espécie Gryphon.	85	NO
ACH_1893	EPILOGUE	Mesmo a derrota deixa uma história.	Registre um desfecho negativo no Prólogo.	25	YES
ACH_1894	ACADEMY	Veterano de Valdora.	Conclua um ano da Academia.	85	NO
ACH_1895	SOCIAL	Confiança conquistada.	Alcance o estágio PROXIMO com um NPC.	105	NO
ACH_1896	ROMANCE	Um sentimento confessado.	Alcance ROMANCE com um NPC adulto.	45	NO
ACH_1897	COMBAT	Caçador de Mimic.	Derrote 3 criaturas da espécie Mimic.	85	NO
ACH_1898	ACADEMY	Um dia de cada vez.	Conclua uma etapa acadêmica.	85	NO
ACH_1899	ACADEMY	Veterano de Valdora.	Conclua um ano da Academia.	90	NO
ACH_1900	CRAFT	Mestre da oficina.	Produza ou adquira Cristal de Terra adormecido.	40	NO
ACH_1901	EPILOGUE	A cidade se lembra.	Conclua um acontecimento que altere o destino de uma cidade.	65	YES
ACH_1902	EPILOGUE	Nome gravado na história.	Registre um desfecho heroico no Prólogo.	45	YES
ACH_1903	DISCOVERY	Segredo encontrado.	Descubra Casa de Umbravale.	60	NO
ACH_1904	ACADEMY	Um dia de cada vez.	Conclua uma etapa acadêmica.	50	NO
ACH_1905	ACADEMY	Um dia de cada vez.	Conclua uma etapa acadêmica.	20	NO
ACH_1906	COMBAT	Primeira vitória contra Hydra.	Derrote um Hydra.	70	NO
ACH_1907	WORLD	Conhecedor de Fenndral.	Visite Fenndral.	80	NO
ACH_1908	COMBAT	Caçador de Boar.	Derrote 50 criaturas da espécie Boar.	90	NO
ACH_1909	EPILOGUE	Nome gravado na história.	Registre um desfecho heroico no Prólogo.	15	YES
ACH_1910	WORLD	Conhecedor de Veyndaril.	Visite Veyndaril.	45	NO
ACH_1911	ACADEMY	Um dia de cada vez.	Conclua uma etapa acadêmica.	90	NO
ACH_1912	GUILD	Nome na Guilda.	Alcance o rank A da Guilda.	50	NO
ACH_1913	SOCIAL	Uma amizade nasceu.	Alcance o estágio AMIGO com um NPC.	65	NO
ACH_1914	ACADEMY	Veterano de Valdora.	Conclua um ano da Academia.	20	NO
ACH_1915	COMBAT	Caçador de Ogre.	Derrote 25 criaturas da espécie Ogre.	60	NO
ACH_1916	GUILD	Nome na Guilda.	Alcance o rank D da Guilda.	15	NO
ACH_1917	ROMANCE	Um sentimento confessado.	Alcance ROMANCE com um NPC adulto.	25	NO
ACH_1918	COMBAT	Caçador de Drake.	Derrote 5 criaturas da espécie Drake.	70	NO
ACH_1919	DISCOVERY	Segredo encontrado.	Descubra Cais de Ylthmere.	90	NO
ACH_1920	EPILOGUE	A cidade se lembra.	Conclua um acontecimento que altere o destino de uma cidade.	95	YES
ACH_1921	COMBAT	Primeira vitória contra Mantis.	Derrote um Mantis.	100	NO
ACH_1922	COMBAT	Primeira vitória contra Treant.	Derrote um Treant.	60	NO
ACH_1923	MAGIC	Página virada.	Aprenda um feitiço de nível 6.	75	NO
ACH_1924	GUILD	Nome na Guilda.	Alcance o rank A da Guilda.	90	NO
ACH_1925	WORLD	Conhecedor de Eldrath.	Visite Eldrath.	45	NO
ACH_1926	MAGIC	Página virada.	Aprenda um feitiço de nível 6.	105	NO
ACH_1927	DISCOVERY	Segredo encontrado.	Descubra Dungeon de Veyndaril.	55	NO
ACH_1928	ACADEMY	Um dia de cada vez.	Conclua uma etapa acadêmica.	50	NO
ACH_1929	ROMANCE	Um sentimento confessado.	Alcance ROMANCE com um NPC adulto.	45	NO
ACH_1930	SOCIAL	Uma amizade nasceu.	Alcance o estágio AMIGO com um NPC.	40	NO
ACH_1931	GUILD	Nome na Guilda.	Alcance o rank S da Guilda.	70	NO
ACH_1932	WORLD	Conhecedor de Myrendale.	Visite Myrendale.	75	NO
ACH_1933	DISCOVERY	Segredo encontrado.	Descubra Casa de Stormhaven.	80	NO
ACH_1934	COMBAT	Primeira vitória contra Rakshasa.	Derrote um Rakshasa.	75	NO
ACH_1935	MAGIC	Página virada.	Aprenda um feitiço de nível 6.	60	NO
ACH_1936	EPILOGUE	Mesmo a derrota deixa uma história.	Registre um desfecho negativo no Prólogo.	95	YES
ACH_1937	COMBAT	Caçador de Roc.	Derrote 50 criaturas da espécie Roc.	55	NO
ACH_1938	COMBAT	Primeira vitória contra Centaur.	Derrote um Centaur.	55	NO
ACH_1939	COMBAT	Caçador de Revenant.	Derrote 3 criaturas da espécie Revenant.	35	NO
ACH_1940	MAGIC	Página virada.	Aprenda um feitiço de nível 4.	25	NO
ACH_1941	MAGIC	Página virada.	Aprenda um feitiço de nível 7.	60	NO
ACH_1942	ACADEMY	Um dia de cada vez.	Conclua uma etapa acadêmica.	55	NO
ACH_1943	COMBAT	Primeira vitória contra Dryad.	Derrote um Dryad.	70	NO
ACH_1944	SURVIVAL	Sobrevivente.	Passe por uma semana sem deixar Fome ou Sede chegar a zero.	70	NO
ACH_1945	ROMANCE	Um sentimento confessado.	Alcance ROMANCE com um NPC adulto.	30	NO
ACH_1946	SURVIVAL	Sobrevivente.	Passe por uma semana sem deixar Fome ou Sede chegar a zero.	100	NO
ACH_1947	ROMANCE	Um sentimento confessado.	Alcance ROMANCE com um NPC adulto.	100	NO
ACH_1948	ACADEMY	Um dia de cada vez.	Conclua uma etapa acadêmica.	20	NO
ACH_1949	SURVIVAL	Sobrevivente.	Passe por uma semana sem deixar Fome ou Sede chegar a zero.	70	NO
ACH_1950	SOCIAL	Uma amizade nasceu.	Alcance o estágio AMIGO com um NPC.	60	NO
ACH_1951	SURVIVAL	Sobrevivente.	Passe por uma semana sem deixar Fome ou Sede chegar a zero.	50	NO
ACH_1952	COMBAT	Primeira vitória contra Boar.	Derrote um Boar.	30	NO
ACH_1953	COMBAT	Caçador de Elemental.	Derrote 10 criaturas da espécie Elemental.	35	NO
ACH_1954	DISCOVERY	Segredo encontrado.	Descubra Laboratório de Alquimia de Crestwyn.	20	NO
ACH_1955	COMBAT	Primeira vitória contra Elemental.	Derrote um Elemental.	20	NO
ACH_1956	COMBAT	Primeira vitória contra Chimera.	Derrote um Chimera.	45	NO
ACH_1957	COMBAT	Caçador de Elemental.	Derrote 25 criaturas da espécie Elemental.	45	NO
ACH_1958	EPILOGUE	Nome gravado na história.	Registre um desfecho heroico no Prólogo.	55	YES
ACH_1959	COMBAT	Caçador de Basilisk.	Derrote 50 criaturas da espécie Basilisk.	100	NO
ACH_1960	ACADEMY	Veterano de Valdora.	Conclua um ano da Academia.	100	NO
ACH_1961	EPILOGUE	Mesmo a derrota deixa uma história.	Registre um desfecho negativo no Prólogo.	45	YES
ACH_1962	COMBAT	Primeira vitória contra Slime.	Derrote um Slime.	35	NO
ACH_1963	EPILOGUE	Nome gravado na história.	Registre um desfecho heroico no Prólogo.	15	YES
ACH_1964	ACADEMY	Veterano de Valdora.	Conclua um ano da Academia.	30	NO
ACH_1965	EPILOGUE	Mesmo a derrota deixa uma história.	Registre um desfecho negativo no Prólogo.	55	YES
ACH_1966	CRAFT	Mestre da oficina.	Produza ou adquira Espada do Caçador simples.	95	NO
ACH_1967	SURVIVAL	Sobrevivente.	Passe por uma semana sem deixar Fome ou Sede chegar a zero.	20	NO
ACH_1968	DISCOVERY	Segredo encontrado.	Descubra Loja de Caelwyn.	105	NO
ACH_1969	ACADEMY	Um dia de cada vez.	Conclua uma etapa acadêmica.	50	NO
ACH_1970	SURVIVAL	Sobrevivente.	Passe por uma semana sem deixar Fome ou Sede chegar a zero.	95	NO
ACH_1971	EPILOGUE	A cidade se lembra.	Conclua um acontecimento que altere o destino de uma cidade.	30	YES
ACH_1972	EPILOGUE	Mesmo a derrota deixa uma história.	Registre um desfecho negativo no Prólogo.	20	YES
ACH_1973	ROMANCE	Um sentimento confessado.	Alcance ROMANCE com um NPC adulto.	70	NO
ACH_1974	EPILOGUE	Nome gravado na história.	Registre um desfecho heroico no Prólogo.	95	YES
ACH_1975	ACADEMY	Veterano de Valdora.	Conclua um ano da Academia.	60	NO
ACH_1976	COMBAT	Caçador de Imp.	Derrote 50 criaturas da espécie Imp.	40	NO
ACH_1977	WORLD	Conhecedor de Dawnspire.	Visite Dawnspire.	75	NO
ACH_1978	SURVIVAL	Sobrevivente.	Passe por uma semana sem deixar Fome ou Sede chegar a zero.	105	NO
ACH_1979	WORLD	Conhecedor de Jorwyn.	Visite Jorwyn.	105	NO
ACH_1980	EPILOGUE	Nome gravado na história.	Registre um desfecho heroico no Prólogo.	30	YES
ACH_1981	CRAFT	Mestre da oficina.	Produza ou adquira Espada de Cromo leve.	75	NO
ACH_1982	SOCIAL	Confiança conquistada.	Alcance o estágio PROXIMO com um NPC.	75	NO
ACH_1983	GUILD	Nome na Guilda.	Alcance o rank Z da Guilda.	15	NO
ACH_1984	EPILOGUE	Nome gravado na história.	Registre um desfecho heroico no Prólogo.	35	YES
ACH_1985	DISCOVERY	Segredo encontrado.	Descubra Ferraria de Netherholt.	50	NO
ACH_1986	COMBAT	Caçador de Wolf.	Derrote 10 criaturas da espécie Wolf.	85	NO
ACH_1987	ACADEMY	Um dia de cada vez.	Conclua uma etapa acadêmica.	65	NO
ACH_1988	EPILOGUE	Mesmo a derrota deixa uma história.	Registre um desfecho negativo no Prólogo.	70	YES
ACH_1989	SOCIAL	Uma amizade nasceu.	Alcance o estágio AMIGO com um NPC.	80	NO
ACH_1990	COMBAT	Primeira vitória contra Slime.	Derrote um Slime.	20	NO
ACH_1991	ACADEMY	Veterano de Valdora.	Conclua um ano da Academia.	35	NO
ACH_1992	MAGIC	Página virada.	Aprenda um feitiço de nível 1.	20	NO
ACH_1993	EPILOGUE	Nome gravado na história.	Registre um desfecho heroico no Prólogo.	30	YES
ACH_1994	EPILOGUE	Nome gravado na história.	Registre um desfecho heroico no Prólogo.	90	YES
ACH_1995	COMBAT	Caçador de Djinn.	Derrote 10 criaturas da espécie Djinn.	80	NO
ACH_1996	COMBAT	Caçador de Demon.	Derrote 50 criaturas da espécie Demon.	50	NO
ACH_1997	WORLD	Conhecedor de Quenndral.	Visite Quenndral.	50	NO
ACH_1998	CRAFT	Mestre da oficina.	Produza ou adquira Carta de Feyndral militar.	30	NO
ACH_1999	MAGIC	Página virada.	Aprenda um feitiço de nível 4.	85	NO
ACH_2000	SOCIAL	Uma amizade nasceu.	Alcance o estágio AMIGO com um NPC.	60	NO
ACH_2001	SOCIAL	Uma amizade nasceu.	Alcance o estágio AMIGO com um NPC.	25	NO
ACH_2002	SOCIAL	Confiança conquistada.	Alcance o estágio PROXIMO com um NPC.	15	NO
ACH_2003	SOCIAL	Confiança conquistada.	Alcance o estágio PROXIMO com um NPC.	15	NO
ACH_2004	SOCIAL	Uma amizade nasceu.	Alcance o estágio AMIGO com um NPC.	15	NO
ACH_2005	DISCOVERY	Segredo encontrado.	Descubra Casa de Brumas.	45	NO
ACH_2006	SURVIVAL	Sobrevivente.	Passe por uma semana sem deixar Fome ou Sede chegar a zero.	105	NO
ACH_2007	COMBAT	Primeira vitória contra Mimic.	Derrote um Mimic.	45	NO
ACH_2008	CRAFT	Mestre da oficina.	Produza ou adquira Picareta de Valaryn.	70	NO
ACH_2009	DISCOVERY	Segredo encontrado.	Descubra Casa de Xyrelith.	45	NO
ACH_2010	ROMANCE	Um sentimento confessado.	Alcance ROMANCE com um NPC adulto.	50	NO
ACH_2011	COMBAT	Caçador de Naga.	Derrote 50 criaturas da espécie Naga.	20	NO
ACH_2012	ACADEMY	Veterano de Valdora.	Conclua um ano da Academia.	60	NO
ACH_2013	DISCOVERY	Segredo encontrado.	Descubra Posto da Guarda de Fornalia.	100	NO
ACH_2014	SURVIVAL	Sobrevivente.	Passe por uma semana sem deixar Fome ou Sede chegar a zero.	45	NO
ACH_2015	SURVIVAL	Sobrevivente.	Passe por uma semana sem deixar Fome ou Sede chegar a zero.	20	NO
ACH_2016	WORLD	Conhecedor de Zorathen.	Visite Zorathen.	50	NO
ACH_2017	WORLD	Conhecedor de Kethralith.	Visite Kethralith.	55	NO
ACH_2018	GUILD	Nome na Guilda.	Alcance o rank B da Guilda.	90	NO
ACH_2019	DISCOVERY	Segredo encontrado.	Descubra Casa de Emberholt.	35	NO
ACH_2020	ACADEMY	Veterano de Valdora.	Conclua um ano da Academia.	100	NO
ACH_2021	EPILOGUE	Nome gravado na história.	Registre um desfecho heroico no Prólogo.	45	YES
ACH_2022	EPILOGUE	Nome gravado na história.	Registre um desfecho heroico no Prólogo.	75	YES
ACH_2023	ACADEMY	Um dia de cada vez.	Conclua uma etapa acadêmica.	15	NO
ACH_2024	ACADEMY	Veterano de Valdora.	Conclua um ano da Academia.	90	NO
ACH_2025	ACADEMY	Um dia de cada vez.	Conclua uma etapa acadêmica.	70	NO
ACH_2026	ROMANCE	Um sentimento confessado.	Alcance ROMANCE com um NPC adulto.	75	NO
ACH_2027	SOCIAL	Uma amizade nasceu.	Alcance o estágio AMIGO com um NPC.	35	NO
ACH_2028	SOCIAL	Confiança conquistada.	Alcance o estágio PROXIMO com um NPC.	105	NO
ACH_2029	DISCOVERY	Segredo encontrado.	Descubra Santuário de Ulthmere.	25	NO
ACH_2030	ACADEMY	Um dia de cada vez.	Conclua uma etapa acadêmica.	50	NO
ACH_2031	SURVIVAL	Sobrevivente.	Passe por uma semana sem deixar Fome ou Sede chegar a zero.	105	NO
ACH_2032	ROMANCE	Um sentimento confessado.	Alcance ROMANCE com um NPC adulto.	95	NO
ACH_2033	MAGIC	Página virada.	Aprenda um feitiço de nível 4.	100	NO
ACH_2034	DISCOVERY	Segredo encontrado.	Descubra Cais de Lorwynne.	15	NO
ACH_2035	EPILOGUE	Mesmo a derrota deixa uma história.	Registre um desfecho negativo no Prólogo.	70	YES
ACH_2036	EPILOGUE	A cidade se lembra.	Conclua um acontecimento que altere o destino de uma cidade.	55	YES
ACH_2037	COMBAT	Primeira vitória contra Griffin.	Derrote um Griffin.	95	NO
ACH_2038	ROMANCE	Um sentimento confessado.	Alcance ROMANCE com um NPC adulto.	45	NO
ACH_2039	CRAFT	Mestre da oficina.	Produza ou adquira Cantil de pesca.	50	NO
ACH_2040	SURVIVAL	Sobrevivente.	Passe por uma semana sem deixar Fome ou Sede chegar a zero.	100	NO
ACH_2041	EPILOGUE	Nome gravado na história.	Registre um desfecho heroico no Prólogo.	65	YES
ACH_2042	EPILOGUE	Nome gravado na história.	Registre um desfecho heroico no Prólogo.	50	YES
ACH_2043	EPILOGUE	A cidade se lembra.	Conclua um acontecimento que altere o destino de uma cidade.	55	YES
ACH_2044	GUILD	Nome na Guilda.	Alcance o rank S da Guilda.	95	NO
ACH_2045	EPILOGUE	Nome gravado na história.	Registre um desfecho heroico no Prólogo.	80	YES
ACH_2046	MAGIC	Página virada.	Aprenda um feitiço de nível 3.	50	NO
ACH_2047	COMBAT	Caçador de Gryphon.	Derrote 3 criaturas da espécie Gryphon.	45	NO
ACH_2048	CRAFT	Mestre da oficina.	Produza ou adquira Cristal de Luz antigo.	70	NO
ACH_2049	ACADEMY	Veterano de Valdora.	Conclua um ano da Academia.	105	NO
ACH_2050	COMBAT	Primeira vitória contra Crow.	Derrote um Crow.	15	NO
ACH_2051	MAGIC	Página virada.	Aprenda um feitiço de nível 8.	35	NO
ACH_2052	WORLD	Conhecedor de Caelwyn.	Visite Caelwyn.	45	NO
ACH_2053	GUILD	Nome na Guilda.	Alcance o rank C da Guilda.	90	NO
ACH_2054	WORLD	Conhecedor de Emerald Tide.	Visite Emerald Tide.	30	NO
ACH_2055	GUILD	Nome na Guilda.	Alcance o rank B da Guilda.	75	NO
ACH_2056	COMBAT	Primeira vitória contra Manticores.	Derrote um Manticores.	75	NO
ACH_2057	DISCOVERY	Segredo encontrado.	Descubra Feira de Prismere.	70	NO
ACH_2058	COMBAT	Primeira vitória contra Mooncalf.	Derrote um Mooncalf.	100	NO
ACH_2059	COMBAT	Primeira vitória contra Bear.	Derrote um Bear.	15	NO
ACH_2060	COMBAT	Primeira vitória contra Harpy.	Derrote um Harpy.	65	NO
ACH_2061	MAGIC	Página virada.	Aprenda um feitiço de nível 7.	35	NO
ACH_2062	MAGIC	Página virada.	Aprenda um feitiço de nível 10.	85	NO
ACH_2063	SOCIAL	Confiança conquistada.	Alcance o estágio PROXIMO com um NPC.	70	NO
ACH_2064	SURVIVAL	Sobrevivente.	Passe por uma semana sem deixar Fome ou Sede chegar a zero.	85	NO
ACH_2065	ROMANCE	Um sentimento confessado.	Alcance ROMANCE com um NPC adulto.	35	NO
ACH_2066	COMBAT	Primeira vitória contra Drake.	Derrote um Drake.	75	NO
ACH_2067	ACADEMY	Veterano de Valdora.	Conclua um ano da Academia.	100	NO
ACH_2068	ROMANCE	Um sentimento confessado.	Alcance ROMANCE com um NPC adulto.	75	NO
ACH_2069	MAGIC	Página virada.	Aprenda um feitiço de nível 5.	65	NO
ACH_2070	COMBAT	Caçador de Slime.	Derrote 50 criaturas da espécie Slime.	40	NO
ACH_2071	ROMANCE	Um sentimento confessado.	Alcance ROMANCE com um NPC adulto.	15	NO
ACH_2072	COMBAT	Caçador de Demon.	Derrote 10 criaturas da espécie Demon.	30	NO
ACH_2073	ACADEMY	Veterano de Valdora.	Conclua um ano da Academia.	60	NO
ACH_2074	MAGIC	Página virada.	Aprenda um feitiço de nível 7.	35	NO
ACH_2075	SOCIAL	Confiança conquistada.	Alcance o estágio PROXIMO com um NPC.	25	NO
ACH_2076	SOCIAL	Confiança conquistada.	Alcance o estágio PROXIMO com um NPC.	45	NO
ACH_2077	DISCOVERY	Segredo encontrado.	Descubra Casa de Jorathen.	55	NO
ACH_2078	EPILOGUE	Mesmo a derrota deixa uma história.	Registre um desfecho negativo no Prólogo.	105	YES
ACH_2079	SOCIAL	Uma amizade nasceu.	Alcance o estágio AMIGO com um NPC.	30	NO
ACH_2080	ROMANCE	Um sentimento confessado.	Alcance ROMANCE com um NPC adulto.	105	NO
ACH_2081	EPILOGUE	Mesmo a derrota deixa uma história.	Registre um desfecho negativo no Prólogo.	60	YES
ACH_2082	COMBAT	Caçador de Kobold.	Derrote 25 criaturas da espécie Kobold.	50	NO
ACH_2083	ROMANCE	Um sentimento confessado.	Alcance ROMANCE com um NPC adulto.	45	NO
ACH_2084	ROMANCE	Um sentimento confessado.	Alcance ROMANCE com um NPC adulto.	55	NO
ACH_2085	CRAFT	Mestre da oficina.	Produza ou adquira Armadura de Gelo do ferreiro.	75	NO
ACH_2086	SOCIAL	Uma amizade nasceu.	Alcance o estágio AMIGO com um NPC.	60	NO
ACH_2087	ACADEMY	Veterano de Valdora.	Conclua um ano da Academia.	40	NO
ACH_2088	COMBAT	Caçador de Colossus.	Derrote 3 criaturas da espécie Colossus.	80	NO
ACH_2089	EPILOGUE	A cidade se lembra.	Conclua um acontecimento que altere o destino de uma cidade.	60	YES
ACH_2090	EPILOGUE	Nome gravado na história.	Registre um desfecho heroico no Prólogo.	75	YES
ACH_2091	WORLD	Conhecedor de Arvenholt.	Visite Arvenholt.	20	NO
ACH_2092	EPILOGUE	Nome gravado na história.	Registre um desfecho heroico no Prólogo.	85	YES
ACH_2093	EPILOGUE	A cidade se lembra.	Conclua um acontecimento que altere o destino de uma cidade.	70	YES
ACH_2094	CRAFT	Mestre da oficina.	Produza ou adquira Erva de Vellum fermentada.	60	NO
ACH_2095	COMBAT	Primeira vitória contra Wyrm.	Derrote um Wyrm.	65	NO
ACH_2096	CRAFT	Mestre da oficina.	Produza ou adquira Espada do Dragão cerimonial.	70	NO
ACH_2097	COMBAT	Caçador de Wyrm.	Derrote 25 criaturas da espécie Wyrm.	15	NO
ACH_2098	ACADEMY	Um dia de cada vez.	Conclua uma etapa acadêmica.	30	NO
ACH_2099	DISCOVERY	Segredo encontrado.	Descubra Guilda dos Aventureiros de Xyrelith.	105	NO
ACH_2100	GUILD	Nome na Guilda.	Alcance o rank S da Guilda.	55	NO
ACH_2101	COMBAT	Caçador de Unicorn.	Derrote 3 criaturas da espécie Unicorn.	20	NO
ACH_2102	SOCIAL	Uma amizade nasceu.	Alcance o estágio AMIGO com um NPC.	100	NO
ACH_2103	EPILOGUE	Nome gravado na história.	Registre um desfecho heroico no Prólogo.	40	YES
ACH_2104	GUILD	Nome na Guilda.	Alcance o rank S da Guilda.	100	NO
ACH_2105	EPILOGUE	Mesmo a derrota deixa uma história.	Registre um desfecho negativo no Prólogo.	85	YES
ACH_2106	SOCIAL	Confiança conquistada.	Alcance o estágio PROXIMO com um NPC.	35	NO
ACH_2107	GUILD	Nome na Guilda.	Alcance o rank S da Guilda.	100	NO
ACH_2108	ACADEMY	Veterano de Valdora.	Conclua um ano da Academia.	95	NO
ACH_2109	CRAFT	Mestre da oficina.	Produza ou adquira Flor do Vale Azul moída.	95	NO
ACH_2110	ACADEMY	Veterano de Valdora.	Conclua um ano da Academia.	15	NO
ACH_2111	DISCOVERY	Segredo encontrado.	Descubra Posto da Guarda de Blackmere.	30	NO
ACH_2112	SOCIAL	Uma amizade nasceu.	Alcance o estágio AMIGO com um NPC.	40	NO
ACH_2113	GUILD	Nome na Guilda.	Alcance o rank S da Guilda.	40	NO
ACH_2114	ACADEMY	Um dia de cada vez.	Conclua uma etapa acadêmica.	15	NO
ACH_2115	EPILOGUE	A cidade se lembra.	Conclua um acontecimento que altere o destino de uma cidade.	35	YES
ACH_2116	MAGIC	Página virada.	Aprenda um feitiço de nível 8.	40	NO
ACH_2117	MAGIC	Página virada.	Aprenda um feitiço de nível 2.	15	NO
ACH_2118	CRAFT	Mestre da oficina.	Produza ou adquira Orcish Double-Edged Battleaxe.	85	NO
ACH_2119	SURVIVAL	Sobrevivente.	Passe por uma semana sem deixar Fome ou Sede chegar a zero.	45	NO
ACH_2120	WORLD	Conhecedor de Volmeria.	Visite Volmeria.	75	NO
ACH_2121	ROMANCE	Um sentimento confessado.	Alcance ROMANCE com um NPC adulto.	20	NO
ACH_2122	CRAFT	Mestre da oficina.	Produza ou adquira Erva de Crepúsculo fresca.	65	NO
ACH_2123	CRAFT	Mestre da oficina.	Produza ou adquira Rubi Refinado.	75	NO
ACH_2124	COMBAT	Primeira vitória contra Unicorn.	Derrote um Unicorn.	55	NO
ACH_2125	CRAFT	Mestre da oficina.	Produza ou adquira Yeppi's Booty.	95	NO
ACH_2126	COMBAT	Caçador de Toad.	Derrote 5 criaturas da espécie Toad.	105	NO
ACH_2127	EPILOGUE	A cidade se lembra.	Conclua um acontecimento que altere o destino de uma cidade.	40	YES
ACH_2128	DISCOVERY	Segredo encontrado.	Descubra Cais de Thornmere.	80	NO
ACH_2129	ACADEMY	Veterano de Valdora.	Conclua um ano da Academia.	15	NO
ACH_2130	EPILOGUE	A cidade se lembra.	Conclua um acontecimento que altere o destino de uma cidade.	105	YES
ACH_2131	ACADEMY	Um dia de cada vez.	Conclua uma etapa acadêmica.	95	NO
ACH_2132	SOCIAL	Confiança conquistada.	Alcance o estágio PROXIMO com um NPC.	25	NO
ACH_2133	COMBAT	Caçador de Colossus.	Derrote 10 criaturas da espécie Colossus.	75	NO
ACH_2134	COMBAT	Caçador de Dryad.	Derrote 25 criaturas da espécie Dryad.	90	NO
ACH_2135	WORLD	Conhecedor de Crestwyn.	Visite Crestwyn.	50	NO
ACH_2136	COMBAT	Caçador de Goblin.	Derrote 5 criaturas da espécie Goblin.	80	NO
ACH_2137	SOCIAL	Confiança conquistada.	Alcance o estágio PROXIMO com um NPC.	40	NO
ACH_2138	EPILOGUE	A cidade se lembra.	Conclua um acontecimento que altere o destino de uma cidade.	15	YES
ACH_2139	ROMANCE	Um sentimento confessado.	Alcance ROMANCE com um NPC adulto.	55	NO
ACH_2140	EPILOGUE	A cidade se lembra.	Conclua um acontecimento que altere o destino de uma cidade.	90	YES
ACH_2141	CRAFT	Mestre da oficina.	Produza ou adquira Machado de lenhador de caça.	45	NO
ACH_2142	SOCIAL	Confiança conquistada.	Alcance o estágio PROXIMO com um NPC.	30	NO
ACH_2143	SURVIVAL	Sobrevivente.	Passe por uma semana sem deixar Fome ou Sede chegar a zero.	100	NO
ACH_2144	SOCIAL	Uma amizade nasceu.	Alcance o estágio AMIGO com um NPC.	20	NO
ACH_2145	CRAFT	Mestre da oficina.	Produza ou adquira Armadura de Quitina do mago.	40	NO
ACH_2146	EPILOGUE	Nome gravado na história.	Registre um desfecho heroico no Prólogo.	95	YES
ACH_2147	SOCIAL	Confiança conquistada.	Alcance o estágio PROXIMO com um NPC.	55	NO
ACH_2148	EPILOGUE	Mesmo a derrota deixa uma história.	Registre um desfecho negativo no Prólogo.	40	YES
ACH_2149	SOCIAL	Uma amizade nasceu.	Alcance o estágio AMIGO com um NPC.	35	NO
ACH_2150	ACADEMY	Veterano de Valdora.	Conclua um ano da Academia.	70	NO
ACH_2151	ACADEMY	Veterano de Valdora.	Conclua um ano da Academia.	95	NO
ACH_2152	EPILOGUE	Nome gravado na história.	Registre um desfecho heroico no Prólogo.	30	YES
ACH_2153	EPILOGUE	Nome gravado na história.	Registre um desfecho heroico no Prólogo.	50	YES
ACH_2154	COMBAT	Primeira vitória contra Minotaur.	Derrote um Minotaur.	70	NO
ACH_2155	CRAFT	Mestre da oficina.	Produza ou adquira Armadura de Treant do explorador.	30	NO
ACH_2156	SOCIAL	Confiança conquistada.	Alcance o estágio PROXIMO com um NPC.	85	NO
ACH_2157	MAGIC	Página virada.	Aprenda um feitiço de nível 7.	15	NO
ACH_2158	EPILOGUE	Nome gravado na história.	Registre um desfecho heroico no Prólogo.	75	YES
ACH_2159	SOCIAL	Confiança conquistada.	Alcance o estágio PROXIMO com um NPC.	85	NO
ACH_2160	ROMANCE	Um sentimento confessado.	Alcance ROMANCE com um NPC adulto.	70	NO
ACH_2161	COMBAT	Primeira vitória contra Vampire.	Derrote um Vampire.	65	NO
ACH_2162	WORLD	Conhecedor de Brighthollow.	Visite Brighthollow.	15	NO
ACH_2163	COMBAT	Caçador de Wyvern.	Derrote 25 criaturas da espécie Wyvern.	70	NO
ACH_2164	SOCIAL	Uma amizade nasceu.	Alcance o estágio AMIGO com um NPC.	65	NO
ACH_2165	EPILOGUE	A cidade se lembra.	Conclua um acontecimento que altere o destino de uma cidade.	105	YES
ACH_2166	ROMANCE	Um sentimento confessado.	Alcance ROMANCE com um NPC adulto.	50	NO
ACH_2167	ROMANCE	Um sentimento confessado.	Alcance ROMANCE com um NPC adulto.	50	NO
ACH_2168	COMBAT	Primeira vitória contra Troll.	Derrote um Troll.	100	NO
ACH_2169	CRAFT	Mestre da oficina.	Produza ou adquira Cobre Abissal.	15	NO
ACH_2170	COMBAT	Caçador de Stag.	Derrote 10 criaturas da espécie Stag.	55	NO
ACH_2171	EPILOGUE	Mesmo a derrota deixa uma história.	Registre um desfecho negativo no Prólogo.	20	YES
ACH_2172	EPILOGUE	A cidade se lembra.	Conclua um acontecimento que altere o destino de uma cidade.	65	YES
ACH_2173	EPILOGUE	Mesmo a derrota deixa uma história.	Registre um desfecho negativo no Prólogo.	25	YES
ACH_2174	CRAFT	Mestre da oficina.	Produza ou adquira Gancho de cartógrafo.	20	NO
ACH_2175	EPILOGUE	Nome gravado na história.	Registre um desfecho heroico no Prólogo.	45	YES
ACH_2176	CRAFT	Mestre da oficina.	Produza ou adquira Água de limão fermentada.	80	NO
ACH_2177	COMBAT	Primeira vitória contra Kobold.	Derrote um Kobold.	55	NO
ACH_2178	DISCOVERY	Segredo encontrado.	Descubra Dungeon de Volmeria.	45	NO
ACH_2179	ACADEMY	Veterano de Valdora.	Conclua um ano da Academia.	60	NO
ACH_2180	COMBAT	Primeira vitória contra Behemoth.	Derrote um Behemoth.	25	NO
ACH_2181	ACADEMY	Veterano de Valdora.	Conclua um ano da Academia.	40	NO
ACH_2182	DISCOVERY	Segredo encontrado.	Descubra Palácio de Emerald Tide.	25	NO
ACH_2183	WORLD	Conhecedor de Crystalia.	Visite Crystalia.	55	NO
ACH_2184	DISCOVERY	Segredo encontrado.	Descubra Santuário de Sem nome definido.	20	NO
ACH_2185	COMBAT	Caçador de Titan.	Derrote 50 criaturas da espécie Titan.	55	NO
ACH_2186	EPILOGUE	Mesmo a derrota deixa uma história.	Registre um desfecho negativo no Prólogo.	20	YES
ACH_2187	EPILOGUE	Nome gravado na história.	Registre um desfecho heroico no Prólogo.	65	YES
ACH_2188	WORLD	Conhecedor de Zephyrholt.	Visite Zephyrholt.	90	NO
ACH_2189	EPILOGUE	Nome gravado na história.	Registre um desfecho heroico no Prólogo.	60	YES
ACH_2190	DISCOVERY	Segredo encontrado.	Descubra Guilda dos Aventureiros de Duskmere.	50	NO
ACH_2191	GUILD	Nome na Guilda.	Alcance o rank D da Guilda.	50	NO
ACH_2192	DISCOVERY	Segredo encontrado.	Descubra Ferraria de Aerocivitus.	90	NO
ACH_2193	ACADEMY	Um dia de cada vez.	Conclua uma etapa acadêmica.	85	NO
ACH_2194	SOCIAL	Confiança conquistada.	Alcance o estágio PROXIMO com um NPC.	45	NO
ACH_2195	GUILD	Nome na Guilda.	Alcance o rank A da Guilda.	40	NO
ACH_2196	ROMANCE	Um sentimento confessado.	Alcance ROMANCE com um NPC adulto.	60	NO
ACH_2197	WORLD	Conhecedor de Hallowspire.	Visite Hallowspire.	55	NO
ACH_2198	EPILOGUE	Nome gravado na história.	Registre um desfecho heroico no Prólogo.	60	YES
ACH_2199	EPILOGUE	Mesmo a derrota deixa uma história.	Registre um desfecho negativo no Prólogo.	90	YES
ACH_2200	SURVIVAL	Sobrevivente.	Passe por uma semana sem deixar Fome ou Sede chegar a zero.	40	NO
ACH_2201	SOCIAL	Uma amizade nasceu.	Alcance o estágio AMIGO com um NPC.	30	NO
ACH_2202	MAGIC	Página virada.	Aprenda um feitiço de nível 1.	80	NO
ACH_2203	GUILD	Nome na Guilda.	Alcance o rank C da Guilda.	50	NO
ACH_2204	ACADEMY	Veterano de Valdora.	Conclua um ano da Academia.	80	NO
ACH_2205	DISCOVERY	Segredo encontrado.	Descubra Casa de Stone-Âmbar.	55	NO
ACH_2206	ROMANCE	Um sentimento confessado.	Alcance ROMANCE com um NPC adulto.	30	NO
ACH_2207	COMBAT	Caçador de Toad.	Derrote 50 criaturas da espécie Toad.	70	NO
ACH_2208	WORLD	Conhecedor de Veyndaril.	Visite Veyndaril.	65	NO
ACH_2209	EPILOGUE	Mesmo a derrota deixa uma história.	Registre um desfecho negativo no Prólogo.	65	YES
ACH_2210	ACADEMY	Veterano de Valdora.	Conclua um ano da Academia.	100	NO
ACH_2211	EPILOGUE	A cidade se lembra.	Conclua um acontecimento que altere o destino de uma cidade.	80	YES
ACH_2212	ACADEMY	Um dia de cada vez.	Conclua uma etapa acadêmica.	45	NO
ACH_2213	ACADEMY	Um dia de cada vez.	Conclua uma etapa acadêmica.	15	NO
ACH_2214	EPILOGUE	Mesmo a derrota deixa uma história.	Registre um desfecho negativo no Prólogo.	25	YES
ACH_2215	ACADEMY	Um dia de cada vez.	Conclua uma etapa acadêmica.	60	NO
ACH_2216	EPILOGUE	Nome gravado na história.	Registre um desfecho heroico no Prólogo.	45	YES
ACH_2217	DISCOVERY	Segredo encontrado.	Descubra Posto da Guarda de Rivenholt.	65	NO
ACH_2218	EPILOGUE	Nome gravado na história.	Registre um desfecho heroico no Prólogo.	45	YES
ACH_2219	COMBAT	Caçador de Mooncalf.	Derrote 5 criaturas da espécie Mooncalf.	25	NO
ACH_2220	SOCIAL	Uma amizade nasceu.	Alcance o estágio AMIGO com um NPC.	75	NO
ACH_2221	MAGIC	Página virada.	Aprenda um feitiço de nível 6.	50	NO
ACH_2222	COMBAT	Primeira vitória contra Direhound.	Derrote um Direhound.	35	NO
ACH_2223	SOCIAL	Uma amizade nasceu.	Alcance o estágio AMIGO com um NPC.	100	NO
ACH_2224	DISCOVERY	Segredo encontrado.	Descubra Santuário de Ironvale.	75	NO
ACH_2225	EPILOGUE	A cidade se lembra.	Conclua um acontecimento que altere o destino de uma cidade.	15	YES
ACH_2226	WORLD	Conhecedor de Kaelmoor.	Visite Kaelmoor.	105	NO
ACH_2227	COMBAT	Caçador de Goblin.	Derrote 50 criaturas da espécie Goblin.	55	NO
ACH_2228	ROMANCE	Um sentimento confessado.	Alcance ROMANCE com um NPC adulto.	85	NO
ACH_2229	SURVIVAL	Sobrevivente.	Passe por uma semana sem deixar Fome ou Sede chegar a zero.	20	NO
ACH_2230	ACADEMY	Um dia de cada vez.	Conclua uma etapa acadêmica.	65	NO
ACH_2231	SOCIAL	Confiança conquistada.	Alcance o estágio PROXIMO com um NPC.	95	NO
ACH_2232	SOCIAL	Confiança conquistada.	Alcance o estágio PROXIMO com um NPC.	75	NO
ACH_2233	SOCIAL	Uma amizade nasceu.	Alcance o estágio AMIGO com um NPC.	60	NO
ACH_2234	SOCIAL	Confiança conquistada.	Alcance o estágio PROXIMO com um NPC.	20	NO
ACH_2235	DISCOVERY	Segredo encontrado.	Descubra Santuário de Drakensport.	90	NO
ACH_2236	SURVIVAL	Sobrevivente.	Passe por uma semana sem deixar Fome ou Sede chegar a zero.	60	NO
ACH_2237	CRAFT	Mestre da oficina.	Produza ou adquira Erva do Bosque Antigo fermentada.	85	NO
ACH_2238	EPILOGUE	A cidade se lembra.	Conclua um acontecimento que altere o destino de uma cidade.	105	YES
ACH_2239	EPILOGUE	Mesmo a derrota deixa uma história.	Registre um desfecho negativo no Prólogo.	90	YES
ACH_2240	MAGIC	Página virada.	Aprenda um feitiço de nível 10.	90	NO
ACH_2241	ACADEMY	Um dia de cada vez.	Conclua uma etapa acadêmica.	105	NO
ACH_2242	WORLD	Conhecedor de Zorathen.	Visite Zorathen.	90	NO
ACH_2243	ROMANCE	Um sentimento confessado.	Alcance ROMANCE com um NPC adulto.	15	NO
ACH_2244	SOCIAL	Confiança conquistada.	Alcance o estágio PROXIMO com um NPC.	55	NO
ACH_2245	MAGIC	Página virada.	Aprenda um feitiço de nível 8.	50	NO
ACH_2246	EPILOGUE	Nome gravado na história.	Registre um desfecho heroico no Prólogo.	50	YES
ACH_2247	COMBAT	Caçador de Titan.	Derrote 3 criaturas da espécie Titan.	20	NO
ACH_2248	EPILOGUE	Nome gravado na história.	Registre um desfecho heroico no Prólogo.	85	YES
ACH_2249	ACADEMY	Um dia de cada vez.	Conclua uma etapa acadêmica.	70	NO
ACH_2250	EPILOGUE	Nome gravado na história.	Registre um desfecho heroico no Prólogo.	25	YES
ACH_2251	DISCOVERY	Segredo encontrado.	Descubra Arena de Wyrmhaven.	65	NO
ACH_2252	WORLD	Conhecedor de Oakmere.	Visite Oakmere.	80	NO
ACH_2253	WORLD	Conhecedor de Caelwyn.	Visite Caelwyn.	70	NO
ACH_2254	ACADEMY	Um dia de cada vez.	Conclua uma etapa acadêmica.	45	NO
ACH_2255	COMBAT	Primeira vitória contra Spider.	Derrote um Spider.	100	NO
ACH_2256	ACADEMY	Um dia de cada vez.	Conclua uma etapa acadêmica.	85	NO
ACH_2257	CRAFT	Mestre da oficina.	Produza ou adquira Shovel.	85	NO
ACH_2258	GUILD	Nome na Guilda.	Alcance o rank S da Guilda.	40	NO
ACH_2259	ACADEMY	Um dia de cada vez.	Conclua uma etapa acadêmica.	95	NO
ACH_2260	DISCOVERY	Segredo encontrado.	Descubra Loja de Crestwyn.	85	NO
ACH_2261	COMBAT	Primeira vitória contra Harpy.	Derrote um Harpy.	60	NO
ACH_2262	COMBAT	Caçador de Centaur.	Derrote 3 criaturas da espécie Centaur.	25	NO
ACH_2263	SOCIAL	Confiança conquistada.	Alcance o estágio PROXIMO com um NPC.	45	NO
ACH_2264	MAGIC	Página virada.	Aprenda um feitiço de nível 8.	15	NO
ACH_2265	SOCIAL	Uma amizade nasceu.	Alcance o estágio AMIGO com um NPC.	20	NO
ACH_2266	SURVIVAL	Sobrevivente.	Passe por uma semana sem deixar Fome ou Sede chegar a zero.	70	NO
ACH_2267	EPILOGUE	Mesmo a derrota deixa uma história.	Registre um desfecho negativo no Prólogo.	65	YES
ACH_2268	SOCIAL	Confiança conquistada.	Alcance o estágio PROXIMO com um NPC.	70	NO
ACH_2269	EPILOGUE	A cidade se lembra.	Conclua um acontecimento que altere o destino de uma cidade.	75	YES
ACH_2270	GUILD	Nome na Guilda.	Alcance o rank B da Guilda.	30	NO
ACH_2271	EPILOGUE	A cidade se lembra.	Conclua um acontecimento que altere o destino de uma cidade.	105	YES
ACH_2272	ROMANCE	Um sentimento confessado.	Alcance ROMANCE com um NPC adulto.	20	NO
ACH_2273	WORLD	Conhecedor de Dawnspire.	Visite Dawnspire.	90	NO
ACH_2274	ROMANCE	Um sentimento confessado.	Alcance ROMANCE com um NPC adulto.	80	NO
ACH_2275	COMBAT	Caçador de Basilisk.	Derrote 25 criaturas da espécie Basilisk.	35	NO
ACH_2276	CRAFT	Mestre da oficina.	Produza ou adquira Sword of Shaman.	35	NO
ACH_2277	GUILD	Nome na Guilda.	Alcance o rank S da Guilda.	50	NO
ACH_2278	ACADEMY	Um dia de cada vez.	Conclua uma etapa acadêmica.	80	NO
ACH_2279	EPILOGUE	Nome gravado na história.	Registre um desfecho heroico no Prólogo.	20	YES
ACH_2280	ACADEMY	Um dia de cada vez.	Conclua uma etapa acadêmica.	100	NO
ACH_2281	COMBAT	Primeira vitória contra Mooncalf.	Derrote um Mooncalf.	65	NO
ACH_2282	SOCIAL	Uma amizade nasceu.	Alcance o estágio AMIGO com um NPC.	50	NO
ACH_2283	ROMANCE	Um sentimento confessado.	Alcance ROMANCE com um NPC adulto.	70	NO
ACH_2284	ACADEMY	Veterano de Valdora.	Conclua um ano da Academia.	100	NO
ACH_2285	SOCIAL	Confiança conquistada.	Alcance o estágio PROXIMO com um NPC.	45	NO
ACH_2286	ACADEMY	Um dia de cada vez.	Conclua uma etapa acadêmica.	45	NO
ACH_2287	CRAFT	Mestre da oficina.	Produza ou adquira Pão de wyvern com queijo.	25	NO
ACH_2288	COMBAT	Caçador de Rat.	Derrote 3 criaturas da espécie Rat.	90	NO
ACH_2289	ACADEMY	Um dia de cada vez.	Conclua uma etapa acadêmica.	50	NO
ACH_2290	WORLD	Conhecedor de Fornalia.	Visite Fornalia.	100	NO
ACH_2291	EPILOGUE	Mesmo a derrota deixa uma história.	Registre um desfecho negativo no Prólogo.	85	YES
ACH_2292	GUILD	Nome na Guilda.	Alcance o rank E da Guilda.	70	NO
ACH_2293	ACADEMY	Um dia de cada vez.	Conclua uma etapa acadêmica.	100	NO
ACH_2294	DISCOVERY	Segredo encontrado.	Descubra Ferraria de Fenndral.	65	NO
ACH_2295	ACADEMY	Um dia de cada vez.	Conclua uma etapa acadêmica.	40	NO
ACH_2296	COMBAT	Primeira vitória contra Lich.	Derrote um Lich.	20	NO
ACH_2297	ROMANCE	Um sentimento confessado.	Alcance ROMANCE com um NPC adulto.	80	NO
ACH_2298	EPILOGUE	A cidade se lembra.	Conclua um acontecimento que altere o destino de uma cidade.	80	YES
ACH_2299	EPILOGUE	Nome gravado na história.	Registre um desfecho heroico no Prólogo.	20	YES
ACH_2300	COMBAT	Primeira vitória contra Wyrm.	Derrote um Wyrm.	35	NO
ACH_2301	COMBAT	Primeira vitória contra Roc.	Derrote um Roc.	25	NO
ACH_2302	COMBAT	Primeira vitória contra Leviathan.	Derrote um Leviathan.	45	NO
ACH_2303	EPILOGUE	Mesmo a derrota deixa uma história.	Registre um desfecho negativo no Prólogo.	35	YES
ACH_2304	EPILOGUE	Nome gravado na história.	Registre um desfecho heroico no Prólogo.	25	YES
ACH_2305	DISCOVERY	Segredo encontrado.	Descubra Estábulo de Emerald Tide.	100	NO
ACH_2306	EPILOGUE	Mesmo a derrota deixa uma história.	Registre um desfecho negativo no Prólogo.	65	YES
ACH_2307	EPILOGUE	Mesmo a derrota deixa uma história.	Registre um desfecho negativo no Prólogo.	35	YES
ACH_2308	ACADEMY	Veterano de Valdora.	Conclua um ano da Academia.	45	NO
ACH_2309	MAGIC	Página virada.	Aprenda um feitiço de nível 6.	80	NO
ACH_2310	GUILD	Nome na Guilda.	Alcance o rank E da Guilda.	75	NO
ACH_2311	CRAFT	Mestre da oficina.	Produza ou adquira Armadura de Espinhos do sacerdote.	45	NO
ACH_2312	ROMANCE	Um sentimento confessado.	Alcance ROMANCE com um NPC adulto.	25	NO
ACH_2313	MAGIC	Página virada.	Aprenda um feitiço de nível 6.	55	NO
ACH_2314	COMBAT	Primeira vitória contra Harpy.	Derrote um Harpy.	75	NO
ACH_2315	DISCOVERY	Segredo encontrado.	Descubra Local cultista de Norhaven.	35	NO
ACH_2316	SOCIAL	Uma amizade nasceu.	Alcance o estágio AMIGO com um NPC.	35	NO
ACH_2317	COMBAT	Primeira vitória contra Angel.	Derrote um Angel.	50	NO
ACH_2318	WORLD	Conhecedor de Emberholt.	Visite Emberholt.	55	NO
ACH_2319	WORLD	Conhecedor de Sem nome definido.	Visite Sem nome definido.	85	NO
ACH_2320	SOCIAL	Uma amizade nasceu.	Alcance o estágio AMIGO com um NPC.	90	NO
ACH_2321	GUILD	Nome na Guilda.	Alcance o rank C da Guilda.	90	NO
ACH_2322	EPILOGUE	Nome gravado na história.	Registre um desfecho heroico no Prólogo.	85	YES
ACH_2323	SURVIVAL	Sobrevivente.	Passe por uma semana sem deixar Fome ou Sede chegar a zero.	90	NO
ACH_2324	EPILOGUE	Mesmo a derrota deixa uma história.	Registre um desfecho negativo no Prólogo.	35	YES
ACH_2325	ROMANCE	Um sentimento confessado.	Alcance ROMANCE com um NPC adulto.	15	NO
ACH_2326	MAGIC	Página virada.	Aprenda um feitiço de nível 2.	65	NO
ACH_2327	ACADEMY	Veterano de Valdora.	Conclua um ano da Academia.	90	NO
ACH_2328	EPILOGUE	Nome gravado na história.	Registre um desfecho heroico no Prólogo.	80	YES
ACH_2329	GUILD	Nome na Guilda.	Alcance o rank S da Guilda.	90	NO
ACH_2330	CRAFT	Mestre da oficina.	Produza ou adquira Frasco de mercador.	45	NO
ACH_2331	SURVIVAL	Sobrevivente.	Passe por uma semana sem deixar Fome ou Sede chegar a zero.	45	NO
ACH_2332	MAGIC	Página virada.	Aprenda um feitiço de nível 3.	75	NO
ACH_2333	ACADEMY	Veterano de Valdora.	Conclua um ano da Academia.	45	NO
ACH_2334	SURVIVAL	Sobrevivente.	Passe por uma semana sem deixar Fome ou Sede chegar a zero.	25	NO
ACH_2335	DISCOVERY	Segredo encontrado.	Descubra Palácio de Crystalia.	30	NO
ACH_2336	SOCIAL	Confiança conquistada.	Alcance o estágio PROXIMO com um NPC.	25	NO
ACH_2337	COMBAT	Primeira vitória contra Ogre.	Derrote um Ogre.	65	NO
ACH_2338	ROMANCE	Um sentimento confessado.	Alcance ROMANCE com um NPC adulto.	35	NO
ACH_2339	CRAFT	Mestre da oficina.	Produza ou adquira Barril de explorador.	20	NO
ACH_2340	GUILD	Nome na Guilda.	Alcance o rank S da Guilda.	40	NO
ACH_2341	COMBAT	Primeira vitória contra Leviathan.	Derrote um Leviathan.	95	NO
ACH_2342	SOCIAL	Uma amizade nasceu.	Alcance o estágio AMIGO com um NPC.	50	NO
ACH_2343	WORLD	Conhecedor de Aerocivitus.	Visite Aerocivitus.	55	NO
ACH_2344	DISCOVERY	Segredo encontrado.	Descubra Biblioteca de Drakensport.	30	NO
ACH_2345	ROMANCE	Um sentimento confessado.	Alcance ROMANCE com um NPC adulto.	35	NO
ACH_2346	GUILD	Nome na Guilda.	Alcance o rank F da Guilda.	20	NO
ACH_2347	CRAFT	Mestre da oficina.	Produza ou adquira Cascalho de Aeloria.	65	NO
ACH_2348	DISCOVERY	Segredo encontrado.	Descubra Templo de Wyrmhaven.	35	NO
ACH_2349	MAGIC	Página virada.	Aprenda um feitiço de nível 5.	35	NO
ACH_2350	SOCIAL	Uma amizade nasceu.	Alcance o estágio AMIGO com um NPC.	85	NO
ACH_2351	COMBAT	Primeira vitória contra Serpent.	Derrote um Serpent.	15	NO
ACH_2352	MAGIC	Página virada.	Aprenda um feitiço de nível 1.	60	NO
ACH_2353	GUILD	Nome na Guilda.	Alcance o rank S da Guilda.	95	NO
ACH_2354	WORLD	Conhecedor de Mistvale.	Visite Mistvale.	95	NO
ACH_2355	ROMANCE	Um sentimento confessado.	Alcance ROMANCE com um NPC adulto.	50	NO
ACH_2356	SURVIVAL	Sobrevivente.	Passe por uma semana sem deixar Fome ou Sede chegar a zero.	80	NO
ACH_2357	DISCOVERY	Segredo encontrado.	Descubra Laboratório de Alquimia de Arvenholt.	75	NO
ACH_2358	EPILOGUE	Mesmo a derrota deixa uma história.	Registre um desfecho negativo no Prólogo.	15	YES
ACH_2359	EPILOGUE	Mesmo a derrota deixa uma história.	Registre um desfecho negativo no Prólogo.	25	YES
ACH_2360	ACADEMY	Um dia de cada vez.	Conclua uma etapa acadêmica.	60	NO
ACH_2361	ROMANCE	Um sentimento confessado.	Alcance ROMANCE com um NPC adulto.	55	NO
ACH_2362	ACADEMY	Veterano de Valdora.	Conclua um ano da Academia.	70	NO
ACH_2363	SOCIAL	Confiança conquistada.	Alcance o estágio PROXIMO com um NPC.	20	NO
ACH_2364	WORLD	Conhecedor de Ulthmere.	Visite Ulthmere.	25	NO
ACH_2365	MAGIC	Página virada.	Aprenda um feitiço de nível 9.	70	NO
ACH_2366	MAGIC	Página virada.	Aprenda um feitiço de nível 6.	30	NO
ACH_2367	DISCOVERY	Segredo encontrado.	Descubra Casa de Cindralith.	25	NO
ACH_2368	COMBAT	Caçador de Wraith.	Derrote 3 criaturas da espécie Wraith.	30	NO
ACH_2369	COMBAT	Primeira vitória contra Stag.	Derrote um Stag.	55	NO
ACH_2370	SURVIVAL	Sobrevivente.	Passe por uma semana sem deixar Fome ou Sede chegar a zero.	70	NO
ACH_2371	EPILOGUE	Nome gravado na história.	Registre um desfecho heroico no Prólogo.	70	YES
ACH_2372	WORLD	Conhecedor de Zorathen.	Visite Zorathen.	65	NO
ACH_2373	GUILD	Nome na Guilda.	Alcance o rank F da Guilda.	85	NO
ACH_2374	GUILD	Nome na Guilda.	Alcance o rank B da Guilda.	70	NO
ACH_2375	WORLD	Conhecedor de Oathmere.	Visite Oathmere.	15	NO
ACH_2376	ACADEMY	Veterano de Valdora.	Conclua um ano da Academia.	60	NO
ACH_2377	WORLD	Conhecedor de Stormhaven.	Visite Stormhaven.	90	NO
ACH_2378	SOCIAL	Confiança conquistada.	Alcance o estágio PROXIMO com um NPC.	25	NO
ACH_2379	SOCIAL	Uma amizade nasceu.	Alcance o estágio AMIGO com um NPC.	55	NO
ACH_2380	DISCOVERY	Segredo encontrado.	Descubra Dungeon de Drakensport.	100	NO
ACH_2381	EPILOGUE	Nome gravado na história.	Registre um desfecho heroico no Prólogo.	25	YES
ACH_2382	MAGIC	Página virada.	Aprenda um feitiço de nível 4.	100	NO
ACH_2383	SOCIAL	Confiança conquistada.	Alcance o estágio PROXIMO com um NPC.	100	NO
ACH_2384	COMBAT	Primeira vitória contra Bear.	Derrote um Bear.	85	NO
ACH_2385	SOCIAL	Uma amizade nasceu.	Alcance o estágio AMIGO com um NPC.	85	NO
ACH_2386	COMBAT	Caçador de Specter.	Derrote 25 criaturas da espécie Specter.	40	NO
ACH_2387	SURVIVAL	Sobrevivente.	Passe por uma semana sem deixar Fome ou Sede chegar a zero.	65	NO
ACH_2388	EPILOGUE	Nome gravado na história.	Registre um desfecho heroico no Prólogo.	55	YES
ACH_2389	WORLD	Conhecedor de Ashenford.	Visite Ashenford.	25	NO
ACH_2390	ACADEMY	Um dia de cada vez.	Conclua uma etapa acadêmica.	75	NO
ACH_2391	EPILOGUE	Nome gravado na história.	Registre um desfecho heroico no Prólogo.	100	YES
ACH_2392	CRAFT	Mestre da oficina.	Produza ou adquira Erva Solar moída.	85	NO
ACH_2393	MAGIC	Página virada.	Aprenda um feitiço de nível 2.	65	NO
ACH_2394	ROMANCE	Um sentimento confessado.	Alcance ROMANCE com um NPC adulto.	20	NO
ACH_2395	COMBAT	Caçador de Behemoth.	Derrote 50 criaturas da espécie Behemoth.	60	NO
ACH_2396	WORLD	Conhecedor de Sem nome definido.	Visite Sem nome definido.	25	NO
ACH_2397	CRAFT	Mestre da oficina.	Produza ou adquira Pele de górgona de reprodução.	80	NO
ACH_2398	SURVIVAL	Sobrevivente.	Passe por uma semana sem deixar Fome ou Sede chegar a zero.	70	NO
ACH_2399	COMBAT	Primeira vitória contra Basilisk.	Derrote um Basilisk.	35	NO
ACH_2400	EPILOGUE	A cidade se lembra.	Conclua um acontecimento que altere o destino de uma cidade.	40	YES
ACH_2401	COMBAT	Primeira vitória contra Gryphon.	Derrote um Gryphon.	100	NO
ACH_2402	SOCIAL	Uma amizade nasceu.	Alcance o estágio AMIGO com um NPC.	20	NO
ACH_2403	ACADEMY	Veterano de Valdora.	Conclua um ano da Academia.	45	NO
ACH_2404	COMBAT	Caçador de Orc.	Derrote 5 criaturas da espécie Orc.	25	NO
ACH_2405	SOCIAL	Uma amizade nasceu.	Alcance o estágio AMIGO com um NPC.	15	NO
ACH_2406	GUILD	Nome na Guilda.	Alcance o rank E da Guilda.	30	NO
ACH_2407	CRAFT	Mestre da oficina.	Produza ou adquira Erva de Fogo fresca.	65	NO
ACH_2408	DISCOVERY	Segredo encontrado.	Descubra Palácio de Myrendale.	80	NO
ACH_2409	EPILOGUE	Mesmo a derrota deixa uma história.	Registre um desfecho negativo no Prólogo.	35	YES
ACH_2410	MAGIC	Página virada.	Aprenda um feitiço de nível 3.	95	NO
ACH_2411	EPILOGUE	Nome gravado na história.	Registre um desfecho heroico no Prólogo.	25	YES
ACH_2412	EPILOGUE	A cidade se lembra.	Conclua um acontecimento que altere o destino de uma cidade.	20	YES
ACH_2413	ACADEMY	Um dia de cada vez.	Conclua uma etapa acadêmica.	95	NO
ACH_2414	WORLD	Conhecedor de Brumas.	Visite Brumas.	65	NO
ACH_2415	ROMANCE	Um sentimento confessado.	Alcance ROMANCE com um NPC adulto.	75	NO
ACH_2416	EPILOGUE	Mesmo a derrota deixa uma história.	Registre um desfecho negativo no Prólogo.	35	YES
ACH_2417	ACADEMY	Um dia de cada vez.	Conclua uma etapa acadêmica.	105	NO
ACH_2418	WORLD	Conhecedor de Ulthmere.	Visite Ulthmere.	35	NO
ACH_2419	EPILOGUE	Mesmo a derrota deixa uma história.	Registre um desfecho negativo no Prólogo.	105	YES
ACH_2420	WORLD	Conhecedor de Oakmere.	Visite Oakmere.	50	NO
ACH_2421	COMBAT	Caçador de Djinn.	Derrote 25 criaturas da espécie Djinn.	25	NO
ACH_2422	EPILOGUE	Nome gravado na história.	Registre um desfecho heroico no Prólogo.	35	YES
ACH_2423	SOCIAL	Uma amizade nasceu.	Alcance o estágio AMIGO com um NPC.	15	NO
ACH_2424	COMBAT	Primeira vitória contra Kobold.	Derrote um Kobold.	45	NO
ACH_2425	CRAFT	Mestre da oficina.	Produza ou adquira Cristal de Elyth desperto.	95	NO
ACH_2426	CRAFT	Mestre da oficina.	Produza ou adquira Vellumita Celestial.	25	NO
ACH_2427	SOCIAL	Uma amizade nasceu.	Alcance o estágio AMIGO com um NPC.	60	NO
ACH_2428	MAGIC	Página virada.	Aprenda um feitiço de nível 2.	85	NO
ACH_2429	SOCIAL	Uma amizade nasceu.	Alcance o estágio AMIGO com um NPC.	30	NO
ACH_2430	EPILOGUE	Nome gravado na história.	Registre um desfecho heroico no Prólogo.	65	YES
ACH_2431	ACADEMY	Veterano de Valdora.	Conclua um ano da Academia.	75	NO
ACH_2432	ROMANCE	Um sentimento confessado.	Alcance ROMANCE com um NPC adulto.	40	NO
ACH_2433	SURVIVAL	Sobrevivente.	Passe por uma semana sem deixar Fome ou Sede chegar a zero.	75	NO
ACH_2434	GUILD	Nome na Guilda.	Alcance o rank A da Guilda.	100	NO
ACH_2435	EPILOGUE	Mesmo a derrota deixa uma história.	Registre um desfecho negativo no Prólogo.	40	YES
ACH_2436	CRAFT	Mestre da oficina.	Produza ou adquira Corda de viagem.	75	NO
ACH_2437	SOCIAL	Confiança conquistada.	Alcance o estágio PROXIMO com um NPC.	75	NO
ACH_2438	EPILOGUE	A cidade se lembra.	Conclua um acontecimento que altere o destino de uma cidade.	85	YES
ACH_2439	MAGIC	Página virada.	Aprenda um feitiço de nível 3.	40	NO
ACH_2440	COMBAT	Caçador de Basilisk.	Derrote 25 criaturas da espécie Basilisk.	60	NO
ACH_2441	ACADEMY	Veterano de Valdora.	Conclua um ano da Academia.	100	NO
ACH_2442	WORLD	Conhecedor de Highspire.	Visite Highspire.	35	NO
ACH_2443	ACADEMY	Um dia de cada vez.	Conclua uma etapa acadêmica.	90	NO
ACH_2444	EPILOGUE	Nome gravado na história.	Registre um desfecho heroico no Prólogo.	25	YES
ACH_2445	ROMANCE	Um sentimento confessado.	Alcance ROMANCE com um NPC adulto.	45	NO
ACH_2446	ACADEMY	Um dia de cada vez.	Conclua uma etapa acadêmica.	15	NO
ACH_2447	CRAFT	Mestre da oficina.	Produza ou adquira Diamante Lavado.	55	NO
ACH_2448	EPILOGUE	Nome gravado na história.	Registre um desfecho heroico no Prólogo.	70	YES
ACH_2449	GUILD	Nome na Guilda.	Alcance o rank S da Guilda.	35	NO
ACH_2450	EPILOGUE	Nome gravado na história.	Registre um desfecho heroico no Prólogo.	30	YES
ACH_2451	ROMANCE	Um sentimento confessado.	Alcance ROMANCE com um NPC adulto.	35	NO
ACH_2452	DISCOVERY	Segredo encontrado.	Descubra Casa de Zorathen.	85	NO
ACH_2453	ACADEMY	Veterano de Valdora.	Conclua um ano da Academia.	65	NO
ACH_2454	ACADEMY	Um dia de cada vez.	Conclua uma etapa acadêmica.	35	NO
ACH_2455	SURVIVAL	Sobrevivente.	Passe por uma semana sem deixar Fome ou Sede chegar a zero.	40	NO
ACH_2456	WORLD	Conhecedor de Norhaven.	Visite Norhaven.	70	NO
ACH_2457	ACADEMY	Um dia de cada vez.	Conclua uma etapa acadêmica.	20	NO
ACH_2458	COMBAT	Caçador de Salamander.	Derrote 25 criaturas da espécie Salamander.	70	NO
ACH_2459	MAGIC	Página virada.	Aprenda um feitiço de nível 8.	40	NO
ACH_2460	EPILOGUE	A cidade se lembra.	Conclua um acontecimento que altere o destino de uma cidade.	20	YES
ACH_2461	SOCIAL	Uma amizade nasceu.	Alcance o estágio AMIGO com um NPC.	50	NO
ACH_2462	MAGIC	Página virada.	Aprenda um feitiço de nível 9.	75	NO
ACH_2463	SURVIVAL	Sobrevivente.	Passe por uma semana sem deixar Fome ou Sede chegar a zero.	30	NO
ACH_2464	CRAFT	Mestre da oficina.	Produza ou adquira Espada do Deserto rúnica.	75	NO
ACH_2465	GUILD	Nome na Guilda.	Alcance o rank F da Guilda.	20	NO
ACH_2466	SOCIAL	Uma amizade nasceu.	Alcance o estágio AMIGO com um NPC.	55	NO
ACH_2467	COMBAT	Caçador de Stag.	Derrote 10 criaturas da espécie Stag.	25	NO
ACH_2468	EPILOGUE	Nome gravado na história.	Registre um desfecho heroico no Prólogo.	90	YES
ACH_2469	EPILOGUE	A cidade se lembra.	Conclua um acontecimento que altere o destino de uma cidade.	105	YES
ACH_2470	CRAFT	Mestre da oficina.	Produza ou adquira Frasco de cozinheiro.	65	NO
ACH_2471	GUILD	Nome na Guilda.	Alcance o rank B da Guilda.	35	NO
ACH_2472	EPILOGUE	A cidade se lembra.	Conclua um acontecimento que altere o destino de uma cidade.	50	YES
ACH_2473	MAGIC	Página virada.	Aprenda um feitiço de nível 3.	20	NO
ACH_2474	SURVIVAL	Sobrevivente.	Passe por uma semana sem deixar Fome ou Sede chegar a zero.	50	NO
ACH_2475	EPILOGUE	Nome gravado na história.	Registre um desfecho heroico no Prólogo.	75	YES
ACH_2476	DISCOVERY	Segredo encontrado.	Descubra Restaurante de Stone-Âmbar.	105	NO
ACH_2477	WORLD	Conhecedor de Pyrelith.	Visite Pyrelith.	105	NO
ACH_2478	EPILOGUE	Nome gravado na história.	Registre um desfecho heroico no Prólogo.	90	YES
ACH_2479	ACADEMY	Um dia de cada vez.	Conclua uma etapa acadêmica.	95	NO
ACH_2480	ACADEMY	Um dia de cada vez.	Conclua uma etapa acadêmica.	95	NO
ACH_2481	DISCOVERY	Segredo encontrado.	Descubra Estábulo de Xandralor.	65	NO
ACH_2482	COMBAT	Caçador de Orc.	Derrote 3 criaturas da espécie Orc.	35	NO
ACH_2483	ACADEMY	Veterano de Valdora.	Conclua um ano da Academia.	60	NO
ACH_2484	COMBAT	Primeira vitória contra Beetle.	Derrote um Beetle.	60	NO
ACH_2485	COMBAT	Primeira vitória contra Lynx.	Derrote um Lynx.	25	NO
ACH_2486	WORLD	Conhecedor de Sem nome definido.	Visite Sem nome definido.	70	NO
ACH_2487	ACADEMY	Um dia de cada vez.	Conclua uma etapa acadêmica.	45	NO
ACH_2488	SOCIAL	Uma amizade nasceu.	Alcance o estágio AMIGO com um NPC.	105	NO
ACH_2489	MAGIC	Página virada.	Aprenda um feitiço de nível 7.	50	NO
ACH_2490	WORLD	Conhecedor de Kethralith.	Visite Kethralith.	80	NO
ACH_2491	GUILD	Nome na Guilda.	Alcance o rank Z da Guilda.	80	NO
ACH_2492	EPILOGUE	Mesmo a derrota deixa uma história.	Registre um desfecho negativo no Prólogo.	90	YES
ACH_2493	SOCIAL	Confiança conquistada.	Alcance o estágio PROXIMO com um NPC.	55	NO
ACH_2494	ACADEMY	Um dia de cada vez.	Conclua uma etapa acadêmica.	95	NO
ACH_2495	COMBAT	Primeira vitória contra Salamander.	Derrote um Salamander.	95	NO
ACH_2496	DISCOVERY	Segredo encontrado.	Descubra Biblioteca de Umbravale.	45	NO
ACH_2497	SURVIVAL	Sobrevivente.	Passe por uma semana sem deixar Fome ou Sede chegar a zero.	45	NO
ACH_2498	CRAFT	Mestre da oficina.	Produza ou adquira Terra de Drakensport.	25	NO
ACH_2499	COMBAT	Caçador de Dryad.	Derrote 3 criaturas da espécie Dryad.	105	NO
ACH_2500	DISCOVERY	Segredo encontrado.	Descubra Academia de Goldhaven.	30	NO
ACH_2501	ROMANCE	Um sentimento confessado.	Alcance ROMANCE com um NPC adulto.	20	NO
ACH_2502	SOCIAL	Confiança conquistada.	Alcance o estágio PROXIMO com um NPC.	45	NO
ACH_2503	CRAFT	Mestre da oficina.	Produza ou adquira Água de cacau fermentada.	75	NO
ACH_2504	ROMANCE	Um sentimento confessado.	Alcance ROMANCE com um NPC adulto.	45	NO
ACH_2505	COMBAT	Primeira vitória contra Drake.	Derrote um Drake.	45	NO
ACH_2506	SURVIVAL	Sobrevivente.	Passe por uma semana sem deixar Fome ou Sede chegar a zero.	90	NO
ACH_2507	MAGIC	Página virada.	Aprenda um feitiço de nível 10.	95	NO
ACH_2508	CRAFT	Mestre da oficina.	Produza ou adquira Água de erva lunar aromática.	80	NO
ACH_2509	EPILOGUE	Nome gravado na história.	Registre um desfecho heroico no Prólogo.	85	YES
ACH_2510	DISCOVERY	Segredo encontrado.	Descubra Torre de Magos de Veyndaril.	20	NO
ACH_2511	GUILD	Nome na Guilda.	Alcance o rank S da Guilda.	65	NO
ACH_2512	WORLD	Conhecedor de Feyndral.	Visite Feyndral.	105	NO
ACH_2513	ROMANCE	Um sentimento confessado.	Alcance ROMANCE com um NPC adulto.	30	NO
ACH_2514	WORLD	Conhecedor de Greystone.	Visite Greystone.	90	NO
ACH_2515	ACADEMY	Um dia de cada vez.	Conclua uma etapa acadêmica.	60	NO
ACH_2516	EPILOGUE	A cidade se lembra.	Conclua um acontecimento que altere o destino de uma cidade.	25	YES
ACH_2517	MAGIC	Página virada.	Aprenda um feitiço de nível 9.	30	NO
ACH_2518	DISCOVERY	Segredo encontrado.	Descubra Restaurante de Ashenford.	45	NO
ACH_2519	DISCOVERY	Segredo encontrado.	Descubra Laboratório de Alquimia de Ironvale.	85	NO
ACH_2520	MAGIC	Página virada.	Aprenda um feitiço de nível 8.	70	NO
ACH_2521	ACADEMY	Veterano de Valdora.	Conclua um ano da Academia.	40	NO
ACH_2522	COMBAT	Caçador de Minotaur.	Derrote 3 criaturas da espécie Minotaur.	50	NO
ACH_2523	EPILOGUE	A cidade se lembra.	Conclua um acontecimento que altere o destino de uma cidade.	80	YES
ACH_2524	EPILOGUE	A cidade se lembra.	Conclua um acontecimento que altere o destino de uma cidade.	40	YES
ACH_2525	EPILOGUE	Nome gravado na história.	Registre um desfecho heroico no Prólogo.	90	YES
ACH_2526	COMBAT	Caçador de Dryad.	Derrote 50 criaturas da espécie Dryad.	105	NO
ACH_2527	WORLD	Conhecedor de Yndralor.	Visite Yndralor.	25	NO
ACH_2528	COMBAT	Caçador de Angel.	Derrote 25 criaturas da espécie Angel.	30	NO
ACH_2529	ACADEMY	Um dia de cada vez.	Conclua uma etapa acadêmica.	15	NO
ACH_2530	COMBAT	Primeira vitória contra Mooncalf.	Derrote um Mooncalf.	100	NO
ACH_2531	EPILOGUE	A cidade se lembra.	Conclua um acontecimento que altere o destino de uma cidade.	40	YES
ACH_2532	SOCIAL	Confiança conquistada.	Alcance o estágio PROXIMO com um NPC.	55	NO
ACH_2533	ACADEMY	Um dia de cada vez.	Conclua uma etapa acadêmica.	60	NO
ACH_2534	SURVIVAL	Sobrevivente.	Passe por uma semana sem deixar Fome ou Sede chegar a zero.	20	NO
ACH_2535	SURVIVAL	Sobrevivente.	Passe por uma semana sem deixar Fome ou Sede chegar a zero.	35	NO
ACH_2536	EPILOGUE	Mesmo a derrota deixa uma história.	Registre um desfecho negativo no Prólogo.	65	YES
ACH_2537	ACADEMY	Um dia de cada vez.	Conclua uma etapa acadêmica.	80	NO
ACH_2538	SURVIVAL	Sobrevivente.	Passe por uma semana sem deixar Fome ou Sede chegar a zero.	20	NO
ACH_2539	ACADEMY	Veterano de Valdora.	Conclua um ano da Academia.	55	NO
ACH_2540	COMBAT	Caçador de Gryphon.	Derrote 10 criaturas da espécie Gryphon.	15	NO
ACH_2541	SURVIVAL	Sobrevivente.	Passe por uma semana sem deixar Fome ou Sede chegar a zero.	60	NO
ACH_2542	ROMANCE	Um sentimento confessado.	Alcance ROMANCE com um NPC adulto.	100	NO
ACH_2543	EPILOGUE	Nome gravado na história.	Registre um desfecho heroico no Prólogo.	45	YES
ACH_2544	SOCIAL	Uma amizade nasceu.	Alcance o estágio AMIGO com um NPC.	30	NO
ACH_2545	COMBAT	Primeira vitória contra Chimera.	Derrote um Chimera.	45	NO
ACH_2546	ROMANCE	Um sentimento confessado.	Alcance ROMANCE com um NPC adulto.	65	NO
ACH_2547	SOCIAL	Uma amizade nasceu.	Alcance o estágio AMIGO com um NPC.	60	NO
ACH_2548	ACADEMY	Veterano de Valdora.	Conclua um ano da Academia.	15	NO
ACH_2549	EPILOGUE	A cidade se lembra.	Conclua um acontecimento que altere o destino de uma cidade.	95	YES
ACH_2550	CRAFT	Mestre da oficina.	Produza ou adquira Espada de Mithril da maré.	35	NO
ACH_2551	GUILD	Nome na Guilda.	Alcance o rank E da Guilda.	105	NO
ACH_2552	DISCOVERY	Segredo encontrado.	Descubra Cais de Quorathen.	60	NO
ACH_2553	SOCIAL	Uma amizade nasceu.	Alcance o estágio AMIGO com um NPC.	90	NO
ACH_2554	SOCIAL	Uma amizade nasceu.	Alcance o estágio AMIGO com um NPC.	90	NO
ACH_2555	SURVIVAL	Sobrevivente.	Passe por uma semana sem deixar Fome ou Sede chegar a zero.	100	NO
ACH_2556	GUILD	Nome na Guilda.	Alcance o rank E da Guilda.	55	NO
ACH_2557	ACADEMY	Veterano de Valdora.	Conclua um ano da Academia.	105	NO
ACH_2558	SURVIVAL	Sobrevivente.	Passe por uma semana sem deixar Fome ou Sede chegar a zero.	50	NO
ACH_2559	SOCIAL	Confiança conquistada.	Alcance o estágio PROXIMO com um NPC.	25	NO
ACH_2560	EPILOGUE	A cidade se lembra.	Conclua um acontecimento que altere o destino de uma cidade.	55	YES
ACH_2561	MAGIC	Página virada.	Aprenda um feitiço de nível 6.	65	NO
ACH_2562	GUILD	Nome na Guilda.	Alcance o rank C da Guilda.	30	NO
ACH_2563	EPILOGUE	Mesmo a derrota deixa uma história.	Registre um desfecho negativo no Prólogo.	40	YES
ACH_2564	EPILOGUE	A cidade se lembra.	Conclua um acontecimento que altere o destino de uma cidade.	85	YES
ACH_2565	EPILOGUE	Mesmo a derrota deixa uma história.	Registre um desfecho negativo no Prólogo.	35	YES
ACH_2566	COMBAT	Caçador de Naga.	Derrote 50 criaturas da espécie Naga.	15	NO
ACH_2567	SURVIVAL	Sobrevivente.	Passe por uma semana sem deixar Fome ou Sede chegar a zero.	60	NO
ACH_2568	SURVIVAL	Sobrevivente.	Passe por uma semana sem deixar Fome ou Sede chegar a zero.	45	NO
ACH_2569	ACADEMY	Um dia de cada vez.	Conclua uma etapa acadêmica.	50	NO
ACH_2570	COMBAT	Caçador de Troll.	Derrote 50 criaturas da espécie Troll.	45	NO
ACH_2571	MAGIC	Página virada.	Aprenda um feitiço de nível 2.	80	NO
ACH_2572	GUILD	Nome na Guilda.	Alcance o rank E da Guilda.	60	NO
ACH_2573	EPILOGUE	Mesmo a derrota deixa uma história.	Registre um desfecho negativo no Prólogo.	55	YES
ACH_2574	GUILD	Nome na Guilda.	Alcance o rank D da Guilda.	55	NO
ACH_2575	WORLD	Conhecedor de Mistvale.	Visite Mistvale.	70	NO
ACH_2576	SOCIAL	Confiança conquistada.	Alcance o estágio PROXIMO com um NPC.	95	NO
ACH_2577	GUILD	Nome na Guilda.	Alcance o rank Z da Guilda.	50	NO
ACH_2578	SURVIVAL	Sobrevivente.	Passe por uma semana sem deixar Fome ou Sede chegar a zero.	35	NO
ACH_2579	SURVIVAL	Sobrevivente.	Passe por uma semana sem deixar Fome ou Sede chegar a zero.	30	NO
ACH_2580	SOCIAL	Confiança conquistada.	Alcance o estágio PROXIMO com um NPC.	75	NO
ACH_2581	ACADEMY	Um dia de cada vez.	Conclua uma etapa acadêmica.	25	NO
ACH_2582	SOCIAL	Confiança conquistada.	Alcance o estágio PROXIMO com um NPC.	45	NO
ACH_2583	MAGIC	Página virada.	Aprenda um feitiço de nível 3.	15	NO
ACH_2584	COMBAT	Primeira vitória contra Djinn.	Derrote um Djinn.	25	NO
ACH_2585	COMBAT	Caçador de Werebeast.	Derrote 25 criaturas da espécie Werebeast.	80	NO
ACH_2586	DISCOVERY	Segredo encontrado.	Descubra Feira de Ylthmere.	75	NO
ACH_2587	ROMANCE	Um sentimento confessado.	Alcance ROMANCE com um NPC adulto.	60	NO
ACH_2588	EPILOGUE	A cidade se lembra.	Conclua um acontecimento que altere o destino de uma cidade.	60	YES
ACH_2589	COMBAT	Caçador de Treant.	Derrote 3 criaturas da espécie Treant.	75	NO
ACH_2590	DISCOVERY	Segredo encontrado.	Descubra Dungeon de Windralith.	85	NO
ACH_2591	GUILD	Nome na Guilda.	Alcance o rank C da Guilda.	25	NO
ACH_2592	EPILOGUE	A cidade se lembra.	Conclua um acontecimento que altere o destino de uma cidade.	20	YES
ACH_2593	EPILOGUE	A cidade se lembra.	Conclua um acontecimento que altere o destino de uma cidade.	105	YES
ACH_2594	MAGIC	Página virada.	Aprenda um feitiço de nível 7.	30	NO
ACH_2595	ROMANCE	Um sentimento confessado.	Alcance ROMANCE com um NPC adulto.	65	NO
ACH_2596	EPILOGUE	A cidade se lembra.	Conclua um acontecimento que altere o destino de uma cidade.	70	YES
ACH_2597	ACADEMY	Veterano de Valdora.	Conclua um ano da Academia.	35	NO
ACH_2598	ACADEMY	Veterano de Valdora.	Conclua um ano da Academia.	70	NO
ACH_2599	SOCIAL	Confiança conquistada.	Alcance o estágio PROXIMO com um NPC.	80	NO
ACH_2600	EPILOGUE	Nome gravado na história.	Registre um desfecho heroico no Prólogo.	65	YES
ACH_2601	ACADEMY	Um dia de cada vez.	Conclua uma etapa acadêmica.	30	NO
ACH_2602	ACADEMY	Um dia de cada vez.	Conclua uma etapa acadêmica.	75	NO
ACH_2603	ACADEMY	Um dia de cada vez.	Conclua uma etapa acadêmica.	75	NO
ACH_2604	COMBAT	Caçador de Salamander.	Derrote 10 criaturas da espécie Salamander.	70	NO
ACH_2605	SURVIVAL	Sobrevivente.	Passe por uma semana sem deixar Fome ou Sede chegar a zero.	55	NO
ACH_2606	EPILOGUE	Nome gravado na história.	Registre um desfecho heroico no Prólogo.	100	YES
ACH_2607	SOCIAL	Uma amizade nasceu.	Alcance o estágio AMIGO com um NPC.	70	NO
ACH_2608	MAGIC	Página virada.	Aprenda um feitiço de nível 10.	20	NO
ACH_2609	GUILD	Nome na Guilda.	Alcance o rank Z da Guilda.	60	NO
ACH_2610	GUILD	Nome na Guilda.	Alcance o rank A da Guilda.	25	NO
ACH_2611	EPILOGUE	A cidade se lembra.	Conclua um acontecimento que altere o destino de uma cidade.	65	YES
ACH_2612	SOCIAL	Uma amizade nasceu.	Alcance o estágio AMIGO com um NPC.	15	NO
ACH_2613	EPILOGUE	A cidade se lembra.	Conclua um acontecimento que altere o destino de uma cidade.	95	YES
ACH_2614	COMBAT	Primeira vitória contra Wyrm.	Derrote um Wyrm.	35	NO
ACH_2615	DISCOVERY	Segredo encontrado.	Descubra Posto da Guarda de Drakensport.	15	NO
ACH_2616	SOCIAL	Confiança conquistada.	Alcance o estágio PROXIMO com um NPC.	30	NO
ACH_2617	GUILD	Nome na Guilda.	Alcance o rank Z da Guilda.	45	NO
ACH_2618	ROMANCE	Um sentimento confessado.	Alcance ROMANCE com um NPC adulto.	95	NO
ACH_2619	GUILD	Nome na Guilda.	Alcance o rank D da Guilda.	100	NO
ACH_2620	GUILD	Nome na Guilda.	Alcance o rank Z da Guilda.	80	NO
ACH_2621	GUILD	Nome na Guilda.	Alcance o rank E da Guilda.	80	NO
ACH_2622	COMBAT	Caçador de Specter.	Derrote 10 criaturas da espécie Specter.	30	NO
ACH_2623	DISCOVERY	Segredo encontrado.	Descubra Palácio de Frostmere.	25	NO
ACH_2624	COMBAT	Primeira vitória contra Bear.	Derrote um Bear.	20	NO
ACH_2625	COMBAT	Caçador de Djinn.	Derrote 25 criaturas da espécie Djinn.	100	NO
ACH_2626	COMBAT	Caçador de Revenant.	Derrote 50 criaturas da espécie Revenant.	75	NO
ACH_2627	SURVIVAL	Sobrevivente.	Passe por uma semana sem deixar Fome ou Sede chegar a zero.	45	NO
ACH_2628	WORLD	Conhecedor de Eldrath.	Visite Eldrath.	95	NO
ACH_2629	COMBAT	Primeira vitória contra Bat.	Derrote um Bat.	15	NO
ACH_2630	EPILOGUE	Nome gravado na história.	Registre um desfecho heroico no Prólogo.	40	YES
ACH_2631	EPILOGUE	A cidade se lembra.	Conclua um acontecimento que altere o destino de uma cidade.	15	YES
ACH_2632	SOCIAL	Confiança conquistada.	Alcance o estágio PROXIMO com um NPC.	75	NO
ACH_2633	COMBAT	Primeira vitória contra Hydra.	Derrote um Hydra.	20	NO
ACH_2634	ROMANCE	Um sentimento confessado.	Alcance ROMANCE com um NPC adulto.	70	NO
ACH_2635	SOCIAL	Confiança conquistada.	Alcance o estágio PROXIMO com um NPC.	75	NO
ACH_2636	EPILOGUE	Mesmo a derrota deixa uma história.	Registre um desfecho negativo no Prólogo.	15	YES
ACH_2637	ACADEMY	Veterano de Valdora.	Conclua um ano da Academia.	75	NO
ACH_2638	ROMANCE	Um sentimento confessado.	Alcance ROMANCE com um NPC adulto.	30	NO
ACH_2639	COMBAT	Caçador de Wyrm.	Derrote 3 criaturas da espécie Wyrm.	85	NO
ACH_2640	COMBAT	Caçador de Specter.	Derrote 3 criaturas da espécie Specter.	100	NO
ACH_2641	WORLD	Conhecedor de Frostmere.	Visite Frostmere.	45	NO
ACH_2642	SOCIAL	Uma amizade nasceu.	Alcance o estágio AMIGO com um NPC.	70	NO
ACH_2643	ACADEMY	Um dia de cada vez.	Conclua uma etapa acadêmica.	90	NO
ACH_2644	EPILOGUE	Mesmo a derrota deixa uma história.	Registre um desfecho negativo no Prólogo.	55	YES
ACH_2645	SOCIAL	Confiança conquistada.	Alcance o estágio PROXIMO com um NPC.	85	NO
ACH_2646	MAGIC	Página virada.	Aprenda um feitiço de nível 10.	35	NO
ACH_2647	EPILOGUE	Nome gravado na história.	Registre um desfecho heroico no Prólogo.	25	YES
ACH_2648	SURVIVAL	Sobrevivente.	Passe por uma semana sem deixar Fome ou Sede chegar a zero.	35	NO
ACH_2649	CRAFT	Mestre da oficina.	Produza ou adquira Pão de pato de taverna.	85	NO
ACH_2650	SOCIAL	Confiança conquistada.	Alcance o estágio PROXIMO com um NPC.	50	NO
ACH_2651	ACADEMY	Veterano de Valdora.	Conclua um ano da Academia.	50	NO
ACH_2652	ROMANCE	Um sentimento confessado.	Alcance ROMANCE com um NPC adulto.	55	NO
ACH_2653	COMBAT	Primeira vitória contra Boar.	Derrote um Boar.	55	NO
ACH_2654	EPILOGUE	A cidade se lembra.	Conclua um acontecimento que altere o destino de uma cidade.	85	YES
ACH_2655	CRAFT	Mestre da oficina.	Produza ou adquira Água de Elyth purificada.	20	NO
ACH_2656	WORLD	Conhecedor de Thornmere.	Visite Thornmere.	35	NO
ACH_2657	SURVIVAL	Sobrevivente.	Passe por uma semana sem deixar Fome ou Sede chegar a zero.	35	NO
ACH_2658	DISCOVERY	Segredo encontrado.	Descubra Estábulo de Zephyrholt.	95	NO
ACH_2659	ROMANCE	Um sentimento confessado.	Alcance ROMANCE com um NPC adulto.	60	NO
ACH_2660	EPILOGUE	Mesmo a derrota deixa uma história.	Registre um desfecho negativo no Prólogo.	100	YES
ACH_2661	CRAFT	Mestre da oficina.	Produza ou adquira Cristal de Gelo antigo.	65	NO
ACH_2662	WORLD	Conhecedor de Crestwyn.	Visite Crestwyn.	65	NO
ACH_2663	GUILD	Nome na Guilda.	Alcance o rank C da Guilda.	15	NO
ACH_2664	WORLD	Conhecedor de Dawnspire.	Visite Dawnspire.	45	NO
ACH_2665	ACADEMY	Um dia de cada vez.	Conclua uma etapa acadêmica.	90	NO
ACH_2666	WORLD	Conhecedor de Pyrelith.	Visite Pyrelith.	55	NO
ACH_2667	EPILOGUE	Nome gravado na história.	Registre um desfecho heroico no Prólogo.	105	YES
ACH_2668	CRAFT	Mestre da oficina.	Produza ou adquira Espada de Obsidiana ancestral.	55	NO
ACH_2669	SURVIVAL	Sobrevivente.	Passe por uma semana sem deixar Fome ou Sede chegar a zero.	60	NO
ACH_2670	SURVIVAL	Sobrevivente.	Passe por uma semana sem deixar Fome ou Sede chegar a zero.	25	NO
ACH_2671	SOCIAL	Uma amizade nasceu.	Alcance o estágio AMIGO com um NPC.	85	NO
ACH_2672	ROMANCE	Um sentimento confessado.	Alcance ROMANCE com um NPC adulto.	20	NO
ACH_2673	COMBAT	Caçador de Titan.	Derrote 10 criaturas da espécie Titan.	45	NO
ACH_2674	WORLD	Conhecedor de Jorathen.	Visite Jorathen.	55	NO
ACH_2675	WORLD	Conhecedor de Ylthmere.	Visite Ylthmere.	85	NO
ACH_2676	COMBAT	Caçador de Mimic.	Derrote 25 criaturas da espécie Mimic.	55	NO
ACH_2677	COMBAT	Primeira vitória contra Gryphon.	Derrote um Gryphon.	35	NO
ACH_2678	COMBAT	Primeira vitória contra Ogre.	Derrote um Ogre.	85	NO
ACH_2679	DISCOVERY	Segredo encontrado.	Descubra Cais de Eldrath.	60	NO
ACH_2680	DISCOVERY	Segredo encontrado.	Descubra Loja de Valdora.	100	NO
ACH_2681	ACADEMY	Veterano de Valdora.	Conclua um ano da Academia.	70	NO
ACH_2682	MAGIC	Página virada.	Aprenda um feitiço de nível 10.	95	NO
ACH_2683	SURVIVAL	Sobrevivente.	Passe por uma semana sem deixar Fome ou Sede chegar a zero.	70	NO
ACH_2684	SOCIAL	Uma amizade nasceu.	Alcance o estágio AMIGO com um NPC.	90	NO
ACH_2685	COMBAT	Primeira vitória contra Mantis.	Derrote um Mantis.	40	NO
ACH_2686	EPILOGUE	A cidade se lembra.	Conclua um acontecimento que altere o destino de uma cidade.	95	YES
ACH_2687	WORLD	Conhecedor de Cindralith.	Visite Cindralith.	35	NO
ACH_2688	COMBAT	Caçador de Werebeast.	Derrote 50 criaturas da espécie Werebeast.	15	NO
ACH_2689	EPILOGUE	Nome gravado na história.	Registre um desfecho heroico no Prólogo.	55	YES
ACH_2690	EPILOGUE	Nome gravado na história.	Registre um desfecho heroico no Prólogo.	35	YES
ACH_2691	ACADEMY	Veterano de Valdora.	Conclua um ano da Academia.	50	NO
ACH_2692	GUILD	Nome na Guilda.	Alcance o rank Z da Guilda.	55	NO
ACH_2693	SURVIVAL	Sobrevivente.	Passe por uma semana sem deixar Fome ou Sede chegar a zero.	105	NO
ACH_2694	SURVIVAL	Sobrevivente.	Passe por uma semana sem deixar Fome ou Sede chegar a zero.	105	NO
ACH_2695	EPILOGUE	Nome gravado na história.	Registre um desfecho heroico no Prólogo.	90	YES
ACH_2696	MAGIC	Página virada.	Aprenda um feitiço de nível 7.	55	NO
ACH_2697	EPILOGUE	A cidade se lembra.	Conclua um acontecimento que altere o destino de uma cidade.	40	YES
ACH_2698	CRAFT	Mestre da oficina.	Produza ou adquira Raiz de Vellum fresca.	80	NO
ACH_2699	EPILOGUE	Mesmo a derrota deixa uma história.	Registre um desfecho negativo no Prólogo.	55	YES
ACH_2700	SURVIVAL	Sobrevivente.	Passe por uma semana sem deixar Fome ou Sede chegar a zero.	40	NO
ACH_2701	EPILOGUE	Mesmo a derrota deixa uma história.	Registre um desfecho negativo no Prólogo.	60	YES
ACH_2702	EPILOGUE	A cidade se lembra.	Conclua um acontecimento que altere o destino de uma cidade.	70	YES
ACH_2703	WORLD	Conhecedor de Dawnspire.	Visite Dawnspire.	30	NO
ACH_2704	EPILOGUE	A cidade se lembra.	Conclua um acontecimento que altere o destino de uma cidade.	75	YES
ACH_2705	COMBAT	Caçador de Fairy.	Derrote 50 criaturas da espécie Fairy.	45	NO
ACH_2706	COMBAT	Primeira vitória contra Serpent.	Derrote um Serpent.	75	NO
ACH_2707	ROMANCE	Um sentimento confessado.	Alcance ROMANCE com um NPC adulto.	60	NO
ACH_2708	SOCIAL	Uma amizade nasceu.	Alcance o estágio AMIGO com um NPC.	85	NO
ACH_2709	EPILOGUE	Nome gravado na história.	Registre um desfecho heroico no Prólogo.	45	YES
ACH_2710	SURVIVAL	Sobrevivente.	Passe por uma semana sem deixar Fome ou Sede chegar a zero.	75	NO
ACH_2711	EPILOGUE	Nome gravado na história.	Registre um desfecho heroico no Prólogo.	15	YES
ACH_2712	MAGIC	Página virada.	Aprenda um feitiço de nível 4.	80	NO
ACH_2713	ACADEMY	Veterano de Valdora.	Conclua um ano da Academia.	80	NO
ACH_2714	SOCIAL	Uma amizade nasceu.	Alcance o estágio AMIGO com um NPC.	80	NO
ACH_2715	GUILD	Nome na Guilda.	Alcance o rank E da Guilda.	105	NO
ACH_2716	EPILOGUE	Nome gravado na história.	Registre um desfecho heroico no Prólogo.	25	YES
ACH_2717	CRAFT	Mestre da oficina.	Produza ou adquira Água de laranja aromática.	45	NO
ACH_2718	ROMANCE	Um sentimento confessado.	Alcance ROMANCE com um NPC adulto.	85	NO
ACH_2719	EPILOGUE	A cidade se lembra.	Conclua um acontecimento que altere o destino de uma cidade.	100	YES
ACH_2720	WORLD	Conhecedor de Feyndral.	Visite Feyndral.	20	NO
ACH_2721	COMBAT	Primeira vitória contra Minotaur.	Derrote um Minotaur.	50	NO
ACH_2722	EPILOGUE	Mesmo a derrota deixa uma história.	Registre um desfecho negativo no Prólogo.	25	YES
ACH_2723	EPILOGUE	Nome gravado na história.	Registre um desfecho heroico no Prólogo.	100	YES
ACH_2724	EPILOGUE	A cidade se lembra.	Conclua um acontecimento que altere o destino de uma cidade.	20	YES
ACH_2725	ACADEMY	Veterano de Valdora.	Conclua um ano da Academia.	80	NO
ACH_2726	SURVIVAL	Sobrevivente.	Passe por uma semana sem deixar Fome ou Sede chegar a zero.	60	NO
ACH_2727	COMBAT	Primeira vitória contra Troll.	Derrote um Troll.	105	NO
ACH_2728	SOCIAL	Confiança conquistada.	Alcance o estágio PROXIMO com um NPC.	75	NO
ACH_2729	EPILOGUE	A cidade se lembra.	Conclua um acontecimento que altere o destino de uma cidade.	100	YES
ACH_2730	WORLD	Conhecedor de Dawnspire.	Visite Dawnspire.	50	NO
ACH_2731	SURVIVAL	Sobrevivente.	Passe por uma semana sem deixar Fome ou Sede chegar a zero.	105	NO
ACH_2732	MAGIC	Página virada.	Aprenda um feitiço de nível 6.	80	NO
ACH_2733	EPILOGUE	Nome gravado na história.	Registre um desfecho heroico no Prólogo.	20	YES
ACH_2734	GUILD	Nome na Guilda.	Alcance o rank D da Guilda.	55	NO
ACH_2735	EPILOGUE	A cidade se lembra.	Conclua um acontecimento que altere o destino de uma cidade.	65	YES
ACH_2736	ACADEMY	Um dia de cada vez.	Conclua uma etapa acadêmica.	90	NO
ACH_2737	WORLD	Conhecedor de Drakensport.	Visite Drakensport.	60	NO
ACH_2738	WORLD	Conhecedor de Rivenholt.	Visite Rivenholt.	90	NO
ACH_2739	ACADEMY	Veterano de Valdora.	Conclua um ano da Academia.	95	NO
ACH_2740	SOCIAL	Uma amizade nasceu.	Alcance o estágio AMIGO com um NPC.	65	NO
ACH_2741	SURVIVAL	Sobrevivente.	Passe por uma semana sem deixar Fome ou Sede chegar a zero.	65	NO
ACH_2742	MAGIC	Página virada.	Aprenda um feitiço de nível 4.	80	NO
ACH_2743	COMBAT	Primeira vitória contra Salamander.	Derrote um Salamander.	40	NO
ACH_2744	ROMANCE	Um sentimento confessado.	Alcance ROMANCE com um NPC adulto.	80	NO
ACH_2745	SOCIAL	Confiança conquistada.	Alcance o estágio PROXIMO com um NPC.	90	NO
ACH_2746	EPILOGUE	A cidade se lembra.	Conclua um acontecimento que altere o destino de uma cidade.	90	YES
ACH_2747	ROMANCE	Um sentimento confessado.	Alcance ROMANCE com um NPC adulto.	55	NO
ACH_2748	EPILOGUE	A cidade se lembra.	Conclua um acontecimento que altere o destino de uma cidade.	105	YES
ACH_2749	EPILOGUE	Nome gravado na história.	Registre um desfecho heroico no Prólogo.	45	YES
ACH_2750	COMBAT	Primeira vitória contra Demon.	Derrote um Demon.	40	NO
ACH_2751	EPILOGUE	Nome gravado na história.	Registre um desfecho heroico no Prólogo.	35	YES
ACH_2752	MAGIC	Página virada.	Aprenda um feitiço de nível 10.	105	NO
ACH_2753	ROMANCE	Um sentimento confessado.	Alcance ROMANCE com um NPC adulto.	80	NO
ACH_2754	COMBAT	Primeira vitória contra Direhound.	Derrote um Direhound.	40	NO
ACH_2755	WORLD	Conhecedor de Umbravale.	Visite Umbravale.	50	NO
ACH_2756	EPILOGUE	Nome gravado na história.	Registre um desfecho heroico no Prólogo.	70	YES
ACH_2757	SURVIVAL	Sobrevivente.	Passe por uma semana sem deixar Fome ou Sede chegar a zero.	75	NO
ACH_2758	COMBAT	Caçador de Roc.	Derrote 50 criaturas da espécie Roc.	40	NO
ACH_2759	EPILOGUE	A cidade se lembra.	Conclua um acontecimento que altere o destino de uma cidade.	65	YES
ACH_2760	SURVIVAL	Sobrevivente.	Passe por uma semana sem deixar Fome ou Sede chegar a zero.	40	NO
ACH_2761	EPILOGUE	Nome gravado na história.	Registre um desfecho heroico no Prólogo.	25	YES
ACH_2762	DISCOVERY	Segredo encontrado.	Descubra Santuário de Jorwyn.	95	NO
ACH_2763	ACADEMY	Um dia de cada vez.	Conclua uma etapa acadêmica.	70	NO
ACH_2764	COMBAT	Caçador de Kraken.	Derrote 5 criaturas da espécie Kraken.	15	NO
ACH_2765	COMBAT	Caçador de Bat.	Derrote 25 criaturas da espécie Bat.	40	NO
ACH_2766	SURVIVAL	Sobrevivente.	Passe por uma semana sem deixar Fome ou Sede chegar a zero.	40	NO
ACH_2767	EPILOGUE	Nome gravado na história.	Registre um desfecho heroico no Prólogo.	55	YES
ACH_2768	ACADEMY	Veterano de Valdora.	Conclua um ano da Academia.	30	NO
ACH_2769	ACADEMY	Um dia de cada vez.	Conclua uma etapa acadêmica.	35	NO
ACH_2770	CRAFT	Mestre da oficina.	Produza ou adquira Safira Rúnico.	80	NO
ACH_2771	COMBAT	Caçador de Boar.	Derrote 25 criaturas da espécie Boar.	40	NO
ACH_2772	EPILOGUE	A cidade se lembra.	Conclua um acontecimento que altere o destino de uma cidade.	60	YES
ACH_2773	SOCIAL	Uma amizade nasceu.	Alcance o estágio AMIGO com um NPC.	60	NO
ACH_2774	CRAFT	Mestre da oficina.	Produza ou adquira Galho seca.	80	NO
ACH_2775	MAGIC	Página virada.	Aprenda um feitiço de nível 6.	85	NO
ACH_2776	ACADEMY	Um dia de cada vez.	Conclua uma etapa acadêmica.	50	NO
ACH_2777	WORLD	Conhecedor de Lunareth.	Visite Lunareth.	80	NO
ACH_2778	DISCOVERY	Segredo encontrado.	Descubra Guilda dos Aventureiros de Branthollow.	30	NO
ACH_2779	WORLD	Conhecedor de Drakensport.	Visite Drakensport.	30	NO
ACH_2780	EPILOGUE	Mesmo a derrota deixa uma história.	Registre um desfecho negativo no Prólogo.	15	YES
ACH_2781	DISCOVERY	Segredo encontrado.	Descubra Loja de Zorathen.	30	NO
ACH_2782	CRAFT	Mestre da oficina.	Produza ou adquira Água de cristal forte.	105	NO
ACH_2783	WORLD	Conhecedor de Veyndaril.	Visite Veyndaril.	55	NO
ACH_2784	CRAFT	Mestre da oficina.	Produza ou adquira Carta de Eryndor acadêmico.	20	NO
ACH_2785	SURVIVAL	Sobrevivente.	Passe por uma semana sem deixar Fome ou Sede chegar a zero.	75	NO
ACH_2786	SOCIAL	Uma amizade nasceu.	Alcance o estágio AMIGO com um NPC.	50	NO
ACH_2787	EPILOGUE	A cidade se lembra.	Conclua um acontecimento que altere o destino de uma cidade.	20	YES
ACH_2788	GUILD	Nome na Guilda.	Alcance o rank A da Guilda.	25	NO
ACH_2789	EPILOGUE	A cidade se lembra.	Conclua um acontecimento que altere o destino de uma cidade.	30	YES
ACH_2790	COMBAT	Caçador de Bat.	Derrote 25 criaturas da espécie Bat.	60	NO
ACH_2791	ACADEMY	Um dia de cada vez.	Conclua uma etapa acadêmica.	30	NO
ACH_2792	COMBAT	Primeira vitória contra Djinn.	Derrote um Djinn.	70	NO
ACH_2793	WORLD	Conhecedor de Verdralith.	Visite Verdralith.	50	NO
ACH_2794	CRAFT	Mestre da oficina.	Produza ou adquira Barril de cartógrafo.	30	NO
ACH_2795	SOCIAL	Uma amizade nasceu.	Alcance o estágio AMIGO com um NPC.	30	NO
ACH_2796	EPILOGUE	Mesmo a derrota deixa uma história.	Registre um desfecho negativo no Prólogo.	105	YES
ACH_2797	EPILOGUE	Mesmo a derrota deixa uma história.	Registre um desfecho negativo no Prólogo.	85	YES
ACH_2798	DISCOVERY	Segredo encontrado.	Descubra Posto da Guarda de Prismere.	35	NO
ACH_2799	CRAFT	Mestre da oficina.	Produza ou adquira Runa de Sangue maior.	105	NO
ACH_2800	CRAFT	Mestre da oficina.	Produza ou adquira Pão de ervas com mel.	65	NO
ACH_2801	COMBAT	Caçador de Demon.	Derrote 5 criaturas da espécie Demon.	50	NO
ACH_2802	EPILOGUE	A cidade se lembra.	Conclua um acontecimento que altere o destino de uma cidade.	80	YES
ACH_2803	SOCIAL	Confiança conquistada.	Alcance o estágio PROXIMO com um NPC.	25	NO
ACH_2804	ROMANCE	Um sentimento confessado.	Alcance ROMANCE com um NPC adulto.	35	NO
ACH_2805	ACADEMY	Um dia de cada vez.	Conclua uma etapa acadêmica.	50	NO
ACH_2806	COMBAT	Primeira vitória contra Manticores.	Derrote um Manticores.	35	NO
ACH_2807	ROMANCE	Um sentimento confessado.	Alcance ROMANCE com um NPC adulto.	45	NO
ACH_2808	COMBAT	Caçador de Djinn.	Derrote 3 criaturas da espécie Djinn.	90	NO
ACH_2809	COMBAT	Primeira vitória contra Fairy.	Derrote um Fairy.	55	NO
ACH_2810	SOCIAL	Uma amizade nasceu.	Alcance o estágio AMIGO com um NPC.	40	NO
ACH_2811	MAGIC	Página virada.	Aprenda um feitiço de nível 6.	105	NO
ACH_2812	COMBAT	Primeira vitória contra Spider.	Derrote um Spider.	15	NO
ACH_2813	COMBAT	Caçador de Kraken.	Derrote 25 criaturas da espécie Kraken.	40	NO
ACH_2814	ROMANCE	Um sentimento confessado.	Alcance ROMANCE com um NPC adulto.	65	NO
ACH_2815	MAGIC	Página virada.	Aprenda um feitiço de nível 6.	100	NO
ACH_2816	EPILOGUE	Nome gravado na história.	Registre um desfecho heroico no Prólogo.	95	YES
ACH_2817	WORLD	Conhecedor de Tindralith.	Visite Tindralith.	70	NO
ACH_2818	GUILD	Nome na Guilda.	Alcance o rank E da Guilda.	75	NO
ACH_2819	EPILOGUE	A cidade se lembra.	Conclua um acontecimento que altere o destino de uma cidade.	35	YES
ACH_2820	CRAFT	Mestre da oficina.	Produza ou adquira Espada de Cristal do inverno.	75	NO
ACH_2821	COMBAT	Primeira vitória contra Kraken.	Derrote um Kraken.	35	NO
ACH_2822	SOCIAL	Confiança conquistada.	Alcance o estágio PROXIMO com um NPC.	45	NO
ACH_2823	EPILOGUE	A cidade se lembra.	Conclua um acontecimento que altere o destino de uma cidade.	100	YES
ACH_2824	COMBAT	Primeira vitória contra Toad.	Derrote um Toad.	25	NO
ACH_2825	COMBAT	Caçador de Angel.	Derrote 10 criaturas da espécie Angel.	55	NO
ACH_2826	CRAFT	Mestre da oficina.	Produza ou adquira Armadura de Couro do caçador.	90	NO
ACH_2827	WORLD	Conhecedor de Drakensport.	Visite Drakensport.	55	NO
ACH_2828	EPILOGUE	Mesmo a derrota deixa uma história.	Registre um desfecho negativo no Prólogo.	90	YES
ACH_2829	ACADEMY	Veterano de Valdora.	Conclua um ano da Academia.	65	NO
ACH_2830	EPILOGUE	Nome gravado na história.	Registre um desfecho heroico no Prólogo.	75	YES
ACH_2831	GUILD	Nome na Guilda.	Alcance o rank F da Guilda.	30	NO
ACH_2832	EPILOGUE	Nome gravado na história.	Registre um desfecho heroico no Prólogo.	65	YES
ACH_2833	GUILD	Nome na Guilda.	Alcance o rank A da Guilda.	70	NO
ACH_2834	CRAFT	Mestre da oficina.	Produza ou adquira Areia de Lunareth.	85	NO
ACH_2835	ACADEMY	Um dia de cada vez.	Conclua uma etapa acadêmica.	80	NO
ACH_2836	CRAFT	Mestre da oficina.	Produza ou adquira Runa de Vento menor.	100	NO
ACH_2837	CRAFT	Mestre da oficina.	Produza ou adquira Opala Lavado.	25	NO
ACH_2838	COMBAT	Caçador de Spider.	Derrote 5 criaturas da espécie Spider.	70	NO
ACH_2839	CRAFT	Mestre da oficina.	Produza ou adquira Armadura de Ferro do ferreiro.	15	NO
ACH_2840	ROMANCE	Um sentimento confessado.	Alcance ROMANCE com um NPC adulto.	90	NO
ACH_2841	EPILOGUE	Mesmo a derrota deixa uma história.	Registre um desfecho negativo no Prólogo.	65	YES
ACH_2842	GUILD	Nome na Guilda.	Alcance o rank A da Guilda.	50	NO
ACH_2843	SOCIAL	Confiança conquistada.	Alcance o estágio PROXIMO com um NPC.	90	NO
ACH_2844	COMBAT	Caçador de Treant.	Derrote 5 criaturas da espécie Treant.	70	NO
ACH_2845	ACADEMY	Veterano de Valdora.	Conclua um ano da Academia.	100	NO
ACH_2846	COMBAT	Caçador de Lich.	Derrote 25 criaturas da espécie Lich.	80	NO
ACH_2847	EPILOGUE	Nome gravado na história.	Registre um desfecho heroico no Prólogo.	65	YES
ACH_2848	ROMANCE	Um sentimento confessado.	Alcance ROMANCE com um NPC adulto.	70	NO
ACH_2849	ROMANCE	Um sentimento confessado.	Alcance ROMANCE com um NPC adulto.	55	NO
ACH_2850	ACADEMY	Veterano de Valdora.	Conclua um ano da Academia.	35	NO
ACH_2851	EPILOGUE	Mesmo a derrota deixa uma história.	Registre um desfecho negativo no Prólogo.	85	YES
ACH_2852	EPILOGUE	Nome gravado na história.	Registre um desfecho heroico no Prólogo.	35	YES
ACH_2853	SOCIAL	Confiança conquistada.	Alcance o estágio PROXIMO com um NPC.	50	NO
ACH_2854	MAGIC	Página virada.	Aprenda um feitiço de nível 5.	55	NO
ACH_2855	SOCIAL	Uma amizade nasceu.	Alcance o estágio AMIGO com um NPC.	30	NO
ACH_2856	ACADEMY	Veterano de Valdora.	Conclua um ano da Academia.	55	NO
ACH_2857	CRAFT	Mestre da oficina.	Produza ou adquira Erva de Jorwyn destilada.	30	NO
ACH_2858	SOCIAL	Confiança conquistada.	Alcance o estágio PROXIMO com um NPC.	55	NO
ACH_2859	ACADEMY	Um dia de cada vez.	Conclua uma etapa acadêmica.	20	NO
ACH_2860	EPILOGUE	Mesmo a derrota deixa uma história.	Registre um desfecho negativo no Prólogo.	95	YES
ACH_2861	GUILD	Nome na Guilda.	Alcance o rank Z da Guilda.	85	NO
ACH_2862	ACADEMY	Veterano de Valdora.	Conclua um ano da Academia.	30	NO
ACH_2863	COMBAT	Primeira vitória contra Serpent.	Derrote um Serpent.	20	NO
ACH_2864	SURVIVAL	Sobrevivente.	Passe por uma semana sem deixar Fome ou Sede chegar a zero.	45	NO
ACH_2865	GUILD	Nome na Guilda.	Alcance o rank Z da Guilda.	90	NO
ACH_2866	EPILOGUE	Mesmo a derrota deixa uma história.	Registre um desfecho negativo no Prólogo.	40	YES
ACH_2867	SOCIAL	Uma amizade nasceu.	Alcance o estágio AMIGO com um NPC.	60	NO
ACH_2868	SOCIAL	Uma amizade nasceu.	Alcance o estágio AMIGO com um NPC.	105	NO
ACH_2869	EPILOGUE	A cidade se lembra.	Conclua um acontecimento que altere o destino de uma cidade.	55	YES
ACH_2870	SOCIAL	Confiança conquistada.	Alcance o estágio PROXIMO com um NPC.	20	NO
ACH_2871	EPILOGUE	A cidade se lembra.	Conclua um acontecimento que altere o destino de uma cidade.	85	YES
ACH_2872	ACADEMY	Um dia de cada vez.	Conclua uma etapa acadêmica.	90	NO
ACH_2873	SURVIVAL	Sobrevivente.	Passe por uma semana sem deixar Fome ou Sede chegar a zero.	20	NO
ACH_2874	CRAFT	Mestre da oficina.	Produza ou adquira Yeppi's Hunting Rifle.	40	NO
ACH_2875	MAGIC	Página virada.	Aprenda um feitiço de nível 3.	90	NO
ACH_2876	CRAFT	Mestre da oficina.	Produza ou adquira Pele de sea cat de caça.	15	NO
ACH_2877	EPILOGUE	Mesmo a derrota deixa uma história.	Registre um desfecho negativo no Prólogo.	60	YES
ACH_2878	WORLD	Conhecedor de Fornalia.	Visite Fornalia.	90	NO
ACH_2879	SURVIVAL	Sobrevivente.	Passe por uma semana sem deixar Fome ou Sede chegar a zero.	40	NO
ACH_2880	SURVIVAL	Sobrevivente.	Passe por uma semana sem deixar Fome ou Sede chegar a zero.	50	NO
ACH_2881	ROMANCE	Um sentimento confessado.	Alcance ROMANCE com um NPC adulto.	55	NO
ACH_2882	EPILOGUE	A cidade se lembra.	Conclua um acontecimento que altere o destino de uma cidade.	45	YES
ACH_2883	SOCIAL	Uma amizade nasceu.	Alcance o estágio AMIGO com um NPC.	100	NO
ACH_2884	EPILOGUE	A cidade se lembra.	Conclua um acontecimento que altere o destino de uma cidade.	20	YES
ACH_2885	COMBAT	Primeira vitória contra Spider.	Derrote um Spider.	105	NO
ACH_2886	SOCIAL	Uma amizade nasceu.	Alcance o estágio AMIGO com um NPC.	85	NO
ACH_2887	CRAFT	Mestre da oficina.	Produza ou adquira Madeira de Jorwyn.	30	NO
ACH_2888	CRAFT	Mestre da oficina.	Produza ou adquira Pão de urso de taverna.	85	NO
ACH_2889	SURVIVAL	Sobrevivente.	Passe por uma semana sem deixar Fome ou Sede chegar a zero.	65	NO
ACH_2890	EPILOGUE	Nome gravado na história.	Registre um desfecho heroico no Prólogo.	60	YES
ACH_2891	SOCIAL	Confiança conquistada.	Alcance o estágio PROXIMO com um NPC.	95	NO
ACH_2892	ACADEMY	Um dia de cada vez.	Conclua uma etapa acadêmica.	15	NO
ACH_2893	WORLD	Conhecedor de Stormhaven.	Visite Stormhaven.	75	NO
ACH_2894	ROMANCE	Um sentimento confessado.	Alcance ROMANCE com um NPC adulto.	50	NO
ACH_2895	CRAFT	Mestre da oficina.	Produza ou adquira Pá de guilda.	60	NO
ACH_2896	EPILOGUE	Mesmo a derrota deixa uma história.	Registre um desfecho negativo no Prólogo.	70	YES
ACH_2897	ACADEMY	Veterano de Valdora.	Conclua um ano da Academia.	65	NO
ACH_2898	SOCIAL	Uma amizade nasceu.	Alcance o estágio AMIGO com um NPC.	90	NO
ACH_2899	SURVIVAL	Sobrevivente.	Passe por uma semana sem deixar Fome ou Sede chegar a zero.	95	NO
ACH_2900	EPILOGUE	Mesmo a derrota deixa uma história.	Registre um desfecho negativo no Prólogo.	60	YES
ACH_2901	EPILOGUE	Nome gravado na história.	Registre um desfecho heroico no Prólogo.	95	YES
ACH_2902	COMBAT	Primeira vitória contra Demon.	Derrote um Demon.	90	NO
ACH_2903	SURVIVAL	Sobrevivente.	Passe por uma semana sem deixar Fome ou Sede chegar a zero.	55	NO
ACH_2904	SOCIAL	Confiança conquistada.	Alcance o estágio PROXIMO com um NPC.	50	NO
ACH_2905	CRAFT	Mestre da oficina.	Produza ou adquira Pão de bisão de campanha.	25	NO
ACH_2906	WORLD	Conhecedor de Xandralor.	Visite Xandralor.	15	NO
ACH_2907	CRAFT	Mestre da oficina.	Produza ou adquira Armadura de Prata do guarda.	105	NO
ACH_2908	DISCOVERY	Segredo encontrado.	Descubra Laboratório de Alquimia de Caelwyn.	80	NO
ACH_2909	COMBAT	Primeira vitória contra Stag.	Derrote um Stag.	95	NO
ACH_2910	ACADEMY	Um dia de cada vez.	Conclua uma etapa acadêmica.	15	NO
ACH_2911	ACADEMY	Um dia de cada vez.	Conclua uma etapa acadêmica.	65	NO
ACH_2912	EPILOGUE	Mesmo a derrota deixa uma história.	Registre um desfecho negativo no Prólogo.	65	YES
ACH_2913	GUILD	Nome na Guilda.	Alcance o rank A da Guilda.	105	NO
ACH_2914	EPILOGUE	Nome gravado na história.	Registre um desfecho heroico no Prólogo.	70	YES
ACH_2915	EPILOGUE	Mesmo a derrota deixa uma história.	Registre um desfecho negativo no Prólogo.	100	YES
ACH_2916	ACADEMY	Um dia de cada vez.	Conclua uma etapa acadêmica.	75	NO
ACH_2917	SURVIVAL	Sobrevivente.	Passe por uma semana sem deixar Fome ou Sede chegar a zero.	45	NO
ACH_2918	ACADEMY	Veterano de Valdora.	Conclua um ano da Academia.	60	NO
ACH_2919	SOCIAL	Confiança conquistada.	Alcance o estágio PROXIMO com um NPC.	100	NO
ACH_2920	MAGIC	Página virada.	Aprenda um feitiço de nível 9.	70	NO
ACH_2921	EPILOGUE	A cidade se lembra.	Conclua um acontecimento que altere o destino de uma cidade.	105	YES
ACH_2922	DISCOVERY	Segredo encontrado.	Descubra Estábulo de Xyrelith.	40	NO
ACH_2923	CRAFT	Mestre da oficina.	Produza ou adquira Pele de ogro tranquilizante.	15	NO
ACH_2924	EPILOGUE	Mesmo a derrota deixa uma história.	Registre um desfecho negativo no Prólogo.	60	YES
ACH_2925	ACADEMY	Veterano de Valdora.	Conclua um ano da Academia.	50	NO
ACH_2926	SOCIAL	Confiança conquistada.	Alcance o estágio PROXIMO com um NPC.	15	NO
ACH_2927	EPILOGUE	Mesmo a derrota deixa uma história.	Registre um desfecho negativo no Prólogo.	60	YES
ACH_2928	MAGIC	Página virada.	Aprenda um feitiço de nível 1.	25	NO
ACH_2929	SOCIAL	Confiança conquistada.	Alcance o estágio PROXIMO com um NPC.	55	NO
ACH_2930	DISCOVERY	Segredo encontrado.	Descubra Restaurante de Wyrmhaven.	55	NO
ACH_2931	COMBAT	Caçador de Roc.	Derrote 50 criaturas da espécie Roc.	105	NO
ACH_2932	SURVIVAL	Sobrevivente.	Passe por uma semana sem deixar Fome ou Sede chegar a zero.	40	NO
ACH_2933	ACADEMY	Veterano de Valdora.	Conclua um ano da Academia.	85	NO
ACH_2934	ACADEMY	Veterano de Valdora.	Conclua um ano da Academia.	40	NO
ACH_2935	SURVIVAL	Sobrevivente.	Passe por uma semana sem deixar Fome ou Sede chegar a zero.	35	NO
ACH_2936	GUILD	Nome na Guilda.	Alcance o rank F da Guilda.	80	NO
ACH_2937	SURVIVAL	Sobrevivente.	Passe por uma semana sem deixar Fome ou Sede chegar a zero.	80	NO
ACH_2938	COMBAT	Primeira vitória contra Naga.	Derrote um Naga.	55	NO
ACH_2939	EPILOGUE	Mesmo a derrota deixa uma história.	Registre um desfecho negativo no Prólogo.	55	YES
ACH_2940	MAGIC	Página virada.	Aprenda um feitiço de nível 1.	90	NO
ACH_2941	COMBAT	Caçador de Wolf.	Derrote 25 criaturas da espécie Wolf.	55	NO
ACH_2942	ROMANCE	Um sentimento confessado.	Alcance ROMANCE com um NPC adulto.	80	NO
ACH_2943	MAGIC	Página virada.	Aprenda um feitiço de nível 7.	40	NO
ACH_2944	EPILOGUE	Mesmo a derrota deixa uma história.	Registre um desfecho negativo no Prólogo.	50	YES
ACH_2945	ACADEMY	Um dia de cada vez.	Conclua uma etapa acadêmica.	25	NO
ACH_2946	MAGIC	Página virada.	Aprenda um feitiço de nível 4.	70	NO
ACH_2947	COMBAT	Primeira vitória contra Boar.	Derrote um Boar.	60	NO
ACH_2948	SOCIAL	Confiança conquistada.	Alcance o estágio PROXIMO com um NPC.	35	NO
ACH_2949	SOCIAL	Uma amizade nasceu.	Alcance o estágio AMIGO com um NPC.	35	NO
ACH_2950	EPILOGUE	Nome gravado na história.	Registre um desfecho heroico no Prólogo.	25	YES
ACH_2951	COMBAT	Primeira vitória contra Behemoth.	Derrote um Behemoth.	30	NO
ACH_2952	EPILOGUE	A cidade se lembra.	Conclua um acontecimento que altere o destino de uma cidade.	60	YES
ACH_2953	EPILOGUE	Nome gravado na história.	Registre um desfecho heroico no Prólogo.	60	YES
ACH_2954	EPILOGUE	Mesmo a derrota deixa uma história.	Registre um desfecho negativo no Prólogo.	20	YES
ACH_2955	ROMANCE	Um sentimento confessado.	Alcance ROMANCE com um NPC adulto.	20	NO
ACH_2956	COMBAT	Primeira vitória contra Elemental.	Derrote um Elemental.	45	NO
ACH_2957	COMBAT	Primeira vitória contra Direhound.	Derrote um Direhound.	80	NO
ACH_2958	EPILOGUE	A cidade se lembra.	Conclua um acontecimento que altere o destino de uma cidade.	15	YES
ACH_2959	COMBAT	Caçador de Behemoth.	Derrote 10 criaturas da espécie Behemoth.	45	NO
ACH_2960	EPILOGUE	Nome gravado na história.	Registre um desfecho heroico no Prólogo.	70	YES
ACH_2961	EPILOGUE	Mesmo a derrota deixa uma história.	Registre um desfecho negativo no Prólogo.	35	YES
ACH_2962	EPILOGUE	Nome gravado na história.	Registre um desfecho heroico no Prólogo.	30	YES
ACH_2963	EPILOGUE	A cidade se lembra.	Conclua um acontecimento que altere o destino de uma cidade.	105	YES
ACH_2964	EPILOGUE	A cidade se lembra.	Conclua um acontecimento que altere o destino de uma cidade.	40	YES
ACH_2965	MAGIC	Página virada.	Aprenda um feitiço de nível 10.	55	NO
ACH_2966	ACADEMY	Veterano de Valdora.	Conclua um ano da Academia.	30	NO
ACH_2967	ACADEMY	Veterano de Valdora.	Conclua um ano da Academia.	15	NO
ACH_2968	ROMANCE	Um sentimento confessado.	Alcance ROMANCE com um NPC adulto.	55	NO
ACH_2969	DISCOVERY	Segredo encontrado.	Descubra Feira de Feyndral.	15	NO
ACH_2970	EPILOGUE	Nome gravado na história.	Registre um desfecho heroico no Prólogo.	75	YES
ACH_2971	SURVIVAL	Sobrevivente.	Passe por uma semana sem deixar Fome ou Sede chegar a zero.	70	NO
ACH_2972	SURVIVAL	Sobrevivente.	Passe por uma semana sem deixar Fome ou Sede chegar a zero.	95	NO
ACH_2973	SOCIAL	Uma amizade nasceu.	Alcance o estágio AMIGO com um NPC.	55	NO
ACH_2974	SOCIAL	Confiança conquistada.	Alcance o estágio PROXIMO com um NPC.	70	NO
ACH_2975	MAGIC	Página virada.	Aprenda um feitiço de nível 7.	15	NO
ACH_2976	ROMANCE	Um sentimento confessado.	Alcance ROMANCE com um NPC adulto.	35	NO
ACH_2977	EPILOGUE	Mesmo a derrota deixa uma história.	Registre um desfecho negativo no Prólogo.	45	YES
ACH_2978	EPILOGUE	A cidade se lembra.	Conclua um acontecimento que altere o destino de uma cidade.	50	YES
ACH_2979	ROMANCE	Um sentimento confessado.	Alcance ROMANCE com um NPC adulto.	80	NO
ACH_2980	EPILOGUE	Nome gravado na história.	Registre um desfecho heroico no Prólogo.	75	YES
ACH_2981	GUILD	Nome na Guilda.	Alcance o rank Z da Guilda.	95	NO
ACH_2982	COMBAT	Primeira vitória contra Wyvern.	Derrote um Wyvern.	15	NO
ACH_2983	GUILD	Nome na Guilda.	Alcance o rank Z da Guilda.	90	NO
ACH_2984	COMBAT	Caçador de Wolf.	Derrote 3 criaturas da espécie Wolf.	15	NO
ACH_2985	COMBAT	Primeira vitória contra Centaur.	Derrote um Centaur.	45	NO
ACH_2986	SOCIAL	Confiança conquistada.	Alcance o estágio PROXIMO com um NPC.	45	NO
ACH_2987	ROMANCE	Um sentimento confessado.	Alcance ROMANCE com um NPC adulto.	15	NO
ACH_2988	COMBAT	Caçador de Toad.	Derrote 10 criaturas da espécie Toad.	105	NO
ACH_2989	EPILOGUE	A cidade se lembra.	Conclua um acontecimento que altere o destino de uma cidade.	95	YES
ACH_2990	DISCOVERY	Segredo encontrado.	Descubra Loja de Pyrelith.	105	NO
ACH_2991	CRAFT	Mestre da oficina.	Produza ou adquira Cristal de Vellum maior.	95	NO
ACH_2992	EPILOGUE	Nome gravado na história.	Registre um desfecho heroico no Prólogo.	40	YES
ACH_2993	SOCIAL	Confiança conquistada.	Alcance o estágio PROXIMO com um NPC.	80	NO
ACH_2994	COMBAT	Primeira vitória contra Unicorn.	Derrote um Unicorn.	105	NO
ACH_2995	ACADEMY	Um dia de cada vez.	Conclua uma etapa acadêmica.	55	NO
ACH_2996	ACADEMY	Um dia de cada vez.	Conclua uma etapa acadêmica.	20	NO
ACH_2997	COMBAT	Primeira vitória contra Demon.	Derrote um Demon.	75	NO
ACH_2998	WORLD	Conhecedor de Emberholt.	Visite Emberholt.	105	NO
ACH_2999	WORLD	Conhecedor de Kethralith.	Visite Kethralith.	25	NO
ACH_3000	EPILOGUE	A cidade se lembra.	Conclua um acontecimento que altere o destino de uma cidade.	70	YES
