id	type	title	trigger	text	legacy
EPI_0001	HEROIC	A Cidade Salva pela Aranha	giant_spider_victory	A aranha colossal caiu diante dos portões. Os moradores que haviam se escondido começaram a sair, primeiro em silêncio, depois em lágrimas e abraços. O Prólogo registra aquela noite como o dia em que você salvou uma cidade que quase todos já consideravam perdida.	heroi_da_cidade
EPI_0002	TRAGIC	A Cidade que a Aranha Tomou	giant_spider_defeat	A aranha colossal venceu. A cidade não foi salva e seu nome ficou associado à noite em que tudo deu errado. O Prólogo não transforma a derrota em vitória: ele guarda a lembrança do que você tentou fazer e do que não conseguiu impedir.	queda_diante_da_aranha
EPI_0003	HEROIC	O Dragão e o Último Golpe	dragon_victory	Quando o grande dragão despertado finalmente caiu, o silêncio durou apenas alguns segundos. Depois vieram os sinos, as bandeiras e as histórias. Você entrou no Prólogo como parte da geração que encerrou a guerra e devolveu uma chance de paz aos dez reinos.	heroi_dos_dez_reinos
EPI_0004	TRAGIC	O Dragão que Não Foi Derrotado	dragon_defeat	O dragão despertado permaneceu de pé quando a última esperança desapareceu. O Prólogo registra uma história amarga: não como punição, mas como a memória de uma jornada que encontrou um inimigo maior do que seus preparativos permitiam enfrentar.	queda_diante_do_dragao
EPI_0005	TRAGIC	Prólogo — Aranha Colossal	event_0005	Você não conseguiu mudar o destino de aranha colossal. O Prólogo não apaga a derrota; ele registra quem você foi quando tudo desmoronou.	aventureiro_lembrado
EPI_0006	COMIC	Prólogo — Dungeon Ancestral	event_0006	Em dungeon ancestral, ninguém conseguiu decidir se aquilo foi genialidade ou sorte. A história, porém, sobreviveu em risadas e canções.	sabio
EPI_0007	BITTERSWEET	Prólogo — Aranha Colossal	event_0007	aranha colossal foi salvo, mas não sem perdas. O Prólogo registra a vitória e o preço que veio junto.	heroi_local
EPI_0008	SURVIVAL	Prólogo — Torneio Da Academia	event_0008	Você saiu vivo de torneio da Academia. Não houve glória imediata, apenas a certeza de que sua história ainda não terminara.	sabio
EPI_0009	SURVIVAL	Prólogo — Cidade Sitiada	event_0009	Você saiu vivo de cidade sitiada. Não houve glória imediata, apenas a certeza de que sua história ainda não terminara.	rei
EPI_0010	TRAGIC	Prólogo — Dragão Desperto	event_0010	Você não conseguiu mudar o destino de dragão desperto. O Prólogo não apaga a derrota; ele registra quem você foi quando tudo desmoronou.	rei
EPI_0011	SCHOLARLY	Prólogo — Culto Das Sombras	event_0011	Em culto das sombras, sua descoberta mudou o que estudiosos acreditavam saber.	amigo_do_povo
EPI_0012	HEROIC	Prólogo — Grande Sábio	event_0012	Quando a poeira baixou, os moradores de grande sábio ainda repetiam seu nome. Você não apenas venceu: suas escolhas deram àquela gente uma chance de continuar.	sabio
EPI_0013	SCHOLARLY	Prólogo — Culto Das Sombras	event_0013	Em culto das sombras, sua descoberta mudou o que estudiosos acreditavam saber.	sobrevivente
EPI_0014	TRAGIC	Prólogo — Culto Das Sombras	event_0014	Você não conseguiu mudar o destino de culto das sombras. O Prólogo não apaga a derrota; ele registra quem você foi quando tudo desmoronou.	sobrevivente
EPI_0015	ROMANTIC	Prólogo — Dungeon Ancestral	event_0015	Depois de dungeon ancestral, uma relação que você cultivou tornou-se parte inseparável da sua história.	aventureiro_lembrado
EPI_0016	SCHOLARLY	Prólogo — Dragão Desperto	event_0016	Em dragão desperto, sua descoberta mudou o que estudiosos acreditavam saber.	aventureiro_lembrado
EPI_0017	SURVIVAL	Prólogo — Dragão Desperto	event_0017	Você saiu vivo de dragão desperto. Não houve glória imediata, apenas a certeza de que sua história ainda não terminara.	sabio
EPI_0018	SURVIVAL	Prólogo — Palácio Real	event_0018	Você saiu vivo de palácio real. Não houve glória imediata, apenas a certeza de que sua história ainda não terminara.	aventureiro_lembrado
EPI_0019	BITTERSWEET	Prólogo — Dungeon Ancestral	event_0019	dungeon ancestral foi salvo, mas não sem perdas. O Prólogo registra a vitória e o preço que veio junto.	sobrevivente
EPI_0020	TRAGIC	Prólogo — Torneio Da Academia	event_0020	Você não conseguiu mudar o destino de torneio da Academia. O Prólogo não apaga a derrota; ele registra quem você foi quando tudo desmoronou.	amigo_do_povo
EPI_0021	TRAGIC	Prólogo — Dungeon Ancestral	event_0021	Você não conseguiu mudar o destino de dungeon ancestral. O Prólogo não apaga a derrota; ele registra quem você foi quando tudo desmoronou.	nome_controverso
EPI_0022	BITTERSWEET	Prólogo — Cidade Sitiada	event_0022	cidade sitiada foi salvo, mas não sem perdas. O Prólogo registra a vitória e o preço que veio junto.	nome_controverso
EPI_0023	COMIC	Prólogo — Dragão Desperto	event_0023	Em dragão desperto, ninguém conseguiu decidir se aquilo foi genialidade ou sorte. A história, porém, sobreviveu em risadas e canções.	sabio
EPI_0024	TRAGIC	Prólogo — Aranha Colossal	event_0024	Você não conseguiu mudar o destino de aranha colossal. O Prólogo não apaga a derrota; ele registra quem você foi quando tudo desmoronou.	aventureiro_lembrado
EPI_0025	POLITICAL	Prólogo — Aranha Colossal	event_0025	Depois de aranha colossal, sua reputação atravessou fronteiras e abriu portas para negociações que antes pareciam impossíveis.	rei
EPI_0026	ROMANTIC	Prólogo — Aranha Colossal	event_0026	Depois de aranha colossal, uma relação que você cultivou tornou-se parte inseparável da sua história.	amigo_do_povo
EPI_0027	SCHOLARLY	Prólogo — Guilda Dos Aventureiros	event_0027	Em Guilda dos Aventureiros, sua descoberta mudou o que estudiosos acreditavam saber.	rei
EPI_0028	TRAGIC	Prólogo — Dragão Desperto	event_0028	Você não conseguiu mudar o destino de dragão desperto. O Prólogo não apaga a derrota; ele registra quem você foi quando tudo desmoronou.	amigo_do_povo
EPI_0029	SURVIVAL	Prólogo — Palácio Real	event_0029	Você saiu vivo de palácio real. Não houve glória imediata, apenas a certeza de que sua história ainda não terminara.	heroi_local
EPI_0030	ROMANTIC	Prólogo — Grande Sábio	event_0030	Depois de grande sábio, uma relação que você cultivou tornou-se parte inseparável da sua história.	sabio
EPI_0031	BITTERSWEET	Prólogo — Culto Das Sombras	event_0031	culto das sombras foi salvo, mas não sem perdas. O Prólogo registra a vitória e o preço que veio junto.	heroi_local
EPI_0032	COMIC	Prólogo — Cidade Sitiada	event_0032	Em cidade sitiada, ninguém conseguiu decidir se aquilo foi genialidade ou sorte. A história, porém, sobreviveu em risadas e canções.	rei
EPI_0033	TRAGIC	Prólogo — Torneio Da Academia	event_0033	Você não conseguiu mudar o destino de torneio da Academia. O Prólogo não apaga a derrota; ele registra quem você foi quando tudo desmoronou.	nome_controverso
EPI_0034	TRAGIC	Prólogo — Dungeon Ancestral	event_0034	Você não conseguiu mudar o destino de dungeon ancestral. O Prólogo não apaga a derrota; ele registra quem você foi quando tudo desmoronou.	rei
EPI_0035	COMIC	Prólogo — Dungeon Ancestral	event_0035	Em dungeon ancestral, ninguém conseguiu decidir se aquilo foi genialidade ou sorte. A história, porém, sobreviveu em risadas e canções.	nome_controverso
EPI_0036	ROMANTIC	Prólogo — Palácio Real	event_0036	Depois de palácio real, uma relação que você cultivou tornou-se parte inseparável da sua história.	heroi_local
EPI_0037	ROMANTIC	Prólogo — Grande Sábio	event_0037	Depois de grande sábio, uma relação que você cultivou tornou-se parte inseparável da sua história.	heroi_local
EPI_0038	BITTERSWEET	Prólogo — Culto Das Sombras	event_0038	culto das sombras foi salvo, mas não sem perdas. O Prólogo registra a vitória e o preço que veio junto.	rei
EPI_0039	TRAGIC	Prólogo — Aranha Colossal	event_0039	Você não conseguiu mudar o destino de aranha colossal. O Prólogo não apaga a derrota; ele registra quem você foi quando tudo desmoronou.	sabio
EPI_0040	SCHOLARLY	Prólogo — Dungeon Ancestral	event_0040	Em dungeon ancestral, sua descoberta mudou o que estudiosos acreditavam saber.	rei
EPI_0041	ROMANTIC	Prólogo — Cidade Sitiada	event_0041	Depois de cidade sitiada, uma relação que você cultivou tornou-se parte inseparável da sua história.	nome_controverso
EPI_0042	COMIC	Prólogo — Guilda Dos Aventureiros	event_0042	Em Guilda dos Aventureiros, ninguém conseguiu decidir se aquilo foi genialidade ou sorte. A história, porém, sobreviveu em risadas e canções.	heroi_local
EPI_0043	ROMANTIC	Prólogo — Culto Das Sombras	event_0043	Depois de culto das sombras, uma relação que você cultivou tornou-se parte inseparável da sua história.	sabio
EPI_0044	SCHOLARLY	Prólogo — Aranha Colossal	event_0044	Em aranha colossal, sua descoberta mudou o que estudiosos acreditavam saber.	rei
EPI_0045	SCHOLARLY	Prólogo — Cidade Sitiada	event_0045	Em cidade sitiada, sua descoberta mudou o que estudiosos acreditavam saber.	nome_controverso
EPI_0046	POLITICAL	Prólogo — Culto Das Sombras	event_0046	Depois de culto das sombras, sua reputação atravessou fronteiras e abriu portas para negociações que antes pareciam impossíveis.	nome_controverso
EPI_0047	ROMANTIC	Prólogo — Grande Sábio	event_0047	Depois de grande sábio, uma relação que você cultivou tornou-se parte inseparável da sua história.	rei
EPI_0048	POLITICAL	Prólogo — Palácio Real	event_0048	Depois de palácio real, sua reputação atravessou fronteiras e abriu portas para negociações que antes pareciam impossíveis.	nome_controverso
EPI_0049	SCHOLARLY	Prólogo — Dragão Desperto	event_0049	Em dragão desperto, sua descoberta mudou o que estudiosos acreditavam saber.	sobrevivente
EPI_0050	POLITICAL	Prólogo — Aranha Colossal	event_0050	Depois de aranha colossal, sua reputação atravessou fronteiras e abriu portas para negociações que antes pareciam impossíveis.	rei
EPI_0051	BITTERSWEET	Prólogo — Dungeon Ancestral	event_0051	dungeon ancestral foi salvo, mas não sem perdas. O Prólogo registra a vitória e o preço que veio junto.	sabio
EPI_0052	BITTERSWEET	Prólogo — Culto Das Sombras	event_0052	culto das sombras foi salvo, mas não sem perdas. O Prólogo registra a vitória e o preço que veio junto.	amigo_do_povo
EPI_0053	SURVIVAL	Prólogo — Cidade Sitiada	event_0053	Você saiu vivo de cidade sitiada. Não houve glória imediata, apenas a certeza de que sua história ainda não terminara.	heroi_local
EPI_0054	BITTERSWEET	Prólogo — Guilda Dos Aventureiros	event_0054	Guilda dos Aventureiros foi salvo, mas não sem perdas. O Prólogo registra a vitória e o preço que veio junto.	sabio
EPI_0055	BITTERSWEET	Prólogo — Culto Das Sombras	event_0055	culto das sombras foi salvo, mas não sem perdas. O Prólogo registra a vitória e o preço que veio junto.	mestre
EPI_0056	SURVIVAL	Prólogo — Culto Das Sombras	event_0056	Você saiu vivo de culto das sombras. Não houve glória imediata, apenas a certeza de que sua história ainda não terminara.	rei
EPI_0057	POLITICAL	Prólogo — Dragão Desperto	event_0057	Depois de dragão desperto, sua reputação atravessou fronteiras e abriu portas para negociações que antes pareciam impossíveis.	heroi_local
EPI_0058	POLITICAL	Prólogo — Torneio Da Academia	event_0058	Depois de torneio da Academia, sua reputação atravessou fronteiras e abriu portas para negociações que antes pareciam impossíveis.	mestre
EPI_0059	SCHOLARLY	Prólogo — Grande Sábio	event_0059	Em grande sábio, sua descoberta mudou o que estudiosos acreditavam saber.	nome_controverso
EPI_0060	COMIC	Prólogo — Cidade Sitiada	event_0060	Em cidade sitiada, ninguém conseguiu decidir se aquilo foi genialidade ou sorte. A história, porém, sobreviveu em risadas e canções.	amigo_do_povo
EPI_0061	SURVIVAL	Prólogo — Grande Sábio	event_0061	Você saiu vivo de grande sábio. Não houve glória imediata, apenas a certeza de que sua história ainda não terminara.	amigo_do_povo
EPI_0062	TRAGIC	Prólogo — Culto Das Sombras	event_0062	Você não conseguiu mudar o destino de culto das sombras. O Prólogo não apaga a derrota; ele registra quem você foi quando tudo desmoronou.	rei
EPI_0063	POLITICAL	Prólogo — Aranha Colossal	event_0063	Depois de aranha colossal, sua reputação atravessou fronteiras e abriu portas para negociações que antes pareciam impossíveis.	aventureiro_lembrado
EPI_0064	SURVIVAL	Prólogo — Aldeia Fronteiriça	event_0064	Você saiu vivo de aldeia fronteiriça. Não houve glória imediata, apenas a certeza de que sua história ainda não terminara.	sobrevivente
EPI_0065	COMIC	Prólogo — Torneio Da Academia	event_0065	Em torneio da Academia, ninguém conseguiu decidir se aquilo foi genialidade ou sorte. A história, porém, sobreviveu em risadas e canções.	aventureiro_lembrado
EPI_0066	POLITICAL	Prólogo — Cidade Sitiada	event_0066	Depois de cidade sitiada, sua reputação atravessou fronteiras e abriu portas para negociações que antes pareciam impossíveis.	heroi_local
EPI_0067	BITTERSWEET	Prólogo — Aranha Colossal	event_0067	aranha colossal foi salvo, mas não sem perdas. O Prólogo registra a vitória e o preço que veio junto.	sobrevivente
EPI_0068	POLITICAL	Prólogo — Aldeia Fronteiriça	event_0068	Depois de aldeia fronteiriça, sua reputação atravessou fronteiras e abriu portas para negociações que antes pareciam impossíveis.	amigo_do_povo
EPI_0069	SCHOLARLY	Prólogo — Cidade Sitiada	event_0069	Em cidade sitiada, sua descoberta mudou o que estudiosos acreditavam saber.	sobrevivente
EPI_0070	TRAGIC	Prólogo — Palácio Real	event_0070	Você não conseguiu mudar o destino de palácio real. O Prólogo não apaga a derrota; ele registra quem você foi quando tudo desmoronou.	sabio
EPI_0071	ROMANTIC	Prólogo — Guilda Dos Aventureiros	event_0071	Depois de Guilda dos Aventureiros, uma relação que você cultivou tornou-se parte inseparável da sua história.	heroi_local
EPI_0072	POLITICAL	Prólogo — Palácio Real	event_0072	Depois de palácio real, sua reputação atravessou fronteiras e abriu portas para negociações que antes pareciam impossíveis.	mestre
EPI_0073	HEROIC	Prólogo — Aldeia Fronteiriça	event_0073	Quando a poeira baixou, os moradores de aldeia fronteiriça ainda repetiam seu nome. Você não apenas venceu: suas escolhas deram àquela gente uma chance de continuar.	rei
EPI_0074	TRAGIC	Prólogo — Grande Sábio	event_0074	Você não conseguiu mudar o destino de grande sábio. O Prólogo não apaga a derrota; ele registra quem você foi quando tudo desmoronou.	aventureiro_lembrado
EPI_0075	SURVIVAL	Prólogo — Guilda Dos Aventureiros	event_0075	Você saiu vivo de Guilda dos Aventureiros. Não houve glória imediata, apenas a certeza de que sua história ainda não terminara.	amigo_do_povo
EPI_0076	BITTERSWEET	Prólogo — Aldeia Fronteiriça	event_0076	aldeia fronteiriça foi salvo, mas não sem perdas. O Prólogo registra a vitória e o preço que veio junto.	sabio
EPI_0077	TRAGIC	Prólogo — Culto Das Sombras	event_0077	Você não conseguiu mudar o destino de culto das sombras. O Prólogo não apaga a derrota; ele registra quem você foi quando tudo desmoronou.	rei
EPI_0078	TRAGIC	Prólogo — Culto Das Sombras	event_0078	Você não conseguiu mudar o destino de culto das sombras. O Prólogo não apaga a derrota; ele registra quem você foi quando tudo desmoronou.	nome_controverso
EPI_0079	COMIC	Prólogo — Aldeia Fronteiriça	event_0079	Em aldeia fronteiriça, ninguém conseguiu decidir se aquilo foi genialidade ou sorte. A história, porém, sobreviveu em risadas e canções.	nome_controverso
EPI_0080	ROMANTIC	Prólogo — Guilda Dos Aventureiros	event_0080	Depois de Guilda dos Aventureiros, uma relação que você cultivou tornou-se parte inseparável da sua história.	mestre
EPI_0081	BITTERSWEET	Prólogo — Culto Das Sombras	event_0081	culto das sombras foi salvo, mas não sem perdas. O Prólogo registra a vitória e o preço que veio junto.	mestre
EPI_0082	BITTERSWEET	Prólogo — Dragão Desperto	event_0082	dragão desperto foi salvo, mas não sem perdas. O Prólogo registra a vitória e o preço que veio junto.	nome_controverso
EPI_0083	TRAGIC	Prólogo — Aldeia Fronteiriça	event_0083	Você não conseguiu mudar o destino de aldeia fronteiriça. O Prólogo não apaga a derrota; ele registra quem você foi quando tudo desmoronou.	heroi_local
EPI_0084	SCHOLARLY	Prólogo — Grande Sábio	event_0084	Em grande sábio, sua descoberta mudou o que estudiosos acreditavam saber.	aventureiro_lembrado
EPI_0085	SCHOLARLY	Prólogo — Culto Das Sombras	event_0085	Em culto das sombras, sua descoberta mudou o que estudiosos acreditavam saber.	amigo_do_povo
EPI_0086	TRAGIC	Prólogo — Dungeon Ancestral	event_0086	Você não conseguiu mudar o destino de dungeon ancestral. O Prólogo não apaga a derrota; ele registra quem você foi quando tudo desmoronou.	mestre
EPI_0087	TRAGIC	Prólogo — Cidade Sitiada	event_0087	Você não conseguiu mudar o destino de cidade sitiada. O Prólogo não apaga a derrota; ele registra quem você foi quando tudo desmoronou.	rei
EPI_0088	ROMANTIC	Prólogo — Dragão Desperto	event_0088	Depois de dragão desperto, uma relação que você cultivou tornou-se parte inseparável da sua história.	amigo_do_povo
EPI_0089	SURVIVAL	Prólogo — Torneio Da Academia	event_0089	Você saiu vivo de torneio da Academia. Não houve glória imediata, apenas a certeza de que sua história ainda não terminara.	sabio
EPI_0090	POLITICAL	Prólogo — Grande Sábio	event_0090	Depois de grande sábio, sua reputação atravessou fronteiras e abriu portas para negociações que antes pareciam impossíveis.	rei
EPI_0091	TRAGIC	Prólogo — Aranha Colossal	event_0091	Você não conseguiu mudar o destino de aranha colossal. O Prólogo não apaga a derrota; ele registra quem você foi quando tudo desmoronou.	aventureiro_lembrado
EPI_0092	BITTERSWEET	Prólogo — Cidade Sitiada	event_0092	cidade sitiada foi salvo, mas não sem perdas. O Prólogo registra a vitória e o preço que veio junto.	heroi_local
EPI_0093	ROMANTIC	Prólogo — Culto Das Sombras	event_0093	Depois de culto das sombras, uma relação que você cultivou tornou-se parte inseparável da sua história.	amigo_do_povo
EPI_0094	SURVIVAL	Prólogo — Guilda Dos Aventureiros	event_0094	Você saiu vivo de Guilda dos Aventureiros. Não houve glória imediata, apenas a certeza de que sua história ainda não terminara.	amigo_do_povo
EPI_0095	BITTERSWEET	Prólogo — Cidade Sitiada	event_0095	cidade sitiada foi salvo, mas não sem perdas. O Prólogo registra a vitória e o preço que veio junto.	nome_controverso
EPI_0096	COMIC	Prólogo — Torneio Da Academia	event_0096	Em torneio da Academia, ninguém conseguiu decidir se aquilo foi genialidade ou sorte. A história, porém, sobreviveu em risadas e canções.	sabio
EPI_0097	SURVIVAL	Prólogo — Aldeia Fronteiriça	event_0097	Você saiu vivo de aldeia fronteiriça. Não houve glória imediata, apenas a certeza de que sua história ainda não terminara.	rei
EPI_0098	HEROIC	Prólogo — Dragão Desperto	event_0098	Quando a poeira baixou, os moradores de dragão desperto ainda repetiam seu nome. Você não apenas venceu: suas escolhas deram àquela gente uma chance de continuar.	mestre
EPI_0099	SCHOLARLY	Prólogo — Aranha Colossal	event_0099	Em aranha colossal, sua descoberta mudou o que estudiosos acreditavam saber.	heroi_local
EPI_0100	SCHOLARLY	Prólogo — Cidade Sitiada	event_0100	Em cidade sitiada, sua descoberta mudou o que estudiosos acreditavam saber.	nome_controverso
EPI_0101	COMIC	Prólogo — Dragão Desperto	event_0101	Em dragão desperto, ninguém conseguiu decidir se aquilo foi genialidade ou sorte. A história, porém, sobreviveu em risadas e canções.	heroi_local
EPI_0102	POLITICAL	Prólogo — Dragão Desperto	event_0102	Depois de dragão desperto, sua reputação atravessou fronteiras e abriu portas para negociações que antes pareciam impossíveis.	amigo_do_povo
EPI_0103	TRAGIC	Prólogo — Guilda Dos Aventureiros	event_0103	Você não conseguiu mudar o destino de Guilda dos Aventureiros. O Prólogo não apaga a derrota; ele registra quem você foi quando tudo desmoronou.	sobrevivente
EPI_0104	COMIC	Prólogo — Dragão Desperto	event_0104	Em dragão desperto, ninguém conseguiu decidir se aquilo foi genialidade ou sorte. A história, porém, sobreviveu em risadas e canções.	sobrevivente
EPI_0105	ROMANTIC	Prólogo — Palácio Real	event_0105	Depois de palácio real, uma relação que você cultivou tornou-se parte inseparável da sua história.	mestre
EPI_0106	SURVIVAL	Prólogo — Grande Sábio	event_0106	Você saiu vivo de grande sábio. Não houve glória imediata, apenas a certeza de que sua história ainda não terminara.	aventureiro_lembrado
EPI_0107	ROMANTIC	Prólogo — Torneio Da Academia	event_0107	Depois de torneio da Academia, uma relação que você cultivou tornou-se parte inseparável da sua história.	mestre
EPI_0108	TRAGIC	Prólogo — Dragão Desperto	event_0108	Você não conseguiu mudar o destino de dragão desperto. O Prólogo não apaga a derrota; ele registra quem você foi quando tudo desmoronou.	mestre
EPI_0109	SCHOLARLY	Prólogo — Culto Das Sombras	event_0109	Em culto das sombras, sua descoberta mudou o que estudiosos acreditavam saber.	sobrevivente
EPI_0110	SURVIVAL	Prólogo — Grande Sábio	event_0110	Você saiu vivo de grande sábio. Não houve glória imediata, apenas a certeza de que sua história ainda não terminara.	nome_controverso
EPI_0111	SURVIVAL	Prólogo — Aranha Colossal	event_0111	Você saiu vivo de aranha colossal. Não houve glória imediata, apenas a certeza de que sua história ainda não terminara.	rei
EPI_0112	SURVIVAL	Prólogo — Aranha Colossal	event_0112	Você saiu vivo de aranha colossal. Não houve glória imediata, apenas a certeza de que sua história ainda não terminara.	nome_controverso
EPI_0113	TRAGIC	Prólogo — Torneio Da Academia	event_0113	Você não conseguiu mudar o destino de torneio da Academia. O Prólogo não apaga a derrota; ele registra quem você foi quando tudo desmoronou.	rei
EPI_0114	BITTERSWEET	Prólogo — Culto Das Sombras	event_0114	culto das sombras foi salvo, mas não sem perdas. O Prólogo registra a vitória e o preço que veio junto.	heroi_local
EPI_0115	BITTERSWEET	Prólogo — Dungeon Ancestral	event_0115	dungeon ancestral foi salvo, mas não sem perdas. O Prólogo registra a vitória e o preço que veio junto.	mestre
EPI_0116	BITTERSWEET	Prólogo — Grande Sábio	event_0116	grande sábio foi salvo, mas não sem perdas. O Prólogo registra a vitória e o preço que veio junto.	nome_controverso
EPI_0117	BITTERSWEET	Prólogo — Torneio Da Academia	event_0117	torneio da Academia foi salvo, mas não sem perdas. O Prólogo registra a vitória e o preço que veio junto.	sobrevivente
EPI_0118	ROMANTIC	Prólogo — Grande Sábio	event_0118	Depois de grande sábio, uma relação que você cultivou tornou-se parte inseparável da sua história.	heroi_local
EPI_0119	TRAGIC	Prólogo — Culto Das Sombras	event_0119	Você não conseguiu mudar o destino de culto das sombras. O Prólogo não apaga a derrota; ele registra quem você foi quando tudo desmoronou.	rei
EPI_0120	ROMANTIC	Prólogo — Guilda Dos Aventureiros	event_0120	Depois de Guilda dos Aventureiros, uma relação que você cultivou tornou-se parte inseparável da sua história.	sabio
EPI_0121	POLITICAL	Prólogo — Dungeon Ancestral	event_0121	Depois de dungeon ancestral, sua reputação atravessou fronteiras e abriu portas para negociações que antes pareciam impossíveis.	mestre
EPI_0122	TRAGIC	Prólogo — Guilda Dos Aventureiros	event_0122	Você não conseguiu mudar o destino de Guilda dos Aventureiros. O Prólogo não apaga a derrota; ele registra quem você foi quando tudo desmoronou.	aventureiro_lembrado
EPI_0123	TRAGIC	Prólogo — Guilda Dos Aventureiros	event_0123	Você não conseguiu mudar o destino de Guilda dos Aventureiros. O Prólogo não apaga a derrota; ele registra quem você foi quando tudo desmoronou.	sobrevivente
EPI_0124	ROMANTIC	Prólogo — Culto Das Sombras	event_0124	Depois de culto das sombras, uma relação que você cultivou tornou-se parte inseparável da sua história.	rei
EPI_0125	BITTERSWEET	Prólogo — Aranha Colossal	event_0125	aranha colossal foi salvo, mas não sem perdas. O Prólogo registra a vitória e o preço que veio junto.	nome_controverso
EPI_0126	SURVIVAL	Prólogo — Torneio Da Academia	event_0126	Você saiu vivo de torneio da Academia. Não houve glória imediata, apenas a certeza de que sua história ainda não terminara.	rei
EPI_0127	SCHOLARLY	Prólogo — Guilda Dos Aventureiros	event_0127	Em Guilda dos Aventureiros, sua descoberta mudou o que estudiosos acreditavam saber.	nome_controverso
EPI_0128	ROMANTIC	Prólogo — Dungeon Ancestral	event_0128	Depois de dungeon ancestral, uma relação que você cultivou tornou-se parte inseparável da sua história.	heroi_local
EPI_0129	ROMANTIC	Prólogo — Culto Das Sombras	event_0129	Depois de culto das sombras, uma relação que você cultivou tornou-se parte inseparável da sua história.	rei
EPI_0130	TRAGIC	Prólogo — Dragão Desperto	event_0130	Você não conseguiu mudar o destino de dragão desperto. O Prólogo não apaga a derrota; ele registra quem você foi quando tudo desmoronou.	aventureiro_lembrado
EPI_0131	SCHOLARLY	Prólogo — Dungeon Ancestral	event_0131	Em dungeon ancestral, sua descoberta mudou o que estudiosos acreditavam saber.	aventureiro_lembrado
EPI_0132	BITTERSWEET	Prólogo — Aranha Colossal	event_0132	aranha colossal foi salvo, mas não sem perdas. O Prólogo registra a vitória e o preço que veio junto.	aventureiro_lembrado
EPI_0133	TRAGIC	Prólogo — Dragão Desperto	event_0133	Você não conseguiu mudar o destino de dragão desperto. O Prólogo não apaga a derrota; ele registra quem você foi quando tudo desmoronou.	amigo_do_povo
EPI_0134	ROMANTIC	Prólogo — Torneio Da Academia	event_0134	Depois de torneio da Academia, uma relação que você cultivou tornou-se parte inseparável da sua história.	rei
EPI_0135	TRAGIC	Prólogo — Aldeia Fronteiriça	event_0135	Você não conseguiu mudar o destino de aldeia fronteiriça. O Prólogo não apaga a derrota; ele registra quem você foi quando tudo desmoronou.	mestre
EPI_0136	SURVIVAL	Prólogo — Dragão Desperto	event_0136	Você saiu vivo de dragão desperto. Não houve glória imediata, apenas a certeza de que sua história ainda não terminara.	mestre
EPI_0137	TRAGIC	Prólogo — Palácio Real	event_0137	Você não conseguiu mudar o destino de palácio real. O Prólogo não apaga a derrota; ele registra quem você foi quando tudo desmoronou.	sabio
EPI_0138	COMIC	Prólogo — Aranha Colossal	event_0138	Em aranha colossal, ninguém conseguiu decidir se aquilo foi genialidade ou sorte. A história, porém, sobreviveu em risadas e canções.	aventureiro_lembrado
EPI_0139	BITTERSWEET	Prólogo — Dungeon Ancestral	event_0139	dungeon ancestral foi salvo, mas não sem perdas. O Prólogo registra a vitória e o preço que veio junto.	sabio
EPI_0140	POLITICAL	Prólogo — Aldeia Fronteiriça	event_0140	Depois de aldeia fronteiriça, sua reputação atravessou fronteiras e abriu portas para negociações que antes pareciam impossíveis.	heroi_local
EPI_0141	POLITICAL	Prólogo — Dungeon Ancestral	event_0141	Depois de dungeon ancestral, sua reputação atravessou fronteiras e abriu portas para negociações que antes pareciam impossíveis.	heroi_local
EPI_0142	POLITICAL	Prólogo — Dungeon Ancestral	event_0142	Depois de dungeon ancestral, sua reputação atravessou fronteiras e abriu portas para negociações que antes pareciam impossíveis.	nome_controverso
EPI_0143	SURVIVAL	Prólogo — Grande Sábio	event_0143	Você saiu vivo de grande sábio. Não houve glória imediata, apenas a certeza de que sua história ainda não terminara.	sabio
EPI_0144	BITTERSWEET	Prólogo — Torneio Da Academia	event_0144	torneio da Academia foi salvo, mas não sem perdas. O Prólogo registra a vitória e o preço que veio junto.	heroi_local
EPI_0145	HEROIC	Prólogo — Aldeia Fronteiriça	event_0145	Quando a poeira baixou, os moradores de aldeia fronteiriça ainda repetiam seu nome. Você não apenas venceu: suas escolhas deram àquela gente uma chance de continuar.	mestre
EPI_0146	BITTERSWEET	Prólogo — Dungeon Ancestral	event_0146	dungeon ancestral foi salvo, mas não sem perdas. O Prólogo registra a vitória e o preço que veio junto.	heroi_local
EPI_0147	ROMANTIC	Prólogo — Culto Das Sombras	event_0147	Depois de culto das sombras, uma relação que você cultivou tornou-se parte inseparável da sua história.	rei
EPI_0148	COMIC	Prólogo — Culto Das Sombras	event_0148	Em culto das sombras, ninguém conseguiu decidir se aquilo foi genialidade ou sorte. A história, porém, sobreviveu em risadas e canções.	nome_controverso
EPI_0149	ROMANTIC	Prólogo — Aldeia Fronteiriça	event_0149	Depois de aldeia fronteiriça, uma relação que você cultivou tornou-se parte inseparável da sua história.	aventureiro_lembrado
EPI_0150	SCHOLARLY	Prólogo — Grande Sábio	event_0150	Em grande sábio, sua descoberta mudou o que estudiosos acreditavam saber.	heroi_local
EPI_0151	ROMANTIC	Prólogo — Guilda Dos Aventureiros	event_0151	Depois de Guilda dos Aventureiros, uma relação que você cultivou tornou-se parte inseparável da sua história.	amigo_do_povo
EPI_0152	SCHOLARLY	Prólogo — Aranha Colossal	event_0152	Em aranha colossal, sua descoberta mudou o que estudiosos acreditavam saber.	mestre
EPI_0153	SCHOLARLY	Prólogo — Palácio Real	event_0153	Em palácio real, sua descoberta mudou o que estudiosos acreditavam saber.	aventureiro_lembrado
EPI_0154	BITTERSWEET	Prólogo — Grande Sábio	event_0154	grande sábio foi salvo, mas não sem perdas. O Prólogo registra a vitória e o preço que veio junto.	nome_controverso
EPI_0155	COMIC	Prólogo — Palácio Real	event_0155	Em palácio real, ninguém conseguiu decidir se aquilo foi genialidade ou sorte. A história, porém, sobreviveu em risadas e canções.	sobrevivente
EPI_0156	HEROIC	Prólogo — Grande Sábio	event_0156	Quando a poeira baixou, os moradores de grande sábio ainda repetiam seu nome. Você não apenas venceu: suas escolhas deram àquela gente uma chance de continuar.	rei
EPI_0157	TRAGIC	Prólogo — Dragão Desperto	event_0157	Você não conseguiu mudar o destino de dragão desperto. O Prólogo não apaga a derrota; ele registra quem você foi quando tudo desmoronou.	sabio
EPI_0158	TRAGIC	Prólogo — Dragão Desperto	event_0158	Você não conseguiu mudar o destino de dragão desperto. O Prólogo não apaga a derrota; ele registra quem você foi quando tudo desmoronou.	sabio
EPI_0159	TRAGIC	Prólogo — Torneio Da Academia	event_0159	Você não conseguiu mudar o destino de torneio da Academia. O Prólogo não apaga a derrota; ele registra quem você foi quando tudo desmoronou.	amigo_do_povo
EPI_0160	SURVIVAL	Prólogo — Culto Das Sombras	event_0160	Você saiu vivo de culto das sombras. Não houve glória imediata, apenas a certeza de que sua história ainda não terminara.	nome_controverso
EPI_0161	POLITICAL	Prólogo — Grande Sábio	event_0161	Depois de grande sábio, sua reputação atravessou fronteiras e abriu portas para negociações que antes pareciam impossíveis.	mestre
EPI_0162	COMIC	Prólogo — Cidade Sitiada	event_0162	Em cidade sitiada, ninguém conseguiu decidir se aquilo foi genialidade ou sorte. A história, porém, sobreviveu em risadas e canções.	mestre
EPI_0163	HEROIC	Prólogo — Torneio Da Academia	event_0163	Quando a poeira baixou, os moradores de torneio da Academia ainda repetiam seu nome. Você não apenas venceu: suas escolhas deram àquela gente uma chance de continuar.	rei
EPI_0164	BITTERSWEET	Prólogo — Cidade Sitiada	event_0164	cidade sitiada foi salvo, mas não sem perdas. O Prólogo registra a vitória e o preço que veio junto.	mestre
EPI_0165	SURVIVAL	Prólogo — Guilda Dos Aventureiros	event_0165	Você saiu vivo de Guilda dos Aventureiros. Não houve glória imediata, apenas a certeza de que sua história ainda não terminara.	sabio
EPI_0166	POLITICAL	Prólogo — Palácio Real	event_0166	Depois de palácio real, sua reputação atravessou fronteiras e abriu portas para negociações que antes pareciam impossíveis.	sabio
EPI_0167	SCHOLARLY	Prólogo — Dungeon Ancestral	event_0167	Em dungeon ancestral, sua descoberta mudou o que estudiosos acreditavam saber.	nome_controverso
EPI_0168	ROMANTIC	Prólogo — Grande Sábio	event_0168	Depois de grande sábio, uma relação que você cultivou tornou-se parte inseparável da sua história.	sobrevivente
EPI_0169	SURVIVAL	Prólogo — Aranha Colossal	event_0169	Você saiu vivo de aranha colossal. Não houve glória imediata, apenas a certeza de que sua história ainda não terminara.	amigo_do_povo
EPI_0170	TRAGIC	Prólogo — Guilda Dos Aventureiros	event_0170	Você não conseguiu mudar o destino de Guilda dos Aventureiros. O Prólogo não apaga a derrota; ele registra quem você foi quando tudo desmoronou.	rei
EPI_0171	SCHOLARLY	Prólogo — Palácio Real	event_0171	Em palácio real, sua descoberta mudou o que estudiosos acreditavam saber.	aventureiro_lembrado
EPI_0172	BITTERSWEET	Prólogo — Guilda Dos Aventureiros	event_0172	Guilda dos Aventureiros foi salvo, mas não sem perdas. O Prólogo registra a vitória e o preço que veio junto.	sobrevivente
EPI_0173	BITTERSWEET	Prólogo — Aldeia Fronteiriça	event_0173	aldeia fronteiriça foi salvo, mas não sem perdas. O Prólogo registra a vitória e o preço que veio junto.	sobrevivente
EPI_0174	SCHOLARLY	Prólogo — Guilda Dos Aventureiros	event_0174	Em Guilda dos Aventureiros, sua descoberta mudou o que estudiosos acreditavam saber.	amigo_do_povo
EPI_0175	ROMANTIC	Prólogo — Dungeon Ancestral	event_0175	Depois de dungeon ancestral, uma relação que você cultivou tornou-se parte inseparável da sua história.	aventureiro_lembrado
EPI_0176	COMIC	Prólogo — Aldeia Fronteiriça	event_0176	Em aldeia fronteiriça, ninguém conseguiu decidir se aquilo foi genialidade ou sorte. A história, porém, sobreviveu em risadas e canções.	rei
EPI_0177	HEROIC	Prólogo — Guilda Dos Aventureiros	event_0177	Quando a poeira baixou, os moradores de Guilda dos Aventureiros ainda repetiam seu nome. Você não apenas venceu: suas escolhas deram àquela gente uma chance de continuar.	nome_controverso
EPI_0178	TRAGIC	Prólogo — Aldeia Fronteiriça	event_0178	Você não conseguiu mudar o destino de aldeia fronteiriça. O Prólogo não apaga a derrota; ele registra quem você foi quando tudo desmoronou.	nome_controverso
EPI_0179	SCHOLARLY	Prólogo — Palácio Real	event_0179	Em palácio real, sua descoberta mudou o que estudiosos acreditavam saber.	aventureiro_lembrado
EPI_0180	COMIC	Prólogo — Aranha Colossal	event_0180	Em aranha colossal, ninguém conseguiu decidir se aquilo foi genialidade ou sorte. A história, porém, sobreviveu em risadas e canções.	amigo_do_povo
EPI_0181	TRAGIC	Prólogo — Cidade Sitiada	event_0181	Você não conseguiu mudar o destino de cidade sitiada. O Prólogo não apaga a derrota; ele registra quem você foi quando tudo desmoronou.	sabio
EPI_0182	SCHOLARLY	Prólogo — Aldeia Fronteiriça	event_0182	Em aldeia fronteiriça, sua descoberta mudou o que estudiosos acreditavam saber.	aventureiro_lembrado
EPI_0183	SCHOLARLY	Prólogo — Guilda Dos Aventureiros	event_0183	Em Guilda dos Aventureiros, sua descoberta mudou o que estudiosos acreditavam saber.	aventureiro_lembrado
EPI_0184	COMIC	Prólogo — Grande Sábio	event_0184	Em grande sábio, ninguém conseguiu decidir se aquilo foi genialidade ou sorte. A história, porém, sobreviveu em risadas e canções.	amigo_do_povo
EPI_0185	ROMANTIC	Prólogo — Culto Das Sombras	event_0185	Depois de culto das sombras, uma relação que você cultivou tornou-se parte inseparável da sua história.	aventureiro_lembrado
EPI_0186	BITTERSWEET	Prólogo — Aldeia Fronteiriça	event_0186	aldeia fronteiriça foi salvo, mas não sem perdas. O Prólogo registra a vitória e o preço que veio junto.	aventureiro_lembrado
EPI_0187	POLITICAL	Prólogo — Culto Das Sombras	event_0187	Depois de culto das sombras, sua reputação atravessou fronteiras e abriu portas para negociações que antes pareciam impossíveis.	sobrevivente
EPI_0188	SCHOLARLY	Prólogo — Torneio Da Academia	event_0188	Em torneio da Academia, sua descoberta mudou o que estudiosos acreditavam saber.	amigo_do_povo
EPI_0189	SCHOLARLY	Prólogo — Cidade Sitiada	event_0189	Em cidade sitiada, sua descoberta mudou o que estudiosos acreditavam saber.	amigo_do_povo
EPI_0190	ROMANTIC	Prólogo — Aranha Colossal	event_0190	Depois de aranha colossal, uma relação que você cultivou tornou-se parte inseparável da sua história.	rei
EPI_0191	SURVIVAL	Prólogo — Palácio Real	event_0191	Você saiu vivo de palácio real. Não houve glória imediata, apenas a certeza de que sua história ainda não terminara.	sabio
EPI_0192	POLITICAL	Prólogo — Culto Das Sombras	event_0192	Depois de culto das sombras, sua reputação atravessou fronteiras e abriu portas para negociações que antes pareciam impossíveis.	rei
EPI_0193	SURVIVAL	Prólogo — Cidade Sitiada	event_0193	Você saiu vivo de cidade sitiada. Não houve glória imediata, apenas a certeza de que sua história ainda não terminara.	heroi_local
EPI_0194	TRAGIC	Prólogo — Cidade Sitiada	event_0194	Você não conseguiu mudar o destino de cidade sitiada. O Prólogo não apaga a derrota; ele registra quem você foi quando tudo desmoronou.	mestre
EPI_0195	BITTERSWEET	Prólogo — Palácio Real	event_0195	palácio real foi salvo, mas não sem perdas. O Prólogo registra a vitória e o preço que veio junto.	amigo_do_povo
EPI_0196	ROMANTIC	Prólogo — Palácio Real	event_0196	Depois de palácio real, uma relação que você cultivou tornou-se parte inseparável da sua história.	amigo_do_povo
EPI_0197	POLITICAL	Prólogo — Torneio Da Academia	event_0197	Depois de torneio da Academia, sua reputação atravessou fronteiras e abriu portas para negociações que antes pareciam impossíveis.	aventureiro_lembrado
EPI_0198	POLITICAL	Prólogo — Dragão Desperto	event_0198	Depois de dragão desperto, sua reputação atravessou fronteiras e abriu portas para negociações que antes pareciam impossíveis.	sobrevivente
EPI_0199	POLITICAL	Prólogo — Dungeon Ancestral	event_0199	Depois de dungeon ancestral, sua reputação atravessou fronteiras e abriu portas para negociações que antes pareciam impossíveis.	heroi_local
EPI_0200	BITTERSWEET	Prólogo — Guilda Dos Aventureiros	event_0200	Guilda dos Aventureiros foi salvo, mas não sem perdas. O Prólogo registra a vitória e o preço que veio junto.	amigo_do_povo
EPI_0201	HEROIC	Prólogo — Aranha Colossal	event_0201	Quando a poeira baixou, os moradores de aranha colossal ainda repetiam seu nome. Você não apenas venceu: suas escolhas deram àquela gente uma chance de continuar.	mestre
EPI_0202	ROMANTIC	Prólogo — Aldeia Fronteiriça	event_0202	Depois de aldeia fronteiriça, uma relação que você cultivou tornou-se parte inseparável da sua história.	sobrevivente
EPI_0203	SCHOLARLY	Prólogo — Culto Das Sombras	event_0203	Em culto das sombras, sua descoberta mudou o que estudiosos acreditavam saber.	mestre
EPI_0204	SURVIVAL	Prólogo — Dragão Desperto	event_0204	Você saiu vivo de dragão desperto. Não houve glória imediata, apenas a certeza de que sua história ainda não terminara.	aventureiro_lembrado
EPI_0205	TRAGIC	Prólogo — Dragão Desperto	event_0205	Você não conseguiu mudar o destino de dragão desperto. O Prólogo não apaga a derrota; ele registra quem você foi quando tudo desmoronou.	mestre
EPI_0206	SCHOLARLY	Prólogo — Dungeon Ancestral	event_0206	Em dungeon ancestral, sua descoberta mudou o que estudiosos acreditavam saber.	sabio
EPI_0207	ROMANTIC	Prólogo — Dungeon Ancestral	event_0207	Depois de dungeon ancestral, uma relação que você cultivou tornou-se parte inseparável da sua história.	amigo_do_povo
EPI_0208	SURVIVAL	Prólogo — Palácio Real	event_0208	Você saiu vivo de palácio real. Não houve glória imediata, apenas a certeza de que sua história ainda não terminara.	heroi_local
EPI_0209	POLITICAL	Prólogo — Aranha Colossal	event_0209	Depois de aranha colossal, sua reputação atravessou fronteiras e abriu portas para negociações que antes pareciam impossíveis.	sabio
EPI_0210	SURVIVAL	Prólogo — Cidade Sitiada	event_0210	Você saiu vivo de cidade sitiada. Não houve glória imediata, apenas a certeza de que sua história ainda não terminara.	rei
EPI_0211	SURVIVAL	Prólogo — Guilda Dos Aventureiros	event_0211	Você saiu vivo de Guilda dos Aventureiros. Não houve glória imediata, apenas a certeza de que sua história ainda não terminara.	sobrevivente
EPI_0212	SCHOLARLY	Prólogo — Grande Sábio	event_0212	Em grande sábio, sua descoberta mudou o que estudiosos acreditavam saber.	rei
EPI_0213	TRAGIC	Prólogo — Dungeon Ancestral	event_0213	Você não conseguiu mudar o destino de dungeon ancestral. O Prólogo não apaga a derrota; ele registra quem você foi quando tudo desmoronou.	amigo_do_povo
EPI_0214	POLITICAL	Prólogo — Culto Das Sombras	event_0214	Depois de culto das sombras, sua reputação atravessou fronteiras e abriu portas para negociações que antes pareciam impossíveis.	rei
EPI_0215	COMIC	Prólogo — Aranha Colossal	event_0215	Em aranha colossal, ninguém conseguiu decidir se aquilo foi genialidade ou sorte. A história, porém, sobreviveu em risadas e canções.	nome_controverso
EPI_0216	BITTERSWEET	Prólogo — Guilda Dos Aventureiros	event_0216	Guilda dos Aventureiros foi salvo, mas não sem perdas. O Prólogo registra a vitória e o preço que veio junto.	heroi_local
EPI_0217	ROMANTIC	Prólogo — Dragão Desperto	event_0217	Depois de dragão desperto, uma relação que você cultivou tornou-se parte inseparável da sua história.	amigo_do_povo
EPI_0218	ROMANTIC	Prólogo — Grande Sábio	event_0218	Depois de grande sábio, uma relação que você cultivou tornou-se parte inseparável da sua história.	heroi_local
EPI_0219	COMIC	Prólogo — Dragão Desperto	event_0219	Em dragão desperto, ninguém conseguiu decidir se aquilo foi genialidade ou sorte. A história, porém, sobreviveu em risadas e canções.	rei
EPI_0220	TRAGIC	Prólogo — Aranha Colossal	event_0220	Você não conseguiu mudar o destino de aranha colossal. O Prólogo não apaga a derrota; ele registra quem você foi quando tudo desmoronou.	sabio
EPI_0221	COMIC	Prólogo — Palácio Real	event_0221	Em palácio real, ninguém conseguiu decidir se aquilo foi genialidade ou sorte. A história, porém, sobreviveu em risadas e canções.	nome_controverso
EPI_0222	SCHOLARLY	Prólogo — Guilda Dos Aventureiros	event_0222	Em Guilda dos Aventureiros, sua descoberta mudou o que estudiosos acreditavam saber.	rei
EPI_0223	HEROIC	Prólogo — Grande Sábio	event_0223	Quando a poeira baixou, os moradores de grande sábio ainda repetiam seu nome. Você não apenas venceu: suas escolhas deram àquela gente uma chance de continuar.	rei
EPI_0224	SCHOLARLY	Prólogo — Palácio Real	event_0224	Em palácio real, sua descoberta mudou o que estudiosos acreditavam saber.	rei
EPI_0225	BITTERSWEET	Prólogo — Grande Sábio	event_0225	grande sábio foi salvo, mas não sem perdas. O Prólogo registra a vitória e o preço que veio junto.	sabio
EPI_0226	TRAGIC	Prólogo — Culto Das Sombras	event_0226	Você não conseguiu mudar o destino de culto das sombras. O Prólogo não apaga a derrota; ele registra quem você foi quando tudo desmoronou.	nome_controverso
EPI_0227	POLITICAL	Prólogo — Aranha Colossal	event_0227	Depois de aranha colossal, sua reputação atravessou fronteiras e abriu portas para negociações que antes pareciam impossíveis.	sabio
EPI_0228	COMIC	Prólogo — Aranha Colossal	event_0228	Em aranha colossal, ninguém conseguiu decidir se aquilo foi genialidade ou sorte. A história, porém, sobreviveu em risadas e canções.	rei
EPI_0229	BITTERSWEET	Prólogo — Dragão Desperto	event_0229	dragão desperto foi salvo, mas não sem perdas. O Prólogo registra a vitória e o preço que veio junto.	sobrevivente
EPI_0230	COMIC	Prólogo — Dungeon Ancestral	event_0230	Em dungeon ancestral, ninguém conseguiu decidir se aquilo foi genialidade ou sorte. A história, porém, sobreviveu em risadas e canções.	sobrevivente
EPI_0231	POLITICAL	Prólogo — Dungeon Ancestral	event_0231	Depois de dungeon ancestral, sua reputação atravessou fronteiras e abriu portas para negociações que antes pareciam impossíveis.	sabio
EPI_0232	ROMANTIC	Prólogo — Grande Sábio	event_0232	Depois de grande sábio, uma relação que você cultivou tornou-se parte inseparável da sua história.	aventureiro_lembrado
EPI_0233	POLITICAL	Prólogo — Palácio Real	event_0233	Depois de palácio real, sua reputação atravessou fronteiras e abriu portas para negociações que antes pareciam impossíveis.	heroi_local
EPI_0234	COMIC	Prólogo — Culto Das Sombras	event_0234	Em culto das sombras, ninguém conseguiu decidir se aquilo foi genialidade ou sorte. A história, porém, sobreviveu em risadas e canções.	sobrevivente
EPI_0235	ROMANTIC	Prólogo — Grande Sábio	event_0235	Depois de grande sábio, uma relação que você cultivou tornou-se parte inseparável da sua história.	mestre
EPI_0236	SURVIVAL	Prólogo — Aranha Colossal	event_0236	Você saiu vivo de aranha colossal. Não houve glória imediata, apenas a certeza de que sua história ainda não terminara.	sabio
EPI_0237	COMIC	Prólogo — Aranha Colossal	event_0237	Em aranha colossal, ninguém conseguiu decidir se aquilo foi genialidade ou sorte. A história, porém, sobreviveu em risadas e canções.	heroi_local
EPI_0238	HEROIC	Prólogo — Dragão Desperto	event_0238	Quando a poeira baixou, os moradores de dragão desperto ainda repetiam seu nome. Você não apenas venceu: suas escolhas deram àquela gente uma chance de continuar.	heroi_local
EPI_0239	HEROIC	Prólogo — Aldeia Fronteiriça	event_0239	Quando a poeira baixou, os moradores de aldeia fronteiriça ainda repetiam seu nome. Você não apenas venceu: suas escolhas deram àquela gente uma chance de continuar.	mestre
EPI_0240	SCHOLARLY	Prólogo — Aranha Colossal	event_0240	Em aranha colossal, sua descoberta mudou o que estudiosos acreditavam saber.	aventureiro_lembrado
EPI_0241	ROMANTIC	Prólogo — Cidade Sitiada	event_0241	Depois de cidade sitiada, uma relação que você cultivou tornou-se parte inseparável da sua história.	nome_controverso
EPI_0242	BITTERSWEET	Prólogo — Dragão Desperto	event_0242	dragão desperto foi salvo, mas não sem perdas. O Prólogo registra a vitória e o preço que veio junto.	sobrevivente
EPI_0243	SCHOLARLY	Prólogo — Palácio Real	event_0243	Em palácio real, sua descoberta mudou o que estudiosos acreditavam saber.	sobrevivente
EPI_0244	ROMANTIC	Prólogo — Palácio Real	event_0244	Depois de palácio real, uma relação que você cultivou tornou-se parte inseparável da sua história.	aventureiro_lembrado
EPI_0245	COMIC	Prólogo — Cidade Sitiada	event_0245	Em cidade sitiada, ninguém conseguiu decidir se aquilo foi genialidade ou sorte. A história, porém, sobreviveu em risadas e canções.	sobrevivente
EPI_0246	TRAGIC	Prólogo — Torneio Da Academia	event_0246	Você não conseguiu mudar o destino de torneio da Academia. O Prólogo não apaga a derrota; ele registra quem você foi quando tudo desmoronou.	heroi_local
EPI_0247	ROMANTIC	Prólogo — Guilda Dos Aventureiros	event_0247	Depois de Guilda dos Aventureiros, uma relação que você cultivou tornou-se parte inseparável da sua história.	sobrevivente
EPI_0248	POLITICAL	Prólogo — Culto Das Sombras	event_0248	Depois de culto das sombras, sua reputação atravessou fronteiras e abriu portas para negociações que antes pareciam impossíveis.	aventureiro_lembrado
EPI_0249	ROMANTIC	Prólogo — Palácio Real	event_0249	Depois de palácio real, uma relação que você cultivou tornou-se parte inseparável da sua história.	amigo_do_povo
EPI_0250	SCHOLARLY	Prólogo — Dungeon Ancestral	event_0250	Em dungeon ancestral, sua descoberta mudou o que estudiosos acreditavam saber.	mestre
EPI_0251	SURVIVAL	Prólogo — Aldeia Fronteiriça	event_0251	Você saiu vivo de aldeia fronteiriça. Não houve glória imediata, apenas a certeza de que sua história ainda não terminara.	sabio
EPI_0252	HEROIC	Prólogo — Cidade Sitiada	event_0252	Quando a poeira baixou, os moradores de cidade sitiada ainda repetiam seu nome. Você não apenas venceu: suas escolhas deram àquela gente uma chance de continuar.	aventureiro_lembrado
EPI_0253	COMIC	Prólogo — Palácio Real	event_0253	Em palácio real, ninguém conseguiu decidir se aquilo foi genialidade ou sorte. A história, porém, sobreviveu em risadas e canções.	mestre
EPI_0254	COMIC	Prólogo — Culto Das Sombras	event_0254	Em culto das sombras, ninguém conseguiu decidir se aquilo foi genialidade ou sorte. A história, porém, sobreviveu em risadas e canções.	heroi_local
EPI_0255	TRAGIC	Prólogo — Cidade Sitiada	event_0255	Você não conseguiu mudar o destino de cidade sitiada. O Prólogo não apaga a derrota; ele registra quem você foi quando tudo desmoronou.	amigo_do_povo
EPI_0256	SCHOLARLY	Prólogo — Dungeon Ancestral	event_0256	Em dungeon ancestral, sua descoberta mudou o que estudiosos acreditavam saber.	sobrevivente
EPI_0257	TRAGIC	Prólogo — Cidade Sitiada	event_0257	Você não conseguiu mudar o destino de cidade sitiada. O Prólogo não apaga a derrota; ele registra quem você foi quando tudo desmoronou.	mestre
EPI_0258	POLITICAL	Prólogo — Grande Sábio	event_0258	Depois de grande sábio, sua reputação atravessou fronteiras e abriu portas para negociações que antes pareciam impossíveis.	rei
EPI_0259	SURVIVAL	Prólogo — Aldeia Fronteiriça	event_0259	Você saiu vivo de aldeia fronteiriça. Não houve glória imediata, apenas a certeza de que sua história ainda não terminara.	rei
EPI_0260	COMIC	Prólogo — Palácio Real	event_0260	Em palácio real, ninguém conseguiu decidir se aquilo foi genialidade ou sorte. A história, porém, sobreviveu em risadas e canções.	rei
EPI_0261	SURVIVAL	Prólogo — Torneio Da Academia	event_0261	Você saiu vivo de torneio da Academia. Não houve glória imediata, apenas a certeza de que sua história ainda não terminara.	heroi_local
EPI_0262	TRAGIC	Prólogo — Aranha Colossal	event_0262	Você não conseguiu mudar o destino de aranha colossal. O Prólogo não apaga a derrota; ele registra quem você foi quando tudo desmoronou.	sobrevivente
EPI_0263	ROMANTIC	Prólogo — Torneio Da Academia	event_0263	Depois de torneio da Academia, uma relação que você cultivou tornou-se parte inseparável da sua história.	sobrevivente
EPI_0264	ROMANTIC	Prólogo — Guilda Dos Aventureiros	event_0264	Depois de Guilda dos Aventureiros, uma relação que você cultivou tornou-se parte inseparável da sua história.	amigo_do_povo
EPI_0265	BITTERSWEET	Prólogo — Culto Das Sombras	event_0265	culto das sombras foi salvo, mas não sem perdas. O Prólogo registra a vitória e o preço que veio junto.	nome_controverso
EPI_0266	ROMANTIC	Prólogo — Torneio Da Academia	event_0266	Depois de torneio da Academia, uma relação que você cultivou tornou-se parte inseparável da sua história.	mestre
EPI_0267	POLITICAL	Prólogo — Palácio Real	event_0267	Depois de palácio real, sua reputação atravessou fronteiras e abriu portas para negociações que antes pareciam impossíveis.	amigo_do_povo
EPI_0268	TRAGIC	Prólogo — Cidade Sitiada	event_0268	Você não conseguiu mudar o destino de cidade sitiada. O Prólogo não apaga a derrota; ele registra quem você foi quando tudo desmoronou.	sabio
EPI_0269	TRAGIC	Prólogo — Guilda Dos Aventureiros	event_0269	Você não conseguiu mudar o destino de Guilda dos Aventureiros. O Prólogo não apaga a derrota; ele registra quem você foi quando tudo desmoronou.	amigo_do_povo
EPI_0270	COMIC	Prólogo — Aldeia Fronteiriça	event_0270	Em aldeia fronteiriça, ninguém conseguiu decidir se aquilo foi genialidade ou sorte. A história, porém, sobreviveu em risadas e canções.	sabio
EPI_0271	ROMANTIC	Prólogo — Grande Sábio	event_0271	Depois de grande sábio, uma relação que você cultivou tornou-se parte inseparável da sua história.	sobrevivente
EPI_0272	SCHOLARLY	Prólogo — Guilda Dos Aventureiros	event_0272	Em Guilda dos Aventureiros, sua descoberta mudou o que estudiosos acreditavam saber.	amigo_do_povo
EPI_0273	COMIC	Prólogo — Cidade Sitiada	event_0273	Em cidade sitiada, ninguém conseguiu decidir se aquilo foi genialidade ou sorte. A história, porém, sobreviveu em risadas e canções.	mestre
EPI_0274	POLITICAL	Prólogo — Dungeon Ancestral	event_0274	Depois de dungeon ancestral, sua reputação atravessou fronteiras e abriu portas para negociações que antes pareciam impossíveis.	heroi_local
EPI_0275	SCHOLARLY	Prólogo — Culto Das Sombras	event_0275	Em culto das sombras, sua descoberta mudou o que estudiosos acreditavam saber.	amigo_do_povo
EPI_0276	BITTERSWEET	Prólogo — Aranha Colossal	event_0276	aranha colossal foi salvo, mas não sem perdas. O Prólogo registra a vitória e o preço que veio junto.	nome_controverso
EPI_0277	SURVIVAL	Prólogo — Grande Sábio	event_0277	Você saiu vivo de grande sábio. Não houve glória imediata, apenas a certeza de que sua história ainda não terminara.	rei
EPI_0278	SCHOLARLY	Prólogo — Dungeon Ancestral	event_0278	Em dungeon ancestral, sua descoberta mudou o que estudiosos acreditavam saber.	rei
EPI_0279	TRAGIC	Prólogo — Palácio Real	event_0279	Você não conseguiu mudar o destino de palácio real. O Prólogo não apaga a derrota; ele registra quem você foi quando tudo desmoronou.	sabio
EPI_0280	COMIC	Prólogo — Dragão Desperto	event_0280	Em dragão desperto, ninguém conseguiu decidir se aquilo foi genialidade ou sorte. A história, porém, sobreviveu em risadas e canções.	rei
EPI_0281	HEROIC	Prólogo — Palácio Real	event_0281	Quando a poeira baixou, os moradores de palácio real ainda repetiam seu nome. Você não apenas venceu: suas escolhas deram àquela gente uma chance de continuar.	rei
EPI_0282	POLITICAL	Prólogo — Grande Sábio	event_0282	Depois de grande sábio, sua reputação atravessou fronteiras e abriu portas para negociações que antes pareciam impossíveis.	rei
EPI_0283	COMIC	Prólogo — Grande Sábio	event_0283	Em grande sábio, ninguém conseguiu decidir se aquilo foi genialidade ou sorte. A história, porém, sobreviveu em risadas e canções.	amigo_do_povo
EPI_0284	HEROIC	Prólogo — Guilda Dos Aventureiros	event_0284	Quando a poeira baixou, os moradores de Guilda dos Aventureiros ainda repetiam seu nome. Você não apenas venceu: suas escolhas deram àquela gente uma chance de continuar.	heroi_local
EPI_0285	HEROIC	Prólogo — Cidade Sitiada	event_0285	Quando a poeira baixou, os moradores de cidade sitiada ainda repetiam seu nome. Você não apenas venceu: suas escolhas deram àquela gente uma chance de continuar.	nome_controverso
EPI_0286	SCHOLARLY	Prólogo — Guilda Dos Aventureiros	event_0286	Em Guilda dos Aventureiros, sua descoberta mudou o que estudiosos acreditavam saber.	rei
EPI_0287	ROMANTIC	Prólogo — Torneio Da Academia	event_0287	Depois de torneio da Academia, uma relação que você cultivou tornou-se parte inseparável da sua história.	aventureiro_lembrado
EPI_0288	SURVIVAL	Prólogo — Guilda Dos Aventureiros	event_0288	Você saiu vivo de Guilda dos Aventureiros. Não houve glória imediata, apenas a certeza de que sua história ainda não terminara.	sabio
EPI_0289	HEROIC	Prólogo — Aranha Colossal	event_0289	Quando a poeira baixou, os moradores de aranha colossal ainda repetiam seu nome. Você não apenas venceu: suas escolhas deram àquela gente uma chance de continuar.	aventureiro_lembrado
EPI_0290	SURVIVAL	Prólogo — Guilda Dos Aventureiros	event_0290	Você saiu vivo de Guilda dos Aventureiros. Não houve glória imediata, apenas a certeza de que sua história ainda não terminara.	amigo_do_povo
EPI_0291	BITTERSWEET	Prólogo — Torneio Da Academia	event_0291	torneio da Academia foi salvo, mas não sem perdas. O Prólogo registra a vitória e o preço que veio junto.	amigo_do_povo
EPI_0292	SURVIVAL	Prólogo — Cidade Sitiada	event_0292	Você saiu vivo de cidade sitiada. Não houve glória imediata, apenas a certeza de que sua história ainda não terminara.	mestre
EPI_0293	HEROIC	Prólogo — Cidade Sitiada	event_0293	Quando a poeira baixou, os moradores de cidade sitiada ainda repetiam seu nome. Você não apenas venceu: suas escolhas deram àquela gente uma chance de continuar.	mestre
EPI_0294	HEROIC	Prólogo — Dragão Desperto	event_0294	Quando a poeira baixou, os moradores de dragão desperto ainda repetiam seu nome. Você não apenas venceu: suas escolhas deram àquela gente uma chance de continuar.	heroi_local
EPI_0295	ROMANTIC	Prólogo — Aldeia Fronteiriça	event_0295	Depois de aldeia fronteiriça, uma relação que você cultivou tornou-se parte inseparável da sua história.	nome_controverso
EPI_0296	HEROIC	Prólogo — Dungeon Ancestral	event_0296	Quando a poeira baixou, os moradores de dungeon ancestral ainda repetiam seu nome. Você não apenas venceu: suas escolhas deram àquela gente uma chance de continuar.	mestre
EPI_0297	SURVIVAL	Prólogo — Dungeon Ancestral	event_0297	Você saiu vivo de dungeon ancestral. Não houve glória imediata, apenas a certeza de que sua história ainda não terminara.	heroi_local
EPI_0298	SCHOLARLY	Prólogo — Aldeia Fronteiriça	event_0298	Em aldeia fronteiriça, sua descoberta mudou o que estudiosos acreditavam saber.	aventureiro_lembrado
EPI_0299	POLITICAL	Prólogo — Torneio Da Academia	event_0299	Depois de torneio da Academia, sua reputação atravessou fronteiras e abriu portas para negociações que antes pareciam impossíveis.	nome_controverso
EPI_0300	HEROIC	Prólogo — Dungeon Ancestral	event_0300	Quando a poeira baixou, os moradores de dungeon ancestral ainda repetiam seu nome. Você não apenas venceu: suas escolhas deram àquela gente uma chance de continuar.	sabio
EPI_0301	SCHOLARLY	Prólogo — Aranha Colossal	event_0301	Em aranha colossal, sua descoberta mudou o que estudiosos acreditavam saber.	aventureiro_lembrado
EPI_0302	POLITICAL	Prólogo — Aranha Colossal	event_0302	Depois de aranha colossal, sua reputação atravessou fronteiras e abriu portas para negociações que antes pareciam impossíveis.	heroi_local
EPI_0303	SURVIVAL	Prólogo — Dragão Desperto	event_0303	Você saiu vivo de dragão desperto. Não houve glória imediata, apenas a certeza de que sua história ainda não terminara.	nome_controverso
EPI_0304	POLITICAL	Prólogo — Cidade Sitiada	event_0304	Depois de cidade sitiada, sua reputação atravessou fronteiras e abriu portas para negociações que antes pareciam impossíveis.	sabio
EPI_0305	SCHOLARLY	Prólogo — Grande Sábio	event_0305	Em grande sábio, sua descoberta mudou o que estudiosos acreditavam saber.	sabio
EPI_0306	SURVIVAL	Prólogo — Aldeia Fronteiriça	event_0306	Você saiu vivo de aldeia fronteiriça. Não houve glória imediata, apenas a certeza de que sua história ainda não terminara.	mestre
EPI_0307	BITTERSWEET	Prólogo — Torneio Da Academia	event_0307	torneio da Academia foi salvo, mas não sem perdas. O Prólogo registra a vitória e o preço que veio junto.	sabio
EPI_0308	TRAGIC	Prólogo — Culto Das Sombras	event_0308	Você não conseguiu mudar o destino de culto das sombras. O Prólogo não apaga a derrota; ele registra quem você foi quando tudo desmoronou.	sabio
EPI_0309	TRAGIC	Prólogo — Dragão Desperto	event_0309	Você não conseguiu mudar o destino de dragão desperto. O Prólogo não apaga a derrota; ele registra quem você foi quando tudo desmoronou.	rei
EPI_0310	TRAGIC	Prólogo — Palácio Real	event_0310	Você não conseguiu mudar o destino de palácio real. O Prólogo não apaga a derrota; ele registra quem você foi quando tudo desmoronou.	nome_controverso
EPI_0311	SURVIVAL	Prólogo — Torneio Da Academia	event_0311	Você saiu vivo de torneio da Academia. Não houve glória imediata, apenas a certeza de que sua história ainda não terminara.	sobrevivente
EPI_0312	BITTERSWEET	Prólogo — Torneio Da Academia	event_0312	torneio da Academia foi salvo, mas não sem perdas. O Prólogo registra a vitória e o preço que veio junto.	heroi_local
EPI_0313	ROMANTIC	Prólogo — Grande Sábio	event_0313	Depois de grande sábio, uma relação que você cultivou tornou-se parte inseparável da sua história.	aventureiro_lembrado
EPI_0314	SCHOLARLY	Prólogo — Torneio Da Academia	event_0314	Em torneio da Academia, sua descoberta mudou o que estudiosos acreditavam saber.	sobrevivente
EPI_0315	ROMANTIC	Prólogo — Dungeon Ancestral	event_0315	Depois de dungeon ancestral, uma relação que você cultivou tornou-se parte inseparável da sua história.	sobrevivente
EPI_0316	POLITICAL	Prólogo — Cidade Sitiada	event_0316	Depois de cidade sitiada, sua reputação atravessou fronteiras e abriu portas para negociações que antes pareciam impossíveis.	rei
EPI_0317	SCHOLARLY	Prólogo — Dragão Desperto	event_0317	Em dragão desperto, sua descoberta mudou o que estudiosos acreditavam saber.	sobrevivente
EPI_0318	SCHOLARLY	Prólogo — Guilda Dos Aventureiros	event_0318	Em Guilda dos Aventureiros, sua descoberta mudou o que estudiosos acreditavam saber.	sobrevivente
EPI_0319	COMIC	Prólogo — Culto Das Sombras	event_0319	Em culto das sombras, ninguém conseguiu decidir se aquilo foi genialidade ou sorte. A história, porém, sobreviveu em risadas e canções.	aventureiro_lembrado
EPI_0320	POLITICAL	Prólogo — Palácio Real	event_0320	Depois de palácio real, sua reputação atravessou fronteiras e abriu portas para negociações que antes pareciam impossíveis.	sabio
EPI_0321	COMIC	Prólogo — Aranha Colossal	event_0321	Em aranha colossal, ninguém conseguiu decidir se aquilo foi genialidade ou sorte. A história, porém, sobreviveu em risadas e canções.	rei
EPI_0322	COMIC	Prólogo — Grande Sábio	event_0322	Em grande sábio, ninguém conseguiu decidir se aquilo foi genialidade ou sorte. A história, porém, sobreviveu em risadas e canções.	rei
EPI_0323	POLITICAL	Prólogo — Guilda Dos Aventureiros	event_0323	Depois de Guilda dos Aventureiros, sua reputação atravessou fronteiras e abriu portas para negociações que antes pareciam impossíveis.	sobrevivente
EPI_0324	BITTERSWEET	Prólogo — Guilda Dos Aventureiros	event_0324	Guilda dos Aventureiros foi salvo, mas não sem perdas. O Prólogo registra a vitória e o preço que veio junto.	nome_controverso
EPI_0325	BITTERSWEET	Prólogo — Palácio Real	event_0325	palácio real foi salvo, mas não sem perdas. O Prólogo registra a vitória e o preço que veio junto.	rei
EPI_0326	TRAGIC	Prólogo — Dungeon Ancestral	event_0326	Você não conseguiu mudar o destino de dungeon ancestral. O Prólogo não apaga a derrota; ele registra quem você foi quando tudo desmoronou.	nome_controverso
EPI_0327	HEROIC	Prólogo — Grande Sábio	event_0327	Quando a poeira baixou, os moradores de grande sábio ainda repetiam seu nome. Você não apenas venceu: suas escolhas deram àquela gente uma chance de continuar.	nome_controverso
EPI_0328	BITTERSWEET	Prólogo — Dragão Desperto	event_0328	dragão desperto foi salvo, mas não sem perdas. O Prólogo registra a vitória e o preço que veio junto.	sobrevivente
EPI_0329	POLITICAL	Prólogo — Torneio Da Academia	event_0329	Depois de torneio da Academia, sua reputação atravessou fronteiras e abriu portas para negociações que antes pareciam impossíveis.	heroi_local
EPI_0330	SURVIVAL	Prólogo — Torneio Da Academia	event_0330	Você saiu vivo de torneio da Academia. Não houve glória imediata, apenas a certeza de que sua história ainda não terminara.	aventureiro_lembrado
EPI_0331	COMIC	Prólogo — Palácio Real	event_0331	Em palácio real, ninguém conseguiu decidir se aquilo foi genialidade ou sorte. A história, porém, sobreviveu em risadas e canções.	sabio
EPI_0332	TRAGIC	Prólogo — Guilda Dos Aventureiros	event_0332	Você não conseguiu mudar o destino de Guilda dos Aventureiros. O Prólogo não apaga a derrota; ele registra quem você foi quando tudo desmoronou.	sobrevivente
EPI_0333	SURVIVAL	Prólogo — Dungeon Ancestral	event_0333	Você saiu vivo de dungeon ancestral. Não houve glória imediata, apenas a certeza de que sua história ainda não terminara.	sabio
EPI_0334	SURVIVAL	Prólogo — Torneio Da Academia	event_0334	Você saiu vivo de torneio da Academia. Não houve glória imediata, apenas a certeza de que sua história ainda não terminara.	rei
EPI_0335	SURVIVAL	Prólogo — Grande Sábio	event_0335	Você saiu vivo de grande sábio. Não houve glória imediata, apenas a certeza de que sua história ainda não terminara.	nome_controverso
EPI_0336	COMIC	Prólogo — Guilda Dos Aventureiros	event_0336	Em Guilda dos Aventureiros, ninguém conseguiu decidir se aquilo foi genialidade ou sorte. A história, porém, sobreviveu em risadas e canções.	amigo_do_povo
EPI_0337	COMIC	Prólogo — Palácio Real	event_0337	Em palácio real, ninguém conseguiu decidir se aquilo foi genialidade ou sorte. A história, porém, sobreviveu em risadas e canções.	rei
EPI_0338	TRAGIC	Prólogo — Palácio Real	event_0338	Você não conseguiu mudar o destino de palácio real. O Prólogo não apaga a derrota; ele registra quem você foi quando tudo desmoronou.	sabio
EPI_0339	POLITICAL	Prólogo — Aranha Colossal	event_0339	Depois de aranha colossal, sua reputação atravessou fronteiras e abriu portas para negociações que antes pareciam impossíveis.	sabio
EPI_0340	POLITICAL	Prólogo — Torneio Da Academia	event_0340	Depois de torneio da Academia, sua reputação atravessou fronteiras e abriu portas para negociações que antes pareciam impossíveis.	sobrevivente
EPI_0341	POLITICAL	Prólogo — Grande Sábio	event_0341	Depois de grande sábio, sua reputação atravessou fronteiras e abriu portas para negociações que antes pareciam impossíveis.	nome_controverso
EPI_0342	SCHOLARLY	Prólogo — Grande Sábio	event_0342	Em grande sábio, sua descoberta mudou o que estudiosos acreditavam saber.	rei
EPI_0343	HEROIC	Prólogo — Palácio Real	event_0343	Quando a poeira baixou, os moradores de palácio real ainda repetiam seu nome. Você não apenas venceu: suas escolhas deram àquela gente uma chance de continuar.	nome_controverso
EPI_0344	POLITICAL	Prólogo — Grande Sábio	event_0344	Depois de grande sábio, sua reputação atravessou fronteiras e abriu portas para negociações que antes pareciam impossíveis.	heroi_local
EPI_0345	SURVIVAL	Prólogo — Aranha Colossal	event_0345	Você saiu vivo de aranha colossal. Não houve glória imediata, apenas a certeza de que sua história ainda não terminara.	mestre
EPI_0346	HEROIC	Prólogo — Culto Das Sombras	event_0346	Quando a poeira baixou, os moradores de culto das sombras ainda repetiam seu nome. Você não apenas venceu: suas escolhas deram àquela gente uma chance de continuar.	heroi_local
EPI_0347	POLITICAL	Prólogo — Aldeia Fronteiriça	event_0347	Depois de aldeia fronteiriça, sua reputação atravessou fronteiras e abriu portas para negociações que antes pareciam impossíveis.	sabio
EPI_0348	TRAGIC	Prólogo — Cidade Sitiada	event_0348	Você não conseguiu mudar o destino de cidade sitiada. O Prólogo não apaga a derrota; ele registra quem você foi quando tudo desmoronou.	heroi_local
EPI_0349	HEROIC	Prólogo — Dungeon Ancestral	event_0349	Quando a poeira baixou, os moradores de dungeon ancestral ainda repetiam seu nome. Você não apenas venceu: suas escolhas deram àquela gente uma chance de continuar.	heroi_local
EPI_0350	ROMANTIC	Prólogo — Palácio Real	event_0350	Depois de palácio real, uma relação que você cultivou tornou-se parte inseparável da sua história.	sobrevivente
EPI_0351	HEROIC	Prólogo — Dungeon Ancestral	event_0351	Quando a poeira baixou, os moradores de dungeon ancestral ainda repetiam seu nome. Você não apenas venceu: suas escolhas deram àquela gente uma chance de continuar.	amigo_do_povo
EPI_0352	COMIC	Prólogo — Guilda Dos Aventureiros	event_0352	Em Guilda dos Aventureiros, ninguém conseguiu decidir se aquilo foi genialidade ou sorte. A história, porém, sobreviveu em risadas e canções.	sabio
EPI_0353	BITTERSWEET	Prólogo — Grande Sábio	event_0353	grande sábio foi salvo, mas não sem perdas. O Prólogo registra a vitória e o preço que veio junto.	sobrevivente
EPI_0354	SURVIVAL	Prólogo — Torneio Da Academia	event_0354	Você saiu vivo de torneio da Academia. Não houve glória imediata, apenas a certeza de que sua história ainda não terminara.	heroi_local
EPI_0355	COMIC	Prólogo — Aldeia Fronteiriça	event_0355	Em aldeia fronteiriça, ninguém conseguiu decidir se aquilo foi genialidade ou sorte. A história, porém, sobreviveu em risadas e canções.	sobrevivente
EPI_0356	HEROIC	Prólogo — Grande Sábio	event_0356	Quando a poeira baixou, os moradores de grande sábio ainda repetiam seu nome. Você não apenas venceu: suas escolhas deram àquela gente uma chance de continuar.	sobrevivente
EPI_0357	SURVIVAL	Prólogo — Dragão Desperto	event_0357	Você saiu vivo de dragão desperto. Não houve glória imediata, apenas a certeza de que sua história ainda não terminara.	nome_controverso
EPI_0358	ROMANTIC	Prólogo — Dungeon Ancestral	event_0358	Depois de dungeon ancestral, uma relação que você cultivou tornou-se parte inseparável da sua história.	heroi_local
EPI_0359	POLITICAL	Prólogo — Dungeon Ancestral	event_0359	Depois de dungeon ancestral, sua reputação atravessou fronteiras e abriu portas para negociações que antes pareciam impossíveis.	sabio
EPI_0360	POLITICAL	Prólogo — Culto Das Sombras	event_0360	Depois de culto das sombras, sua reputação atravessou fronteiras e abriu portas para negociações que antes pareciam impossíveis.	mestre
EPI_0361	BITTERSWEET	Prólogo — Guilda Dos Aventureiros	event_0361	Guilda dos Aventureiros foi salvo, mas não sem perdas. O Prólogo registra a vitória e o preço que veio junto.	sabio
EPI_0362	ROMANTIC	Prólogo — Cidade Sitiada	event_0362	Depois de cidade sitiada, uma relação que você cultivou tornou-se parte inseparável da sua história.	rei
EPI_0363	SURVIVAL	Prólogo — Cidade Sitiada	event_0363	Você saiu vivo de cidade sitiada. Não houve glória imediata, apenas a certeza de que sua história ainda não terminara.	rei
EPI_0364	SCHOLARLY	Prólogo — Dungeon Ancestral	event_0364	Em dungeon ancestral, sua descoberta mudou o que estudiosos acreditavam saber.	aventureiro_lembrado
EPI_0365	BITTERSWEET	Prólogo — Cidade Sitiada	event_0365	cidade sitiada foi salvo, mas não sem perdas. O Prólogo registra a vitória e o preço que veio junto.	aventureiro_lembrado
EPI_0366	ROMANTIC	Prólogo — Dragão Desperto	event_0366	Depois de dragão desperto, uma relação que você cultivou tornou-se parte inseparável da sua história.	aventureiro_lembrado
EPI_0367	BITTERSWEET	Prólogo — Guilda Dos Aventureiros	event_0367	Guilda dos Aventureiros foi salvo, mas não sem perdas. O Prólogo registra a vitória e o preço que veio junto.	sobrevivente
EPI_0368	HEROIC	Prólogo — Aranha Colossal	event_0368	Quando a poeira baixou, os moradores de aranha colossal ainda repetiam seu nome. Você não apenas venceu: suas escolhas deram àquela gente uma chance de continuar.	sabio
EPI_0369	HEROIC	Prólogo — Torneio Da Academia	event_0369	Quando a poeira baixou, os moradores de torneio da Academia ainda repetiam seu nome. Você não apenas venceu: suas escolhas deram àquela gente uma chance de continuar.	aventureiro_lembrado
EPI_0370	POLITICAL	Prólogo — Aldeia Fronteiriça	event_0370	Depois de aldeia fronteiriça, sua reputação atravessou fronteiras e abriu portas para negociações que antes pareciam impossíveis.	nome_controverso
EPI_0371	ROMANTIC	Prólogo — Guilda Dos Aventureiros	event_0371	Depois de Guilda dos Aventureiros, uma relação que você cultivou tornou-se parte inseparável da sua história.	sobrevivente
EPI_0372	SURVIVAL	Prólogo — Grande Sábio	event_0372	Você saiu vivo de grande sábio. Não houve glória imediata, apenas a certeza de que sua história ainda não terminara.	rei
EPI_0373	SCHOLARLY	Prólogo — Culto Das Sombras	event_0373	Em culto das sombras, sua descoberta mudou o que estudiosos acreditavam saber.	aventureiro_lembrado
EPI_0374	ROMANTIC	Prólogo — Aldeia Fronteiriça	event_0374	Depois de aldeia fronteiriça, uma relação que você cultivou tornou-se parte inseparável da sua história.	nome_controverso
EPI_0375	HEROIC	Prólogo — Dragão Desperto	event_0375	Quando a poeira baixou, os moradores de dragão desperto ainda repetiam seu nome. Você não apenas venceu: suas escolhas deram àquela gente uma chance de continuar.	aventureiro_lembrado
EPI_0376	COMIC	Prólogo — Aranha Colossal	event_0376	Em aranha colossal, ninguém conseguiu decidir se aquilo foi genialidade ou sorte. A história, porém, sobreviveu em risadas e canções.	heroi_local
EPI_0377	ROMANTIC	Prólogo — Grande Sábio	event_0377	Depois de grande sábio, uma relação que você cultivou tornou-se parte inseparável da sua história.	sobrevivente
EPI_0378	SURVIVAL	Prólogo — Torneio Da Academia	event_0378	Você saiu vivo de torneio da Academia. Não houve glória imediata, apenas a certeza de que sua história ainda não terminara.	sobrevivente
EPI_0379	TRAGIC	Prólogo — Guilda Dos Aventureiros	event_0379	Você não conseguiu mudar o destino de Guilda dos Aventureiros. O Prólogo não apaga a derrota; ele registra quem você foi quando tudo desmoronou.	sobrevivente
EPI_0380	COMIC	Prólogo — Grande Sábio	event_0380	Em grande sábio, ninguém conseguiu decidir se aquilo foi genialidade ou sorte. A história, porém, sobreviveu em risadas e canções.	heroi_local
EPI_0381	POLITICAL	Prólogo — Dragão Desperto	event_0381	Depois de dragão desperto, sua reputação atravessou fronteiras e abriu portas para negociações que antes pareciam impossíveis.	sobrevivente
EPI_0382	COMIC	Prólogo — Cidade Sitiada	event_0382	Em cidade sitiada, ninguém conseguiu decidir se aquilo foi genialidade ou sorte. A história, porém, sobreviveu em risadas e canções.	heroi_local
EPI_0383	SCHOLARLY	Prólogo — Dragão Desperto	event_0383	Em dragão desperto, sua descoberta mudou o que estudiosos acreditavam saber.	sobrevivente
EPI_0384	SURVIVAL	Prólogo — Aranha Colossal	event_0384	Você saiu vivo de aranha colossal. Não houve glória imediata, apenas a certeza de que sua história ainda não terminara.	rei
EPI_0385	SCHOLARLY	Prólogo — Aldeia Fronteiriça	event_0385	Em aldeia fronteiriça, sua descoberta mudou o que estudiosos acreditavam saber.	sobrevivente
EPI_0386	POLITICAL	Prólogo — Dragão Desperto	event_0386	Depois de dragão desperto, sua reputação atravessou fronteiras e abriu portas para negociações que antes pareciam impossíveis.	aventureiro_lembrado
EPI_0387	BITTERSWEET	Prólogo — Guilda Dos Aventureiros	event_0387	Guilda dos Aventureiros foi salvo, mas não sem perdas. O Prólogo registra a vitória e o preço que veio junto.	nome_controverso
EPI_0388	HEROIC	Prólogo — Aldeia Fronteiriça	event_0388	Quando a poeira baixou, os moradores de aldeia fronteiriça ainda repetiam seu nome. Você não apenas venceu: suas escolhas deram àquela gente uma chance de continuar.	sabio
EPI_0389	TRAGIC	Prólogo — Aldeia Fronteiriça	event_0389	Você não conseguiu mudar o destino de aldeia fronteiriça. O Prólogo não apaga a derrota; ele registra quem você foi quando tudo desmoronou.	aventureiro_lembrado
EPI_0390	COMIC	Prólogo — Torneio Da Academia	event_0390	Em torneio da Academia, ninguém conseguiu decidir se aquilo foi genialidade ou sorte. A história, porém, sobreviveu em risadas e canções.	nome_controverso
EPI_0391	SURVIVAL	Prólogo — Cidade Sitiada	event_0391	Você saiu vivo de cidade sitiada. Não houve glória imediata, apenas a certeza de que sua história ainda não terminara.	mestre
EPI_0392	COMIC	Prólogo — Dragão Desperto	event_0392	Em dragão desperto, ninguém conseguiu decidir se aquilo foi genialidade ou sorte. A história, porém, sobreviveu em risadas e canções.	mestre
EPI_0393	COMIC	Prólogo — Aldeia Fronteiriça	event_0393	Em aldeia fronteiriça, ninguém conseguiu decidir se aquilo foi genialidade ou sorte. A história, porém, sobreviveu em risadas e canções.	sabio
EPI_0394	TRAGIC	Prólogo — Aldeia Fronteiriça	event_0394	Você não conseguiu mudar o destino de aldeia fronteiriça. O Prólogo não apaga a derrota; ele registra quem você foi quando tudo desmoronou.	nome_controverso
EPI_0395	HEROIC	Prólogo — Aldeia Fronteiriça	event_0395	Quando a poeira baixou, os moradores de aldeia fronteiriça ainda repetiam seu nome. Você não apenas venceu: suas escolhas deram àquela gente uma chance de continuar.	sabio
EPI_0396	SURVIVAL	Prólogo — Culto Das Sombras	event_0396	Você saiu vivo de culto das sombras. Não houve glória imediata, apenas a certeza de que sua história ainda não terminara.	aventureiro_lembrado
EPI_0397	BITTERSWEET	Prólogo — Cidade Sitiada	event_0397	cidade sitiada foi salvo, mas não sem perdas. O Prólogo registra a vitória e o preço que veio junto.	mestre
EPI_0398	SCHOLARLY	Prólogo — Torneio Da Academia	event_0398	Em torneio da Academia, sua descoberta mudou o que estudiosos acreditavam saber.	sobrevivente
EPI_0399	HEROIC	Prólogo — Dungeon Ancestral	event_0399	Quando a poeira baixou, os moradores de dungeon ancestral ainda repetiam seu nome. Você não apenas venceu: suas escolhas deram àquela gente uma chance de continuar.	mestre
EPI_0400	SURVIVAL	Prólogo — Torneio Da Academia	event_0400	Você saiu vivo de torneio da Academia. Não houve glória imediata, apenas a certeza de que sua história ainda não terminara.	nome_controverso
EPI_0401	COMIC	Prólogo — Grande Sábio	event_0401	Em grande sábio, ninguém conseguiu decidir se aquilo foi genialidade ou sorte. A história, porém, sobreviveu em risadas e canções.	nome_controverso
EPI_0402	COMIC	Prólogo — Guilda Dos Aventureiros	event_0402	Em Guilda dos Aventureiros, ninguém conseguiu decidir se aquilo foi genialidade ou sorte. A história, porém, sobreviveu em risadas e canções.	heroi_local
EPI_0403	COMIC	Prólogo — Torneio Da Academia	event_0403	Em torneio da Academia, ninguém conseguiu decidir se aquilo foi genialidade ou sorte. A história, porém, sobreviveu em risadas e canções.	amigo_do_povo
EPI_0404	HEROIC	Prólogo — Culto Das Sombras	event_0404	Quando a poeira baixou, os moradores de culto das sombras ainda repetiam seu nome. Você não apenas venceu: suas escolhas deram àquela gente uma chance de continuar.	mestre
EPI_0405	BITTERSWEET	Prólogo — Torneio Da Academia	event_0405	torneio da Academia foi salvo, mas não sem perdas. O Prólogo registra a vitória e o preço que veio junto.	amigo_do_povo
EPI_0406	HEROIC	Prólogo — Dungeon Ancestral	event_0406	Quando a poeira baixou, os moradores de dungeon ancestral ainda repetiam seu nome. Você não apenas venceu: suas escolhas deram àquela gente uma chance de continuar.	heroi_local
EPI_0407	SCHOLARLY	Prólogo — Cidade Sitiada	event_0407	Em cidade sitiada, sua descoberta mudou o que estudiosos acreditavam saber.	amigo_do_povo
EPI_0408	TRAGIC	Prólogo — Cidade Sitiada	event_0408	Você não conseguiu mudar o destino de cidade sitiada. O Prólogo não apaga a derrota; ele registra quem você foi quando tudo desmoronou.	rei
EPI_0409	TRAGIC	Prólogo — Aranha Colossal	event_0409	Você não conseguiu mudar o destino de aranha colossal. O Prólogo não apaga a derrota; ele registra quem você foi quando tudo desmoronou.	aventureiro_lembrado
EPI_0410	SURVIVAL	Prólogo — Cidade Sitiada	event_0410	Você saiu vivo de cidade sitiada. Não houve glória imediata, apenas a certeza de que sua história ainda não terminara.	sabio
EPI_0411	ROMANTIC	Prólogo — Dragão Desperto	event_0411	Depois de dragão desperto, uma relação que você cultivou tornou-se parte inseparável da sua história.	mestre
EPI_0412	BITTERSWEET	Prólogo — Culto Das Sombras	event_0412	culto das sombras foi salvo, mas não sem perdas. O Prólogo registra a vitória e o preço que veio junto.	amigo_do_povo
EPI_0413	SURVIVAL	Prólogo — Grande Sábio	event_0413	Você saiu vivo de grande sábio. Não houve glória imediata, apenas a certeza de que sua história ainda não terminara.	amigo_do_povo
EPI_0414	SURVIVAL	Prólogo — Aldeia Fronteiriça	event_0414	Você saiu vivo de aldeia fronteiriça. Não houve glória imediata, apenas a certeza de que sua história ainda não terminara.	heroi_local
EPI_0415	ROMANTIC	Prólogo — Aldeia Fronteiriça	event_0415	Depois de aldeia fronteiriça, uma relação que você cultivou tornou-se parte inseparável da sua história.	aventureiro_lembrado
EPI_0416	POLITICAL	Prólogo — Dragão Desperto	event_0416	Depois de dragão desperto, sua reputação atravessou fronteiras e abriu portas para negociações que antes pareciam impossíveis.	aventureiro_lembrado
EPI_0417	COMIC	Prólogo — Palácio Real	event_0417	Em palácio real, ninguém conseguiu decidir se aquilo foi genialidade ou sorte. A história, porém, sobreviveu em risadas e canções.	nome_controverso
EPI_0418	HEROIC	Prólogo — Culto Das Sombras	event_0418	Quando a poeira baixou, os moradores de culto das sombras ainda repetiam seu nome. Você não apenas venceu: suas escolhas deram àquela gente uma chance de continuar.	sobrevivente
EPI_0419	POLITICAL	Prólogo — Dragão Desperto	event_0419	Depois de dragão desperto, sua reputação atravessou fronteiras e abriu portas para negociações que antes pareciam impossíveis.	sobrevivente
EPI_0420	SURVIVAL	Prólogo — Cidade Sitiada	event_0420	Você saiu vivo de cidade sitiada. Não houve glória imediata, apenas a certeza de que sua história ainda não terminara.	heroi_local
EPI_0421	ROMANTIC	Prólogo — Culto Das Sombras	event_0421	Depois de culto das sombras, uma relação que você cultivou tornou-se parte inseparável da sua história.	mestre
EPI_0422	BITTERSWEET	Prólogo — Cidade Sitiada	event_0422	cidade sitiada foi salvo, mas não sem perdas. O Prólogo registra a vitória e o preço que veio junto.	mestre
EPI_0423	SURVIVAL	Prólogo — Aranha Colossal	event_0423	Você saiu vivo de aranha colossal. Não houve glória imediata, apenas a certeza de que sua história ainda não terminara.	sobrevivente
EPI_0424	SURVIVAL	Prólogo — Guilda Dos Aventureiros	event_0424	Você saiu vivo de Guilda dos Aventureiros. Não houve glória imediata, apenas a certeza de que sua história ainda não terminara.	sobrevivente
EPI_0425	POLITICAL	Prólogo — Palácio Real	event_0425	Depois de palácio real, sua reputação atravessou fronteiras e abriu portas para negociações que antes pareciam impossíveis.	amigo_do_povo
EPI_0426	TRAGIC	Prólogo — Grande Sábio	event_0426	Você não conseguiu mudar o destino de grande sábio. O Prólogo não apaga a derrota; ele registra quem você foi quando tudo desmoronou.	nome_controverso
EPI_0427	HEROIC	Prólogo — Dungeon Ancestral	event_0427	Quando a poeira baixou, os moradores de dungeon ancestral ainda repetiam seu nome. Você não apenas venceu: suas escolhas deram àquela gente uma chance de continuar.	nome_controverso
EPI_0428	BITTERSWEET	Prólogo — Palácio Real	event_0428	palácio real foi salvo, mas não sem perdas. O Prólogo registra a vitória e o preço que veio junto.	sabio
EPI_0429	TRAGIC	Prólogo — Dragão Desperto	event_0429	Você não conseguiu mudar o destino de dragão desperto. O Prólogo não apaga a derrota; ele registra quem você foi quando tudo desmoronou.	aventureiro_lembrado
EPI_0430	BITTERSWEET	Prólogo — Cidade Sitiada	event_0430	cidade sitiada foi salvo, mas não sem perdas. O Prólogo registra a vitória e o preço que veio junto.	sobrevivente
EPI_0431	SCHOLARLY	Prólogo — Aldeia Fronteiriça	event_0431	Em aldeia fronteiriça, sua descoberta mudou o que estudiosos acreditavam saber.	amigo_do_povo
EPI_0432	COMIC	Prólogo — Cidade Sitiada	event_0432	Em cidade sitiada, ninguém conseguiu decidir se aquilo foi genialidade ou sorte. A história, porém, sobreviveu em risadas e canções.	mestre
EPI_0433	POLITICAL	Prólogo — Dragão Desperto	event_0433	Depois de dragão desperto, sua reputação atravessou fronteiras e abriu portas para negociações que antes pareciam impossíveis.	sobrevivente
EPI_0434	COMIC	Prólogo — Culto Das Sombras	event_0434	Em culto das sombras, ninguém conseguiu decidir se aquilo foi genialidade ou sorte. A história, porém, sobreviveu em risadas e canções.	rei
EPI_0435	BITTERSWEET	Prólogo — Cidade Sitiada	event_0435	cidade sitiada foi salvo, mas não sem perdas. O Prólogo registra a vitória e o preço que veio junto.	aventureiro_lembrado
EPI_0436	HEROIC	Prólogo — Torneio Da Academia	event_0436	Quando a poeira baixou, os moradores de torneio da Academia ainda repetiam seu nome. Você não apenas venceu: suas escolhas deram àquela gente uma chance de continuar.	rei
EPI_0437	SCHOLARLY	Prólogo — Culto Das Sombras	event_0437	Em culto das sombras, sua descoberta mudou o que estudiosos acreditavam saber.	mestre
EPI_0438	TRAGIC	Prólogo — Culto Das Sombras	event_0438	Você não conseguiu mudar o destino de culto das sombras. O Prólogo não apaga a derrota; ele registra quem você foi quando tudo desmoronou.	amigo_do_povo
EPI_0439	ROMANTIC	Prólogo — Cidade Sitiada	event_0439	Depois de cidade sitiada, uma relação que você cultivou tornou-se parte inseparável da sua história.	amigo_do_povo
EPI_0440	POLITICAL	Prólogo — Aldeia Fronteiriça	event_0440	Depois de aldeia fronteiriça, sua reputação atravessou fronteiras e abriu portas para negociações que antes pareciam impossíveis.	nome_controverso
EPI_0441	SCHOLARLY	Prólogo — Culto Das Sombras	event_0441	Em culto das sombras, sua descoberta mudou o que estudiosos acreditavam saber.	mestre
EPI_0442	ROMANTIC	Prólogo — Palácio Real	event_0442	Depois de palácio real, uma relação que você cultivou tornou-se parte inseparável da sua história.	aventureiro_lembrado
EPI_0443	HEROIC	Prólogo — Cidade Sitiada	event_0443	Quando a poeira baixou, os moradores de cidade sitiada ainda repetiam seu nome. Você não apenas venceu: suas escolhas deram àquela gente uma chance de continuar.	sobrevivente
EPI_0444	SCHOLARLY	Prólogo — Dragão Desperto	event_0444	Em dragão desperto, sua descoberta mudou o que estudiosos acreditavam saber.	amigo_do_povo
EPI_0445	SURVIVAL	Prólogo — Torneio Da Academia	event_0445	Você saiu vivo de torneio da Academia. Não houve glória imediata, apenas a certeza de que sua história ainda não terminara.	rei
EPI_0446	POLITICAL	Prólogo — Culto Das Sombras	event_0446	Depois de culto das sombras, sua reputação atravessou fronteiras e abriu portas para negociações que antes pareciam impossíveis.	amigo_do_povo
EPI_0447	SCHOLARLY	Prólogo — Culto Das Sombras	event_0447	Em culto das sombras, sua descoberta mudou o que estudiosos acreditavam saber.	rei
EPI_0448	BITTERSWEET	Prólogo — Cidade Sitiada	event_0448	cidade sitiada foi salvo, mas não sem perdas. O Prólogo registra a vitória e o preço que veio junto.	mestre
EPI_0449	HEROIC	Prólogo — Palácio Real	event_0449	Quando a poeira baixou, os moradores de palácio real ainda repetiam seu nome. Você não apenas venceu: suas escolhas deram àquela gente uma chance de continuar.	nome_controverso
EPI_0450	COMIC	Prólogo — Aldeia Fronteiriça	event_0450	Em aldeia fronteiriça, ninguém conseguiu decidir se aquilo foi genialidade ou sorte. A história, porém, sobreviveu em risadas e canções.	mestre
EPI_0451	SURVIVAL	Prólogo — Palácio Real	event_0451	Você saiu vivo de palácio real. Não houve glória imediata, apenas a certeza de que sua história ainda não terminara.	mestre
EPI_0452	SCHOLARLY	Prólogo — Torneio Da Academia	event_0452	Em torneio da Academia, sua descoberta mudou o que estudiosos acreditavam saber.	amigo_do_povo
EPI_0453	POLITICAL	Prólogo — Guilda Dos Aventureiros	event_0453	Depois de Guilda dos Aventureiros, sua reputação atravessou fronteiras e abriu portas para negociações que antes pareciam impossíveis.	heroi_local
EPI_0454	SURVIVAL	Prólogo — Culto Das Sombras	event_0454	Você saiu vivo de culto das sombras. Não houve glória imediata, apenas a certeza de que sua história ainda não terminara.	aventureiro_lembrado
EPI_0455	BITTERSWEET	Prólogo — Dungeon Ancestral	event_0455	dungeon ancestral foi salvo, mas não sem perdas. O Prólogo registra a vitória e o preço que veio junto.	nome_controverso
EPI_0456	POLITICAL	Prólogo — Dungeon Ancestral	event_0456	Depois de dungeon ancestral, sua reputação atravessou fronteiras e abriu portas para negociações que antes pareciam impossíveis.	heroi_local
EPI_0457	POLITICAL	Prólogo — Culto Das Sombras	event_0457	Depois de culto das sombras, sua reputação atravessou fronteiras e abriu portas para negociações que antes pareciam impossíveis.	amigo_do_povo
EPI_0458	COMIC	Prólogo — Culto Das Sombras	event_0458	Em culto das sombras, ninguém conseguiu decidir se aquilo foi genialidade ou sorte. A história, porém, sobreviveu em risadas e canções.	sobrevivente
EPI_0459	TRAGIC	Prólogo — Torneio Da Academia	event_0459	Você não conseguiu mudar o destino de torneio da Academia. O Prólogo não apaga a derrota; ele registra quem você foi quando tudo desmoronou.	heroi_local
EPI_0460	ROMANTIC	Prólogo — Grande Sábio	event_0460	Depois de grande sábio, uma relação que você cultivou tornou-se parte inseparável da sua história.	sabio
EPI_0461	TRAGIC	Prólogo — Grande Sábio	event_0461	Você não conseguiu mudar o destino de grande sábio. O Prólogo não apaga a derrota; ele registra quem você foi quando tudo desmoronou.	heroi_local
EPI_0462	ROMANTIC	Prólogo — Guilda Dos Aventureiros	event_0462	Depois de Guilda dos Aventureiros, uma relação que você cultivou tornou-se parte inseparável da sua história.	heroi_local
EPI_0463	COMIC	Prólogo — Culto Das Sombras	event_0463	Em culto das sombras, ninguém conseguiu decidir se aquilo foi genialidade ou sorte. A história, porém, sobreviveu em risadas e canções.	sobrevivente
EPI_0464	ROMANTIC	Prólogo — Culto Das Sombras	event_0464	Depois de culto das sombras, uma relação que você cultivou tornou-se parte inseparável da sua história.	rei
EPI_0465	HEROIC	Prólogo — Grande Sábio	event_0465	Quando a poeira baixou, os moradores de grande sábio ainda repetiam seu nome. Você não apenas venceu: suas escolhas deram àquela gente uma chance de continuar.	nome_controverso
EPI_0466	SURVIVAL	Prólogo — Torneio Da Academia	event_0466	Você saiu vivo de torneio da Academia. Não houve glória imediata, apenas a certeza de que sua história ainda não terminara.	sobrevivente
EPI_0467	SCHOLARLY	Prólogo — Aldeia Fronteiriça	event_0467	Em aldeia fronteiriça, sua descoberta mudou o que estudiosos acreditavam saber.	nome_controverso
EPI_0468	POLITICAL	Prólogo — Aranha Colossal	event_0468	Depois de aranha colossal, sua reputação atravessou fronteiras e abriu portas para negociações que antes pareciam impossíveis.	nome_controverso
EPI_0469	SURVIVAL	Prólogo — Torneio Da Academia	event_0469	Você saiu vivo de torneio da Academia. Não houve glória imediata, apenas a certeza de que sua história ainda não terminara.	heroi_local
EPI_0470	HEROIC	Prólogo — Dragão Desperto	event_0470	Quando a poeira baixou, os moradores de dragão desperto ainda repetiam seu nome. Você não apenas venceu: suas escolhas deram àquela gente uma chance de continuar.	mestre
EPI_0471	SCHOLARLY	Prólogo — Dungeon Ancestral	event_0471	Em dungeon ancestral, sua descoberta mudou o que estudiosos acreditavam saber.	sobrevivente
EPI_0472	POLITICAL	Prólogo — Aranha Colossal	event_0472	Depois de aranha colossal, sua reputação atravessou fronteiras e abriu portas para negociações que antes pareciam impossíveis.	amigo_do_povo
EPI_0473	HEROIC	Prólogo — Torneio Da Academia	event_0473	Quando a poeira baixou, os moradores de torneio da Academia ainda repetiam seu nome. Você não apenas venceu: suas escolhas deram àquela gente uma chance de continuar.	mestre
EPI_0474	TRAGIC	Prólogo — Palácio Real	event_0474	Você não conseguiu mudar o destino de palácio real. O Prólogo não apaga a derrota; ele registra quem você foi quando tudo desmoronou.	nome_controverso
EPI_0475	TRAGIC	Prólogo — Aranha Colossal	event_0475	Você não conseguiu mudar o destino de aranha colossal. O Prólogo não apaga a derrota; ele registra quem você foi quando tudo desmoronou.	mestre
EPI_0476	TRAGIC	Prólogo — Cidade Sitiada	event_0476	Você não conseguiu mudar o destino de cidade sitiada. O Prólogo não apaga a derrota; ele registra quem você foi quando tudo desmoronou.	rei
EPI_0477	POLITICAL	Prólogo — Grande Sábio	event_0477	Depois de grande sábio, sua reputação atravessou fronteiras e abriu portas para negociações que antes pareciam impossíveis.	amigo_do_povo
EPI_0478	COMIC	Prólogo — Cidade Sitiada	event_0478	Em cidade sitiada, ninguém conseguiu decidir se aquilo foi genialidade ou sorte. A história, porém, sobreviveu em risadas e canções.	mestre
EPI_0479	SCHOLARLY	Prólogo — Grande Sábio	event_0479	Em grande sábio, sua descoberta mudou o que estudiosos acreditavam saber.	sabio
EPI_0480	POLITICAL	Prólogo — Aldeia Fronteiriça	event_0480	Depois de aldeia fronteiriça, sua reputação atravessou fronteiras e abriu portas para negociações que antes pareciam impossíveis.	sabio
EPI_0481	ROMANTIC	Prólogo — Aranha Colossal	event_0481	Depois de aranha colossal, uma relação que você cultivou tornou-se parte inseparável da sua história.	amigo_do_povo
EPI_0482	COMIC	Prólogo — Aranha Colossal	event_0482	Em aranha colossal, ninguém conseguiu decidir se aquilo foi genialidade ou sorte. A história, porém, sobreviveu em risadas e canções.	sabio
EPI_0483	HEROIC	Prólogo — Aldeia Fronteiriça	event_0483	Quando a poeira baixou, os moradores de aldeia fronteiriça ainda repetiam seu nome. Você não apenas venceu: suas escolhas deram àquela gente uma chance de continuar.	aventureiro_lembrado
EPI_0484	SURVIVAL	Prólogo — Aldeia Fronteiriça	event_0484	Você saiu vivo de aldeia fronteiriça. Não houve glória imediata, apenas a certeza de que sua história ainda não terminara.	sabio
EPI_0485	COMIC	Prólogo — Culto Das Sombras	event_0485	Em culto das sombras, ninguém conseguiu decidir se aquilo foi genialidade ou sorte. A história, porém, sobreviveu em risadas e canções.	rei
EPI_0486	BITTERSWEET	Prólogo — Aldeia Fronteiriça	event_0486	aldeia fronteiriça foi salvo, mas não sem perdas. O Prólogo registra a vitória e o preço que veio junto.	sobrevivente
EPI_0487	ROMANTIC	Prólogo — Palácio Real	event_0487	Depois de palácio real, uma relação que você cultivou tornou-se parte inseparável da sua história.	mestre
EPI_0488	TRAGIC	Prólogo — Torneio Da Academia	event_0488	Você não conseguiu mudar o destino de torneio da Academia. O Prólogo não apaga a derrota; ele registra quem você foi quando tudo desmoronou.	rei
EPI_0489	HEROIC	Prólogo — Dungeon Ancestral	event_0489	Quando a poeira baixou, os moradores de dungeon ancestral ainda repetiam seu nome. Você não apenas venceu: suas escolhas deram àquela gente uma chance de continuar.	sabio
EPI_0490	POLITICAL	Prólogo — Torneio Da Academia	event_0490	Depois de torneio da Academia, sua reputação atravessou fronteiras e abriu portas para negociações que antes pareciam impossíveis.	heroi_local
EPI_0491	POLITICAL	Prólogo — Culto Das Sombras	event_0491	Depois de culto das sombras, sua reputação atravessou fronteiras e abriu portas para negociações que antes pareciam impossíveis.	aventureiro_lembrado
EPI_0492	HEROIC	Prólogo — Aldeia Fronteiriça	event_0492	Quando a poeira baixou, os moradores de aldeia fronteiriça ainda repetiam seu nome. Você não apenas venceu: suas escolhas deram àquela gente uma chance de continuar.	sobrevivente
EPI_0493	TRAGIC	Prólogo — Torneio Da Academia	event_0493	Você não conseguiu mudar o destino de torneio da Academia. O Prólogo não apaga a derrota; ele registra quem você foi quando tudo desmoronou.	amigo_do_povo
EPI_0494	HEROIC	Prólogo — Aranha Colossal	event_0494	Quando a poeira baixou, os moradores de aranha colossal ainda repetiam seu nome. Você não apenas venceu: suas escolhas deram àquela gente uma chance de continuar.	nome_controverso
EPI_0495	SCHOLARLY	Prólogo — Palácio Real	event_0495	Em palácio real, sua descoberta mudou o que estudiosos acreditavam saber.	mestre
EPI_0496	COMIC	Prólogo — Culto Das Sombras	event_0496	Em culto das sombras, ninguém conseguiu decidir se aquilo foi genialidade ou sorte. A história, porém, sobreviveu em risadas e canções.	heroi_local
EPI_0497	POLITICAL	Prólogo — Grande Sábio	event_0497	Depois de grande sábio, sua reputação atravessou fronteiras e abriu portas para negociações que antes pareciam impossíveis.	nome_controverso
EPI_0498	HEROIC	Prólogo — Guilda Dos Aventureiros	event_0498	Quando a poeira baixou, os moradores de Guilda dos Aventureiros ainda repetiam seu nome. Você não apenas venceu: suas escolhas deram àquela gente uma chance de continuar.	heroi_local
EPI_0499	ROMANTIC	Prólogo — Aranha Colossal	event_0499	Depois de aranha colossal, uma relação que você cultivou tornou-se parte inseparável da sua história.	sobrevivente
EPI_0500	HEROIC	Prólogo — Guilda Dos Aventureiros	event_0500	Quando a poeira baixou, os moradores de Guilda dos Aventureiros ainda repetiam seu nome. Você não apenas venceu: suas escolhas deram àquela gente uma chance de continuar.	amigo_do_povo
EPI_0501	SCHOLARLY	Prólogo — Palácio Real	event_0501	Em palácio real, sua descoberta mudou o que estudiosos acreditavam saber.	mestre
EPI_0502	HEROIC	Prólogo — Dungeon Ancestral	event_0502	Quando a poeira baixou, os moradores de dungeon ancestral ainda repetiam seu nome. Você não apenas venceu: suas escolhas deram àquela gente uma chance de continuar.	mestre
EPI_0503	BITTERSWEET	Prólogo — Cidade Sitiada	event_0503	cidade sitiada foi salvo, mas não sem perdas. O Prólogo registra a vitória e o preço que veio junto.	nome_controverso
EPI_0504	SCHOLARLY	Prólogo — Culto Das Sombras	event_0504	Em culto das sombras, sua descoberta mudou o que estudiosos acreditavam saber.	amigo_do_povo
EPI_0505	TRAGIC	Prólogo — Dragão Desperto	event_0505	Você não conseguiu mudar o destino de dragão desperto. O Prólogo não apaga a derrota; ele registra quem você foi quando tudo desmoronou.	aventureiro_lembrado
EPI_0506	COMIC	Prólogo — Aldeia Fronteiriça	event_0506	Em aldeia fronteiriça, ninguém conseguiu decidir se aquilo foi genialidade ou sorte. A história, porém, sobreviveu em risadas e canções.	nome_controverso
EPI_0507	TRAGIC	Prólogo — Guilda Dos Aventureiros	event_0507	Você não conseguiu mudar o destino de Guilda dos Aventureiros. O Prólogo não apaga a derrota; ele registra quem você foi quando tudo desmoronou.	sobrevivente
EPI_0508	COMIC	Prólogo — Dragão Desperto	event_0508	Em dragão desperto, ninguém conseguiu decidir se aquilo foi genialidade ou sorte. A história, porém, sobreviveu em risadas e canções.	amigo_do_povo
EPI_0509	POLITICAL	Prólogo — Culto Das Sombras	event_0509	Depois de culto das sombras, sua reputação atravessou fronteiras e abriu portas para negociações que antes pareciam impossíveis.	aventureiro_lembrado
EPI_0510	ROMANTIC	Prólogo — Cidade Sitiada	event_0510	Depois de cidade sitiada, uma relação que você cultivou tornou-se parte inseparável da sua história.	sabio
EPI_0511	ROMANTIC	Prólogo — Dragão Desperto	event_0511	Depois de dragão desperto, uma relação que você cultivou tornou-se parte inseparável da sua história.	amigo_do_povo
EPI_0512	SURVIVAL	Prólogo — Torneio Da Academia	event_0512	Você saiu vivo de torneio da Academia. Não houve glória imediata, apenas a certeza de que sua história ainda não terminara.	mestre
EPI_0513	POLITICAL	Prólogo — Dragão Desperto	event_0513	Depois de dragão desperto, sua reputação atravessou fronteiras e abriu portas para negociações que antes pareciam impossíveis.	heroi_local
EPI_0514	COMIC	Prólogo — Guilda Dos Aventureiros	event_0514	Em Guilda dos Aventureiros, ninguém conseguiu decidir se aquilo foi genialidade ou sorte. A história, porém, sobreviveu em risadas e canções.	sabio
EPI_0515	COMIC	Prólogo — Dungeon Ancestral	event_0515	Em dungeon ancestral, ninguém conseguiu decidir se aquilo foi genialidade ou sorte. A história, porém, sobreviveu em risadas e canções.	heroi_local
EPI_0516	HEROIC	Prólogo — Grande Sábio	event_0516	Quando a poeira baixou, os moradores de grande sábio ainda repetiam seu nome. Você não apenas venceu: suas escolhas deram àquela gente uma chance de continuar.	sobrevivente
EPI_0517	SCHOLARLY	Prólogo — Aranha Colossal	event_0517	Em aranha colossal, sua descoberta mudou o que estudiosos acreditavam saber.	mestre
EPI_0518	ROMANTIC	Prólogo — Guilda Dos Aventureiros	event_0518	Depois de Guilda dos Aventureiros, uma relação que você cultivou tornou-se parte inseparável da sua história.	amigo_do_povo
EPI_0519	SCHOLARLY	Prólogo — Guilda Dos Aventureiros	event_0519	Em Guilda dos Aventureiros, sua descoberta mudou o que estudiosos acreditavam saber.	rei
EPI_0520	ROMANTIC	Prólogo — Cidade Sitiada	event_0520	Depois de cidade sitiada, uma relação que você cultivou tornou-se parte inseparável da sua história.	rei
EPI_0521	COMIC	Prólogo — Palácio Real	event_0521	Em palácio real, ninguém conseguiu decidir se aquilo foi genialidade ou sorte. A história, porém, sobreviveu em risadas e canções.	heroi_local
EPI_0522	HEROIC	Prólogo — Culto Das Sombras	event_0522	Quando a poeira baixou, os moradores de culto das sombras ainda repetiam seu nome. Você não apenas venceu: suas escolhas deram àquela gente uma chance de continuar.	nome_controverso
EPI_0523	SCHOLARLY	Prólogo — Aranha Colossal	event_0523	Em aranha colossal, sua descoberta mudou o que estudiosos acreditavam saber.	sabio
EPI_0524	HEROIC	Prólogo — Guilda Dos Aventureiros	event_0524	Quando a poeira baixou, os moradores de Guilda dos Aventureiros ainda repetiam seu nome. Você não apenas venceu: suas escolhas deram àquela gente uma chance de continuar.	rei
EPI_0525	SURVIVAL	Prólogo — Palácio Real	event_0525	Você saiu vivo de palácio real. Não houve glória imediata, apenas a certeza de que sua história ainda não terminara.	sobrevivente
EPI_0526	TRAGIC	Prólogo — Aranha Colossal	event_0526	Você não conseguiu mudar o destino de aranha colossal. O Prólogo não apaga a derrota; ele registra quem você foi quando tudo desmoronou.	heroi_local
EPI_0527	BITTERSWEET	Prólogo — Culto Das Sombras	event_0527	culto das sombras foi salvo, mas não sem perdas. O Prólogo registra a vitória e o preço que veio junto.	sobrevivente
EPI_0528	HEROIC	Prólogo — Guilda Dos Aventureiros	event_0528	Quando a poeira baixou, os moradores de Guilda dos Aventureiros ainda repetiam seu nome. Você não apenas venceu: suas escolhas deram àquela gente uma chance de continuar.	rei
EPI_0529	BITTERSWEET	Prólogo — Dungeon Ancestral	event_0529	dungeon ancestral foi salvo, mas não sem perdas. O Prólogo registra a vitória e o preço que veio junto.	heroi_local
EPI_0530	SCHOLARLY	Prólogo — Aldeia Fronteiriça	event_0530	Em aldeia fronteiriça, sua descoberta mudou o que estudiosos acreditavam saber.	rei
EPI_0531	TRAGIC	Prólogo — Guilda Dos Aventureiros	event_0531	Você não conseguiu mudar o destino de Guilda dos Aventureiros. O Prólogo não apaga a derrota; ele registra quem você foi quando tudo desmoronou.	rei
EPI_0532	POLITICAL	Prólogo — Dungeon Ancestral	event_0532	Depois de dungeon ancestral, sua reputação atravessou fronteiras e abriu portas para negociações que antes pareciam impossíveis.	mestre
EPI_0533	HEROIC	Prólogo — Torneio Da Academia	event_0533	Quando a poeira baixou, os moradores de torneio da Academia ainda repetiam seu nome. Você não apenas venceu: suas escolhas deram àquela gente uma chance de continuar.	sabio
EPI_0534	BITTERSWEET	Prólogo — Cidade Sitiada	event_0534	cidade sitiada foi salvo, mas não sem perdas. O Prólogo registra a vitória e o preço que veio junto.	amigo_do_povo
EPI_0535	SCHOLARLY	Prólogo — Grande Sábio	event_0535	Em grande sábio, sua descoberta mudou o que estudiosos acreditavam saber.	sabio
EPI_0536	POLITICAL	Prólogo — Culto Das Sombras	event_0536	Depois de culto das sombras, sua reputação atravessou fronteiras e abriu portas para negociações que antes pareciam impossíveis.	aventureiro_lembrado
EPI_0537	SURVIVAL	Prólogo — Grande Sábio	event_0537	Você saiu vivo de grande sábio. Não houve glória imediata, apenas a certeza de que sua história ainda não terminara.	heroi_local
EPI_0538	ROMANTIC	Prólogo — Guilda Dos Aventureiros	event_0538	Depois de Guilda dos Aventureiros, uma relação que você cultivou tornou-se parte inseparável da sua história.	aventureiro_lembrado
EPI_0539	COMIC	Prólogo — Culto Das Sombras	event_0539	Em culto das sombras, ninguém conseguiu decidir se aquilo foi genialidade ou sorte. A história, porém, sobreviveu em risadas e canções.	amigo_do_povo
EPI_0540	POLITICAL	Prólogo — Grande Sábio	event_0540	Depois de grande sábio, sua reputação atravessou fronteiras e abriu portas para negociações que antes pareciam impossíveis.	sobrevivente
EPI_0541	SURVIVAL	Prólogo — Palácio Real	event_0541	Você saiu vivo de palácio real. Não houve glória imediata, apenas a certeza de que sua história ainda não terminara.	rei
EPI_0542	SCHOLARLY	Prólogo — Dragão Desperto	event_0542	Em dragão desperto, sua descoberta mudou o que estudiosos acreditavam saber.	mestre
EPI_0543	POLITICAL	Prólogo — Culto Das Sombras	event_0543	Depois de culto das sombras, sua reputação atravessou fronteiras e abriu portas para negociações que antes pareciam impossíveis.	amigo_do_povo
EPI_0544	TRAGIC	Prólogo — Aranha Colossal	event_0544	Você não conseguiu mudar o destino de aranha colossal. O Prólogo não apaga a derrota; ele registra quem você foi quando tudo desmoronou.	mestre
EPI_0545	SCHOLARLY	Prólogo — Dragão Desperto	event_0545	Em dragão desperto, sua descoberta mudou o que estudiosos acreditavam saber.	nome_controverso
EPI_0546	POLITICAL	Prólogo — Cidade Sitiada	event_0546	Depois de cidade sitiada, sua reputação atravessou fronteiras e abriu portas para negociações que antes pareciam impossíveis.	amigo_do_povo
EPI_0547	TRAGIC	Prólogo — Aldeia Fronteiriça	event_0547	Você não conseguiu mudar o destino de aldeia fronteiriça. O Prólogo não apaga a derrota; ele registra quem você foi quando tudo desmoronou.	heroi_local
EPI_0548	COMIC	Prólogo — Dungeon Ancestral	event_0548	Em dungeon ancestral, ninguém conseguiu decidir se aquilo foi genialidade ou sorte. A história, porém, sobreviveu em risadas e canções.	rei
EPI_0549	POLITICAL	Prólogo — Dragão Desperto	event_0549	Depois de dragão desperto, sua reputação atravessou fronteiras e abriu portas para negociações que antes pareciam impossíveis.	heroi_local
EPI_0550	COMIC	Prólogo — Cidade Sitiada	event_0550	Em cidade sitiada, ninguém conseguiu decidir se aquilo foi genialidade ou sorte. A história, porém, sobreviveu em risadas e canções.	amigo_do_povo
EPI_0551	POLITICAL	Prólogo — Torneio Da Academia	event_0551	Depois de torneio da Academia, sua reputação atravessou fronteiras e abriu portas para negociações que antes pareciam impossíveis.	sabio
EPI_0552	BITTERSWEET	Prólogo — Dragão Desperto	event_0552	dragão desperto foi salvo, mas não sem perdas. O Prólogo registra a vitória e o preço que veio junto.	mestre
EPI_0553	COMIC	Prólogo — Grande Sábio	event_0553	Em grande sábio, ninguém conseguiu decidir se aquilo foi genialidade ou sorte. A história, porém, sobreviveu em risadas e canções.	sabio
EPI_0554	COMIC	Prólogo — Aldeia Fronteiriça	event_0554	Em aldeia fronteiriça, ninguém conseguiu decidir se aquilo foi genialidade ou sorte. A história, porém, sobreviveu em risadas e canções.	amigo_do_povo
EPI_0555	BITTERSWEET	Prólogo — Guilda Dos Aventureiros	event_0555	Guilda dos Aventureiros foi salvo, mas não sem perdas. O Prólogo registra a vitória e o preço que veio junto.	amigo_do_povo
EPI_0556	ROMANTIC	Prólogo — Grande Sábio	event_0556	Depois de grande sábio, uma relação que você cultivou tornou-se parte inseparável da sua história.	amigo_do_povo
EPI_0557	POLITICAL	Prólogo — Grande Sábio	event_0557	Depois de grande sábio, sua reputação atravessou fronteiras e abriu portas para negociações que antes pareciam impossíveis.	amigo_do_povo
EPI_0558	TRAGIC	Prólogo — Culto Das Sombras	event_0558	Você não conseguiu mudar o destino de culto das sombras. O Prólogo não apaga a derrota; ele registra quem você foi quando tudo desmoronou.	rei
EPI_0559	COMIC	Prólogo — Guilda Dos Aventureiros	event_0559	Em Guilda dos Aventureiros, ninguém conseguiu decidir se aquilo foi genialidade ou sorte. A história, porém, sobreviveu em risadas e canções.	aventureiro_lembrado
EPI_0560	BITTERSWEET	Prólogo — Culto Das Sombras	event_0560	culto das sombras foi salvo, mas não sem perdas. O Prólogo registra a vitória e o preço que veio junto.	heroi_local
EPI_0561	ROMANTIC	Prólogo — Grande Sábio	event_0561	Depois de grande sábio, uma relação que você cultivou tornou-se parte inseparável da sua história.	mestre
EPI_0562	TRAGIC	Prólogo — Culto Das Sombras	event_0562	Você não conseguiu mudar o destino de culto das sombras. O Prólogo não apaga a derrota; ele registra quem você foi quando tudo desmoronou.	nome_controverso
EPI_0563	TRAGIC	Prólogo — Dragão Desperto	event_0563	Você não conseguiu mudar o destino de dragão desperto. O Prólogo não apaga a derrota; ele registra quem você foi quando tudo desmoronou.	heroi_local
EPI_0564	SURVIVAL	Prólogo — Cidade Sitiada	event_0564	Você saiu vivo de cidade sitiada. Não houve glória imediata, apenas a certeza de que sua história ainda não terminara.	heroi_local
EPI_0565	SCHOLARLY	Prólogo — Aldeia Fronteiriça	event_0565	Em aldeia fronteiriça, sua descoberta mudou o que estudiosos acreditavam saber.	sabio
EPI_0566	COMIC	Prólogo — Aldeia Fronteiriça	event_0566	Em aldeia fronteiriça, ninguém conseguiu decidir se aquilo foi genialidade ou sorte. A história, porém, sobreviveu em risadas e canções.	rei
EPI_0567	SCHOLARLY	Prólogo — Dragão Desperto	event_0567	Em dragão desperto, sua descoberta mudou o que estudiosos acreditavam saber.	amigo_do_povo
EPI_0568	POLITICAL	Prólogo — Aranha Colossal	event_0568	Depois de aranha colossal, sua reputação atravessou fronteiras e abriu portas para negociações que antes pareciam impossíveis.	heroi_local
EPI_0569	ROMANTIC	Prólogo — Culto Das Sombras	event_0569	Depois de culto das sombras, uma relação que você cultivou tornou-se parte inseparável da sua história.	sabio
EPI_0570	HEROIC	Prólogo — Aranha Colossal	event_0570	Quando a poeira baixou, os moradores de aranha colossal ainda repetiam seu nome. Você não apenas venceu: suas escolhas deram àquela gente uma chance de continuar.	mestre
EPI_0571	TRAGIC	Prólogo — Torneio Da Academia	event_0571	Você não conseguiu mudar o destino de torneio da Academia. O Prólogo não apaga a derrota; ele registra quem você foi quando tudo desmoronou.	sobrevivente
EPI_0572	TRAGIC	Prólogo — Dragão Desperto	event_0572	Você não conseguiu mudar o destino de dragão desperto. O Prólogo não apaga a derrota; ele registra quem você foi quando tudo desmoronou.	amigo_do_povo
EPI_0573	HEROIC	Prólogo — Palácio Real	event_0573	Quando a poeira baixou, os moradores de palácio real ainda repetiam seu nome. Você não apenas venceu: suas escolhas deram àquela gente uma chance de continuar.	rei
EPI_0574	COMIC	Prólogo — Guilda Dos Aventureiros	event_0574	Em Guilda dos Aventureiros, ninguém conseguiu decidir se aquilo foi genialidade ou sorte. A história, porém, sobreviveu em risadas e canções.	nome_controverso
EPI_0575	SURVIVAL	Prólogo — Aldeia Fronteiriça	event_0575	Você saiu vivo de aldeia fronteiriça. Não houve glória imediata, apenas a certeza de que sua história ainda não terminara.	sobrevivente
EPI_0576	HEROIC	Prólogo — Grande Sábio	event_0576	Quando a poeira baixou, os moradores de grande sábio ainda repetiam seu nome. Você não apenas venceu: suas escolhas deram àquela gente uma chance de continuar.	nome_controverso
EPI_0577	COMIC	Prólogo — Guilda Dos Aventureiros	event_0577	Em Guilda dos Aventureiros, ninguém conseguiu decidir se aquilo foi genialidade ou sorte. A história, porém, sobreviveu em risadas e canções.	sobrevivente
EPI_0578	BITTERSWEET	Prólogo — Aranha Colossal	event_0578	aranha colossal foi salvo, mas não sem perdas. O Prólogo registra a vitória e o preço que veio junto.	aventureiro_lembrado
EPI_0579	ROMANTIC	Prólogo — Palácio Real	event_0579	Depois de palácio real, uma relação que você cultivou tornou-se parte inseparável da sua história.	sabio
EPI_0580	COMIC	Prólogo — Guilda Dos Aventureiros	event_0580	Em Guilda dos Aventureiros, ninguém conseguiu decidir se aquilo foi genialidade ou sorte. A história, porém, sobreviveu em risadas e canções.	aventureiro_lembrado
EPI_0581	TRAGIC	Prólogo — Cidade Sitiada	event_0581	Você não conseguiu mudar o destino de cidade sitiada. O Prólogo não apaga a derrota; ele registra quem você foi quando tudo desmoronou.	heroi_local
EPI_0582	BITTERSWEET	Prólogo — Grande Sábio	event_0582	grande sábio foi salvo, mas não sem perdas. O Prólogo registra a vitória e o preço que veio junto.	nome_controverso
EPI_0583	HEROIC	Prólogo — Culto Das Sombras	event_0583	Quando a poeira baixou, os moradores de culto das sombras ainda repetiam seu nome. Você não apenas venceu: suas escolhas deram àquela gente uma chance de continuar.	sabio
EPI_0584	COMIC	Prólogo — Torneio Da Academia	event_0584	Em torneio da Academia, ninguém conseguiu decidir se aquilo foi genialidade ou sorte. A história, porém, sobreviveu em risadas e canções.	rei
EPI_0585	SURVIVAL	Prólogo — Torneio Da Academia	event_0585	Você saiu vivo de torneio da Academia. Não houve glória imediata, apenas a certeza de que sua história ainda não terminara.	aventureiro_lembrado
EPI_0586	TRAGIC	Prólogo — Grande Sábio	event_0586	Você não conseguiu mudar o destino de grande sábio. O Prólogo não apaga a derrota; ele registra quem você foi quando tudo desmoronou.	mestre
EPI_0587	TRAGIC	Prólogo — Aldeia Fronteiriça	event_0587	Você não conseguiu mudar o destino de aldeia fronteiriça. O Prólogo não apaga a derrota; ele registra quem você foi quando tudo desmoronou.	rei
EPI_0588	SCHOLARLY	Prólogo — Guilda Dos Aventureiros	event_0588	Em Guilda dos Aventureiros, sua descoberta mudou o que estudiosos acreditavam saber.	amigo_do_povo
EPI_0589	SURVIVAL	Prólogo — Aranha Colossal	event_0589	Você saiu vivo de aranha colossal. Não houve glória imediata, apenas a certeza de que sua história ainda não terminara.	rei
EPI_0590	SURVIVAL	Prólogo — Aldeia Fronteiriça	event_0590	Você saiu vivo de aldeia fronteiriça. Não houve glória imediata, apenas a certeza de que sua história ainda não terminara.	sobrevivente
EPI_0591	POLITICAL	Prólogo — Guilda Dos Aventureiros	event_0591	Depois de Guilda dos Aventureiros, sua reputação atravessou fronteiras e abriu portas para negociações que antes pareciam impossíveis.	amigo_do_povo
EPI_0592	SURVIVAL	Prólogo — Aldeia Fronteiriça	event_0592	Você saiu vivo de aldeia fronteiriça. Não houve glória imediata, apenas a certeza de que sua história ainda não terminara.	mestre
EPI_0593	SURVIVAL	Prólogo — Culto Das Sombras	event_0593	Você saiu vivo de culto das sombras. Não houve glória imediata, apenas a certeza de que sua história ainda não terminara.	sabio
EPI_0594	SURVIVAL	Prólogo — Aranha Colossal	event_0594	Você saiu vivo de aranha colossal. Não houve glória imediata, apenas a certeza de que sua história ainda não terminara.	sobrevivente
EPI_0595	POLITICAL	Prólogo — Aldeia Fronteiriça	event_0595	Depois de aldeia fronteiriça, sua reputação atravessou fronteiras e abriu portas para negociações que antes pareciam impossíveis.	amigo_do_povo
EPI_0596	ROMANTIC	Prólogo — Palácio Real	event_0596	Depois de palácio real, uma relação que você cultivou tornou-se parte inseparável da sua história.	mestre
EPI_0597	ROMANTIC	Prólogo — Aranha Colossal	event_0597	Depois de aranha colossal, uma relação que você cultivou tornou-se parte inseparável da sua história.	nome_controverso
EPI_0598	HEROIC	Prólogo — Grande Sábio	event_0598	Quando a poeira baixou, os moradores de grande sábio ainda repetiam seu nome. Você não apenas venceu: suas escolhas deram àquela gente uma chance de continuar.	sobrevivente
EPI_0599	SCHOLARLY	Prólogo — Aldeia Fronteiriça	event_0599	Em aldeia fronteiriça, sua descoberta mudou o que estudiosos acreditavam saber.	rei
EPI_0600	COMIC	Prólogo — Dragão Desperto	event_0600	Em dragão desperto, ninguém conseguiu decidir se aquilo foi genialidade ou sorte. A história, porém, sobreviveu em risadas e canções.	mestre
EPI_0601	SURVIVAL	Prólogo — Grande Sábio	event_0601	Você saiu vivo de grande sábio. Não houve glória imediata, apenas a certeza de que sua história ainda não terminara.	sobrevivente
EPI_0602	COMIC	Prólogo — Dragão Desperto	event_0602	Em dragão desperto, ninguém conseguiu decidir se aquilo foi genialidade ou sorte. A história, porém, sobreviveu em risadas e canções.	amigo_do_povo
EPI_0603	SURVIVAL	Prólogo — Guilda Dos Aventureiros	event_0603	Você saiu vivo de Guilda dos Aventureiros. Não houve glória imediata, apenas a certeza de que sua história ainda não terminara.	mestre
EPI_0604	SURVIVAL	Prólogo — Torneio Da Academia	event_0604	Você saiu vivo de torneio da Academia. Não houve glória imediata, apenas a certeza de que sua história ainda não terminara.	mestre
EPI_0605	POLITICAL	Prólogo — Palácio Real	event_0605	Depois de palácio real, sua reputação atravessou fronteiras e abriu portas para negociações que antes pareciam impossíveis.	rei
EPI_0606	TRAGIC	Prólogo — Palácio Real	event_0606	Você não conseguiu mudar o destino de palácio real. O Prólogo não apaga a derrota; ele registra quem você foi quando tudo desmoronou.	sabio
EPI_0607	TRAGIC	Prólogo — Culto Das Sombras	event_0607	Você não conseguiu mudar o destino de culto das sombras. O Prólogo não apaga a derrota; ele registra quem você foi quando tudo desmoronou.	nome_controverso
EPI_0608	ROMANTIC	Prólogo — Aranha Colossal	event_0608	Depois de aranha colossal, uma relação que você cultivou tornou-se parte inseparável da sua história.	aventureiro_lembrado
EPI_0609	BITTERSWEET	Prólogo — Guilda Dos Aventureiros	event_0609	Guilda dos Aventureiros foi salvo, mas não sem perdas. O Prólogo registra a vitória e o preço que veio junto.	sabio
EPI_0610	COMIC	Prólogo — Palácio Real	event_0610	Em palácio real, ninguém conseguiu decidir se aquilo foi genialidade ou sorte. A história, porém, sobreviveu em risadas e canções.	amigo_do_povo
EPI_0611	ROMANTIC	Prólogo — Dragão Desperto	event_0611	Depois de dragão desperto, uma relação que você cultivou tornou-se parte inseparável da sua história.	rei
EPI_0612	SURVIVAL	Prólogo — Aranha Colossal	event_0612	Você saiu vivo de aranha colossal. Não houve glória imediata, apenas a certeza de que sua história ainda não terminara.	heroi_local
EPI_0613	TRAGIC	Prólogo — Guilda Dos Aventureiros	event_0613	Você não conseguiu mudar o destino de Guilda dos Aventureiros. O Prólogo não apaga a derrota; ele registra quem você foi quando tudo desmoronou.	nome_controverso
EPI_0614	SCHOLARLY	Prólogo — Culto Das Sombras	event_0614	Em culto das sombras, sua descoberta mudou o que estudiosos acreditavam saber.	amigo_do_povo
EPI_0615	HEROIC	Prólogo — Cidade Sitiada	event_0615	Quando a poeira baixou, os moradores de cidade sitiada ainda repetiam seu nome. Você não apenas venceu: suas escolhas deram àquela gente uma chance de continuar.	rei
EPI_0616	TRAGIC	Prólogo — Torneio Da Academia	event_0616	Você não conseguiu mudar o destino de torneio da Academia. O Prólogo não apaga a derrota; ele registra quem você foi quando tudo desmoronou.	amigo_do_povo
EPI_0617	POLITICAL	Prólogo — Torneio Da Academia	event_0617	Depois de torneio da Academia, sua reputação atravessou fronteiras e abriu portas para negociações que antes pareciam impossíveis.	amigo_do_povo
EPI_0618	SURVIVAL	Prólogo — Culto Das Sombras	event_0618	Você saiu vivo de culto das sombras. Não houve glória imediata, apenas a certeza de que sua história ainda não terminara.	rei
EPI_0619	SURVIVAL	Prólogo — Palácio Real	event_0619	Você saiu vivo de palácio real. Não houve glória imediata, apenas a certeza de que sua história ainda não terminara.	mestre
EPI_0620	TRAGIC	Prólogo — Dungeon Ancestral	event_0620	Você não conseguiu mudar o destino de dungeon ancestral. O Prólogo não apaga a derrota; ele registra quem você foi quando tudo desmoronou.	amigo_do_povo
EPI_0621	POLITICAL	Prólogo — Aldeia Fronteiriça	event_0621	Depois de aldeia fronteiriça, sua reputação atravessou fronteiras e abriu portas para negociações que antes pareciam impossíveis.	rei
EPI_0622	COMIC	Prólogo — Grande Sábio	event_0622	Em grande sábio, ninguém conseguiu decidir se aquilo foi genialidade ou sorte. A história, porém, sobreviveu em risadas e canções.	amigo_do_povo
EPI_0623	BITTERSWEET	Prólogo — Grande Sábio	event_0623	grande sábio foi salvo, mas não sem perdas. O Prólogo registra a vitória e o preço que veio junto.	rei
EPI_0624	ROMANTIC	Prólogo — Guilda Dos Aventureiros	event_0624	Depois de Guilda dos Aventureiros, uma relação que você cultivou tornou-se parte inseparável da sua história.	mestre
EPI_0625	POLITICAL	Prólogo — Aldeia Fronteiriça	event_0625	Depois de aldeia fronteiriça, sua reputação atravessou fronteiras e abriu portas para negociações que antes pareciam impossíveis.	rei
EPI_0626	COMIC	Prólogo — Cidade Sitiada	event_0626	Em cidade sitiada, ninguém conseguiu decidir se aquilo foi genialidade ou sorte. A história, porém, sobreviveu em risadas e canções.	rei
EPI_0627	SCHOLARLY	Prólogo — Torneio Da Academia	event_0627	Em torneio da Academia, sua descoberta mudou o que estudiosos acreditavam saber.	mestre
EPI_0628	BITTERSWEET	Prólogo — Dragão Desperto	event_0628	dragão desperto foi salvo, mas não sem perdas. O Prólogo registra a vitória e o preço que veio junto.	nome_controverso
EPI_0629	BITTERSWEET	Prólogo — Grande Sábio	event_0629	grande sábio foi salvo, mas não sem perdas. O Prólogo registra a vitória e o preço que veio junto.	nome_controverso
EPI_0630	SCHOLARLY	Prólogo — Dungeon Ancestral	event_0630	Em dungeon ancestral, sua descoberta mudou o que estudiosos acreditavam saber.	nome_controverso
EPI_0631	SURVIVAL	Prólogo — Aranha Colossal	event_0631	Você saiu vivo de aranha colossal. Não houve glória imediata, apenas a certeza de que sua história ainda não terminara.	nome_controverso
EPI_0632	TRAGIC	Prólogo — Guilda Dos Aventureiros	event_0632	Você não conseguiu mudar o destino de Guilda dos Aventureiros. O Prólogo não apaga a derrota; ele registra quem você foi quando tudo desmoronou.	sabio
EPI_0633	ROMANTIC	Prólogo — Dungeon Ancestral	event_0633	Depois de dungeon ancestral, uma relação que você cultivou tornou-se parte inseparável da sua história.	rei
EPI_0634	COMIC	Prólogo — Grande Sábio	event_0634	Em grande sábio, ninguém conseguiu decidir se aquilo foi genialidade ou sorte. A história, porém, sobreviveu em risadas e canções.	sabio
EPI_0635	SURVIVAL	Prólogo — Culto Das Sombras	event_0635	Você saiu vivo de culto das sombras. Não houve glória imediata, apenas a certeza de que sua história ainda não terminara.	sobrevivente
EPI_0636	TRAGIC	Prólogo — Culto Das Sombras	event_0636	Você não conseguiu mudar o destino de culto das sombras. O Prólogo não apaga a derrota; ele registra quem você foi quando tudo desmoronou.	sobrevivente
EPI_0637	ROMANTIC	Prólogo — Dungeon Ancestral	event_0637	Depois de dungeon ancestral, uma relação que você cultivou tornou-se parte inseparável da sua história.	amigo_do_povo
EPI_0638	ROMANTIC	Prólogo — Palácio Real	event_0638	Depois de palácio real, uma relação que você cultivou tornou-se parte inseparável da sua história.	mestre
EPI_0639	SURVIVAL	Prólogo — Torneio Da Academia	event_0639	Você saiu vivo de torneio da Academia. Não houve glória imediata, apenas a certeza de que sua história ainda não terminara.	rei
EPI_0640	SURVIVAL	Prólogo — Palácio Real	event_0640	Você saiu vivo de palácio real. Não houve glória imediata, apenas a certeza de que sua história ainda não terminara.	mestre
EPI_0641	COMIC	Prólogo — Palácio Real	event_0641	Em palácio real, ninguém conseguiu decidir se aquilo foi genialidade ou sorte. A história, porém, sobreviveu em risadas e canções.	mestre
EPI_0642	BITTERSWEET	Prólogo — Cidade Sitiada	event_0642	cidade sitiada foi salvo, mas não sem perdas. O Prólogo registra a vitória e o preço que veio junto.	nome_controverso
EPI_0643	BITTERSWEET	Prólogo — Guilda Dos Aventureiros	event_0643	Guilda dos Aventureiros foi salvo, mas não sem perdas. O Prólogo registra a vitória e o preço que veio junto.	aventureiro_lembrado
EPI_0644	HEROIC	Prólogo — Palácio Real	event_0644	Quando a poeira baixou, os moradores de palácio real ainda repetiam seu nome. Você não apenas venceu: suas escolhas deram àquela gente uma chance de continuar.	rei
EPI_0645	SURVIVAL	Prólogo — Aranha Colossal	event_0645	Você saiu vivo de aranha colossal. Não houve glória imediata, apenas a certeza de que sua história ainda não terminara.	nome_controverso
EPI_0646	SCHOLARLY	Prólogo — Dragão Desperto	event_0646	Em dragão desperto, sua descoberta mudou o que estudiosos acreditavam saber.	sobrevivente
EPI_0647	HEROIC	Prólogo — Culto Das Sombras	event_0647	Quando a poeira baixou, os moradores de culto das sombras ainda repetiam seu nome. Você não apenas venceu: suas escolhas deram àquela gente uma chance de continuar.	sabio
EPI_0648	SURVIVAL	Prólogo — Palácio Real	event_0648	Você saiu vivo de palácio real. Não houve glória imediata, apenas a certeza de que sua história ainda não terminara.	sobrevivente
EPI_0649	SURVIVAL	Prólogo — Guilda Dos Aventureiros	event_0649	Você saiu vivo de Guilda dos Aventureiros. Não houve glória imediata, apenas a certeza de que sua história ainda não terminara.	aventureiro_lembrado
EPI_0650	SURVIVAL	Prólogo — Culto Das Sombras	event_0650	Você saiu vivo de culto das sombras. Não houve glória imediata, apenas a certeza de que sua história ainda não terminara.	aventureiro_lembrado
EPI_0651	POLITICAL	Prólogo — Palácio Real	event_0651	Depois de palácio real, sua reputação atravessou fronteiras e abriu portas para negociações que antes pareciam impossíveis.	sabio
EPI_0652	POLITICAL	Prólogo — Culto Das Sombras	event_0652	Depois de culto das sombras, sua reputação atravessou fronteiras e abriu portas para negociações que antes pareciam impossíveis.	nome_controverso
EPI_0653	COMIC	Prólogo — Aldeia Fronteiriça	event_0653	Em aldeia fronteiriça, ninguém conseguiu decidir se aquilo foi genialidade ou sorte. A história, porém, sobreviveu em risadas e canções.	sabio
EPI_0654	SURVIVAL	Prólogo — Culto Das Sombras	event_0654	Você saiu vivo de culto das sombras. Não houve glória imediata, apenas a certeza de que sua história ainda não terminara.	heroi_local
EPI_0655	TRAGIC	Prólogo — Torneio Da Academia	event_0655	Você não conseguiu mudar o destino de torneio da Academia. O Prólogo não apaga a derrota; ele registra quem você foi quando tudo desmoronou.	heroi_local
EPI_0656	BITTERSWEET	Prólogo — Culto Das Sombras	event_0656	culto das sombras foi salvo, mas não sem perdas. O Prólogo registra a vitória e o preço que veio junto.	rei
EPI_0657	ROMANTIC	Prólogo — Guilda Dos Aventureiros	event_0657	Depois de Guilda dos Aventureiros, uma relação que você cultivou tornou-se parte inseparável da sua história.	mestre
EPI_0658	POLITICAL	Prólogo — Palácio Real	event_0658	Depois de palácio real, sua reputação atravessou fronteiras e abriu portas para negociações que antes pareciam impossíveis.	mestre
EPI_0659	POLITICAL	Prólogo — Torneio Da Academia	event_0659	Depois de torneio da Academia, sua reputação atravessou fronteiras e abriu portas para negociações que antes pareciam impossíveis.	heroi_local
EPI_0660	TRAGIC	Prólogo — Culto Das Sombras	event_0660	Você não conseguiu mudar o destino de culto das sombras. O Prólogo não apaga a derrota; ele registra quem você foi quando tudo desmoronou.	amigo_do_povo
EPI_0661	HEROIC	Prólogo — Dragão Desperto	event_0661	Quando a poeira baixou, os moradores de dragão desperto ainda repetiam seu nome. Você não apenas venceu: suas escolhas deram àquela gente uma chance de continuar.	mestre
EPI_0662	POLITICAL	Prólogo — Aldeia Fronteiriça	event_0662	Depois de aldeia fronteiriça, sua reputação atravessou fronteiras e abriu portas para negociações que antes pareciam impossíveis.	sobrevivente
EPI_0663	BITTERSWEET	Prólogo — Guilda Dos Aventureiros	event_0663	Guilda dos Aventureiros foi salvo, mas não sem perdas. O Prólogo registra a vitória e o preço que veio junto.	heroi_local
EPI_0664	ROMANTIC	Prólogo — Culto Das Sombras	event_0664	Depois de culto das sombras, uma relação que você cultivou tornou-se parte inseparável da sua história.	sobrevivente
EPI_0665	TRAGIC	Prólogo — Dragão Desperto	event_0665	Você não conseguiu mudar o destino de dragão desperto. O Prólogo não apaga a derrota; ele registra quem você foi quando tudo desmoronou.	sabio
EPI_0666	SCHOLARLY	Prólogo — Dragão Desperto	event_0666	Em dragão desperto, sua descoberta mudou o que estudiosos acreditavam saber.	amigo_do_povo
EPI_0667	SURVIVAL	Prólogo — Aldeia Fronteiriça	event_0667	Você saiu vivo de aldeia fronteiriça. Não houve glória imediata, apenas a certeza de que sua história ainda não terminara.	mestre
EPI_0668	COMIC	Prólogo — Culto Das Sombras	event_0668	Em culto das sombras, ninguém conseguiu decidir se aquilo foi genialidade ou sorte. A história, porém, sobreviveu em risadas e canções.	mestre
EPI_0669	BITTERSWEET	Prólogo — Culto Das Sombras	event_0669	culto das sombras foi salvo, mas não sem perdas. O Prólogo registra a vitória e o preço que veio junto.	rei
EPI_0670	ROMANTIC	Prólogo — Aldeia Fronteiriça	event_0670	Depois de aldeia fronteiriça, uma relação que você cultivou tornou-se parte inseparável da sua história.	sobrevivente
EPI_0671	BITTERSWEET	Prólogo — Grande Sábio	event_0671	grande sábio foi salvo, mas não sem perdas. O Prólogo registra a vitória e o preço que veio junto.	sobrevivente
EPI_0672	TRAGIC	Prólogo — Cidade Sitiada	event_0672	Você não conseguiu mudar o destino de cidade sitiada. O Prólogo não apaga a derrota; ele registra quem você foi quando tudo desmoronou.	mestre
EPI_0673	SCHOLARLY	Prólogo — Palácio Real	event_0673	Em palácio real, sua descoberta mudou o que estudiosos acreditavam saber.	mestre
EPI_0674	TRAGIC	Prólogo — Torneio Da Academia	event_0674	Você não conseguiu mudar o destino de torneio da Academia. O Prólogo não apaga a derrota; ele registra quem você foi quando tudo desmoronou.	aventureiro_lembrado
EPI_0675	SURVIVAL	Prólogo — Culto Das Sombras	event_0675	Você saiu vivo de culto das sombras. Não houve glória imediata, apenas a certeza de que sua história ainda não terminara.	rei
EPI_0676	SCHOLARLY	Prólogo — Culto Das Sombras	event_0676	Em culto das sombras, sua descoberta mudou o que estudiosos acreditavam saber.	nome_controverso
EPI_0677	SCHOLARLY	Prólogo — Aranha Colossal	event_0677	Em aranha colossal, sua descoberta mudou o que estudiosos acreditavam saber.	nome_controverso
EPI_0678	POLITICAL	Prólogo — Dragão Desperto	event_0678	Depois de dragão desperto, sua reputação atravessou fronteiras e abriu portas para negociações que antes pareciam impossíveis.	amigo_do_povo
EPI_0679	SCHOLARLY	Prólogo — Culto Das Sombras	event_0679	Em culto das sombras, sua descoberta mudou o que estudiosos acreditavam saber.	heroi_local
EPI_0680	ROMANTIC	Prólogo — Grande Sábio	event_0680	Depois de grande sábio, uma relação que você cultivou tornou-se parte inseparável da sua história.	sobrevivente
EPI_0681	ROMANTIC	Prólogo — Guilda Dos Aventureiros	event_0681	Depois de Guilda dos Aventureiros, uma relação que você cultivou tornou-se parte inseparável da sua história.	amigo_do_povo
EPI_0682	BITTERSWEET	Prólogo — Aranha Colossal	event_0682	aranha colossal foi salvo, mas não sem perdas. O Prólogo registra a vitória e o preço que veio junto.	mestre
EPI_0683	POLITICAL	Prólogo — Aldeia Fronteiriça	event_0683	Depois de aldeia fronteiriça, sua reputação atravessou fronteiras e abriu portas para negociações que antes pareciam impossíveis.	heroi_local
EPI_0684	SCHOLARLY	Prólogo — Cidade Sitiada	event_0684	Em cidade sitiada, sua descoberta mudou o que estudiosos acreditavam saber.	mestre
EPI_0685	SURVIVAL	Prólogo — Culto Das Sombras	event_0685	Você saiu vivo de culto das sombras. Não houve glória imediata, apenas a certeza de que sua história ainda não terminara.	aventureiro_lembrado
EPI_0686	SURVIVAL	Prólogo — Dungeon Ancestral	event_0686	Você saiu vivo de dungeon ancestral. Não houve glória imediata, apenas a certeza de que sua história ainda não terminara.	mestre
EPI_0687	BITTERSWEET	Prólogo — Cidade Sitiada	event_0687	cidade sitiada foi salvo, mas não sem perdas. O Prólogo registra a vitória e o preço que veio junto.	nome_controverso
EPI_0688	COMIC	Prólogo — Grande Sábio	event_0688	Em grande sábio, ninguém conseguiu decidir se aquilo foi genialidade ou sorte. A história, porém, sobreviveu em risadas e canções.	sobrevivente
EPI_0689	BITTERSWEET	Prólogo — Guilda Dos Aventureiros	event_0689	Guilda dos Aventureiros foi salvo, mas não sem perdas. O Prólogo registra a vitória e o preço que veio junto.	mestre
EPI_0690	POLITICAL	Prólogo — Aranha Colossal	event_0690	Depois de aranha colossal, sua reputação atravessou fronteiras e abriu portas para negociações que antes pareciam impossíveis.	sobrevivente
EPI_0691	POLITICAL	Prólogo — Aranha Colossal	event_0691	Depois de aranha colossal, sua reputação atravessou fronteiras e abriu portas para negociações que antes pareciam impossíveis.	nome_controverso
EPI_0692	ROMANTIC	Prólogo — Cidade Sitiada	event_0692	Depois de cidade sitiada, uma relação que você cultivou tornou-se parte inseparável da sua história.	nome_controverso
EPI_0693	HEROIC	Prólogo — Grande Sábio	event_0693	Quando a poeira baixou, os moradores de grande sábio ainda repetiam seu nome. Você não apenas venceu: suas escolhas deram àquela gente uma chance de continuar.	mestre
EPI_0694	TRAGIC	Prólogo — Cidade Sitiada	event_0694	Você não conseguiu mudar o destino de cidade sitiada. O Prólogo não apaga a derrota; ele registra quem você foi quando tudo desmoronou.	sabio
EPI_0695	BITTERSWEET	Prólogo — Culto Das Sombras	event_0695	culto das sombras foi salvo, mas não sem perdas. O Prólogo registra a vitória e o preço que veio junto.	heroi_local
EPI_0696	SCHOLARLY	Prólogo — Palácio Real	event_0696	Em palácio real, sua descoberta mudou o que estudiosos acreditavam saber.	mestre
EPI_0697	TRAGIC	Prólogo — Culto Das Sombras	event_0697	Você não conseguiu mudar o destino de culto das sombras. O Prólogo não apaga a derrota; ele registra quem você foi quando tudo desmoronou.	sabio
EPI_0698	COMIC	Prólogo — Dragão Desperto	event_0698	Em dragão desperto, ninguém conseguiu decidir se aquilo foi genialidade ou sorte. A história, porém, sobreviveu em risadas e canções.	mestre
EPI_0699	SURVIVAL	Prólogo — Aranha Colossal	event_0699	Você saiu vivo de aranha colossal. Não houve glória imediata, apenas a certeza de que sua história ainda não terminara.	aventureiro_lembrado
EPI_0700	SCHOLARLY	Prólogo — Torneio Da Academia	event_0700	Em torneio da Academia, sua descoberta mudou o que estudiosos acreditavam saber.	nome_controverso
EPI_0701	BITTERSWEET	Prólogo — Culto Das Sombras	event_0701	culto das sombras foi salvo, mas não sem perdas. O Prólogo registra a vitória e o preço que veio junto.	heroi_local
EPI_0702	SURVIVAL	Prólogo — Culto Das Sombras	event_0702	Você saiu vivo de culto das sombras. Não houve glória imediata, apenas a certeza de que sua história ainda não terminara.	rei
EPI_0703	SURVIVAL	Prólogo — Dragão Desperto	event_0703	Você saiu vivo de dragão desperto. Não houve glória imediata, apenas a certeza de que sua história ainda não terminara.	amigo_do_povo
EPI_0704	SCHOLARLY	Prólogo — Dungeon Ancestral	event_0704	Em dungeon ancestral, sua descoberta mudou o que estudiosos acreditavam saber.	nome_controverso
EPI_0705	HEROIC	Prólogo — Grande Sábio	event_0705	Quando a poeira baixou, os moradores de grande sábio ainda repetiam seu nome. Você não apenas venceu: suas escolhas deram àquela gente uma chance de continuar.	sobrevivente
EPI_0706	SCHOLARLY	Prólogo — Grande Sábio	event_0706	Em grande sábio, sua descoberta mudou o que estudiosos acreditavam saber.	amigo_do_povo
EPI_0707	TRAGIC	Prólogo — Dragão Desperto	event_0707	Você não conseguiu mudar o destino de dragão desperto. O Prólogo não apaga a derrota; ele registra quem você foi quando tudo desmoronou.	mestre
EPI_0708	POLITICAL	Prólogo — Dungeon Ancestral	event_0708	Depois de dungeon ancestral, sua reputação atravessou fronteiras e abriu portas para negociações que antes pareciam impossíveis.	mestre
EPI_0709	SCHOLARLY	Prólogo — Guilda Dos Aventureiros	event_0709	Em Guilda dos Aventureiros, sua descoberta mudou o que estudiosos acreditavam saber.	amigo_do_povo
EPI_0710	BITTERSWEET	Prólogo — Palácio Real	event_0710	palácio real foi salvo, mas não sem perdas. O Prólogo registra a vitória e o preço que veio junto.	mestre
EPI_0711	BITTERSWEET	Prólogo — Dragão Desperto	event_0711	dragão desperto foi salvo, mas não sem perdas. O Prólogo registra a vitória e o preço que veio junto.	amigo_do_povo
EPI_0712	ROMANTIC	Prólogo — Torneio Da Academia	event_0712	Depois de torneio da Academia, uma relação que você cultivou tornou-se parte inseparável da sua história.	amigo_do_povo
EPI_0713	SCHOLARLY	Prólogo — Grande Sábio	event_0713	Em grande sábio, sua descoberta mudou o que estudiosos acreditavam saber.	mestre
EPI_0714	BITTERSWEET	Prólogo — Cidade Sitiada	event_0714	cidade sitiada foi salvo, mas não sem perdas. O Prólogo registra a vitória e o preço que veio junto.	mestre
EPI_0715	HEROIC	Prólogo — Guilda Dos Aventureiros	event_0715	Quando a poeira baixou, os moradores de Guilda dos Aventureiros ainda repetiam seu nome. Você não apenas venceu: suas escolhas deram àquela gente uma chance de continuar.	aventureiro_lembrado
EPI_0716	SURVIVAL	Prólogo — Palácio Real	event_0716	Você saiu vivo de palácio real. Não houve glória imediata, apenas a certeza de que sua história ainda não terminara.	aventureiro_lembrado
EPI_0717	HEROIC	Prólogo — Aranha Colossal	event_0717	Quando a poeira baixou, os moradores de aranha colossal ainda repetiam seu nome. Você não apenas venceu: suas escolhas deram àquela gente uma chance de continuar.	mestre
EPI_0718	COMIC	Prólogo — Guilda Dos Aventureiros	event_0718	Em Guilda dos Aventureiros, ninguém conseguiu decidir se aquilo foi genialidade ou sorte. A história, porém, sobreviveu em risadas e canções.	amigo_do_povo
EPI_0719	TRAGIC	Prólogo — Culto Das Sombras	event_0719	Você não conseguiu mudar o destino de culto das sombras. O Prólogo não apaga a derrota; ele registra quem você foi quando tudo desmoronou.	heroi_local
EPI_0720	ROMANTIC	Prólogo — Aranha Colossal	event_0720	Depois de aranha colossal, uma relação que você cultivou tornou-se parte inseparável da sua história.	aventureiro_lembrado
EPI_0721	SURVIVAL	Prólogo — Cidade Sitiada	event_0721	Você saiu vivo de cidade sitiada. Não houve glória imediata, apenas a certeza de que sua história ainda não terminara.	sobrevivente
EPI_0722	TRAGIC	Prólogo — Dungeon Ancestral	event_0722	Você não conseguiu mudar o destino de dungeon ancestral. O Prólogo não apaga a derrota; ele registra quem você foi quando tudo desmoronou.	amigo_do_povo
EPI_0723	POLITICAL	Prólogo — Torneio Da Academia	event_0723	Depois de torneio da Academia, sua reputação atravessou fronteiras e abriu portas para negociações que antes pareciam impossíveis.	rei
EPI_0724	BITTERSWEET	Prólogo — Torneio Da Academia	event_0724	torneio da Academia foi salvo, mas não sem perdas. O Prólogo registra a vitória e o preço que veio junto.	sobrevivente
EPI_0725	SURVIVAL	Prólogo — Culto Das Sombras	event_0725	Você saiu vivo de culto das sombras. Não houve glória imediata, apenas a certeza de que sua história ainda não terminara.	aventureiro_lembrado
EPI_0726	COMIC	Prólogo — Grande Sábio	event_0726	Em grande sábio, ninguém conseguiu decidir se aquilo foi genialidade ou sorte. A história, porém, sobreviveu em risadas e canções.	sabio
EPI_0727	POLITICAL	Prólogo — Guilda Dos Aventureiros	event_0727	Depois de Guilda dos Aventureiros, sua reputação atravessou fronteiras e abriu portas para negociações que antes pareciam impossíveis.	rei
EPI_0728	SURVIVAL	Prólogo — Aldeia Fronteiriça	event_0728	Você saiu vivo de aldeia fronteiriça. Não houve glória imediata, apenas a certeza de que sua história ainda não terminara.	aventureiro_lembrado
EPI_0729	TRAGIC	Prólogo — Grande Sábio	event_0729	Você não conseguiu mudar o destino de grande sábio. O Prólogo não apaga a derrota; ele registra quem você foi quando tudo desmoronou.	sabio
EPI_0730	POLITICAL	Prólogo — Grande Sábio	event_0730	Depois de grande sábio, sua reputação atravessou fronteiras e abriu portas para negociações que antes pareciam impossíveis.	aventureiro_lembrado
EPI_0731	HEROIC	Prólogo — Cidade Sitiada	event_0731	Quando a poeira baixou, os moradores de cidade sitiada ainda repetiam seu nome. Você não apenas venceu: suas escolhas deram àquela gente uma chance de continuar.	sabio
EPI_0732	BITTERSWEET	Prólogo — Aranha Colossal	event_0732	aranha colossal foi salvo, mas não sem perdas. O Prólogo registra a vitória e o preço que veio junto.	amigo_do_povo
EPI_0733	ROMANTIC	Prólogo — Guilda Dos Aventureiros	event_0733	Depois de Guilda dos Aventureiros, uma relação que você cultivou tornou-se parte inseparável da sua história.	nome_controverso
EPI_0734	COMIC	Prólogo — Dragão Desperto	event_0734	Em dragão desperto, ninguém conseguiu decidir se aquilo foi genialidade ou sorte. A história, porém, sobreviveu em risadas e canções.	sabio
EPI_0735	COMIC	Prólogo — Guilda Dos Aventureiros	event_0735	Em Guilda dos Aventureiros, ninguém conseguiu decidir se aquilo foi genialidade ou sorte. A história, porém, sobreviveu em risadas e canções.	heroi_local
EPI_0736	BITTERSWEET	Prólogo — Dungeon Ancestral	event_0736	dungeon ancestral foi salvo, mas não sem perdas. O Prólogo registra a vitória e o preço que veio junto.	heroi_local
EPI_0737	COMIC	Prólogo — Dragão Desperto	event_0737	Em dragão desperto, ninguém conseguiu decidir se aquilo foi genialidade ou sorte. A história, porém, sobreviveu em risadas e canções.	heroi_local
EPI_0738	SURVIVAL	Prólogo — Torneio Da Academia	event_0738	Você saiu vivo de torneio da Academia. Não houve glória imediata, apenas a certeza de que sua história ainda não terminara.	rei
EPI_0739	POLITICAL	Prólogo — Palácio Real	event_0739	Depois de palácio real, sua reputação atravessou fronteiras e abriu portas para negociações que antes pareciam impossíveis.	rei
EPI_0740	HEROIC	Prólogo — Dragão Desperto	event_0740	Quando a poeira baixou, os moradores de dragão desperto ainda repetiam seu nome. Você não apenas venceu: suas escolhas deram àquela gente uma chance de continuar.	rei
EPI_0741	HEROIC	Prólogo — Dragão Desperto	event_0741	Quando a poeira baixou, os moradores de dragão desperto ainda repetiam seu nome. Você não apenas venceu: suas escolhas deram àquela gente uma chance de continuar.	mestre
EPI_0742	POLITICAL	Prólogo — Cidade Sitiada	event_0742	Depois de cidade sitiada, sua reputação atravessou fronteiras e abriu portas para negociações que antes pareciam impossíveis.	nome_controverso
EPI_0743	HEROIC	Prólogo — Torneio Da Academia	event_0743	Quando a poeira baixou, os moradores de torneio da Academia ainda repetiam seu nome. Você não apenas venceu: suas escolhas deram àquela gente uma chance de continuar.	aventureiro_lembrado
EPI_0744	SCHOLARLY	Prólogo — Grande Sábio	event_0744	Em grande sábio, sua descoberta mudou o que estudiosos acreditavam saber.	rei
EPI_0745	POLITICAL	Prólogo — Dungeon Ancestral	event_0745	Depois de dungeon ancestral, sua reputação atravessou fronteiras e abriu portas para negociações que antes pareciam impossíveis.	sobrevivente
EPI_0746	BITTERSWEET	Prólogo — Culto Das Sombras	event_0746	culto das sombras foi salvo, mas não sem perdas. O Prólogo registra a vitória e o preço que veio junto.	sobrevivente
EPI_0747	POLITICAL	Prólogo — Guilda Dos Aventureiros	event_0747	Depois de Guilda dos Aventureiros, sua reputação atravessou fronteiras e abriu portas para negociações que antes pareciam impossíveis.	sabio
EPI_0748	TRAGIC	Prólogo — Aranha Colossal	event_0748	Você não conseguiu mudar o destino de aranha colossal. O Prólogo não apaga a derrota; ele registra quem você foi quando tudo desmoronou.	mestre
EPI_0749	SCHOLARLY	Prólogo — Culto Das Sombras	event_0749	Em culto das sombras, sua descoberta mudou o que estudiosos acreditavam saber.	sobrevivente
EPI_0750	SURVIVAL	Prólogo — Torneio Da Academia	event_0750	Você saiu vivo de torneio da Academia. Não houve glória imediata, apenas a certeza de que sua história ainda não terminara.	nome_controverso
EPI_0751	BITTERSWEET	Prólogo — Aldeia Fronteiriça	event_0751	aldeia fronteiriça foi salvo, mas não sem perdas. O Prólogo registra a vitória e o preço que veio junto.	sabio
EPI_0752	TRAGIC	Prólogo — Aranha Colossal	event_0752	Você não conseguiu mudar o destino de aranha colossal. O Prólogo não apaga a derrota; ele registra quem você foi quando tudo desmoronou.	aventureiro_lembrado
EPI_0753	COMIC	Prólogo — Aranha Colossal	event_0753	Em aranha colossal, ninguém conseguiu decidir se aquilo foi genialidade ou sorte. A história, porém, sobreviveu em risadas e canções.	heroi_local
EPI_0754	COMIC	Prólogo — Dungeon Ancestral	event_0754	Em dungeon ancestral, ninguém conseguiu decidir se aquilo foi genialidade ou sorte. A história, porém, sobreviveu em risadas e canções.	aventureiro_lembrado
EPI_0755	ROMANTIC	Prólogo — Palácio Real	event_0755	Depois de palácio real, uma relação que você cultivou tornou-se parte inseparável da sua história.	amigo_do_povo
EPI_0756	BITTERSWEET	Prólogo — Dungeon Ancestral	event_0756	dungeon ancestral foi salvo, mas não sem perdas. O Prólogo registra a vitória e o preço que veio junto.	mestre
EPI_0757	TRAGIC	Prólogo — Grande Sábio	event_0757	Você não conseguiu mudar o destino de grande sábio. O Prólogo não apaga a derrota; ele registra quem você foi quando tudo desmoronou.	rei
EPI_0758	TRAGIC	Prólogo — Palácio Real	event_0758	Você não conseguiu mudar o destino de palácio real. O Prólogo não apaga a derrota; ele registra quem você foi quando tudo desmoronou.	sobrevivente
EPI_0759	ROMANTIC	Prólogo — Guilda Dos Aventureiros	event_0759	Depois de Guilda dos Aventureiros, uma relação que você cultivou tornou-se parte inseparável da sua história.	sobrevivente
EPI_0760	COMIC	Prólogo — Guilda Dos Aventureiros	event_0760	Em Guilda dos Aventureiros, ninguém conseguiu decidir se aquilo foi genialidade ou sorte. A história, porém, sobreviveu em risadas e canções.	mestre
EPI_0761	SURVIVAL	Prólogo — Dungeon Ancestral	event_0761	Você saiu vivo de dungeon ancestral. Não houve glória imediata, apenas a certeza de que sua história ainda não terminara.	rei
EPI_0762	BITTERSWEET	Prólogo — Torneio Da Academia	event_0762	torneio da Academia foi salvo, mas não sem perdas. O Prólogo registra a vitória e o preço que veio junto.	aventureiro_lembrado
EPI_0763	POLITICAL	Prólogo — Guilda Dos Aventureiros	event_0763	Depois de Guilda dos Aventureiros, sua reputação atravessou fronteiras e abriu portas para negociações que antes pareciam impossíveis.	amigo_do_povo
EPI_0764	ROMANTIC	Prólogo — Grande Sábio	event_0764	Depois de grande sábio, uma relação que você cultivou tornou-se parte inseparável da sua história.	aventureiro_lembrado
EPI_0765	BITTERSWEET	Prólogo — Cidade Sitiada	event_0765	cidade sitiada foi salvo, mas não sem perdas. O Prólogo registra a vitória e o preço que veio junto.	heroi_local
EPI_0766	COMIC	Prólogo — Cidade Sitiada	event_0766	Em cidade sitiada, ninguém conseguiu decidir se aquilo foi genialidade ou sorte. A história, porém, sobreviveu em risadas e canções.	aventureiro_lembrado
EPI_0767	SCHOLARLY	Prólogo — Dragão Desperto	event_0767	Em dragão desperto, sua descoberta mudou o que estudiosos acreditavam saber.	nome_controverso
EPI_0768	COMIC	Prólogo — Grande Sábio	event_0768	Em grande sábio, ninguém conseguiu decidir se aquilo foi genialidade ou sorte. A história, porém, sobreviveu em risadas e canções.	rei
EPI_0769	SCHOLARLY	Prólogo — Culto Das Sombras	event_0769	Em culto das sombras, sua descoberta mudou o que estudiosos acreditavam saber.	heroi_local
EPI_0770	SURVIVAL	Prólogo — Culto Das Sombras	event_0770	Você saiu vivo de culto das sombras. Não houve glória imediata, apenas a certeza de que sua história ainda não terminara.	heroi_local
EPI_0771	COMIC	Prólogo — Culto Das Sombras	event_0771	Em culto das sombras, ninguém conseguiu decidir se aquilo foi genialidade ou sorte. A história, porém, sobreviveu em risadas e canções.	amigo_do_povo
EPI_0772	SCHOLARLY	Prólogo — Culto Das Sombras	event_0772	Em culto das sombras, sua descoberta mudou o que estudiosos acreditavam saber.	sobrevivente
EPI_0773	ROMANTIC	Prólogo — Dragão Desperto	event_0773	Depois de dragão desperto, uma relação que você cultivou tornou-se parte inseparável da sua história.	sobrevivente
EPI_0774	ROMANTIC	Prólogo — Torneio Da Academia	event_0774	Depois de torneio da Academia, uma relação que você cultivou tornou-se parte inseparável da sua história.	sabio
EPI_0775	BITTERSWEET	Prólogo — Guilda Dos Aventureiros	event_0775	Guilda dos Aventureiros foi salvo, mas não sem perdas. O Prólogo registra a vitória e o preço que veio junto.	sabio
EPI_0776	BITTERSWEET	Prólogo — Cidade Sitiada	event_0776	cidade sitiada foi salvo, mas não sem perdas. O Prólogo registra a vitória e o preço que veio junto.	aventureiro_lembrado
EPI_0777	POLITICAL	Prólogo — Grande Sábio	event_0777	Depois de grande sábio, sua reputação atravessou fronteiras e abriu portas para negociações que antes pareciam impossíveis.	aventureiro_lembrado
EPI_0778	BITTERSWEET	Prólogo — Dragão Desperto	event_0778	dragão desperto foi salvo, mas não sem perdas. O Prólogo registra a vitória e o preço que veio junto.	sobrevivente
EPI_0779	HEROIC	Prólogo — Aranha Colossal	event_0779	Quando a poeira baixou, os moradores de aranha colossal ainda repetiam seu nome. Você não apenas venceu: suas escolhas deram àquela gente uma chance de continuar.	amigo_do_povo
EPI_0780	TRAGIC	Prólogo — Palácio Real	event_0780	Você não conseguiu mudar o destino de palácio real. O Prólogo não apaga a derrota; ele registra quem você foi quando tudo desmoronou.	rei
EPI_0781	HEROIC	Prólogo — Aranha Colossal	event_0781	Quando a poeira baixou, os moradores de aranha colossal ainda repetiam seu nome. Você não apenas venceu: suas escolhas deram àquela gente uma chance de continuar.	nome_controverso
EPI_0782	ROMANTIC	Prólogo — Aranha Colossal	event_0782	Depois de aranha colossal, uma relação que você cultivou tornou-se parte inseparável da sua história.	nome_controverso
EPI_0783	SCHOLARLY	Prólogo — Guilda Dos Aventureiros	event_0783	Em Guilda dos Aventureiros, sua descoberta mudou o que estudiosos acreditavam saber.	rei
EPI_0784	COMIC	Prólogo — Dragão Desperto	event_0784	Em dragão desperto, ninguém conseguiu decidir se aquilo foi genialidade ou sorte. A história, porém, sobreviveu em risadas e canções.	rei
EPI_0785	SCHOLARLY	Prólogo — Grande Sábio	event_0785	Em grande sábio, sua descoberta mudou o que estudiosos acreditavam saber.	nome_controverso
EPI_0786	COMIC	Prólogo — Grande Sábio	event_0786	Em grande sábio, ninguém conseguiu decidir se aquilo foi genialidade ou sorte. A história, porém, sobreviveu em risadas e canções.	heroi_local
EPI_0787	SURVIVAL	Prólogo — Palácio Real	event_0787	Você saiu vivo de palácio real. Não houve glória imediata, apenas a certeza de que sua história ainda não terminara.	sabio
EPI_0788	POLITICAL	Prólogo — Palácio Real	event_0788	Depois de palácio real, sua reputação atravessou fronteiras e abriu portas para negociações que antes pareciam impossíveis.	heroi_local
EPI_0789	SCHOLARLY	Prólogo — Grande Sábio	event_0789	Em grande sábio, sua descoberta mudou o que estudiosos acreditavam saber.	amigo_do_povo
EPI_0790	SURVIVAL	Prólogo — Guilda Dos Aventureiros	event_0790	Você saiu vivo de Guilda dos Aventureiros. Não houve glória imediata, apenas a certeza de que sua história ainda não terminara.	amigo_do_povo
EPI_0791	COMIC	Prólogo — Aldeia Fronteiriça	event_0791	Em aldeia fronteiriça, ninguém conseguiu decidir se aquilo foi genialidade ou sorte. A história, porém, sobreviveu em risadas e canções.	sobrevivente
EPI_0792	COMIC	Prólogo — Aldeia Fronteiriça	event_0792	Em aldeia fronteiriça, ninguém conseguiu decidir se aquilo foi genialidade ou sorte. A história, porém, sobreviveu em risadas e canções.	mestre
EPI_0793	BITTERSWEET	Prólogo — Torneio Da Academia	event_0793	torneio da Academia foi salvo, mas não sem perdas. O Prólogo registra a vitória e o preço que veio junto.	amigo_do_povo
EPI_0794	BITTERSWEET	Prólogo — Dungeon Ancestral	event_0794	dungeon ancestral foi salvo, mas não sem perdas. O Prólogo registra a vitória e o preço que veio junto.	nome_controverso
EPI_0795	SURVIVAL	Prólogo — Dragão Desperto	event_0795	Você saiu vivo de dragão desperto. Não houve glória imediata, apenas a certeza de que sua história ainda não terminara.	sobrevivente
EPI_0796	TRAGIC	Prólogo — Aldeia Fronteiriça	event_0796	Você não conseguiu mudar o destino de aldeia fronteiriça. O Prólogo não apaga a derrota; ele registra quem você foi quando tudo desmoronou.	amigo_do_povo
EPI_0797	SURVIVAL	Prólogo — Culto Das Sombras	event_0797	Você saiu vivo de culto das sombras. Não houve glória imediata, apenas a certeza de que sua história ainda não terminara.	rei
EPI_0798	ROMANTIC	Prólogo — Torneio Da Academia	event_0798	Depois de torneio da Academia, uma relação que você cultivou tornou-se parte inseparável da sua história.	amigo_do_povo
EPI_0799	SCHOLARLY	Prólogo — Dragão Desperto	event_0799	Em dragão desperto, sua descoberta mudou o que estudiosos acreditavam saber.	aventureiro_lembrado
EPI_0800	ROMANTIC	Prólogo — Aranha Colossal	event_0800	Depois de aranha colossal, uma relação que você cultivou tornou-se parte inseparável da sua história.	rei
EPI_0801	ROMANTIC	Prólogo — Aldeia Fronteiriça	event_0801	Depois de aldeia fronteiriça, uma relação que você cultivou tornou-se parte inseparável da sua história.	sobrevivente
EPI_0802	BITTERSWEET	Prólogo — Dragão Desperto	event_0802	dragão desperto foi salvo, mas não sem perdas. O Prólogo registra a vitória e o preço que veio junto.	sabio
EPI_0803	COMIC	Prólogo — Aranha Colossal	event_0803	Em aranha colossal, ninguém conseguiu decidir se aquilo foi genialidade ou sorte. A história, porém, sobreviveu em risadas e canções.	sabio
EPI_0804	COMIC	Prólogo — Palácio Real	event_0804	Em palácio real, ninguém conseguiu decidir se aquilo foi genialidade ou sorte. A história, porém, sobreviveu em risadas e canções.	nome_controverso
EPI_0805	POLITICAL	Prólogo — Cidade Sitiada	event_0805	Depois de cidade sitiada, sua reputação atravessou fronteiras e abriu portas para negociações que antes pareciam impossíveis.	heroi_local
EPI_0806	COMIC	Prólogo — Dragão Desperto	event_0806	Em dragão desperto, ninguém conseguiu decidir se aquilo foi genialidade ou sorte. A história, porém, sobreviveu em risadas e canções.	rei
EPI_0807	SCHOLARLY	Prólogo — Grande Sábio	event_0807	Em grande sábio, sua descoberta mudou o que estudiosos acreditavam saber.	sabio
EPI_0808	TRAGIC	Prólogo — Aranha Colossal	event_0808	Você não conseguiu mudar o destino de aranha colossal. O Prólogo não apaga a derrota; ele registra quem você foi quando tudo desmoronou.	sabio
EPI_0809	BITTERSWEET	Prólogo — Dungeon Ancestral	event_0809	dungeon ancestral foi salvo, mas não sem perdas. O Prólogo registra a vitória e o preço que veio junto.	amigo_do_povo
EPI_0810	POLITICAL	Prólogo — Cidade Sitiada	event_0810	Depois de cidade sitiada, sua reputação atravessou fronteiras e abriu portas para negociações que antes pareciam impossíveis.	rei
EPI_0811	SURVIVAL	Prólogo — Dragão Desperto	event_0811	Você saiu vivo de dragão desperto. Não houve glória imediata, apenas a certeza de que sua história ainda não terminara.	sobrevivente
EPI_0812	SCHOLARLY	Prólogo — Dragão Desperto	event_0812	Em dragão desperto, sua descoberta mudou o que estudiosos acreditavam saber.	aventureiro_lembrado
EPI_0813	HEROIC	Prólogo — Grande Sábio	event_0813	Quando a poeira baixou, os moradores de grande sábio ainda repetiam seu nome. Você não apenas venceu: suas escolhas deram àquela gente uma chance de continuar.	sabio
EPI_0814	HEROIC	Prólogo — Culto Das Sombras	event_0814	Quando a poeira baixou, os moradores de culto das sombras ainda repetiam seu nome. Você não apenas venceu: suas escolhas deram àquela gente uma chance de continuar.	rei
EPI_0815	BITTERSWEET	Prólogo — Torneio Da Academia	event_0815	torneio da Academia foi salvo, mas não sem perdas. O Prólogo registra a vitória e o preço que veio junto.	sobrevivente
EPI_0816	BITTERSWEET	Prólogo — Aranha Colossal	event_0816	aranha colossal foi salvo, mas não sem perdas. O Prólogo registra a vitória e o preço que veio junto.	nome_controverso
EPI_0817	ROMANTIC	Prólogo — Grande Sábio	event_0817	Depois de grande sábio, uma relação que você cultivou tornou-se parte inseparável da sua história.	sabio
EPI_0818	TRAGIC	Prólogo — Dragão Desperto	event_0818	Você não conseguiu mudar o destino de dragão desperto. O Prólogo não apaga a derrota; ele registra quem você foi quando tudo desmoronou.	sobrevivente
EPI_0819	BITTERSWEET	Prólogo — Dungeon Ancestral	event_0819	dungeon ancestral foi salvo, mas não sem perdas. O Prólogo registra a vitória e o preço que veio junto.	sabio
EPI_0820	SURVIVAL	Prólogo — Grande Sábio	event_0820	Você saiu vivo de grande sábio. Não houve glória imediata, apenas a certeza de que sua história ainda não terminara.	aventureiro_lembrado
EPI_0821	COMIC	Prólogo — Torneio Da Academia	event_0821	Em torneio da Academia, ninguém conseguiu decidir se aquilo foi genialidade ou sorte. A história, porém, sobreviveu em risadas e canções.	sobrevivente
EPI_0822	BITTERSWEET	Prólogo — Palácio Real	event_0822	palácio real foi salvo, mas não sem perdas. O Prólogo registra a vitória e o preço que veio junto.	nome_controverso
EPI_0823	POLITICAL	Prólogo — Cidade Sitiada	event_0823	Depois de cidade sitiada, sua reputação atravessou fronteiras e abriu portas para negociações que antes pareciam impossíveis.	heroi_local
EPI_0824	SURVIVAL	Prólogo — Dungeon Ancestral	event_0824	Você saiu vivo de dungeon ancestral. Não houve glória imediata, apenas a certeza de que sua história ainda não terminara.	amigo_do_povo
EPI_0825	POLITICAL	Prólogo — Aldeia Fronteiriça	event_0825	Depois de aldeia fronteiriça, sua reputação atravessou fronteiras e abriu portas para negociações que antes pareciam impossíveis.	sabio
EPI_0826	SURVIVAL	Prólogo — Aldeia Fronteiriça	event_0826	Você saiu vivo de aldeia fronteiriça. Não houve glória imediata, apenas a certeza de que sua história ainda não terminara.	heroi_local
EPI_0827	SURVIVAL	Prólogo — Aldeia Fronteiriça	event_0827	Você saiu vivo de aldeia fronteiriça. Não houve glória imediata, apenas a certeza de que sua história ainda não terminara.	aventureiro_lembrado
EPI_0828	TRAGIC	Prólogo — Aranha Colossal	event_0828	Você não conseguiu mudar o destino de aranha colossal. O Prólogo não apaga a derrota; ele registra quem você foi quando tudo desmoronou.	nome_controverso
EPI_0829	ROMANTIC	Prólogo — Aranha Colossal	event_0829	Depois de aranha colossal, uma relação que você cultivou tornou-se parte inseparável da sua história.	sabio
EPI_0830	TRAGIC	Prólogo — Dungeon Ancestral	event_0830	Você não conseguiu mudar o destino de dungeon ancestral. O Prólogo não apaga a derrota; ele registra quem você foi quando tudo desmoronou.	aventureiro_lembrado
EPI_0831	ROMANTIC	Prólogo — Aranha Colossal	event_0831	Depois de aranha colossal, uma relação que você cultivou tornou-se parte inseparável da sua história.	heroi_local
EPI_0832	ROMANTIC	Prólogo — Dragão Desperto	event_0832	Depois de dragão desperto, uma relação que você cultivou tornou-se parte inseparável da sua história.	sabio
EPI_0833	COMIC	Prólogo — Aldeia Fronteiriça	event_0833	Em aldeia fronteiriça, ninguém conseguiu decidir se aquilo foi genialidade ou sorte. A história, porém, sobreviveu em risadas e canções.	aventureiro_lembrado
EPI_0834	COMIC	Prólogo — Dragão Desperto	event_0834	Em dragão desperto, ninguém conseguiu decidir se aquilo foi genialidade ou sorte. A história, porém, sobreviveu em risadas e canções.	nome_controverso
EPI_0835	SCHOLARLY	Prólogo — Guilda Dos Aventureiros	event_0835	Em Guilda dos Aventureiros, sua descoberta mudou o que estudiosos acreditavam saber.	sobrevivente
EPI_0836	SCHOLARLY	Prólogo — Aranha Colossal	event_0836	Em aranha colossal, sua descoberta mudou o que estudiosos acreditavam saber.	sabio
EPI_0837	SURVIVAL	Prólogo — Guilda Dos Aventureiros	event_0837	Você saiu vivo de Guilda dos Aventureiros. Não houve glória imediata, apenas a certeza de que sua história ainda não terminara.	sobrevivente
EPI_0838	ROMANTIC	Prólogo — Cidade Sitiada	event_0838	Depois de cidade sitiada, uma relação que você cultivou tornou-se parte inseparável da sua história.	sabio
EPI_0839	TRAGIC	Prólogo — Culto Das Sombras	event_0839	Você não conseguiu mudar o destino de culto das sombras. O Prólogo não apaga a derrota; ele registra quem você foi quando tudo desmoronou.	mestre
EPI_0840	ROMANTIC	Prólogo — Dungeon Ancestral	event_0840	Depois de dungeon ancestral, uma relação que você cultivou tornou-se parte inseparável da sua história.	amigo_do_povo
EPI_0841	SCHOLARLY	Prólogo — Guilda Dos Aventureiros	event_0841	Em Guilda dos Aventureiros, sua descoberta mudou o que estudiosos acreditavam saber.	sobrevivente
EPI_0842	TRAGIC	Prólogo — Culto Das Sombras	event_0842	Você não conseguiu mudar o destino de culto das sombras. O Prólogo não apaga a derrota; ele registra quem você foi quando tudo desmoronou.	rei
EPI_0843	HEROIC	Prólogo — Palácio Real	event_0843	Quando a poeira baixou, os moradores de palácio real ainda repetiam seu nome. Você não apenas venceu: suas escolhas deram àquela gente uma chance de continuar.	sabio
EPI_0844	COMIC	Prólogo — Culto Das Sombras	event_0844	Em culto das sombras, ninguém conseguiu decidir se aquilo foi genialidade ou sorte. A história, porém, sobreviveu em risadas e canções.	rei
EPI_0845	SURVIVAL	Prólogo — Dragão Desperto	event_0845	Você saiu vivo de dragão desperto. Não houve glória imediata, apenas a certeza de que sua história ainda não terminara.	sobrevivente
EPI_0846	COMIC	Prólogo — Cidade Sitiada	event_0846	Em cidade sitiada, ninguém conseguiu decidir se aquilo foi genialidade ou sorte. A história, porém, sobreviveu em risadas e canções.	amigo_do_povo
EPI_0847	ROMANTIC	Prólogo — Dragão Desperto	event_0847	Depois de dragão desperto, uma relação que você cultivou tornou-se parte inseparável da sua história.	sabio
EPI_0848	POLITICAL	Prólogo — Aldeia Fronteiriça	event_0848	Depois de aldeia fronteiriça, sua reputação atravessou fronteiras e abriu portas para negociações que antes pareciam impossíveis.	sobrevivente
EPI_0849	COMIC	Prólogo — Palácio Real	event_0849	Em palácio real, ninguém conseguiu decidir se aquilo foi genialidade ou sorte. A história, porém, sobreviveu em risadas e canções.	nome_controverso
EPI_0850	SURVIVAL	Prólogo — Aranha Colossal	event_0850	Você saiu vivo de aranha colossal. Não houve glória imediata, apenas a certeza de que sua história ainda não terminara.	heroi_local
EPI_0851	HEROIC	Prólogo — Cidade Sitiada	event_0851	Quando a poeira baixou, os moradores de cidade sitiada ainda repetiam seu nome. Você não apenas venceu: suas escolhas deram àquela gente uma chance de continuar.	sabio
EPI_0852	ROMANTIC	Prólogo — Cidade Sitiada	event_0852	Depois de cidade sitiada, uma relação que você cultivou tornou-se parte inseparável da sua história.	amigo_do_povo
EPI_0853	HEROIC	Prólogo — Aldeia Fronteiriça	event_0853	Quando a poeira baixou, os moradores de aldeia fronteiriça ainda repetiam seu nome. Você não apenas venceu: suas escolhas deram àquela gente uma chance de continuar.	rei
EPI_0854	SCHOLARLY	Prólogo — Palácio Real	event_0854	Em palácio real, sua descoberta mudou o que estudiosos acreditavam saber.	sabio
EPI_0855	TRAGIC	Prólogo — Culto Das Sombras	event_0855	Você não conseguiu mudar o destino de culto das sombras. O Prólogo não apaga a derrota; ele registra quem você foi quando tudo desmoronou.	sabio
EPI_0856	BITTERSWEET	Prólogo — Culto Das Sombras	event_0856	culto das sombras foi salvo, mas não sem perdas. O Prólogo registra a vitória e o preço que veio junto.	mestre
EPI_0857	COMIC	Prólogo — Torneio Da Academia	event_0857	Em torneio da Academia, ninguém conseguiu decidir se aquilo foi genialidade ou sorte. A história, porém, sobreviveu em risadas e canções.	amigo_do_povo
EPI_0858	BITTERSWEET	Prólogo — Cidade Sitiada	event_0858	cidade sitiada foi salvo, mas não sem perdas. O Prólogo registra a vitória e o preço que veio junto.	rei
EPI_0859	SCHOLARLY	Prólogo — Aranha Colossal	event_0859	Em aranha colossal, sua descoberta mudou o que estudiosos acreditavam saber.	amigo_do_povo
EPI_0860	POLITICAL	Prólogo — Aranha Colossal	event_0860	Depois de aranha colossal, sua reputação atravessou fronteiras e abriu portas para negociações que antes pareciam impossíveis.	nome_controverso
EPI_0861	SURVIVAL	Prólogo — Palácio Real	event_0861	Você saiu vivo de palácio real. Não houve glória imediata, apenas a certeza de que sua história ainda não terminara.	amigo_do_povo
EPI_0862	ROMANTIC	Prólogo — Guilda Dos Aventureiros	event_0862	Depois de Guilda dos Aventureiros, uma relação que você cultivou tornou-se parte inseparável da sua história.	mestre
EPI_0863	SCHOLARLY	Prólogo — Cidade Sitiada	event_0863	Em cidade sitiada, sua descoberta mudou o que estudiosos acreditavam saber.	heroi_local
EPI_0864	POLITICAL	Prólogo — Dungeon Ancestral	event_0864	Depois de dungeon ancestral, sua reputação atravessou fronteiras e abriu portas para negociações que antes pareciam impossíveis.	sabio
EPI_0865	SCHOLARLY	Prólogo — Dungeon Ancestral	event_0865	Em dungeon ancestral, sua descoberta mudou o que estudiosos acreditavam saber.	mestre
EPI_0866	BITTERSWEET	Prólogo — Palácio Real	event_0866	palácio real foi salvo, mas não sem perdas. O Prólogo registra a vitória e o preço que veio junto.	sabio
EPI_0867	HEROIC	Prólogo — Grande Sábio	event_0867	Quando a poeira baixou, os moradores de grande sábio ainda repetiam seu nome. Você não apenas venceu: suas escolhas deram àquela gente uma chance de continuar.	heroi_local
EPI_0868	TRAGIC	Prólogo — Dragão Desperto	event_0868	Você não conseguiu mudar o destino de dragão desperto. O Prólogo não apaga a derrota; ele registra quem você foi quando tudo desmoronou.	aventureiro_lembrado
EPI_0869	COMIC	Prólogo — Grande Sábio	event_0869	Em grande sábio, ninguém conseguiu decidir se aquilo foi genialidade ou sorte. A história, porém, sobreviveu em risadas e canções.	nome_controverso
EPI_0870	POLITICAL	Prólogo — Dragão Desperto	event_0870	Depois de dragão desperto, sua reputação atravessou fronteiras e abriu portas para negociações que antes pareciam impossíveis.	amigo_do_povo
EPI_0871	COMIC	Prólogo — Aldeia Fronteiriça	event_0871	Em aldeia fronteiriça, ninguém conseguiu decidir se aquilo foi genialidade ou sorte. A história, porém, sobreviveu em risadas e canções.	rei
EPI_0872	TRAGIC	Prólogo — Aldeia Fronteiriça	event_0872	Você não conseguiu mudar o destino de aldeia fronteiriça. O Prólogo não apaga a derrota; ele registra quem você foi quando tudo desmoronou.	sobrevivente
EPI_0873	POLITICAL	Prólogo — Torneio Da Academia	event_0873	Depois de torneio da Academia, sua reputação atravessou fronteiras e abriu portas para negociações que antes pareciam impossíveis.	nome_controverso
EPI_0874	BITTERSWEET	Prólogo — Torneio Da Academia	event_0874	torneio da Academia foi salvo, mas não sem perdas. O Prólogo registra a vitória e o preço que veio junto.	sabio
EPI_0875	SCHOLARLY	Prólogo — Palácio Real	event_0875	Em palácio real, sua descoberta mudou o que estudiosos acreditavam saber.	heroi_local
EPI_0876	TRAGIC	Prólogo — Palácio Real	event_0876	Você não conseguiu mudar o destino de palácio real. O Prólogo não apaga a derrota; ele registra quem você foi quando tudo desmoronou.	mestre
EPI_0877	TRAGIC	Prólogo — Torneio Da Academia	event_0877	Você não conseguiu mudar o destino de torneio da Academia. O Prólogo não apaga a derrota; ele registra quem você foi quando tudo desmoronou.	aventureiro_lembrado
EPI_0878	ROMANTIC	Prólogo — Palácio Real	event_0878	Depois de palácio real, uma relação que você cultivou tornou-se parte inseparável da sua história.	rei
EPI_0879	BITTERSWEET	Prólogo — Torneio Da Academia	event_0879	torneio da Academia foi salvo, mas não sem perdas. O Prólogo registra a vitória e o preço que veio junto.	mestre
EPI_0880	POLITICAL	Prólogo — Palácio Real	event_0880	Depois de palácio real, sua reputação atravessou fronteiras e abriu portas para negociações que antes pareciam impossíveis.	amigo_do_povo
EPI_0881	SURVIVAL	Prólogo — Dungeon Ancestral	event_0881	Você saiu vivo de dungeon ancestral. Não houve glória imediata, apenas a certeza de que sua história ainda não terminara.	rei
EPI_0882	HEROIC	Prólogo — Palácio Real	event_0882	Quando a poeira baixou, os moradores de palácio real ainda repetiam seu nome. Você não apenas venceu: suas escolhas deram àquela gente uma chance de continuar.	amigo_do_povo
EPI_0883	HEROIC	Prólogo — Torneio Da Academia	event_0883	Quando a poeira baixou, os moradores de torneio da Academia ainda repetiam seu nome. Você não apenas venceu: suas escolhas deram àquela gente uma chance de continuar.	aventureiro_lembrado
EPI_0884	SCHOLARLY	Prólogo — Dungeon Ancestral	event_0884	Em dungeon ancestral, sua descoberta mudou o que estudiosos acreditavam saber.	heroi_local
EPI_0885	SURVIVAL	Prólogo — Grande Sábio	event_0885	Você saiu vivo de grande sábio. Não houve glória imediata, apenas a certeza de que sua história ainda não terminara.	aventureiro_lembrado
EPI_0886	COMIC	Prólogo — Dragão Desperto	event_0886	Em dragão desperto, ninguém conseguiu decidir se aquilo foi genialidade ou sorte. A história, porém, sobreviveu em risadas e canções.	mestre
EPI_0887	SURVIVAL	Prólogo — Dungeon Ancestral	event_0887	Você saiu vivo de dungeon ancestral. Não houve glória imediata, apenas a certeza de que sua história ainda não terminara.	mestre
EPI_0888	HEROIC	Prólogo — Culto Das Sombras	event_0888	Quando a poeira baixou, os moradores de culto das sombras ainda repetiam seu nome. Você não apenas venceu: suas escolhas deram àquela gente uma chance de continuar.	mestre
EPI_0889	SCHOLARLY	Prólogo — Guilda Dos Aventureiros	event_0889	Em Guilda dos Aventureiros, sua descoberta mudou o que estudiosos acreditavam saber.	rei
EPI_0890	ROMANTIC	Prólogo — Palácio Real	event_0890	Depois de palácio real, uma relação que você cultivou tornou-se parte inseparável da sua história.	mestre
EPI_0891	BITTERSWEET	Prólogo — Aranha Colossal	event_0891	aranha colossal foi salvo, mas não sem perdas. O Prólogo registra a vitória e o preço que veio junto.	rei
EPI_0892	COMIC	Prólogo — Cidade Sitiada	event_0892	Em cidade sitiada, ninguém conseguiu decidir se aquilo foi genialidade ou sorte. A história, porém, sobreviveu em risadas e canções.	mestre
EPI_0893	POLITICAL	Prólogo — Dragão Desperto	event_0893	Depois de dragão desperto, sua reputação atravessou fronteiras e abriu portas para negociações que antes pareciam impossíveis.	aventureiro_lembrado
EPI_0894	POLITICAL	Prólogo — Dragão Desperto	event_0894	Depois de dragão desperto, sua reputação atravessou fronteiras e abriu portas para negociações que antes pareciam impossíveis.	heroi_local
EPI_0895	BITTERSWEET	Prólogo — Dragão Desperto	event_0895	dragão desperto foi salvo, mas não sem perdas. O Prólogo registra a vitória e o preço que veio junto.	sabio
EPI_0896	ROMANTIC	Prólogo — Dragão Desperto	event_0896	Depois de dragão desperto, uma relação que você cultivou tornou-se parte inseparável da sua história.	mestre
EPI_0897	COMIC	Prólogo — Torneio Da Academia	event_0897	Em torneio da Academia, ninguém conseguiu decidir se aquilo foi genialidade ou sorte. A história, porém, sobreviveu em risadas e canções.	aventureiro_lembrado
EPI_0898	BITTERSWEET	Prólogo — Dungeon Ancestral	event_0898	dungeon ancestral foi salvo, mas não sem perdas. O Prólogo registra a vitória e o preço que veio junto.	sobrevivente
EPI_0899	POLITICAL	Prólogo — Aldeia Fronteiriça	event_0899	Depois de aldeia fronteiriça, sua reputação atravessou fronteiras e abriu portas para negociações que antes pareciam impossíveis.	rei
EPI_0900	TRAGIC	Prólogo — Cidade Sitiada	event_0900	Você não conseguiu mudar o destino de cidade sitiada. O Prólogo não apaga a derrota; ele registra quem você foi quando tudo desmoronou.	sabio
EPI_0901	HEROIC	Prólogo — Dragão Desperto	event_0901	Quando a poeira baixou, os moradores de dragão desperto ainda repetiam seu nome. Você não apenas venceu: suas escolhas deram àquela gente uma chance de continuar.	nome_controverso
EPI_0902	SURVIVAL	Prólogo — Grande Sábio	event_0902	Você saiu vivo de grande sábio. Não houve glória imediata, apenas a certeza de que sua história ainda não terminara.	rei
EPI_0903	SCHOLARLY	Prólogo — Dungeon Ancestral	event_0903	Em dungeon ancestral, sua descoberta mudou o que estudiosos acreditavam saber.	sabio
EPI_0904	SURVIVAL	Prólogo — Dragão Desperto	event_0904	Você saiu vivo de dragão desperto. Não houve glória imediata, apenas a certeza de que sua história ainda não terminara.	heroi_local
EPI_0905	HEROIC	Prólogo — Dragão Desperto	event_0905	Quando a poeira baixou, os moradores de dragão desperto ainda repetiam seu nome. Você não apenas venceu: suas escolhas deram àquela gente uma chance de continuar.	sabio
EPI_0906	HEROIC	Prólogo — Grande Sábio	event_0906	Quando a poeira baixou, os moradores de grande sábio ainda repetiam seu nome. Você não apenas venceu: suas escolhas deram àquela gente uma chance de continuar.	rei
EPI_0907	POLITICAL	Prólogo — Torneio Da Academia	event_0907	Depois de torneio da Academia, sua reputação atravessou fronteiras e abriu portas para negociações que antes pareciam impossíveis.	sabio
EPI_0908	POLITICAL	Prólogo — Aranha Colossal	event_0908	Depois de aranha colossal, sua reputação atravessou fronteiras e abriu portas para negociações que antes pareciam impossíveis.	mestre
EPI_0909	POLITICAL	Prólogo — Culto Das Sombras	event_0909	Depois de culto das sombras, sua reputação atravessou fronteiras e abriu portas para negociações que antes pareciam impossíveis.	aventureiro_lembrado
EPI_0910	TRAGIC	Prólogo — Cidade Sitiada	event_0910	Você não conseguiu mudar o destino de cidade sitiada. O Prólogo não apaga a derrota; ele registra quem você foi quando tudo desmoronou.	sobrevivente
EPI_0911	TRAGIC	Prólogo — Torneio Da Academia	event_0911	Você não conseguiu mudar o destino de torneio da Academia. O Prólogo não apaga a derrota; ele registra quem você foi quando tudo desmoronou.	aventureiro_lembrado
EPI_0912	ROMANTIC	Prólogo — Aldeia Fronteiriça	event_0912	Depois de aldeia fronteiriça, uma relação que você cultivou tornou-se parte inseparável da sua história.	sobrevivente
EPI_0913	HEROIC	Prólogo — Dungeon Ancestral	event_0913	Quando a poeira baixou, os moradores de dungeon ancestral ainda repetiam seu nome. Você não apenas venceu: suas escolhas deram àquela gente uma chance de continuar.	heroi_local
EPI_0914	HEROIC	Prólogo — Aldeia Fronteiriça	event_0914	Quando a poeira baixou, os moradores de aldeia fronteiriça ainda repetiam seu nome. Você não apenas venceu: suas escolhas deram àquela gente uma chance de continuar.	nome_controverso
EPI_0915	SURVIVAL	Prólogo — Grande Sábio	event_0915	Você saiu vivo de grande sábio. Não houve glória imediata, apenas a certeza de que sua história ainda não terminara.	sobrevivente
EPI_0916	BITTERSWEET	Prólogo — Grande Sábio	event_0916	grande sábio foi salvo, mas não sem perdas. O Prólogo registra a vitória e o preço que veio junto.	nome_controverso
EPI_0917	BITTERSWEET	Prólogo — Culto Das Sombras	event_0917	culto das sombras foi salvo, mas não sem perdas. O Prólogo registra a vitória e o preço que veio junto.	nome_controverso
EPI_0918	COMIC	Prólogo — Palácio Real	event_0918	Em palácio real, ninguém conseguiu decidir se aquilo foi genialidade ou sorte. A história, porém, sobreviveu em risadas e canções.	rei
EPI_0919	BITTERSWEET	Prólogo — Cidade Sitiada	event_0919	cidade sitiada foi salvo, mas não sem perdas. O Prólogo registra a vitória e o preço que veio junto.	nome_controverso
EPI_0920	TRAGIC	Prólogo — Culto Das Sombras	event_0920	Você não conseguiu mudar o destino de culto das sombras. O Prólogo não apaga a derrota; ele registra quem você foi quando tudo desmoronou.	nome_controverso
EPI_0921	SCHOLARLY	Prólogo — Aranha Colossal	event_0921	Em aranha colossal, sua descoberta mudou o que estudiosos acreditavam saber.	sabio
EPI_0922	ROMANTIC	Prólogo — Grande Sábio	event_0922	Depois de grande sábio, uma relação que você cultivou tornou-se parte inseparável da sua história.	rei
EPI_0923	HEROIC	Prólogo — Aldeia Fronteiriça	event_0923	Quando a poeira baixou, os moradores de aldeia fronteiriça ainda repetiam seu nome. Você não apenas venceu: suas escolhas deram àquela gente uma chance de continuar.	rei
EPI_0924	TRAGIC	Prólogo — Culto Das Sombras	event_0924	Você não conseguiu mudar o destino de culto das sombras. O Prólogo não apaga a derrota; ele registra quem você foi quando tudo desmoronou.	nome_controverso
EPI_0925	COMIC	Prólogo — Guilda Dos Aventureiros	event_0925	Em Guilda dos Aventureiros, ninguém conseguiu decidir se aquilo foi genialidade ou sorte. A história, porém, sobreviveu em risadas e canções.	amigo_do_povo
EPI_0926	SURVIVAL	Prólogo — Aranha Colossal	event_0926	Você saiu vivo de aranha colossal. Não houve glória imediata, apenas a certeza de que sua história ainda não terminara.	nome_controverso
EPI_0927	SCHOLARLY	Prólogo — Palácio Real	event_0927	Em palácio real, sua descoberta mudou o que estudiosos acreditavam saber.	sobrevivente
EPI_0928	SURVIVAL	Prólogo — Dragão Desperto	event_0928	Você saiu vivo de dragão desperto. Não houve glória imediata, apenas a certeza de que sua história ainda não terminara.	aventureiro_lembrado
EPI_0929	BITTERSWEET	Prólogo — Dragão Desperto	event_0929	dragão desperto foi salvo, mas não sem perdas. O Prólogo registra a vitória e o preço que veio junto.	rei
EPI_0930	SCHOLARLY	Prólogo — Dungeon Ancestral	event_0930	Em dungeon ancestral, sua descoberta mudou o que estudiosos acreditavam saber.	rei
EPI_0931	COMIC	Prólogo — Culto Das Sombras	event_0931	Em culto das sombras, ninguém conseguiu decidir se aquilo foi genialidade ou sorte. A história, porém, sobreviveu em risadas e canções.	mestre
EPI_0932	HEROIC	Prólogo — Cidade Sitiada	event_0932	Quando a poeira baixou, os moradores de cidade sitiada ainda repetiam seu nome. Você não apenas venceu: suas escolhas deram àquela gente uma chance de continuar.	aventureiro_lembrado
EPI_0933	HEROIC	Prólogo — Torneio Da Academia	event_0933	Quando a poeira baixou, os moradores de torneio da Academia ainda repetiam seu nome. Você não apenas venceu: suas escolhas deram àquela gente uma chance de continuar.	rei
EPI_0934	POLITICAL	Prólogo — Grande Sábio	event_0934	Depois de grande sábio, sua reputação atravessou fronteiras e abriu portas para negociações que antes pareciam impossíveis.	mestre
EPI_0935	SURVIVAL	Prólogo — Palácio Real	event_0935	Você saiu vivo de palácio real. Não houve glória imediata, apenas a certeza de que sua história ainda não terminara.	sabio
EPI_0936	SURVIVAL	Prólogo — Dragão Desperto	event_0936	Você saiu vivo de dragão desperto. Não houve glória imediata, apenas a certeza de que sua história ainda não terminara.	nome_controverso
EPI_0937	ROMANTIC	Prólogo — Dragão Desperto	event_0937	Depois de dragão desperto, uma relação que você cultivou tornou-se parte inseparável da sua história.	rei
EPI_0938	TRAGIC	Prólogo — Torneio Da Academia	event_0938	Você não conseguiu mudar o destino de torneio da Academia. O Prólogo não apaga a derrota; ele registra quem você foi quando tudo desmoronou.	nome_controverso
EPI_0939	POLITICAL	Prólogo — Dungeon Ancestral	event_0939	Depois de dungeon ancestral, sua reputação atravessou fronteiras e abriu portas para negociações que antes pareciam impossíveis.	amigo_do_povo
EPI_0940	HEROIC	Prólogo — Guilda Dos Aventureiros	event_0940	Quando a poeira baixou, os moradores de Guilda dos Aventureiros ainda repetiam seu nome. Você não apenas venceu: suas escolhas deram àquela gente uma chance de continuar.	heroi_local
EPI_0941	ROMANTIC	Prólogo — Torneio Da Academia	event_0941	Depois de torneio da Academia, uma relação que você cultivou tornou-se parte inseparável da sua história.	mestre
EPI_0942	TRAGIC	Prólogo — Aranha Colossal	event_0942	Você não conseguiu mudar o destino de aranha colossal. O Prólogo não apaga a derrota; ele registra quem você foi quando tudo desmoronou.	nome_controverso
EPI_0943	SCHOLARLY	Prólogo — Dragão Desperto	event_0943	Em dragão desperto, sua descoberta mudou o que estudiosos acreditavam saber.	sobrevivente
EPI_0944	SURVIVAL	Prólogo — Aranha Colossal	event_0944	Você saiu vivo de aranha colossal. Não houve glória imediata, apenas a certeza de que sua história ainda não terminara.	mestre
EPI_0945	BITTERSWEET	Prólogo — Aranha Colossal	event_0945	aranha colossal foi salvo, mas não sem perdas. O Prólogo registra a vitória e o preço que veio junto.	aventureiro_lembrado
EPI_0946	COMIC	Prólogo — Grande Sábio	event_0946	Em grande sábio, ninguém conseguiu decidir se aquilo foi genialidade ou sorte. A história, porém, sobreviveu em risadas e canções.	heroi_local
EPI_0947	ROMANTIC	Prólogo — Grande Sábio	event_0947	Depois de grande sábio, uma relação que você cultivou tornou-se parte inseparável da sua história.	aventureiro_lembrado
EPI_0948	BITTERSWEET	Prólogo — Dungeon Ancestral	event_0948	dungeon ancestral foi salvo, mas não sem perdas. O Prólogo registra a vitória e o preço que veio junto.	heroi_local
EPI_0949	COMIC	Prólogo — Dragão Desperto	event_0949	Em dragão desperto, ninguém conseguiu decidir se aquilo foi genialidade ou sorte. A história, porém, sobreviveu em risadas e canções.	mestre
EPI_0950	COMIC	Prólogo — Aranha Colossal	event_0950	Em aranha colossal, ninguém conseguiu decidir se aquilo foi genialidade ou sorte. A história, porém, sobreviveu em risadas e canções.	rei
EPI_0951	BITTERSWEET	Prólogo — Palácio Real	event_0951	palácio real foi salvo, mas não sem perdas. O Prólogo registra a vitória e o preço que veio junto.	aventureiro_lembrado
EPI_0952	TRAGIC	Prólogo — Aranha Colossal	event_0952	Você não conseguiu mudar o destino de aranha colossal. O Prólogo não apaga a derrota; ele registra quem você foi quando tudo desmoronou.	aventureiro_lembrado
EPI_0953	TRAGIC	Prólogo — Culto Das Sombras	event_0953	Você não conseguiu mudar o destino de culto das sombras. O Prólogo não apaga a derrota; ele registra quem você foi quando tudo desmoronou.	rei
EPI_0954	POLITICAL	Prólogo — Guilda Dos Aventureiros	event_0954	Depois de Guilda dos Aventureiros, sua reputação atravessou fronteiras e abriu portas para negociações que antes pareciam impossíveis.	mestre
EPI_0955	SCHOLARLY	Prólogo — Palácio Real	event_0955	Em palácio real, sua descoberta mudou o que estudiosos acreditavam saber.	mestre
EPI_0956	HEROIC	Prólogo — Palácio Real	event_0956	Quando a poeira baixou, os moradores de palácio real ainda repetiam seu nome. Você não apenas venceu: suas escolhas deram àquela gente uma chance de continuar.	amigo_do_povo
EPI_0957	ROMANTIC	Prólogo — Cidade Sitiada	event_0957	Depois de cidade sitiada, uma relação que você cultivou tornou-se parte inseparável da sua história.	sabio
EPI_0958	SCHOLARLY	Prólogo — Guilda Dos Aventureiros	event_0958	Em Guilda dos Aventureiros, sua descoberta mudou o que estudiosos acreditavam saber.	heroi_local
EPI_0959	HEROIC	Prólogo — Dungeon Ancestral	event_0959	Quando a poeira baixou, os moradores de dungeon ancestral ainda repetiam seu nome. Você não apenas venceu: suas escolhas deram àquela gente uma chance de continuar.	heroi_local
EPI_0960	SCHOLARLY	Prólogo — Palácio Real	event_0960	Em palácio real, sua descoberta mudou o que estudiosos acreditavam saber.	nome_controverso
EPI_0961	BITTERSWEET	Prólogo — Torneio Da Academia	event_0961	torneio da Academia foi salvo, mas não sem perdas. O Prólogo registra a vitória e o preço que veio junto.	amigo_do_povo
EPI_0962	COMIC	Prólogo — Culto Das Sombras	event_0962	Em culto das sombras, ninguém conseguiu decidir se aquilo foi genialidade ou sorte. A história, porém, sobreviveu em risadas e canções.	amigo_do_povo
EPI_0963	COMIC	Prólogo — Dragão Desperto	event_0963	Em dragão desperto, ninguém conseguiu decidir se aquilo foi genialidade ou sorte. A história, porém, sobreviveu em risadas e canções.	heroi_local
EPI_0964	TRAGIC	Prólogo — Cidade Sitiada	event_0964	Você não conseguiu mudar o destino de cidade sitiada. O Prólogo não apaga a derrota; ele registra quem você foi quando tudo desmoronou.	nome_controverso
EPI_0965	SCHOLARLY	Prólogo — Palácio Real	event_0965	Em palácio real, sua descoberta mudou o que estudiosos acreditavam saber.	sabio
EPI_0966	HEROIC	Prólogo — Cidade Sitiada	event_0966	Quando a poeira baixou, os moradores de cidade sitiada ainda repetiam seu nome. Você não apenas venceu: suas escolhas deram àquela gente uma chance de continuar.	nome_controverso
EPI_0967	POLITICAL	Prólogo — Palácio Real	event_0967	Depois de palácio real, sua reputação atravessou fronteiras e abriu portas para negociações que antes pareciam impossíveis.	rei
EPI_0968	SCHOLARLY	Prólogo — Guilda Dos Aventureiros	event_0968	Em Guilda dos Aventureiros, sua descoberta mudou o que estudiosos acreditavam saber.	nome_controverso
EPI_0969	POLITICAL	Prólogo — Dragão Desperto	event_0969	Depois de dragão desperto, sua reputação atravessou fronteiras e abriu portas para negociações que antes pareciam impossíveis.	aventureiro_lembrado
EPI_0970	SURVIVAL	Prólogo — Aranha Colossal	event_0970	Você saiu vivo de aranha colossal. Não houve glória imediata, apenas a certeza de que sua história ainda não terminara.	heroi_local
EPI_0971	HEROIC	Prólogo — Aldeia Fronteiriça	event_0971	Quando a poeira baixou, os moradores de aldeia fronteiriça ainda repetiam seu nome. Você não apenas venceu: suas escolhas deram àquela gente uma chance de continuar.	nome_controverso
EPI_0972	SCHOLARLY	Prólogo — Torneio Da Academia	event_0972	Em torneio da Academia, sua descoberta mudou o que estudiosos acreditavam saber.	rei
EPI_0973	ROMANTIC	Prólogo — Cidade Sitiada	event_0973	Depois de cidade sitiada, uma relação que você cultivou tornou-se parte inseparável da sua história.	nome_controverso
EPI_0974	COMIC	Prólogo — Culto Das Sombras	event_0974	Em culto das sombras, ninguém conseguiu decidir se aquilo foi genialidade ou sorte. A história, porém, sobreviveu em risadas e canções.	aventureiro_lembrado
EPI_0975	SCHOLARLY	Prólogo — Dragão Desperto	event_0975	Em dragão desperto, sua descoberta mudou o que estudiosos acreditavam saber.	heroi_local
EPI_0976	ROMANTIC	Prólogo — Aranha Colossal	event_0976	Depois de aranha colossal, uma relação que você cultivou tornou-se parte inseparável da sua história.	mestre
EPI_0977	BITTERSWEET	Prólogo — Aldeia Fronteiriça	event_0977	aldeia fronteiriça foi salvo, mas não sem perdas. O Prólogo registra a vitória e o preço que veio junto.	sobrevivente
EPI_0978	BITTERSWEET	Prólogo — Aranha Colossal	event_0978	aranha colossal foi salvo, mas não sem perdas. O Prólogo registra a vitória e o preço que veio junto.	nome_controverso
EPI_0979	POLITICAL	Prólogo — Dragão Desperto	event_0979	Depois de dragão desperto, sua reputação atravessou fronteiras e abriu portas para negociações que antes pareciam impossíveis.	heroi_local
EPI_0980	SURVIVAL	Prólogo — Culto Das Sombras	event_0980	Você saiu vivo de culto das sombras. Não houve glória imediata, apenas a certeza de que sua história ainda não terminara.	sabio
EPI_0981	ROMANTIC	Prólogo — Torneio Da Academia	event_0981	Depois de torneio da Academia, uma relação que você cultivou tornou-se parte inseparável da sua história.	aventureiro_lembrado
EPI_0982	ROMANTIC	Prólogo — Cidade Sitiada	event_0982	Depois de cidade sitiada, uma relação que você cultivou tornou-se parte inseparável da sua história.	amigo_do_povo
EPI_0983	TRAGIC	Prólogo — Dragão Desperto	event_0983	Você não conseguiu mudar o destino de dragão desperto. O Prólogo não apaga a derrota; ele registra quem você foi quando tudo desmoronou.	heroi_local
EPI_0984	HEROIC	Prólogo — Cidade Sitiada	event_0984	Quando a poeira baixou, os moradores de cidade sitiada ainda repetiam seu nome. Você não apenas venceu: suas escolhas deram àquela gente uma chance de continuar.	nome_controverso
EPI_0985	ROMANTIC	Prólogo — Dungeon Ancestral	event_0985	Depois de dungeon ancestral, uma relação que você cultivou tornou-se parte inseparável da sua história.	heroi_local
EPI_0986	SCHOLARLY	Prólogo — Aranha Colossal	event_0986	Em aranha colossal, sua descoberta mudou o que estudiosos acreditavam saber.	aventureiro_lembrado
EPI_0987	SURVIVAL	Prólogo — Aranha Colossal	event_0987	Você saiu vivo de aranha colossal. Não houve glória imediata, apenas a certeza de que sua história ainda não terminara.	rei
EPI_0988	POLITICAL	Prólogo — Dungeon Ancestral	event_0988	Depois de dungeon ancestral, sua reputação atravessou fronteiras e abriu portas para negociações que antes pareciam impossíveis.	amigo_do_povo
EPI_0989	SURVIVAL	Prólogo — Culto Das Sombras	event_0989	Você saiu vivo de culto das sombras. Não houve glória imediata, apenas a certeza de que sua história ainda não terminara.	aventureiro_lembrado
EPI_0990	TRAGIC	Prólogo — Grande Sábio	event_0990	Você não conseguiu mudar o destino de grande sábio. O Prólogo não apaga a derrota; ele registra quem você foi quando tudo desmoronou.	rei
EPI_0991	SURVIVAL	Prólogo — Guilda Dos Aventureiros	event_0991	Você saiu vivo de Guilda dos Aventureiros. Não houve glória imediata, apenas a certeza de que sua história ainda não terminara.	sobrevivente
EPI_0992	SCHOLARLY	Prólogo — Dungeon Ancestral	event_0992	Em dungeon ancestral, sua descoberta mudou o que estudiosos acreditavam saber.	mestre
EPI_0993	BITTERSWEET	Prólogo — Dungeon Ancestral	event_0993	dungeon ancestral foi salvo, mas não sem perdas. O Prólogo registra a vitória e o preço que veio junto.	nome_controverso
EPI_0994	SURVIVAL	Prólogo — Grande Sábio	event_0994	Você saiu vivo de grande sábio. Não houve glória imediata, apenas a certeza de que sua história ainda não terminara.	aventureiro_lembrado
EPI_0995	SCHOLARLY	Prólogo — Guilda Dos Aventureiros	event_0995	Em Guilda dos Aventureiros, sua descoberta mudou o que estudiosos acreditavam saber.	nome_controverso
EPI_0996	SURVIVAL	Prólogo — Palácio Real	event_0996	Você saiu vivo de palácio real. Não houve glória imediata, apenas a certeza de que sua história ainda não terminara.	heroi_local
EPI_0997	POLITICAL	Prólogo — Grande Sábio	event_0997	Depois de grande sábio, sua reputação atravessou fronteiras e abriu portas para negociações que antes pareciam impossíveis.	amigo_do_povo
EPI_0998	HEROIC	Prólogo — Culto Das Sombras	event_0998	Quando a poeira baixou, os moradores de culto das sombras ainda repetiam seu nome. Você não apenas venceu: suas escolhas deram àquela gente uma chance de continuar.	amigo_do_povo
EPI_0999	COMIC	Prólogo — Palácio Real	event_0999	Em palácio real, ninguém conseguiu decidir se aquilo foi genialidade ou sorte. A história, porém, sobreviveu em risadas e canções.	aventureiro_lembrado
EPI_1000	BITTERSWEET	Prólogo — Aldeia Fronteiriça	event_1000	aldeia fronteiriça foi salvo, mas não sem perdas. O Prólogo registra a vitória e o preço que veio junto.	nome_controverso
EPI_1001	TRAGIC	Prólogo — Culto Das Sombras	event_1001	Você não conseguiu mudar o destino de culto das sombras. O Prólogo não apaga a derrota; ele registra quem você foi quando tudo desmoronou.	mestre
EPI_1002	HEROIC	Prólogo — Palácio Real	event_1002	Quando a poeira baixou, os moradores de palácio real ainda repetiam seu nome. Você não apenas venceu: suas escolhas deram àquela gente uma chance de continuar.	rei
EPI_1003	BITTERSWEET	Prólogo — Culto Das Sombras	event_1003	culto das sombras foi salvo, mas não sem perdas. O Prólogo registra a vitória e o preço que veio junto.	amigo_do_povo
EPI_1004	SCHOLARLY	Prólogo — Dungeon Ancestral	event_1004	Em dungeon ancestral, sua descoberta mudou o que estudiosos acreditavam saber.	nome_controverso
EPI_1005	COMIC	Prólogo — Aldeia Fronteiriça	event_1005	Em aldeia fronteiriça, ninguém conseguiu decidir se aquilo foi genialidade ou sorte. A história, porém, sobreviveu em risadas e canções.	nome_controverso
EPI_1006	SCHOLARLY	Prólogo — Grande Sábio	event_1006	Em grande sábio, sua descoberta mudou o que estudiosos acreditavam saber.	heroi_local
EPI_1007	POLITICAL	Prólogo — Dragão Desperto	event_1007	Depois de dragão desperto, sua reputação atravessou fronteiras e abriu portas para negociações que antes pareciam impossíveis.	sobrevivente
EPI_1008	ROMANTIC	Prólogo — Culto Das Sombras	event_1008	Depois de culto das sombras, uma relação que você cultivou tornou-se parte inseparável da sua história.	heroi_local
EPI_1009	BITTERSWEET	Prólogo — Culto Das Sombras	event_1009	culto das sombras foi salvo, mas não sem perdas. O Prólogo registra a vitória e o preço que veio junto.	mestre
EPI_1010	POLITICAL	Prólogo — Torneio Da Academia	event_1010	Depois de torneio da Academia, sua reputação atravessou fronteiras e abriu portas para negociações que antes pareciam impossíveis.	sobrevivente
EPI_1011	HEROIC	Prólogo — Dragão Desperto	event_1011	Quando a poeira baixou, os moradores de dragão desperto ainda repetiam seu nome. Você não apenas venceu: suas escolhas deram àquela gente uma chance de continuar.	aventureiro_lembrado
EPI_1012	TRAGIC	Prólogo — Culto Das Sombras	event_1012	Você não conseguiu mudar o destino de culto das sombras. O Prólogo não apaga a derrota; ele registra quem você foi quando tudo desmoronou.	mestre
EPI_1013	BITTERSWEET	Prólogo — Grande Sábio	event_1013	grande sábio foi salvo, mas não sem perdas. O Prólogo registra a vitória e o preço que veio junto.	sabio
EPI_1014	SCHOLARLY	Prólogo — Aranha Colossal	event_1014	Em aranha colossal, sua descoberta mudou o que estudiosos acreditavam saber.	sobrevivente
EPI_1015	ROMANTIC	Prólogo — Dragão Desperto	event_1015	Depois de dragão desperto, uma relação que você cultivou tornou-se parte inseparável da sua história.	nome_controverso
EPI_1016	COMIC	Prólogo — Cidade Sitiada	event_1016	Em cidade sitiada, ninguém conseguiu decidir se aquilo foi genialidade ou sorte. A história, porém, sobreviveu em risadas e canções.	mestre
EPI_1017	BITTERSWEET	Prólogo — Aranha Colossal	event_1017	aranha colossal foi salvo, mas não sem perdas. O Prólogo registra a vitória e o preço que veio junto.	rei
EPI_1018	POLITICAL	Prólogo — Palácio Real	event_1018	Depois de palácio real, sua reputação atravessou fronteiras e abriu portas para negociações que antes pareciam impossíveis.	rei
EPI_1019	BITTERSWEET	Prólogo — Grande Sábio	event_1019	grande sábio foi salvo, mas não sem perdas. O Prólogo registra a vitória e o preço que veio junto.	heroi_local
EPI_1020	SCHOLARLY	Prólogo — Aldeia Fronteiriça	event_1020	Em aldeia fronteiriça, sua descoberta mudou o que estudiosos acreditavam saber.	sabio
EPI_1021	BITTERSWEET	Prólogo — Palácio Real	event_1021	palácio real foi salvo, mas não sem perdas. O Prólogo registra a vitória e o preço que veio junto.	heroi_local
EPI_1022	POLITICAL	Prólogo — Cidade Sitiada	event_1022	Depois de cidade sitiada, sua reputação atravessou fronteiras e abriu portas para negociações que antes pareciam impossíveis.	rei
EPI_1023	SCHOLARLY	Prólogo — Grande Sábio	event_1023	Em grande sábio, sua descoberta mudou o que estudiosos acreditavam saber.	aventureiro_lembrado
EPI_1024	TRAGIC	Prólogo — Cidade Sitiada	event_1024	Você não conseguiu mudar o destino de cidade sitiada. O Prólogo não apaga a derrota; ele registra quem você foi quando tudo desmoronou.	amigo_do_povo
EPI_1025	POLITICAL	Prólogo — Dragão Desperto	event_1025	Depois de dragão desperto, sua reputação atravessou fronteiras e abriu portas para negociações que antes pareciam impossíveis.	mestre
EPI_1026	TRAGIC	Prólogo — Cidade Sitiada	event_1026	Você não conseguiu mudar o destino de cidade sitiada. O Prólogo não apaga a derrota; ele registra quem você foi quando tudo desmoronou.	amigo_do_povo
EPI_1027	TRAGIC	Prólogo — Grande Sábio	event_1027	Você não conseguiu mudar o destino de grande sábio. O Prólogo não apaga a derrota; ele registra quem você foi quando tudo desmoronou.	rei
EPI_1028	BITTERSWEET	Prólogo — Guilda Dos Aventureiros	event_1028	Guilda dos Aventureiros foi salvo, mas não sem perdas. O Prólogo registra a vitória e o preço que veio junto.	mestre
EPI_1029	POLITICAL	Prólogo — Dragão Desperto	event_1029	Depois de dragão desperto, sua reputação atravessou fronteiras e abriu portas para negociações que antes pareciam impossíveis.	heroi_local
EPI_1030	ROMANTIC	Prólogo — Aranha Colossal	event_1030	Depois de aranha colossal, uma relação que você cultivou tornou-se parte inseparável da sua história.	aventureiro_lembrado
EPI_1031	BITTERSWEET	Prólogo — Aranha Colossal	event_1031	aranha colossal foi salvo, mas não sem perdas. O Prólogo registra a vitória e o preço que veio junto.	rei
EPI_1032	BITTERSWEET	Prólogo — Culto Das Sombras	event_1032	culto das sombras foi salvo, mas não sem perdas. O Prólogo registra a vitória e o preço que veio junto.	mestre
EPI_1033	POLITICAL	Prólogo — Cidade Sitiada	event_1033	Depois de cidade sitiada, sua reputação atravessou fronteiras e abriu portas para negociações que antes pareciam impossíveis.	mestre
EPI_1034	SURVIVAL	Prólogo — Culto Das Sombras	event_1034	Você saiu vivo de culto das sombras. Não houve glória imediata, apenas a certeza de que sua história ainda não terminara.	sobrevivente
EPI_1035	POLITICAL	Prólogo — Dragão Desperto	event_1035	Depois de dragão desperto, sua reputação atravessou fronteiras e abriu portas para negociações que antes pareciam impossíveis.	mestre
EPI_1036	POLITICAL	Prólogo — Palácio Real	event_1036	Depois de palácio real, sua reputação atravessou fronteiras e abriu portas para negociações que antes pareciam impossíveis.	sabio
EPI_1037	ROMANTIC	Prólogo — Dungeon Ancestral	event_1037	Depois de dungeon ancestral, uma relação que você cultivou tornou-se parte inseparável da sua história.	sabio
EPI_1038	HEROIC	Prólogo — Aranha Colossal	event_1038	Quando a poeira baixou, os moradores de aranha colossal ainda repetiam seu nome. Você não apenas venceu: suas escolhas deram àquela gente uma chance de continuar.	sobrevivente
EPI_1039	TRAGIC	Prólogo — Aranha Colossal	event_1039	Você não conseguiu mudar o destino de aranha colossal. O Prólogo não apaga a derrota; ele registra quem você foi quando tudo desmoronou.	amigo_do_povo
EPI_1040	COMIC	Prólogo — Aldeia Fronteiriça	event_1040	Em aldeia fronteiriça, ninguém conseguiu decidir se aquilo foi genialidade ou sorte. A história, porém, sobreviveu em risadas e canções.	sobrevivente
EPI_1041	BITTERSWEET	Prólogo — Torneio Da Academia	event_1041	torneio da Academia foi salvo, mas não sem perdas. O Prólogo registra a vitória e o preço que veio junto.	sobrevivente
EPI_1042	BITTERSWEET	Prólogo — Guilda Dos Aventureiros	event_1042	Guilda dos Aventureiros foi salvo, mas não sem perdas. O Prólogo registra a vitória e o preço que veio junto.	aventureiro_lembrado
EPI_1043	SURVIVAL	Prólogo — Culto Das Sombras	event_1043	Você saiu vivo de culto das sombras. Não houve glória imediata, apenas a certeza de que sua história ainda não terminara.	mestre
EPI_1044	POLITICAL	Prólogo — Aldeia Fronteiriça	event_1044	Depois de aldeia fronteiriça, sua reputação atravessou fronteiras e abriu portas para negociações que antes pareciam impossíveis.	mestre
EPI_1045	COMIC	Prólogo — Palácio Real	event_1045	Em palácio real, ninguém conseguiu decidir se aquilo foi genialidade ou sorte. A história, porém, sobreviveu em risadas e canções.	amigo_do_povo
EPI_1046	SURVIVAL	Prólogo — Aldeia Fronteiriça	event_1046	Você saiu vivo de aldeia fronteiriça. Não houve glória imediata, apenas a certeza de que sua história ainda não terminara.	aventureiro_lembrado
EPI_1047	TRAGIC	Prólogo — Guilda Dos Aventureiros	event_1047	Você não conseguiu mudar o destino de Guilda dos Aventureiros. O Prólogo não apaga a derrota; ele registra quem você foi quando tudo desmoronou.	mestre
EPI_1048	POLITICAL	Prólogo — Culto Das Sombras	event_1048	Depois de culto das sombras, sua reputação atravessou fronteiras e abriu portas para negociações que antes pareciam impossíveis.	amigo_do_povo
EPI_1049	ROMANTIC	Prólogo — Dragão Desperto	event_1049	Depois de dragão desperto, uma relação que você cultivou tornou-se parte inseparável da sua história.	mestre
EPI_1050	SCHOLARLY	Prólogo — Dungeon Ancestral	event_1050	Em dungeon ancestral, sua descoberta mudou o que estudiosos acreditavam saber.	nome_controverso
EPI_1051	HEROIC	Prólogo — Guilda Dos Aventureiros	event_1051	Quando a poeira baixou, os moradores de Guilda dos Aventureiros ainda repetiam seu nome. Você não apenas venceu: suas escolhas deram àquela gente uma chance de continuar.	aventureiro_lembrado
EPI_1052	HEROIC	Prólogo — Grande Sábio	event_1052	Quando a poeira baixou, os moradores de grande sábio ainda repetiam seu nome. Você não apenas venceu: suas escolhas deram àquela gente uma chance de continuar.	sabio
EPI_1053	BITTERSWEET	Prólogo — Torneio Da Academia	event_1053	torneio da Academia foi salvo, mas não sem perdas. O Prólogo registra a vitória e o preço que veio junto.	rei
EPI_1054	SURVIVAL	Prólogo — Cidade Sitiada	event_1054	Você saiu vivo de cidade sitiada. Não houve glória imediata, apenas a certeza de que sua história ainda não terminara.	mestre
EPI_1055	BITTERSWEET	Prólogo — Dragão Desperto	event_1055	dragão desperto foi salvo, mas não sem perdas. O Prólogo registra a vitória e o preço que veio junto.	nome_controverso
EPI_1056	ROMANTIC	Prólogo — Aldeia Fronteiriça	event_1056	Depois de aldeia fronteiriça, uma relação que você cultivou tornou-se parte inseparável da sua história.	mestre
EPI_1057	POLITICAL	Prólogo — Dragão Desperto	event_1057	Depois de dragão desperto, sua reputação atravessou fronteiras e abriu portas para negociações que antes pareciam impossíveis.	amigo_do_povo
EPI_1058	TRAGIC	Prólogo — Guilda Dos Aventureiros	event_1058	Você não conseguiu mudar o destino de Guilda dos Aventureiros. O Prólogo não apaga a derrota; ele registra quem você foi quando tudo desmoronou.	heroi_local
EPI_1059	SCHOLARLY	Prólogo — Cidade Sitiada	event_1059	Em cidade sitiada, sua descoberta mudou o que estudiosos acreditavam saber.	aventureiro_lembrado
EPI_1060	SURVIVAL	Prólogo — Grande Sábio	event_1060	Você saiu vivo de grande sábio. Não houve glória imediata, apenas a certeza de que sua história ainda não terminara.	aventureiro_lembrado
EPI_1061	BITTERSWEET	Prólogo — Aldeia Fronteiriça	event_1061	aldeia fronteiriça foi salvo, mas não sem perdas. O Prólogo registra a vitória e o preço que veio junto.	nome_controverso
EPI_1062	ROMANTIC	Prólogo — Aranha Colossal	event_1062	Depois de aranha colossal, uma relação que você cultivou tornou-se parte inseparável da sua história.	sobrevivente
EPI_1063	HEROIC	Prólogo — Dragão Desperto	event_1063	Quando a poeira baixou, os moradores de dragão desperto ainda repetiam seu nome. Você não apenas venceu: suas escolhas deram àquela gente uma chance de continuar.	nome_controverso
EPI_1064	BITTERSWEET	Prólogo — Culto Das Sombras	event_1064	culto das sombras foi salvo, mas não sem perdas. O Prólogo registra a vitória e o preço que veio junto.	nome_controverso
EPI_1065	BITTERSWEET	Prólogo — Culto Das Sombras	event_1065	culto das sombras foi salvo, mas não sem perdas. O Prólogo registra a vitória e o preço que veio junto.	heroi_local
EPI_1066	COMIC	Prólogo — Dragão Desperto	event_1066	Em dragão desperto, ninguém conseguiu decidir se aquilo foi genialidade ou sorte. A história, porém, sobreviveu em risadas e canções.	sobrevivente
EPI_1067	TRAGIC	Prólogo — Torneio Da Academia	event_1067	Você não conseguiu mudar o destino de torneio da Academia. O Prólogo não apaga a derrota; ele registra quem você foi quando tudo desmoronou.	amigo_do_povo
EPI_1068	ROMANTIC	Prólogo — Aranha Colossal	event_1068	Depois de aranha colossal, uma relação que você cultivou tornou-se parte inseparável da sua história.	heroi_local
EPI_1069	COMIC	Prólogo — Dragão Desperto	event_1069	Em dragão desperto, ninguém conseguiu decidir se aquilo foi genialidade ou sorte. A história, porém, sobreviveu em risadas e canções.	aventureiro_lembrado
EPI_1070	TRAGIC	Prólogo — Dungeon Ancestral	event_1070	Você não conseguiu mudar o destino de dungeon ancestral. O Prólogo não apaga a derrota; ele registra quem você foi quando tudo desmoronou.	mestre
EPI_1071	HEROIC	Prólogo — Dragão Desperto	event_1071	Quando a poeira baixou, os moradores de dragão desperto ainda repetiam seu nome. Você não apenas venceu: suas escolhas deram àquela gente uma chance de continuar.	amigo_do_povo
EPI_1072	BITTERSWEET	Prólogo — Cidade Sitiada	event_1072	cidade sitiada foi salvo, mas não sem perdas. O Prólogo registra a vitória e o preço que veio junto.	rei
EPI_1073	TRAGIC	Prólogo — Dragão Desperto	event_1073	Você não conseguiu mudar o destino de dragão desperto. O Prólogo não apaga a derrota; ele registra quem você foi quando tudo desmoronou.	nome_controverso
EPI_1074	ROMANTIC	Prólogo — Dungeon Ancestral	event_1074	Depois de dungeon ancestral, uma relação que você cultivou tornou-se parte inseparável da sua história.	mestre
EPI_1075	SCHOLARLY	Prólogo — Grande Sábio	event_1075	Em grande sábio, sua descoberta mudou o que estudiosos acreditavam saber.	rei
EPI_1076	ROMANTIC	Prólogo — Dragão Desperto	event_1076	Depois de dragão desperto, uma relação que você cultivou tornou-se parte inseparável da sua história.	amigo_do_povo
EPI_1077	HEROIC	Prólogo — Dragão Desperto	event_1077	Quando a poeira baixou, os moradores de dragão desperto ainda repetiam seu nome. Você não apenas venceu: suas escolhas deram àquela gente uma chance de continuar.	mestre
EPI_1078	POLITICAL	Prólogo — Guilda Dos Aventureiros	event_1078	Depois de Guilda dos Aventureiros, sua reputação atravessou fronteiras e abriu portas para negociações que antes pareciam impossíveis.	amigo_do_povo
EPI_1079	HEROIC	Prólogo — Palácio Real	event_1079	Quando a poeira baixou, os moradores de palácio real ainda repetiam seu nome. Você não apenas venceu: suas escolhas deram àquela gente uma chance de continuar.	mestre
EPI_1080	SCHOLARLY	Prólogo — Guilda Dos Aventureiros	event_1080	Em Guilda dos Aventureiros, sua descoberta mudou o que estudiosos acreditavam saber.	amigo_do_povo
EPI_1081	SURVIVAL	Prólogo — Torneio Da Academia	event_1081	Você saiu vivo de torneio da Academia. Não houve glória imediata, apenas a certeza de que sua história ainda não terminara.	sobrevivente
EPI_1082	SURVIVAL	Prólogo — Torneio Da Academia	event_1082	Você saiu vivo de torneio da Academia. Não houve glória imediata, apenas a certeza de que sua história ainda não terminara.	mestre
EPI_1083	POLITICAL	Prólogo — Aldeia Fronteiriça	event_1083	Depois de aldeia fronteiriça, sua reputação atravessou fronteiras e abriu portas para negociações que antes pareciam impossíveis.	amigo_do_povo
EPI_1084	SCHOLARLY	Prólogo — Dragão Desperto	event_1084	Em dragão desperto, sua descoberta mudou o que estudiosos acreditavam saber.	heroi_local
EPI_1085	COMIC	Prólogo — Culto Das Sombras	event_1085	Em culto das sombras, ninguém conseguiu decidir se aquilo foi genialidade ou sorte. A história, porém, sobreviveu em risadas e canções.	aventureiro_lembrado
EPI_1086	POLITICAL	Prólogo — Dragão Desperto	event_1086	Depois de dragão desperto, sua reputação atravessou fronteiras e abriu portas para negociações que antes pareciam impossíveis.	sobrevivente
EPI_1087	SCHOLARLY	Prólogo — Dragão Desperto	event_1087	Em dragão desperto, sua descoberta mudou o que estudiosos acreditavam saber.	nome_controverso
EPI_1088	BITTERSWEET	Prólogo — Palácio Real	event_1088	palácio real foi salvo, mas não sem perdas. O Prólogo registra a vitória e o preço que veio junto.	mestre
EPI_1089	SCHOLARLY	Prólogo — Grande Sábio	event_1089	Em grande sábio, sua descoberta mudou o que estudiosos acreditavam saber.	sabio
EPI_1090	POLITICAL	Prólogo — Cidade Sitiada	event_1090	Depois de cidade sitiada, sua reputação atravessou fronteiras e abriu portas para negociações que antes pareciam impossíveis.	heroi_local
EPI_1091	BITTERSWEET	Prólogo — Cidade Sitiada	event_1091	cidade sitiada foi salvo, mas não sem perdas. O Prólogo registra a vitória e o preço que veio junto.	mestre
EPI_1092	BITTERSWEET	Prólogo — Dragão Desperto	event_1092	dragão desperto foi salvo, mas não sem perdas. O Prólogo registra a vitória e o preço que veio junto.	mestre
EPI_1093	ROMANTIC	Prólogo — Cidade Sitiada	event_1093	Depois de cidade sitiada, uma relação que você cultivou tornou-se parte inseparável da sua história.	sobrevivente
EPI_1094	SCHOLARLY	Prólogo — Dragão Desperto	event_1094	Em dragão desperto, sua descoberta mudou o que estudiosos acreditavam saber.	sabio
EPI_1095	POLITICAL	Prólogo — Palácio Real	event_1095	Depois de palácio real, sua reputação atravessou fronteiras e abriu portas para negociações que antes pareciam impossíveis.	aventureiro_lembrado
EPI_1096	BITTERSWEET	Prólogo — Palácio Real	event_1096	palácio real foi salvo, mas não sem perdas. O Prólogo registra a vitória e o preço que veio junto.	aventureiro_lembrado
EPI_1097	ROMANTIC	Prólogo — Palácio Real	event_1097	Depois de palácio real, uma relação que você cultivou tornou-se parte inseparável da sua história.	sobrevivente
EPI_1098	TRAGIC	Prólogo — Grande Sábio	event_1098	Você não conseguiu mudar o destino de grande sábio. O Prólogo não apaga a derrota; ele registra quem você foi quando tudo desmoronou.	aventureiro_lembrado
EPI_1099	POLITICAL	Prólogo — Dungeon Ancestral	event_1099	Depois de dungeon ancestral, sua reputação atravessou fronteiras e abriu portas para negociações que antes pareciam impossíveis.	aventureiro_lembrado
EPI_1100	ROMANTIC	Prólogo — Dragão Desperto	event_1100	Depois de dragão desperto, uma relação que você cultivou tornou-se parte inseparável da sua história.	sobrevivente
EPI_1101	HEROIC	Prólogo — Culto Das Sombras	event_1101	Quando a poeira baixou, os moradores de culto das sombras ainda repetiam seu nome. Você não apenas venceu: suas escolhas deram àquela gente uma chance de continuar.	nome_controverso
EPI_1102	COMIC	Prólogo — Guilda Dos Aventureiros	event_1102	Em Guilda dos Aventureiros, ninguém conseguiu decidir se aquilo foi genialidade ou sorte. A história, porém, sobreviveu em risadas e canções.	mestre
EPI_1103	TRAGIC	Prólogo — Palácio Real	event_1103	Você não conseguiu mudar o destino de palácio real. O Prólogo não apaga a derrota; ele registra quem você foi quando tudo desmoronou.	amigo_do_povo
EPI_1104	POLITICAL	Prólogo — Dragão Desperto	event_1104	Depois de dragão desperto, sua reputação atravessou fronteiras e abriu portas para negociações que antes pareciam impossíveis.	heroi_local
EPI_1105	SURVIVAL	Prólogo — Culto Das Sombras	event_1105	Você saiu vivo de culto das sombras. Não houve glória imediata, apenas a certeza de que sua história ainda não terminara.	nome_controverso
EPI_1106	ROMANTIC	Prólogo — Torneio Da Academia	event_1106	Depois de torneio da Academia, uma relação que você cultivou tornou-se parte inseparável da sua história.	sabio
EPI_1107	SCHOLARLY	Prólogo — Grande Sábio	event_1107	Em grande sábio, sua descoberta mudou o que estudiosos acreditavam saber.	rei
EPI_1108	TRAGIC	Prólogo — Grande Sábio	event_1108	Você não conseguiu mudar o destino de grande sábio. O Prólogo não apaga a derrota; ele registra quem você foi quando tudo desmoronou.	nome_controverso
EPI_1109	ROMANTIC	Prólogo — Cidade Sitiada	event_1109	Depois de cidade sitiada, uma relação que você cultivou tornou-se parte inseparável da sua história.	heroi_local
EPI_1110	TRAGIC	Prólogo — Grande Sábio	event_1110	Você não conseguiu mudar o destino de grande sábio. O Prólogo não apaga a derrota; ele registra quem você foi quando tudo desmoronou.	nome_controverso
EPI_1111	SURVIVAL	Prólogo — Grande Sábio	event_1111	Você saiu vivo de grande sábio. Não houve glória imediata, apenas a certeza de que sua história ainda não terminara.	heroi_local
EPI_1112	TRAGIC	Prólogo — Aranha Colossal	event_1112	Você não conseguiu mudar o destino de aranha colossal. O Prólogo não apaga a derrota; ele registra quem você foi quando tudo desmoronou.	sobrevivente
EPI_1113	SURVIVAL	Prólogo — Cidade Sitiada	event_1113	Você saiu vivo de cidade sitiada. Não houve glória imediata, apenas a certeza de que sua história ainda não terminara.	mestre
EPI_1114	COMIC	Prólogo — Grande Sábio	event_1114	Em grande sábio, ninguém conseguiu decidir se aquilo foi genialidade ou sorte. A história, porém, sobreviveu em risadas e canções.	mestre
EPI_1115	HEROIC	Prólogo — Cidade Sitiada	event_1115	Quando a poeira baixou, os moradores de cidade sitiada ainda repetiam seu nome. Você não apenas venceu: suas escolhas deram àquela gente uma chance de continuar.	rei
EPI_1116	ROMANTIC	Prólogo — Palácio Real	event_1116	Depois de palácio real, uma relação que você cultivou tornou-se parte inseparável da sua história.	sabio
EPI_1117	SCHOLARLY	Prólogo — Guilda Dos Aventureiros	event_1117	Em Guilda dos Aventureiros, sua descoberta mudou o que estudiosos acreditavam saber.	nome_controverso
EPI_1118	ROMANTIC	Prólogo — Dungeon Ancestral	event_1118	Depois de dungeon ancestral, uma relação que você cultivou tornou-se parte inseparável da sua história.	mestre
EPI_1119	SURVIVAL	Prólogo — Cidade Sitiada	event_1119	Você saiu vivo de cidade sitiada. Não houve glória imediata, apenas a certeza de que sua história ainda não terminara.	sobrevivente
EPI_1120	BITTERSWEET	Prólogo — Aldeia Fronteiriça	event_1120	aldeia fronteiriça foi salvo, mas não sem perdas. O Prólogo registra a vitória e o preço que veio junto.	amigo_do_povo
EPI_1121	COMIC	Prólogo — Aldeia Fronteiriça	event_1121	Em aldeia fronteiriça, ninguém conseguiu decidir se aquilo foi genialidade ou sorte. A história, porém, sobreviveu em risadas e canções.	sobrevivente
EPI_1122	SURVIVAL	Prólogo — Torneio Da Academia	event_1122	Você saiu vivo de torneio da Academia. Não houve glória imediata, apenas a certeza de que sua história ainda não terminara.	sabio
EPI_1123	HEROIC	Prólogo — Aranha Colossal	event_1123	Quando a poeira baixou, os moradores de aranha colossal ainda repetiam seu nome. Você não apenas venceu: suas escolhas deram àquela gente uma chance de continuar.	rei
EPI_1124	COMIC	Prólogo — Aldeia Fronteiriça	event_1124	Em aldeia fronteiriça, ninguém conseguiu decidir se aquilo foi genialidade ou sorte. A história, porém, sobreviveu em risadas e canções.	rei
EPI_1125	BITTERSWEET	Prólogo — Aranha Colossal	event_1125	aranha colossal foi salvo, mas não sem perdas. O Prólogo registra a vitória e o preço que veio junto.	amigo_do_povo
EPI_1126	POLITICAL	Prólogo — Dragão Desperto	event_1126	Depois de dragão desperto, sua reputação atravessou fronteiras e abriu portas para negociações que antes pareciam impossíveis.	amigo_do_povo
EPI_1127	TRAGIC	Prólogo — Grande Sábio	event_1127	Você não conseguiu mudar o destino de grande sábio. O Prólogo não apaga a derrota; ele registra quem você foi quando tudo desmoronou.	nome_controverso
EPI_1128	ROMANTIC	Prólogo — Aranha Colossal	event_1128	Depois de aranha colossal, uma relação que você cultivou tornou-se parte inseparável da sua história.	amigo_do_povo
EPI_1129	SURVIVAL	Prólogo — Cidade Sitiada	event_1129	Você saiu vivo de cidade sitiada. Não houve glória imediata, apenas a certeza de que sua história ainda não terminara.	rei
EPI_1130	BITTERSWEET	Prólogo — Torneio Da Academia	event_1130	torneio da Academia foi salvo, mas não sem perdas. O Prólogo registra a vitória e o preço que veio junto.	aventureiro_lembrado
EPI_1131	POLITICAL	Prólogo — Aldeia Fronteiriça	event_1131	Depois de aldeia fronteiriça, sua reputação atravessou fronteiras e abriu portas para negociações que antes pareciam impossíveis.	nome_controverso
EPI_1132	BITTERSWEET	Prólogo — Dragão Desperto	event_1132	dragão desperto foi salvo, mas não sem perdas. O Prólogo registra a vitória e o preço que veio junto.	sabio
EPI_1133	SURVIVAL	Prólogo — Guilda Dos Aventureiros	event_1133	Você saiu vivo de Guilda dos Aventureiros. Não houve glória imediata, apenas a certeza de que sua história ainda não terminara.	sabio
EPI_1134	TRAGIC	Prólogo — Palácio Real	event_1134	Você não conseguiu mudar o destino de palácio real. O Prólogo não apaga a derrota; ele registra quem você foi quando tudo desmoronou.	sabio
EPI_1135	ROMANTIC	Prólogo — Aranha Colossal	event_1135	Depois de aranha colossal, uma relação que você cultivou tornou-se parte inseparável da sua história.	rei
EPI_1136	BITTERSWEET	Prólogo — Torneio Da Academia	event_1136	torneio da Academia foi salvo, mas não sem perdas. O Prólogo registra a vitória e o preço que veio junto.	aventureiro_lembrado
EPI_1137	SURVIVAL	Prólogo — Dungeon Ancestral	event_1137	Você saiu vivo de dungeon ancestral. Não houve glória imediata, apenas a certeza de que sua história ainda não terminara.	sobrevivente
EPI_1138	HEROIC	Prólogo — Dungeon Ancestral	event_1138	Quando a poeira baixou, os moradores de dungeon ancestral ainda repetiam seu nome. Você não apenas venceu: suas escolhas deram àquela gente uma chance de continuar.	mestre
EPI_1139	BITTERSWEET	Prólogo — Aranha Colossal	event_1139	aranha colossal foi salvo, mas não sem perdas. O Prólogo registra a vitória e o preço que veio junto.	amigo_do_povo
EPI_1140	POLITICAL	Prólogo — Guilda Dos Aventureiros	event_1140	Depois de Guilda dos Aventureiros, sua reputação atravessou fronteiras e abriu portas para negociações que antes pareciam impossíveis.	nome_controverso
EPI_1141	BITTERSWEET	Prólogo — Guilda Dos Aventureiros	event_1141	Guilda dos Aventureiros foi salvo, mas não sem perdas. O Prólogo registra a vitória e o preço que veio junto.	amigo_do_povo
EPI_1142	BITTERSWEET	Prólogo — Dragão Desperto	event_1142	dragão desperto foi salvo, mas não sem perdas. O Prólogo registra a vitória e o preço que veio junto.	heroi_local
EPI_1143	ROMANTIC	Prólogo — Culto Das Sombras	event_1143	Depois de culto das sombras, uma relação que você cultivou tornou-se parte inseparável da sua história.	sobrevivente
EPI_1144	COMIC	Prólogo — Dungeon Ancestral	event_1144	Em dungeon ancestral, ninguém conseguiu decidir se aquilo foi genialidade ou sorte. A história, porém, sobreviveu em risadas e canções.	mestre
EPI_1145	SURVIVAL	Prólogo — Dragão Desperto	event_1145	Você saiu vivo de dragão desperto. Não houve glória imediata, apenas a certeza de que sua história ainda não terminara.	heroi_local
EPI_1146	TRAGIC	Prólogo — Dragão Desperto	event_1146	Você não conseguiu mudar o destino de dragão desperto. O Prólogo não apaga a derrota; ele registra quem você foi quando tudo desmoronou.	sabio
EPI_1147	POLITICAL	Prólogo — Aranha Colossal	event_1147	Depois de aranha colossal, sua reputação atravessou fronteiras e abriu portas para negociações que antes pareciam impossíveis.	amigo_do_povo
EPI_1148	SCHOLARLY	Prólogo — Aldeia Fronteiriça	event_1148	Em aldeia fronteiriça, sua descoberta mudou o que estudiosos acreditavam saber.	sabio
EPI_1149	BITTERSWEET	Prólogo — Dungeon Ancestral	event_1149	dungeon ancestral foi salvo, mas não sem perdas. O Prólogo registra a vitória e o preço que veio junto.	aventureiro_lembrado
EPI_1150	BITTERSWEET	Prólogo — Dragão Desperto	event_1150	dragão desperto foi salvo, mas não sem perdas. O Prólogo registra a vitória e o preço que veio junto.	rei
EPI_1151	SURVIVAL	Prólogo — Cidade Sitiada	event_1151	Você saiu vivo de cidade sitiada. Não houve glória imediata, apenas a certeza de que sua história ainda não terminara.	rei
EPI_1152	COMIC	Prólogo — Culto Das Sombras	event_1152	Em culto das sombras, ninguém conseguiu decidir se aquilo foi genialidade ou sorte. A história, porém, sobreviveu em risadas e canções.	nome_controverso
EPI_1153	SURVIVAL	Prólogo — Dragão Desperto	event_1153	Você saiu vivo de dragão desperto. Não houve glória imediata, apenas a certeza de que sua história ainda não terminara.	rei
EPI_1154	BITTERSWEET	Prólogo — Palácio Real	event_1154	palácio real foi salvo, mas não sem perdas. O Prólogo registra a vitória e o preço que veio junto.	aventureiro_lembrado
EPI_1155	COMIC	Prólogo — Cidade Sitiada	event_1155	Em cidade sitiada, ninguém conseguiu decidir se aquilo foi genialidade ou sorte. A história, porém, sobreviveu em risadas e canções.	sabio
EPI_1156	POLITICAL	Prólogo — Dungeon Ancestral	event_1156	Depois de dungeon ancestral, sua reputação atravessou fronteiras e abriu portas para negociações que antes pareciam impossíveis.	sabio
EPI_1157	HEROIC	Prólogo — Guilda Dos Aventureiros	event_1157	Quando a poeira baixou, os moradores de Guilda dos Aventureiros ainda repetiam seu nome. Você não apenas venceu: suas escolhas deram àquela gente uma chance de continuar.	nome_controverso
EPI_1158	SURVIVAL	Prólogo — Dungeon Ancestral	event_1158	Você saiu vivo de dungeon ancestral. Não houve glória imediata, apenas a certeza de que sua história ainda não terminara.	rei
EPI_1159	HEROIC	Prólogo — Grande Sábio	event_1159	Quando a poeira baixou, os moradores de grande sábio ainda repetiam seu nome. Você não apenas venceu: suas escolhas deram àquela gente uma chance de continuar.	sobrevivente
EPI_1160	BITTERSWEET	Prólogo — Aranha Colossal	event_1160	aranha colossal foi salvo, mas não sem perdas. O Prólogo registra a vitória e o preço que veio junto.	mestre
EPI_1161	COMIC	Prólogo — Palácio Real	event_1161	Em palácio real, ninguém conseguiu decidir se aquilo foi genialidade ou sorte. A história, porém, sobreviveu em risadas e canções.	aventureiro_lembrado
EPI_1162	HEROIC	Prólogo — Aldeia Fronteiriça	event_1162	Quando a poeira baixou, os moradores de aldeia fronteiriça ainda repetiam seu nome. Você não apenas venceu: suas escolhas deram àquela gente uma chance de continuar.	sobrevivente
EPI_1163	BITTERSWEET	Prólogo — Guilda Dos Aventureiros	event_1163	Guilda dos Aventureiros foi salvo, mas não sem perdas. O Prólogo registra a vitória e o preço que veio junto.	sobrevivente
EPI_1164	ROMANTIC	Prólogo — Dragão Desperto	event_1164	Depois de dragão desperto, uma relação que você cultivou tornou-se parte inseparável da sua história.	sobrevivente
EPI_1165	SCHOLARLY	Prólogo — Culto Das Sombras	event_1165	Em culto das sombras, sua descoberta mudou o que estudiosos acreditavam saber.	sobrevivente
EPI_1166	BITTERSWEET	Prólogo — Palácio Real	event_1166	palácio real foi salvo, mas não sem perdas. O Prólogo registra a vitória e o preço que veio junto.	sobrevivente
EPI_1167	COMIC	Prólogo — Dragão Desperto	event_1167	Em dragão desperto, ninguém conseguiu decidir se aquilo foi genialidade ou sorte. A história, porém, sobreviveu em risadas e canções.	mestre
EPI_1168	HEROIC	Prólogo — Dungeon Ancestral	event_1168	Quando a poeira baixou, os moradores de dungeon ancestral ainda repetiam seu nome. Você não apenas venceu: suas escolhas deram àquela gente uma chance de continuar.	aventureiro_lembrado
EPI_1169	SURVIVAL	Prólogo — Guilda Dos Aventureiros	event_1169	Você saiu vivo de Guilda dos Aventureiros. Não houve glória imediata, apenas a certeza de que sua história ainda não terminara.	aventureiro_lembrado
EPI_1170	POLITICAL	Prólogo — Culto Das Sombras	event_1170	Depois de culto das sombras, sua reputação atravessou fronteiras e abriu portas para negociações que antes pareciam impossíveis.	amigo_do_povo
EPI_1171	TRAGIC	Prólogo — Dungeon Ancestral	event_1171	Você não conseguiu mudar o destino de dungeon ancestral. O Prólogo não apaga a derrota; ele registra quem você foi quando tudo desmoronou.	rei
EPI_1172	SURVIVAL	Prólogo — Grande Sábio	event_1172	Você saiu vivo de grande sábio. Não houve glória imediata, apenas a certeza de que sua história ainda não terminara.	sabio
EPI_1173	ROMANTIC	Prólogo — Aranha Colossal	event_1173	Depois de aranha colossal, uma relação que você cultivou tornou-se parte inseparável da sua história.	sobrevivente
EPI_1174	POLITICAL	Prólogo — Guilda Dos Aventureiros	event_1174	Depois de Guilda dos Aventureiros, sua reputação atravessou fronteiras e abriu portas para negociações que antes pareciam impossíveis.	amigo_do_povo
EPI_1175	HEROIC	Prólogo — Aranha Colossal	event_1175	Quando a poeira baixou, os moradores de aranha colossal ainda repetiam seu nome. Você não apenas venceu: suas escolhas deram àquela gente uma chance de continuar.	heroi_local
EPI_1176	BITTERSWEET	Prólogo — Palácio Real	event_1176	palácio real foi salvo, mas não sem perdas. O Prólogo registra a vitória e o preço que veio junto.	sobrevivente
EPI_1177	HEROIC	Prólogo — Palácio Real	event_1177	Quando a poeira baixou, os moradores de palácio real ainda repetiam seu nome. Você não apenas venceu: suas escolhas deram àquela gente uma chance de continuar.	rei
EPI_1178	COMIC	Prólogo — Culto Das Sombras	event_1178	Em culto das sombras, ninguém conseguiu decidir se aquilo foi genialidade ou sorte. A história, porém, sobreviveu em risadas e canções.	sabio
EPI_1179	SURVIVAL	Prólogo — Palácio Real	event_1179	Você saiu vivo de palácio real. Não houve glória imediata, apenas a certeza de que sua história ainda não terminara.	sobrevivente
EPI_1180	POLITICAL	Prólogo — Palácio Real	event_1180	Depois de palácio real, sua reputação atravessou fronteiras e abriu portas para negociações que antes pareciam impossíveis.	rei
EPI_1181	COMIC	Prólogo — Grande Sábio	event_1181	Em grande sábio, ninguém conseguiu decidir se aquilo foi genialidade ou sorte. A história, porém, sobreviveu em risadas e canções.	heroi_local
EPI_1182	HEROIC	Prólogo — Grande Sábio	event_1182	Quando a poeira baixou, os moradores de grande sábio ainda repetiam seu nome. Você não apenas venceu: suas escolhas deram àquela gente uma chance de continuar.	nome_controverso
EPI_1183	SURVIVAL	Prólogo — Dungeon Ancestral	event_1183	Você saiu vivo de dungeon ancestral. Não houve glória imediata, apenas a certeza de que sua história ainda não terminara.	aventureiro_lembrado
EPI_1184	POLITICAL	Prólogo — Grande Sábio	event_1184	Depois de grande sábio, sua reputação atravessou fronteiras e abriu portas para negociações que antes pareciam impossíveis.	rei
EPI_1185	BITTERSWEET	Prólogo — Torneio Da Academia	event_1185	torneio da Academia foi salvo, mas não sem perdas. O Prólogo registra a vitória e o preço que veio junto.	sobrevivente
EPI_1186	COMIC	Prólogo — Dungeon Ancestral	event_1186	Em dungeon ancestral, ninguém conseguiu decidir se aquilo foi genialidade ou sorte. A história, porém, sobreviveu em risadas e canções.	aventureiro_lembrado
EPI_1187	SURVIVAL	Prólogo — Cidade Sitiada	event_1187	Você saiu vivo de cidade sitiada. Não houve glória imediata, apenas a certeza de que sua história ainda não terminara.	heroi_local
EPI_1188	POLITICAL	Prólogo — Dungeon Ancestral	event_1188	Depois de dungeon ancestral, sua reputação atravessou fronteiras e abriu portas para negociações que antes pareciam impossíveis.	sobrevivente
EPI_1189	COMIC	Prólogo — Torneio Da Academia	event_1189	Em torneio da Academia, ninguém conseguiu decidir se aquilo foi genialidade ou sorte. A história, porém, sobreviveu em risadas e canções.	sobrevivente
EPI_1190	COMIC	Prólogo — Guilda Dos Aventureiros	event_1190	Em Guilda dos Aventureiros, ninguém conseguiu decidir se aquilo foi genialidade ou sorte. A história, porém, sobreviveu em risadas e canções.	amigo_do_povo
EPI_1191	SURVIVAL	Prólogo — Guilda Dos Aventureiros	event_1191	Você saiu vivo de Guilda dos Aventureiros. Não houve glória imediata, apenas a certeza de que sua história ainda não terminara.	sobrevivente
EPI_1192	HEROIC	Prólogo — Dungeon Ancestral	event_1192	Quando a poeira baixou, os moradores de dungeon ancestral ainda repetiam seu nome. Você não apenas venceu: suas escolhas deram àquela gente uma chance de continuar.	nome_controverso
EPI_1193	TRAGIC	Prólogo — Grande Sábio	event_1193	Você não conseguiu mudar o destino de grande sábio. O Prólogo não apaga a derrota; ele registra quem você foi quando tudo desmoronou.	nome_controverso
EPI_1194	SCHOLARLY	Prólogo — Grande Sábio	event_1194	Em grande sábio, sua descoberta mudou o que estudiosos acreditavam saber.	amigo_do_povo
EPI_1195	COMIC	Prólogo — Culto Das Sombras	event_1195	Em culto das sombras, ninguém conseguiu decidir se aquilo foi genialidade ou sorte. A história, porém, sobreviveu em risadas e canções.	mestre
EPI_1196	ROMANTIC	Prólogo — Grande Sábio	event_1196	Depois de grande sábio, uma relação que você cultivou tornou-se parte inseparável da sua história.	sobrevivente
EPI_1197	SCHOLARLY	Prólogo — Palácio Real	event_1197	Em palácio real, sua descoberta mudou o que estudiosos acreditavam saber.	sabio
EPI_1198	HEROIC	Prólogo — Aranha Colossal	event_1198	Quando a poeira baixou, os moradores de aranha colossal ainda repetiam seu nome. Você não apenas venceu: suas escolhas deram àquela gente uma chance de continuar.	sabio
EPI_1199	COMIC	Prólogo — Guilda Dos Aventureiros	event_1199	Em Guilda dos Aventureiros, ninguém conseguiu decidir se aquilo foi genialidade ou sorte. A história, porém, sobreviveu em risadas e canções.	aventureiro_lembrado
EPI_1200	COMIC	Prólogo — Cidade Sitiada	event_1200	Em cidade sitiada, ninguém conseguiu decidir se aquilo foi genialidade ou sorte. A história, porém, sobreviveu em risadas e canções.	heroi_local
