id	name	realm	city	startingRelation	role	description	age	occupation	status	gender	academyYear	academyClass	clan
NPC_0001	Corinl	Zarim	Fornalia	-1	Estudante	Estudante de Fornalia. Conhecido por interações cotidianas, pedidos, rumores e possibilidades de relacionamento.	35	Estudante	ACTIVE	MASCULINO	0		
NPC_0002	Ferethr	Eshmara	Brumas	0	Mercador	Mercador de Brumas. Conhecido por interações cotidianas, pedidos, rumores e possibilidades de relacionamento.	52	Mercador	ACTIVE	FEMININO	0		
NPC_0003	Iriiav	Tharun	Stone-Âmbar	1	Pesquisador	Pesquisador de Stone-Âmbar. Conhecido por interações cotidianas, pedidos, rumores e possibilidades de relacionamento.	69	Pesquisador	ACTIVE	MASCULINO	0		
NPC_0004	Liaas	Lyrien	Aerocivitus	2	Navegador	Navegador de Aerocivitus. Conhecido por interações cotidianas, pedidos, rumores e possibilidades de relacionamento.	23	Navegador	ACTIVE	FEMININO	0		
NPC_0005	Oliint	Kethruun	Sandbones	3	Ferreiro	Ferreiro de Sandbones. Conhecido por interações cotidianas, pedidos, rumores e possibilidades de relacionamento.	40	Ferreiro	ACTIVE	MASCULINO	0		
NPC_0006	Torethm	Nyssara	Emerald Tide	4	Mensageiro	Mensageiro de Emerald Tide. Conhecido por interações cotidianas, pedidos, rumores e possibilidades de relacionamento.	57	Mensageiro	ACTIVE	FEMININO	0		
NPC_0007	Ysaian	Myrthos	Sem nome definido	-2	Erudito	Erudito de Sem nome definido. Conhecido por interações cotidianas, pedidos, rumores e possibilidades de relacionamento.	74	Erudito	ACTIVE	MASCULINO	0		
NPC_0008	Arak	Orinthal	Crystalia	-1	Mago	Mago de Crystalia. Conhecido por interações cotidianas, pedidos, rumores e possibilidades de relacionamento.	28	Mago	ACTIVE	FEMININO	0		
NPC_0009	Daind	Valkyrion	Volmeria	0	Carroceiro	Carroceiro de Volmeria. Conhecido por interações cotidianas, pedidos, rumores e possibilidades de relacionamento.	45	Carroceiro	ACTIVE	MASCULINO	0		
NPC_0010	Galethb	Aeloria	Verdralith	1	Caçador	Caçador de Verdralith. Conhecido por interações cotidianas, pedidos, rumores e possibilidades de relacionamento.	62	Caçador	ACTIVE	FEMININO	0		
NPC_0011	Joniath	Zarim	Fornalia	2	Sentinela	Sentinela de Fornalia. Conhecido por interações cotidianas, pedidos, rumores e possibilidades de relacionamento.	79	Sentinela	ACTIVE	MASCULINO	0		
NPC_0012	Maraa	Eshmara	Brumas	3	Criador de animais	Criador de animais de Brumas. Conhecido por interações cotidianas, pedidos, rumores e possibilidades de relacionamento.	33	Criador de animais	ACTIVE	FEMININO	0		
NPC_0013	Reninl	Tharun	Stone-Âmbar	4	Bardo	Bardo de Stone-Âmbar. Conhecido por interações cotidianas, pedidos, rumores e possibilidades de relacionamento.	50	Bardo	ACTIVE	MASCULINO	0		
NPC_0014	Vioethr	Lyrien	Aerocivitus	-2	Guarda	Guarda de Aerocivitus. Conhecido por interações cotidianas, pedidos, rumores e possibilidades de relacionamento.	67	Guarda	ACTIVE	FEMININO	0		
NPC_0015	Zaniav	Kethruun	Sandbones	-1	Camponês	Camponês de Sandbones. Conhecido por interações cotidianas, pedidos, rumores e possibilidades de relacionamento.	21	Camponês	ACTIVE	MASCULINO	0		
NPC_0016	Belas	Nyssara	Emerald Tide	0	Clérigo	Clérigo de Emerald Tide. Conhecido por interações cotidianas, pedidos, rumores e possibilidades de relacionamento.	38	Clérigo	ACTIVE	FEMININO	0		
NPC_0017	Eliint	Myrthos	Sem nome definido	1	Valaryn	Valaryn de Sem nome definido. Conhecido por interações cotidianas, pedidos, rumores e possibilidades de relacionamento.	55	Valaryn	ACTIVE	MASCULINO	0		
NPC_0018	Helethm	Orinthal	Crystalia	2	Artesão	Artesão de Crystalia. Conhecido por interações cotidianas, pedidos, rumores e possibilidades de relacionamento.	72	Artesão	ACTIVE	FEMININO	0		
NPC_0019	Kaian	Valkyrion	Volmeria	3	Curandeiro	Curandeiro de Volmeria. Conhecido por interações cotidianas, pedidos, rumores e possibilidades de relacionamento.	26	Curandeiro	ACTIVE	MASCULINO	0		
NPC_0020	Nerak	Aeloria	Prismere	4	Aventureiro	Aventureiro de Prismere. Conhecido por interações cotidianas, pedidos, rumores e possibilidades de relacionamento.	43	Aventureiro	ACTIVE	FEMININO	0		
NPC_0021	Selind	Zarim	Fornalia	-2	Estudante	Estudante de Fornalia. Conhecido por interações cotidianas, pedidos, rumores e possibilidades de relacionamento.	60	Estudante	ACTIVE	MASCULINO	0		
NPC_0022	Wilethb	Eshmara	Brumas	-1	Mercador	Mercador de Brumas. Conhecido por interações cotidianas, pedidos, rumores e possibilidades de relacionamento.	77	Mercador	ACTIVE	FEMININO	0		
NPC_0023	Aliath	Tharun	Stone-Âmbar	0	Pesquisador	Pesquisador de Stone-Âmbar. Conhecido por interações cotidianas, pedidos, rumores e possibilidades de relacionamento.	31	Pesquisador	ACTIVE	MASCULINO	0		
NPC_0024	Coraa	Lyrien	Aerocivitus	1	Navegador	Navegador de Aerocivitus. Conhecido por interações cotidianas, pedidos, rumores e possibilidades de relacionamento.	48	Navegador	ACTIVE	FEMININO	0		
NPC_0025	Ferinl	Kethruun	Sandbones	2	Ferreiro	Ferreiro de Sandbones. Conhecido por interações cotidianas, pedidos, rumores e possibilidades de relacionamento.	65	Ferreiro	ACTIVE	MASCULINO	0		
NPC_0026	Iriethr	Nyssara	Emerald Tide	3	Mensageiro	Mensageiro de Emerald Tide. Conhecido por interações cotidianas, pedidos, rumores e possibilidades de relacionamento.	19	Mensageiro	ACTIVE	FEMININO	0		
NPC_0027	Liaiav	Myrthos	Sem nome definido	4	Erudito	Erudito de Sem nome definido. Conhecido por interações cotidianas, pedidos, rumores e possibilidades de relacionamento.	36	Erudito	ACTIVE	MASCULINO	0		
NPC_0028	Olias	Orinthal	Crystalia	-2	Mago	Mago de Crystalia. Conhecido por interações cotidianas, pedidos, rumores e possibilidades de relacionamento.	53	Mago	ACTIVE	FEMININO	0		
NPC_0029	Torint	Valkyrion	Volmeria	-1	Carroceiro	Carroceiro de Volmeria. Conhecido por interações cotidianas, pedidos, rumores e possibilidades de relacionamento.	70	Carroceiro	ACTIVE	MASCULINO	0		
NPC_0030	Ysaethm	Aeloria	Jorwyn	0	Caçador	Caçador de Jorwyn. Conhecido por interações cotidianas, pedidos, rumores e possibilidades de relacionamento.	24	Caçador	ACTIVE	FEMININO	0		
NPC_0031	Arian	Zarim	Fornalia	1	Sentinela	Sentinela de Fornalia. Conhecido por interações cotidianas, pedidos, rumores e possibilidades de relacionamento.	41	Sentinela	ACTIVE	MASCULINO	0		
NPC_0032	Daak	Eshmara	Brumas	2	Criador de animais	Criador de animais de Brumas. Conhecido por interações cotidianas, pedidos, rumores e possibilidades de relacionamento.	58	Criador de animais	ACTIVE	FEMININO	0		
NPC_0033	Galind	Tharun	Stone-Âmbar	3	Bardo	Bardo de Stone-Âmbar. Conhecido por interações cotidianas, pedidos, rumores e possibilidades de relacionamento.	75	Bardo	ACTIVE	MASCULINO	0		
NPC_0034	Jonethb	Lyrien	Aerocivitus	4	Guarda	Guarda de Aerocivitus. Conhecido por interações cotidianas, pedidos, rumores e possibilidades de relacionamento.	29	Guarda	ACTIVE	FEMININO	0		
NPC_0035	Mariath	Kethruun	Sandbones	-2	Camponês	Camponês de Sandbones. Conhecido por interações cotidianas, pedidos, rumores e possibilidades de relacionamento.	46	Camponês	ACTIVE	MASCULINO	0		
NPC_0036	Renaa	Nyssara	Emerald Tide	-1	Clérigo	Clérigo de Emerald Tide. Conhecido por interações cotidianas, pedidos, rumores e possibilidades de relacionamento.	63	Clérigo	ACTIVE	FEMININO	0		
NPC_0037	Vioinl	Myrthos	Sem nome definido	0	Valaryn	Valaryn de Sem nome definido. Conhecido por interações cotidianas, pedidos, rumores e possibilidades de relacionamento.	80	Valaryn	ACTIVE	MASCULINO	0		
NPC_0038	Zanethr	Orinthal	Crystalia	1	Artesão	Artesão de Crystalia. Conhecido por interações cotidianas, pedidos, rumores e possibilidades de relacionamento.	34	Artesão	ACTIVE	FEMININO	0		
NPC_0039	Beliav	Valkyrion	Volmeria	2	Curandeiro	Curandeiro de Volmeria. Conhecido por interações cotidianas, pedidos, rumores e possibilidades de relacionamento.	51	Curandeiro	ACTIVE	MASCULINO	0		
NPC_0040	Elias	Aeloria	Dawnspire	3	Aventureiro	Aventureiro de Dawnspire. Conhecido por interações cotidianas, pedidos, rumores e possibilidades de relacionamento.	68	Aventureiro	ACTIVE	FEMININO	0		
NPC_0041	Helint	Zarim	Fornalia	4	Estudante	Estudante de Fornalia. Conhecido por interações cotidianas, pedidos, rumores e possibilidades de relacionamento.	22	Estudante	ACTIVE	MASCULINO	0		
NPC_0042	Kaethm	Eshmara	Brumas	-2	Mercador	Mercador de Brumas. Conhecido por interações cotidianas, pedidos, rumores e possibilidades de relacionamento.	39	Mercador	ACTIVE	FEMININO	0		
NPC_0043	Nerian	Tharun	Stone-Âmbar	-1	Pesquisador	Pesquisador de Stone-Âmbar. Conhecido por interações cotidianas, pedidos, rumores e possibilidades de relacionamento.	56	Pesquisador	ACTIVE	MASCULINO	0		
NPC_0044	Selak	Lyrien	Aerocivitus	0	Navegador	Navegador de Aerocivitus. Conhecido por interações cotidianas, pedidos, rumores e possibilidades de relacionamento.	73	Navegador	ACTIVE	FEMININO	0		
NPC_0045	Wilind	Kethruun	Sandbones	1	Ferreiro	Ferreiro de Sandbones. Conhecido por interações cotidianas, pedidos, rumores e possibilidades de relacionamento.	27	Ferreiro	ACTIVE	MASCULINO	0		
NPC_0046	Alethb	Nyssara	Emerald Tide	2	Mensageiro	Mensageiro de Emerald Tide. Conhecido por interações cotidianas, pedidos, rumores e possibilidades de relacionamento.	44	Mensageiro	ACTIVE	FEMININO	0		
NPC_0047	Coriath	Myrthos	Sem nome definido	3	Erudito	Erudito de Sem nome definido. Conhecido por interações cotidianas, pedidos, rumores e possibilidades de relacionamento.	61	Erudito	ACTIVE	MASCULINO	0		
NPC_0048	Feraa	Orinthal	Crystalia	4	Mago	Mago de Crystalia. Conhecido por interações cotidianas, pedidos, rumores e possibilidades de relacionamento.	78	Mago	ACTIVE	FEMININO	0		
NPC_0049	Iriinl	Valkyrion	Volmeria	-2	Carroceiro	Carroceiro de Volmeria. Conhecido por interações cotidianas, pedidos, rumores e possibilidades de relacionamento.	32	Carroceiro	ACTIVE	MASCULINO	0		
NPC_0050	Liaethr	Aeloria	Xandralor	-1	Caçador	Caçador de Xandralor. Conhecido por interações cotidianas, pedidos, rumores e possibilidades de relacionamento.	49	Caçador	ACTIVE	FEMININO	0		
NPC_0051	Oliiav	Zarim	Fornalia	0	Sentinela	Sentinela de Fornalia. Conhecido por interações cotidianas, pedidos, rumores e possibilidades de relacionamento.	66	Sentinela	ACTIVE	MASCULINO	0		
NPC_0052	Toras	Eshmara	Brumas	1	Criador de animais	Criador de animais de Brumas. Conhecido por interações cotidianas, pedidos, rumores e possibilidades de relacionamento.	20	Criador de animais	ACTIVE	FEMININO	0		
NPC_0053	Ysaint	Tharun	Stone-Âmbar	2	Bardo	Bardo de Stone-Âmbar. Conhecido por interações cotidianas, pedidos, rumores e possibilidades de relacionamento.	37	Bardo	ACTIVE	MASCULINO	0		
NPC_0054	Arethm	Lyrien	Aerocivitus	3	Guarda	Guarda de Aerocivitus. Conhecido por interações cotidianas, pedidos, rumores e possibilidades de relacionamento.	54	Guarda	ACTIVE	FEMININO	0		
NPC_0055	Daian	Kethruun	Sandbones	4	Camponês	Camponês de Sandbones. Conhecido por interações cotidianas, pedidos, rumores e possibilidades de relacionamento.	71	Camponês	ACTIVE	MASCULINO	0		
NPC_0056	Galak	Nyssara	Emerald Tide	-2	Clérigo	Clérigo de Emerald Tide. Conhecido por interações cotidianas, pedidos, rumores e possibilidades de relacionamento.	25	Clérigo	ACTIVE	FEMININO	0		
NPC_0057	Jonind	Myrthos	Sem nome definido	-1	Valaryn	Valaryn de Sem nome definido. Conhecido por interações cotidianas, pedidos, rumores e possibilidades de relacionamento.	42	Valaryn	ACTIVE	MASCULINO	0		
NPC_0058	Marethb	Orinthal	Crystalia	0	Artesão	Artesão de Crystalia. Conhecido por interações cotidianas, pedidos, rumores e possibilidades de relacionamento.	59	Artesão	ACTIVE	FEMININO	0		
NPC_0059	Reniath	Valkyrion	Volmeria	1	Curandeiro	Curandeiro de Volmeria. Conhecido por interações cotidianas, pedidos, rumores e possibilidades de relacionamento.	76	Curandeiro	ACTIVE	MASCULINO	0		
NPC_0060	Vioaa	Aeloria	Rivenholt	2	Aventureiro	Aventureiro de Rivenholt. Conhecido por interações cotidianas, pedidos, rumores e possibilidades de relacionamento.	30	Aventureiro	ACTIVE	FEMININO	0		
NPC_0061	Zaninl	Zarim	Fornalia	3	Estudante	Estudante de Fornalia. Conhecido por interações cotidianas, pedidos, rumores e possibilidades de relacionamento.	47	Estudante	ACTIVE	MASCULINO	0		
NPC_0062	Belethr	Eshmara	Brumas	4	Mercador	Mercador de Brumas. Conhecido por interações cotidianas, pedidos, rumores e possibilidades de relacionamento.	64	Mercador	ACTIVE	FEMININO	0		
NPC_0063	Eliiav	Tharun	Stone-Âmbar	-2	Pesquisador	Pesquisador de Stone-Âmbar. Conhecido por interações cotidianas, pedidos, rumores e possibilidades de relacionamento.	18	Pesquisador	ACTIVE	MASCULINO	0		
NPC_0064	Helas	Lyrien	Aerocivitus	-1	Navegador	Navegador de Aerocivitus. Conhecido por interações cotidianas, pedidos, rumores e possibilidades de relacionamento.	35	Navegador	ACTIVE	FEMININO	0		
NPC_0065	Kaint	Kethruun	Sandbones	0	Ferreiro	Ferreiro de Sandbones. Conhecido por interações cotidianas, pedidos, rumores e possibilidades de relacionamento.	52	Ferreiro	ACTIVE	MASCULINO	0		
NPC_0066	Nerethm	Nyssara	Emerald Tide	1	Mensageiro	Mensageiro de Emerald Tide. Conhecido por interações cotidianas, pedidos, rumores e possibilidades de relacionamento.	69	Mensageiro	ACTIVE	FEMININO	0		
NPC_0067	Selian	Myrthos	Sem nome definido	2	Erudito	Erudito de Sem nome definido. Conhecido por interações cotidianas, pedidos, rumores e possibilidades de relacionamento.	23	Erudito	ACTIVE	MASCULINO	0		
NPC_0068	Wilak	Orinthal	Crystalia	3	Mago	Mago de Crystalia. Conhecido por interações cotidianas, pedidos, rumores e possibilidades de relacionamento.	40	Mago	ACTIVE	FEMININO	0		
NPC_0069	Alind	Valkyrion	Volmeria	4	Carroceiro	Carroceiro de Volmeria. Conhecido por interações cotidianas, pedidos, rumores e possibilidades de relacionamento.	57	Carroceiro	ACTIVE	MASCULINO	0		
NPC_0070	Corethb	Aeloria	Loryndor	-2	Caçador	Caçador de Loryndor. Conhecido por interações cotidianas, pedidos, rumores e possibilidades de relacionamento.	74	Caçador	ACTIVE	FEMININO	0		
NPC_0071	Feriath	Zarim	Fornalia	-1	Sentinela	Sentinela de Fornalia. Conhecido por interações cotidianas, pedidos, rumores e possibilidades de relacionamento.	28	Sentinela	ACTIVE	MASCULINO	0		
NPC_0072	Iriaa	Eshmara	Brumas	0	Criador de animais	Criador de animais de Brumas. Conhecido por interações cotidianas, pedidos, rumores e possibilidades de relacionamento.	45	Criador de animais	ACTIVE	FEMININO	0		
NPC_0073	Liainl	Tharun	Stone-Âmbar	1	Bardo	Bardo de Stone-Âmbar. Conhecido por interações cotidianas, pedidos, rumores e possibilidades de relacionamento.	62	Bardo	ACTIVE	MASCULINO	0		
NPC_0074	Oliethr	Lyrien	Aerocivitus	2	Guarda	Guarda de Aerocivitus. Conhecido por interações cotidianas, pedidos, rumores e possibilidades de relacionamento.	79	Guarda	ACTIVE	FEMININO	0		
NPC_0075	Toriav	Kethruun	Sandbones	3	Camponês	Camponês de Sandbones. Conhecido por interações cotidianas, pedidos, rumores e possibilidades de relacionamento.	33	Camponês	ACTIVE	MASCULINO	0		
NPC_0076	Ysaas	Nyssara	Emerald Tide	4	Clérigo	Clérigo de Emerald Tide. Conhecido por interações cotidianas, pedidos, rumores e possibilidades de relacionamento.	50	Clérigo	ACTIVE	FEMININO	0		
NPC_0077	Arint	Myrthos	Sem nome definido	-2	Valaryn	Valaryn de Sem nome definido. Conhecido por interações cotidianas, pedidos, rumores e possibilidades de relacionamento.	67	Valaryn	ACTIVE	MASCULINO	0		
NPC_0078	Daethm	Orinthal	Crystalia	-1	Artesão	Artesão de Crystalia. Conhecido por interações cotidianas, pedidos, rumores e possibilidades de relacionamento.	21	Artesão	ACTIVE	FEMININO	0		
NPC_0079	Galian	Valkyrion	Volmeria	0	Curandeiro	Curandeiro de Volmeria. Conhecido por interações cotidianas, pedidos, rumores e possibilidades de relacionamento.	38	Curandeiro	ACTIVE	MASCULINO	0		
NPC_0080	Jonak	Aeloria	Fenndral	1	Aventureiro	Aventureiro de Fenndral. Conhecido por interações cotidianas, pedidos, rumores e possibilidades de relacionamento.	55	Aventureiro	ACTIVE	FEMININO	0		
NPC_0081	Marind	Zarim	Fornalia	2	Estudante	Estudante de Fornalia. Conhecido por interações cotidianas, pedidos, rumores e possibilidades de relacionamento.	72	Estudante	ACTIVE	MASCULINO	0		
NPC_0082	Renethb	Eshmara	Brumas	3	Mercador	Mercador de Brumas. Conhecido por interações cotidianas, pedidos, rumores e possibilidades de relacionamento.	26	Mercador	ACTIVE	FEMININO	0		
NPC_0083	Vioiath	Tharun	Stone-Âmbar	4	Pesquisador	Pesquisador de Stone-Âmbar. Conhecido por interações cotidianas, pedidos, rumores e possibilidades de relacionamento.	43	Pesquisador	ACTIVE	MASCULINO	0		
NPC_0084	Zanaa	Lyrien	Aerocivitus	-2	Navegador	Navegador de Aerocivitus. Conhecido por interações cotidianas, pedidos, rumores e possibilidades de relacionamento.	60	Navegador	ACTIVE	FEMININO	0		
NPC_0085	Belinl	Kethruun	Sandbones	-1	Ferreiro	Ferreiro de Sandbones. Conhecido por interações cotidianas, pedidos, rumores e possibilidades de relacionamento.	77	Ferreiro	ACTIVE	MASCULINO	0		
NPC_0086	Eliethr	Nyssara	Emerald Tide	0	Mensageiro	Mensageiro de Emerald Tide. Conhecido por interações cotidianas, pedidos, rumores e possibilidades de relacionamento.	31	Mensageiro	ACTIVE	FEMININO	0		
NPC_0087	Heliav	Myrthos	Sem nome definido	1	Erudito	Erudito de Sem nome definido. Conhecido por interações cotidianas, pedidos, rumores e possibilidades de relacionamento.	48	Erudito	ACTIVE	MASCULINO	0		
NPC_0088	Kaas	Orinthal	Crystalia	2	Mago	Mago de Crystalia. Conhecido por interações cotidianas, pedidos, rumores e possibilidades de relacionamento.	65	Mago	ACTIVE	FEMININO	0		
NPC_0089	Nerint	Valkyrion	Volmeria	3	Carroceiro	Carroceiro de Volmeria. Conhecido por interações cotidianas, pedidos, rumores e possibilidades de relacionamento.	19	Carroceiro	ACTIVE	MASCULINO	0		
NPC_0090	Selethm	Aeloria	Feyndral	4	Caçador	Caçador de Feyndral. Conhecido por interações cotidianas, pedidos, rumores e possibilidades de relacionamento.	36	Caçador	ACTIVE	FEMININO	0		
NPC_0091	Wilian	Zarim	Fornalia	-2	Sentinela	Sentinela de Fornalia. Conhecido por interações cotidianas, pedidos, rumores e possibilidades de relacionamento.	53	Sentinela	ACTIVE	MASCULINO	0		
NPC_0092	Alak	Eshmara	Brumas	-1	Criador de animais	Criador de animais de Brumas. Conhecido por interações cotidianas, pedidos, rumores e possibilidades de relacionamento.	70	Criador de animais	ACTIVE	FEMININO	0		
NPC_0093	Corind	Tharun	Stone-Âmbar	0	Bardo	Bardo de Stone-Âmbar. Conhecido por interações cotidianas, pedidos, rumores e possibilidades de relacionamento.	24	Bardo	ACTIVE	MASCULINO	0		
NPC_0094	Ferethb	Lyrien	Aerocivitus	1	Guarda	Guarda de Aerocivitus. Conhecido por interações cotidianas, pedidos, rumores e possibilidades de relacionamento.	41	Guarda	ACTIVE	FEMININO	0		
NPC_0095	Iriiath	Kethruun	Sandbones	2	Camponês	Camponês de Sandbones. Conhecido por interações cotidianas, pedidos, rumores e possibilidades de relacionamento.	58	Camponês	ACTIVE	MASCULINO	0		
NPC_0096	Liaaa	Nyssara	Emerald Tide	3	Clérigo	Clérigo de Emerald Tide. Conhecido por interações cotidianas, pedidos, rumores e possibilidades de relacionamento.	75	Clérigo	ACTIVE	FEMININO	0		
NPC_0097	Oliinl	Myrthos	Sem nome definido	4	Valaryn	Valaryn de Sem nome definido. Conhecido por interações cotidianas, pedidos, rumores e possibilidades de relacionamento.	29	Valaryn	ACTIVE	MASCULINO	0		
NPC_0098	Torethr	Orinthal	Crystalia	-2	Artesão	Artesão de Crystalia. Conhecido por interações cotidianas, pedidos, rumores e possibilidades de relacionamento.	46	Artesão	ACTIVE	FEMININO	0		
NPC_0099	Ysaiav	Valkyrion	Volmeria	-1	Curandeiro	Curandeiro de Volmeria. Conhecido por interações cotidianas, pedidos, rumores e possibilidades de relacionamento.	63	Curandeiro	ACTIVE	MASCULINO	0		
NPC_0100	Aras	Aeloria	Zephyrholt	0	Aventureiro	Aventureiro de Zephyrholt. Conhecido por interações cotidianas, pedidos, rumores e possibilidades de relacionamento.	80	Aventureiro	ACTIVE	FEMININO	0		
NPC_0101	Daint	Zarim	Fornalia	1	Estudante	Estudante de Fornalia. Conhecido por interações cotidianas, pedidos, rumores e possibilidades de relacionamento.	34	Estudante	ACTIVE	MASCULINO	0		
NPC_0102	Galethm	Eshmara	Brumas	2	Mercador	Mercador de Brumas. Conhecido por interações cotidianas, pedidos, rumores e possibilidades de relacionamento.	51	Mercador	ACTIVE	FEMININO	0		
NPC_0103	Jonian	Tharun	Stone-Âmbar	3	Pesquisador	Pesquisador de Stone-Âmbar. Conhecido por interações cotidianas, pedidos, rumores e possibilidades de relacionamento.	68	Pesquisador	ACTIVE	MASCULINO	0		
NPC_0104	Marak	Lyrien	Aerocivitus	4	Navegador	Navegador de Aerocivitus. Conhecido por interações cotidianas, pedidos, rumores e possibilidades de relacionamento.	22	Navegador	ACTIVE	FEMININO	0		
NPC_0105	Renind	Kethruun	Sandbones	-2	Ferreiro	Ferreiro de Sandbones. Conhecido por interações cotidianas, pedidos, rumores e possibilidades de relacionamento.	39	Ferreiro	ACTIVE	MASCULINO	0		
NPC_0106	Vioethb	Nyssara	Emerald Tide	-1	Mensageiro	Mensageiro de Emerald Tide. Conhecido por interações cotidianas, pedidos, rumores e possibilidades de relacionamento.	56	Mensageiro	ACTIVE	FEMININO	0		
NPC_0107	Zaniath	Myrthos	Sem nome definido	0	Erudito	Erudito de Sem nome definido. Conhecido por interações cotidianas, pedidos, rumores e possibilidades de relacionamento.	73	Erudito	ACTIVE	MASCULINO	0		
NPC_0108	Belaa	Orinthal	Crystalia	1	Mago	Mago de Crystalia. Conhecido por interações cotidianas, pedidos, rumores e possibilidades de relacionamento.	27	Mago	ACTIVE	FEMININO	0		
NPC_0109	Eliinl	Valkyrion	Volmeria	2	Carroceiro	Carroceiro de Volmeria. Conhecido por interações cotidianas, pedidos, rumores e possibilidades de relacionamento.	44	Carroceiro	ACTIVE	MASCULINO	0		
NPC_0110	Helethr	Aeloria	Tindralith	3	Caçador	Caçador de Tindralith. Conhecido por interações cotidianas, pedidos, rumores e possibilidades de relacionamento.	61	Caçador	ACTIVE	FEMININO	0		
NPC_0111	Kaiav	Zarim	Fornalia	4	Sentinela	Sentinela de Fornalia. Conhecido por interações cotidianas, pedidos, rumores e possibilidades de relacionamento.	78	Sentinela	ACTIVE	MASCULINO	0		
NPC_0112	Neras	Eshmara	Brumas	-2	Criador de animais	Criador de animais de Brumas. Conhecido por interações cotidianas, pedidos, rumores e possibilidades de relacionamento.	32	Criador de animais	ACTIVE	FEMININO	0		
NPC_0113	Selint	Tharun	Stone-Âmbar	-1	Bardo	Bardo de Stone-Âmbar. Conhecido por interações cotidianas, pedidos, rumores e possibilidades de relacionamento.	49	Bardo	ACTIVE	MASCULINO	0		
NPC_0114	Wilethm	Lyrien	Aerocivitus	0	Guarda	Guarda de Aerocivitus. Conhecido por interações cotidianas, pedidos, rumores e possibilidades de relacionamento.	66	Guarda	ACTIVE	FEMININO	0		
NPC_0115	Alian	Kethruun	Sandbones	1	Camponês	Camponês de Sandbones. Conhecido por interações cotidianas, pedidos, rumores e possibilidades de relacionamento.	20	Camponês	ACTIVE	MASCULINO	0		
NPC_0116	Corak	Nyssara	Emerald Tide	2	Clérigo	Clérigo de Emerald Tide. Conhecido por interações cotidianas, pedidos, rumores e possibilidades de relacionamento.	37	Clérigo	ACTIVE	FEMININO	0		
NPC_0117	Ferind	Myrthos	Sem nome definido	3	Valaryn	Valaryn de Sem nome definido. Conhecido por interações cotidianas, pedidos, rumores e possibilidades de relacionamento.	54	Valaryn	ACTIVE	MASCULINO	0		
NPC_0118	Iriethb	Orinthal	Crystalia	4	Artesão	Artesão de Crystalia. Conhecido por interações cotidianas, pedidos, rumores e possibilidades de relacionamento.	71	Artesão	ACTIVE	FEMININO	0		
NPC_0119	Liaiath	Valkyrion	Volmeria	-2	Curandeiro	Curandeiro de Volmeria. Conhecido por interações cotidianas, pedidos, rumores e possibilidades de relacionamento.	25	Curandeiro	ACTIVE	MASCULINO	0		
NPC_0120	Oliaa	Aeloria	Netherholt	-1	Aventureiro	Aventureiro de Netherholt. Conhecido por interações cotidianas, pedidos, rumores e possibilidades de relacionamento.	42	Aventureiro	ACTIVE	FEMININO	0		
NPC_0121	Torinl	Zarim	Fornalia	0	Estudante	Estudante de Fornalia. Conhecido por interações cotidianas, pedidos, rumores e possibilidades de relacionamento.	59	Estudante	ACTIVE	MASCULINO	0		
NPC_0122	Ysaethr	Eshmara	Brumas	1	Mercador	Mercador de Brumas. Conhecido por interações cotidianas, pedidos, rumores e possibilidades de relacionamento.	76	Mercador	ACTIVE	FEMININO	0		
NPC_0123	Ariav	Tharun	Stone-Âmbar	2	Pesquisador	Pesquisador de Stone-Âmbar. Conhecido por interações cotidianas, pedidos, rumores e possibilidades de relacionamento.	30	Pesquisador	ACTIVE	MASCULINO	0		
NPC_0124	Daas	Lyrien	Aerocivitus	3	Navegador	Navegador de Aerocivitus. Conhecido por interações cotidianas, pedidos, rumores e possibilidades de relacionamento.	47	Navegador	ACTIVE	FEMININO	0		
NPC_0125	Galint	Kethruun	Sandbones	4	Ferreiro	Ferreiro de Sandbones. Conhecido por interações cotidianas, pedidos, rumores e possibilidades de relacionamento.	64	Ferreiro	ACTIVE	MASCULINO	0		
NPC_0126	Jonethm	Nyssara	Emerald Tide	-2	Mensageiro	Mensageiro de Emerald Tide. Conhecido por interações cotidianas, pedidos, rumores e possibilidades de relacionamento.	18	Mensageiro	ACTIVE	FEMININO	0		
NPC_0127	Marian	Myrthos	Sem nome definido	-1	Erudito	Erudito de Sem nome definido. Conhecido por interações cotidianas, pedidos, rumores e possibilidades de relacionamento.	35	Erudito	ACTIVE	MASCULINO	0		
NPC_0128	Renak	Orinthal	Crystalia	0	Mago	Mago de Crystalia. Conhecido por interações cotidianas, pedidos, rumores e possibilidades de relacionamento.	52	Mago	ACTIVE	FEMININO	0		
NPC_0129	Vioind	Valkyrion	Volmeria	1	Carroceiro	Carroceiro de Volmeria. Conhecido por interações cotidianas, pedidos, rumores e possibilidades de relacionamento.	69	Carroceiro	ACTIVE	MASCULINO	0		
NPC_0130	Zanethb	Aeloria	Highspire	2	Caçador	Caçador de Highspire. Conhecido por interações cotidianas, pedidos, rumores e possibilidades de relacionamento.	23	Caçador	ACTIVE	FEMININO	0		
NPC_0131	Beliath	Zarim	Fornalia	3	Sentinela	Sentinela de Fornalia. Conhecido por interações cotidianas, pedidos, rumores e possibilidades de relacionamento.	40	Sentinela	ACTIVE	MASCULINO	0		
NPC_0132	Eliaa	Eshmara	Brumas	4	Criador de animais	Criador de animais de Brumas. Conhecido por interações cotidianas, pedidos, rumores e possibilidades de relacionamento.	57	Criador de animais	ACTIVE	FEMININO	0		
NPC_0133	Helinl	Tharun	Stone-Âmbar	-2	Bardo	Bardo de Stone-Âmbar. Conhecido por interações cotidianas, pedidos, rumores e possibilidades de relacionamento.	74	Bardo	ACTIVE	MASCULINO	0		
NPC_0134	Kaethr	Lyrien	Aerocivitus	-1	Guarda	Guarda de Aerocivitus. Conhecido por interações cotidianas, pedidos, rumores e possibilidades de relacionamento.	28	Guarda	ACTIVE	FEMININO	0		
NPC_0135	Neriav	Kethruun	Sandbones	0	Camponês	Camponês de Sandbones. Conhecido por interações cotidianas, pedidos, rumores e possibilidades de relacionamento.	45	Camponês	ACTIVE	MASCULINO	0		
NPC_0136	Selas	Nyssara	Emerald Tide	1	Clérigo	Clérigo de Emerald Tide. Conhecido por interações cotidianas, pedidos, rumores e possibilidades de relacionamento.	62	Clérigo	ACTIVE	FEMININO	0		
NPC_0137	Wilint	Myrthos	Sem nome definido	2	Valaryn	Valaryn de Sem nome definido. Conhecido por interações cotidianas, pedidos, rumores e possibilidades de relacionamento.	79	Valaryn	ACTIVE	MASCULINO	0		
NPC_0138	Alethm	Orinthal	Crystalia	3	Artesão	Artesão de Crystalia. Conhecido por interações cotidianas, pedidos, rumores e possibilidades de relacionamento.	33	Artesão	ACTIVE	FEMININO	0		
NPC_0139	Corian	Valkyrion	Volmeria	4	Curandeiro	Curandeiro de Volmeria. Conhecido por interações cotidianas, pedidos, rumores e possibilidades de relacionamento.	50	Curandeiro	ACTIVE	MASCULINO	0		
NPC_0140	Ferak	Aeloria	Blackmere	-2	Aventureiro	Aventureiro de Blackmere. Conhecido por interações cotidianas, pedidos, rumores e possibilidades de relacionamento.	67	Aventureiro	ACTIVE	FEMININO	0		
NPC_0141	Iriind	Zarim	Fornalia	-1	Estudante	Estudante de Fornalia. Conhecido por interações cotidianas, pedidos, rumores e possibilidades de relacionamento.	21	Estudante	ACTIVE	MASCULINO	0		
NPC_0142	Liaethb	Eshmara	Brumas	0	Mercador	Mercador de Brumas. Conhecido por interações cotidianas, pedidos, rumores e possibilidades de relacionamento.	38	Mercador	ACTIVE	FEMININO	0		
NPC_0143	Oliiath	Tharun	Stone-Âmbar	1	Pesquisador	Pesquisador de Stone-Âmbar. Conhecido por interações cotidianas, pedidos, rumores e possibilidades de relacionamento.	55	Pesquisador	ACTIVE	MASCULINO	0		
NPC_0144	Toraa	Lyrien	Aerocivitus	2	Navegador	Navegador de Aerocivitus. Conhecido por interações cotidianas, pedidos, rumores e possibilidades de relacionamento.	72	Navegador	ACTIVE	FEMININO	0		
NPC_0145	Ysainl	Kethruun	Sandbones	3	Ferreiro	Ferreiro de Sandbones. Conhecido por interações cotidianas, pedidos, rumores e possibilidades de relacionamento.	26	Ferreiro	ACTIVE	MASCULINO	0		
NPC_0146	Arethr	Nyssara	Emerald Tide	4	Mensageiro	Mensageiro de Emerald Tide. Conhecido por interações cotidianas, pedidos, rumores e possibilidades de relacionamento.	43	Mensageiro	ACTIVE	FEMININO	0		
NPC_0147	Daiav	Myrthos	Sem nome definido	-2	Erudito	Erudito de Sem nome definido. Conhecido por interações cotidianas, pedidos, rumores e possibilidades de relacionamento.	60	Erudito	ACTIVE	MASCULINO	0		
NPC_0148	Galas	Orinthal	Crystalia	-1	Mago	Mago de Crystalia. Conhecido por interações cotidianas, pedidos, rumores e possibilidades de relacionamento.	77	Mago	ACTIVE	FEMININO	0		
NPC_0149	Jonint	Valkyrion	Volmeria	0	Carroceiro	Carroceiro de Volmeria. Conhecido por interações cotidianas, pedidos, rumores e possibilidades de relacionamento.	31	Carroceiro	ACTIVE	MASCULINO	0		
NPC_0150	Marethm	Aeloria	Veyndaril	1	Caçador	Caçador de Veyndaril. Conhecido por interações cotidianas, pedidos, rumores e possibilidades de relacionamento.	48	Caçador	ACTIVE	FEMININO	0		
NPC_0151	Renian	Zarim	Fornalia	2	Sentinela	Sentinela de Fornalia. Conhecido por interações cotidianas, pedidos, rumores e possibilidades de relacionamento.	65	Sentinela	ACTIVE	MASCULINO	0		
NPC_0152	Vioak	Eshmara	Brumas	3	Criador de animais	Criador de animais de Brumas. Conhecido por interações cotidianas, pedidos, rumores e possibilidades de relacionamento.	19	Criador de animais	ACTIVE	FEMININO	0		
NPC_0153	Zanind	Tharun	Stone-Âmbar	4	Bardo	Bardo de Stone-Âmbar. Conhecido por interações cotidianas, pedidos, rumores e possibilidades de relacionamento.	36	Bardo	ACTIVE	MASCULINO	0		
NPC_0154	Belethb	Lyrien	Aerocivitus	-2	Guarda	Guarda de Aerocivitus. Conhecido por interações cotidianas, pedidos, rumores e possibilidades de relacionamento.	53	Guarda	ACTIVE	FEMININO	0		
NPC_0155	Eliiath	Kethruun	Sandbones	-1	Camponês	Camponês de Sandbones. Conhecido por interações cotidianas, pedidos, rumores e possibilidades de relacionamento.	70	Camponês	ACTIVE	MASCULINO	0		
NPC_0156	Helaa	Nyssara	Emerald Tide	0	Clérigo	Clérigo de Emerald Tide. Conhecido por interações cotidianas, pedidos, rumores e possibilidades de relacionamento.	24	Clérigo	ACTIVE	FEMININO	0		
NPC_0157	Kainl	Myrthos	Sem nome definido	1	Valaryn	Valaryn de Sem nome definido. Conhecido por interações cotidianas, pedidos, rumores e possibilidades de relacionamento.	41	Valaryn	ACTIVE	MASCULINO	0		
NPC_0158	Nerethr	Orinthal	Crystalia	2	Artesão	Artesão de Crystalia. Conhecido por interações cotidianas, pedidos, rumores e possibilidades de relacionamento.	58	Artesão	ACTIVE	FEMININO	0		
NPC_0159	Seliav	Valkyrion	Volmeria	3	Curandeiro	Curandeiro de Volmeria. Conhecido por interações cotidianas, pedidos, rumores e possibilidades de relacionamento.	75	Curandeiro	ACTIVE	MASCULINO	0		
NPC_0160	Wilas	Aeloria	Pyrelith	4	Aventureiro	Aventureiro de Pyrelith. Conhecido por interações cotidianas, pedidos, rumores e possibilidades de relacionamento.	29	Aventureiro	ACTIVE	FEMININO	0		
NPC_0161	Alint	Zarim	Fornalia	-2	Estudante	Estudante de Fornalia. Conhecido por interações cotidianas, pedidos, rumores e possibilidades de relacionamento.	46	Estudante	ACTIVE	MASCULINO	0		
NPC_0162	Corethm	Eshmara	Brumas	-1	Mercador	Mercador de Brumas. Conhecido por interações cotidianas, pedidos, rumores e possibilidades de relacionamento.	63	Mercador	ACTIVE	FEMININO	0		
NPC_0163	Ferian	Tharun	Stone-Âmbar	0	Pesquisador	Pesquisador de Stone-Âmbar. Conhecido por interações cotidianas, pedidos, rumores e possibilidades de relacionamento.	80	Pesquisador	ACTIVE	MASCULINO	0		
NPC_0164	Iriak	Lyrien	Aerocivitus	1	Navegador	Navegador de Aerocivitus. Conhecido por interações cotidianas, pedidos, rumores e possibilidades de relacionamento.	34	Navegador	ACTIVE	FEMININO	0		
NPC_0165	Liaind	Kethruun	Sandbones	2	Ferreiro	Ferreiro de Sandbones. Conhecido por interações cotidianas, pedidos, rumores e possibilidades de relacionamento.	51	Ferreiro	ACTIVE	MASCULINO	0		
NPC_0166	Oliethb	Nyssara	Emerald Tide	3	Mensageiro	Mensageiro de Emerald Tide. Conhecido por interações cotidianas, pedidos, rumores e possibilidades de relacionamento.	68	Mensageiro	ACTIVE	FEMININO	0		
NPC_0167	Toriath	Myrthos	Sem nome definido	4	Erudito	Erudito de Sem nome definido. Conhecido por interações cotidianas, pedidos, rumores e possibilidades de relacionamento.	22	Erudito	ACTIVE	MASCULINO	0		
NPC_0168	Ysaaa	Orinthal	Crystalia	-2	Mago	Mago de Crystalia. Conhecido por interações cotidianas, pedidos, rumores e possibilidades de relacionamento.	39	Mago	ACTIVE	FEMININO	0		
NPC_0169	Arinl	Valkyrion	Volmeria	-1	Carroceiro	Carroceiro de Volmeria. Conhecido por interações cotidianas, pedidos, rumores e possibilidades de relacionamento.	56	Carroceiro	ACTIVE	MASCULINO	0		
NPC_0170	Daethr	Aeloria	Jorathen	0	Caçador	Caçador de Jorathen. Conhecido por interações cotidianas, pedidos, rumores e possibilidades de relacionamento.	73	Caçador	ACTIVE	FEMININO	0		
NPC_0171	Galiav	Zarim	Fornalia	1	Sentinela	Sentinela de Fornalia. Conhecido por interações cotidianas, pedidos, rumores e possibilidades de relacionamento.	27	Sentinela	ACTIVE	MASCULINO	0		
NPC_0172	Jonas	Eshmara	Brumas	2	Criador de animais	Criador de animais de Brumas. Conhecido por interações cotidianas, pedidos, rumores e possibilidades de relacionamento.	44	Criador de animais	ACTIVE	FEMININO	0		
NPC_0173	Marint	Tharun	Stone-Âmbar	3	Bardo	Bardo de Stone-Âmbar. Conhecido por interações cotidianas, pedidos, rumores e possibilidades de relacionamento.	61	Bardo	ACTIVE	MASCULINO	0		
NPC_0174	Renethm	Lyrien	Aerocivitus	4	Guarda	Guarda de Aerocivitus. Conhecido por interações cotidianas, pedidos, rumores e possibilidades de relacionamento.	78	Guarda	ACTIVE	FEMININO	0		
NPC_0175	Vioian	Kethruun	Sandbones	-2	Camponês	Camponês de Sandbones. Conhecido por interações cotidianas, pedidos, rumores e possibilidades de relacionamento.	32	Camponês	ACTIVE	MASCULINO	0		
NPC_0176	Zanak	Nyssara	Emerald Tide	-1	Clérigo	Clérigo de Emerald Tide. Conhecido por interações cotidianas, pedidos, rumores e possibilidades de relacionamento.	49	Clérigo	ACTIVE	FEMININO	0		
NPC_0177	Belind	Myrthos	Sem nome definido	0	Valaryn	Valaryn de Sem nome definido. Conhecido por interações cotidianas, pedidos, rumores e possibilidades de relacionamento.	66	Valaryn	ACTIVE	MASCULINO	0		
NPC_0178	Eliethb	Orinthal	Crystalia	1	Artesão	Artesão de Crystalia. Conhecido por interações cotidianas, pedidos, rumores e possibilidades de relacionamento.	20	Artesão	ACTIVE	FEMININO	0		
NPC_0179	Heliath	Valkyrion	Volmeria	2	Curandeiro	Curandeiro de Volmeria. Conhecido por interações cotidianas, pedidos, rumores e possibilidades de relacionamento.	37	Curandeiro	ACTIVE	MASCULINO	0		
NPC_0180	Kaaa	Aeloria	Duskmere	3	Aventureiro	Aventureiro de Duskmere. Conhecido por interações cotidianas, pedidos, rumores e possibilidades de relacionamento.	54	Aventureiro	ACTIVE	FEMININO	0		
NPC_0181	Nerinl	Zarim	Fornalia	4	Estudante	Estudante de Fornalia. Conhecido por interações cotidianas, pedidos, rumores e possibilidades de relacionamento.	71	Estudante	ACTIVE	MASCULINO	0		
NPC_0182	Selethr	Eshmara	Brumas	-2	Mercador	Mercador de Brumas. Conhecido por interações cotidianas, pedidos, rumores e possibilidades de relacionamento.	25	Mercador	ACTIVE	FEMININO	0		
NPC_0183	Wiliav	Tharun	Stone-Âmbar	-1	Pesquisador	Pesquisador de Stone-Âmbar. Conhecido por interações cotidianas, pedidos, rumores e possibilidades de relacionamento.	42	Pesquisador	ACTIVE	MASCULINO	0		
NPC_0184	Alas	Lyrien	Aerocivitus	0	Navegador	Navegador de Aerocivitus. Conhecido por interações cotidianas, pedidos, rumores e possibilidades de relacionamento.	59	Navegador	ACTIVE	FEMININO	0		
NPC_0185	Corint	Kethruun	Sandbones	1	Ferreiro	Ferreiro de Sandbones. Conhecido por interações cotidianas, pedidos, rumores e possibilidades de relacionamento.	76	Ferreiro	ACTIVE	MASCULINO	0		
NPC_0186	Ferethm	Nyssara	Emerald Tide	2	Mensageiro	Mensageiro de Emerald Tide. Conhecido por interações cotidianas, pedidos, rumores e possibilidades de relacionamento.	30	Mensageiro	ACTIVE	FEMININO	0		
NPC_0187	Iriian	Myrthos	Sem nome definido	3	Erudito	Erudito de Sem nome definido. Conhecido por interações cotidianas, pedidos, rumores e possibilidades de relacionamento.	47	Erudito	ACTIVE	MASCULINO	0		
NPC_0188	Liaak	Orinthal	Crystalia	4	Mago	Mago de Crystalia. Conhecido por interações cotidianas, pedidos, rumores e possibilidades de relacionamento.	64	Mago	ACTIVE	FEMININO	0		
NPC_0189	Oliind	Valkyrion	Volmeria	-2	Carroceiro	Carroceiro de Volmeria. Conhecido por interações cotidianas, pedidos, rumores e possibilidades de relacionamento.	18	Carroceiro	ACTIVE	MASCULINO	0		
NPC_0190	Torethb	Aeloria	Lunareth	-1	Caçador	Caçador de Lunareth. Conhecido por interações cotidianas, pedidos, rumores e possibilidades de relacionamento.	35	Caçador	ACTIVE	FEMININO	0		
NPC_0191	Ysaiath	Zarim	Fornalia	0	Sentinela	Sentinela de Fornalia. Conhecido por interações cotidianas, pedidos, rumores e possibilidades de relacionamento.	52	Sentinela	ACTIVE	MASCULINO	0		
NPC_0192	Araa	Eshmara	Brumas	1	Criador de animais	Criador de animais de Brumas. Conhecido por interações cotidianas, pedidos, rumores e possibilidades de relacionamento.	69	Criador de animais	ACTIVE	FEMININO	0		
NPC_0193	Dainl	Tharun	Stone-Âmbar	2	Bardo	Bardo de Stone-Âmbar. Conhecido por interações cotidianas, pedidos, rumores e possibilidades de relacionamento.	23	Bardo	ACTIVE	MASCULINO	0		
NPC_0194	Galethr	Lyrien	Aerocivitus	3	Guarda	Guarda de Aerocivitus. Conhecido por interações cotidianas, pedidos, rumores e possibilidades de relacionamento.	40	Guarda	ACTIVE	FEMININO	0		
NPC_0195	Joniav	Kethruun	Sandbones	4	Camponês	Camponês de Sandbones. Conhecido por interações cotidianas, pedidos, rumores e possibilidades de relacionamento.	57	Camponês	ACTIVE	MASCULINO	0		
NPC_0196	Maras	Nyssara	Emerald Tide	-2	Clérigo	Clérigo de Emerald Tide. Conhecido por interações cotidianas, pedidos, rumores e possibilidades de relacionamento.	74	Clérigo	ACTIVE	FEMININO	0		
NPC_0197	Renint	Myrthos	Sem nome definido	-1	Valaryn	Valaryn de Sem nome definido. Conhecido por interações cotidianas, pedidos, rumores e possibilidades de relacionamento.	28	Valaryn	ACTIVE	MASCULINO	0		
NPC_0198	Vioethm	Orinthal	Crystalia	0	Artesão	Artesão de Crystalia. Conhecido por interações cotidianas, pedidos, rumores e possibilidades de relacionamento.	45	Artesão	ACTIVE	FEMININO	0		
NPC_0199	Zanian	Valkyrion	Volmeria	1	Curandeiro	Curandeiro de Volmeria. Conhecido por interações cotidianas, pedidos, rumores e possibilidades de relacionamento.	62	Curandeiro	ACTIVE	MASCULINO	0		
NPC_0200	Belak	Aeloria	Xyrelith	2	Aventureiro	Aventureiro de Xyrelith. Conhecido por interações cotidianas, pedidos, rumores e possibilidades de relacionamento.	79	Aventureiro	ACTIVE	FEMININO	0		
NPC_0201	Eliind	Zarim	Fornalia	3	Estudante	Estudante de Fornalia. Conhecido por interações cotidianas, pedidos, rumores e possibilidades de relacionamento.	33	Estudante	ACTIVE	MASCULINO	0		
NPC_0202	Helethb	Eshmara	Brumas	4	Mercador	Mercador de Brumas. Conhecido por interações cotidianas, pedidos, rumores e possibilidades de relacionamento.	50	Mercador	ACTIVE	FEMININO	0		
NPC_0203	Kaiath	Tharun	Stone-Âmbar	-2	Pesquisador	Pesquisador de Stone-Âmbar. Conhecido por interações cotidianas, pedidos, rumores e possibilidades de relacionamento.	67	Pesquisador	ACTIVE	MASCULINO	0		
NPC_0204	Neraa	Lyrien	Aerocivitus	-1	Navegador	Navegador de Aerocivitus. Conhecido por interações cotidianas, pedidos, rumores e possibilidades de relacionamento.	21	Navegador	ACTIVE	FEMININO	0		
NPC_0205	Selinl	Kethruun	Sandbones	0	Ferreiro	Ferreiro de Sandbones. Conhecido por interações cotidianas, pedidos, rumores e possibilidades de relacionamento.	38	Ferreiro	ACTIVE	MASCULINO	0		
NPC_0206	Wilethr	Nyssara	Emerald Tide	1	Mensageiro	Mensageiro de Emerald Tide. Conhecido por interações cotidianas, pedidos, rumores e possibilidades de relacionamento.	55	Mensageiro	ACTIVE	FEMININO	0		
NPC_0207	Aliav	Myrthos	Sem nome definido	2	Erudito	Erudito de Sem nome definido. Conhecido por interações cotidianas, pedidos, rumores e possibilidades de relacionamento.	72	Erudito	ACTIVE	MASCULINO	0		
NPC_0208	Coras	Orinthal	Crystalia	3	Mago	Mago de Crystalia. Conhecido por interações cotidianas, pedidos, rumores e possibilidades de relacionamento.	26	Mago	ACTIVE	FEMININO	0		
NPC_0209	Ferint	Valkyrion	Volmeria	4	Carroceiro	Carroceiro de Volmeria. Conhecido por interações cotidianas, pedidos, rumores e possibilidades de relacionamento.	43	Carroceiro	ACTIVE	MASCULINO	0		
NPC_0210	Iriethm	Aeloria	Runedral	-2	Caçador	Caçador de Runedral. Conhecido por interações cotidianas, pedidos, rumores e possibilidades de relacionamento.	60	Caçador	ACTIVE	FEMININO	0		
NPC_0211	Liaian	Zarim	Fornalia	-1	Sentinela	Sentinela de Fornalia. Conhecido por interações cotidianas, pedidos, rumores e possibilidades de relacionamento.	77	Sentinela	ACTIVE	MASCULINO	0		
NPC_0212	Oliak	Eshmara	Brumas	0	Criador de animais	Criador de animais de Brumas. Conhecido por interações cotidianas, pedidos, rumores e possibilidades de relacionamento.	31	Criador de animais	ACTIVE	FEMININO	0		
NPC_0213	Torind	Tharun	Stone-Âmbar	1	Bardo	Bardo de Stone-Âmbar. Conhecido por interações cotidianas, pedidos, rumores e possibilidades de relacionamento.	48	Bardo	ACTIVE	MASCULINO	0		
NPC_0214	Ysaethb	Lyrien	Aerocivitus	2	Guarda	Guarda de Aerocivitus. Conhecido por interações cotidianas, pedidos, rumores e possibilidades de relacionamento.	65	Guarda	ACTIVE	FEMININO	0		
NPC_0215	Ariath	Kethruun	Sandbones	3	Camponês	Camponês de Sandbones. Conhecido por interações cotidianas, pedidos, rumores e possibilidades de relacionamento.	19	Camponês	ACTIVE	MASCULINO	0		
NPC_0216	Daaa	Nyssara	Emerald Tide	4	Clérigo	Clérigo de Emerald Tide. Conhecido por interações cotidianas, pedidos, rumores e possibilidades de relacionamento.	36	Clérigo	ACTIVE	FEMININO	0		
NPC_0217	Galinl	Myrthos	Sem nome definido	-2	Valaryn	Valaryn de Sem nome definido. Conhecido por interações cotidianas, pedidos, rumores e possibilidades de relacionamento.	53	Valaryn	ACTIVE	MASCULINO	0		
NPC_0218	Jonethr	Orinthal	Crystalia	-1	Artesão	Artesão de Crystalia. Conhecido por interações cotidianas, pedidos, rumores e possibilidades de relacionamento.	70	Artesão	ACTIVE	FEMININO	0		
NPC_0219	Mariav	Valkyrion	Volmeria	0	Curandeiro	Curandeiro de Volmeria. Conhecido por interações cotidianas, pedidos, rumores e possibilidades de relacionamento.	24	Curandeiro	ACTIVE	MASCULINO	0		
NPC_0220	Renas	Aeloria	Lorwynne	1	Aventureiro	Aventureiro de Lorwynne. Conhecido por interações cotidianas, pedidos, rumores e possibilidades de relacionamento.	41	Aventureiro	ACTIVE	FEMININO	0		
NPC_0221	Vioint	Zarim	Fornalia	2	Estudante	Estudante de Fornalia. Conhecido por interações cotidianas, pedidos, rumores e possibilidades de relacionamento.	58	Estudante	ACTIVE	MASCULINO	0		
NPC_0222	Zanethm	Eshmara	Brumas	3	Mercador	Mercador de Brumas. Conhecido por interações cotidianas, pedidos, rumores e possibilidades de relacionamento.	75	Mercador	ACTIVE	FEMININO	0		
NPC_0223	Belian	Tharun	Stone-Âmbar	4	Pesquisador	Pesquisador de Stone-Âmbar. Conhecido por interações cotidianas, pedidos, rumores e possibilidades de relacionamento.	29	Pesquisador	ACTIVE	MASCULINO	0		
NPC_0224	Eliak	Lyrien	Aerocivitus	-2	Navegador	Navegador de Aerocivitus. Conhecido por interações cotidianas, pedidos, rumores e possibilidades de relacionamento.	46	Navegador	ACTIVE	FEMININO	0		
NPC_0225	Helind	Kethruun	Sandbones	-1	Ferreiro	Ferreiro de Sandbones. Conhecido por interações cotidianas, pedidos, rumores e possibilidades de relacionamento.	63	Ferreiro	ACTIVE	MASCULINO	0		
NPC_0226	Kaethb	Nyssara	Emerald Tide	0	Mensageiro	Mensageiro de Emerald Tide. Conhecido por interações cotidianas, pedidos, rumores e possibilidades de relacionamento.	80	Mensageiro	ACTIVE	FEMININO	0		
NPC_0227	Neriath	Myrthos	Sem nome definido	1	Erudito	Erudito de Sem nome definido. Conhecido por interações cotidianas, pedidos, rumores e possibilidades de relacionamento.	34	Erudito	ACTIVE	MASCULINO	0		
NPC_0228	Selaa	Orinthal	Crystalia	2	Mago	Mago de Crystalia. Conhecido por interações cotidianas, pedidos, rumores e possibilidades de relacionamento.	51	Mago	ACTIVE	FEMININO	0		
NPC_0229	Wilinl	Valkyrion	Volmeria	3	Carroceiro	Carroceiro de Volmeria. Conhecido por interações cotidianas, pedidos, rumores e possibilidades de relacionamento.	68	Carroceiro	ACTIVE	MASCULINO	0		
NPC_0230	Alethr	Aeloria	Frostmere	4	Caçador	Caçador de Frostmere. Conhecido por interações cotidianas, pedidos, rumores e possibilidades de relacionamento.	22	Caçador	ACTIVE	FEMININO	0		
NPC_0231	Coriav	Zarim	Fornalia	-2	Sentinela	Sentinela de Fornalia. Conhecido por interações cotidianas, pedidos, rumores e possibilidades de relacionamento.	39	Sentinela	ACTIVE	MASCULINO	0		
NPC_0232	Feras	Eshmara	Brumas	-1	Criador de animais	Criador de animais de Brumas. Conhecido por interações cotidianas, pedidos, rumores e possibilidades de relacionamento.	56	Criador de animais	ACTIVE	FEMININO	0		
NPC_0233	Iriint	Tharun	Stone-Âmbar	0	Bardo	Bardo de Stone-Âmbar. Conhecido por interações cotidianas, pedidos, rumores e possibilidades de relacionamento.	73	Bardo	ACTIVE	MASCULINO	0		
NPC_0234	Liaethm	Lyrien	Aerocivitus	1	Guarda	Guarda de Aerocivitus. Conhecido por interações cotidianas, pedidos, rumores e possibilidades de relacionamento.	27	Guarda	ACTIVE	FEMININO	0		
NPC_0235	Oliian	Kethruun	Sandbones	2	Camponês	Camponês de Sandbones. Conhecido por interações cotidianas, pedidos, rumores e possibilidades de relacionamento.	44	Camponês	ACTIVE	MASCULINO	0		
NPC_0236	Torak	Nyssara	Emerald Tide	3	Clérigo	Clérigo de Emerald Tide. Conhecido por interações cotidianas, pedidos, rumores e possibilidades de relacionamento.	61	Clérigo	ACTIVE	FEMININO	0		
NPC_0237	Ysaind	Myrthos	Sem nome definido	4	Valaryn	Valaryn de Sem nome definido. Conhecido por interações cotidianas, pedidos, rumores e possibilidades de relacionamento.	78	Valaryn	ACTIVE	MASCULINO	0		
NPC_0238	Arethb	Orinthal	Crystalia	-2	Artesão	Artesão de Crystalia. Conhecido por interações cotidianas, pedidos, rumores e possibilidades de relacionamento.	32	Artesão	ACTIVE	FEMININO	0		
NPC_0239	Daiath	Valkyrion	Volmeria	-1	Curandeiro	Curandeiro de Volmeria. Conhecido por interações cotidianas, pedidos, rumores e possibilidades de relacionamento.	49	Curandeiro	ACTIVE	MASCULINO	0		
NPC_0240	Galaa	Aeloria	Zorathen	0	Aventureiro	Aventureiro de Zorathen. Conhecido por interações cotidianas, pedidos, rumores e possibilidades de relacionamento.	66	Aventureiro	ACTIVE	FEMININO	0		
NPC_0241	Joninl	Zarim	Fornalia	1	Estudante	Estudante de Fornalia. Conhecido por interações cotidianas, pedidos, rumores e possibilidades de relacionamento.	20	Estudante	ACTIVE	MASCULINO	0		
NPC_0242	Marethr	Eshmara	Brumas	2	Mercador	Mercador de Brumas. Conhecido por interações cotidianas, pedidos, rumores e possibilidades de relacionamento.	37	Mercador	ACTIVE	FEMININO	0		
NPC_0243	Reniav	Tharun	Stone-Âmbar	3	Pesquisador	Pesquisador de Stone-Âmbar. Conhecido por interações cotidianas, pedidos, rumores e possibilidades de relacionamento.	54	Pesquisador	ACTIVE	MASCULINO	0		
NPC_0244	Vioas	Lyrien	Aerocivitus	4	Navegador	Navegador de Aerocivitus. Conhecido por interações cotidianas, pedidos, rumores e possibilidades de relacionamento.	71	Navegador	ACTIVE	FEMININO	0		
NPC_0245	Zanint	Kethruun	Sandbones	-2	Ferreiro	Ferreiro de Sandbones. Conhecido por interações cotidianas, pedidos, rumores e possibilidades de relacionamento.	25	Ferreiro	ACTIVE	MASCULINO	0		
NPC_0246	Belethm	Nyssara	Emerald Tide	-1	Mensageiro	Mensageiro de Emerald Tide. Conhecido por interações cotidianas, pedidos, rumores e possibilidades de relacionamento.	42	Mensageiro	ACTIVE	FEMININO	0		
NPC_0247	Eliian	Myrthos	Sem nome definido	0	Erudito	Erudito de Sem nome definido. Conhecido por interações cotidianas, pedidos, rumores e possibilidades de relacionamento.	59	Erudito	ACTIVE	MASCULINO	0		
NPC_0248	Helak	Orinthal	Crystalia	1	Mago	Mago de Crystalia. Conhecido por interações cotidianas, pedidos, rumores e possibilidades de relacionamento.	76	Mago	ACTIVE	FEMININO	0		
NPC_0249	Kaind	Valkyrion	Volmeria	2	Carroceiro	Carroceiro de Volmeria. Conhecido por interações cotidianas, pedidos, rumores e possibilidades de relacionamento.	30	Carroceiro	ACTIVE	MASCULINO	0		
NPC_0250	Nerethb	Aeloria	Thornmere	3	Caçador	Caçador de Thornmere. Conhecido por interações cotidianas, pedidos, rumores e possibilidades de relacionamento.	47	Caçador	ACTIVE	FEMININO	0		
NPC_0251	Seliath	Zarim	Fornalia	4	Sentinela	Sentinela de Fornalia. Conhecido por interações cotidianas, pedidos, rumores e possibilidades de relacionamento.	64	Sentinela	ACTIVE	MASCULINO	0		
NPC_0252	Wilaa	Eshmara	Brumas	-2	Criador de animais	Criador de animais de Brumas. Conhecido por interações cotidianas, pedidos, rumores e possibilidades de relacionamento.	18	Criador de animais	ACTIVE	FEMININO	0		
NPC_0253	Alinl	Tharun	Stone-Âmbar	-1	Bardo	Bardo de Stone-Âmbar. Conhecido por interações cotidianas, pedidos, rumores e possibilidades de relacionamento.	35	Bardo	ACTIVE	MASCULINO	0		
NPC_0254	Corethr	Lyrien	Aerocivitus	0	Guarda	Guarda de Aerocivitus. Conhecido por interações cotidianas, pedidos, rumores e possibilidades de relacionamento.	52	Guarda	ACTIVE	FEMININO	0		
NPC_0255	Feriav	Kethruun	Sandbones	1	Camponês	Camponês de Sandbones. Conhecido por interações cotidianas, pedidos, rumores e possibilidades de relacionamento.	69	Camponês	ACTIVE	MASCULINO	0		
NPC_0256	Irias	Nyssara	Emerald Tide	2	Clérigo	Clérigo de Emerald Tide. Conhecido por interações cotidianas, pedidos, rumores e possibilidades de relacionamento.	23	Clérigo	ACTIVE	FEMININO	0		
NPC_0257	Liaint	Myrthos	Sem nome definido	3	Valaryn	Valaryn de Sem nome definido. Conhecido por interações cotidianas, pedidos, rumores e possibilidades de relacionamento.	40	Valaryn	ACTIVE	MASCULINO	0		
NPC_0258	Oliethm	Orinthal	Crystalia	4	Artesão	Artesão de Crystalia. Conhecido por interações cotidianas, pedidos, rumores e possibilidades de relacionamento.	57	Artesão	ACTIVE	FEMININO	0		
NPC_0259	Torian	Valkyrion	Volmeria	-2	Curandeiro	Curandeiro de Volmeria. Conhecido por interações cotidianas, pedidos, rumores e possibilidades de relacionamento.	74	Curandeiro	ACTIVE	MASCULINO	0		
NPC_0260	Ysaak	Aeloria	Norhaven	-1	Aventureiro	Aventureiro de Norhaven. Conhecido por interações cotidianas, pedidos, rumores e possibilidades de relacionamento.	28	Aventureiro	ACTIVE	FEMININO	0		
NPC_0261	Arind	Zarim	Fornalia	0	Estudante	Estudante de Fornalia. Conhecido por interações cotidianas, pedidos, rumores e possibilidades de relacionamento.	45	Estudante	ACTIVE	MASCULINO	0		
NPC_0262	Daethb	Eshmara	Brumas	1	Mercador	Mercador de Brumas. Conhecido por interações cotidianas, pedidos, rumores e possibilidades de relacionamento.	62	Mercador	ACTIVE	FEMININO	0		
NPC_0263	Galiath	Tharun	Stone-Âmbar	2	Pesquisador	Pesquisador de Stone-Âmbar. Conhecido por interações cotidianas, pedidos, rumores e possibilidades de relacionamento.	79	Pesquisador	ACTIVE	MASCULINO	0		
NPC_0264	Jonaa	Lyrien	Aerocivitus	3	Navegador	Navegador de Aerocivitus. Conhecido por interações cotidianas, pedidos, rumores e possibilidades de relacionamento.	33	Navegador	ACTIVE	FEMININO	0		
NPC_0265	Marinl	Kethruun	Sandbones	4	Ferreiro	Ferreiro de Sandbones. Conhecido por interações cotidianas, pedidos, rumores e possibilidades de relacionamento.	50	Ferreiro	ACTIVE	MASCULINO	0		
NPC_0266	Renethr	Nyssara	Emerald Tide	-2	Mensageiro	Mensageiro de Emerald Tide. Conhecido por interações cotidianas, pedidos, rumores e possibilidades de relacionamento.	67	Mensageiro	ACTIVE	FEMININO	0		
NPC_0267	Vioiav	Myrthos	Sem nome definido	-1	Erudito	Erudito de Sem nome definido. Conhecido por interações cotidianas, pedidos, rumores e possibilidades de relacionamento.	21	Erudito	ACTIVE	MASCULINO	0		
NPC_0268	Zanas	Orinthal	Crystalia	0	Mago	Mago de Crystalia. Conhecido por interações cotidianas, pedidos, rumores e possibilidades de relacionamento.	38	Mago	ACTIVE	FEMININO	0		
NPC_0269	Belint	Valkyrion	Volmeria	1	Carroceiro	Carroceiro de Volmeria. Conhecido por interações cotidianas, pedidos, rumores e possibilidades de relacionamento.	55	Carroceiro	ACTIVE	MASCULINO	0		
NPC_0270	Eliethm	Aeloria	Hallowspire	2	Caçador	Caçador de Hallowspire. Conhecido por interações cotidianas, pedidos, rumores e possibilidades de relacionamento.	72	Caçador	ACTIVE	FEMININO	0		
NPC_0271	Helian	Zarim	Fornalia	3	Sentinela	Sentinela de Fornalia. Conhecido por interações cotidianas, pedidos, rumores e possibilidades de relacionamento.	26	Sentinela	ACTIVE	MASCULINO	0		
NPC_0272	Kaak	Eshmara	Brumas	4	Criador de animais	Criador de animais de Brumas. Conhecido por interações cotidianas, pedidos, rumores e possibilidades de relacionamento.	43	Criador de animais	ACTIVE	FEMININO	0		
NPC_0273	Nerind	Tharun	Stone-Âmbar	-2	Bardo	Bardo de Stone-Âmbar. Conhecido por interações cotidianas, pedidos, rumores e possibilidades de relacionamento.	60	Bardo	ACTIVE	MASCULINO	0		
NPC_0274	Selethb	Lyrien	Aerocivitus	-1	Guarda	Guarda de Aerocivitus. Conhecido por interações cotidianas, pedidos, rumores e possibilidades de relacionamento.	77	Guarda	ACTIVE	FEMININO	0		
NPC_0275	Wiliath	Kethruun	Sandbones	0	Camponês	Camponês de Sandbones. Conhecido por interações cotidianas, pedidos, rumores e possibilidades de relacionamento.	31	Camponês	ACTIVE	MASCULINO	0		
NPC_0276	Alaa	Nyssara	Emerald Tide	1	Clérigo	Clérigo de Emerald Tide. Conhecido por interações cotidianas, pedidos, rumores e possibilidades de relacionamento.	48	Clérigo	ACTIVE	FEMININO	0		
NPC_0277	Corinl	Myrthos	Sem nome definido	2	Valaryn	Valaryn de Sem nome definido. Conhecido por interações cotidianas, pedidos, rumores e possibilidades de relacionamento.	65	Valaryn	ACTIVE	MASCULINO	0		
NPC_0278	Ferethr	Orinthal	Crystalia	3	Artesão	Artesão de Crystalia. Conhecido por interações cotidianas, pedidos, rumores e possibilidades de relacionamento.	19	Artesão	ACTIVE	FEMININO	0		
NPC_0279	Iriiav	Valkyrion	Volmeria	4	Curandeiro	Curandeiro de Volmeria. Conhecido por interações cotidianas, pedidos, rumores e possibilidades de relacionamento.	36	Curandeiro	ACTIVE	MASCULINO	0		
NPC_0280	Liaas	Aeloria	Brighthollow	-2	Aventureiro	Aventureiro de Brighthollow. Conhecido por interações cotidianas, pedidos, rumores e possibilidades de relacionamento.	53	Aventureiro	ACTIVE	FEMININO	0		
NPC_0281	Oliint	Zarim	Fornalia	-1	Estudante	Estudante de Fornalia. Conhecido por interações cotidianas, pedidos, rumores e possibilidades de relacionamento.	70	Estudante	ACTIVE	MASCULINO	0		
NPC_0282	Torethm	Eshmara	Brumas	0	Mercador	Mercador de Brumas. Conhecido por interações cotidianas, pedidos, rumores e possibilidades de relacionamento.	24	Mercador	ACTIVE	FEMININO	0		
NPC_0283	Ysaian	Tharun	Stone-Âmbar	1	Pesquisador	Pesquisador de Stone-Âmbar. Conhecido por interações cotidianas, pedidos, rumores e possibilidades de relacionamento.	41	Pesquisador	ACTIVE	MASCULINO	0		
NPC_0284	Arak	Lyrien	Aerocivitus	2	Navegador	Navegador de Aerocivitus. Conhecido por interações cotidianas, pedidos, rumores e possibilidades de relacionamento.	58	Navegador	ACTIVE	FEMININO	0		
NPC_0285	Daind	Kethruun	Sandbones	3	Ferreiro	Ferreiro de Sandbones. Conhecido por interações cotidianas, pedidos, rumores e possibilidades de relacionamento.	75	Ferreiro	ACTIVE	MASCULINO	0		
NPC_0286	Galethb	Nyssara	Emerald Tide	4	Mensageiro	Mensageiro de Emerald Tide. Conhecido por interações cotidianas, pedidos, rumores e possibilidades de relacionamento.	29	Mensageiro	ACTIVE	FEMININO	0		
NPC_0287	Joniath	Myrthos	Sem nome definido	-2	Erudito	Erudito de Sem nome definido. Conhecido por interações cotidianas, pedidos, rumores e possibilidades de relacionamento.	46	Erudito	ACTIVE	MASCULINO	0		
NPC_0288	Maraa	Orinthal	Crystalia	-1	Mago	Mago de Crystalia. Conhecido por interações cotidianas, pedidos, rumores e possibilidades de relacionamento.	63	Mago	ACTIVE	FEMININO	0		
NPC_0289	Reninl	Valkyrion	Volmeria	0	Carroceiro	Carroceiro de Volmeria. Conhecido por interações cotidianas, pedidos, rumores e possibilidades de relacionamento.	80	Carroceiro	ACTIVE	MASCULINO	0		
NPC_0290	Vioethr	Aeloria	Valdora	1	Caçador	Caçador de Valdora. Conhecido por interações cotidianas, pedidos, rumores e possibilidades de relacionamento.	34	Caçador	ACTIVE	FEMININO	0		
NPC_0291	Zaniav	Zarim	Fornalia	2	Sentinela	Sentinela de Fornalia. Conhecido por interações cotidianas, pedidos, rumores e possibilidades de relacionamento.	51	Sentinela	ACTIVE	MASCULINO	0		
NPC_0292	Belas	Eshmara	Brumas	3	Criador de animais	Criador de animais de Brumas. Conhecido por interações cotidianas, pedidos, rumores e possibilidades de relacionamento.	68	Criador de animais	ACTIVE	FEMININO	0		
NPC_0293	Eliint	Tharun	Stone-Âmbar	4	Bardo	Bardo de Stone-Âmbar. Conhecido por interações cotidianas, pedidos, rumores e possibilidades de relacionamento.	22	Bardo	ACTIVE	MASCULINO	0		
NPC_0294	Helethm	Lyrien	Aerocivitus	-2	Guarda	Guarda de Aerocivitus. Conhecido por interações cotidianas, pedidos, rumores e possibilidades de relacionamento.	39	Guarda	ACTIVE	FEMININO	0		
NPC_0295	Kaian	Kethruun	Sandbones	-1	Camponês	Camponês de Sandbones. Conhecido por interações cotidianas, pedidos, rumores e possibilidades de relacionamento.	56	Camponês	ACTIVE	MASCULINO	0		
NPC_0296	Nerak	Nyssara	Emerald Tide	0	Clérigo	Clérigo de Emerald Tide. Conhecido por interações cotidianas, pedidos, rumores e possibilidades de relacionamento.	73	Clérigo	ACTIVE	FEMININO	0		
NPC_0297	Selind	Myrthos	Sem nome definido	1	Valaryn	Valaryn de Sem nome definido. Conhecido por interações cotidianas, pedidos, rumores e possibilidades de relacionamento.	27	Valaryn	ACTIVE	MASCULINO	0		
NPC_0298	Wilethb	Orinthal	Crystalia	2	Artesão	Artesão de Crystalia. Conhecido por interações cotidianas, pedidos, rumores e possibilidades de relacionamento.	44	Artesão	ACTIVE	FEMININO	0		
NPC_0299	Aliath	Valkyrion	Volmeria	3	Curandeiro	Curandeiro de Volmeria. Conhecido por interações cotidianas, pedidos, rumores e possibilidades de relacionamento.	61	Curandeiro	ACTIVE	MASCULINO	0		
NPC_0300	Coraa	Aeloria	Verdralith	4	Aventureiro	Aventureiro de Verdralith. Conhecido por interações cotidianas, pedidos, rumores e possibilidades de relacionamento.	78	Aventureiro	ACTIVE	FEMININO	0		
NPC_0301	Ferinl	Zarim	Fornalia	-2	Estudante	Estudante de Fornalia. Conhecido por interações cotidianas, pedidos, rumores e possibilidades de relacionamento.	32	Estudante	ACTIVE	MASCULINO	0		
NPC_0302	Iriethr	Eshmara	Brumas	-1	Mercador	Mercador de Brumas. Conhecido por interações cotidianas, pedidos, rumores e possibilidades de relacionamento.	49	Mercador	ACTIVE	FEMININO	0		
NPC_0303	Liaiav	Tharun	Stone-Âmbar	0	Pesquisador	Pesquisador de Stone-Âmbar. Conhecido por interações cotidianas, pedidos, rumores e possibilidades de relacionamento.	66	Pesquisador	ACTIVE	MASCULINO	0		
NPC_0304	Olias	Lyrien	Aerocivitus	1	Navegador	Navegador de Aerocivitus. Conhecido por interações cotidianas, pedidos, rumores e possibilidades de relacionamento.	20	Navegador	ACTIVE	FEMININO	0		
NPC_0305	Torint	Kethruun	Sandbones	2	Ferreiro	Ferreiro de Sandbones. Conhecido por interações cotidianas, pedidos, rumores e possibilidades de relacionamento.	37	Ferreiro	ACTIVE	MASCULINO	0		
NPC_0306	Ysaethm	Nyssara	Emerald Tide	3	Mensageiro	Mensageiro de Emerald Tide. Conhecido por interações cotidianas, pedidos, rumores e possibilidades de relacionamento.	54	Mensageiro	ACTIVE	FEMININO	0		
NPC_0307	Arian	Myrthos	Sem nome definido	4	Erudito	Erudito de Sem nome definido. Conhecido por interações cotidianas, pedidos, rumores e possibilidades de relacionamento.	71	Erudito	ACTIVE	MASCULINO	0		
NPC_0308	Daak	Orinthal	Crystalia	-2	Mago	Mago de Crystalia. Conhecido por interações cotidianas, pedidos, rumores e possibilidades de relacionamento.	25	Mago	ACTIVE	FEMININO	0		
NPC_0309	Galind	Valkyrion	Volmeria	-1	Carroceiro	Carroceiro de Volmeria. Conhecido por interações cotidianas, pedidos, rumores e possibilidades de relacionamento.	42	Carroceiro	ACTIVE	MASCULINO	0		
NPC_0310	Jonethb	Aeloria	Prismere	0	Caçador	Caçador de Prismere. Conhecido por interações cotidianas, pedidos, rumores e possibilidades de relacionamento.	59	Caçador	ACTIVE	FEMININO	0		
NPC_0311	Mariath	Zarim	Fornalia	1	Sentinela	Sentinela de Fornalia. Conhecido por interações cotidianas, pedidos, rumores e possibilidades de relacionamento.	76	Sentinela	ACTIVE	MASCULINO	0		
NPC_0312	Renaa	Eshmara	Brumas	2	Criador de animais	Criador de animais de Brumas. Conhecido por interações cotidianas, pedidos, rumores e possibilidades de relacionamento.	30	Criador de animais	ACTIVE	FEMININO	0		
NPC_0313	Vioinl	Tharun	Stone-Âmbar	3	Bardo	Bardo de Stone-Âmbar. Conhecido por interações cotidianas, pedidos, rumores e possibilidades de relacionamento.	47	Bardo	ACTIVE	MASCULINO	0		
NPC_0314	Zanethr	Lyrien	Aerocivitus	4	Guarda	Guarda de Aerocivitus. Conhecido por interações cotidianas, pedidos, rumores e possibilidades de relacionamento.	64	Guarda	ACTIVE	FEMININO	0		
NPC_0315	Beliav	Kethruun	Sandbones	-2	Camponês	Camponês de Sandbones. Conhecido por interações cotidianas, pedidos, rumores e possibilidades de relacionamento.	18	Camponês	ACTIVE	MASCULINO	0		
NPC_0316	Elias	Nyssara	Emerald Tide	-1	Clérigo	Clérigo de Emerald Tide. Conhecido por interações cotidianas, pedidos, rumores e possibilidades de relacionamento.	35	Clérigo	ACTIVE	FEMININO	0		
NPC_0317	Helint	Myrthos	Sem nome definido	0	Valaryn	Valaryn de Sem nome definido. Conhecido por interações cotidianas, pedidos, rumores e possibilidades de relacionamento.	52	Valaryn	ACTIVE	MASCULINO	0		
NPC_0318	Kaethm	Orinthal	Crystalia	1	Artesão	Artesão de Crystalia. Conhecido por interações cotidianas, pedidos, rumores e possibilidades de relacionamento.	69	Artesão	ACTIVE	FEMININO	0		
NPC_0319	Nerian	Valkyrion	Volmeria	2	Curandeiro	Curandeiro de Volmeria. Conhecido por interações cotidianas, pedidos, rumores e possibilidades de relacionamento.	23	Curandeiro	ACTIVE	MASCULINO	0		
NPC_0320	Selak	Aeloria	Jorwyn	3	Aventureiro	Aventureiro de Jorwyn. Conhecido por interações cotidianas, pedidos, rumores e possibilidades de relacionamento.	40	Aventureiro	ACTIVE	FEMININO	0		
NPC_0321	Wilind	Zarim	Fornalia	4	Estudante	Estudante de Fornalia. Conhecido por interações cotidianas, pedidos, rumores e possibilidades de relacionamento.	57	Estudante	ACTIVE	MASCULINO	0		
NPC_0322	Alethb	Eshmara	Brumas	-2	Mercador	Mercador de Brumas. Conhecido por interações cotidianas, pedidos, rumores e possibilidades de relacionamento.	74	Mercador	ACTIVE	FEMININO	0		
NPC_0323	Coriath	Tharun	Stone-Âmbar	-1	Pesquisador	Pesquisador de Stone-Âmbar. Conhecido por interações cotidianas, pedidos, rumores e possibilidades de relacionamento.	28	Pesquisador	ACTIVE	MASCULINO	0		
NPC_0324	Feraa	Lyrien	Aerocivitus	0	Navegador	Navegador de Aerocivitus. Conhecido por interações cotidianas, pedidos, rumores e possibilidades de relacionamento.	45	Navegador	ACTIVE	FEMININO	0		
NPC_0325	Iriinl	Kethruun	Sandbones	1	Ferreiro	Ferreiro de Sandbones. Conhecido por interações cotidianas, pedidos, rumores e possibilidades de relacionamento.	62	Ferreiro	ACTIVE	MASCULINO	0		
NPC_0326	Liaethr	Nyssara	Emerald Tide	2	Mensageiro	Mensageiro de Emerald Tide. Conhecido por interações cotidianas, pedidos, rumores e possibilidades de relacionamento.	79	Mensageiro	ACTIVE	FEMININO	0		
NPC_0327	Oliiav	Myrthos	Sem nome definido	3	Erudito	Erudito de Sem nome definido. Conhecido por interações cotidianas, pedidos, rumores e possibilidades de relacionamento.	33	Erudito	ACTIVE	MASCULINO	0		
NPC_0328	Toras	Orinthal	Crystalia	4	Mago	Mago de Crystalia. Conhecido por interações cotidianas, pedidos, rumores e possibilidades de relacionamento.	50	Mago	ACTIVE	FEMININO	0		
NPC_0329	Ysaint	Valkyrion	Volmeria	-2	Carroceiro	Carroceiro de Volmeria. Conhecido por interações cotidianas, pedidos, rumores e possibilidades de relacionamento.	67	Carroceiro	ACTIVE	MASCULINO	0		
NPC_0330	Arethm	Aeloria	Dawnspire	-1	Caçador	Caçador de Dawnspire. Conhecido por interações cotidianas, pedidos, rumores e possibilidades de relacionamento.	21	Caçador	ACTIVE	FEMININO	0		
NPC_0331	Daian	Zarim	Fornalia	0	Sentinela	Sentinela de Fornalia. Conhecido por interações cotidianas, pedidos, rumores e possibilidades de relacionamento.	38	Sentinela	ACTIVE	MASCULINO	0		
NPC_0332	Galak	Eshmara	Brumas	1	Criador de animais	Criador de animais de Brumas. Conhecido por interações cotidianas, pedidos, rumores e possibilidades de relacionamento.	55	Criador de animais	ACTIVE	FEMININO	0		
NPC_0333	Jonind	Tharun	Stone-Âmbar	2	Bardo	Bardo de Stone-Âmbar. Conhecido por interações cotidianas, pedidos, rumores e possibilidades de relacionamento.	72	Bardo	ACTIVE	MASCULINO	0		
NPC_0334	Marethb	Lyrien	Aerocivitus	3	Guarda	Guarda de Aerocivitus. Conhecido por interações cotidianas, pedidos, rumores e possibilidades de relacionamento.	26	Guarda	ACTIVE	FEMININO	0		
NPC_0335	Reniath	Kethruun	Sandbones	4	Camponês	Camponês de Sandbones. Conhecido por interações cotidianas, pedidos, rumores e possibilidades de relacionamento.	43	Camponês	ACTIVE	MASCULINO	0		
NPC_0336	Vioaa	Nyssara	Emerald Tide	-2	Clérigo	Clérigo de Emerald Tide. Conhecido por interações cotidianas, pedidos, rumores e possibilidades de relacionamento.	60	Clérigo	ACTIVE	FEMININO	0		
NPC_0337	Zaninl	Myrthos	Sem nome definido	-1	Valaryn	Valaryn de Sem nome definido. Conhecido por interações cotidianas, pedidos, rumores e possibilidades de relacionamento.	77	Valaryn	ACTIVE	MASCULINO	0		
NPC_0338	Belethr	Orinthal	Crystalia	0	Artesão	Artesão de Crystalia. Conhecido por interações cotidianas, pedidos, rumores e possibilidades de relacionamento.	31	Artesão	ACTIVE	FEMININO	0		
NPC_0339	Eliiav	Valkyrion	Volmeria	1	Curandeiro	Curandeiro de Volmeria. Conhecido por interações cotidianas, pedidos, rumores e possibilidades de relacionamento.	48	Curandeiro	ACTIVE	MASCULINO	0		
NPC_0340	Helas	Aeloria	Xandralor	2	Aventureiro	Aventureiro de Xandralor. Conhecido por interações cotidianas, pedidos, rumores e possibilidades de relacionamento.	65	Aventureiro	ACTIVE	FEMININO	0		
NPC_0341	Kaint	Zarim	Fornalia	3	Estudante	Estudante de Fornalia. Conhecido por interações cotidianas, pedidos, rumores e possibilidades de relacionamento.	19	Estudante	ACTIVE	MASCULINO	0		
NPC_0342	Nerethm	Eshmara	Brumas	4	Mercador	Mercador de Brumas. Conhecido por interações cotidianas, pedidos, rumores e possibilidades de relacionamento.	36	Mercador	ACTIVE	FEMININO	0		
NPC_0343	Selian	Tharun	Stone-Âmbar	-2	Pesquisador	Pesquisador de Stone-Âmbar. Conhecido por interações cotidianas, pedidos, rumores e possibilidades de relacionamento.	53	Pesquisador	ACTIVE	MASCULINO	0		
NPC_0344	Wilak	Lyrien	Aerocivitus	-1	Navegador	Navegador de Aerocivitus. Conhecido por interações cotidianas, pedidos, rumores e possibilidades de relacionamento.	70	Navegador	ACTIVE	FEMININO	0		
NPC_0345	Alind	Kethruun	Sandbones	0	Ferreiro	Ferreiro de Sandbones. Conhecido por interações cotidianas, pedidos, rumores e possibilidades de relacionamento.	24	Ferreiro	ACTIVE	MASCULINO	0		
NPC_0346	Corethb	Nyssara	Emerald Tide	1	Mensageiro	Mensageiro de Emerald Tide. Conhecido por interações cotidianas, pedidos, rumores e possibilidades de relacionamento.	41	Mensageiro	ACTIVE	FEMININO	0		
NPC_0347	Feriath	Myrthos	Sem nome definido	2	Erudito	Erudito de Sem nome definido. Conhecido por interações cotidianas, pedidos, rumores e possibilidades de relacionamento.	58	Erudito	ACTIVE	MASCULINO	0		
NPC_0348	Iriaa	Orinthal	Crystalia	3	Mago	Mago de Crystalia. Conhecido por interações cotidianas, pedidos, rumores e possibilidades de relacionamento.	75	Mago	ACTIVE	FEMININO	0		
NPC_0349	Liainl	Valkyrion	Volmeria	4	Carroceiro	Carroceiro de Volmeria. Conhecido por interações cotidianas, pedidos, rumores e possibilidades de relacionamento.	29	Carroceiro	ACTIVE	MASCULINO	0		
NPC_0350	Oliethr	Aeloria	Rivenholt	-2	Caçador	Caçador de Rivenholt. Conhecido por interações cotidianas, pedidos, rumores e possibilidades de relacionamento.	46	Caçador	ACTIVE	FEMININO	0		
NPC_0351	Toriav	Zarim	Fornalia	-1	Sentinela	Sentinela de Fornalia. Conhecido por interações cotidianas, pedidos, rumores e possibilidades de relacionamento.	63	Sentinela	ACTIVE	MASCULINO	0		
NPC_0352	Ysaas	Eshmara	Brumas	0	Criador de animais	Criador de animais de Brumas. Conhecido por interações cotidianas, pedidos, rumores e possibilidades de relacionamento.	80	Criador de animais	ACTIVE	FEMININO	0		
NPC_0353	Arint	Tharun	Stone-Âmbar	1	Bardo	Bardo de Stone-Âmbar. Conhecido por interações cotidianas, pedidos, rumores e possibilidades de relacionamento.	34	Bardo	ACTIVE	MASCULINO	0		
NPC_0354	Daethm	Lyrien	Aerocivitus	2	Guarda	Guarda de Aerocivitus. Conhecido por interações cotidianas, pedidos, rumores e possibilidades de relacionamento.	51	Guarda	ACTIVE	FEMININO	0		
NPC_0355	Galian	Kethruun	Sandbones	3	Camponês	Camponês de Sandbones. Conhecido por interações cotidianas, pedidos, rumores e possibilidades de relacionamento.	68	Camponês	ACTIVE	MASCULINO	0		
NPC_0356	Jonak	Nyssara	Emerald Tide	4	Clérigo	Clérigo de Emerald Tide. Conhecido por interações cotidianas, pedidos, rumores e possibilidades de relacionamento.	22	Clérigo	ACTIVE	FEMININO	0		
NPC_0357	Marind	Myrthos	Sem nome definido	-2	Valaryn	Valaryn de Sem nome definido. Conhecido por interações cotidianas, pedidos, rumores e possibilidades de relacionamento.	39	Valaryn	ACTIVE	MASCULINO	0		
NPC_0358	Renethb	Orinthal	Crystalia	-1	Artesão	Artesão de Crystalia. Conhecido por interações cotidianas, pedidos, rumores e possibilidades de relacionamento.	56	Artesão	ACTIVE	FEMININO	0		
NPC_0359	Vioiath	Valkyrion	Volmeria	0	Curandeiro	Curandeiro de Volmeria. Conhecido por interações cotidianas, pedidos, rumores e possibilidades de relacionamento.	73	Curandeiro	ACTIVE	MASCULINO	0		
NPC_0360	Zanaa	Aeloria	Loryndor	1	Aventureiro	Aventureiro de Loryndor. Conhecido por interações cotidianas, pedidos, rumores e possibilidades de relacionamento.	27	Aventureiro	ACTIVE	FEMININO	0		
NPC_0361	Belinl	Zarim	Fornalia	2	Estudante	Estudante de Fornalia. Conhecido por interações cotidianas, pedidos, rumores e possibilidades de relacionamento.	44	Estudante	ACTIVE	MASCULINO	0		
NPC_0362	Eliethr	Eshmara	Brumas	3	Mercador	Mercador de Brumas. Conhecido por interações cotidianas, pedidos, rumores e possibilidades de relacionamento.	61	Mercador	ACTIVE	FEMININO	0		
NPC_0363	Heliav	Tharun	Stone-Âmbar	4	Pesquisador	Pesquisador de Stone-Âmbar. Conhecido por interações cotidianas, pedidos, rumores e possibilidades de relacionamento.	78	Pesquisador	ACTIVE	MASCULINO	0		
NPC_0364	Kaas	Lyrien	Aerocivitus	-2	Navegador	Navegador de Aerocivitus. Conhecido por interações cotidianas, pedidos, rumores e possibilidades de relacionamento.	32	Navegador	ACTIVE	FEMININO	0		
NPC_0365	Nerint	Kethruun	Sandbones	-1	Ferreiro	Ferreiro de Sandbones. Conhecido por interações cotidianas, pedidos, rumores e possibilidades de relacionamento.	49	Ferreiro	ACTIVE	MASCULINO	0		
NPC_0366	Selethm	Nyssara	Emerald Tide	0	Mensageiro	Mensageiro de Emerald Tide. Conhecido por interações cotidianas, pedidos, rumores e possibilidades de relacionamento.	66	Mensageiro	ACTIVE	FEMININO	0		
NPC_0367	Wilian	Myrthos	Sem nome definido	1	Erudito	Erudito de Sem nome definido. Conhecido por interações cotidianas, pedidos, rumores e possibilidades de relacionamento.	20	Erudito	ACTIVE	MASCULINO	0		
NPC_0368	Alak	Orinthal	Crystalia	2	Mago	Mago de Crystalia. Conhecido por interações cotidianas, pedidos, rumores e possibilidades de relacionamento.	37	Mago	ACTIVE	FEMININO	0		
NPC_0369	Corind	Valkyrion	Volmeria	3	Carroceiro	Carroceiro de Volmeria. Conhecido por interações cotidianas, pedidos, rumores e possibilidades de relacionamento.	54	Carroceiro	ACTIVE	MASCULINO	0		
NPC_0370	Ferethb	Aeloria	Fenndral	4	Caçador	Caçador de Fenndral. Conhecido por interações cotidianas, pedidos, rumores e possibilidades de relacionamento.	71	Caçador	ACTIVE	FEMININO	0		
NPC_0371	Iriiath	Zarim	Fornalia	-2	Sentinela	Sentinela de Fornalia. Conhecido por interações cotidianas, pedidos, rumores e possibilidades de relacionamento.	25	Sentinela	ACTIVE	MASCULINO	0		
NPC_0372	Liaaa	Eshmara	Brumas	-1	Criador de animais	Criador de animais de Brumas. Conhecido por interações cotidianas, pedidos, rumores e possibilidades de relacionamento.	42	Criador de animais	ACTIVE	FEMININO	0		
NPC_0373	Oliinl	Tharun	Stone-Âmbar	0	Bardo	Bardo de Stone-Âmbar. Conhecido por interações cotidianas, pedidos, rumores e possibilidades de relacionamento.	59	Bardo	ACTIVE	MASCULINO	0		
NPC_0374	Torethr	Lyrien	Aerocivitus	1	Guarda	Guarda de Aerocivitus. Conhecido por interações cotidianas, pedidos, rumores e possibilidades de relacionamento.	76	Guarda	ACTIVE	FEMININO	0		
NPC_0375	Ysaiav	Kethruun	Sandbones	2	Camponês	Camponês de Sandbones. Conhecido por interações cotidianas, pedidos, rumores e possibilidades de relacionamento.	30	Camponês	ACTIVE	MASCULINO	0		
NPC_0376	Aras	Nyssara	Emerald Tide	3	Clérigo	Clérigo de Emerald Tide. Conhecido por interações cotidianas, pedidos, rumores e possibilidades de relacionamento.	47	Clérigo	ACTIVE	FEMININO	0		
NPC_0377	Daint	Myrthos	Sem nome definido	4	Valaryn	Valaryn de Sem nome definido. Conhecido por interações cotidianas, pedidos, rumores e possibilidades de relacionamento.	64	Valaryn	ACTIVE	MASCULINO	0		
NPC_0378	Galethm	Orinthal	Crystalia	-2	Artesão	Artesão de Crystalia. Conhecido por interações cotidianas, pedidos, rumores e possibilidades de relacionamento.	18	Artesão	ACTIVE	FEMININO	0		
NPC_0379	Jonian	Valkyrion	Volmeria	-1	Curandeiro	Curandeiro de Volmeria. Conhecido por interações cotidianas, pedidos, rumores e possibilidades de relacionamento.	35	Curandeiro	ACTIVE	MASCULINO	0		
NPC_0380	Marak	Aeloria	Feyndral	0	Aventureiro	Aventureiro de Feyndral. Conhecido por interações cotidianas, pedidos, rumores e possibilidades de relacionamento.	52	Aventureiro	ACTIVE	FEMININO	0		
NPC_0381	Renind	Zarim	Fornalia	1	Estudante	Estudante de Fornalia. Conhecido por interações cotidianas, pedidos, rumores e possibilidades de relacionamento.	69	Estudante	ACTIVE	MASCULINO	0		
NPC_0382	Vioethb	Eshmara	Brumas	2	Mercador	Mercador de Brumas. Conhecido por interações cotidianas, pedidos, rumores e possibilidades de relacionamento.	23	Mercador	ACTIVE	FEMININO	0		
NPC_0383	Zaniath	Tharun	Stone-Âmbar	3	Pesquisador	Pesquisador de Stone-Âmbar. Conhecido por interações cotidianas, pedidos, rumores e possibilidades de relacionamento.	40	Pesquisador	ACTIVE	MASCULINO	0		
NPC_0384	Belaa	Lyrien	Aerocivitus	4	Navegador	Navegador de Aerocivitus. Conhecido por interações cotidianas, pedidos, rumores e possibilidades de relacionamento.	57	Navegador	ACTIVE	FEMININO	0		
NPC_0385	Eliinl	Kethruun	Sandbones	-2	Ferreiro	Ferreiro de Sandbones. Conhecido por interações cotidianas, pedidos, rumores e possibilidades de relacionamento.	74	Ferreiro	ACTIVE	MASCULINO	0		
NPC_0386	Helethr	Nyssara	Emerald Tide	-1	Mensageiro	Mensageiro de Emerald Tide. Conhecido por interações cotidianas, pedidos, rumores e possibilidades de relacionamento.	28	Mensageiro	ACTIVE	FEMININO	0		
NPC_0387	Kaiav	Myrthos	Sem nome definido	0	Erudito	Erudito de Sem nome definido. Conhecido por interações cotidianas, pedidos, rumores e possibilidades de relacionamento.	45	Erudito	ACTIVE	MASCULINO	0		
NPC_0388	Neras	Orinthal	Crystalia	1	Mago	Mago de Crystalia. Conhecido por interações cotidianas, pedidos, rumores e possibilidades de relacionamento.	62	Mago	ACTIVE	FEMININO	0		
NPC_0389	Selint	Valkyrion	Volmeria	2	Carroceiro	Carroceiro de Volmeria. Conhecido por interações cotidianas, pedidos, rumores e possibilidades de relacionamento.	79	Carroceiro	ACTIVE	MASCULINO	0		
NPC_0390	Wilethm	Aeloria	Zephyrholt	3	Caçador	Caçador de Zephyrholt. Conhecido por interações cotidianas, pedidos, rumores e possibilidades de relacionamento.	33	Caçador	ACTIVE	FEMININO	0		
NPC_0391	Alian	Zarim	Fornalia	4	Sentinela	Sentinela de Fornalia. Conhecido por interações cotidianas, pedidos, rumores e possibilidades de relacionamento.	50	Sentinela	ACTIVE	MASCULINO	0		
NPC_0392	Corak	Eshmara	Brumas	-2	Criador de animais	Criador de animais de Brumas. Conhecido por interações cotidianas, pedidos, rumores e possibilidades de relacionamento.	67	Criador de animais	ACTIVE	FEMININO	0		
NPC_0393	Ferind	Tharun	Stone-Âmbar	-1	Bardo	Bardo de Stone-Âmbar. Conhecido por interações cotidianas, pedidos, rumores e possibilidades de relacionamento.	21	Bardo	ACTIVE	MASCULINO	0		
NPC_0394	Iriethb	Lyrien	Aerocivitus	0	Guarda	Guarda de Aerocivitus. Conhecido por interações cotidianas, pedidos, rumores e possibilidades de relacionamento.	38	Guarda	ACTIVE	FEMININO	0		
NPC_0395	Liaiath	Kethruun	Sandbones	1	Camponês	Camponês de Sandbones. Conhecido por interações cotidianas, pedidos, rumores e possibilidades de relacionamento.	55	Camponês	ACTIVE	MASCULINO	0		
NPC_0396	Oliaa	Nyssara	Emerald Tide	2	Clérigo	Clérigo de Emerald Tide. Conhecido por interações cotidianas, pedidos, rumores e possibilidades de relacionamento.	72	Clérigo	ACTIVE	FEMININO	0		
NPC_0397	Torinl	Myrthos	Sem nome definido	3	Valaryn	Valaryn de Sem nome definido. Conhecido por interações cotidianas, pedidos, rumores e possibilidades de relacionamento.	26	Valaryn	ACTIVE	MASCULINO	0		
NPC_0398	Ysaethr	Orinthal	Crystalia	4	Artesão	Artesão de Crystalia. Conhecido por interações cotidianas, pedidos, rumores e possibilidades de relacionamento.	43	Artesão	ACTIVE	FEMININO	0		
NPC_0399	Ariav	Valkyrion	Volmeria	-2	Curandeiro	Curandeiro de Volmeria. Conhecido por interações cotidianas, pedidos, rumores e possibilidades de relacionamento.	60	Curandeiro	ACTIVE	MASCULINO	0		
NPC_0400	Daas	Aeloria	Tindralith	-1	Aventureiro	Aventureiro de Tindralith. Conhecido por interações cotidianas, pedidos, rumores e possibilidades de relacionamento.	77	Aventureiro	ACTIVE	FEMININO	0		
NPC_0401	Galint	Zarim	Fornalia	0	Estudante	Estudante de Fornalia. Conhecido por interações cotidianas, pedidos, rumores e possibilidades de relacionamento.	31	Estudante	ACTIVE	MASCULINO	0		
NPC_0402	Jonethm	Eshmara	Brumas	1	Mercador	Mercador de Brumas. Conhecido por interações cotidianas, pedidos, rumores e possibilidades de relacionamento.	48	Mercador	ACTIVE	FEMININO	0		
NPC_0403	Marian	Tharun	Stone-Âmbar	2	Pesquisador	Pesquisador de Stone-Âmbar. Conhecido por interações cotidianas, pedidos, rumores e possibilidades de relacionamento.	65	Pesquisador	ACTIVE	MASCULINO	0		
NPC_0404	Renak	Lyrien	Aerocivitus	3	Navegador	Navegador de Aerocivitus. Conhecido por interações cotidianas, pedidos, rumores e possibilidades de relacionamento.	19	Navegador	ACTIVE	FEMININO	0		
NPC_0405	Vioind	Kethruun	Sandbones	4	Ferreiro	Ferreiro de Sandbones. Conhecido por interações cotidianas, pedidos, rumores e possibilidades de relacionamento.	36	Ferreiro	ACTIVE	MASCULINO	0		
NPC_0406	Zanethb	Nyssara	Emerald Tide	-2	Mensageiro	Mensageiro de Emerald Tide. Conhecido por interações cotidianas, pedidos, rumores e possibilidades de relacionamento.	53	Mensageiro	ACTIVE	FEMININO	0		
NPC_0407	Beliath	Myrthos	Sem nome definido	-1	Erudito	Erudito de Sem nome definido. Conhecido por interações cotidianas, pedidos, rumores e possibilidades de relacionamento.	70	Erudito	ACTIVE	MASCULINO	0		
NPC_0408	Eliaa	Orinthal	Crystalia	0	Mago	Mago de Crystalia. Conhecido por interações cotidianas, pedidos, rumores e possibilidades de relacionamento.	24	Mago	ACTIVE	FEMININO	0		
NPC_0409	Helinl	Valkyrion	Volmeria	1	Carroceiro	Carroceiro de Volmeria. Conhecido por interações cotidianas, pedidos, rumores e possibilidades de relacionamento.	41	Carroceiro	ACTIVE	MASCULINO	0		
NPC_0410	Kaethr	Aeloria	Netherholt	2	Caçador	Caçador de Netherholt. Conhecido por interações cotidianas, pedidos, rumores e possibilidades de relacionamento.	58	Caçador	ACTIVE	FEMININO	0		
NPC_0411	Neriav	Zarim	Fornalia	3	Sentinela	Sentinela de Fornalia. Conhecido por interações cotidianas, pedidos, rumores e possibilidades de relacionamento.	75	Sentinela	ACTIVE	MASCULINO	0		
NPC_0412	Selas	Eshmara	Brumas	4	Criador de animais	Criador de animais de Brumas. Conhecido por interações cotidianas, pedidos, rumores e possibilidades de relacionamento.	29	Criador de animais	ACTIVE	FEMININO	0		
NPC_0413	Wilint	Tharun	Stone-Âmbar	-2	Bardo	Bardo de Stone-Âmbar. Conhecido por interações cotidianas, pedidos, rumores e possibilidades de relacionamento.	46	Bardo	ACTIVE	MASCULINO	0		
NPC_0414	Alethm	Lyrien	Aerocivitus	-1	Guarda	Guarda de Aerocivitus. Conhecido por interações cotidianas, pedidos, rumores e possibilidades de relacionamento.	63	Guarda	ACTIVE	FEMININO	0		
NPC_0415	Corian	Kethruun	Sandbones	0	Camponês	Camponês de Sandbones. Conhecido por interações cotidianas, pedidos, rumores e possibilidades de relacionamento.	80	Camponês	ACTIVE	MASCULINO	0		
NPC_0416	Ferak	Nyssara	Emerald Tide	1	Clérigo	Clérigo de Emerald Tide. Conhecido por interações cotidianas, pedidos, rumores e possibilidades de relacionamento.	34	Clérigo	ACTIVE	FEMININO	0		
NPC_0417	Iriind	Myrthos	Sem nome definido	2	Valaryn	Valaryn de Sem nome definido. Conhecido por interações cotidianas, pedidos, rumores e possibilidades de relacionamento.	51	Valaryn	ACTIVE	MASCULINO	0		
NPC_0418	Liaethb	Orinthal	Crystalia	3	Artesão	Artesão de Crystalia. Conhecido por interações cotidianas, pedidos, rumores e possibilidades de relacionamento.	68	Artesão	ACTIVE	FEMININO	0		
NPC_0419	Oliiath	Valkyrion	Volmeria	4	Curandeiro	Curandeiro de Volmeria. Conhecido por interações cotidianas, pedidos, rumores e possibilidades de relacionamento.	22	Curandeiro	ACTIVE	MASCULINO	0		
NPC_0420	Toraa	Aeloria	Highspire	-2	Aventureiro	Aventureiro de Highspire. Conhecido por interações cotidianas, pedidos, rumores e possibilidades de relacionamento.	39	Aventureiro	ACTIVE	FEMININO	0		
NPC_0421	Ysainl	Zarim	Fornalia	-1	Estudante	Estudante de Fornalia. Conhecido por interações cotidianas, pedidos, rumores e possibilidades de relacionamento.	56	Estudante	ACTIVE	MASCULINO	0		
NPC_0422	Arethr	Eshmara	Brumas	0	Mercador	Mercador de Brumas. Conhecido por interações cotidianas, pedidos, rumores e possibilidades de relacionamento.	73	Mercador	ACTIVE	FEMININO	0		
NPC_0423	Daiav	Tharun	Stone-Âmbar	1	Pesquisador	Pesquisador de Stone-Âmbar. Conhecido por interações cotidianas, pedidos, rumores e possibilidades de relacionamento.	27	Pesquisador	ACTIVE	MASCULINO	0		
NPC_0424	Galas	Lyrien	Aerocivitus	2	Navegador	Navegador de Aerocivitus. Conhecido por interações cotidianas, pedidos, rumores e possibilidades de relacionamento.	44	Navegador	ACTIVE	FEMININO	0		
NPC_0425	Jonint	Kethruun	Sandbones	3	Ferreiro	Ferreiro de Sandbones. Conhecido por interações cotidianas, pedidos, rumores e possibilidades de relacionamento.	61	Ferreiro	ACTIVE	MASCULINO	0		
NPC_0426	Marethm	Nyssara	Emerald Tide	4	Mensageiro	Mensageiro de Emerald Tide. Conhecido por interações cotidianas, pedidos, rumores e possibilidades de relacionamento.	78	Mensageiro	ACTIVE	FEMININO	0		
NPC_0427	Renian	Myrthos	Sem nome definido	-2	Erudito	Erudito de Sem nome definido. Conhecido por interações cotidianas, pedidos, rumores e possibilidades de relacionamento.	32	Erudito	ACTIVE	MASCULINO	0		
NPC_0428	Vioak	Orinthal	Crystalia	-1	Mago	Mago de Crystalia. Conhecido por interações cotidianas, pedidos, rumores e possibilidades de relacionamento.	49	Mago	ACTIVE	FEMININO	0		
NPC_0429	Zanind	Valkyrion	Volmeria	0	Carroceiro	Carroceiro de Volmeria. Conhecido por interações cotidianas, pedidos, rumores e possibilidades de relacionamento.	66	Carroceiro	ACTIVE	MASCULINO	0		
NPC_0430	Belethb	Aeloria	Blackmere	1	Caçador	Caçador de Blackmere. Conhecido por interações cotidianas, pedidos, rumores e possibilidades de relacionamento.	20	Caçador	ACTIVE	FEMININO	0		
NPC_0431	Eliiath	Zarim	Fornalia	2	Sentinela	Sentinela de Fornalia. Conhecido por interações cotidianas, pedidos, rumores e possibilidades de relacionamento.	37	Sentinela	ACTIVE	MASCULINO	0		
NPC_0432	Helaa	Eshmara	Brumas	3	Criador de animais	Criador de animais de Brumas. Conhecido por interações cotidianas, pedidos, rumores e possibilidades de relacionamento.	54	Criador de animais	ACTIVE	FEMININO	0		
NPC_0433	Kainl	Tharun	Stone-Âmbar	4	Bardo	Bardo de Stone-Âmbar. Conhecido por interações cotidianas, pedidos, rumores e possibilidades de relacionamento.	71	Bardo	ACTIVE	MASCULINO	0		
NPC_0434	Nerethr	Lyrien	Aerocivitus	-2	Guarda	Guarda de Aerocivitus. Conhecido por interações cotidianas, pedidos, rumores e possibilidades de relacionamento.	25	Guarda	ACTIVE	FEMININO	0		
NPC_0435	Seliav	Kethruun	Sandbones	-1	Camponês	Camponês de Sandbones. Conhecido por interações cotidianas, pedidos, rumores e possibilidades de relacionamento.	42	Camponês	ACTIVE	MASCULINO	0		
NPC_0436	Wilas	Nyssara	Emerald Tide	0	Clérigo	Clérigo de Emerald Tide. Conhecido por interações cotidianas, pedidos, rumores e possibilidades de relacionamento.	59	Clérigo	ACTIVE	FEMININO	0		
NPC_0437	Alint	Myrthos	Sem nome definido	1	Valaryn	Valaryn de Sem nome definido. Conhecido por interações cotidianas, pedidos, rumores e possibilidades de relacionamento.	76	Valaryn	ACTIVE	MASCULINO	0		
NPC_0438	Corethm	Orinthal	Crystalia	2	Artesão	Artesão de Crystalia. Conhecido por interações cotidianas, pedidos, rumores e possibilidades de relacionamento.	30	Artesão	ACTIVE	FEMININO	0		
NPC_0439	Ferian	Valkyrion	Volmeria	3	Curandeiro	Curandeiro de Volmeria. Conhecido por interações cotidianas, pedidos, rumores e possibilidades de relacionamento.	47	Curandeiro	ACTIVE	MASCULINO	0		
NPC_0440	Iriak	Aeloria	Veyndaril	4	Aventureiro	Aventureiro de Veyndaril. Conhecido por interações cotidianas, pedidos, rumores e possibilidades de relacionamento.	64	Aventureiro	ACTIVE	FEMININO	0		
NPC_0441	Liaind	Zarim	Fornalia	-2	Estudante	Estudante de Fornalia. Conhecido por interações cotidianas, pedidos, rumores e possibilidades de relacionamento.	18	Estudante	ACTIVE	MASCULINO	0		
NPC_0442	Oliethb	Eshmara	Brumas	-1	Mercador	Mercador de Brumas. Conhecido por interações cotidianas, pedidos, rumores e possibilidades de relacionamento.	35	Mercador	ACTIVE	FEMININO	0		
NPC_0443	Toriath	Tharun	Stone-Âmbar	0	Pesquisador	Pesquisador de Stone-Âmbar. Conhecido por interações cotidianas, pedidos, rumores e possibilidades de relacionamento.	52	Pesquisador	ACTIVE	MASCULINO	0		
NPC_0444	Ysaaa	Lyrien	Aerocivitus	1	Navegador	Navegador de Aerocivitus. Conhecido por interações cotidianas, pedidos, rumores e possibilidades de relacionamento.	69	Navegador	ACTIVE	FEMININO	0		
NPC_0445	Arinl	Kethruun	Sandbones	2	Ferreiro	Ferreiro de Sandbones. Conhecido por interações cotidianas, pedidos, rumores e possibilidades de relacionamento.	23	Ferreiro	ACTIVE	MASCULINO	0		
NPC_0446	Daethr	Nyssara	Emerald Tide	3	Mensageiro	Mensageiro de Emerald Tide. Conhecido por interações cotidianas, pedidos, rumores e possibilidades de relacionamento.	40	Mensageiro	ACTIVE	FEMININO	0		
NPC_0447	Galiav	Myrthos	Sem nome definido	4	Erudito	Erudito de Sem nome definido. Conhecido por interações cotidianas, pedidos, rumores e possibilidades de relacionamento.	57	Erudito	ACTIVE	MASCULINO	0		
NPC_0448	Jonas	Orinthal	Crystalia	-2	Mago	Mago de Crystalia. Conhecido por interações cotidianas, pedidos, rumores e possibilidades de relacionamento.	74	Mago	ACTIVE	FEMININO	0		
NPC_0449	Marint	Valkyrion	Volmeria	-1	Carroceiro	Carroceiro de Volmeria. Conhecido por interações cotidianas, pedidos, rumores e possibilidades de relacionamento.	28	Carroceiro	ACTIVE	MASCULINO	0		
NPC_0450	Renethm	Aeloria	Pyrelith	0	Caçador	Caçador de Pyrelith. Conhecido por interações cotidianas, pedidos, rumores e possibilidades de relacionamento.	45	Caçador	ACTIVE	FEMININO	0		
NPC_0451	Vioian	Zarim	Fornalia	1	Sentinela	Sentinela de Fornalia. Conhecido por interações cotidianas, pedidos, rumores e possibilidades de relacionamento.	62	Sentinela	ACTIVE	MASCULINO	0		
NPC_0452	Zanak	Eshmara	Brumas	2	Criador de animais	Criador de animais de Brumas. Conhecido por interações cotidianas, pedidos, rumores e possibilidades de relacionamento.	79	Criador de animais	ACTIVE	FEMININO	0		
NPC_0453	Belind	Tharun	Stone-Âmbar	3	Bardo	Bardo de Stone-Âmbar. Conhecido por interações cotidianas, pedidos, rumores e possibilidades de relacionamento.	33	Bardo	ACTIVE	MASCULINO	0		
NPC_0454	Eliethb	Lyrien	Aerocivitus	4	Guarda	Guarda de Aerocivitus. Conhecido por interações cotidianas, pedidos, rumores e possibilidades de relacionamento.	50	Guarda	ACTIVE	FEMININO	0		
NPC_0455	Heliath	Kethruun	Sandbones	-2	Camponês	Camponês de Sandbones. Conhecido por interações cotidianas, pedidos, rumores e possibilidades de relacionamento.	67	Camponês	ACTIVE	MASCULINO	0		
NPC_0456	Kaaa	Nyssara	Emerald Tide	-1	Clérigo	Clérigo de Emerald Tide. Conhecido por interações cotidianas, pedidos, rumores e possibilidades de relacionamento.	21	Clérigo	ACTIVE	FEMININO	0		
NPC_0457	Nerinl	Myrthos	Sem nome definido	0	Valaryn	Valaryn de Sem nome definido. Conhecido por interações cotidianas, pedidos, rumores e possibilidades de relacionamento.	38	Valaryn	ACTIVE	MASCULINO	0		
NPC_0458	Selethr	Orinthal	Crystalia	1	Artesão	Artesão de Crystalia. Conhecido por interações cotidianas, pedidos, rumores e possibilidades de relacionamento.	55	Artesão	ACTIVE	FEMININO	0		
NPC_0459	Wiliav	Valkyrion	Volmeria	2	Curandeiro	Curandeiro de Volmeria. Conhecido por interações cotidianas, pedidos, rumores e possibilidades de relacionamento.	72	Curandeiro	ACTIVE	MASCULINO	0		
NPC_0460	Alas	Aeloria	Jorathen	3	Aventureiro	Aventureiro de Jorathen. Conhecido por interações cotidianas, pedidos, rumores e possibilidades de relacionamento.	26	Aventureiro	ACTIVE	FEMININO	0		
NPC_0461	Corint	Zarim	Fornalia	4	Estudante	Estudante de Fornalia. Conhecido por interações cotidianas, pedidos, rumores e possibilidades de relacionamento.	43	Estudante	ACTIVE	MASCULINO	0		
NPC_0462	Ferethm	Eshmara	Brumas	-2	Mercador	Mercador de Brumas. Conhecido por interações cotidianas, pedidos, rumores e possibilidades de relacionamento.	60	Mercador	ACTIVE	FEMININO	0		
NPC_0463	Iriian	Tharun	Stone-Âmbar	-1	Pesquisador	Pesquisador de Stone-Âmbar. Conhecido por interações cotidianas, pedidos, rumores e possibilidades de relacionamento.	77	Pesquisador	ACTIVE	MASCULINO	0		
NPC_0464	Liaak	Lyrien	Aerocivitus	0	Navegador	Navegador de Aerocivitus. Conhecido por interações cotidianas, pedidos, rumores e possibilidades de relacionamento.	31	Navegador	ACTIVE	FEMININO	0		
NPC_0465	Oliind	Kethruun	Sandbones	1	Ferreiro	Ferreiro de Sandbones. Conhecido por interações cotidianas, pedidos, rumores e possibilidades de relacionamento.	48	Ferreiro	ACTIVE	MASCULINO	0		
NPC_0466	Torethb	Nyssara	Emerald Tide	2	Mensageiro	Mensageiro de Emerald Tide. Conhecido por interações cotidianas, pedidos, rumores e possibilidades de relacionamento.	65	Mensageiro	ACTIVE	FEMININO	0		
NPC_0467	Ysaiath	Myrthos	Sem nome definido	3	Erudito	Erudito de Sem nome definido. Conhecido por interações cotidianas, pedidos, rumores e possibilidades de relacionamento.	19	Erudito	ACTIVE	MASCULINO	0		
NPC_0468	Araa	Orinthal	Crystalia	4	Mago	Mago de Crystalia. Conhecido por interações cotidianas, pedidos, rumores e possibilidades de relacionamento.	36	Mago	ACTIVE	FEMININO	0		
NPC_0469	Dainl	Valkyrion	Volmeria	-2	Carroceiro	Carroceiro de Volmeria. Conhecido por interações cotidianas, pedidos, rumores e possibilidades de relacionamento.	53	Carroceiro	ACTIVE	MASCULINO	0		
NPC_0470	Galethr	Aeloria	Duskmere	-1	Caçador	Caçador de Duskmere. Conhecido por interações cotidianas, pedidos, rumores e possibilidades de relacionamento.	70	Caçador	ACTIVE	FEMININO	0		
NPC_0471	Joniav	Zarim	Fornalia	0	Sentinela	Sentinela de Fornalia. Conhecido por interações cotidianas, pedidos, rumores e possibilidades de relacionamento.	24	Sentinela	ACTIVE	MASCULINO	0		
NPC_0472	Maras	Eshmara	Brumas	1	Criador de animais	Criador de animais de Brumas. Conhecido por interações cotidianas, pedidos, rumores e possibilidades de relacionamento.	41	Criador de animais	ACTIVE	FEMININO	0		
NPC_0473	Renint	Tharun	Stone-Âmbar	2	Bardo	Bardo de Stone-Âmbar. Conhecido por interações cotidianas, pedidos, rumores e possibilidades de relacionamento.	58	Bardo	ACTIVE	MASCULINO	0		
NPC_0474	Vioethm	Lyrien	Aerocivitus	3	Guarda	Guarda de Aerocivitus. Conhecido por interações cotidianas, pedidos, rumores e possibilidades de relacionamento.	75	Guarda	ACTIVE	FEMININO	0		
NPC_0475	Zanian	Kethruun	Sandbones	4	Camponês	Camponês de Sandbones. Conhecido por interações cotidianas, pedidos, rumores e possibilidades de relacionamento.	29	Camponês	ACTIVE	MASCULINO	0		
NPC_0476	Belak	Nyssara	Emerald Tide	-2	Clérigo	Clérigo de Emerald Tide. Conhecido por interações cotidianas, pedidos, rumores e possibilidades de relacionamento.	46	Clérigo	ACTIVE	FEMININO	0		
NPC_0477	Eliind	Myrthos	Sem nome definido	-1	Valaryn	Valaryn de Sem nome definido. Conhecido por interações cotidianas, pedidos, rumores e possibilidades de relacionamento.	63	Valaryn	ACTIVE	MASCULINO	0		
NPC_0478	Helethb	Orinthal	Crystalia	0	Artesão	Artesão de Crystalia. Conhecido por interações cotidianas, pedidos, rumores e possibilidades de relacionamento.	80	Artesão	ACTIVE	FEMININO	0		
NPC_0479	Kaiath	Valkyrion	Volmeria	1	Curandeiro	Curandeiro de Volmeria. Conhecido por interações cotidianas, pedidos, rumores e possibilidades de relacionamento.	34	Curandeiro	ACTIVE	MASCULINO	0		
NPC_0480	Neraa	Aeloria	Lunareth	2	Aventureiro	Aventureiro de Lunareth. Conhecido por interações cotidianas, pedidos, rumores e possibilidades de relacionamento.	51	Aventureiro	ACTIVE	FEMININO	0		
NPC_0481	Selinl	Zarim	Fornalia	3	Estudante	Estudante de Fornalia. Conhecido por interações cotidianas, pedidos, rumores e possibilidades de relacionamento.	68	Estudante	ACTIVE	MASCULINO	0		
NPC_0482	Wilethr	Eshmara	Brumas	4	Mercador	Mercador de Brumas. Conhecido por interações cotidianas, pedidos, rumores e possibilidades de relacionamento.	22	Mercador	ACTIVE	FEMININO	0		
NPC_0483	Aliav	Tharun	Stone-Âmbar	-2	Pesquisador	Pesquisador de Stone-Âmbar. Conhecido por interações cotidianas, pedidos, rumores e possibilidades de relacionamento.	39	Pesquisador	ACTIVE	MASCULINO	0		
NPC_0484	Coras	Lyrien	Aerocivitus	-1	Navegador	Navegador de Aerocivitus. Conhecido por interações cotidianas, pedidos, rumores e possibilidades de relacionamento.	56	Navegador	ACTIVE	FEMININO	0		
NPC_0485	Ferint	Kethruun	Sandbones	0	Ferreiro	Ferreiro de Sandbones. Conhecido por interações cotidianas, pedidos, rumores e possibilidades de relacionamento.	73	Ferreiro	ACTIVE	MASCULINO	0		
NPC_0486	Iriethm	Nyssara	Emerald Tide	1	Mensageiro	Mensageiro de Emerald Tide. Conhecido por interações cotidianas, pedidos, rumores e possibilidades de relacionamento.	27	Mensageiro	ACTIVE	FEMININO	0		
NPC_0487	Liaian	Myrthos	Sem nome definido	2	Erudito	Erudito de Sem nome definido. Conhecido por interações cotidianas, pedidos, rumores e possibilidades de relacionamento.	44	Erudito	ACTIVE	MASCULINO	0		
NPC_0488	Oliak	Orinthal	Crystalia	3	Mago	Mago de Crystalia. Conhecido por interações cotidianas, pedidos, rumores e possibilidades de relacionamento.	61	Mago	ACTIVE	FEMININO	0		
NPC_0489	Torind	Valkyrion	Volmeria	4	Carroceiro	Carroceiro de Volmeria. Conhecido por interações cotidianas, pedidos, rumores e possibilidades de relacionamento.	78	Carroceiro	ACTIVE	MASCULINO	0		
NPC_0490	Ysaethb	Aeloria	Xyrelith	-2	Caçador	Caçador de Xyrelith. Conhecido por interações cotidianas, pedidos, rumores e possibilidades de relacionamento.	32	Caçador	ACTIVE	FEMININO	0		
NPC_0491	Ariath	Zarim	Fornalia	-1	Sentinela	Sentinela de Fornalia. Conhecido por interações cotidianas, pedidos, rumores e possibilidades de relacionamento.	49	Sentinela	ACTIVE	MASCULINO	0		
NPC_0492	Daaa	Eshmara	Brumas	0	Criador de animais	Criador de animais de Brumas. Conhecido por interações cotidianas, pedidos, rumores e possibilidades de relacionamento.	66	Criador de animais	ACTIVE	FEMININO	0		
NPC_0493	Galinl	Tharun	Stone-Âmbar	1	Bardo	Bardo de Stone-Âmbar. Conhecido por interações cotidianas, pedidos, rumores e possibilidades de relacionamento.	20	Bardo	ACTIVE	MASCULINO	0		
NPC_0494	Jonethr	Lyrien	Aerocivitus	2	Guarda	Guarda de Aerocivitus. Conhecido por interações cotidianas, pedidos, rumores e possibilidades de relacionamento.	37	Guarda	ACTIVE	FEMININO	0		
NPC_0495	Mariav	Kethruun	Sandbones	3	Camponês	Camponês de Sandbones. Conhecido por interações cotidianas, pedidos, rumores e possibilidades de relacionamento.	54	Camponês	ACTIVE	MASCULINO	0		
NPC_0496	Renas	Nyssara	Emerald Tide	4	Clérigo	Clérigo de Emerald Tide. Conhecido por interações cotidianas, pedidos, rumores e possibilidades de relacionamento.	71	Clérigo	ACTIVE	FEMININO	0		
NPC_0497	Vioint	Myrthos	Sem nome definido	-2	Valaryn	Valaryn de Sem nome definido. Conhecido por interações cotidianas, pedidos, rumores e possibilidades de relacionamento.	25	Valaryn	ACTIVE	MASCULINO	0		
NPC_0498	Zanethm	Orinthal	Crystalia	-1	Artesão	Artesão de Crystalia. Conhecido por interações cotidianas, pedidos, rumores e possibilidades de relacionamento.	42	Artesão	ACTIVE	FEMININO	0		
NPC_0499	Belian	Valkyrion	Volmeria	0	Curandeiro	Curandeiro de Volmeria. Conhecido por interações cotidianas, pedidos, rumores e possibilidades de relacionamento.	59	Curandeiro	ACTIVE	MASCULINO	0		
NPC_0500	Eliak	Aeloria	Runedral	1	Aventureiro	Aventureiro de Runedral. Conhecido por interações cotidianas, pedidos, rumores e possibilidades de relacionamento.	76	Aventureiro	ACTIVE	FEMININO	0		
NPC_0501	Helind	Zarim	Fornalia	2	Estudante	Estudante de Fornalia. Conhecido por interações cotidianas, pedidos, rumores e possibilidades de relacionamento.	30	Estudante	ACTIVE	MASCULINO	0		
NPC_0502	Kaethb	Eshmara	Brumas	3	Mercador	Mercador de Brumas. Conhecido por interações cotidianas, pedidos, rumores e possibilidades de relacionamento.	47	Mercador	ACTIVE	FEMININO	0		
NPC_0503	Neriath	Tharun	Stone-Âmbar	4	Pesquisador	Pesquisador de Stone-Âmbar. Conhecido por interações cotidianas, pedidos, rumores e possibilidades de relacionamento.	64	Pesquisador	ACTIVE	MASCULINO	0		
NPC_0504	Selaa	Lyrien	Aerocivitus	-2	Navegador	Navegador de Aerocivitus. Conhecido por interações cotidianas, pedidos, rumores e possibilidades de relacionamento.	18	Navegador	ACTIVE	FEMININO	0		
NPC_0505	Wilinl	Kethruun	Sandbones	-1	Ferreiro	Ferreiro de Sandbones. Conhecido por interações cotidianas, pedidos, rumores e possibilidades de relacionamento.	35	Ferreiro	ACTIVE	MASCULINO	0		
NPC_0506	Alethr	Nyssara	Emerald Tide	0	Mensageiro	Mensageiro de Emerald Tide. Conhecido por interações cotidianas, pedidos, rumores e possibilidades de relacionamento.	52	Mensageiro	ACTIVE	FEMININO	0		
NPC_0507	Coriav	Myrthos	Sem nome definido	1	Erudito	Erudito de Sem nome definido. Conhecido por interações cotidianas, pedidos, rumores e possibilidades de relacionamento.	69	Erudito	ACTIVE	MASCULINO	0		
NPC_0508	Feras	Orinthal	Crystalia	2	Mago	Mago de Crystalia. Conhecido por interações cotidianas, pedidos, rumores e possibilidades de relacionamento.	23	Mago	ACTIVE	FEMININO	0		
NPC_0509	Iriint	Valkyrion	Volmeria	3	Carroceiro	Carroceiro de Volmeria. Conhecido por interações cotidianas, pedidos, rumores e possibilidades de relacionamento.	40	Carroceiro	ACTIVE	MASCULINO	0		
NPC_0510	Liaethm	Aeloria	Lorwynne	4	Caçador	Caçador de Lorwynne. Conhecido por interações cotidianas, pedidos, rumores e possibilidades de relacionamento.	57	Caçador	ACTIVE	FEMININO	0		
NPC_0511	Oliian	Zarim	Fornalia	-2	Sentinela	Sentinela de Fornalia. Conhecido por interações cotidianas, pedidos, rumores e possibilidades de relacionamento.	74	Sentinela	ACTIVE	MASCULINO	0		
NPC_0512	Torak	Eshmara	Brumas	-1	Criador de animais	Criador de animais de Brumas. Conhecido por interações cotidianas, pedidos, rumores e possibilidades de relacionamento.	28	Criador de animais	ACTIVE	FEMININO	0		
NPC_0513	Ysaind	Tharun	Stone-Âmbar	0	Bardo	Bardo de Stone-Âmbar. Conhecido por interações cotidianas, pedidos, rumores e possibilidades de relacionamento.	45	Bardo	ACTIVE	MASCULINO	0		
NPC_0514	Arethb	Lyrien	Aerocivitus	1	Guarda	Guarda de Aerocivitus. Conhecido por interações cotidianas, pedidos, rumores e possibilidades de relacionamento.	62	Guarda	ACTIVE	FEMININO	0		
NPC_0515	Daiath	Kethruun	Sandbones	2	Camponês	Camponês de Sandbones. Conhecido por interações cotidianas, pedidos, rumores e possibilidades de relacionamento.	79	Camponês	ACTIVE	MASCULINO	0		
NPC_0516	Galaa	Nyssara	Emerald Tide	3	Clérigo	Clérigo de Emerald Tide. Conhecido por interações cotidianas, pedidos, rumores e possibilidades de relacionamento.	33	Clérigo	ACTIVE	FEMININO	0		
NPC_0517	Joninl	Myrthos	Sem nome definido	4	Valaryn	Valaryn de Sem nome definido. Conhecido por interações cotidianas, pedidos, rumores e possibilidades de relacionamento.	50	Valaryn	ACTIVE	MASCULINO	0		
NPC_0518	Marethr	Orinthal	Crystalia	-2	Artesão	Artesão de Crystalia. Conhecido por interações cotidianas, pedidos, rumores e possibilidades de relacionamento.	67	Artesão	ACTIVE	FEMININO	0		
NPC_0519	Reniav	Valkyrion	Volmeria	-1	Curandeiro	Curandeiro de Volmeria. Conhecido por interações cotidianas, pedidos, rumores e possibilidades de relacionamento.	21	Curandeiro	ACTIVE	MASCULINO	0		
NPC_0520	Vioas	Aeloria	Frostmere	0	Aventureiro	Aventureiro de Frostmere. Conhecido por interações cotidianas, pedidos, rumores e possibilidades de relacionamento.	38	Aventureiro	ACTIVE	FEMININO	0		
NPC_0521	Zanint	Zarim	Fornalia	1	Estudante	Estudante de Fornalia. Conhecido por interações cotidianas, pedidos, rumores e possibilidades de relacionamento.	55	Estudante	ACTIVE	MASCULINO	0		
NPC_0522	Belethm	Eshmara	Brumas	2	Mercador	Mercador de Brumas. Conhecido por interações cotidianas, pedidos, rumores e possibilidades de relacionamento.	72	Mercador	ACTIVE	FEMININO	0		
NPC_0523	Eliian	Tharun	Stone-Âmbar	3	Pesquisador	Pesquisador de Stone-Âmbar. Conhecido por interações cotidianas, pedidos, rumores e possibilidades de relacionamento.	26	Pesquisador	ACTIVE	MASCULINO	0		
NPC_0524	Helak	Lyrien	Aerocivitus	4	Navegador	Navegador de Aerocivitus. Conhecido por interações cotidianas, pedidos, rumores e possibilidades de relacionamento.	43	Navegador	ACTIVE	FEMININO	0		
NPC_0525	Kaind	Kethruun	Sandbones	-2	Ferreiro	Ferreiro de Sandbones. Conhecido por interações cotidianas, pedidos, rumores e possibilidades de relacionamento.	60	Ferreiro	ACTIVE	MASCULINO	0		
NPC_0526	Nerethb	Nyssara	Emerald Tide	-1	Mensageiro	Mensageiro de Emerald Tide. Conhecido por interações cotidianas, pedidos, rumores e possibilidades de relacionamento.	77	Mensageiro	ACTIVE	FEMININO	0		
NPC_0527	Seliath	Myrthos	Sem nome definido	0	Erudito	Erudito de Sem nome definido. Conhecido por interações cotidianas, pedidos, rumores e possibilidades de relacionamento.	31	Erudito	ACTIVE	MASCULINO	0		
NPC_0528	Wilaa	Orinthal	Crystalia	1	Mago	Mago de Crystalia. Conhecido por interações cotidianas, pedidos, rumores e possibilidades de relacionamento.	48	Mago	ACTIVE	FEMININO	0		
NPC_0529	Alinl	Valkyrion	Volmeria	2	Carroceiro	Carroceiro de Volmeria. Conhecido por interações cotidianas, pedidos, rumores e possibilidades de relacionamento.	65	Carroceiro	ACTIVE	MASCULINO	0		
NPC_0530	Corethr	Aeloria	Zorathen	3	Caçador	Caçador de Zorathen. Conhecido por interações cotidianas, pedidos, rumores e possibilidades de relacionamento.	19	Caçador	ACTIVE	FEMININO	0		
NPC_0531	Feriav	Zarim	Fornalia	4	Sentinela	Sentinela de Fornalia. Conhecido por interações cotidianas, pedidos, rumores e possibilidades de relacionamento.	36	Sentinela	ACTIVE	MASCULINO	0		
NPC_0532	Irias	Eshmara	Brumas	-2	Criador de animais	Criador de animais de Brumas. Conhecido por interações cotidianas, pedidos, rumores e possibilidades de relacionamento.	53	Criador de animais	ACTIVE	FEMININO	0		
NPC_0533	Liaint	Tharun	Stone-Âmbar	-1	Bardo	Bardo de Stone-Âmbar. Conhecido por interações cotidianas, pedidos, rumores e possibilidades de relacionamento.	70	Bardo	ACTIVE	MASCULINO	0		
NPC_0534	Oliethm	Lyrien	Aerocivitus	0	Guarda	Guarda de Aerocivitus. Conhecido por interações cotidianas, pedidos, rumores e possibilidades de relacionamento.	24	Guarda	ACTIVE	FEMININO	0		
NPC_0535	Torian	Kethruun	Sandbones	1	Camponês	Camponês de Sandbones. Conhecido por interações cotidianas, pedidos, rumores e possibilidades de relacionamento.	41	Camponês	ACTIVE	MASCULINO	0		
NPC_0536	Ysaak	Nyssara	Emerald Tide	2	Clérigo	Clérigo de Emerald Tide. Conhecido por interações cotidianas, pedidos, rumores e possibilidades de relacionamento.	58	Clérigo	ACTIVE	FEMININO	0		
NPC_0537	Arind	Myrthos	Sem nome definido	3	Valaryn	Valaryn de Sem nome definido. Conhecido por interações cotidianas, pedidos, rumores e possibilidades de relacionamento.	75	Valaryn	ACTIVE	MASCULINO	0		
NPC_0538	Daethb	Orinthal	Crystalia	4	Artesão	Artesão de Crystalia. Conhecido por interações cotidianas, pedidos, rumores e possibilidades de relacionamento.	29	Artesão	ACTIVE	FEMININO	0		
NPC_0539	Galiath	Valkyrion	Volmeria	-2	Curandeiro	Curandeiro de Volmeria. Conhecido por interações cotidianas, pedidos, rumores e possibilidades de relacionamento.	46	Curandeiro	ACTIVE	MASCULINO	0		
NPC_0540	Jonaa	Aeloria	Thornmere	-1	Aventureiro	Aventureiro de Thornmere. Conhecido por interações cotidianas, pedidos, rumores e possibilidades de relacionamento.	63	Aventureiro	ACTIVE	FEMININO	0		
NPC_0541	Marinl	Zarim	Fornalia	0	Estudante	Estudante de Fornalia. Conhecido por interações cotidianas, pedidos, rumores e possibilidades de relacionamento.	80	Estudante	ACTIVE	MASCULINO	0		
NPC_0542	Renethr	Eshmara	Brumas	1	Mercador	Mercador de Brumas. Conhecido por interações cotidianas, pedidos, rumores e possibilidades de relacionamento.	34	Mercador	ACTIVE	FEMININO	0		
NPC_0543	Vioiav	Tharun	Stone-Âmbar	2	Pesquisador	Pesquisador de Stone-Âmbar. Conhecido por interações cotidianas, pedidos, rumores e possibilidades de relacionamento.	51	Pesquisador	ACTIVE	MASCULINO	0		
NPC_0544	Zanas	Lyrien	Aerocivitus	3	Navegador	Navegador de Aerocivitus. Conhecido por interações cotidianas, pedidos, rumores e possibilidades de relacionamento.	68	Navegador	ACTIVE	FEMININO	0		
NPC_0545	Belint	Kethruun	Sandbones	4	Ferreiro	Ferreiro de Sandbones. Conhecido por interações cotidianas, pedidos, rumores e possibilidades de relacionamento.	22	Ferreiro	ACTIVE	MASCULINO	0		
NPC_0546	Eliethm	Nyssara	Emerald Tide	-2	Mensageiro	Mensageiro de Emerald Tide. Conhecido por interações cotidianas, pedidos, rumores e possibilidades de relacionamento.	39	Mensageiro	ACTIVE	FEMININO	0		
NPC_0547	Helian	Myrthos	Sem nome definido	-1	Erudito	Erudito de Sem nome definido. Conhecido por interações cotidianas, pedidos, rumores e possibilidades de relacionamento.	56	Erudito	ACTIVE	MASCULINO	0		
NPC_0548	Kaak	Orinthal	Crystalia	0	Mago	Mago de Crystalia. Conhecido por interações cotidianas, pedidos, rumores e possibilidades de relacionamento.	73	Mago	ACTIVE	FEMININO	0		
NPC_0549	Nerind	Valkyrion	Volmeria	1	Carroceiro	Carroceiro de Volmeria. Conhecido por interações cotidianas, pedidos, rumores e possibilidades de relacionamento.	27	Carroceiro	ACTIVE	MASCULINO	0		
NPC_0550	Selethb	Aeloria	Norhaven	2	Caçador	Caçador de Norhaven. Conhecido por interações cotidianas, pedidos, rumores e possibilidades de relacionamento.	44	Caçador	ACTIVE	FEMININO	0		
NPC_0551	Wiliath	Zarim	Fornalia	3	Sentinela	Sentinela de Fornalia. Conhecido por interações cotidianas, pedidos, rumores e possibilidades de relacionamento.	61	Sentinela	ACTIVE	MASCULINO	0		
NPC_0552	Alaa	Eshmara	Brumas	4	Criador de animais	Criador de animais de Brumas. Conhecido por interações cotidianas, pedidos, rumores e possibilidades de relacionamento.	78	Criador de animais	ACTIVE	FEMININO	0		
NPC_0553	Corinl	Tharun	Stone-Âmbar	-2	Bardo	Bardo de Stone-Âmbar. Conhecido por interações cotidianas, pedidos, rumores e possibilidades de relacionamento.	32	Bardo	ACTIVE	MASCULINO	0		
NPC_0554	Ferethr	Lyrien	Aerocivitus	-1	Guarda	Guarda de Aerocivitus. Conhecido por interações cotidianas, pedidos, rumores e possibilidades de relacionamento.	49	Guarda	ACTIVE	FEMININO	0		
NPC_0555	Iriiav	Kethruun	Sandbones	0	Camponês	Camponês de Sandbones. Conhecido por interações cotidianas, pedidos, rumores e possibilidades de relacionamento.	66	Camponês	ACTIVE	MASCULINO	0		
NPC_0556	Liaas	Nyssara	Emerald Tide	1	Clérigo	Clérigo de Emerald Tide. Conhecido por interações cotidianas, pedidos, rumores e possibilidades de relacionamento.	20	Clérigo	ACTIVE	FEMININO	0		
NPC_0557	Oliint	Myrthos	Sem nome definido	2	Valaryn	Valaryn de Sem nome definido. Conhecido por interações cotidianas, pedidos, rumores e possibilidades de relacionamento.	37	Valaryn	ACTIVE	MASCULINO	0		
NPC_0558	Torethm	Orinthal	Crystalia	3	Artesão	Artesão de Crystalia. Conhecido por interações cotidianas, pedidos, rumores e possibilidades de relacionamento.	54	Artesão	ACTIVE	FEMININO	0		
NPC_0559	Ysaian	Valkyrion	Volmeria	4	Curandeiro	Curandeiro de Volmeria. Conhecido por interações cotidianas, pedidos, rumores e possibilidades de relacionamento.	71	Curandeiro	ACTIVE	MASCULINO	0		
NPC_0560	Arak	Aeloria	Hallowspire	-2	Aventureiro	Aventureiro de Hallowspire. Conhecido por interações cotidianas, pedidos, rumores e possibilidades de relacionamento.	25	Aventureiro	ACTIVE	FEMININO	0		
NPC_0561	Daind	Zarim	Fornalia	-1	Estudante	Estudante de Fornalia. Conhecido por interações cotidianas, pedidos, rumores e possibilidades de relacionamento.	42	Estudante	ACTIVE	MASCULINO	0		
NPC_0562	Galethb	Eshmara	Brumas	0	Mercador	Mercador de Brumas. Conhecido por interações cotidianas, pedidos, rumores e possibilidades de relacionamento.	59	Mercador	ACTIVE	FEMININO	0		
NPC_0563	Joniath	Tharun	Stone-Âmbar	1	Pesquisador	Pesquisador de Stone-Âmbar. Conhecido por interações cotidianas, pedidos, rumores e possibilidades de relacionamento.	76	Pesquisador	ACTIVE	MASCULINO	0		
NPC_0564	Maraa	Lyrien	Aerocivitus	2	Navegador	Navegador de Aerocivitus. Conhecido por interações cotidianas, pedidos, rumores e possibilidades de relacionamento.	30	Navegador	ACTIVE	FEMININO	0		
NPC_0565	Reninl	Kethruun	Sandbones	3	Ferreiro	Ferreiro de Sandbones. Conhecido por interações cotidianas, pedidos, rumores e possibilidades de relacionamento.	47	Ferreiro	ACTIVE	MASCULINO	0		
NPC_0566	Vioethr	Nyssara	Emerald Tide	4	Mensageiro	Mensageiro de Emerald Tide. Conhecido por interações cotidianas, pedidos, rumores e possibilidades de relacionamento.	64	Mensageiro	ACTIVE	FEMININO	0		
NPC_0567	Zaniav	Myrthos	Sem nome definido	-2	Erudito	Erudito de Sem nome definido. Conhecido por interações cotidianas, pedidos, rumores e possibilidades de relacionamento.	18	Erudito	ACTIVE	MASCULINO	0		
NPC_0568	Belas	Orinthal	Crystalia	-1	Mago	Mago de Crystalia. Conhecido por interações cotidianas, pedidos, rumores e possibilidades de relacionamento.	35	Mago	ACTIVE	FEMININO	0		
NPC_0569	Eliint	Valkyrion	Volmeria	0	Carroceiro	Carroceiro de Volmeria. Conhecido por interações cotidianas, pedidos, rumores e possibilidades de relacionamento.	52	Carroceiro	ACTIVE	MASCULINO	0		
NPC_0570	Helethm	Aeloria	Brighthollow	1	Caçador	Caçador de Brighthollow. Conhecido por interações cotidianas, pedidos, rumores e possibilidades de relacionamento.	69	Caçador	ACTIVE	FEMININO	0		
NPC_0571	Kaian	Zarim	Fornalia	2	Sentinela	Sentinela de Fornalia. Conhecido por interações cotidianas, pedidos, rumores e possibilidades de relacionamento.	23	Sentinela	ACTIVE	MASCULINO	0		
NPC_0572	Nerak	Eshmara	Brumas	3	Criador de animais	Criador de animais de Brumas. Conhecido por interações cotidianas, pedidos, rumores e possibilidades de relacionamento.	40	Criador de animais	ACTIVE	FEMININO	0		
NPC_0573	Selind	Tharun	Stone-Âmbar	4	Bardo	Bardo de Stone-Âmbar. Conhecido por interações cotidianas, pedidos, rumores e possibilidades de relacionamento.	57	Bardo	ACTIVE	MASCULINO	0		
NPC_0574	Wilethb	Lyrien	Aerocivitus	-2	Guarda	Guarda de Aerocivitus. Conhecido por interações cotidianas, pedidos, rumores e possibilidades de relacionamento.	74	Guarda	ACTIVE	FEMININO	0		
NPC_0575	Aliath	Kethruun	Sandbones	-1	Camponês	Camponês de Sandbones. Conhecido por interações cotidianas, pedidos, rumores e possibilidades de relacionamento.	28	Camponês	ACTIVE	MASCULINO	0		
NPC_0576	Coraa	Nyssara	Emerald Tide	0	Clérigo	Clérigo de Emerald Tide. Conhecido por interações cotidianas, pedidos, rumores e possibilidades de relacionamento.	45	Clérigo	ACTIVE	FEMININO	0		
NPC_0577	Ferinl	Myrthos	Sem nome definido	1	Valaryn	Valaryn de Sem nome definido. Conhecido por interações cotidianas, pedidos, rumores e possibilidades de relacionamento.	62	Valaryn	ACTIVE	MASCULINO	0		
NPC_0578	Iriethr	Orinthal	Crystalia	2	Artesão	Artesão de Crystalia. Conhecido por interações cotidianas, pedidos, rumores e possibilidades de relacionamento.	79	Artesão	ACTIVE	FEMININO	0		
NPC_0579	Liaiav	Valkyrion	Volmeria	3	Curandeiro	Curandeiro de Volmeria. Conhecido por interações cotidianas, pedidos, rumores e possibilidades de relacionamento.	33	Curandeiro	ACTIVE	MASCULINO	0		
NPC_0580	Olias	Aeloria	Valdora	4	Aventureiro	Aventureiro de Valdora. Conhecido por interações cotidianas, pedidos, rumores e possibilidades de relacionamento.	50	Aventureiro	ACTIVE	FEMININO	0		
NPC_0581	Torint	Zarim	Fornalia	-2	Estudante	Estudante de Fornalia. Conhecido por interações cotidianas, pedidos, rumores e possibilidades de relacionamento.	67	Estudante	ACTIVE	MASCULINO	0		
NPC_0582	Ysaethm	Eshmara	Brumas	-1	Mercador	Mercador de Brumas. Conhecido por interações cotidianas, pedidos, rumores e possibilidades de relacionamento.	21	Mercador	ACTIVE	FEMININO	0		
NPC_0583	Arian	Tharun	Stone-Âmbar	0	Pesquisador	Pesquisador de Stone-Âmbar. Conhecido por interações cotidianas, pedidos, rumores e possibilidades de relacionamento.	38	Pesquisador	ACTIVE	MASCULINO	0		
NPC_0584	Daak	Lyrien	Aerocivitus	1	Navegador	Navegador de Aerocivitus. Conhecido por interações cotidianas, pedidos, rumores e possibilidades de relacionamento.	55	Navegador	ACTIVE	FEMININO	0		
NPC_0585	Galind	Kethruun	Sandbones	2	Ferreiro	Ferreiro de Sandbones. Conhecido por interações cotidianas, pedidos, rumores e possibilidades de relacionamento.	72	Ferreiro	ACTIVE	MASCULINO	0		
NPC_0586	Jonethb	Nyssara	Emerald Tide	3	Mensageiro	Mensageiro de Emerald Tide. Conhecido por interações cotidianas, pedidos, rumores e possibilidades de relacionamento.	26	Mensageiro	ACTIVE	FEMININO	0		
NPC_0587	Mariath	Myrthos	Sem nome definido	4	Erudito	Erudito de Sem nome definido. Conhecido por interações cotidianas, pedidos, rumores e possibilidades de relacionamento.	43	Erudito	ACTIVE	MASCULINO	0		
NPC_0588	Renaa	Orinthal	Crystalia	-2	Mago	Mago de Crystalia. Conhecido por interações cotidianas, pedidos, rumores e possibilidades de relacionamento.	60	Mago	ACTIVE	FEMININO	0		
NPC_0589	Vioinl	Valkyrion	Volmeria	-1	Carroceiro	Carroceiro de Volmeria. Conhecido por interações cotidianas, pedidos, rumores e possibilidades de relacionamento.	77	Carroceiro	ACTIVE	MASCULINO	0		
NPC_0590	Zanethr	Aeloria	Verdralith	0	Caçador	Caçador de Verdralith. Conhecido por interações cotidianas, pedidos, rumores e possibilidades de relacionamento.	31	Caçador	ACTIVE	FEMININO	0		
NPC_0591	Beliav	Zarim	Fornalia	1	Sentinela	Sentinela de Fornalia. Conhecido por interações cotidianas, pedidos, rumores e possibilidades de relacionamento.	48	Sentinela	ACTIVE	MASCULINO	0		
NPC_0592	Elias	Eshmara	Brumas	2	Criador de animais	Criador de animais de Brumas. Conhecido por interações cotidianas, pedidos, rumores e possibilidades de relacionamento.	65	Criador de animais	ACTIVE	FEMININO	0		
NPC_0593	Helint	Tharun	Stone-Âmbar	3	Bardo	Bardo de Stone-Âmbar. Conhecido por interações cotidianas, pedidos, rumores e possibilidades de relacionamento.	19	Bardo	ACTIVE	MASCULINO	0		
NPC_0594	Kaethm	Lyrien	Aerocivitus	4	Guarda	Guarda de Aerocivitus. Conhecido por interações cotidianas, pedidos, rumores e possibilidades de relacionamento.	36	Guarda	ACTIVE	FEMININO	0		
NPC_0595	Nerian	Kethruun	Sandbones	-2	Camponês	Camponês de Sandbones. Conhecido por interações cotidianas, pedidos, rumores e possibilidades de relacionamento.	53	Camponês	ACTIVE	MASCULINO	0		
NPC_0596	Selak	Nyssara	Emerald Tide	-1	Clérigo	Clérigo de Emerald Tide. Conhecido por interações cotidianas, pedidos, rumores e possibilidades de relacionamento.	70	Clérigo	ACTIVE	FEMININO	0		
NPC_0597	Wilind	Myrthos	Sem nome definido	0	Valaryn	Valaryn de Sem nome definido. Conhecido por interações cotidianas, pedidos, rumores e possibilidades de relacionamento.	24	Valaryn	ACTIVE	MASCULINO	0		
NPC_0598	Alethb	Orinthal	Crystalia	1	Artesão	Artesão de Crystalia. Conhecido por interações cotidianas, pedidos, rumores e possibilidades de relacionamento.	41	Artesão	ACTIVE	FEMININO	0		
NPC_0599	Coriath	Valkyrion	Volmeria	2	Curandeiro	Curandeiro de Volmeria. Conhecido por interações cotidianas, pedidos, rumores e possibilidades de relacionamento.	58	Curandeiro	ACTIVE	MASCULINO	0		
NPC_0600	Feraa	Aeloria	Prismere	3	Aventureiro	Aventureiro de Prismere. Conhecido por interações cotidianas, pedidos, rumores e possibilidades de relacionamento.	75	Aventureiro	ACTIVE	FEMININO	0		
NPC_0601	Iriinl	Zarim	Fornalia	4	Estudante	Estudante de Fornalia. Conhecido por interações cotidianas, pedidos, rumores e possibilidades de relacionamento.	29	Estudante	ACTIVE	MASCULINO	0		
NPC_0602	Liaethr	Eshmara	Brumas	-2	Mercador	Mercador de Brumas. Conhecido por interações cotidianas, pedidos, rumores e possibilidades de relacionamento.	46	Mercador	ACTIVE	FEMININO	0		
NPC_0603	Oliiav	Tharun	Stone-Âmbar	-1	Pesquisador	Pesquisador de Stone-Âmbar. Conhecido por interações cotidianas, pedidos, rumores e possibilidades de relacionamento.	63	Pesquisador	ACTIVE	MASCULINO	0		
NPC_0604	Toras	Lyrien	Aerocivitus	0	Navegador	Navegador de Aerocivitus. Conhecido por interações cotidianas, pedidos, rumores e possibilidades de relacionamento.	80	Navegador	ACTIVE	FEMININO	0		
NPC_0605	Ysaint	Kethruun	Sandbones	1	Ferreiro	Ferreiro de Sandbones. Conhecido por interações cotidianas, pedidos, rumores e possibilidades de relacionamento.	34	Ferreiro	ACTIVE	MASCULINO	0		
NPC_0606	Arethm	Nyssara	Emerald Tide	2	Mensageiro	Mensageiro de Emerald Tide. Conhecido por interações cotidianas, pedidos, rumores e possibilidades de relacionamento.	51	Mensageiro	ACTIVE	FEMININO	0		
NPC_0607	Daian	Myrthos	Sem nome definido	3	Erudito	Erudito de Sem nome definido. Conhecido por interações cotidianas, pedidos, rumores e possibilidades de relacionamento.	68	Erudito	ACTIVE	MASCULINO	0		
NPC_0608	Galak	Orinthal	Crystalia	4	Mago	Mago de Crystalia. Conhecido por interações cotidianas, pedidos, rumores e possibilidades de relacionamento.	22	Mago	ACTIVE	FEMININO	0		
NPC_0609	Jonind	Valkyrion	Volmeria	-2	Carroceiro	Carroceiro de Volmeria. Conhecido por interações cotidianas, pedidos, rumores e possibilidades de relacionamento.	39	Carroceiro	ACTIVE	MASCULINO	0		
NPC_0610	Marethb	Aeloria	Jorwyn	-1	Caçador	Caçador de Jorwyn. Conhecido por interações cotidianas, pedidos, rumores e possibilidades de relacionamento.	56	Caçador	ACTIVE	FEMININO	0		
NPC_0611	Reniath	Zarim	Fornalia	0	Sentinela	Sentinela de Fornalia. Conhecido por interações cotidianas, pedidos, rumores e possibilidades de relacionamento.	73	Sentinela	ACTIVE	MASCULINO	0		
NPC_0612	Vioaa	Eshmara	Brumas	1	Criador de animais	Criador de animais de Brumas. Conhecido por interações cotidianas, pedidos, rumores e possibilidades de relacionamento.	27	Criador de animais	ACTIVE	FEMININO	0		
NPC_0613	Zaninl	Tharun	Stone-Âmbar	2	Bardo	Bardo de Stone-Âmbar. Conhecido por interações cotidianas, pedidos, rumores e possibilidades de relacionamento.	44	Bardo	ACTIVE	MASCULINO	0		
NPC_0614	Belethr	Lyrien	Aerocivitus	3	Guarda	Guarda de Aerocivitus. Conhecido por interações cotidianas, pedidos, rumores e possibilidades de relacionamento.	61	Guarda	ACTIVE	FEMININO	0		
NPC_0615	Eliiav	Kethruun	Sandbones	4	Camponês	Camponês de Sandbones. Conhecido por interações cotidianas, pedidos, rumores e possibilidades de relacionamento.	78	Camponês	ACTIVE	MASCULINO	0		
NPC_0616	Helas	Nyssara	Emerald Tide	-2	Clérigo	Clérigo de Emerald Tide. Conhecido por interações cotidianas, pedidos, rumores e possibilidades de relacionamento.	32	Clérigo	ACTIVE	FEMININO	0		
NPC_0617	Kaint	Myrthos	Sem nome definido	-1	Valaryn	Valaryn de Sem nome definido. Conhecido por interações cotidianas, pedidos, rumores e possibilidades de relacionamento.	49	Valaryn	ACTIVE	MASCULINO	0		
NPC_0618	Nerethm	Orinthal	Crystalia	0	Artesão	Artesão de Crystalia. Conhecido por interações cotidianas, pedidos, rumores e possibilidades de relacionamento.	66	Artesão	ACTIVE	FEMININO	0		
NPC_0619	Selian	Valkyrion	Volmeria	1	Curandeiro	Curandeiro de Volmeria. Conhecido por interações cotidianas, pedidos, rumores e possibilidades de relacionamento.	20	Curandeiro	ACTIVE	MASCULINO	0		
NPC_0620	Wilak	Aeloria	Dawnspire	2	Aventureiro	Aventureiro de Dawnspire. Conhecido por interações cotidianas, pedidos, rumores e possibilidades de relacionamento.	37	Aventureiro	ACTIVE	FEMININO	0		
NPC_0621	Alind	Zarim	Fornalia	3	Estudante	Estudante de Fornalia. Conhecido por interações cotidianas, pedidos, rumores e possibilidades de relacionamento.	54	Estudante	ACTIVE	MASCULINO	0		
NPC_0622	Corethb	Eshmara	Brumas	4	Mercador	Mercador de Brumas. Conhecido por interações cotidianas, pedidos, rumores e possibilidades de relacionamento.	71	Mercador	ACTIVE	FEMININO	0		
NPC_0623	Feriath	Tharun	Stone-Âmbar	-2	Pesquisador	Pesquisador de Stone-Âmbar. Conhecido por interações cotidianas, pedidos, rumores e possibilidades de relacionamento.	25	Pesquisador	ACTIVE	MASCULINO	0		
NPC_0624	Iriaa	Lyrien	Aerocivitus	-1	Navegador	Navegador de Aerocivitus. Conhecido por interações cotidianas, pedidos, rumores e possibilidades de relacionamento.	42	Navegador	ACTIVE	FEMININO	0		
NPC_0625	Liainl	Kethruun	Sandbones	0	Ferreiro	Ferreiro de Sandbones. Conhecido por interações cotidianas, pedidos, rumores e possibilidades de relacionamento.	59	Ferreiro	ACTIVE	MASCULINO	0		
NPC_0626	Oliethr	Nyssara	Emerald Tide	1	Mensageiro	Mensageiro de Emerald Tide. Conhecido por interações cotidianas, pedidos, rumores e possibilidades de relacionamento.	76	Mensageiro	ACTIVE	FEMININO	0		
NPC_0627	Toriav	Myrthos	Sem nome definido	2	Erudito	Erudito de Sem nome definido. Conhecido por interações cotidianas, pedidos, rumores e possibilidades de relacionamento.	30	Erudito	ACTIVE	MASCULINO	0		
NPC_0628	Ysaas	Orinthal	Crystalia	3	Mago	Mago de Crystalia. Conhecido por interações cotidianas, pedidos, rumores e possibilidades de relacionamento.	47	Mago	ACTIVE	FEMININO	0		
NPC_0629	Arint	Valkyrion	Volmeria	4	Carroceiro	Carroceiro de Volmeria. Conhecido por interações cotidianas, pedidos, rumores e possibilidades de relacionamento.	64	Carroceiro	ACTIVE	MASCULINO	0		
NPC_0630	Daethm	Aeloria	Xandralor	-2	Caçador	Caçador de Xandralor. Conhecido por interações cotidianas, pedidos, rumores e possibilidades de relacionamento.	18	Caçador	ACTIVE	FEMININO	0		
NPC_0631	Galian	Zarim	Fornalia	-1	Sentinela	Sentinela de Fornalia. Conhecido por interações cotidianas, pedidos, rumores e possibilidades de relacionamento.	35	Sentinela	ACTIVE	MASCULINO	0		
NPC_0632	Jonak	Eshmara	Brumas	0	Criador de animais	Criador de animais de Brumas. Conhecido por interações cotidianas, pedidos, rumores e possibilidades de relacionamento.	52	Criador de animais	ACTIVE	FEMININO	0		
NPC_0633	Marind	Tharun	Stone-Âmbar	1	Bardo	Bardo de Stone-Âmbar. Conhecido por interações cotidianas, pedidos, rumores e possibilidades de relacionamento.	69	Bardo	ACTIVE	MASCULINO	0		
NPC_0634	Renethb	Lyrien	Aerocivitus	2	Guarda	Guarda de Aerocivitus. Conhecido por interações cotidianas, pedidos, rumores e possibilidades de relacionamento.	23	Guarda	ACTIVE	FEMININO	0		
NPC_0635	Vioiath	Kethruun	Sandbones	3	Camponês	Camponês de Sandbones. Conhecido por interações cotidianas, pedidos, rumores e possibilidades de relacionamento.	40	Camponês	ACTIVE	MASCULINO	0		
NPC_0636	Zanaa	Nyssara	Emerald Tide	4	Clérigo	Clérigo de Emerald Tide. Conhecido por interações cotidianas, pedidos, rumores e possibilidades de relacionamento.	57	Clérigo	ACTIVE	FEMININO	0		
NPC_0637	Belinl	Myrthos	Sem nome definido	-2	Valaryn	Valaryn de Sem nome definido. Conhecido por interações cotidianas, pedidos, rumores e possibilidades de relacionamento.	74	Valaryn	ACTIVE	MASCULINO	0		
NPC_0638	Eliethr	Orinthal	Crystalia	-1	Artesão	Artesão de Crystalia. Conhecido por interações cotidianas, pedidos, rumores e possibilidades de relacionamento.	28	Artesão	ACTIVE	FEMININO	0		
NPC_0639	Heliav	Valkyrion	Volmeria	0	Curandeiro	Curandeiro de Volmeria. Conhecido por interações cotidianas, pedidos, rumores e possibilidades de relacionamento.	45	Curandeiro	ACTIVE	MASCULINO	0		
NPC_0640	Kaas	Aeloria	Rivenholt	1	Aventureiro	Aventureiro de Rivenholt. Conhecido por interações cotidianas, pedidos, rumores e possibilidades de relacionamento.	62	Aventureiro	ACTIVE	FEMININO	0		
NPC_0641	Nerint	Zarim	Fornalia	2	Estudante	Estudante de Fornalia. Conhecido por interações cotidianas, pedidos, rumores e possibilidades de relacionamento.	79	Estudante	ACTIVE	MASCULINO	0		
NPC_0642	Selethm	Eshmara	Brumas	3	Mercador	Mercador de Brumas. Conhecido por interações cotidianas, pedidos, rumores e possibilidades de relacionamento.	33	Mercador	ACTIVE	FEMININO	0		
NPC_0643	Wilian	Tharun	Stone-Âmbar	4	Pesquisador	Pesquisador de Stone-Âmbar. Conhecido por interações cotidianas, pedidos, rumores e possibilidades de relacionamento.	50	Pesquisador	ACTIVE	MASCULINO	0		
NPC_0644	Alak	Lyrien	Aerocivitus	-2	Navegador	Navegador de Aerocivitus. Conhecido por interações cotidianas, pedidos, rumores e possibilidades de relacionamento.	67	Navegador	ACTIVE	FEMININO	0		
NPC_0645	Corind	Kethruun	Sandbones	-1	Ferreiro	Ferreiro de Sandbones. Conhecido por interações cotidianas, pedidos, rumores e possibilidades de relacionamento.	21	Ferreiro	ACTIVE	MASCULINO	0		
NPC_0646	Ferethb	Nyssara	Emerald Tide	0	Mensageiro	Mensageiro de Emerald Tide. Conhecido por interações cotidianas, pedidos, rumores e possibilidades de relacionamento.	38	Mensageiro	ACTIVE	FEMININO	0		
NPC_0647	Iriiath	Myrthos	Sem nome definido	1	Erudito	Erudito de Sem nome definido. Conhecido por interações cotidianas, pedidos, rumores e possibilidades de relacionamento.	55	Erudito	ACTIVE	MASCULINO	0		
NPC_0648	Liaaa	Orinthal	Crystalia	2	Mago	Mago de Crystalia. Conhecido por interações cotidianas, pedidos, rumores e possibilidades de relacionamento.	72	Mago	ACTIVE	FEMININO	0		
NPC_0649	Oliinl	Valkyrion	Volmeria	3	Carroceiro	Carroceiro de Volmeria. Conhecido por interações cotidianas, pedidos, rumores e possibilidades de relacionamento.	26	Carroceiro	ACTIVE	MASCULINO	0		
NPC_0650	Torethr	Aeloria	Loryndor	4	Caçador	Caçador de Loryndor. Conhecido por interações cotidianas, pedidos, rumores e possibilidades de relacionamento.	43	Caçador	ACTIVE	FEMININO	0		
NPC_0651	Ysaiav	Zarim	Fornalia	-2	Sentinela	Sentinela de Fornalia. Conhecido por interações cotidianas, pedidos, rumores e possibilidades de relacionamento.	60	Sentinela	ACTIVE	MASCULINO	0		
NPC_0652	Aras	Eshmara	Brumas	-1	Criador de animais	Criador de animais de Brumas. Conhecido por interações cotidianas, pedidos, rumores e possibilidades de relacionamento.	77	Criador de animais	ACTIVE	FEMININO	0		
NPC_0653	Daint	Tharun	Stone-Âmbar	0	Bardo	Bardo de Stone-Âmbar. Conhecido por interações cotidianas, pedidos, rumores e possibilidades de relacionamento.	31	Bardo	ACTIVE	MASCULINO	0		
NPC_0654	Galethm	Lyrien	Aerocivitus	1	Guarda	Guarda de Aerocivitus. Conhecido por interações cotidianas, pedidos, rumores e possibilidades de relacionamento.	48	Guarda	ACTIVE	FEMININO	0		
NPC_0655	Jonian	Kethruun	Sandbones	2	Camponês	Camponês de Sandbones. Conhecido por interações cotidianas, pedidos, rumores e possibilidades de relacionamento.	65	Camponês	ACTIVE	MASCULINO	0		
NPC_0656	Marak	Nyssara	Emerald Tide	3	Clérigo	Clérigo de Emerald Tide. Conhecido por interações cotidianas, pedidos, rumores e possibilidades de relacionamento.	19	Clérigo	ACTIVE	FEMININO	0		
NPC_0657	Renind	Myrthos	Sem nome definido	4	Valaryn	Valaryn de Sem nome definido. Conhecido por interações cotidianas, pedidos, rumores e possibilidades de relacionamento.	36	Valaryn	ACTIVE	MASCULINO	0		
NPC_0658	Vioethb	Orinthal	Crystalia	-2	Artesão	Artesão de Crystalia. Conhecido por interações cotidianas, pedidos, rumores e possibilidades de relacionamento.	53	Artesão	ACTIVE	FEMININO	0		
NPC_0659	Zaniath	Valkyrion	Volmeria	-1	Curandeiro	Curandeiro de Volmeria. Conhecido por interações cotidianas, pedidos, rumores e possibilidades de relacionamento.	70	Curandeiro	ACTIVE	MASCULINO	0		
NPC_0660	Belaa	Aeloria	Fenndral	0	Aventureiro	Aventureiro de Fenndral. Conhecido por interações cotidianas, pedidos, rumores e possibilidades de relacionamento.	24	Aventureiro	ACTIVE	FEMININO	0		
NPC_0661	Eliinl	Zarim	Fornalia	1	Estudante	Estudante de Fornalia. Conhecido por interações cotidianas, pedidos, rumores e possibilidades de relacionamento.	41	Estudante	ACTIVE	MASCULINO	0		
NPC_0662	Helethr	Eshmara	Brumas	2	Mercador	Mercador de Brumas. Conhecido por interações cotidianas, pedidos, rumores e possibilidades de relacionamento.	58	Mercador	ACTIVE	FEMININO	0		
NPC_0663	Kaiav	Tharun	Stone-Âmbar	3	Pesquisador	Pesquisador de Stone-Âmbar. Conhecido por interações cotidianas, pedidos, rumores e possibilidades de relacionamento.	75	Pesquisador	ACTIVE	MASCULINO	0		
NPC_0664	Neras	Lyrien	Aerocivitus	4	Navegador	Navegador de Aerocivitus. Conhecido por interações cotidianas, pedidos, rumores e possibilidades de relacionamento.	29	Navegador	ACTIVE	FEMININO	0		
NPC_0665	Selint	Kethruun	Sandbones	-2	Ferreiro	Ferreiro de Sandbones. Conhecido por interações cotidianas, pedidos, rumores e possibilidades de relacionamento.	46	Ferreiro	ACTIVE	MASCULINO	0		
NPC_0666	Wilethm	Nyssara	Emerald Tide	-1	Mensageiro	Mensageiro de Emerald Tide. Conhecido por interações cotidianas, pedidos, rumores e possibilidades de relacionamento.	63	Mensageiro	ACTIVE	FEMININO	0		
NPC_0667	Alian	Myrthos	Sem nome definido	0	Erudito	Erudito de Sem nome definido. Conhecido por interações cotidianas, pedidos, rumores e possibilidades de relacionamento.	80	Erudito	ACTIVE	MASCULINO	0		
NPC_0668	Corak	Orinthal	Crystalia	1	Mago	Mago de Crystalia. Conhecido por interações cotidianas, pedidos, rumores e possibilidades de relacionamento.	34	Mago	ACTIVE	FEMININO	0		
NPC_0669	Ferind	Valkyrion	Volmeria	2	Carroceiro	Carroceiro de Volmeria. Conhecido por interações cotidianas, pedidos, rumores e possibilidades de relacionamento.	51	Carroceiro	ACTIVE	MASCULINO	0		
NPC_0670	Iriethb	Aeloria	Feyndral	3	Caçador	Caçador de Feyndral. Conhecido por interações cotidianas, pedidos, rumores e possibilidades de relacionamento.	68	Caçador	ACTIVE	FEMININO	0		
NPC_0671	Liaiath	Zarim	Fornalia	4	Sentinela	Sentinela de Fornalia. Conhecido por interações cotidianas, pedidos, rumores e possibilidades de relacionamento.	22	Sentinela	ACTIVE	MASCULINO	0		
NPC_0672	Oliaa	Eshmara	Brumas	-2	Criador de animais	Criador de animais de Brumas. Conhecido por interações cotidianas, pedidos, rumores e possibilidades de relacionamento.	39	Criador de animais	ACTIVE	FEMININO	0		
NPC_0673	Torinl	Tharun	Stone-Âmbar	-1	Bardo	Bardo de Stone-Âmbar. Conhecido por interações cotidianas, pedidos, rumores e possibilidades de relacionamento.	56	Bardo	ACTIVE	MASCULINO	0		
NPC_0674	Ysaethr	Lyrien	Aerocivitus	0	Guarda	Guarda de Aerocivitus. Conhecido por interações cotidianas, pedidos, rumores e possibilidades de relacionamento.	73	Guarda	ACTIVE	FEMININO	0		
NPC_0675	Ariav	Kethruun	Sandbones	1	Camponês	Camponês de Sandbones. Conhecido por interações cotidianas, pedidos, rumores e possibilidades de relacionamento.	27	Camponês	ACTIVE	MASCULINO	0		
NPC_0676	Daas	Nyssara	Emerald Tide	2	Clérigo	Clérigo de Emerald Tide. Conhecido por interações cotidianas, pedidos, rumores e possibilidades de relacionamento.	44	Clérigo	ACTIVE	FEMININO	0		
NPC_0677	Galint	Myrthos	Sem nome definido	3	Valaryn	Valaryn de Sem nome definido. Conhecido por interações cotidianas, pedidos, rumores e possibilidades de relacionamento.	61	Valaryn	ACTIVE	MASCULINO	0		
NPC_0678	Jonethm	Orinthal	Crystalia	4	Artesão	Artesão de Crystalia. Conhecido por interações cotidianas, pedidos, rumores e possibilidades de relacionamento.	78	Artesão	ACTIVE	FEMININO	0		
NPC_0679	Marian	Valkyrion	Volmeria	-2	Curandeiro	Curandeiro de Volmeria. Conhecido por interações cotidianas, pedidos, rumores e possibilidades de relacionamento.	32	Curandeiro	ACTIVE	MASCULINO	0		
NPC_0680	Renak	Aeloria	Zephyrholt	-1	Aventureiro	Aventureiro de Zephyrholt. Conhecido por interações cotidianas, pedidos, rumores e possibilidades de relacionamento.	49	Aventureiro	ACTIVE	FEMININO	0		
NPC_0681	Vioind	Zarim	Fornalia	0	Estudante	Estudante de Fornalia. Conhecido por interações cotidianas, pedidos, rumores e possibilidades de relacionamento.	66	Estudante	ACTIVE	MASCULINO	0		
NPC_0682	Zanethb	Eshmara	Brumas	1	Mercador	Mercador de Brumas. Conhecido por interações cotidianas, pedidos, rumores e possibilidades de relacionamento.	20	Mercador	ACTIVE	FEMININO	0		
NPC_0683	Beliath	Tharun	Stone-Âmbar	2	Pesquisador	Pesquisador de Stone-Âmbar. Conhecido por interações cotidianas, pedidos, rumores e possibilidades de relacionamento.	37	Pesquisador	ACTIVE	MASCULINO	0		
NPC_0684	Eliaa	Lyrien	Aerocivitus	3	Navegador	Navegador de Aerocivitus. Conhecido por interações cotidianas, pedidos, rumores e possibilidades de relacionamento.	54	Navegador	ACTIVE	FEMININO	0		
NPC_0685	Helinl	Kethruun	Sandbones	4	Ferreiro	Ferreiro de Sandbones. Conhecido por interações cotidianas, pedidos, rumores e possibilidades de relacionamento.	71	Ferreiro	ACTIVE	MASCULINO	0		
NPC_0686	Kaethr	Nyssara	Emerald Tide	-2	Mensageiro	Mensageiro de Emerald Tide. Conhecido por interações cotidianas, pedidos, rumores e possibilidades de relacionamento.	25	Mensageiro	ACTIVE	FEMININO	0		
NPC_0687	Neriav	Myrthos	Sem nome definido	-1	Erudito	Erudito de Sem nome definido. Conhecido por interações cotidianas, pedidos, rumores e possibilidades de relacionamento.	42	Erudito	ACTIVE	MASCULINO	0		
NPC_0688	Selas	Orinthal	Crystalia	0	Mago	Mago de Crystalia. Conhecido por interações cotidianas, pedidos, rumores e possibilidades de relacionamento.	59	Mago	ACTIVE	FEMININO	0		
NPC_0689	Wilint	Valkyrion	Volmeria	1	Carroceiro	Carroceiro de Volmeria. Conhecido por interações cotidianas, pedidos, rumores e possibilidades de relacionamento.	76	Carroceiro	ACTIVE	MASCULINO	0		
NPC_0690	Alethm	Aeloria	Tindralith	2	Caçador	Caçador de Tindralith. Conhecido por interações cotidianas, pedidos, rumores e possibilidades de relacionamento.	30	Caçador	ACTIVE	FEMININO	0		
NPC_0691	Corian	Zarim	Fornalia	3	Sentinela	Sentinela de Fornalia. Conhecido por interações cotidianas, pedidos, rumores e possibilidades de relacionamento.	47	Sentinela	ACTIVE	MASCULINO	0		
NPC_0692	Ferak	Eshmara	Brumas	4	Criador de animais	Criador de animais de Brumas. Conhecido por interações cotidianas, pedidos, rumores e possibilidades de relacionamento.	64	Criador de animais	ACTIVE	FEMININO	0		
NPC_0693	Iriind	Tharun	Stone-Âmbar	-2	Bardo	Bardo de Stone-Âmbar. Conhecido por interações cotidianas, pedidos, rumores e possibilidades de relacionamento.	18	Bardo	ACTIVE	MASCULINO	0		
NPC_0694	Liaethb	Lyrien	Aerocivitus	-1	Guarda	Guarda de Aerocivitus. Conhecido por interações cotidianas, pedidos, rumores e possibilidades de relacionamento.	35	Guarda	ACTIVE	FEMININO	0		
NPC_0695	Oliiath	Kethruun	Sandbones	0	Camponês	Camponês de Sandbones. Conhecido por interações cotidianas, pedidos, rumores e possibilidades de relacionamento.	52	Camponês	ACTIVE	MASCULINO	0		
NPC_0696	Toraa	Nyssara	Emerald Tide	1	Clérigo	Clérigo de Emerald Tide. Conhecido por interações cotidianas, pedidos, rumores e possibilidades de relacionamento.	69	Clérigo	ACTIVE	FEMININO	0		
NPC_0697	Ysainl	Myrthos	Sem nome definido	2	Valaryn	Valaryn de Sem nome definido. Conhecido por interações cotidianas, pedidos, rumores e possibilidades de relacionamento.	23	Valaryn	ACTIVE	MASCULINO	0		
NPC_0698	Arethr	Orinthal	Crystalia	3	Artesão	Artesão de Crystalia. Conhecido por interações cotidianas, pedidos, rumores e possibilidades de relacionamento.	40	Artesão	ACTIVE	FEMININO	0		
NPC_0699	Daiav	Valkyrion	Volmeria	4	Curandeiro	Curandeiro de Volmeria. Conhecido por interações cotidianas, pedidos, rumores e possibilidades de relacionamento.	57	Curandeiro	ACTIVE	MASCULINO	0		
NPC_0700	Galas	Aeloria	Netherholt	-2	Aventureiro	Aventureiro de Netherholt. Conhecido por interações cotidianas, pedidos, rumores e possibilidades de relacionamento.	74	Aventureiro	ACTIVE	FEMININO	0		
NPC_0701	Jonint	Zarim	Fornalia	-1	Estudante	Estudante de Fornalia. Conhecido por interações cotidianas, pedidos, rumores e possibilidades de relacionamento.	28	Estudante	ACTIVE	MASCULINO	0		
NPC_0702	Marethm	Eshmara	Brumas	0	Mercador	Mercador de Brumas. Conhecido por interações cotidianas, pedidos, rumores e possibilidades de relacionamento.	45	Mercador	ACTIVE	FEMININO	0		
NPC_0703	Renian	Tharun	Stone-Âmbar	1	Pesquisador	Pesquisador de Stone-Âmbar. Conhecido por interações cotidianas, pedidos, rumores e possibilidades de relacionamento.	62	Pesquisador	ACTIVE	MASCULINO	0		
NPC_0704	Vioak	Lyrien	Aerocivitus	2	Navegador	Navegador de Aerocivitus. Conhecido por interações cotidianas, pedidos, rumores e possibilidades de relacionamento.	79	Navegador	ACTIVE	FEMININO	0		
NPC_0705	Zanind	Kethruun	Sandbones	3	Ferreiro	Ferreiro de Sandbones. Conhecido por interações cotidianas, pedidos, rumores e possibilidades de relacionamento.	33	Ferreiro	ACTIVE	MASCULINO	0		
NPC_0706	Belethb	Nyssara	Emerald Tide	4	Mensageiro	Mensageiro de Emerald Tide. Conhecido por interações cotidianas, pedidos, rumores e possibilidades de relacionamento.	50	Mensageiro	ACTIVE	FEMININO	0		
NPC_0707	Eliiath	Myrthos	Sem nome definido	-2	Erudito	Erudito de Sem nome definido. Conhecido por interações cotidianas, pedidos, rumores e possibilidades de relacionamento.	67	Erudito	ACTIVE	MASCULINO	0		
NPC_0708	Helaa	Orinthal	Crystalia	-1	Mago	Mago de Crystalia. Conhecido por interações cotidianas, pedidos, rumores e possibilidades de relacionamento.	21	Mago	ACTIVE	FEMININO	0		
NPC_0709	Kainl	Valkyrion	Volmeria	0	Carroceiro	Carroceiro de Volmeria. Conhecido por interações cotidianas, pedidos, rumores e possibilidades de relacionamento.	38	Carroceiro	ACTIVE	MASCULINO	0		
NPC_0710	Nerethr	Aeloria	Highspire	1	Caçador	Caçador de Highspire. Conhecido por interações cotidianas, pedidos, rumores e possibilidades de relacionamento.	55	Caçador	ACTIVE	FEMININO	0		
NPC_0711	Seliav	Zarim	Fornalia	2	Sentinela	Sentinela de Fornalia. Conhecido por interações cotidianas, pedidos, rumores e possibilidades de relacionamento.	72	Sentinela	ACTIVE	MASCULINO	0		
NPC_0712	Wilas	Eshmara	Brumas	3	Criador de animais	Criador de animais de Brumas. Conhecido por interações cotidianas, pedidos, rumores e possibilidades de relacionamento.	26	Criador de animais	ACTIVE	FEMININO	0		
NPC_0713	Alint	Tharun	Stone-Âmbar	4	Bardo	Bardo de Stone-Âmbar. Conhecido por interações cotidianas, pedidos, rumores e possibilidades de relacionamento.	43	Bardo	ACTIVE	MASCULINO	0		
NPC_0714	Corethm	Lyrien	Aerocivitus	-2	Guarda	Guarda de Aerocivitus. Conhecido por interações cotidianas, pedidos, rumores e possibilidades de relacionamento.	60	Guarda	ACTIVE	FEMININO	0		
NPC_0715	Ferian	Kethruun	Sandbones	-1	Camponês	Camponês de Sandbones. Conhecido por interações cotidianas, pedidos, rumores e possibilidades de relacionamento.	77	Camponês	ACTIVE	MASCULINO	0		
NPC_0716	Iriak	Nyssara	Emerald Tide	0	Clérigo	Clérigo de Emerald Tide. Conhecido por interações cotidianas, pedidos, rumores e possibilidades de relacionamento.	31	Clérigo	ACTIVE	FEMININO	0		
NPC_0717	Liaind	Myrthos	Sem nome definido	1	Valaryn	Valaryn de Sem nome definido. Conhecido por interações cotidianas, pedidos, rumores e possibilidades de relacionamento.	48	Valaryn	ACTIVE	MASCULINO	0		
NPC_0718	Oliethb	Orinthal	Crystalia	2	Artesão	Artesão de Crystalia. Conhecido por interações cotidianas, pedidos, rumores e possibilidades de relacionamento.	65	Artesão	ACTIVE	FEMININO	0		
NPC_0719	Toriath	Valkyrion	Volmeria	3	Curandeiro	Curandeiro de Volmeria. Conhecido por interações cotidianas, pedidos, rumores e possibilidades de relacionamento.	19	Curandeiro	ACTIVE	MASCULINO	0		
NPC_0720	Ysaaa	Aeloria	Blackmere	4	Aventureiro	Aventureiro de Blackmere. Conhecido por interações cotidianas, pedidos, rumores e possibilidades de relacionamento.	36	Aventureiro	ACTIVE	FEMININO	0		
NPC_0721	Arinl	Zarim	Fornalia	-2	Estudante	Estudante de Fornalia. Conhecido por interações cotidianas, pedidos, rumores e possibilidades de relacionamento.	53	Estudante	ACTIVE	MASCULINO	0		
NPC_0722	Daethr	Eshmara	Brumas	-1	Mercador	Mercador de Brumas. Conhecido por interações cotidianas, pedidos, rumores e possibilidades de relacionamento.	70	Mercador	ACTIVE	FEMININO	0		
NPC_0723	Galiav	Tharun	Stone-Âmbar	0	Pesquisador	Pesquisador de Stone-Âmbar. Conhecido por interações cotidianas, pedidos, rumores e possibilidades de relacionamento.	24	Pesquisador	ACTIVE	MASCULINO	0		
NPC_0724	Jonas	Lyrien	Aerocivitus	1	Navegador	Navegador de Aerocivitus. Conhecido por interações cotidianas, pedidos, rumores e possibilidades de relacionamento.	41	Navegador	ACTIVE	FEMININO	0		
NPC_0725	Marint	Kethruun	Sandbones	2	Ferreiro	Ferreiro de Sandbones. Conhecido por interações cotidianas, pedidos, rumores e possibilidades de relacionamento.	58	Ferreiro	ACTIVE	MASCULINO	0		
NPC_0726	Renethm	Nyssara	Emerald Tide	3	Mensageiro	Mensageiro de Emerald Tide. Conhecido por interações cotidianas, pedidos, rumores e possibilidades de relacionamento.	75	Mensageiro	ACTIVE	FEMININO	0		
NPC_0727	Vioian	Myrthos	Sem nome definido	4	Erudito	Erudito de Sem nome definido. Conhecido por interações cotidianas, pedidos, rumores e possibilidades de relacionamento.	29	Erudito	ACTIVE	MASCULINO	0		
NPC_0728	Zanak	Orinthal	Crystalia	-2	Mago	Mago de Crystalia. Conhecido por interações cotidianas, pedidos, rumores e possibilidades de relacionamento.	46	Mago	ACTIVE	FEMININO	0		
NPC_0729	Belind	Valkyrion	Volmeria	-1	Carroceiro	Carroceiro de Volmeria. Conhecido por interações cotidianas, pedidos, rumores e possibilidades de relacionamento.	63	Carroceiro	ACTIVE	MASCULINO	0		
NPC_0730	Eliethb	Aeloria	Veyndaril	0	Caçador	Caçador de Veyndaril. Conhecido por interações cotidianas, pedidos, rumores e possibilidades de relacionamento.	80	Caçador	ACTIVE	FEMININO	0		
NPC_0731	Heliath	Zarim	Fornalia	1	Sentinela	Sentinela de Fornalia. Conhecido por interações cotidianas, pedidos, rumores e possibilidades de relacionamento.	34	Sentinela	ACTIVE	MASCULINO	0		
NPC_0732	Kaaa	Eshmara	Brumas	2	Criador de animais	Criador de animais de Brumas. Conhecido por interações cotidianas, pedidos, rumores e possibilidades de relacionamento.	51	Criador de animais	ACTIVE	FEMININO	0		
NPC_0733	Nerinl	Tharun	Stone-Âmbar	3	Bardo	Bardo de Stone-Âmbar. Conhecido por interações cotidianas, pedidos, rumores e possibilidades de relacionamento.	68	Bardo	ACTIVE	MASCULINO	0		
NPC_0734	Selethr	Lyrien	Aerocivitus	4	Guarda	Guarda de Aerocivitus. Conhecido por interações cotidianas, pedidos, rumores e possibilidades de relacionamento.	22	Guarda	ACTIVE	FEMININO	0		
NPC_0735	Wiliav	Kethruun	Sandbones	-2	Camponês	Camponês de Sandbones. Conhecido por interações cotidianas, pedidos, rumores e possibilidades de relacionamento.	39	Camponês	ACTIVE	MASCULINO	0		
NPC_0736	Alas	Nyssara	Emerald Tide	-1	Clérigo	Clérigo de Emerald Tide. Conhecido por interações cotidianas, pedidos, rumores e possibilidades de relacionamento.	56	Clérigo	ACTIVE	FEMININO	0		
NPC_0737	Corint	Myrthos	Sem nome definido	0	Valaryn	Valaryn de Sem nome definido. Conhecido por interações cotidianas, pedidos, rumores e possibilidades de relacionamento.	73	Valaryn	ACTIVE	MASCULINO	0		
NPC_0738	Ferethm	Orinthal	Crystalia	1	Artesão	Artesão de Crystalia. Conhecido por interações cotidianas, pedidos, rumores e possibilidades de relacionamento.	27	Artesão	ACTIVE	FEMININO	0		
NPC_0739	Iriian	Valkyrion	Volmeria	2	Curandeiro	Curandeiro de Volmeria. Conhecido por interações cotidianas, pedidos, rumores e possibilidades de relacionamento.	44	Curandeiro	ACTIVE	MASCULINO	0		
NPC_0740	Liaak	Aeloria	Pyrelith	3	Aventureiro	Aventureiro de Pyrelith. Conhecido por interações cotidianas, pedidos, rumores e possibilidades de relacionamento.	61	Aventureiro	ACTIVE	FEMININO	0		
NPC_0741	Oliind	Zarim	Fornalia	4	Estudante	Estudante de Fornalia. Conhecido por interações cotidianas, pedidos, rumores e possibilidades de relacionamento.	78	Estudante	ACTIVE	MASCULINO	0		
NPC_0742	Torethb	Eshmara	Brumas	-2	Mercador	Mercador de Brumas. Conhecido por interações cotidianas, pedidos, rumores e possibilidades de relacionamento.	32	Mercador	ACTIVE	FEMININO	0		
NPC_0743	Ysaiath	Tharun	Stone-Âmbar	-1	Pesquisador	Pesquisador de Stone-Âmbar. Conhecido por interações cotidianas, pedidos, rumores e possibilidades de relacionamento.	49	Pesquisador	ACTIVE	MASCULINO	0		
NPC_0744	Araa	Lyrien	Aerocivitus	0	Navegador	Navegador de Aerocivitus. Conhecido por interações cotidianas, pedidos, rumores e possibilidades de relacionamento.	66	Navegador	ACTIVE	FEMININO	0		
NPC_0745	Dainl	Kethruun	Sandbones	1	Ferreiro	Ferreiro de Sandbones. Conhecido por interações cotidianas, pedidos, rumores e possibilidades de relacionamento.	20	Ferreiro	ACTIVE	MASCULINO	0		
NPC_0746	Galethr	Nyssara	Emerald Tide	2	Mensageiro	Mensageiro de Emerald Tide. Conhecido por interações cotidianas, pedidos, rumores e possibilidades de relacionamento.	37	Mensageiro	ACTIVE	FEMININO	0		
NPC_0747	Joniav	Myrthos	Sem nome definido	3	Erudito	Erudito de Sem nome definido. Conhecido por interações cotidianas, pedidos, rumores e possibilidades de relacionamento.	54	Erudito	ACTIVE	MASCULINO	0		
NPC_0748	Maras	Orinthal	Crystalia	4	Mago	Mago de Crystalia. Conhecido por interações cotidianas, pedidos, rumores e possibilidades de relacionamento.	71	Mago	ACTIVE	FEMININO	0		
NPC_0749	Renint	Valkyrion	Volmeria	-2	Carroceiro	Carroceiro de Volmeria. Conhecido por interações cotidianas, pedidos, rumores e possibilidades de relacionamento.	25	Carroceiro	ACTIVE	MASCULINO	0		
NPC_0750	Vioethm	Aeloria	Jorathen	-1	Caçador	Caçador de Jorathen. Conhecido por interações cotidianas, pedidos, rumores e possibilidades de relacionamento.	42	Caçador	ACTIVE	FEMININO	0		
NPC_0751	Zanian	Zarim	Fornalia	0	Sentinela	Sentinela de Fornalia. Conhecido por interações cotidianas, pedidos, rumores e possibilidades de relacionamento.	59	Sentinela	ACTIVE	MASCULINO	0		
NPC_0752	Belak	Eshmara	Brumas	1	Criador de animais	Criador de animais de Brumas. Conhecido por interações cotidianas, pedidos, rumores e possibilidades de relacionamento.	76	Criador de animais	ACTIVE	FEMININO	0		
NPC_0753	Eliind	Tharun	Stone-Âmbar	2	Bardo	Bardo de Stone-Âmbar. Conhecido por interações cotidianas, pedidos, rumores e possibilidades de relacionamento.	30	Bardo	ACTIVE	MASCULINO	0		
NPC_0754	Helethb	Lyrien	Aerocivitus	3	Guarda	Guarda de Aerocivitus. Conhecido por interações cotidianas, pedidos, rumores e possibilidades de relacionamento.	47	Guarda	ACTIVE	FEMININO	0		
NPC_0755	Kaiath	Kethruun	Sandbones	4	Camponês	Camponês de Sandbones. Conhecido por interações cotidianas, pedidos, rumores e possibilidades de relacionamento.	64	Camponês	ACTIVE	MASCULINO	0		
NPC_0756	Neraa	Nyssara	Emerald Tide	-2	Clérigo	Clérigo de Emerald Tide. Conhecido por interações cotidianas, pedidos, rumores e possibilidades de relacionamento.	18	Clérigo	ACTIVE	FEMININO	0		
NPC_0757	Selinl	Myrthos	Sem nome definido	-1	Valaryn	Valaryn de Sem nome definido. Conhecido por interações cotidianas, pedidos, rumores e possibilidades de relacionamento.	35	Valaryn	ACTIVE	MASCULINO	0		
NPC_0758	Wilethr	Orinthal	Crystalia	0	Artesão	Artesão de Crystalia. Conhecido por interações cotidianas, pedidos, rumores e possibilidades de relacionamento.	52	Artesão	ACTIVE	FEMININO	0		
NPC_0759	Aliav	Valkyrion	Volmeria	1	Curandeiro	Curandeiro de Volmeria. Conhecido por interações cotidianas, pedidos, rumores e possibilidades de relacionamento.	69	Curandeiro	ACTIVE	MASCULINO	0		
NPC_0760	Coras	Aeloria	Duskmere	2	Aventureiro	Aventureiro de Duskmere. Conhecido por interações cotidianas, pedidos, rumores e possibilidades de relacionamento.	23	Aventureiro	ACTIVE	FEMININO	0		
NPC_0761	Ferint	Zarim	Fornalia	3	Estudante	Estudante de Fornalia. Conhecido por interações cotidianas, pedidos, rumores e possibilidades de relacionamento.	40	Estudante	ACTIVE	MASCULINO	0		
NPC_0762	Iriethm	Eshmara	Brumas	4	Mercador	Mercador de Brumas. Conhecido por interações cotidianas, pedidos, rumores e possibilidades de relacionamento.	57	Mercador	ACTIVE	FEMININO	0		
NPC_0763	Liaian	Tharun	Stone-Âmbar	-2	Pesquisador	Pesquisador de Stone-Âmbar. Conhecido por interações cotidianas, pedidos, rumores e possibilidades de relacionamento.	74	Pesquisador	ACTIVE	MASCULINO	0		
NPC_0764	Oliak	Lyrien	Aerocivitus	-1	Navegador	Navegador de Aerocivitus. Conhecido por interações cotidianas, pedidos, rumores e possibilidades de relacionamento.	28	Navegador	ACTIVE	FEMININO	0		
NPC_0765	Torind	Kethruun	Sandbones	0	Ferreiro	Ferreiro de Sandbones. Conhecido por interações cotidianas, pedidos, rumores e possibilidades de relacionamento.	45	Ferreiro	ACTIVE	MASCULINO	0		
NPC_0766	Ysaethb	Nyssara	Emerald Tide	1	Mensageiro	Mensageiro de Emerald Tide. Conhecido por interações cotidianas, pedidos, rumores e possibilidades de relacionamento.	62	Mensageiro	ACTIVE	FEMININO	0		
NPC_0767	Ariath	Myrthos	Sem nome definido	2	Erudito	Erudito de Sem nome definido. Conhecido por interações cotidianas, pedidos, rumores e possibilidades de relacionamento.	79	Erudito	ACTIVE	MASCULINO	0		
NPC_0768	Daaa	Orinthal	Crystalia	3	Mago	Mago de Crystalia. Conhecido por interações cotidianas, pedidos, rumores e possibilidades de relacionamento.	33	Mago	ACTIVE	FEMININO	0		
NPC_0769	Galinl	Valkyrion	Volmeria	4	Carroceiro	Carroceiro de Volmeria. Conhecido por interações cotidianas, pedidos, rumores e possibilidades de relacionamento.	50	Carroceiro	ACTIVE	MASCULINO	0		
NPC_0770	Jonethr	Aeloria	Lunareth	-2	Caçador	Caçador de Lunareth. Conhecido por interações cotidianas, pedidos, rumores e possibilidades de relacionamento.	67	Caçador	ACTIVE	FEMININO	0		
NPC_0771	Mariav	Zarim	Fornalia	-1	Sentinela	Sentinela de Fornalia. Conhecido por interações cotidianas, pedidos, rumores e possibilidades de relacionamento.	21	Sentinela	ACTIVE	MASCULINO	0		
NPC_0772	Renas	Eshmara	Brumas	0	Criador de animais	Criador de animais de Brumas. Conhecido por interações cotidianas, pedidos, rumores e possibilidades de relacionamento.	38	Criador de animais	ACTIVE	FEMININO	0		
NPC_0773	Vioint	Tharun	Stone-Âmbar	1	Bardo	Bardo de Stone-Âmbar. Conhecido por interações cotidianas, pedidos, rumores e possibilidades de relacionamento.	55	Bardo	ACTIVE	MASCULINO	0		
NPC_0774	Zanethm	Lyrien	Aerocivitus	2	Guarda	Guarda de Aerocivitus. Conhecido por interações cotidianas, pedidos, rumores e possibilidades de relacionamento.	72	Guarda	ACTIVE	FEMININO	0		
NPC_0775	Belian	Kethruun	Sandbones	3	Camponês	Camponês de Sandbones. Conhecido por interações cotidianas, pedidos, rumores e possibilidades de relacionamento.	26	Camponês	ACTIVE	MASCULINO	0		
NPC_0776	Eliak	Nyssara	Emerald Tide	4	Clérigo	Clérigo de Emerald Tide. Conhecido por interações cotidianas, pedidos, rumores e possibilidades de relacionamento.	43	Clérigo	ACTIVE	FEMININO	0		
NPC_0777	Helind	Myrthos	Sem nome definido	-2	Valaryn	Valaryn de Sem nome definido. Conhecido por interações cotidianas, pedidos, rumores e possibilidades de relacionamento.	60	Valaryn	ACTIVE	MASCULINO	0		
NPC_0778	Kaethb	Orinthal	Crystalia	-1	Artesão	Artesão de Crystalia. Conhecido por interações cotidianas, pedidos, rumores e possibilidades de relacionamento.	77	Artesão	ACTIVE	FEMININO	0		
NPC_0779	Neriath	Valkyrion	Volmeria	0	Curandeiro	Curandeiro de Volmeria. Conhecido por interações cotidianas, pedidos, rumores e possibilidades de relacionamento.	31	Curandeiro	ACTIVE	MASCULINO	0		
NPC_0780	Selaa	Aeloria	Xyrelith	1	Aventureiro	Aventureiro de Xyrelith. Conhecido por interações cotidianas, pedidos, rumores e possibilidades de relacionamento.	48	Aventureiro	ACTIVE	FEMININO	0		
NPC_0781	Wilinl	Zarim	Fornalia	2	Estudante	Estudante de Fornalia. Conhecido por interações cotidianas, pedidos, rumores e possibilidades de relacionamento.	65	Estudante	ACTIVE	MASCULINO	0		
NPC_0782	Alethr	Eshmara	Brumas	3	Mercador	Mercador de Brumas. Conhecido por interações cotidianas, pedidos, rumores e possibilidades de relacionamento.	19	Mercador	ACTIVE	FEMININO	0		
NPC_0783	Coriav	Tharun	Stone-Âmbar	4	Pesquisador	Pesquisador de Stone-Âmbar. Conhecido por interações cotidianas, pedidos, rumores e possibilidades de relacionamento.	36	Pesquisador	ACTIVE	MASCULINO	0		
NPC_0784	Feras	Lyrien	Aerocivitus	-2	Navegador	Navegador de Aerocivitus. Conhecido por interações cotidianas, pedidos, rumores e possibilidades de relacionamento.	53	Navegador	ACTIVE	FEMININO	0		
NPC_0785	Iriint	Kethruun	Sandbones	-1	Ferreiro	Ferreiro de Sandbones. Conhecido por interações cotidianas, pedidos, rumores e possibilidades de relacionamento.	70	Ferreiro	ACTIVE	MASCULINO	0		
NPC_0786	Liaethm	Nyssara	Emerald Tide	0	Mensageiro	Mensageiro de Emerald Tide. Conhecido por interações cotidianas, pedidos, rumores e possibilidades de relacionamento.	24	Mensageiro	ACTIVE	FEMININO	0		
NPC_0787	Oliian	Myrthos	Sem nome definido	1	Erudito	Erudito de Sem nome definido. Conhecido por interações cotidianas, pedidos, rumores e possibilidades de relacionamento.	41	Erudito	ACTIVE	MASCULINO	0		
NPC_0788	Torak	Orinthal	Crystalia	2	Mago	Mago de Crystalia. Conhecido por interações cotidianas, pedidos, rumores e possibilidades de relacionamento.	58	Mago	ACTIVE	FEMININO	0		
NPC_0789	Ysaind	Valkyrion	Volmeria	3	Carroceiro	Carroceiro de Volmeria. Conhecido por interações cotidianas, pedidos, rumores e possibilidades de relacionamento.	75	Carroceiro	ACTIVE	MASCULINO	0		
NPC_0790	Arethb	Aeloria	Runedral	4	Caçador	Caçador de Runedral. Conhecido por interações cotidianas, pedidos, rumores e possibilidades de relacionamento.	29	Caçador	ACTIVE	FEMININO	0		
NPC_0791	Daiath	Zarim	Fornalia	-2	Sentinela	Sentinela de Fornalia. Conhecido por interações cotidianas, pedidos, rumores e possibilidades de relacionamento.	46	Sentinela	ACTIVE	MASCULINO	0		
NPC_0792	Galaa	Eshmara	Brumas	-1	Criador de animais	Criador de animais de Brumas. Conhecido por interações cotidianas, pedidos, rumores e possibilidades de relacionamento.	63	Criador de animais	ACTIVE	FEMININO	0		
NPC_0793	Joninl	Tharun	Stone-Âmbar	0	Bardo	Bardo de Stone-Âmbar. Conhecido por interações cotidianas, pedidos, rumores e possibilidades de relacionamento.	80	Bardo	ACTIVE	MASCULINO	0		
NPC_0794	Marethr	Lyrien	Aerocivitus	1	Guarda	Guarda de Aerocivitus. Conhecido por interações cotidianas, pedidos, rumores e possibilidades de relacionamento.	34	Guarda	ACTIVE	FEMININO	0		
NPC_0795	Reniav	Kethruun	Sandbones	2	Camponês	Camponês de Sandbones. Conhecido por interações cotidianas, pedidos, rumores e possibilidades de relacionamento.	51	Camponês	ACTIVE	MASCULINO	0		
NPC_0796	Vioas	Nyssara	Emerald Tide	3	Clérigo	Clérigo de Emerald Tide. Conhecido por interações cotidianas, pedidos, rumores e possibilidades de relacionamento.	68	Clérigo	ACTIVE	FEMININO	0		
NPC_0797	Zanint	Myrthos	Sem nome definido	4	Valaryn	Valaryn de Sem nome definido. Conhecido por interações cotidianas, pedidos, rumores e possibilidades de relacionamento.	22	Valaryn	ACTIVE	MASCULINO	0		
NPC_0798	Belethm	Orinthal	Crystalia	-2	Artesão	Artesão de Crystalia. Conhecido por interações cotidianas, pedidos, rumores e possibilidades de relacionamento.	39	Artesão	ACTIVE	FEMININO	0		
NPC_0799	Eliian	Valkyrion	Volmeria	-1	Curandeiro	Curandeiro de Volmeria. Conhecido por interações cotidianas, pedidos, rumores e possibilidades de relacionamento.	56	Curandeiro	ACTIVE	MASCULINO	0		
NPC_0800	Helak	Aeloria	Lorwynne	0	Aventureiro	Aventureiro de Lorwynne. Conhecido por interações cotidianas, pedidos, rumores e possibilidades de relacionamento.	73	Aventureiro	ACTIVE	FEMININO	0		
NPC_0801	Kaind	Zarim	Fornalia	1	Estudante	Estudante de Fornalia. Conhecido por interações cotidianas, pedidos, rumores e possibilidades de relacionamento.	27	Estudante	ACTIVE	MASCULINO	0		
NPC_0802	Nerethb	Eshmara	Brumas	2	Mercador	Mercador de Brumas. Conhecido por interações cotidianas, pedidos, rumores e possibilidades de relacionamento.	44	Mercador	ACTIVE	FEMININO	0		
NPC_0803	Seliath	Tharun	Stone-Âmbar	3	Pesquisador	Pesquisador de Stone-Âmbar. Conhecido por interações cotidianas, pedidos, rumores e possibilidades de relacionamento.	61	Pesquisador	ACTIVE	MASCULINO	0		
NPC_0804	Wilaa	Lyrien	Aerocivitus	4	Navegador	Navegador de Aerocivitus. Conhecido por interações cotidianas, pedidos, rumores e possibilidades de relacionamento.	78	Navegador	ACTIVE	FEMININO	0		
NPC_0805	Alinl	Kethruun	Sandbones	-2	Ferreiro	Ferreiro de Sandbones. Conhecido por interações cotidianas, pedidos, rumores e possibilidades de relacionamento.	32	Ferreiro	ACTIVE	MASCULINO	0		
NPC_0806	Corethr	Nyssara	Emerald Tide	-1	Mensageiro	Mensageiro de Emerald Tide. Conhecido por interações cotidianas, pedidos, rumores e possibilidades de relacionamento.	49	Mensageiro	ACTIVE	FEMININO	0		
NPC_0807	Feriav	Myrthos	Sem nome definido	0	Erudito	Erudito de Sem nome definido. Conhecido por interações cotidianas, pedidos, rumores e possibilidades de relacionamento.	66	Erudito	ACTIVE	MASCULINO	0		
NPC_0808	Irias	Orinthal	Crystalia	1	Mago	Mago de Crystalia. Conhecido por interações cotidianas, pedidos, rumores e possibilidades de relacionamento.	20	Mago	ACTIVE	FEMININO	0		
NPC_0809	Liaint	Valkyrion	Volmeria	2	Carroceiro	Carroceiro de Volmeria. Conhecido por interações cotidianas, pedidos, rumores e possibilidades de relacionamento.	37	Carroceiro	ACTIVE	MASCULINO	0		
NPC_0810	Oliethm	Aeloria	Frostmere	3	Caçador	Caçador de Frostmere. Conhecido por interações cotidianas, pedidos, rumores e possibilidades de relacionamento.	54	Caçador	ACTIVE	FEMININO	0		
NPC_0811	Torian	Zarim	Fornalia	4	Sentinela	Sentinela de Fornalia. Conhecido por interações cotidianas, pedidos, rumores e possibilidades de relacionamento.	71	Sentinela	ACTIVE	MASCULINO	0		
NPC_0812	Ysaak	Eshmara	Brumas	-2	Criador de animais	Criador de animais de Brumas. Conhecido por interações cotidianas, pedidos, rumores e possibilidades de relacionamento.	25	Criador de animais	ACTIVE	FEMININO	0		
NPC_0813	Arind	Tharun	Stone-Âmbar	-1	Bardo	Bardo de Stone-Âmbar. Conhecido por interações cotidianas, pedidos, rumores e possibilidades de relacionamento.	42	Bardo	ACTIVE	MASCULINO	0		
NPC_0814	Daethb	Lyrien	Aerocivitus	0	Guarda	Guarda de Aerocivitus. Conhecido por interações cotidianas, pedidos, rumores e possibilidades de relacionamento.	59	Guarda	ACTIVE	FEMININO	0		
NPC_0815	Galiath	Kethruun	Sandbones	1	Camponês	Camponês de Sandbones. Conhecido por interações cotidianas, pedidos, rumores e possibilidades de relacionamento.	76	Camponês	ACTIVE	MASCULINO	0		
NPC_0816	Jonaa	Nyssara	Emerald Tide	2	Clérigo	Clérigo de Emerald Tide. Conhecido por interações cotidianas, pedidos, rumores e possibilidades de relacionamento.	30	Clérigo	ACTIVE	FEMININO	0		
NPC_0817	Marinl	Myrthos	Sem nome definido	3	Valaryn	Valaryn de Sem nome definido. Conhecido por interações cotidianas, pedidos, rumores e possibilidades de relacionamento.	47	Valaryn	ACTIVE	MASCULINO	0		
NPC_0818	Renethr	Orinthal	Crystalia	4	Artesão	Artesão de Crystalia. Conhecido por interações cotidianas, pedidos, rumores e possibilidades de relacionamento.	64	Artesão	ACTIVE	FEMININO	0		
NPC_0819	Vioiav	Valkyrion	Volmeria	-2	Curandeiro	Curandeiro de Volmeria. Conhecido por interações cotidianas, pedidos, rumores e possibilidades de relacionamento.	18	Curandeiro	ACTIVE	MASCULINO	0		
NPC_0820	Zanas	Aeloria	Zorathen	-1	Aventureiro	Aventureiro de Zorathen. Conhecido por interações cotidianas, pedidos, rumores e possibilidades de relacionamento.	35	Aventureiro	ACTIVE	FEMININO	0		
NPC_0821	Belint	Zarim	Fornalia	0	Estudante	Estudante de Fornalia. Conhecido por interações cotidianas, pedidos, rumores e possibilidades de relacionamento.	52	Estudante	ACTIVE	MASCULINO	0		
NPC_0822	Eliethm	Eshmara	Brumas	1	Mercador	Mercador de Brumas. Conhecido por interações cotidianas, pedidos, rumores e possibilidades de relacionamento.	69	Mercador	ACTIVE	FEMININO	0		
NPC_0823	Helian	Tharun	Stone-Âmbar	2	Pesquisador	Pesquisador de Stone-Âmbar. Conhecido por interações cotidianas, pedidos, rumores e possibilidades de relacionamento.	23	Pesquisador	ACTIVE	MASCULINO	0		
NPC_0824	Kaak	Lyrien	Aerocivitus	3	Navegador	Navegador de Aerocivitus. Conhecido por interações cotidianas, pedidos, rumores e possibilidades de relacionamento.	40	Navegador	ACTIVE	FEMININO	0		
NPC_0825	Nerind	Kethruun	Sandbones	4	Ferreiro	Ferreiro de Sandbones. Conhecido por interações cotidianas, pedidos, rumores e possibilidades de relacionamento.	57	Ferreiro	ACTIVE	MASCULINO	0		
NPC_0826	Selethb	Nyssara	Emerald Tide	-2	Mensageiro	Mensageiro de Emerald Tide. Conhecido por interações cotidianas, pedidos, rumores e possibilidades de relacionamento.	74	Mensageiro	ACTIVE	FEMININO	0		
NPC_0827	Wiliath	Myrthos	Sem nome definido	-1	Erudito	Erudito de Sem nome definido. Conhecido por interações cotidianas, pedidos, rumores e possibilidades de relacionamento.	28	Erudito	ACTIVE	MASCULINO	0		
NPC_0828	Alaa	Orinthal	Crystalia	0	Mago	Mago de Crystalia. Conhecido por interações cotidianas, pedidos, rumores e possibilidades de relacionamento.	45	Mago	ACTIVE	FEMININO	0		
NPC_0829	Corinl	Valkyrion	Volmeria	1	Carroceiro	Carroceiro de Volmeria. Conhecido por interações cotidianas, pedidos, rumores e possibilidades de relacionamento.	62	Carroceiro	ACTIVE	MASCULINO	0		
NPC_0830	Ferethr	Aeloria	Thornmere	2	Caçador	Caçador de Thornmere. Conhecido por interações cotidianas, pedidos, rumores e possibilidades de relacionamento.	79	Caçador	ACTIVE	FEMININO	0		
NPC_0831	Iriiav	Zarim	Fornalia	3	Sentinela	Sentinela de Fornalia. Conhecido por interações cotidianas, pedidos, rumores e possibilidades de relacionamento.	33	Sentinela	ACTIVE	MASCULINO	0		
NPC_0832	Liaas	Eshmara	Brumas	4	Criador de animais	Criador de animais de Brumas. Conhecido por interações cotidianas, pedidos, rumores e possibilidades de relacionamento.	50	Criador de animais	ACTIVE	FEMININO	0		
NPC_0833	Oliint	Tharun	Stone-Âmbar	-2	Bardo	Bardo de Stone-Âmbar. Conhecido por interações cotidianas, pedidos, rumores e possibilidades de relacionamento.	67	Bardo	ACTIVE	MASCULINO	0		
NPC_0834	Torethm	Lyrien	Aerocivitus	-1	Guarda	Guarda de Aerocivitus. Conhecido por interações cotidianas, pedidos, rumores e possibilidades de relacionamento.	21	Guarda	ACTIVE	FEMININO	0		
NPC_0835	Ysaian	Kethruun	Sandbones	0	Camponês	Camponês de Sandbones. Conhecido por interações cotidianas, pedidos, rumores e possibilidades de relacionamento.	38	Camponês	ACTIVE	MASCULINO	0		
NPC_0836	Arak	Nyssara	Emerald Tide	1	Clérigo	Clérigo de Emerald Tide. Conhecido por interações cotidianas, pedidos, rumores e possibilidades de relacionamento.	55	Clérigo	ACTIVE	FEMININO	0		
NPC_0837	Daind	Myrthos	Sem nome definido	2	Valaryn	Valaryn de Sem nome definido. Conhecido por interações cotidianas, pedidos, rumores e possibilidades de relacionamento.	72	Valaryn	ACTIVE	MASCULINO	0		
NPC_0838	Galethb	Orinthal	Crystalia	3	Artesão	Artesão de Crystalia. Conhecido por interações cotidianas, pedidos, rumores e possibilidades de relacionamento.	26	Artesão	ACTIVE	FEMININO	0		
NPC_0839	Joniath	Valkyrion	Volmeria	4	Curandeiro	Curandeiro de Volmeria. Conhecido por interações cotidianas, pedidos, rumores e possibilidades de relacionamento.	43	Curandeiro	ACTIVE	MASCULINO	0		
NPC_0840	Maraa	Aeloria	Norhaven	-2	Aventureiro	Aventureiro de Norhaven. Conhecido por interações cotidianas, pedidos, rumores e possibilidades de relacionamento.	60	Aventureiro	ACTIVE	FEMININO	0		
NPC_0841	Reninl	Zarim	Fornalia	-1	Estudante	Estudante de Fornalia. Conhecido por interações cotidianas, pedidos, rumores e possibilidades de relacionamento.	77	Estudante	ACTIVE	MASCULINO	0		
NPC_0842	Vioethr	Eshmara	Brumas	0	Mercador	Mercador de Brumas. Conhecido por interações cotidianas, pedidos, rumores e possibilidades de relacionamento.	31	Mercador	ACTIVE	FEMININO	0		
NPC_0843	Zaniav	Tharun	Stone-Âmbar	1	Pesquisador	Pesquisador de Stone-Âmbar. Conhecido por interações cotidianas, pedidos, rumores e possibilidades de relacionamento.	48	Pesquisador	ACTIVE	MASCULINO	0		
NPC_0844	Belas	Lyrien	Aerocivitus	2	Navegador	Navegador de Aerocivitus. Conhecido por interações cotidianas, pedidos, rumores e possibilidades de relacionamento.	65	Navegador	ACTIVE	FEMININO	0		
NPC_0845	Eliint	Kethruun	Sandbones	3	Ferreiro	Ferreiro de Sandbones. Conhecido por interações cotidianas, pedidos, rumores e possibilidades de relacionamento.	19	Ferreiro	ACTIVE	MASCULINO	0		
NPC_0846	Helethm	Nyssara	Emerald Tide	4	Mensageiro	Mensageiro de Emerald Tide. Conhecido por interações cotidianas, pedidos, rumores e possibilidades de relacionamento.	36	Mensageiro	ACTIVE	FEMININO	0		
NPC_0847	Kaian	Myrthos	Sem nome definido	-2	Erudito	Erudito de Sem nome definido. Conhecido por interações cotidianas, pedidos, rumores e possibilidades de relacionamento.	53	Erudito	ACTIVE	MASCULINO	0		
NPC_0848	Nerak	Orinthal	Crystalia	-1	Mago	Mago de Crystalia. Conhecido por interações cotidianas, pedidos, rumores e possibilidades de relacionamento.	70	Mago	ACTIVE	FEMININO	0		
NPC_0849	Selind	Valkyrion	Volmeria	0	Carroceiro	Carroceiro de Volmeria. Conhecido por interações cotidianas, pedidos, rumores e possibilidades de relacionamento.	24	Carroceiro	ACTIVE	MASCULINO	0		
NPC_0850	Wilethb	Aeloria	Hallowspire	1	Caçador	Caçador de Hallowspire. Conhecido por interações cotidianas, pedidos, rumores e possibilidades de relacionamento.	41	Caçador	ACTIVE	FEMININO	0		
NPC_0851	Aliath	Zarim	Fornalia	2	Sentinela	Sentinela de Fornalia. Conhecido por interações cotidianas, pedidos, rumores e possibilidades de relacionamento.	58	Sentinela	ACTIVE	MASCULINO	0		
NPC_0852	Coraa	Eshmara	Brumas	3	Criador de animais	Criador de animais de Brumas. Conhecido por interações cotidianas, pedidos, rumores e possibilidades de relacionamento.	75	Criador de animais	ACTIVE	FEMININO	0		
NPC_0853	Ferinl	Tharun	Stone-Âmbar	4	Bardo	Bardo de Stone-Âmbar. Conhecido por interações cotidianas, pedidos, rumores e possibilidades de relacionamento.	29	Bardo	ACTIVE	MASCULINO	0		
NPC_0854	Iriethr	Lyrien	Aerocivitus	-2	Guarda	Guarda de Aerocivitus. Conhecido por interações cotidianas, pedidos, rumores e possibilidades de relacionamento.	46	Guarda	ACTIVE	FEMININO	0		
NPC_0855	Liaiav	Kethruun	Sandbones	-1	Camponês	Camponês de Sandbones. Conhecido por interações cotidianas, pedidos, rumores e possibilidades de relacionamento.	63	Camponês	ACTIVE	MASCULINO	0		
NPC_0856	Olias	Nyssara	Emerald Tide	0	Clérigo	Clérigo de Emerald Tide. Conhecido por interações cotidianas, pedidos, rumores e possibilidades de relacionamento.	80	Clérigo	ACTIVE	FEMININO	0		
NPC_0857	Torint	Myrthos	Sem nome definido	1	Valaryn	Valaryn de Sem nome definido. Conhecido por interações cotidianas, pedidos, rumores e possibilidades de relacionamento.	34	Valaryn	ACTIVE	MASCULINO	0		
NPC_0858	Ysaethm	Orinthal	Crystalia	2	Artesão	Artesão de Crystalia. Conhecido por interações cotidianas, pedidos, rumores e possibilidades de relacionamento.	51	Artesão	ACTIVE	FEMININO	0		
NPC_0859	Arian	Valkyrion	Volmeria	3	Curandeiro	Curandeiro de Volmeria. Conhecido por interações cotidianas, pedidos, rumores e possibilidades de relacionamento.	68	Curandeiro	ACTIVE	MASCULINO	0		
NPC_0860	Daak	Aeloria	Brighthollow	4	Aventureiro	Aventureiro de Brighthollow. Conhecido por interações cotidianas, pedidos, rumores e possibilidades de relacionamento.	22	Aventureiro	ACTIVE	FEMININO	0		
NPC_0861	Galind	Zarim	Fornalia	-2	Estudante	Estudante de Fornalia. Conhecido por interações cotidianas, pedidos, rumores e possibilidades de relacionamento.	39	Estudante	ACTIVE	MASCULINO	0		
NPC_0862	Jonethb	Eshmara	Brumas	-1	Mercador	Mercador de Brumas. Conhecido por interações cotidianas, pedidos, rumores e possibilidades de relacionamento.	56	Mercador	ACTIVE	FEMININO	0		
NPC_0863	Mariath	Tharun	Stone-Âmbar	0	Pesquisador	Pesquisador de Stone-Âmbar. Conhecido por interações cotidianas, pedidos, rumores e possibilidades de relacionamento.	73	Pesquisador	ACTIVE	MASCULINO	0		
NPC_0864	Renaa	Lyrien	Aerocivitus	1	Navegador	Navegador de Aerocivitus. Conhecido por interações cotidianas, pedidos, rumores e possibilidades de relacionamento.	27	Navegador	ACTIVE	FEMININO	0		
NPC_0865	Vioinl	Kethruun	Sandbones	2	Ferreiro	Ferreiro de Sandbones. Conhecido por interações cotidianas, pedidos, rumores e possibilidades de relacionamento.	44	Ferreiro	ACTIVE	MASCULINO	0		
NPC_0866	Zanethr	Nyssara	Emerald Tide	3	Mensageiro	Mensageiro de Emerald Tide. Conhecido por interações cotidianas, pedidos, rumores e possibilidades de relacionamento.	61	Mensageiro	ACTIVE	FEMININO	0		
NPC_0867	Beliav	Myrthos	Sem nome definido	4	Erudito	Erudito de Sem nome definido. Conhecido por interações cotidianas, pedidos, rumores e possibilidades de relacionamento.	78	Erudito	ACTIVE	MASCULINO	0		
NPC_0868	Elias	Orinthal	Crystalia	-2	Mago	Mago de Crystalia. Conhecido por interações cotidianas, pedidos, rumores e possibilidades de relacionamento.	32	Mago	ACTIVE	FEMININO	0		
NPC_0869	Helint	Valkyrion	Volmeria	-1	Carroceiro	Carroceiro de Volmeria. Conhecido por interações cotidianas, pedidos, rumores e possibilidades de relacionamento.	49	Carroceiro	ACTIVE	MASCULINO	0		
NPC_0870	Kaethm	Aeloria	Valdora	0	Caçador	Caçador de Valdora. Conhecido por interações cotidianas, pedidos, rumores e possibilidades de relacionamento.	66	Caçador	ACTIVE	FEMININO	0		
NPC_0871	Nerian	Zarim	Fornalia	1	Sentinela	Sentinela de Fornalia. Conhecido por interações cotidianas, pedidos, rumores e possibilidades de relacionamento.	20	Sentinela	ACTIVE	MASCULINO	0		
NPC_0872	Selak	Eshmara	Brumas	2	Criador de animais	Criador de animais de Brumas. Conhecido por interações cotidianas, pedidos, rumores e possibilidades de relacionamento.	37	Criador de animais	ACTIVE	FEMININO	0		
NPC_0873	Wilind	Tharun	Stone-Âmbar	3	Bardo	Bardo de Stone-Âmbar. Conhecido por interações cotidianas, pedidos, rumores e possibilidades de relacionamento.	54	Bardo	ACTIVE	MASCULINO	0		
NPC_0874	Alethb	Lyrien	Aerocivitus	4	Guarda	Guarda de Aerocivitus. Conhecido por interações cotidianas, pedidos, rumores e possibilidades de relacionamento.	71	Guarda	ACTIVE	FEMININO	0		
NPC_0875	Coriath	Kethruun	Sandbones	-2	Camponês	Camponês de Sandbones. Conhecido por interações cotidianas, pedidos, rumores e possibilidades de relacionamento.	25	Camponês	ACTIVE	MASCULINO	0		
NPC_0876	Feraa	Nyssara	Emerald Tide	-1	Clérigo	Clérigo de Emerald Tide. Conhecido por interações cotidianas, pedidos, rumores e possibilidades de relacionamento.	42	Clérigo	ACTIVE	FEMININO	0		
NPC_0877	Iriinl	Myrthos	Sem nome definido	0	Valaryn	Valaryn de Sem nome definido. Conhecido por interações cotidianas, pedidos, rumores e possibilidades de relacionamento.	59	Valaryn	ACTIVE	MASCULINO	0		
NPC_0878	Liaethr	Orinthal	Crystalia	1	Artesão	Artesão de Crystalia. Conhecido por interações cotidianas, pedidos, rumores e possibilidades de relacionamento.	76	Artesão	ACTIVE	FEMININO	0		
NPC_0879	Oliiav	Valkyrion	Volmeria	2	Curandeiro	Curandeiro de Volmeria. Conhecido por interações cotidianas, pedidos, rumores e possibilidades de relacionamento.	30	Curandeiro	ACTIVE	MASCULINO	0		
NPC_0880	Toras	Aeloria	Verdralith	3	Aventureiro	Aventureiro de Verdralith. Conhecido por interações cotidianas, pedidos, rumores e possibilidades de relacionamento.	47	Aventureiro	ACTIVE	FEMININO	0		
NPC_0881	Ysaint	Zarim	Fornalia	4	Estudante	Estudante de Fornalia. Conhecido por interações cotidianas, pedidos, rumores e possibilidades de relacionamento.	64	Estudante	ACTIVE	MASCULINO	0		
NPC_0882	Arethm	Eshmara	Brumas	-2	Mercador	Mercador de Brumas. Conhecido por interações cotidianas, pedidos, rumores e possibilidades de relacionamento.	18	Mercador	ACTIVE	FEMININO	0		
NPC_0883	Daian	Tharun	Stone-Âmbar	-1	Pesquisador	Pesquisador de Stone-Âmbar. Conhecido por interações cotidianas, pedidos, rumores e possibilidades de relacionamento.	35	Pesquisador	ACTIVE	MASCULINO	0		
NPC_0884	Galak	Lyrien	Aerocivitus	0	Navegador	Navegador de Aerocivitus. Conhecido por interações cotidianas, pedidos, rumores e possibilidades de relacionamento.	52	Navegador	ACTIVE	FEMININO	0		
NPC_0885	Jonind	Kethruun	Sandbones	1	Ferreiro	Ferreiro de Sandbones. Conhecido por interações cotidianas, pedidos, rumores e possibilidades de relacionamento.	69	Ferreiro	ACTIVE	MASCULINO	0		
NPC_0886	Marethb	Nyssara	Emerald Tide	2	Mensageiro	Mensageiro de Emerald Tide. Conhecido por interações cotidianas, pedidos, rumores e possibilidades de relacionamento.	23	Mensageiro	ACTIVE	FEMININO	0		
NPC_0887	Reniath	Myrthos	Sem nome definido	3	Erudito	Erudito de Sem nome definido. Conhecido por interações cotidianas, pedidos, rumores e possibilidades de relacionamento.	40	Erudito	ACTIVE	MASCULINO	0		
NPC_0888	Vioaa	Orinthal	Crystalia	4	Mago	Mago de Crystalia. Conhecido por interações cotidianas, pedidos, rumores e possibilidades de relacionamento.	57	Mago	ACTIVE	FEMININO	0		
NPC_0889	Zaninl	Valkyrion	Volmeria	-2	Carroceiro	Carroceiro de Volmeria. Conhecido por interações cotidianas, pedidos, rumores e possibilidades de relacionamento.	74	Carroceiro	ACTIVE	MASCULINO	0		
NPC_0890	Belethr	Aeloria	Prismere	-1	Caçador	Caçador de Prismere. Conhecido por interações cotidianas, pedidos, rumores e possibilidades de relacionamento.	28	Caçador	ACTIVE	FEMININO	0		
NPC_0891	Eliiav	Zarim	Fornalia	0	Sentinela	Sentinela de Fornalia. Conhecido por interações cotidianas, pedidos, rumores e possibilidades de relacionamento.	45	Sentinela	ACTIVE	MASCULINO	0		
NPC_0892	Helas	Eshmara	Brumas	1	Criador de animais	Criador de animais de Brumas. Conhecido por interações cotidianas, pedidos, rumores e possibilidades de relacionamento.	62	Criador de animais	ACTIVE	FEMININO	0		
NPC_0893	Kaint	Tharun	Stone-Âmbar	2	Bardo	Bardo de Stone-Âmbar. Conhecido por interações cotidianas, pedidos, rumores e possibilidades de relacionamento.	79	Bardo	ACTIVE	MASCULINO	0		
NPC_0894	Nerethm	Lyrien	Aerocivitus	3	Guarda	Guarda de Aerocivitus. Conhecido por interações cotidianas, pedidos, rumores e possibilidades de relacionamento.	33	Guarda	ACTIVE	FEMININO	0		
NPC_0895	Selian	Kethruun	Sandbones	4	Camponês	Camponês de Sandbones. Conhecido por interações cotidianas, pedidos, rumores e possibilidades de relacionamento.	50	Camponês	ACTIVE	MASCULINO	0		
NPC_0896	Wilak	Nyssara	Emerald Tide	-2	Clérigo	Clérigo de Emerald Tide. Conhecido por interações cotidianas, pedidos, rumores e possibilidades de relacionamento.	67	Clérigo	ACTIVE	FEMININO	0		
NPC_0897	Alind	Myrthos	Sem nome definido	-1	Valaryn	Valaryn de Sem nome definido. Conhecido por interações cotidianas, pedidos, rumores e possibilidades de relacionamento.	21	Valaryn	ACTIVE	MASCULINO	0		
NPC_0898	Corethb	Orinthal	Crystalia	0	Artesão	Artesão de Crystalia. Conhecido por interações cotidianas, pedidos, rumores e possibilidades de relacionamento.	38	Artesão	ACTIVE	FEMININO	0		
NPC_0899	Feriath	Valkyrion	Volmeria	1	Curandeiro	Curandeiro de Volmeria. Conhecido por interações cotidianas, pedidos, rumores e possibilidades de relacionamento.	55	Curandeiro	ACTIVE	MASCULINO	0		
NPC_0900	Iriaa	Aeloria	Jorwyn	2	Aventureiro	Aventureiro de Jorwyn. Conhecido por interações cotidianas, pedidos, rumores e possibilidades de relacionamento.	72	Aventureiro	ACTIVE	FEMININO	0		
NPC_0901	Liainl	Zarim	Fornalia	3	Estudante	Estudante de Fornalia. Conhecido por interações cotidianas, pedidos, rumores e possibilidades de relacionamento.	26	Estudante	ACTIVE	MASCULINO	0		
NPC_0902	Oliethr	Eshmara	Brumas	4	Mercador	Mercador de Brumas. Conhecido por interações cotidianas, pedidos, rumores e possibilidades de relacionamento.	43	Mercador	ACTIVE	FEMININO	0		
NPC_0903	Toriav	Tharun	Stone-Âmbar	-2	Pesquisador	Pesquisador de Stone-Âmbar. Conhecido por interações cotidianas, pedidos, rumores e possibilidades de relacionamento.	60	Pesquisador	ACTIVE	MASCULINO	0		
NPC_0904	Ysaas	Lyrien	Aerocivitus	-1	Navegador	Navegador de Aerocivitus. Conhecido por interações cotidianas, pedidos, rumores e possibilidades de relacionamento.	77	Navegador	ACTIVE	FEMININO	0		
NPC_0905	Arint	Kethruun	Sandbones	0	Ferreiro	Ferreiro de Sandbones. Conhecido por interações cotidianas, pedidos, rumores e possibilidades de relacionamento.	31	Ferreiro	ACTIVE	MASCULINO	0		
NPC_0906	Daethm	Nyssara	Emerald Tide	1	Mensageiro	Mensageiro de Emerald Tide. Conhecido por interações cotidianas, pedidos, rumores e possibilidades de relacionamento.	48	Mensageiro	ACTIVE	FEMININO	0		
NPC_0907	Galian	Myrthos	Sem nome definido	2	Erudito	Erudito de Sem nome definido. Conhecido por interações cotidianas, pedidos, rumores e possibilidades de relacionamento.	65	Erudito	ACTIVE	MASCULINO	0		
NPC_0908	Jonak	Orinthal	Crystalia	3	Mago	Mago de Crystalia. Conhecido por interações cotidianas, pedidos, rumores e possibilidades de relacionamento.	19	Mago	ACTIVE	FEMININO	0		
NPC_0909	Marind	Valkyrion	Volmeria	4	Carroceiro	Carroceiro de Volmeria. Conhecido por interações cotidianas, pedidos, rumores e possibilidades de relacionamento.	36	Carroceiro	ACTIVE	MASCULINO	0		
NPC_0910	Renethb	Aeloria	Dawnspire	-2	Caçador	Caçador de Dawnspire. Conhecido por interações cotidianas, pedidos, rumores e possibilidades de relacionamento.	53	Caçador	ACTIVE	FEMININO	0		
NPC_0911	Vioiath	Zarim	Fornalia	-1	Sentinela	Sentinela de Fornalia. Conhecido por interações cotidianas, pedidos, rumores e possibilidades de relacionamento.	70	Sentinela	ACTIVE	MASCULINO	0		
NPC_0912	Zanaa	Eshmara	Brumas	0	Criador de animais	Criador de animais de Brumas. Conhecido por interações cotidianas, pedidos, rumores e possibilidades de relacionamento.	24	Criador de animais	ACTIVE	FEMININO	0		
NPC_0913	Belinl	Tharun	Stone-Âmbar	1	Bardo	Bardo de Stone-Âmbar. Conhecido por interações cotidianas, pedidos, rumores e possibilidades de relacionamento.	41	Bardo	ACTIVE	MASCULINO	0		
NPC_0914	Eliethr	Lyrien	Aerocivitus	2	Guarda	Guarda de Aerocivitus. Conhecido por interações cotidianas, pedidos, rumores e possibilidades de relacionamento.	58	Guarda	ACTIVE	FEMININO	0		
NPC_0915	Heliav	Kethruun	Sandbones	3	Camponês	Camponês de Sandbones. Conhecido por interações cotidianas, pedidos, rumores e possibilidades de relacionamento.	75	Camponês	ACTIVE	MASCULINO	0		
NPC_0916	Kaas	Nyssara	Emerald Tide	4	Clérigo	Clérigo de Emerald Tide. Conhecido por interações cotidianas, pedidos, rumores e possibilidades de relacionamento.	29	Clérigo	ACTIVE	FEMININO	0		
NPC_0917	Nerint	Myrthos	Sem nome definido	-2	Valaryn	Valaryn de Sem nome definido. Conhecido por interações cotidianas, pedidos, rumores e possibilidades de relacionamento.	46	Valaryn	ACTIVE	MASCULINO	0		
NPC_0918	Selethm	Orinthal	Crystalia	-1	Artesão	Artesão de Crystalia. Conhecido por interações cotidianas, pedidos, rumores e possibilidades de relacionamento.	63	Artesão	ACTIVE	FEMININO	0		
NPC_0919	Wilian	Valkyrion	Volmeria	0	Curandeiro	Curandeiro de Volmeria. Conhecido por interações cotidianas, pedidos, rumores e possibilidades de relacionamento.	80	Curandeiro	ACTIVE	MASCULINO	0		
NPC_0920	Alak	Aeloria	Xandralor	1	Aventureiro	Aventureiro de Xandralor. Conhecido por interações cotidianas, pedidos, rumores e possibilidades de relacionamento.	34	Aventureiro	ACTIVE	FEMININO	0		
NPC_0921	Corind	Zarim	Fornalia	2	Estudante	Estudante de Fornalia. Conhecido por interações cotidianas, pedidos, rumores e possibilidades de relacionamento.	51	Estudante	ACTIVE	MASCULINO	0		
NPC_0922	Ferethb	Eshmara	Brumas	3	Mercador	Mercador de Brumas. Conhecido por interações cotidianas, pedidos, rumores e possibilidades de relacionamento.	68	Mercador	ACTIVE	FEMININO	0		
NPC_0923	Iriiath	Tharun	Stone-Âmbar	4	Pesquisador	Pesquisador de Stone-Âmbar. Conhecido por interações cotidianas, pedidos, rumores e possibilidades de relacionamento.	22	Pesquisador	ACTIVE	MASCULINO	0		
NPC_0924	Liaaa	Lyrien	Aerocivitus	-2	Navegador	Navegador de Aerocivitus. Conhecido por interações cotidianas, pedidos, rumores e possibilidades de relacionamento.	39	Navegador	ACTIVE	FEMININO	0		
NPC_0925	Oliinl	Kethruun	Sandbones	-1	Ferreiro	Ferreiro de Sandbones. Conhecido por interações cotidianas, pedidos, rumores e possibilidades de relacionamento.	56	Ferreiro	ACTIVE	MASCULINO	0		
NPC_0926	Torethr	Nyssara	Emerald Tide	0	Mensageiro	Mensageiro de Emerald Tide. Conhecido por interações cotidianas, pedidos, rumores e possibilidades de relacionamento.	73	Mensageiro	ACTIVE	FEMININO	0		
NPC_0927	Ysaiav	Myrthos	Sem nome definido	1	Erudito	Erudito de Sem nome definido. Conhecido por interações cotidianas, pedidos, rumores e possibilidades de relacionamento.	27	Erudito	ACTIVE	MASCULINO	0		
NPC_0928	Aras	Orinthal	Crystalia	2	Mago	Mago de Crystalia. Conhecido por interações cotidianas, pedidos, rumores e possibilidades de relacionamento.	44	Mago	ACTIVE	FEMININO	0		
NPC_0929	Daint	Valkyrion	Volmeria	3	Carroceiro	Carroceiro de Volmeria. Conhecido por interações cotidianas, pedidos, rumores e possibilidades de relacionamento.	61	Carroceiro	ACTIVE	MASCULINO	0		
NPC_0930	Galethm	Aeloria	Rivenholt	4	Caçador	Caçador de Rivenholt. Conhecido por interações cotidianas, pedidos, rumores e possibilidades de relacionamento.	78	Caçador	ACTIVE	FEMININO	0		
NPC_0931	Jonian	Zarim	Fornalia	-2	Sentinela	Sentinela de Fornalia. Conhecido por interações cotidianas, pedidos, rumores e possibilidades de relacionamento.	32	Sentinela	ACTIVE	MASCULINO	0		
NPC_0932	Marak	Eshmara	Brumas	-1	Criador de animais	Criador de animais de Brumas. Conhecido por interações cotidianas, pedidos, rumores e possibilidades de relacionamento.	49	Criador de animais	ACTIVE	FEMININO	0		
NPC_0933	Renind	Tharun	Stone-Âmbar	0	Bardo	Bardo de Stone-Âmbar. Conhecido por interações cotidianas, pedidos, rumores e possibilidades de relacionamento.	66	Bardo	ACTIVE	MASCULINO	0		
NPC_0934	Vioethb	Lyrien	Aerocivitus	1	Guarda	Guarda de Aerocivitus. Conhecido por interações cotidianas, pedidos, rumores e possibilidades de relacionamento.	20	Guarda	ACTIVE	FEMININO	0		
NPC_0935	Zaniath	Kethruun	Sandbones	2	Camponês	Camponês de Sandbones. Conhecido por interações cotidianas, pedidos, rumores e possibilidades de relacionamento.	37	Camponês	ACTIVE	MASCULINO	0		
NPC_0936	Belaa	Nyssara	Emerald Tide	3	Clérigo	Clérigo de Emerald Tide. Conhecido por interações cotidianas, pedidos, rumores e possibilidades de relacionamento.	54	Clérigo	ACTIVE	FEMININO	0		
NPC_0937	Eliinl	Myrthos	Sem nome definido	4	Valaryn	Valaryn de Sem nome definido. Conhecido por interações cotidianas, pedidos, rumores e possibilidades de relacionamento.	71	Valaryn	ACTIVE	MASCULINO	0		
NPC_0938	Helethr	Orinthal	Crystalia	-2	Artesão	Artesão de Crystalia. Conhecido por interações cotidianas, pedidos, rumores e possibilidades de relacionamento.	25	Artesão	ACTIVE	FEMININO	0		
NPC_0939	Kaiav	Valkyrion	Volmeria	-1	Curandeiro	Curandeiro de Volmeria. Conhecido por interações cotidianas, pedidos, rumores e possibilidades de relacionamento.	42	Curandeiro	ACTIVE	MASCULINO	0		
NPC_0940	Neras	Aeloria	Loryndor	0	Aventureiro	Aventureiro de Loryndor. Conhecido por interações cotidianas, pedidos, rumores e possibilidades de relacionamento.	59	Aventureiro	ACTIVE	FEMININO	0		
NPC_0941	Selint	Zarim	Fornalia	1	Estudante	Estudante de Fornalia. Conhecido por interações cotidianas, pedidos, rumores e possibilidades de relacionamento.	76	Estudante	ACTIVE	MASCULINO	0		
NPC_0942	Wilethm	Eshmara	Brumas	2	Mercador	Mercador de Brumas. Conhecido por interações cotidianas, pedidos, rumores e possibilidades de relacionamento.	30	Mercador	ACTIVE	FEMININO	0		
NPC_0943	Alian	Tharun	Stone-Âmbar	3	Pesquisador	Pesquisador de Stone-Âmbar. Conhecido por interações cotidianas, pedidos, rumores e possibilidades de relacionamento.	47	Pesquisador	ACTIVE	MASCULINO	0		
NPC_0944	Corak	Lyrien	Aerocivitus	4	Navegador	Navegador de Aerocivitus. Conhecido por interações cotidianas, pedidos, rumores e possibilidades de relacionamento.	64	Navegador	ACTIVE	FEMININO	0		
NPC_0945	Ferind	Kethruun	Sandbones	-2	Ferreiro	Ferreiro de Sandbones. Conhecido por interações cotidianas, pedidos, rumores e possibilidades de relacionamento.	18	Ferreiro	ACTIVE	MASCULINO	0		
NPC_0946	Iriethb	Nyssara	Emerald Tide	-1	Mensageiro	Mensageiro de Emerald Tide. Conhecido por interações cotidianas, pedidos, rumores e possibilidades de relacionamento.	35	Mensageiro	ACTIVE	FEMININO	0		
NPC_0947	Liaiath	Myrthos	Sem nome definido	0	Erudito	Erudito de Sem nome definido. Conhecido por interações cotidianas, pedidos, rumores e possibilidades de relacionamento.	52	Erudito	ACTIVE	MASCULINO	0		
NPC_0948	Oliaa	Orinthal	Crystalia	1	Mago	Mago de Crystalia. Conhecido por interações cotidianas, pedidos, rumores e possibilidades de relacionamento.	69	Mago	ACTIVE	FEMININO	0		
NPC_0949	Torinl	Valkyrion	Volmeria	2	Carroceiro	Carroceiro de Volmeria. Conhecido por interações cotidianas, pedidos, rumores e possibilidades de relacionamento.	23	Carroceiro	ACTIVE	MASCULINO	0		
NPC_0950	Ysaethr	Aeloria	Fenndral	3	Caçador	Caçador de Fenndral. Conhecido por interações cotidianas, pedidos, rumores e possibilidades de relacionamento.	40	Caçador	ACTIVE	FEMININO	0		
NPC_0951	Ariav	Zarim	Fornalia	4	Sentinela	Sentinela de Fornalia. Conhecido por interações cotidianas, pedidos, rumores e possibilidades de relacionamento.	57	Sentinela	ACTIVE	MASCULINO	0		
NPC_0952	Daas	Eshmara	Brumas	-2	Criador de animais	Criador de animais de Brumas. Conhecido por interações cotidianas, pedidos, rumores e possibilidades de relacionamento.	74	Criador de animais	ACTIVE	FEMININO	0		
NPC_0953	Galint	Tharun	Stone-Âmbar	-1	Bardo	Bardo de Stone-Âmbar. Conhecido por interações cotidianas, pedidos, rumores e possibilidades de relacionamento.	28	Bardo	ACTIVE	MASCULINO	0		
NPC_0954	Jonethm	Lyrien	Aerocivitus	0	Guarda	Guarda de Aerocivitus. Conhecido por interações cotidianas, pedidos, rumores e possibilidades de relacionamento.	45	Guarda	ACTIVE	FEMININO	0		
NPC_0955	Marian	Kethruun	Sandbones	1	Camponês	Camponês de Sandbones. Conhecido por interações cotidianas, pedidos, rumores e possibilidades de relacionamento.	62	Camponês	ACTIVE	MASCULINO	0		
NPC_0956	Renak	Nyssara	Emerald Tide	2	Clérigo	Clérigo de Emerald Tide. Conhecido por interações cotidianas, pedidos, rumores e possibilidades de relacionamento.	79	Clérigo	ACTIVE	FEMININO	0		
NPC_0957	Vioind	Myrthos	Sem nome definido	3	Valaryn	Valaryn de Sem nome definido. Conhecido por interações cotidianas, pedidos, rumores e possibilidades de relacionamento.	33	Valaryn	ACTIVE	MASCULINO	0		
NPC_0958	Zanethb	Orinthal	Crystalia	4	Artesão	Artesão de Crystalia. Conhecido por interações cotidianas, pedidos, rumores e possibilidades de relacionamento.	50	Artesão	ACTIVE	FEMININO	0		
NPC_0959	Beliath	Valkyrion	Volmeria	-2	Curandeiro	Curandeiro de Volmeria. Conhecido por interações cotidianas, pedidos, rumores e possibilidades de relacionamento.	67	Curandeiro	ACTIVE	MASCULINO	0		
NPC_0960	Eliaa	Aeloria	Feyndral	-1	Aventureiro	Aventureiro de Feyndral. Conhecido por interações cotidianas, pedidos, rumores e possibilidades de relacionamento.	21	Aventureiro	ACTIVE	FEMININO	0		
NPC_0961	Helinl	Zarim	Fornalia	0	Estudante	Estudante de Fornalia. Conhecido por interações cotidianas, pedidos, rumores e possibilidades de relacionamento.	38	Estudante	ACTIVE	MASCULINO	0		
NPC_0962	Kaethr	Eshmara	Brumas	1	Mercador	Mercador de Brumas. Conhecido por interações cotidianas, pedidos, rumores e possibilidades de relacionamento.	55	Mercador	ACTIVE	FEMININO	0		
NPC_0963	Neriav	Tharun	Stone-Âmbar	2	Pesquisador	Pesquisador de Stone-Âmbar. Conhecido por interações cotidianas, pedidos, rumores e possibilidades de relacionamento.	72	Pesquisador	ACTIVE	MASCULINO	0		
NPC_0964	Selas	Lyrien	Aerocivitus	3	Navegador	Navegador de Aerocivitus. Conhecido por interações cotidianas, pedidos, rumores e possibilidades de relacionamento.	26	Navegador	ACTIVE	FEMININO	0		
NPC_0965	Wilint	Kethruun	Sandbones	4	Ferreiro	Ferreiro de Sandbones. Conhecido por interações cotidianas, pedidos, rumores e possibilidades de relacionamento.	43	Ferreiro	ACTIVE	MASCULINO	0		
NPC_0966	Alethm	Nyssara	Emerald Tide	-2	Mensageiro	Mensageiro de Emerald Tide. Conhecido por interações cotidianas, pedidos, rumores e possibilidades de relacionamento.	60	Mensageiro	ACTIVE	FEMININO	0		
NPC_0967	Corian	Myrthos	Sem nome definido	-1	Erudito	Erudito de Sem nome definido. Conhecido por interações cotidianas, pedidos, rumores e possibilidades de relacionamento.	77	Erudito	ACTIVE	MASCULINO	0		
NPC_0968	Ferak	Orinthal	Crystalia	0	Mago	Mago de Crystalia. Conhecido por interações cotidianas, pedidos, rumores e possibilidades de relacionamento.	31	Mago	ACTIVE	FEMININO	0		
NPC_0969	Iriind	Valkyrion	Volmeria	1	Carroceiro	Carroceiro de Volmeria. Conhecido por interações cotidianas, pedidos, rumores e possibilidades de relacionamento.	48	Carroceiro	ACTIVE	MASCULINO	0		
NPC_0970	Liaethb	Aeloria	Zephyrholt	2	Caçador	Caçador de Zephyrholt. Conhecido por interações cotidianas, pedidos, rumores e possibilidades de relacionamento.	65	Caçador	ACTIVE	FEMININO	0		
NPC_0971	Oliiath	Zarim	Fornalia	3	Sentinela	Sentinela de Fornalia. Conhecido por interações cotidianas, pedidos, rumores e possibilidades de relacionamento.	19	Sentinela	ACTIVE	MASCULINO	0		
NPC_0972	Toraa	Eshmara	Brumas	4	Criador de animais	Criador de animais de Brumas. Conhecido por interações cotidianas, pedidos, rumores e possibilidades de relacionamento.	36	Criador de animais	ACTIVE	FEMININO	0		
NPC_0973	Ysainl	Tharun	Stone-Âmbar	-2	Bardo	Bardo de Stone-Âmbar. Conhecido por interações cotidianas, pedidos, rumores e possibilidades de relacionamento.	53	Bardo	ACTIVE	MASCULINO	0		
NPC_0974	Arethr	Lyrien	Aerocivitus	-1	Guarda	Guarda de Aerocivitus. Conhecido por interações cotidianas, pedidos, rumores e possibilidades de relacionamento.	70	Guarda	ACTIVE	FEMININO	0		
NPC_0975	Daiav	Kethruun	Sandbones	0	Camponês	Camponês de Sandbones. Conhecido por interações cotidianas, pedidos, rumores e possibilidades de relacionamento.	24	Camponês	ACTIVE	MASCULINO	0		
NPC_0976	Galas	Nyssara	Emerald Tide	1	Clérigo	Clérigo de Emerald Tide. Conhecido por interações cotidianas, pedidos, rumores e possibilidades de relacionamento.	41	Clérigo	ACTIVE	FEMININO	0		
NPC_0977	Jonint	Myrthos	Sem nome definido	2	Valaryn	Valaryn de Sem nome definido. Conhecido por interações cotidianas, pedidos, rumores e possibilidades de relacionamento.	58	Valaryn	ACTIVE	MASCULINO	0		
NPC_0978	Marethm	Orinthal	Crystalia	3	Artesão	Artesão de Crystalia. Conhecido por interações cotidianas, pedidos, rumores e possibilidades de relacionamento.	75	Artesão	ACTIVE	FEMININO	0		
NPC_0979	Renian	Valkyrion	Volmeria	4	Curandeiro	Curandeiro de Volmeria. Conhecido por interações cotidianas, pedidos, rumores e possibilidades de relacionamento.	29	Curandeiro	ACTIVE	MASCULINO	0		
NPC_0980	Vioak	Aeloria	Tindralith	-2	Aventureiro	Aventureiro de Tindralith. Conhecido por interações cotidianas, pedidos, rumores e possibilidades de relacionamento.	46	Aventureiro	ACTIVE	FEMININO	0		
NPC_0981	Zanind	Zarim	Fornalia	-1	Estudante	Estudante de Fornalia. Conhecido por interações cotidianas, pedidos, rumores e possibilidades de relacionamento.	63	Estudante	ACTIVE	MASCULINO	0		
NPC_0982	Belethb	Eshmara	Brumas	0	Mercador	Mercador de Brumas. Conhecido por interações cotidianas, pedidos, rumores e possibilidades de relacionamento.	80	Mercador	ACTIVE	FEMININO	0		
NPC_0983	Eliiath	Tharun	Stone-Âmbar	1	Pesquisador	Pesquisador de Stone-Âmbar. Conhecido por interações cotidianas, pedidos, rumores e possibilidades de relacionamento.	34	Pesquisador	ACTIVE	MASCULINO	0		
NPC_0984	Helaa	Lyrien	Aerocivitus	2	Navegador	Navegador de Aerocivitus. Conhecido por interações cotidianas, pedidos, rumores e possibilidades de relacionamento.	51	Navegador	ACTIVE	FEMININO	0		
NPC_0985	Kainl	Kethruun	Sandbones	3	Ferreiro	Ferreiro de Sandbones. Conhecido por interações cotidianas, pedidos, rumores e possibilidades de relacionamento.	68	Ferreiro	ACTIVE	MASCULINO	0		
NPC_0986	Nerethr	Nyssara	Emerald Tide	4	Mensageiro	Mensageiro de Emerald Tide. Conhecido por interações cotidianas, pedidos, rumores e possibilidades de relacionamento.	22	Mensageiro	ACTIVE	FEMININO	0		
NPC_0987	Seliav	Myrthos	Sem nome definido	-2	Erudito	Erudito de Sem nome definido. Conhecido por interações cotidianas, pedidos, rumores e possibilidades de relacionamento.	39	Erudito	ACTIVE	MASCULINO	0		
NPC_0988	Wilas	Orinthal	Crystalia	-1	Mago	Mago de Crystalia. Conhecido por interações cotidianas, pedidos, rumores e possibilidades de relacionamento.	56	Mago	ACTIVE	FEMININO	0		
NPC_0989	Alint	Valkyrion	Volmeria	0	Carroceiro	Carroceiro de Volmeria. Conhecido por interações cotidianas, pedidos, rumores e possibilidades de relacionamento.	73	Carroceiro	ACTIVE	MASCULINO	0		
NPC_0990	Corethm	Aeloria	Netherholt	1	Caçador	Caçador de Netherholt. Conhecido por interações cotidianas, pedidos, rumores e possibilidades de relacionamento.	27	Caçador	ACTIVE	FEMININO	0		
NPC_0991	Ferian	Zarim	Fornalia	2	Sentinela	Sentinela de Fornalia. Conhecido por interações cotidianas, pedidos, rumores e possibilidades de relacionamento.	44	Sentinela	ACTIVE	MASCULINO	0		
NPC_0992	Iriak	Eshmara	Brumas	3	Criador de animais	Criador de animais de Brumas. Conhecido por interações cotidianas, pedidos, rumores e possibilidades de relacionamento.	61	Criador de animais	ACTIVE	FEMININO	0		
NPC_0993	Liaind	Tharun	Stone-Âmbar	4	Bardo	Bardo de Stone-Âmbar. Conhecido por interações cotidianas, pedidos, rumores e possibilidades de relacionamento.	78	Bardo	ACTIVE	MASCULINO	0		
NPC_0994	Oliethb	Lyrien	Aerocivitus	-2	Guarda	Guarda de Aerocivitus. Conhecido por interações cotidianas, pedidos, rumores e possibilidades de relacionamento.	32	Guarda	ACTIVE	FEMININO	0		
NPC_0995	Toriath	Kethruun	Sandbones	-1	Camponês	Camponês de Sandbones. Conhecido por interações cotidianas, pedidos, rumores e possibilidades de relacionamento.	49	Camponês	ACTIVE	MASCULINO	0		
NPC_0996	Ysaaa	Nyssara	Emerald Tide	0	Clérigo	Clérigo de Emerald Tide. Conhecido por interações cotidianas, pedidos, rumores e possibilidades de relacionamento.	66	Clérigo	ACTIVE	FEMININO	0		
NPC_0997	Arinl	Myrthos	Sem nome definido	1	Valaryn	Valaryn de Sem nome definido. Conhecido por interações cotidianas, pedidos, rumores e possibilidades de relacionamento.	20	Valaryn	ACTIVE	MASCULINO	0		
NPC_0998	Daethr	Orinthal	Crystalia	2	Artesão	Artesão de Crystalia. Conhecido por interações cotidianas, pedidos, rumores e possibilidades de relacionamento.	37	Artesão	ACTIVE	FEMININO	0		
NPC_0999	Galiav	Valkyrion	Volmeria	3	Curandeiro	Curandeiro de Volmeria. Conhecido por interações cotidianas, pedidos, rumores e possibilidades de relacionamento.	54	Curandeiro	ACTIVE	MASCULINO	0		
NPC_1000	Jonas	Aeloria	Highspire	4	Aventureiro	Aventureiro de Highspire. Conhecido por interações cotidianas, pedidos, rumores e possibilidades de relacionamento.	71	Aventureiro	ACTIVE	FEMININO	0		
NPC_1001	Marint	Zarim	Fornalia	-2	Estudante	Estudante de Fornalia. Conhecido por interações cotidianas, pedidos, rumores e possibilidades de relacionamento.	25	Estudante	ACTIVE	MASCULINO	0		
NPC_1002	Renethm	Eshmara	Brumas	-1	Mercador	Mercador de Brumas. Conhecido por interações cotidianas, pedidos, rumores e possibilidades de relacionamento.	42	Mercador	ACTIVE	FEMININO	0		
NPC_1003	Vioian	Tharun	Stone-Âmbar	0	Pesquisador	Pesquisador de Stone-Âmbar. Conhecido por interações cotidianas, pedidos, rumores e possibilidades de relacionamento.	59	Pesquisador	ACTIVE	MASCULINO	0		
NPC_1004	Zanak	Lyrien	Aerocivitus	1	Navegador	Navegador de Aerocivitus. Conhecido por interações cotidianas, pedidos, rumores e possibilidades de relacionamento.	76	Navegador	ACTIVE	FEMININO	0		
NPC_1005	Belind	Kethruun	Sandbones	2	Ferreiro	Ferreiro de Sandbones. Conhecido por interações cotidianas, pedidos, rumores e possibilidades de relacionamento.	30	Ferreiro	ACTIVE	MASCULINO	0		
NPC_1006	Eliethb	Nyssara	Emerald Tide	3	Mensageiro	Mensageiro de Emerald Tide. Conhecido por interações cotidianas, pedidos, rumores e possibilidades de relacionamento.	47	Mensageiro	ACTIVE	FEMININO	0		
NPC_1007	Heliath	Myrthos	Sem nome definido	4	Erudito	Erudito de Sem nome definido. Conhecido por interações cotidianas, pedidos, rumores e possibilidades de relacionamento.	64	Erudito	ACTIVE	MASCULINO	0		
NPC_1008	Kaaa	Orinthal	Crystalia	-2	Mago	Mago de Crystalia. Conhecido por interações cotidianas, pedidos, rumores e possibilidades de relacionamento.	18	Mago	ACTIVE	FEMININO	0		
NPC_1009	Nerinl	Valkyrion	Volmeria	-1	Carroceiro	Carroceiro de Volmeria. Conhecido por interações cotidianas, pedidos, rumores e possibilidades de relacionamento.	35	Carroceiro	ACTIVE	MASCULINO	0		
NPC_1010	Selethr	Aeloria	Blackmere	0	Caçador	Caçador de Blackmere. Conhecido por interações cotidianas, pedidos, rumores e possibilidades de relacionamento.	52	Caçador	ACTIVE	FEMININO	0		
NPC_1011	Wiliav	Zarim	Fornalia	1	Sentinela	Sentinela de Fornalia. Conhecido por interações cotidianas, pedidos, rumores e possibilidades de relacionamento.	69	Sentinela	ACTIVE	MASCULINO	0		
NPC_1012	Alas	Eshmara	Brumas	2	Criador de animais	Criador de animais de Brumas. Conhecido por interações cotidianas, pedidos, rumores e possibilidades de relacionamento.	23	Criador de animais	ACTIVE	FEMININO	0		
NPC_1013	Corint	Tharun	Stone-Âmbar	3	Bardo	Bardo de Stone-Âmbar. Conhecido por interações cotidianas, pedidos, rumores e possibilidades de relacionamento.	40	Bardo	ACTIVE	MASCULINO	0		
NPC_1014	Ferethm	Lyrien	Aerocivitus	4	Guarda	Guarda de Aerocivitus. Conhecido por interações cotidianas, pedidos, rumores e possibilidades de relacionamento.	57	Guarda	ACTIVE	FEMININO	0		
NPC_1015	Iriian	Kethruun	Sandbones	-2	Camponês	Camponês de Sandbones. Conhecido por interações cotidianas, pedidos, rumores e possibilidades de relacionamento.	74	Camponês	ACTIVE	MASCULINO	0		
NPC_1016	Liaak	Nyssara	Emerald Tide	-1	Clérigo	Clérigo de Emerald Tide. Conhecido por interações cotidianas, pedidos, rumores e possibilidades de relacionamento.	28	Clérigo	ACTIVE	FEMININO	0		
NPC_1017	Oliind	Myrthos	Sem nome definido	0	Valaryn	Valaryn de Sem nome definido. Conhecido por interações cotidianas, pedidos, rumores e possibilidades de relacionamento.	45	Valaryn	ACTIVE	MASCULINO	0		
NPC_1018	Torethb	Orinthal	Crystalia	1	Artesão	Artesão de Crystalia. Conhecido por interações cotidianas, pedidos, rumores e possibilidades de relacionamento.	62	Artesão	ACTIVE	FEMININO	0		
NPC_1019	Ysaiath	Valkyrion	Volmeria	2	Curandeiro	Curandeiro de Volmeria. Conhecido por interações cotidianas, pedidos, rumores e possibilidades de relacionamento.	79	Curandeiro	ACTIVE	MASCULINO	0		
NPC_1020	Araa	Aeloria	Veyndaril	3	Aventureiro	Aventureiro de Veyndaril. Conhecido por interações cotidianas, pedidos, rumores e possibilidades de relacionamento.	33	Aventureiro	ACTIVE	FEMININO	0		
NPC_1021	Dainl	Zarim	Fornalia	4	Estudante	Estudante de Fornalia. Conhecido por interações cotidianas, pedidos, rumores e possibilidades de relacionamento.	50	Estudante	ACTIVE	MASCULINO	0		
NPC_1022	Galethr	Eshmara	Brumas	-2	Mercador	Mercador de Brumas. Conhecido por interações cotidianas, pedidos, rumores e possibilidades de relacionamento.	67	Mercador	ACTIVE	FEMININO	0		
NPC_1023	Joniav	Tharun	Stone-Âmbar	-1	Pesquisador	Pesquisador de Stone-Âmbar. Conhecido por interações cotidianas, pedidos, rumores e possibilidades de relacionamento.	21	Pesquisador	ACTIVE	MASCULINO	0		
NPC_1024	Maras	Lyrien	Aerocivitus	0	Navegador	Navegador de Aerocivitus. Conhecido por interações cotidianas, pedidos, rumores e possibilidades de relacionamento.	38	Navegador	ACTIVE	FEMININO	0		
NPC_1025	Renint	Kethruun	Sandbones	1	Ferreiro	Ferreiro de Sandbones. Conhecido por interações cotidianas, pedidos, rumores e possibilidades de relacionamento.	55	Ferreiro	ACTIVE	MASCULINO	0		
NPC_1026	Vioethm	Nyssara	Emerald Tide	2	Mensageiro	Mensageiro de Emerald Tide. Conhecido por interações cotidianas, pedidos, rumores e possibilidades de relacionamento.	72	Mensageiro	ACTIVE	FEMININO	0		
NPC_1027	Zanian	Myrthos	Sem nome definido	3	Erudito	Erudito de Sem nome definido. Conhecido por interações cotidianas, pedidos, rumores e possibilidades de relacionamento.	26	Erudito	ACTIVE	MASCULINO	0		
NPC_1028	Belak	Orinthal	Crystalia	4	Mago	Mago de Crystalia. Conhecido por interações cotidianas, pedidos, rumores e possibilidades de relacionamento.	43	Mago	ACTIVE	FEMININO	0		
NPC_1029	Eliind	Valkyrion	Volmeria	-2	Carroceiro	Carroceiro de Volmeria. Conhecido por interações cotidianas, pedidos, rumores e possibilidades de relacionamento.	60	Carroceiro	ACTIVE	MASCULINO	0		
NPC_1030	Helethb	Aeloria	Pyrelith	-1	Caçador	Caçador de Pyrelith. Conhecido por interações cotidianas, pedidos, rumores e possibilidades de relacionamento.	77	Caçador	ACTIVE	FEMININO	0		
NPC_1031	Kaiath	Zarim	Fornalia	0	Sentinela	Sentinela de Fornalia. Conhecido por interações cotidianas, pedidos, rumores e possibilidades de relacionamento.	31	Sentinela	ACTIVE	MASCULINO	0		
NPC_1032	Neraa	Eshmara	Brumas	1	Criador de animais	Criador de animais de Brumas. Conhecido por interações cotidianas, pedidos, rumores e possibilidades de relacionamento.	48	Criador de animais	ACTIVE	FEMININO	0		
NPC_1033	Selinl	Tharun	Stone-Âmbar	2	Bardo	Bardo de Stone-Âmbar. Conhecido por interações cotidianas, pedidos, rumores e possibilidades de relacionamento.	65	Bardo	ACTIVE	MASCULINO	0		
NPC_1034	Wilethr	Lyrien	Aerocivitus	3	Guarda	Guarda de Aerocivitus. Conhecido por interações cotidianas, pedidos, rumores e possibilidades de relacionamento.	19	Guarda	ACTIVE	FEMININO	0		
NPC_1035	Aliav	Kethruun	Sandbones	4	Camponês	Camponês de Sandbones. Conhecido por interações cotidianas, pedidos, rumores e possibilidades de relacionamento.	36	Camponês	ACTIVE	MASCULINO	0		
NPC_1036	Coras	Nyssara	Emerald Tide	-2	Clérigo	Clérigo de Emerald Tide. Conhecido por interações cotidianas, pedidos, rumores e possibilidades de relacionamento.	53	Clérigo	ACTIVE	FEMININO	0		
NPC_1037	Ferint	Myrthos	Sem nome definido	-1	Valaryn	Valaryn de Sem nome definido. Conhecido por interações cotidianas, pedidos, rumores e possibilidades de relacionamento.	70	Valaryn	ACTIVE	MASCULINO	0		
NPC_1038	Iriethm	Orinthal	Crystalia	0	Artesão	Artesão de Crystalia. Conhecido por interações cotidianas, pedidos, rumores e possibilidades de relacionamento.	24	Artesão	ACTIVE	FEMININO	0		
NPC_1039	Liaian	Valkyrion	Volmeria	1	Curandeiro	Curandeiro de Volmeria. Conhecido por interações cotidianas, pedidos, rumores e possibilidades de relacionamento.	41	Curandeiro	ACTIVE	MASCULINO	0		
NPC_1040	Oliak	Aeloria	Jorathen	2	Aventureiro	Aventureiro de Jorathen. Conhecido por interações cotidianas, pedidos, rumores e possibilidades de relacionamento.	58	Aventureiro	ACTIVE	FEMININO	0		
NPC_1041	Torind	Zarim	Fornalia	3	Estudante	Estudante de Fornalia. Conhecido por interações cotidianas, pedidos, rumores e possibilidades de relacionamento.	75	Estudante	ACTIVE	MASCULINO	0		
NPC_1042	Ysaethb	Eshmara	Brumas	4	Mercador	Mercador de Brumas. Conhecido por interações cotidianas, pedidos, rumores e possibilidades de relacionamento.	29	Mercador	ACTIVE	FEMININO	0		
NPC_1043	Ariath	Tharun	Stone-Âmbar	-2	Pesquisador	Pesquisador de Stone-Âmbar. Conhecido por interações cotidianas, pedidos, rumores e possibilidades de relacionamento.	46	Pesquisador	ACTIVE	MASCULINO	0		
NPC_1044	Daaa	Lyrien	Aerocivitus	-1	Navegador	Navegador de Aerocivitus. Conhecido por interações cotidianas, pedidos, rumores e possibilidades de relacionamento.	63	Navegador	ACTIVE	FEMININO	0		
NPC_1045	Galinl	Kethruun	Sandbones	0	Ferreiro	Ferreiro de Sandbones. Conhecido por interações cotidianas, pedidos, rumores e possibilidades de relacionamento.	80	Ferreiro	ACTIVE	MASCULINO	0		
NPC_1046	Jonethr	Nyssara	Emerald Tide	1	Mensageiro	Mensageiro de Emerald Tide. Conhecido por interações cotidianas, pedidos, rumores e possibilidades de relacionamento.	34	Mensageiro	ACTIVE	FEMININO	0		
NPC_1047	Mariav	Myrthos	Sem nome definido	2	Erudito	Erudito de Sem nome definido. Conhecido por interações cotidianas, pedidos, rumores e possibilidades de relacionamento.	51	Erudito	ACTIVE	MASCULINO	0		
NPC_1048	Renas	Orinthal	Crystalia	3	Mago	Mago de Crystalia. Conhecido por interações cotidianas, pedidos, rumores e possibilidades de relacionamento.	68	Mago	ACTIVE	FEMININO	0		
NPC_1049	Vioint	Valkyrion	Volmeria	4	Carroceiro	Carroceiro de Volmeria. Conhecido por interações cotidianas, pedidos, rumores e possibilidades de relacionamento.	22	Carroceiro	ACTIVE	MASCULINO	0		
NPC_1050	Zanethm	Aeloria	Duskmere	-2	Caçador	Caçador de Duskmere. Conhecido por interações cotidianas, pedidos, rumores e possibilidades de relacionamento.	39	Caçador	ACTIVE	FEMININO	0		
NPC_1051	Belian	Zarim	Fornalia	-1	Sentinela	Sentinela de Fornalia. Conhecido por interações cotidianas, pedidos, rumores e possibilidades de relacionamento.	56	Sentinela	ACTIVE	MASCULINO	0		
NPC_1052	Eliak	Eshmara	Brumas	0	Criador de animais	Criador de animais de Brumas. Conhecido por interações cotidianas, pedidos, rumores e possibilidades de relacionamento.	73	Criador de animais	ACTIVE	FEMININO	0		
NPC_1053	Helind	Tharun	Stone-Âmbar	1	Bardo	Bardo de Stone-Âmbar. Conhecido por interações cotidianas, pedidos, rumores e possibilidades de relacionamento.	27	Bardo	ACTIVE	MASCULINO	0		
NPC_1054	Kaethb	Lyrien	Aerocivitus	2	Guarda	Guarda de Aerocivitus. Conhecido por interações cotidianas, pedidos, rumores e possibilidades de relacionamento.	44	Guarda	ACTIVE	FEMININO	0		
NPC_1055	Neriath	Kethruun	Sandbones	3	Camponês	Camponês de Sandbones. Conhecido por interações cotidianas, pedidos, rumores e possibilidades de relacionamento.	61	Camponês	ACTIVE	MASCULINO	0		
NPC_1056	Selaa	Nyssara	Emerald Tide	4	Clérigo	Clérigo de Emerald Tide. Conhecido por interações cotidianas, pedidos, rumores e possibilidades de relacionamento.	78	Clérigo	ACTIVE	FEMININO	0		
NPC_1057	Wilinl	Myrthos	Sem nome definido	-2	Valaryn	Valaryn de Sem nome definido. Conhecido por interações cotidianas, pedidos, rumores e possibilidades de relacionamento.	32	Valaryn	ACTIVE	MASCULINO	0		
NPC_1058	Alethr	Orinthal	Crystalia	-1	Artesão	Artesão de Crystalia. Conhecido por interações cotidianas, pedidos, rumores e possibilidades de relacionamento.	49	Artesão	ACTIVE	FEMININO	0		
NPC_1059	Coriav	Valkyrion	Volmeria	0	Curandeiro	Curandeiro de Volmeria. Conhecido por interações cotidianas, pedidos, rumores e possibilidades de relacionamento.	66	Curandeiro	ACTIVE	MASCULINO	0		
NPC_1060	Feras	Aeloria	Lunareth	1	Aventureiro	Aventureiro de Lunareth. Conhecido por interações cotidianas, pedidos, rumores e possibilidades de relacionamento.	20	Aventureiro	ACTIVE	FEMININO	0		
NPC_1061	Iriint	Zarim	Fornalia	2	Estudante	Estudante de Fornalia. Conhecido por interações cotidianas, pedidos, rumores e possibilidades de relacionamento.	37	Estudante	ACTIVE	MASCULINO	0		
NPC_1062	Liaethm	Eshmara	Brumas	3	Mercador	Mercador de Brumas. Conhecido por interações cotidianas, pedidos, rumores e possibilidades de relacionamento.	54	Mercador	ACTIVE	FEMININO	0		
NPC_1063	Oliian	Tharun	Stone-Âmbar	4	Pesquisador	Pesquisador de Stone-Âmbar. Conhecido por interações cotidianas, pedidos, rumores e possibilidades de relacionamento.	71	Pesquisador	ACTIVE	MASCULINO	0		
NPC_1064	Torak	Lyrien	Aerocivitus	-2	Navegador	Navegador de Aerocivitus. Conhecido por interações cotidianas, pedidos, rumores e possibilidades de relacionamento.	25	Navegador	ACTIVE	FEMININO	0		
NPC_1065	Ysaind	Kethruun	Sandbones	-1	Ferreiro	Ferreiro de Sandbones. Conhecido por interações cotidianas, pedidos, rumores e possibilidades de relacionamento.	42	Ferreiro	ACTIVE	MASCULINO	0		
NPC_1066	Arethb	Nyssara	Emerald Tide	0	Mensageiro	Mensageiro de Emerald Tide. Conhecido por interações cotidianas, pedidos, rumores e possibilidades de relacionamento.	59	Mensageiro	ACTIVE	FEMININO	0		
NPC_1067	Daiath	Myrthos	Sem nome definido	1	Erudito	Erudito de Sem nome definido. Conhecido por interações cotidianas, pedidos, rumores e possibilidades de relacionamento.	76	Erudito	ACTIVE	MASCULINO	0		
NPC_1068	Galaa	Orinthal	Crystalia	2	Mago	Mago de Crystalia. Conhecido por interações cotidianas, pedidos, rumores e possibilidades de relacionamento.	30	Mago	ACTIVE	FEMININO	0		
NPC_1069	Joninl	Valkyrion	Volmeria	3	Carroceiro	Carroceiro de Volmeria. Conhecido por interações cotidianas, pedidos, rumores e possibilidades de relacionamento.	47	Carroceiro	ACTIVE	MASCULINO	0		
NPC_1070	Marethr	Aeloria	Xyrelith	4	Caçador	Caçador de Xyrelith. Conhecido por interações cotidianas, pedidos, rumores e possibilidades de relacionamento.	64	Caçador	ACTIVE	FEMININO	0		
NPC_1071	Reniav	Zarim	Fornalia	-2	Sentinela	Sentinela de Fornalia. Conhecido por interações cotidianas, pedidos, rumores e possibilidades de relacionamento.	18	Sentinela	ACTIVE	MASCULINO	0		
NPC_1072	Vioas	Eshmara	Brumas	-1	Criador de animais	Criador de animais de Brumas. Conhecido por interações cotidianas, pedidos, rumores e possibilidades de relacionamento.	35	Criador de animais	ACTIVE	FEMININO	0		
NPC_1073	Zanint	Tharun	Stone-Âmbar	0	Bardo	Bardo de Stone-Âmbar. Conhecido por interações cotidianas, pedidos, rumores e possibilidades de relacionamento.	52	Bardo	ACTIVE	MASCULINO	0		
NPC_1074	Belethm	Lyrien	Aerocivitus	1	Guarda	Guarda de Aerocivitus. Conhecido por interações cotidianas, pedidos, rumores e possibilidades de relacionamento.	69	Guarda	ACTIVE	FEMININO	0		
NPC_1075	Eliian	Kethruun	Sandbones	2	Camponês	Camponês de Sandbones. Conhecido por interações cotidianas, pedidos, rumores e possibilidades de relacionamento.	23	Camponês	ACTIVE	MASCULINO	0		
NPC_1076	Helak	Nyssara	Emerald Tide	3	Clérigo	Clérigo de Emerald Tide. Conhecido por interações cotidianas, pedidos, rumores e possibilidades de relacionamento.	40	Clérigo	ACTIVE	FEMININO	0		
NPC_1077	Kaind	Myrthos	Sem nome definido	4	Valaryn	Valaryn de Sem nome definido. Conhecido por interações cotidianas, pedidos, rumores e possibilidades de relacionamento.	57	Valaryn	ACTIVE	MASCULINO	0		
NPC_1078	Nerethb	Orinthal	Crystalia	-2	Artesão	Artesão de Crystalia. Conhecido por interações cotidianas, pedidos, rumores e possibilidades de relacionamento.	74	Artesão	ACTIVE	FEMININO	0		
NPC_1079	Seliath	Valkyrion	Volmeria	-1	Curandeiro	Curandeiro de Volmeria. Conhecido por interações cotidianas, pedidos, rumores e possibilidades de relacionamento.	28	Curandeiro	ACTIVE	MASCULINO	0		
NPC_1080	Wilaa	Aeloria	Runedral	0	Aventureiro	Aventureiro de Runedral. Conhecido por interações cotidianas, pedidos, rumores e possibilidades de relacionamento.	45	Aventureiro	ACTIVE	FEMININO	0		
NPC_1081	Alinl	Zarim	Fornalia	1	Estudante	Estudante de Fornalia. Conhecido por interações cotidianas, pedidos, rumores e possibilidades de relacionamento.	62	Estudante	ACTIVE	MASCULINO	0		
NPC_1082	Corethr	Eshmara	Brumas	2	Mercador	Mercador de Brumas. Conhecido por interações cotidianas, pedidos, rumores e possibilidades de relacionamento.	79	Mercador	ACTIVE	FEMININO	0		
NPC_1083	Feriav	Tharun	Stone-Âmbar	3	Pesquisador	Pesquisador de Stone-Âmbar. Conhecido por interações cotidianas, pedidos, rumores e possibilidades de relacionamento.	33	Pesquisador	ACTIVE	MASCULINO	0		
NPC_1084	Irias	Lyrien	Aerocivitus	4	Navegador	Navegador de Aerocivitus. Conhecido por interações cotidianas, pedidos, rumores e possibilidades de relacionamento.	50	Navegador	ACTIVE	FEMININO	0		
NPC_1085	Liaint	Kethruun	Sandbones	-2	Ferreiro	Ferreiro de Sandbones. Conhecido por interações cotidianas, pedidos, rumores e possibilidades de relacionamento.	67	Ferreiro	ACTIVE	MASCULINO	0		
NPC_1086	Oliethm	Nyssara	Emerald Tide	-1	Mensageiro	Mensageiro de Emerald Tide. Conhecido por interações cotidianas, pedidos, rumores e possibilidades de relacionamento.	21	Mensageiro	ACTIVE	FEMININO	0		
NPC_1087	Torian	Myrthos	Sem nome definido	0	Erudito	Erudito de Sem nome definido. Conhecido por interações cotidianas, pedidos, rumores e possibilidades de relacionamento.	38	Erudito	ACTIVE	MASCULINO	0		
NPC_1088	Ysaak	Orinthal	Crystalia	1	Mago	Mago de Crystalia. Conhecido por interações cotidianas, pedidos, rumores e possibilidades de relacionamento.	55	Mago	ACTIVE	FEMININO	0		
NPC_1089	Arind	Valkyrion	Volmeria	2	Carroceiro	Carroceiro de Volmeria. Conhecido por interações cotidianas, pedidos, rumores e possibilidades de relacionamento.	72	Carroceiro	ACTIVE	MASCULINO	0		
NPC_1090	Daethb	Aeloria	Lorwynne	3	Caçador	Caçador de Lorwynne. Conhecido por interações cotidianas, pedidos, rumores e possibilidades de relacionamento.	26	Caçador	ACTIVE	FEMININO	0		
NPC_1091	Galiath	Zarim	Fornalia	4	Sentinela	Sentinela de Fornalia. Conhecido por interações cotidianas, pedidos, rumores e possibilidades de relacionamento.	43	Sentinela	ACTIVE	MASCULINO	0		
NPC_1092	Jonaa	Eshmara	Brumas	-2	Criador de animais	Criador de animais de Brumas. Conhecido por interações cotidianas, pedidos, rumores e possibilidades de relacionamento.	60	Criador de animais	ACTIVE	FEMININO	0		
NPC_1093	Marinl	Tharun	Stone-Âmbar	-1	Bardo	Bardo de Stone-Âmbar. Conhecido por interações cotidianas, pedidos, rumores e possibilidades de relacionamento.	77	Bardo	ACTIVE	MASCULINO	0		
NPC_1094	Renethr	Lyrien	Aerocivitus	0	Guarda	Guarda de Aerocivitus. Conhecido por interações cotidianas, pedidos, rumores e possibilidades de relacionamento.	31	Guarda	ACTIVE	FEMININO	0		
NPC_1095	Vioiav	Kethruun	Sandbones	1	Camponês	Camponês de Sandbones. Conhecido por interações cotidianas, pedidos, rumores e possibilidades de relacionamento.	48	Camponês	ACTIVE	MASCULINO	0		
NPC_1096	Zanas	Nyssara	Emerald Tide	2	Clérigo	Clérigo de Emerald Tide. Conhecido por interações cotidianas, pedidos, rumores e possibilidades de relacionamento.	65	Clérigo	ACTIVE	FEMININO	0		
NPC_1097	Belint	Myrthos	Sem nome definido	3	Valaryn	Valaryn de Sem nome definido. Conhecido por interações cotidianas, pedidos, rumores e possibilidades de relacionamento.	19	Valaryn	ACTIVE	MASCULINO	0		
NPC_1098	Eliethm	Orinthal	Crystalia	4	Artesão	Artesão de Crystalia. Conhecido por interações cotidianas, pedidos, rumores e possibilidades de relacionamento.	36	Artesão	ACTIVE	FEMININO	0		
NPC_1099	Helian	Valkyrion	Volmeria	-2	Curandeiro	Curandeiro de Volmeria. Conhecido por interações cotidianas, pedidos, rumores e possibilidades de relacionamento.	53	Curandeiro	ACTIVE	MASCULINO	0		
NPC_1100	Kaak	Aeloria	Frostmere	-1	Aventureiro	Aventureiro de Frostmere. Conhecido por interações cotidianas, pedidos, rumores e possibilidades de relacionamento.	70	Aventureiro	ACTIVE	FEMININO	0		
NPC_1101	Nerind	Zarim	Fornalia	0	Estudante	Estudante de Fornalia. Conhecido por interações cotidianas, pedidos, rumores e possibilidades de relacionamento.	24	Estudante	ACTIVE	MASCULINO	0		
NPC_1102	Selethb	Eshmara	Brumas	1	Mercador	Mercador de Brumas. Conhecido por interações cotidianas, pedidos, rumores e possibilidades de relacionamento.	41	Mercador	ACTIVE	FEMININO	0		
NPC_1103	Wiliath	Tharun	Stone-Âmbar	2	Pesquisador	Pesquisador de Stone-Âmbar. Conhecido por interações cotidianas, pedidos, rumores e possibilidades de relacionamento.	58	Pesquisador	ACTIVE	MASCULINO	0		
NPC_1104	Alaa	Lyrien	Aerocivitus	3	Navegador	Navegador de Aerocivitus. Conhecido por interações cotidianas, pedidos, rumores e possibilidades de relacionamento.	75	Navegador	ACTIVE	FEMININO	0		
NPC_1105	Corinl	Kethruun	Sandbones	4	Ferreiro	Ferreiro de Sandbones. Conhecido por interações cotidianas, pedidos, rumores e possibilidades de relacionamento.	29	Ferreiro	ACTIVE	MASCULINO	0		
NPC_1106	Ferethr	Nyssara	Emerald Tide	-2	Mensageiro	Mensageiro de Emerald Tide. Conhecido por interações cotidianas, pedidos, rumores e possibilidades de relacionamento.	46	Mensageiro	ACTIVE	FEMININO	0		
NPC_1107	Iriiav	Myrthos	Sem nome definido	-1	Erudito	Erudito de Sem nome definido. Conhecido por interações cotidianas, pedidos, rumores e possibilidades de relacionamento.	63	Erudito	ACTIVE	MASCULINO	0		
NPC_1108	Liaas	Orinthal	Crystalia	0	Mago	Mago de Crystalia. Conhecido por interações cotidianas, pedidos, rumores e possibilidades de relacionamento.	80	Mago	ACTIVE	FEMININO	0		
NPC_1109	Oliint	Valkyrion	Volmeria	1	Carroceiro	Carroceiro de Volmeria. Conhecido por interações cotidianas, pedidos, rumores e possibilidades de relacionamento.	34	Carroceiro	ACTIVE	MASCULINO	0		
NPC_1110	Torethm	Aeloria	Zorathen	2	Caçador	Caçador de Zorathen. Conhecido por interações cotidianas, pedidos, rumores e possibilidades de relacionamento.	51	Caçador	ACTIVE	FEMININO	0		
NPC_1111	Ysaian	Zarim	Fornalia	3	Sentinela	Sentinela de Fornalia. Conhecido por interações cotidianas, pedidos, rumores e possibilidades de relacionamento.	68	Sentinela	ACTIVE	MASCULINO	0		
NPC_1112	Arak	Eshmara	Brumas	4	Criador de animais	Criador de animais de Brumas. Conhecido por interações cotidianas, pedidos, rumores e possibilidades de relacionamento.	22	Criador de animais	ACTIVE	FEMININO	0		
NPC_1113	Daind	Tharun	Stone-Âmbar	-2	Bardo	Bardo de Stone-Âmbar. Conhecido por interações cotidianas, pedidos, rumores e possibilidades de relacionamento.	39	Bardo	ACTIVE	MASCULINO	0		
NPC_1114	Galethb	Lyrien	Aerocivitus	-1	Guarda	Guarda de Aerocivitus. Conhecido por interações cotidianas, pedidos, rumores e possibilidades de relacionamento.	56	Guarda	ACTIVE	FEMININO	0		
NPC_1115	Joniath	Kethruun	Sandbones	0	Camponês	Camponês de Sandbones. Conhecido por interações cotidianas, pedidos, rumores e possibilidades de relacionamento.	73	Camponês	ACTIVE	MASCULINO	0		
NPC_1116	Maraa	Nyssara	Emerald Tide	1	Clérigo	Clérigo de Emerald Tide. Conhecido por interações cotidianas, pedidos, rumores e possibilidades de relacionamento.	27	Clérigo	ACTIVE	FEMININO	0		
NPC_1117	Reninl	Myrthos	Sem nome definido	2	Valaryn	Valaryn de Sem nome definido. Conhecido por interações cotidianas, pedidos, rumores e possibilidades de relacionamento.	44	Valaryn	ACTIVE	MASCULINO	0		
NPC_1118	Vioethr	Orinthal	Crystalia	3	Artesão	Artesão de Crystalia. Conhecido por interações cotidianas, pedidos, rumores e possibilidades de relacionamento.	61	Artesão	ACTIVE	FEMININO	0		
NPC_1119	Zaniav	Valkyrion	Volmeria	4	Curandeiro	Curandeiro de Volmeria. Conhecido por interações cotidianas, pedidos, rumores e possibilidades de relacionamento.	78	Curandeiro	ACTIVE	MASCULINO	0		
NPC_1120	Belas	Aeloria	Thornmere	-2	Aventureiro	Aventureiro de Thornmere. Conhecido por interações cotidianas, pedidos, rumores e possibilidades de relacionamento.	32	Aventureiro	ACTIVE	FEMININO	0		
NPC_1121	Eliint	Zarim	Fornalia	-1	Estudante	Estudante de Fornalia. Conhecido por interações cotidianas, pedidos, rumores e possibilidades de relacionamento.	49	Estudante	ACTIVE	MASCULINO	0		
NPC_1122	Helethm	Eshmara	Brumas	0	Mercador	Mercador de Brumas. Conhecido por interações cotidianas, pedidos, rumores e possibilidades de relacionamento.	66	Mercador	ACTIVE	FEMININO	0		
NPC_1123	Kaian	Tharun	Stone-Âmbar	1	Pesquisador	Pesquisador de Stone-Âmbar. Conhecido por interações cotidianas, pedidos, rumores e possibilidades de relacionamento.	20	Pesquisador	ACTIVE	MASCULINO	0		
NPC_1124	Nerak	Lyrien	Aerocivitus	2	Navegador	Navegador de Aerocivitus. Conhecido por interações cotidianas, pedidos, rumores e possibilidades de relacionamento.	37	Navegador	ACTIVE	FEMININO	0		
NPC_1125	Selind	Kethruun	Sandbones	3	Ferreiro	Ferreiro de Sandbones. Conhecido por interações cotidianas, pedidos, rumores e possibilidades de relacionamento.	54	Ferreiro	ACTIVE	MASCULINO	0		
NPC_1126	Wilethb	Nyssara	Emerald Tide	4	Mensageiro	Mensageiro de Emerald Tide. Conhecido por interações cotidianas, pedidos, rumores e possibilidades de relacionamento.	71	Mensageiro	ACTIVE	FEMININO	0		
NPC_1127	Aliath	Myrthos	Sem nome definido	-2	Erudito	Erudito de Sem nome definido. Conhecido por interações cotidianas, pedidos, rumores e possibilidades de relacionamento.	25	Erudito	ACTIVE	MASCULINO	0		
NPC_1128	Coraa	Orinthal	Crystalia	-1	Mago	Mago de Crystalia. Conhecido por interações cotidianas, pedidos, rumores e possibilidades de relacionamento.	42	Mago	ACTIVE	FEMININO	0		
NPC_1129	Ferinl	Valkyrion	Volmeria	0	Carroceiro	Carroceiro de Volmeria. Conhecido por interações cotidianas, pedidos, rumores e possibilidades de relacionamento.	59	Carroceiro	ACTIVE	MASCULINO	0		
NPC_1130	Iriethr	Aeloria	Norhaven	1	Caçador	Caçador de Norhaven. Conhecido por interações cotidianas, pedidos, rumores e possibilidades de relacionamento.	76	Caçador	ACTIVE	FEMININO	0		
NPC_1131	Liaiav	Zarim	Fornalia	2	Sentinela	Sentinela de Fornalia. Conhecido por interações cotidianas, pedidos, rumores e possibilidades de relacionamento.	30	Sentinela	ACTIVE	MASCULINO	0		
NPC_1132	Olias	Eshmara	Brumas	3	Criador de animais	Criador de animais de Brumas. Conhecido por interações cotidianas, pedidos, rumores e possibilidades de relacionamento.	47	Criador de animais	ACTIVE	FEMININO	0		
NPC_1133	Torint	Tharun	Stone-Âmbar	4	Bardo	Bardo de Stone-Âmbar. Conhecido por interações cotidianas, pedidos, rumores e possibilidades de relacionamento.	64	Bardo	ACTIVE	MASCULINO	0		
NPC_1134	Ysaethm	Lyrien	Aerocivitus	-2	Guarda	Guarda de Aerocivitus. Conhecido por interações cotidianas, pedidos, rumores e possibilidades de relacionamento.	18	Guarda	ACTIVE	FEMININO	0		
NPC_1135	Arian	Kethruun	Sandbones	-1	Camponês	Camponês de Sandbones. Conhecido por interações cotidianas, pedidos, rumores e possibilidades de relacionamento.	35	Camponês	ACTIVE	MASCULINO	0		
NPC_1136	Daak	Nyssara	Emerald Tide	0	Clérigo	Clérigo de Emerald Tide. Conhecido por interações cotidianas, pedidos, rumores e possibilidades de relacionamento.	52	Clérigo	ACTIVE	FEMININO	0		
NPC_1137	Galind	Myrthos	Sem nome definido	1	Valaryn	Valaryn de Sem nome definido. Conhecido por interações cotidianas, pedidos, rumores e possibilidades de relacionamento.	69	Valaryn	ACTIVE	MASCULINO	0		
NPC_1138	Jonethb	Orinthal	Crystalia	2	Artesão	Artesão de Crystalia. Conhecido por interações cotidianas, pedidos, rumores e possibilidades de relacionamento.	23	Artesão	ACTIVE	FEMININO	0		
NPC_1139	Mariath	Valkyrion	Volmeria	3	Curandeiro	Curandeiro de Volmeria. Conhecido por interações cotidianas, pedidos, rumores e possibilidades de relacionamento.	40	Curandeiro	ACTIVE	MASCULINO	0		
NPC_1140	Renaa	Aeloria	Hallowspire	4	Aventureiro	Aventureiro de Hallowspire. Conhecido por interações cotidianas, pedidos, rumores e possibilidades de relacionamento.	57	Aventureiro	ACTIVE	FEMININO	0		
NPC_1141	Vioinl	Zarim	Fornalia	-2	Estudante	Estudante de Fornalia. Conhecido por interações cotidianas, pedidos, rumores e possibilidades de relacionamento.	74	Estudante	ACTIVE	MASCULINO	0		
NPC_1142	Zanethr	Eshmara	Brumas	-1	Mercador	Mercador de Brumas. Conhecido por interações cotidianas, pedidos, rumores e possibilidades de relacionamento.	28	Mercador	ACTIVE	FEMININO	0		
NPC_1143	Beliav	Tharun	Stone-Âmbar	0	Pesquisador	Pesquisador de Stone-Âmbar. Conhecido por interações cotidianas, pedidos, rumores e possibilidades de relacionamento.	45	Pesquisador	ACTIVE	MASCULINO	0		
NPC_1144	Elias	Lyrien	Aerocivitus	1	Navegador	Navegador de Aerocivitus. Conhecido por interações cotidianas, pedidos, rumores e possibilidades de relacionamento.	62	Navegador	ACTIVE	FEMININO	0		
NPC_1145	Helint	Kethruun	Sandbones	2	Ferreiro	Ferreiro de Sandbones. Conhecido por interações cotidianas, pedidos, rumores e possibilidades de relacionamento.	79	Ferreiro	ACTIVE	MASCULINO	0		
NPC_1146	Kaethm	Nyssara	Emerald Tide	3	Mensageiro	Mensageiro de Emerald Tide. Conhecido por interações cotidianas, pedidos, rumores e possibilidades de relacionamento.	33	Mensageiro	ACTIVE	FEMININO	0		
NPC_1147	Nerian	Myrthos	Sem nome definido	4	Erudito	Erudito de Sem nome definido. Conhecido por interações cotidianas, pedidos, rumores e possibilidades de relacionamento.	50	Erudito	ACTIVE	MASCULINO	0		
NPC_1148	Selak	Orinthal	Crystalia	-2	Mago	Mago de Crystalia. Conhecido por interações cotidianas, pedidos, rumores e possibilidades de relacionamento.	67	Mago	ACTIVE	FEMININO	0		
NPC_1149	Wilind	Valkyrion	Volmeria	-1	Carroceiro	Carroceiro de Volmeria. Conhecido por interações cotidianas, pedidos, rumores e possibilidades de relacionamento.	21	Carroceiro	ACTIVE	MASCULINO	0		
NPC_1150	Alethb	Aeloria	Brighthollow	0	Caçador	Caçador de Brighthollow. Conhecido por interações cotidianas, pedidos, rumores e possibilidades de relacionamento.	38	Caçador	ACTIVE	FEMININO	0		
NPC_1151	Coriath	Zarim	Fornalia	1	Sentinela	Sentinela de Fornalia. Conhecido por interações cotidianas, pedidos, rumores e possibilidades de relacionamento.	55	Sentinela	ACTIVE	MASCULINO	0		
NPC_1152	Feraa	Eshmara	Brumas	2	Criador de animais	Criador de animais de Brumas. Conhecido por interações cotidianas, pedidos, rumores e possibilidades de relacionamento.	72	Criador de animais	ACTIVE	FEMININO	0		
NPC_1153	Iriinl	Tharun	Stone-Âmbar	3	Bardo	Bardo de Stone-Âmbar. Conhecido por interações cotidianas, pedidos, rumores e possibilidades de relacionamento.	26	Bardo	ACTIVE	MASCULINO	0		
NPC_1154	Liaethr	Lyrien	Aerocivitus	4	Guarda	Guarda de Aerocivitus. Conhecido por interações cotidianas, pedidos, rumores e possibilidades de relacionamento.	43	Guarda	ACTIVE	FEMININO	0		
NPC_1155	Oliiav	Kethruun	Sandbones	-2	Camponês	Camponês de Sandbones. Conhecido por interações cotidianas, pedidos, rumores e possibilidades de relacionamento.	60	Camponês	ACTIVE	MASCULINO	0		
NPC_1156	Toras	Nyssara	Emerald Tide	-1	Clérigo	Clérigo de Emerald Tide. Conhecido por interações cotidianas, pedidos, rumores e possibilidades de relacionamento.	77	Clérigo	ACTIVE	FEMININO	0		
NPC_1157	Ysaint	Myrthos	Sem nome definido	0	Valaryn	Valaryn de Sem nome definido. Conhecido por interações cotidianas, pedidos, rumores e possibilidades de relacionamento.	31	Valaryn	ACTIVE	MASCULINO	0		
NPC_1158	Arethm	Orinthal	Crystalia	1	Artesão	Artesão de Crystalia. Conhecido por interações cotidianas, pedidos, rumores e possibilidades de relacionamento.	48	Artesão	ACTIVE	FEMININO	0		
NPC_1159	Daian	Valkyrion	Volmeria	2	Curandeiro	Curandeiro de Volmeria. Conhecido por interações cotidianas, pedidos, rumores e possibilidades de relacionamento.	65	Curandeiro	ACTIVE	MASCULINO	0		
NPC_1160	Galak	Aeloria	Valdora	3	Aventureiro	Aventureiro de Valdora. Conhecido por interações cotidianas, pedidos, rumores e possibilidades de relacionamento.	19	Aventureiro	ACTIVE	FEMININO	0		
NPC_1161	Jonind	Zarim	Fornalia	4	Estudante	Estudante de Fornalia. Conhecido por interações cotidianas, pedidos, rumores e possibilidades de relacionamento.	36	Estudante	ACTIVE	MASCULINO	0		
NPC_1162	Marethb	Eshmara	Brumas	-2	Mercador	Mercador de Brumas. Conhecido por interações cotidianas, pedidos, rumores e possibilidades de relacionamento.	53	Mercador	ACTIVE	FEMININO	0		
NPC_1163	Reniath	Tharun	Stone-Âmbar	-1	Pesquisador	Pesquisador de Stone-Âmbar. Conhecido por interações cotidianas, pedidos, rumores e possibilidades de relacionamento.	70	Pesquisador	ACTIVE	MASCULINO	0		
NPC_1164	Vioaa	Lyrien	Aerocivitus	0	Navegador	Navegador de Aerocivitus. Conhecido por interações cotidianas, pedidos, rumores e possibilidades de relacionamento.	24	Navegador	ACTIVE	FEMININO	0		
NPC_1165	Zaninl	Kethruun	Sandbones	1	Ferreiro	Ferreiro de Sandbones. Conhecido por interações cotidianas, pedidos, rumores e possibilidades de relacionamento.	41	Ferreiro	ACTIVE	MASCULINO	0		
NPC_1166	Belethr	Nyssara	Emerald Tide	2	Mensageiro	Mensageiro de Emerald Tide. Conhecido por interações cotidianas, pedidos, rumores e possibilidades de relacionamento.	58	Mensageiro	ACTIVE	FEMININO	0		
NPC_1167	Eliiav	Myrthos	Sem nome definido	3	Erudito	Erudito de Sem nome definido. Conhecido por interações cotidianas, pedidos, rumores e possibilidades de relacionamento.	75	Erudito	ACTIVE	MASCULINO	0		
NPC_1168	Helas	Orinthal	Crystalia	4	Mago	Mago de Crystalia. Conhecido por interações cotidianas, pedidos, rumores e possibilidades de relacionamento.	29	Mago	ACTIVE	FEMININO	0		
NPC_1169	Kaint	Valkyrion	Volmeria	-2	Carroceiro	Carroceiro de Volmeria. Conhecido por interações cotidianas, pedidos, rumores e possibilidades de relacionamento.	46	Carroceiro	ACTIVE	MASCULINO	0		
NPC_1170	Nerethm	Aeloria	Verdralith	-1	Caçador	Caçador de Verdralith. Conhecido por interações cotidianas, pedidos, rumores e possibilidades de relacionamento.	63	Caçador	ACTIVE	FEMININO	0		
NPC_1171	Selian	Zarim	Fornalia	0	Sentinela	Sentinela de Fornalia. Conhecido por interações cotidianas, pedidos, rumores e possibilidades de relacionamento.	80	Sentinela	ACTIVE	MASCULINO	0		
NPC_1172	Wilak	Eshmara	Brumas	1	Criador de animais	Criador de animais de Brumas. Conhecido por interações cotidianas, pedidos, rumores e possibilidades de relacionamento.	34	Criador de animais	ACTIVE	FEMININO	0		
NPC_1173	Alind	Tharun	Stone-Âmbar	2	Bardo	Bardo de Stone-Âmbar. Conhecido por interações cotidianas, pedidos, rumores e possibilidades de relacionamento.	51	Bardo	ACTIVE	MASCULINO	0		
NPC_1174	Corethb	Lyrien	Aerocivitus	3	Guarda	Guarda de Aerocivitus. Conhecido por interações cotidianas, pedidos, rumores e possibilidades de relacionamento.	68	Guarda	ACTIVE	FEMININO	0		
NPC_1175	Feriath	Kethruun	Sandbones	4	Camponês	Camponês de Sandbones. Conhecido por interações cotidianas, pedidos, rumores e possibilidades de relacionamento.	22	Camponês	ACTIVE	MASCULINO	0		
NPC_1176	Iriaa	Nyssara	Emerald Tide	-2	Clérigo	Clérigo de Emerald Tide. Conhecido por interações cotidianas, pedidos, rumores e possibilidades de relacionamento.	39	Clérigo	ACTIVE	FEMININO	0		
NPC_1177	Liainl	Myrthos	Sem nome definido	-1	Valaryn	Valaryn de Sem nome definido. Conhecido por interações cotidianas, pedidos, rumores e possibilidades de relacionamento.	56	Valaryn	ACTIVE	MASCULINO	0		
NPC_1178	Oliethr	Orinthal	Crystalia	0	Artesão	Artesão de Crystalia. Conhecido por interações cotidianas, pedidos, rumores e possibilidades de relacionamento.	73	Artesão	ACTIVE	FEMININO	0		
NPC_1179	Toriav	Valkyrion	Volmeria	1	Curandeiro	Curandeiro de Volmeria. Conhecido por interações cotidianas, pedidos, rumores e possibilidades de relacionamento.	27	Curandeiro	ACTIVE	MASCULINO	0		
NPC_1180	Ysaas	Aeloria	Prismere	2	Aventureiro	Aventureiro de Prismere. Conhecido por interações cotidianas, pedidos, rumores e possibilidades de relacionamento.	44	Aventureiro	ACTIVE	FEMININO	0		
NPC_1181	Arint	Zarim	Fornalia	3	Estudante	Estudante de Fornalia. Conhecido por interações cotidianas, pedidos, rumores e possibilidades de relacionamento.	61	Estudante	ACTIVE	MASCULINO	0		
NPC_1182	Daethm	Eshmara	Brumas	4	Mercador	Mercador de Brumas. Conhecido por interações cotidianas, pedidos, rumores e possibilidades de relacionamento.	78	Mercador	ACTIVE	FEMININO	0		
NPC_1183	Galian	Tharun	Stone-Âmbar	-2	Pesquisador	Pesquisador de Stone-Âmbar. Conhecido por interações cotidianas, pedidos, rumores e possibilidades de relacionamento.	32	Pesquisador	ACTIVE	MASCULINO	0		
NPC_1184	Jonak	Lyrien	Aerocivitus	-1	Navegador	Navegador de Aerocivitus. Conhecido por interações cotidianas, pedidos, rumores e possibilidades de relacionamento.	49	Navegador	ACTIVE	FEMININO	0		
NPC_1185	Marind	Kethruun	Sandbones	0	Ferreiro	Ferreiro de Sandbones. Conhecido por interações cotidianas, pedidos, rumores e possibilidades de relacionamento.	66	Ferreiro	ACTIVE	MASCULINO	0		
NPC_1186	Renethb	Nyssara	Emerald Tide	1	Mensageiro	Mensageiro de Emerald Tide. Conhecido por interações cotidianas, pedidos, rumores e possibilidades de relacionamento.	20	Mensageiro	ACTIVE	FEMININO	0		
NPC_1187	Vioiath	Myrthos	Sem nome definido	2	Erudito	Erudito de Sem nome definido. Conhecido por interações cotidianas, pedidos, rumores e possibilidades de relacionamento.	37	Erudito	ACTIVE	MASCULINO	0		
NPC_1188	Zanaa	Orinthal	Crystalia	3	Mago	Mago de Crystalia. Conhecido por interações cotidianas, pedidos, rumores e possibilidades de relacionamento.	54	Mago	ACTIVE	FEMININO	0		
NPC_1189	Belinl	Valkyrion	Volmeria	4	Carroceiro	Carroceiro de Volmeria. Conhecido por interações cotidianas, pedidos, rumores e possibilidades de relacionamento.	71	Carroceiro	ACTIVE	MASCULINO	0		
NPC_1190	Eliethr	Aeloria	Jorwyn	-2	Caçador	Caçador de Jorwyn. Conhecido por interações cotidianas, pedidos, rumores e possibilidades de relacionamento.	25	Caçador	ACTIVE	FEMININO	0		
NPC_1191	Heliav	Zarim	Fornalia	-1	Sentinela	Sentinela de Fornalia. Conhecido por interações cotidianas, pedidos, rumores e possibilidades de relacionamento.	42	Sentinela	ACTIVE	MASCULINO	0		
NPC_1192	Kaas	Eshmara	Brumas	0	Criador de animais	Criador de animais de Brumas. Conhecido por interações cotidianas, pedidos, rumores e possibilidades de relacionamento.	59	Criador de animais	ACTIVE	FEMININO	0		
NPC_1193	Nerint	Tharun	Stone-Âmbar	1	Bardo	Bardo de Stone-Âmbar. Conhecido por interações cotidianas, pedidos, rumores e possibilidades de relacionamento.	76	Bardo	ACTIVE	MASCULINO	0		
NPC_1194	Selethm	Lyrien	Aerocivitus	2	Guarda	Guarda de Aerocivitus. Conhecido por interações cotidianas, pedidos, rumores e possibilidades de relacionamento.	30	Guarda	ACTIVE	FEMININO	0		
NPC_1195	Wilian	Kethruun	Sandbones	3	Camponês	Camponês de Sandbones. Conhecido por interações cotidianas, pedidos, rumores e possibilidades de relacionamento.	47	Camponês	ACTIVE	MASCULINO	0		
NPC_1196	Alak	Nyssara	Emerald Tide	4	Clérigo	Clérigo de Emerald Tide. Conhecido por interações cotidianas, pedidos, rumores e possibilidades de relacionamento.	64	Clérigo	ACTIVE	FEMININO	0		
NPC_1197	Corind	Myrthos	Sem nome definido	-2	Valaryn	Valaryn de Sem nome definido. Conhecido por interações cotidianas, pedidos, rumores e possibilidades de relacionamento.	18	Valaryn	ACTIVE	MASCULINO	0		
NPC_1198	Ferethb	Orinthal	Crystalia	-1	Artesão	Artesão de Crystalia. Conhecido por interações cotidianas, pedidos, rumores e possibilidades de relacionamento.	35	Artesão	ACTIVE	FEMININO	0		
NPC_1199	Iriiath	Valkyrion	Volmeria	0	Curandeiro	Curandeiro de Volmeria. Conhecido por interações cotidianas, pedidos, rumores e possibilidades de relacionamento.	52	Curandeiro	ACTIVE	MASCULINO	0		
NPC_1200	Liaaa	Aeloria	Dawnspire	1	Aventureiro	Aventureiro de Dawnspire. Conhecido por interações cotidianas, pedidos, rumores e possibilidades de relacionamento.	69	Aventureiro	ACTIVE	FEMININO	0		
NPC_1201	Oliinl	Zarim	Fornalia	2	Estudante	Estudante de Fornalia. Conhecido por interações cotidianas, pedidos, rumores e possibilidades de relacionamento.	23	Estudante	ACTIVE	MASCULINO	0		
NPC_1202	Torethr	Eshmara	Brumas	3	Mercador	Mercador de Brumas. Conhecido por interações cotidianas, pedidos, rumores e possibilidades de relacionamento.	40	Mercador	ACTIVE	FEMININO	0		
NPC_1203	Ysaiav	Tharun	Stone-Âmbar	4	Pesquisador	Pesquisador de Stone-Âmbar. Conhecido por interações cotidianas, pedidos, rumores e possibilidades de relacionamento.	57	Pesquisador	ACTIVE	MASCULINO	0		
NPC_1204	Aras	Lyrien	Aerocivitus	-2	Navegador	Navegador de Aerocivitus. Conhecido por interações cotidianas, pedidos, rumores e possibilidades de relacionamento.	74	Navegador	ACTIVE	FEMININO	0		
NPC_1205	Daint	Kethruun	Sandbones	-1	Ferreiro	Ferreiro de Sandbones. Conhecido por interações cotidianas, pedidos, rumores e possibilidades de relacionamento.	28	Ferreiro	ACTIVE	MASCULINO	0		
NPC_1206	Galethm	Nyssara	Emerald Tide	0	Mensageiro	Mensageiro de Emerald Tide. Conhecido por interações cotidianas, pedidos, rumores e possibilidades de relacionamento.	45	Mensageiro	ACTIVE	FEMININO	0		
NPC_1207	Jonian	Myrthos	Sem nome definido	1	Erudito	Erudito de Sem nome definido. Conhecido por interações cotidianas, pedidos, rumores e possibilidades de relacionamento.	62	Erudito	ACTIVE	MASCULINO	0		
NPC_1208	Marak	Orinthal	Crystalia	2	Mago	Mago de Crystalia. Conhecido por interações cotidianas, pedidos, rumores e possibilidades de relacionamento.	79	Mago	ACTIVE	FEMININO	0		
NPC_1209	Renind	Valkyrion	Volmeria	3	Carroceiro	Carroceiro de Volmeria. Conhecido por interações cotidianas, pedidos, rumores e possibilidades de relacionamento.	33	Carroceiro	ACTIVE	MASCULINO	0		
NPC_1210	Vioethb	Aeloria	Xandralor	4	Caçador	Caçador de Xandralor. Conhecido por interações cotidianas, pedidos, rumores e possibilidades de relacionamento.	50	Caçador	ACTIVE	FEMININO	0		
NPC_1211	Zaniath	Zarim	Fornalia	-2	Sentinela	Sentinela de Fornalia. Conhecido por interações cotidianas, pedidos, rumores e possibilidades de relacionamento.	67	Sentinela	ACTIVE	MASCULINO	0		
NPC_1212	Belaa	Eshmara	Brumas	-1	Criador de animais	Criador de animais de Brumas. Conhecido por interações cotidianas, pedidos, rumores e possibilidades de relacionamento.	21	Criador de animais	ACTIVE	FEMININO	0		
NPC_1213	Eliinl	Tharun	Stone-Âmbar	0	Bardo	Bardo de Stone-Âmbar. Conhecido por interações cotidianas, pedidos, rumores e possibilidades de relacionamento.	38	Bardo	ACTIVE	MASCULINO	0		
NPC_1214	Helethr	Lyrien	Aerocivitus	1	Guarda	Guarda de Aerocivitus. Conhecido por interações cotidianas, pedidos, rumores e possibilidades de relacionamento.	55	Guarda	ACTIVE	FEMININO	0		
NPC_1215	Kaiav	Kethruun	Sandbones	2	Camponês	Camponês de Sandbones. Conhecido por interações cotidianas, pedidos, rumores e possibilidades de relacionamento.	72	Camponês	ACTIVE	MASCULINO	0		
NPC_1216	Neras	Nyssara	Emerald Tide	3	Clérigo	Clérigo de Emerald Tide. Conhecido por interações cotidianas, pedidos, rumores e possibilidades de relacionamento.	26	Clérigo	ACTIVE	FEMININO	0		
NPC_1217	Selint	Myrthos	Sem nome definido	4	Valaryn	Valaryn de Sem nome definido. Conhecido por interações cotidianas, pedidos, rumores e possibilidades de relacionamento.	43	Valaryn	ACTIVE	MASCULINO	0		
NPC_1218	Wilethm	Orinthal	Crystalia	-2	Artesão	Artesão de Crystalia. Conhecido por interações cotidianas, pedidos, rumores e possibilidades de relacionamento.	60	Artesão	ACTIVE	FEMININO	0		
NPC_1219	Alian	Valkyrion	Volmeria	-1	Curandeiro	Curandeiro de Volmeria. Conhecido por interações cotidianas, pedidos, rumores e possibilidades de relacionamento.	77	Curandeiro	ACTIVE	MASCULINO	0		
NPC_1220	Corak	Aeloria	Rivenholt	0	Aventureiro	Aventureiro de Rivenholt. Conhecido por interações cotidianas, pedidos, rumores e possibilidades de relacionamento.	31	Aventureiro	ACTIVE	FEMININO	0		
NPC_1221	Ferind	Zarim	Fornalia	1	Estudante	Estudante de Fornalia. Conhecido por interações cotidianas, pedidos, rumores e possibilidades de relacionamento.	48	Estudante	ACTIVE	MASCULINO	0		
NPC_1222	Iriethb	Eshmara	Brumas	2	Mercador	Mercador de Brumas. Conhecido por interações cotidianas, pedidos, rumores e possibilidades de relacionamento.	65	Mercador	ACTIVE	FEMININO	0		
NPC_1223	Liaiath	Tharun	Stone-Âmbar	3	Pesquisador	Pesquisador de Stone-Âmbar. Conhecido por interações cotidianas, pedidos, rumores e possibilidades de relacionamento.	19	Pesquisador	ACTIVE	MASCULINO	0		
NPC_1224	Oliaa	Lyrien	Aerocivitus	4	Navegador	Navegador de Aerocivitus. Conhecido por interações cotidianas, pedidos, rumores e possibilidades de relacionamento.	36	Navegador	ACTIVE	FEMININO	0		
NPC_1225	Torinl	Kethruun	Sandbones	-2	Ferreiro	Ferreiro de Sandbones. Conhecido por interações cotidianas, pedidos, rumores e possibilidades de relacionamento.	53	Ferreiro	ACTIVE	MASCULINO	0		
NPC_1226	Ysaethr	Nyssara	Emerald Tide	-1	Mensageiro	Mensageiro de Emerald Tide. Conhecido por interações cotidianas, pedidos, rumores e possibilidades de relacionamento.	70	Mensageiro	ACTIVE	FEMININO	0		
NPC_1227	Ariav	Myrthos	Sem nome definido	0	Erudito	Erudito de Sem nome definido. Conhecido por interações cotidianas, pedidos, rumores e possibilidades de relacionamento.	24	Erudito	ACTIVE	MASCULINO	0		
NPC_1228	Daas	Orinthal	Crystalia	1	Mago	Mago de Crystalia. Conhecido por interações cotidianas, pedidos, rumores e possibilidades de relacionamento.	41	Mago	ACTIVE	FEMININO	0		
NPC_1229	Galint	Valkyrion	Volmeria	2	Carroceiro	Carroceiro de Volmeria. Conhecido por interações cotidianas, pedidos, rumores e possibilidades de relacionamento.	58	Carroceiro	ACTIVE	MASCULINO	0		
NPC_1230	Jonethm	Aeloria	Loryndor	3	Caçador	Caçador de Loryndor. Conhecido por interações cotidianas, pedidos, rumores e possibilidades de relacionamento.	75	Caçador	ACTIVE	FEMININO	0		
NPC_1231	Marian	Zarim	Fornalia	4	Sentinela	Sentinela de Fornalia. Conhecido por interações cotidianas, pedidos, rumores e possibilidades de relacionamento.	29	Sentinela	ACTIVE	MASCULINO	0		
NPC_1232	Renak	Eshmara	Brumas	-2	Criador de animais	Criador de animais de Brumas. Conhecido por interações cotidianas, pedidos, rumores e possibilidades de relacionamento.	46	Criador de animais	ACTIVE	FEMININO	0		
NPC_1233	Vioind	Tharun	Stone-Âmbar	-1	Bardo	Bardo de Stone-Âmbar. Conhecido por interações cotidianas, pedidos, rumores e possibilidades de relacionamento.	63	Bardo	ACTIVE	MASCULINO	0		
NPC_1234	Zanethb	Lyrien	Aerocivitus	0	Guarda	Guarda de Aerocivitus. Conhecido por interações cotidianas, pedidos, rumores e possibilidades de relacionamento.	80	Guarda	ACTIVE	FEMININO	0		
NPC_1235	Beliath	Kethruun	Sandbones	1	Camponês	Camponês de Sandbones. Conhecido por interações cotidianas, pedidos, rumores e possibilidades de relacionamento.	34	Camponês	ACTIVE	MASCULINO	0		
NPC_1236	Eliaa	Nyssara	Emerald Tide	2	Clérigo	Clérigo de Emerald Tide. Conhecido por interações cotidianas, pedidos, rumores e possibilidades de relacionamento.	51	Clérigo	ACTIVE	FEMININO	0		
NPC_1237	Helinl	Myrthos	Sem nome definido	3	Valaryn	Valaryn de Sem nome definido. Conhecido por interações cotidianas, pedidos, rumores e possibilidades de relacionamento.	68	Valaryn	ACTIVE	MASCULINO	0		
NPC_1238	Kaethr	Orinthal	Crystalia	4	Artesão	Artesão de Crystalia. Conhecido por interações cotidianas, pedidos, rumores e possibilidades de relacionamento.	22	Artesão	ACTIVE	FEMININO	0		
NPC_1239	Neriav	Valkyrion	Volmeria	-2	Curandeiro	Curandeiro de Volmeria. Conhecido por interações cotidianas, pedidos, rumores e possibilidades de relacionamento.	39	Curandeiro	ACTIVE	MASCULINO	0		
NPC_1240	Selas	Aeloria	Fenndral	-1	Aventureiro	Aventureiro de Fenndral. Conhecido por interações cotidianas, pedidos, rumores e possibilidades de relacionamento.	56	Aventureiro	ACTIVE	FEMININO	0		
NPC_1241	Wilint	Zarim	Fornalia	0	Estudante	Estudante de Fornalia. Conhecido por interações cotidianas, pedidos, rumores e possibilidades de relacionamento.	73	Estudante	ACTIVE	MASCULINO	0		
NPC_1242	Alethm	Eshmara	Brumas	1	Mercador	Mercador de Brumas. Conhecido por interações cotidianas, pedidos, rumores e possibilidades de relacionamento.	27	Mercador	ACTIVE	FEMININO	0		
NPC_1243	Corian	Tharun	Stone-Âmbar	2	Pesquisador	Pesquisador de Stone-Âmbar. Conhecido por interações cotidianas, pedidos, rumores e possibilidades de relacionamento.	44	Pesquisador	ACTIVE	MASCULINO	0		
NPC_1244	Ferak	Lyrien	Aerocivitus	3	Navegador	Navegador de Aerocivitus. Conhecido por interações cotidianas, pedidos, rumores e possibilidades de relacionamento.	61	Navegador	ACTIVE	FEMININO	0		
NPC_1245	Iriind	Kethruun	Sandbones	4	Ferreiro	Ferreiro de Sandbones. Conhecido por interações cotidianas, pedidos, rumores e possibilidades de relacionamento.	78	Ferreiro	ACTIVE	MASCULINO	0		
NPC_1246	Liaethb	Nyssara	Emerald Tide	-2	Mensageiro	Mensageiro de Emerald Tide. Conhecido por interações cotidianas, pedidos, rumores e possibilidades de relacionamento.	32	Mensageiro	ACTIVE	FEMININO	0		
NPC_1247	Oliiath	Myrthos	Sem nome definido	-1	Erudito	Erudito de Sem nome definido. Conhecido por interações cotidianas, pedidos, rumores e possibilidades de relacionamento.	49	Erudito	ACTIVE	MASCULINO	0		
NPC_1248	Toraa	Orinthal	Crystalia	0	Mago	Mago de Crystalia. Conhecido por interações cotidianas, pedidos, rumores e possibilidades de relacionamento.	66	Mago	ACTIVE	FEMININO	0		
NPC_1249	Ysainl	Valkyrion	Volmeria	1	Carroceiro	Carroceiro de Volmeria. Conhecido por interações cotidianas, pedidos, rumores e possibilidades de relacionamento.	20	Carroceiro	ACTIVE	MASCULINO	0		
NPC_1250	Arethr	Aeloria	Feyndral	2	Caçador	Caçador de Feyndral. Conhecido por interações cotidianas, pedidos, rumores e possibilidades de relacionamento.	37	Caçador	ACTIVE	FEMININO	0		
NPC_1251	Daiav	Zarim	Fornalia	3	Sentinela	Sentinela de Fornalia. Conhecido por interações cotidianas, pedidos, rumores e possibilidades de relacionamento.	54	Sentinela	ACTIVE	MASCULINO	0		
NPC_1252	Galas	Eshmara	Brumas	4	Criador de animais	Criador de animais de Brumas. Conhecido por interações cotidianas, pedidos, rumores e possibilidades de relacionamento.	71	Criador de animais	ACTIVE	FEMININO	0		
NPC_1253	Jonint	Tharun	Stone-Âmbar	-2	Bardo	Bardo de Stone-Âmbar. Conhecido por interações cotidianas, pedidos, rumores e possibilidades de relacionamento.	25	Bardo	ACTIVE	MASCULINO	0		
NPC_1254	Marethm	Lyrien	Aerocivitus	-1	Guarda	Guarda de Aerocivitus. Conhecido por interações cotidianas, pedidos, rumores e possibilidades de relacionamento.	42	Guarda	ACTIVE	FEMININO	0		
NPC_1255	Renian	Kethruun	Sandbones	0	Camponês	Camponês de Sandbones. Conhecido por interações cotidianas, pedidos, rumores e possibilidades de relacionamento.	59	Camponês	ACTIVE	MASCULINO	0		
NPC_1256	Vioak	Nyssara	Emerald Tide	1	Clérigo	Clérigo de Emerald Tide. Conhecido por interações cotidianas, pedidos, rumores e possibilidades de relacionamento.	76	Clérigo	ACTIVE	FEMININO	0		
NPC_1257	Zanind	Myrthos	Sem nome definido	2	Valaryn	Valaryn de Sem nome definido. Conhecido por interações cotidianas, pedidos, rumores e possibilidades de relacionamento.	30	Valaryn	ACTIVE	MASCULINO	0		
NPC_1258	Belethb	Orinthal	Crystalia	3	Artesão	Artesão de Crystalia. Conhecido por interações cotidianas, pedidos, rumores e possibilidades de relacionamento.	47	Artesão	ACTIVE	FEMININO	0		
NPC_1259	Eliiath	Valkyrion	Volmeria	4	Curandeiro	Curandeiro de Volmeria. Conhecido por interações cotidianas, pedidos, rumores e possibilidades de relacionamento.	64	Curandeiro	ACTIVE	MASCULINO	0		
NPC_1260	Helaa	Aeloria	Zephyrholt	-2	Aventureiro	Aventureiro de Zephyrholt. Conhecido por interações cotidianas, pedidos, rumores e possibilidades de relacionamento.	18	Aventureiro	ACTIVE	FEMININO	0		
NPC_1261	Kainl	Zarim	Fornalia	-1	Estudante	Estudante de Fornalia. Conhecido por interações cotidianas, pedidos, rumores e possibilidades de relacionamento.	35	Estudante	ACTIVE	MASCULINO	0		
NPC_1262	Nerethr	Eshmara	Brumas	0	Mercador	Mercador de Brumas. Conhecido por interações cotidianas, pedidos, rumores e possibilidades de relacionamento.	52	Mercador	ACTIVE	FEMININO	0		
NPC_1263	Seliav	Tharun	Stone-Âmbar	1	Pesquisador	Pesquisador de Stone-Âmbar. Conhecido por interações cotidianas, pedidos, rumores e possibilidades de relacionamento.	69	Pesquisador	ACTIVE	MASCULINO	0		
NPC_1264	Wilas	Lyrien	Aerocivitus	2	Navegador	Navegador de Aerocivitus. Conhecido por interações cotidianas, pedidos, rumores e possibilidades de relacionamento.	23	Navegador	ACTIVE	FEMININO	0		
NPC_1265	Alint	Kethruun	Sandbones	3	Ferreiro	Ferreiro de Sandbones. Conhecido por interações cotidianas, pedidos, rumores e possibilidades de relacionamento.	40	Ferreiro	ACTIVE	MASCULINO	0		
NPC_1266	Corethm	Nyssara	Emerald Tide	4	Mensageiro	Mensageiro de Emerald Tide. Conhecido por interações cotidianas, pedidos, rumores e possibilidades de relacionamento.	57	Mensageiro	ACTIVE	FEMININO	0		
NPC_1267	Ferian	Myrthos	Sem nome definido	-2	Erudito	Erudito de Sem nome definido. Conhecido por interações cotidianas, pedidos, rumores e possibilidades de relacionamento.	74	Erudito	ACTIVE	MASCULINO	0		
NPC_1268	Iriak	Orinthal	Crystalia	-1	Mago	Mago de Crystalia. Conhecido por interações cotidianas, pedidos, rumores e possibilidades de relacionamento.	28	Mago	ACTIVE	FEMININO	0		
NPC_1269	Liaind	Valkyrion	Volmeria	0	Carroceiro	Carroceiro de Volmeria. Conhecido por interações cotidianas, pedidos, rumores e possibilidades de relacionamento.	45	Carroceiro	ACTIVE	MASCULINO	0		
NPC_1270	Oliethb	Aeloria	Tindralith	1	Caçador	Caçador de Tindralith. Conhecido por interações cotidianas, pedidos, rumores e possibilidades de relacionamento.	62	Caçador	ACTIVE	FEMININO	0		
NPC_1271	Toriath	Zarim	Fornalia	2	Sentinela	Sentinela de Fornalia. Conhecido por interações cotidianas, pedidos, rumores e possibilidades de relacionamento.	79	Sentinela	ACTIVE	MASCULINO	0		
NPC_1272	Ysaaa	Eshmara	Brumas	3	Criador de animais	Criador de animais de Brumas. Conhecido por interações cotidianas, pedidos, rumores e possibilidades de relacionamento.	33	Criador de animais	ACTIVE	FEMININO	0		
NPC_1273	Arinl	Tharun	Stone-Âmbar	4	Bardo	Bardo de Stone-Âmbar. Conhecido por interações cotidianas, pedidos, rumores e possibilidades de relacionamento.	50	Bardo	ACTIVE	MASCULINO	0		
NPC_1274	Daethr	Lyrien	Aerocivitus	-2	Guarda	Guarda de Aerocivitus. Conhecido por interações cotidianas, pedidos, rumores e possibilidades de relacionamento.	67	Guarda	ACTIVE	FEMININO	0		
NPC_1275	Galiav	Kethruun	Sandbones	-1	Camponês	Camponês de Sandbones. Conhecido por interações cotidianas, pedidos, rumores e possibilidades de relacionamento.	21	Camponês	ACTIVE	MASCULINO	0		
NPC_1276	Jonas	Nyssara	Emerald Tide	0	Clérigo	Clérigo de Emerald Tide. Conhecido por interações cotidianas, pedidos, rumores e possibilidades de relacionamento.	38	Clérigo	ACTIVE	FEMININO	0		
NPC_1277	Marint	Myrthos	Sem nome definido	1	Valaryn	Valaryn de Sem nome definido. Conhecido por interações cotidianas, pedidos, rumores e possibilidades de relacionamento.	55	Valaryn	ACTIVE	MASCULINO	0		
NPC_1278	Renethm	Orinthal	Crystalia	2	Artesão	Artesão de Crystalia. Conhecido por interações cotidianas, pedidos, rumores e possibilidades de relacionamento.	72	Artesão	ACTIVE	FEMININO	0		
NPC_1279	Vioian	Valkyrion	Volmeria	3	Curandeiro	Curandeiro de Volmeria. Conhecido por interações cotidianas, pedidos, rumores e possibilidades de relacionamento.	26	Curandeiro	ACTIVE	MASCULINO	0		
NPC_1280	Zanak	Aeloria	Netherholt	4	Aventureiro	Aventureiro de Netherholt. Conhecido por interações cotidianas, pedidos, rumores e possibilidades de relacionamento.	43	Aventureiro	ACTIVE	FEMININO	0		
NPC_1281	Belind	Zarim	Fornalia	-2	Estudante	Estudante de Fornalia. Conhecido por interações cotidianas, pedidos, rumores e possibilidades de relacionamento.	60	Estudante	ACTIVE	MASCULINO	0		
NPC_1282	Eliethb	Eshmara	Brumas	-1	Mercador	Mercador de Brumas. Conhecido por interações cotidianas, pedidos, rumores e possibilidades de relacionamento.	77	Mercador	ACTIVE	FEMININO	0		
NPC_1283	Heliath	Tharun	Stone-Âmbar	0	Pesquisador	Pesquisador de Stone-Âmbar. Conhecido por interações cotidianas, pedidos, rumores e possibilidades de relacionamento.	31	Pesquisador	ACTIVE	MASCULINO	0		
NPC_1284	Kaaa	Lyrien	Aerocivitus	1	Navegador	Navegador de Aerocivitus. Conhecido por interações cotidianas, pedidos, rumores e possibilidades de relacionamento.	48	Navegador	ACTIVE	FEMININO	0		
NPC_1285	Nerinl	Kethruun	Sandbones	2	Ferreiro	Ferreiro de Sandbones. Conhecido por interações cotidianas, pedidos, rumores e possibilidades de relacionamento.	65	Ferreiro	ACTIVE	MASCULINO	0		
NPC_1286	Selethr	Nyssara	Emerald Tide	3	Mensageiro	Mensageiro de Emerald Tide. Conhecido por interações cotidianas, pedidos, rumores e possibilidades de relacionamento.	19	Mensageiro	ACTIVE	FEMININO	0		
NPC_1287	Wiliav	Myrthos	Sem nome definido	4	Erudito	Erudito de Sem nome definido. Conhecido por interações cotidianas, pedidos, rumores e possibilidades de relacionamento.	36	Erudito	ACTIVE	MASCULINO	0		
NPC_1288	Alas	Orinthal	Crystalia	-2	Mago	Mago de Crystalia. Conhecido por interações cotidianas, pedidos, rumores e possibilidades de relacionamento.	53	Mago	ACTIVE	FEMININO	0		
NPC_1289	Corint	Valkyrion	Volmeria	-1	Carroceiro	Carroceiro de Volmeria. Conhecido por interações cotidianas, pedidos, rumores e possibilidades de relacionamento.	70	Carroceiro	ACTIVE	MASCULINO	0		
NPC_1290	Ferethm	Aeloria	Highspire	0	Caçador	Caçador de Highspire. Conhecido por interações cotidianas, pedidos, rumores e possibilidades de relacionamento.	24	Caçador	ACTIVE	FEMININO	0		
NPC_1291	Iriian	Zarim	Fornalia	1	Sentinela	Sentinela de Fornalia. Conhecido por interações cotidianas, pedidos, rumores e possibilidades de relacionamento.	41	Sentinela	ACTIVE	MASCULINO	0		
NPC_1292	Liaak	Eshmara	Brumas	2	Criador de animais	Criador de animais de Brumas. Conhecido por interações cotidianas, pedidos, rumores e possibilidades de relacionamento.	58	Criador de animais	ACTIVE	FEMININO	0		
NPC_1293	Oliind	Tharun	Stone-Âmbar	3	Bardo	Bardo de Stone-Âmbar. Conhecido por interações cotidianas, pedidos, rumores e possibilidades de relacionamento.	75	Bardo	ACTIVE	MASCULINO	0		
NPC_1294	Torethb	Lyrien	Aerocivitus	4	Guarda	Guarda de Aerocivitus. Conhecido por interações cotidianas, pedidos, rumores e possibilidades de relacionamento.	29	Guarda	ACTIVE	FEMININO	0		
NPC_1295	Ysaiath	Kethruun	Sandbones	-2	Camponês	Camponês de Sandbones. Conhecido por interações cotidianas, pedidos, rumores e possibilidades de relacionamento.	46	Camponês	ACTIVE	MASCULINO	0		
NPC_1296	Araa	Nyssara	Emerald Tide	-1	Clérigo	Clérigo de Emerald Tide. Conhecido por interações cotidianas, pedidos, rumores e possibilidades de relacionamento.	63	Clérigo	ACTIVE	FEMININO	0		
NPC_1297	Dainl	Myrthos	Sem nome definido	0	Valaryn	Valaryn de Sem nome definido. Conhecido por interações cotidianas, pedidos, rumores e possibilidades de relacionamento.	80	Valaryn	ACTIVE	MASCULINO	0		
NPC_1298	Galethr	Orinthal	Crystalia	1	Artesão	Artesão de Crystalia. Conhecido por interações cotidianas, pedidos, rumores e possibilidades de relacionamento.	34	Artesão	ACTIVE	FEMININO	0		
NPC_1299	Joniav	Valkyrion	Volmeria	2	Curandeiro	Curandeiro de Volmeria. Conhecido por interações cotidianas, pedidos, rumores e possibilidades de relacionamento.	51	Curandeiro	ACTIVE	MASCULINO	0		
NPC_1300	Maras	Aeloria	Blackmere	3	Aventureiro	Aventureiro de Blackmere. Conhecido por interações cotidianas, pedidos, rumores e possibilidades de relacionamento.	68	Aventureiro	ACTIVE	FEMININO	0		
NPC_1301	Renint	Zarim	Fornalia	4	Estudante	Estudante de Fornalia. Conhecido por interações cotidianas, pedidos, rumores e possibilidades de relacionamento.	22	Estudante	ACTIVE	MASCULINO	0		
NPC_1302	Vioethm	Eshmara	Brumas	-2	Mercador	Mercador de Brumas. Conhecido por interações cotidianas, pedidos, rumores e possibilidades de relacionamento.	39	Mercador	ACTIVE	FEMININO	0		
NPC_1303	Zanian	Tharun	Stone-Âmbar	-1	Pesquisador	Pesquisador de Stone-Âmbar. Conhecido por interações cotidianas, pedidos, rumores e possibilidades de relacionamento.	56	Pesquisador	ACTIVE	MASCULINO	0		
NPC_1304	Belak	Lyrien	Aerocivitus	0	Navegador	Navegador de Aerocivitus. Conhecido por interações cotidianas, pedidos, rumores e possibilidades de relacionamento.	73	Navegador	ACTIVE	FEMININO	0		
NPC_1305	Eliind	Kethruun	Sandbones	1	Ferreiro	Ferreiro de Sandbones. Conhecido por interações cotidianas, pedidos, rumores e possibilidades de relacionamento.	27	Ferreiro	ACTIVE	MASCULINO	0		
NPC_1306	Helethb	Nyssara	Emerald Tide	2	Mensageiro	Mensageiro de Emerald Tide. Conhecido por interações cotidianas, pedidos, rumores e possibilidades de relacionamento.	44	Mensageiro	ACTIVE	FEMININO	0		
NPC_1307	Kaiath	Myrthos	Sem nome definido	3	Erudito	Erudito de Sem nome definido. Conhecido por interações cotidianas, pedidos, rumores e possibilidades de relacionamento.	61	Erudito	ACTIVE	MASCULINO	0		
NPC_1308	Neraa	Orinthal	Crystalia	4	Mago	Mago de Crystalia. Conhecido por interações cotidianas, pedidos, rumores e possibilidades de relacionamento.	78	Mago	ACTIVE	FEMININO	0		
NPC_1309	Selinl	Valkyrion	Volmeria	-2	Carroceiro	Carroceiro de Volmeria. Conhecido por interações cotidianas, pedidos, rumores e possibilidades de relacionamento.	32	Carroceiro	ACTIVE	MASCULINO	0		
NPC_1310	Wilethr	Aeloria	Veyndaril	-1	Caçador	Caçador de Veyndaril. Conhecido por interações cotidianas, pedidos, rumores e possibilidades de relacionamento.	49	Caçador	ACTIVE	FEMININO	0		
NPC_1311	Aliav	Zarim	Fornalia	0	Sentinela	Sentinela de Fornalia. Conhecido por interações cotidianas, pedidos, rumores e possibilidades de relacionamento.	66	Sentinela	ACTIVE	MASCULINO	0		
NPC_1312	Coras	Eshmara	Brumas	1	Criador de animais	Criador de animais de Brumas. Conhecido por interações cotidianas, pedidos, rumores e possibilidades de relacionamento.	20	Criador de animais	ACTIVE	FEMININO	0		
NPC_1313	Ferint	Tharun	Stone-Âmbar	2	Bardo	Bardo de Stone-Âmbar. Conhecido por interações cotidianas, pedidos, rumores e possibilidades de relacionamento.	37	Bardo	ACTIVE	MASCULINO	0		
NPC_1314	Iriethm	Lyrien	Aerocivitus	3	Guarda	Guarda de Aerocivitus. Conhecido por interações cotidianas, pedidos, rumores e possibilidades de relacionamento.	54	Guarda	ACTIVE	FEMININO	0		
NPC_1315	Liaian	Kethruun	Sandbones	4	Camponês	Camponês de Sandbones. Conhecido por interações cotidianas, pedidos, rumores e possibilidades de relacionamento.	71	Camponês	ACTIVE	MASCULINO	0		
NPC_1316	Oliak	Nyssara	Emerald Tide	-2	Clérigo	Clérigo de Emerald Tide. Conhecido por interações cotidianas, pedidos, rumores e possibilidades de relacionamento.	25	Clérigo	ACTIVE	FEMININO	0		
NPC_1317	Torind	Myrthos	Sem nome definido	-1	Valaryn	Valaryn de Sem nome definido. Conhecido por interações cotidianas, pedidos, rumores e possibilidades de relacionamento.	42	Valaryn	ACTIVE	MASCULINO	0		
NPC_1318	Ysaethb	Orinthal	Crystalia	0	Artesão	Artesão de Crystalia. Conhecido por interações cotidianas, pedidos, rumores e possibilidades de relacionamento.	59	Artesão	ACTIVE	FEMININO	0		
NPC_1319	Ariath	Valkyrion	Volmeria	1	Curandeiro	Curandeiro de Volmeria. Conhecido por interações cotidianas, pedidos, rumores e possibilidades de relacionamento.	76	Curandeiro	ACTIVE	MASCULINO	0		
NPC_1320	Daaa	Aeloria	Pyrelith	2	Aventureiro	Aventureiro de Pyrelith. Conhecido por interações cotidianas, pedidos, rumores e possibilidades de relacionamento.	30	Aventureiro	ACTIVE	FEMININO	0		
NPC_1321	Galinl	Zarim	Fornalia	3	Estudante	Estudante de Fornalia. Conhecido por interações cotidianas, pedidos, rumores e possibilidades de relacionamento.	47	Estudante	ACTIVE	MASCULINO	0		
NPC_1322	Jonethr	Eshmara	Brumas	4	Mercador	Mercador de Brumas. Conhecido por interações cotidianas, pedidos, rumores e possibilidades de relacionamento.	64	Mercador	ACTIVE	FEMININO	0		
NPC_1323	Mariav	Tharun	Stone-Âmbar	-2	Pesquisador	Pesquisador de Stone-Âmbar. Conhecido por interações cotidianas, pedidos, rumores e possibilidades de relacionamento.	18	Pesquisador	ACTIVE	MASCULINO	0		
NPC_1324	Renas	Lyrien	Aerocivitus	-1	Navegador	Navegador de Aerocivitus. Conhecido por interações cotidianas, pedidos, rumores e possibilidades de relacionamento.	35	Navegador	ACTIVE	FEMININO	0		
NPC_1325	Vioint	Kethruun	Sandbones	0	Ferreiro	Ferreiro de Sandbones. Conhecido por interações cotidianas, pedidos, rumores e possibilidades de relacionamento.	52	Ferreiro	ACTIVE	MASCULINO	0		
NPC_1326	Zanethm	Nyssara	Emerald Tide	1	Mensageiro	Mensageiro de Emerald Tide. Conhecido por interações cotidianas, pedidos, rumores e possibilidades de relacionamento.	69	Mensageiro	ACTIVE	FEMININO	0		
NPC_1327	Belian	Myrthos	Sem nome definido	2	Erudito	Erudito de Sem nome definido. Conhecido por interações cotidianas, pedidos, rumores e possibilidades de relacionamento.	23	Erudito	ACTIVE	MASCULINO	0		
NPC_1328	Eliak	Orinthal	Crystalia	3	Mago	Mago de Crystalia. Conhecido por interações cotidianas, pedidos, rumores e possibilidades de relacionamento.	40	Mago	ACTIVE	FEMININO	0		
NPC_1329	Helind	Valkyrion	Volmeria	4	Carroceiro	Carroceiro de Volmeria. Conhecido por interações cotidianas, pedidos, rumores e possibilidades de relacionamento.	57	Carroceiro	ACTIVE	MASCULINO	0		
NPC_1330	Kaethb	Aeloria	Jorathen	-2	Caçador	Caçador de Jorathen. Conhecido por interações cotidianas, pedidos, rumores e possibilidades de relacionamento.	74	Caçador	ACTIVE	FEMININO	0		
NPC_1331	Neriath	Zarim	Fornalia	-1	Sentinela	Sentinela de Fornalia. Conhecido por interações cotidianas, pedidos, rumores e possibilidades de relacionamento.	28	Sentinela	ACTIVE	MASCULINO	0		
NPC_1332	Selaa	Eshmara	Brumas	0	Criador de animais	Criador de animais de Brumas. Conhecido por interações cotidianas, pedidos, rumores e possibilidades de relacionamento.	45	Criador de animais	ACTIVE	FEMININO	0		
NPC_1333	Wilinl	Tharun	Stone-Âmbar	1	Bardo	Bardo de Stone-Âmbar. Conhecido por interações cotidianas, pedidos, rumores e possibilidades de relacionamento.	62	Bardo	ACTIVE	MASCULINO	0		
NPC_1334	Alethr	Lyrien	Aerocivitus	2	Guarda	Guarda de Aerocivitus. Conhecido por interações cotidianas, pedidos, rumores e possibilidades de relacionamento.	79	Guarda	ACTIVE	FEMININO	0		
NPC_1335	Coriav	Kethruun	Sandbones	3	Camponês	Camponês de Sandbones. Conhecido por interações cotidianas, pedidos, rumores e possibilidades de relacionamento.	33	Camponês	ACTIVE	MASCULINO	0		
NPC_1336	Feras	Nyssara	Emerald Tide	4	Clérigo	Clérigo de Emerald Tide. Conhecido por interações cotidianas, pedidos, rumores e possibilidades de relacionamento.	50	Clérigo	ACTIVE	FEMININO	0		
NPC_1337	Iriint	Myrthos	Sem nome definido	-2	Valaryn	Valaryn de Sem nome definido. Conhecido por interações cotidianas, pedidos, rumores e possibilidades de relacionamento.	67	Valaryn	ACTIVE	MASCULINO	0		
NPC_1338	Liaethm	Orinthal	Crystalia	-1	Artesão	Artesão de Crystalia. Conhecido por interações cotidianas, pedidos, rumores e possibilidades de relacionamento.	21	Artesão	ACTIVE	FEMININO	0		
NPC_1339	Oliian	Valkyrion	Volmeria	0	Curandeiro	Curandeiro de Volmeria. Conhecido por interações cotidianas, pedidos, rumores e possibilidades de relacionamento.	38	Curandeiro	ACTIVE	MASCULINO	0		
NPC_1340	Torak	Aeloria	Duskmere	1	Aventureiro	Aventureiro de Duskmere. Conhecido por interações cotidianas, pedidos, rumores e possibilidades de relacionamento.	55	Aventureiro	ACTIVE	FEMININO	0		
NPC_1341	Ysaind	Zarim	Fornalia	2	Estudante	Estudante de Fornalia. Conhecido por interações cotidianas, pedidos, rumores e possibilidades de relacionamento.	72	Estudante	ACTIVE	MASCULINO	0		
NPC_1342	Arethb	Eshmara	Brumas	3	Mercador	Mercador de Brumas. Conhecido por interações cotidianas, pedidos, rumores e possibilidades de relacionamento.	26	Mercador	ACTIVE	FEMININO	0		
NPC_1343	Daiath	Tharun	Stone-Âmbar	4	Pesquisador	Pesquisador de Stone-Âmbar. Conhecido por interações cotidianas, pedidos, rumores e possibilidades de relacionamento.	43	Pesquisador	ACTIVE	MASCULINO	0		
NPC_1344	Galaa	Lyrien	Aerocivitus	-2	Navegador	Navegador de Aerocivitus. Conhecido por interações cotidianas, pedidos, rumores e possibilidades de relacionamento.	60	Navegador	ACTIVE	FEMININO	0		
NPC_1345	Joninl	Kethruun	Sandbones	-1	Ferreiro	Ferreiro de Sandbones. Conhecido por interações cotidianas, pedidos, rumores e possibilidades de relacionamento.	77	Ferreiro	ACTIVE	MASCULINO	0		
NPC_1346	Marethr	Nyssara	Emerald Tide	0	Mensageiro	Mensageiro de Emerald Tide. Conhecido por interações cotidianas, pedidos, rumores e possibilidades de relacionamento.	31	Mensageiro	ACTIVE	FEMININO	0		
NPC_1347	Reniav	Myrthos	Sem nome definido	1	Erudito	Erudito de Sem nome definido. Conhecido por interações cotidianas, pedidos, rumores e possibilidades de relacionamento.	48	Erudito	ACTIVE	MASCULINO	0		
NPC_1348	Vioas	Orinthal	Crystalia	2	Mago	Mago de Crystalia. Conhecido por interações cotidianas, pedidos, rumores e possibilidades de relacionamento.	65	Mago	ACTIVE	FEMININO	0		
NPC_1349	Zanint	Valkyrion	Volmeria	3	Carroceiro	Carroceiro de Volmeria. Conhecido por interações cotidianas, pedidos, rumores e possibilidades de relacionamento.	19	Carroceiro	ACTIVE	MASCULINO	0		
NPC_1350	Belethm	Aeloria	Lunareth	4	Caçador	Caçador de Lunareth. Conhecido por interações cotidianas, pedidos, rumores e possibilidades de relacionamento.	36	Caçador	ACTIVE	FEMININO	0		
NPC_1351	Eliian	Zarim	Fornalia	-2	Sentinela	Sentinela de Fornalia. Conhecido por interações cotidianas, pedidos, rumores e possibilidades de relacionamento.	53	Sentinela	ACTIVE	MASCULINO	0		
NPC_1352	Helak	Eshmara	Brumas	-1	Criador de animais	Criador de animais de Brumas. Conhecido por interações cotidianas, pedidos, rumores e possibilidades de relacionamento.	70	Criador de animais	ACTIVE	FEMININO	0		
NPC_1353	Kaind	Tharun	Stone-Âmbar	0	Bardo	Bardo de Stone-Âmbar. Conhecido por interações cotidianas, pedidos, rumores e possibilidades de relacionamento.	24	Bardo	ACTIVE	MASCULINO	0		
NPC_1354	Nerethb	Lyrien	Aerocivitus	1	Guarda	Guarda de Aerocivitus. Conhecido por interações cotidianas, pedidos, rumores e possibilidades de relacionamento.	41	Guarda	ACTIVE	FEMININO	0		
NPC_1355	Seliath	Kethruun	Sandbones	2	Camponês	Camponês de Sandbones. Conhecido por interações cotidianas, pedidos, rumores e possibilidades de relacionamento.	58	Camponês	ACTIVE	MASCULINO	0		
NPC_1356	Wilaa	Nyssara	Emerald Tide	3	Clérigo	Clérigo de Emerald Tide. Conhecido por interações cotidianas, pedidos, rumores e possibilidades de relacionamento.	75	Clérigo	ACTIVE	FEMININO	0		
NPC_1357	Alinl	Myrthos	Sem nome definido	4	Valaryn	Valaryn de Sem nome definido. Conhecido por interações cotidianas, pedidos, rumores e possibilidades de relacionamento.	29	Valaryn	ACTIVE	MASCULINO	0		
NPC_1358	Corethr	Orinthal	Crystalia	-2	Artesão	Artesão de Crystalia. Conhecido por interações cotidianas, pedidos, rumores e possibilidades de relacionamento.	46	Artesão	ACTIVE	FEMININO	0		
NPC_1359	Feriav	Valkyrion	Volmeria	-1	Curandeiro	Curandeiro de Volmeria. Conhecido por interações cotidianas, pedidos, rumores e possibilidades de relacionamento.	63	Curandeiro	ACTIVE	MASCULINO	0		
NPC_1360	Irias	Aeloria	Xyrelith	0	Aventureiro	Aventureiro de Xyrelith. Conhecido por interações cotidianas, pedidos, rumores e possibilidades de relacionamento.	80	Aventureiro	ACTIVE	FEMININO	0		
NPC_1361	Liaint	Zarim	Fornalia	1	Estudante	Estudante de Fornalia. Conhecido por interações cotidianas, pedidos, rumores e possibilidades de relacionamento.	34	Estudante	ACTIVE	MASCULINO	0		
NPC_1362	Oliethm	Eshmara	Brumas	2	Mercador	Mercador de Brumas. Conhecido por interações cotidianas, pedidos, rumores e possibilidades de relacionamento.	51	Mercador	ACTIVE	FEMININO	0		
NPC_1363	Torian	Tharun	Stone-Âmbar	3	Pesquisador	Pesquisador de Stone-Âmbar. Conhecido por interações cotidianas, pedidos, rumores e possibilidades de relacionamento.	68	Pesquisador	ACTIVE	MASCULINO	0		
NPC_1364	Ysaak	Lyrien	Aerocivitus	4	Navegador	Navegador de Aerocivitus. Conhecido por interações cotidianas, pedidos, rumores e possibilidades de relacionamento.	22	Navegador	ACTIVE	FEMININO	0		
NPC_1365	Arind	Kethruun	Sandbones	-2	Ferreiro	Ferreiro de Sandbones. Conhecido por interações cotidianas, pedidos, rumores e possibilidades de relacionamento.	39	Ferreiro	ACTIVE	MASCULINO	0		
NPC_1366	Daethb	Nyssara	Emerald Tide	-1	Mensageiro	Mensageiro de Emerald Tide. Conhecido por interações cotidianas, pedidos, rumores e possibilidades de relacionamento.	56	Mensageiro	ACTIVE	FEMININO	0		
NPC_1367	Galiath	Myrthos	Sem nome definido	0	Erudito	Erudito de Sem nome definido. Conhecido por interações cotidianas, pedidos, rumores e possibilidades de relacionamento.	73	Erudito	ACTIVE	MASCULINO	0		
NPC_1368	Jonaa	Orinthal	Crystalia	1	Mago	Mago de Crystalia. Conhecido por interações cotidianas, pedidos, rumores e possibilidades de relacionamento.	27	Mago	ACTIVE	FEMININO	0		
NPC_1369	Marinl	Valkyrion	Volmeria	2	Carroceiro	Carroceiro de Volmeria. Conhecido por interações cotidianas, pedidos, rumores e possibilidades de relacionamento.	44	Carroceiro	ACTIVE	MASCULINO	0		
NPC_1370	Renethr	Aeloria	Runedral	3	Caçador	Caçador de Runedral. Conhecido por interações cotidianas, pedidos, rumores e possibilidades de relacionamento.	61	Caçador	ACTIVE	FEMININO	0		
NPC_1371	Vioiav	Zarim	Fornalia	4	Sentinela	Sentinela de Fornalia. Conhecido por interações cotidianas, pedidos, rumores e possibilidades de relacionamento.	78	Sentinela	ACTIVE	MASCULINO	0		
NPC_1372	Zanas	Eshmara	Brumas	-2	Criador de animais	Criador de animais de Brumas. Conhecido por interações cotidianas, pedidos, rumores e possibilidades de relacionamento.	32	Criador de animais	ACTIVE	FEMININO	0		
NPC_1373	Belint	Tharun	Stone-Âmbar	-1	Bardo	Bardo de Stone-Âmbar. Conhecido por interações cotidianas, pedidos, rumores e possibilidades de relacionamento.	49	Bardo	ACTIVE	MASCULINO	0		
NPC_1374	Eliethm	Lyrien	Aerocivitus	0	Guarda	Guarda de Aerocivitus. Conhecido por interações cotidianas, pedidos, rumores e possibilidades de relacionamento.	66	Guarda	ACTIVE	FEMININO	0		
NPC_1375	Helian	Kethruun	Sandbones	1	Camponês	Camponês de Sandbones. Conhecido por interações cotidianas, pedidos, rumores e possibilidades de relacionamento.	20	Camponês	ACTIVE	MASCULINO	0		
NPC_1376	Kaak	Nyssara	Emerald Tide	2	Clérigo	Clérigo de Emerald Tide. Conhecido por interações cotidianas, pedidos, rumores e possibilidades de relacionamento.	37	Clérigo	ACTIVE	FEMININO	0		
NPC_1377	Nerind	Myrthos	Sem nome definido	3	Valaryn	Valaryn de Sem nome definido. Conhecido por interações cotidianas, pedidos, rumores e possibilidades de relacionamento.	54	Valaryn	ACTIVE	MASCULINO	0		
NPC_1378	Selethb	Orinthal	Crystalia	4	Artesão	Artesão de Crystalia. Conhecido por interações cotidianas, pedidos, rumores e possibilidades de relacionamento.	71	Artesão	ACTIVE	FEMININO	0		
NPC_1379	Wiliath	Valkyrion	Volmeria	-2	Curandeiro	Curandeiro de Volmeria. Conhecido por interações cotidianas, pedidos, rumores e possibilidades de relacionamento.	25	Curandeiro	ACTIVE	MASCULINO	0		
NPC_1380	Alaa	Aeloria	Lorwynne	-1	Aventureiro	Aventureiro de Lorwynne. Conhecido por interações cotidianas, pedidos, rumores e possibilidades de relacionamento.	42	Aventureiro	ACTIVE	FEMININO	0		
NPC_1381	Corinl	Zarim	Fornalia	0	Estudante	Estudante de Fornalia. Conhecido por interações cotidianas, pedidos, rumores e possibilidades de relacionamento.	59	Estudante	ACTIVE	MASCULINO	0		
NPC_1382	Ferethr	Eshmara	Brumas	1	Mercador	Mercador de Brumas. Conhecido por interações cotidianas, pedidos, rumores e possibilidades de relacionamento.	76	Mercador	ACTIVE	FEMININO	0		
NPC_1383	Iriiav	Tharun	Stone-Âmbar	2	Pesquisador	Pesquisador de Stone-Âmbar. Conhecido por interações cotidianas, pedidos, rumores e possibilidades de relacionamento.	30	Pesquisador	ACTIVE	MASCULINO	0		
NPC_1384	Liaas	Lyrien	Aerocivitus	3	Navegador	Navegador de Aerocivitus. Conhecido por interações cotidianas, pedidos, rumores e possibilidades de relacionamento.	47	Navegador	ACTIVE	FEMININO	0		
NPC_1385	Oliint	Kethruun	Sandbones	4	Ferreiro	Ferreiro de Sandbones. Conhecido por interações cotidianas, pedidos, rumores e possibilidades de relacionamento.	64	Ferreiro	ACTIVE	MASCULINO	0		
NPC_1386	Torethm	Nyssara	Emerald Tide	-2	Mensageiro	Mensageiro de Emerald Tide. Conhecido por interações cotidianas, pedidos, rumores e possibilidades de relacionamento.	18	Mensageiro	ACTIVE	FEMININO	0		
NPC_1387	Ysaian	Myrthos	Sem nome definido	-1	Erudito	Erudito de Sem nome definido. Conhecido por interações cotidianas, pedidos, rumores e possibilidades de relacionamento.	35	Erudito	ACTIVE	MASCULINO	0		
NPC_1388	Arak	Orinthal	Crystalia	0	Mago	Mago de Crystalia. Conhecido por interações cotidianas, pedidos, rumores e possibilidades de relacionamento.	52	Mago	ACTIVE	FEMININO	0		
NPC_1389	Daind	Valkyrion	Volmeria	1	Carroceiro	Carroceiro de Volmeria. Conhecido por interações cotidianas, pedidos, rumores e possibilidades de relacionamento.	69	Carroceiro	ACTIVE	MASCULINO	0		
NPC_1390	Galethb	Aeloria	Frostmere	2	Caçador	Caçador de Frostmere. Conhecido por interações cotidianas, pedidos, rumores e possibilidades de relacionamento.	23	Caçador	ACTIVE	FEMININO	0		
NPC_1391	Joniath	Zarim	Fornalia	3	Sentinela	Sentinela de Fornalia. Conhecido por interações cotidianas, pedidos, rumores e possibilidades de relacionamento.	40	Sentinela	ACTIVE	MASCULINO	0		
NPC_1392	Maraa	Eshmara	Brumas	4	Criador de animais	Criador de animais de Brumas. Conhecido por interações cotidianas, pedidos, rumores e possibilidades de relacionamento.	57	Criador de animais	ACTIVE	FEMININO	0		
NPC_1393	Reninl	Tharun	Stone-Âmbar	-2	Bardo	Bardo de Stone-Âmbar. Conhecido por interações cotidianas, pedidos, rumores e possibilidades de relacionamento.	74	Bardo	ACTIVE	MASCULINO	0		
NPC_1394	Vioethr	Lyrien	Aerocivitus	-1	Guarda	Guarda de Aerocivitus. Conhecido por interações cotidianas, pedidos, rumores e possibilidades de relacionamento.	28	Guarda	ACTIVE	FEMININO	0		
NPC_1395	Zaniav	Kethruun	Sandbones	0	Camponês	Camponês de Sandbones. Conhecido por interações cotidianas, pedidos, rumores e possibilidades de relacionamento.	45	Camponês	ACTIVE	MASCULINO	0		
NPC_1396	Belas	Nyssara	Emerald Tide	1	Clérigo	Clérigo de Emerald Tide. Conhecido por interações cotidianas, pedidos, rumores e possibilidades de relacionamento.	62	Clérigo	ACTIVE	FEMININO	0		
NPC_1397	Eliint	Myrthos	Sem nome definido	2	Valaryn	Valaryn de Sem nome definido. Conhecido por interações cotidianas, pedidos, rumores e possibilidades de relacionamento.	79	Valaryn	ACTIVE	MASCULINO	0		
NPC_1398	Helethm	Orinthal	Crystalia	3	Artesão	Artesão de Crystalia. Conhecido por interações cotidianas, pedidos, rumores e possibilidades de relacionamento.	33	Artesão	ACTIVE	FEMININO	0		
NPC_1399	Kaian	Valkyrion	Volmeria	4	Curandeiro	Curandeiro de Volmeria. Conhecido por interações cotidianas, pedidos, rumores e possibilidades de relacionamento.	50	Curandeiro	ACTIVE	MASCULINO	0		
NPC_1400	Nerak	Aeloria	Zorathen	-2	Aventureiro	Aventureiro de Zorathen. Conhecido por interações cotidianas, pedidos, rumores e possibilidades de relacionamento.	67	Aventureiro	ACTIVE	FEMININO	0		
NPC_1401	Selind	Zarim	Fornalia	-1	Estudante	Estudante de Fornalia. Conhecido por interações cotidianas, pedidos, rumores e possibilidades de relacionamento.	21	Estudante	ACTIVE	MASCULINO	0		
NPC_1402	Wilethb	Eshmara	Brumas	0	Mercador	Mercador de Brumas. Conhecido por interações cotidianas, pedidos, rumores e possibilidades de relacionamento.	38	Mercador	ACTIVE	FEMININO	0		
NPC_1403	Aliath	Tharun	Stone-Âmbar	1	Pesquisador	Pesquisador de Stone-Âmbar. Conhecido por interações cotidianas, pedidos, rumores e possibilidades de relacionamento.	55	Pesquisador	ACTIVE	MASCULINO	0		
NPC_1404	Coraa	Lyrien	Aerocivitus	2	Navegador	Navegador de Aerocivitus. Conhecido por interações cotidianas, pedidos, rumores e possibilidades de relacionamento.	72	Navegador	ACTIVE	FEMININO	0		
NPC_1405	Ferinl	Kethruun	Sandbones	3	Ferreiro	Ferreiro de Sandbones. Conhecido por interações cotidianas, pedidos, rumores e possibilidades de relacionamento.	26	Ferreiro	ACTIVE	MASCULINO	0		
NPC_1406	Iriethr	Nyssara	Emerald Tide	4	Mensageiro	Mensageiro de Emerald Tide. Conhecido por interações cotidianas, pedidos, rumores e possibilidades de relacionamento.	43	Mensageiro	ACTIVE	FEMININO	0		
NPC_1407	Liaiav	Myrthos	Sem nome definido	-2	Erudito	Erudito de Sem nome definido. Conhecido por interações cotidianas, pedidos, rumores e possibilidades de relacionamento.	60	Erudito	ACTIVE	MASCULINO	0		
NPC_1408	Olias	Orinthal	Crystalia	-1	Mago	Mago de Crystalia. Conhecido por interações cotidianas, pedidos, rumores e possibilidades de relacionamento.	77	Mago	ACTIVE	FEMININO	0		
NPC_1409	Torint	Valkyrion	Volmeria	0	Carroceiro	Carroceiro de Volmeria. Conhecido por interações cotidianas, pedidos, rumores e possibilidades de relacionamento.	31	Carroceiro	ACTIVE	MASCULINO	0		
NPC_1410	Ysaethm	Aeloria	Thornmere	1	Caçador	Caçador de Thornmere. Conhecido por interações cotidianas, pedidos, rumores e possibilidades de relacionamento.	48	Caçador	ACTIVE	FEMININO	0		
NPC_1411	Arian	Zarim	Fornalia	2	Sentinela	Sentinela de Fornalia. Conhecido por interações cotidianas, pedidos, rumores e possibilidades de relacionamento.	65	Sentinela	ACTIVE	MASCULINO	0		
NPC_1412	Daak	Eshmara	Brumas	3	Criador de animais	Criador de animais de Brumas. Conhecido por interações cotidianas, pedidos, rumores e possibilidades de relacionamento.	19	Criador de animais	ACTIVE	FEMININO	0		
NPC_1413	Galind	Tharun	Stone-Âmbar	4	Bardo	Bardo de Stone-Âmbar. Conhecido por interações cotidianas, pedidos, rumores e possibilidades de relacionamento.	36	Bardo	ACTIVE	MASCULINO	0		
NPC_1414	Jonethb	Lyrien	Aerocivitus	-2	Guarda	Guarda de Aerocivitus. Conhecido por interações cotidianas, pedidos, rumores e possibilidades de relacionamento.	53	Guarda	ACTIVE	FEMININO	0		
NPC_1415	Mariath	Kethruun	Sandbones	-1	Camponês	Camponês de Sandbones. Conhecido por interações cotidianas, pedidos, rumores e possibilidades de relacionamento.	70	Camponês	ACTIVE	MASCULINO	0		
NPC_1416	Renaa	Nyssara	Emerald Tide	0	Clérigo	Clérigo de Emerald Tide. Conhecido por interações cotidianas, pedidos, rumores e possibilidades de relacionamento.	24	Clérigo	ACTIVE	FEMININO	0		
NPC_1417	Vioinl	Myrthos	Sem nome definido	1	Valaryn	Valaryn de Sem nome definido. Conhecido por interações cotidianas, pedidos, rumores e possibilidades de relacionamento.	41	Valaryn	ACTIVE	MASCULINO	0		
NPC_1418	Zanethr	Orinthal	Crystalia	2	Artesão	Artesão de Crystalia. Conhecido por interações cotidianas, pedidos, rumores e possibilidades de relacionamento.	58	Artesão	ACTIVE	FEMININO	0		
NPC_1419	Beliav	Valkyrion	Volmeria	3	Curandeiro	Curandeiro de Volmeria. Conhecido por interações cotidianas, pedidos, rumores e possibilidades de relacionamento.	75	Curandeiro	ACTIVE	MASCULINO	0		
NPC_1420	Elias	Aeloria	Norhaven	4	Aventureiro	Aventureiro de Norhaven. Conhecido por interações cotidianas, pedidos, rumores e possibilidades de relacionamento.	29	Aventureiro	ACTIVE	FEMININO	0		
NPC_1421	Helint	Zarim	Fornalia	-2	Estudante	Estudante de Fornalia. Conhecido por interações cotidianas, pedidos, rumores e possibilidades de relacionamento.	46	Estudante	ACTIVE	MASCULINO	0		
NPC_1422	Kaethm	Eshmara	Brumas	-1	Mercador	Mercador de Brumas. Conhecido por interações cotidianas, pedidos, rumores e possibilidades de relacionamento.	63	Mercador	ACTIVE	FEMININO	0		
NPC_1423	Nerian	Tharun	Stone-Âmbar	0	Pesquisador	Pesquisador de Stone-Âmbar. Conhecido por interações cotidianas, pedidos, rumores e possibilidades de relacionamento.	80	Pesquisador	ACTIVE	MASCULINO	0		
NPC_1424	Selak	Lyrien	Aerocivitus	1	Navegador	Navegador de Aerocivitus. Conhecido por interações cotidianas, pedidos, rumores e possibilidades de relacionamento.	34	Navegador	ACTIVE	FEMININO	0		
NPC_1425	Wilind	Kethruun	Sandbones	2	Ferreiro	Ferreiro de Sandbones. Conhecido por interações cotidianas, pedidos, rumores e possibilidades de relacionamento.	51	Ferreiro	ACTIVE	MASCULINO	0		
NPC_1426	Alethb	Nyssara	Emerald Tide	3	Mensageiro	Mensageiro de Emerald Tide. Conhecido por interações cotidianas, pedidos, rumores e possibilidades de relacionamento.	68	Mensageiro	ACTIVE	FEMININO	0		
NPC_1427	Coriath	Myrthos	Sem nome definido	4	Erudito	Erudito de Sem nome definido. Conhecido por interações cotidianas, pedidos, rumores e possibilidades de relacionamento.	22	Erudito	ACTIVE	MASCULINO	0		
NPC_1428	Feraa	Orinthal	Crystalia	-2	Mago	Mago de Crystalia. Conhecido por interações cotidianas, pedidos, rumores e possibilidades de relacionamento.	39	Mago	ACTIVE	FEMININO	0		
NPC_1429	Iriinl	Valkyrion	Volmeria	-1	Carroceiro	Carroceiro de Volmeria. Conhecido por interações cotidianas, pedidos, rumores e possibilidades de relacionamento.	56	Carroceiro	ACTIVE	MASCULINO	0		
NPC_1430	Liaethr	Aeloria	Hallowspire	0	Caçador	Caçador de Hallowspire. Conhecido por interações cotidianas, pedidos, rumores e possibilidades de relacionamento.	73	Caçador	ACTIVE	FEMININO	0		
NPC_1431	Oliiav	Zarim	Fornalia	1	Sentinela	Sentinela de Fornalia. Conhecido por interações cotidianas, pedidos, rumores e possibilidades de relacionamento.	27	Sentinela	ACTIVE	MASCULINO	0		
NPC_1432	Toras	Eshmara	Brumas	2	Criador de animais	Criador de animais de Brumas. Conhecido por interações cotidianas, pedidos, rumores e possibilidades de relacionamento.	44	Criador de animais	ACTIVE	FEMININO	0		
NPC_1433	Ysaint	Tharun	Stone-Âmbar	3	Bardo	Bardo de Stone-Âmbar. Conhecido por interações cotidianas, pedidos, rumores e possibilidades de relacionamento.	61	Bardo	ACTIVE	MASCULINO	0		
NPC_1434	Arethm	Lyrien	Aerocivitus	4	Guarda	Guarda de Aerocivitus. Conhecido por interações cotidianas, pedidos, rumores e possibilidades de relacionamento.	78	Guarda	ACTIVE	FEMININO	0		
NPC_1435	Daian	Kethruun	Sandbones	-2	Camponês	Camponês de Sandbones. Conhecido por interações cotidianas, pedidos, rumores e possibilidades de relacionamento.	32	Camponês	ACTIVE	MASCULINO	0		
NPC_1436	Galak	Nyssara	Emerald Tide	-1	Clérigo	Clérigo de Emerald Tide. Conhecido por interações cotidianas, pedidos, rumores e possibilidades de relacionamento.	49	Clérigo	ACTIVE	FEMININO	0		
NPC_1437	Jonind	Myrthos	Sem nome definido	0	Valaryn	Valaryn de Sem nome definido. Conhecido por interações cotidianas, pedidos, rumores e possibilidades de relacionamento.	66	Valaryn	ACTIVE	MASCULINO	0		
NPC_1438	Marethb	Orinthal	Crystalia	1	Artesão	Artesão de Crystalia. Conhecido por interações cotidianas, pedidos, rumores e possibilidades de relacionamento.	20	Artesão	ACTIVE	FEMININO	0		
NPC_1439	Reniath	Valkyrion	Volmeria	2	Curandeiro	Curandeiro de Volmeria. Conhecido por interações cotidianas, pedidos, rumores e possibilidades de relacionamento.	37	Curandeiro	ACTIVE	MASCULINO	0		
NPC_1440	Vioaa	Aeloria	Brighthollow	3	Aventureiro	Aventureiro de Brighthollow. Conhecido por interações cotidianas, pedidos, rumores e possibilidades de relacionamento.	54	Aventureiro	ACTIVE	FEMININO	0		
NPC_1441	Zaninl	Zarim	Fornalia	4	Estudante	Estudante de Fornalia. Conhecido por interações cotidianas, pedidos, rumores e possibilidades de relacionamento.	71	Estudante	ACTIVE	MASCULINO	0		
NPC_1442	Belethr	Eshmara	Brumas	-2	Mercador	Mercador de Brumas. Conhecido por interações cotidianas, pedidos, rumores e possibilidades de relacionamento.	25	Mercador	ACTIVE	FEMININO	0		
NPC_1443	Eliiav	Tharun	Stone-Âmbar	-1	Pesquisador	Pesquisador de Stone-Âmbar. Conhecido por interações cotidianas, pedidos, rumores e possibilidades de relacionamento.	42	Pesquisador	ACTIVE	MASCULINO	0		
NPC_1444	Helas	Lyrien	Aerocivitus	0	Navegador	Navegador de Aerocivitus. Conhecido por interações cotidianas, pedidos, rumores e possibilidades de relacionamento.	59	Navegador	ACTIVE	FEMININO	0		
NPC_1445	Kaint	Kethruun	Sandbones	1	Ferreiro	Ferreiro de Sandbones. Conhecido por interações cotidianas, pedidos, rumores e possibilidades de relacionamento.	76	Ferreiro	ACTIVE	MASCULINO	0		
NPC_1446	Nerethm	Nyssara	Emerald Tide	2	Mensageiro	Mensageiro de Emerald Tide. Conhecido por interações cotidianas, pedidos, rumores e possibilidades de relacionamento.	30	Mensageiro	ACTIVE	FEMININO	0		
NPC_1447	Selian	Myrthos	Sem nome definido	3	Erudito	Erudito de Sem nome definido. Conhecido por interações cotidianas, pedidos, rumores e possibilidades de relacionamento.	47	Erudito	ACTIVE	MASCULINO	0		
NPC_1448	Wilak	Orinthal	Crystalia	4	Mago	Mago de Crystalia. Conhecido por interações cotidianas, pedidos, rumores e possibilidades de relacionamento.	64	Mago	ACTIVE	FEMININO	0		
NPC_1449	Alind	Valkyrion	Volmeria	-2	Carroceiro	Carroceiro de Volmeria. Conhecido por interações cotidianas, pedidos, rumores e possibilidades de relacionamento.	18	Carroceiro	ACTIVE	MASCULINO	0		
NPC_1450	Corethb	Aeloria	Valdora	-1	Caçador	Caçador de Valdora. Conhecido por interações cotidianas, pedidos, rumores e possibilidades de relacionamento.	35	Caçador	ACTIVE	FEMININO	0		
NPC_1451	Feriath	Zarim	Fornalia	0	Sentinela	Sentinela de Fornalia. Conhecido por interações cotidianas, pedidos, rumores e possibilidades de relacionamento.	52	Sentinela	ACTIVE	MASCULINO	0		
NPC_1452	Iriaa	Eshmara	Brumas	1	Criador de animais	Criador de animais de Brumas. Conhecido por interações cotidianas, pedidos, rumores e possibilidades de relacionamento.	69	Criador de animais	ACTIVE	FEMININO	0		
NPC_1453	Liainl	Tharun	Stone-Âmbar	2	Bardo	Bardo de Stone-Âmbar. Conhecido por interações cotidianas, pedidos, rumores e possibilidades de relacionamento.	23	Bardo	ACTIVE	MASCULINO	0		
NPC_1454	Oliethr	Lyrien	Aerocivitus	3	Guarda	Guarda de Aerocivitus. Conhecido por interações cotidianas, pedidos, rumores e possibilidades de relacionamento.	40	Guarda	ACTIVE	FEMININO	0		
NPC_1455	Toriav	Kethruun	Sandbones	4	Camponês	Camponês de Sandbones. Conhecido por interações cotidianas, pedidos, rumores e possibilidades de relacionamento.	57	Camponês	ACTIVE	MASCULINO	0		
NPC_1456	Ysaas	Nyssara	Emerald Tide	-2	Clérigo	Clérigo de Emerald Tide. Conhecido por interações cotidianas, pedidos, rumores e possibilidades de relacionamento.	74	Clérigo	ACTIVE	FEMININO	0		
NPC_1457	Arint	Myrthos	Sem nome definido	-1	Valaryn	Valaryn de Sem nome definido. Conhecido por interações cotidianas, pedidos, rumores e possibilidades de relacionamento.	28	Valaryn	ACTIVE	MASCULINO	0		
NPC_1458	Daethm	Orinthal	Crystalia	0	Artesão	Artesão de Crystalia. Conhecido por interações cotidianas, pedidos, rumores e possibilidades de relacionamento.	45	Artesão	ACTIVE	FEMININO	0		
NPC_1459	Galian	Valkyrion	Volmeria	1	Curandeiro	Curandeiro de Volmeria. Conhecido por interações cotidianas, pedidos, rumores e possibilidades de relacionamento.	62	Curandeiro	ACTIVE	MASCULINO	0		
NPC_1460	Jonak	Aeloria	Verdralith	2	Aventureiro	Aventureiro de Verdralith. Conhecido por interações cotidianas, pedidos, rumores e possibilidades de relacionamento.	79	Aventureiro	ACTIVE	FEMININO	0		
NPC_1461	Marind	Zarim	Fornalia	3	Estudante	Estudante de Fornalia. Conhecido por interações cotidianas, pedidos, rumores e possibilidades de relacionamento.	33	Estudante	ACTIVE	MASCULINO	0		
NPC_1462	Renethb	Eshmara	Brumas	4	Mercador	Mercador de Brumas. Conhecido por interações cotidianas, pedidos, rumores e possibilidades de relacionamento.	50	Mercador	ACTIVE	FEMININO	0		
NPC_1463	Vioiath	Tharun	Stone-Âmbar	-2	Pesquisador	Pesquisador de Stone-Âmbar. Conhecido por interações cotidianas, pedidos, rumores e possibilidades de relacionamento.	67	Pesquisador	ACTIVE	MASCULINO	0		
NPC_1464	Zanaa	Lyrien	Aerocivitus	-1	Navegador	Navegador de Aerocivitus. Conhecido por interações cotidianas, pedidos, rumores e possibilidades de relacionamento.	21	Navegador	ACTIVE	FEMININO	0		
NPC_1465	Belinl	Kethruun	Sandbones	0	Ferreiro	Ferreiro de Sandbones. Conhecido por interações cotidianas, pedidos, rumores e possibilidades de relacionamento.	38	Ferreiro	ACTIVE	MASCULINO	0		
NPC_1466	Eliethr	Nyssara	Emerald Tide	1	Mensageiro	Mensageiro de Emerald Tide. Conhecido por interações cotidianas, pedidos, rumores e possibilidades de relacionamento.	55	Mensageiro	ACTIVE	FEMININO	0		
NPC_1467	Heliav	Myrthos	Sem nome definido	2	Erudito	Erudito de Sem nome definido. Conhecido por interações cotidianas, pedidos, rumores e possibilidades de relacionamento.	72	Erudito	ACTIVE	MASCULINO	0		
NPC_1468	Kaas	Orinthal	Crystalia	3	Mago	Mago de Crystalia. Conhecido por interações cotidianas, pedidos, rumores e possibilidades de relacionamento.	26	Mago	ACTIVE	FEMININO	0		
NPC_1469	Nerint	Valkyrion	Volmeria	4	Carroceiro	Carroceiro de Volmeria. Conhecido por interações cotidianas, pedidos, rumores e possibilidades de relacionamento.	43	Carroceiro	ACTIVE	MASCULINO	0		
NPC_1470	Selethm	Aeloria	Prismere	-2	Caçador	Caçador de Prismere. Conhecido por interações cotidianas, pedidos, rumores e possibilidades de relacionamento.	60	Caçador	ACTIVE	FEMININO	0		
NPC_1471	Wilian	Zarim	Fornalia	-1	Sentinela	Sentinela de Fornalia. Conhecido por interações cotidianas, pedidos, rumores e possibilidades de relacionamento.	77	Sentinela	ACTIVE	MASCULINO	0		
NPC_1472	Alak	Eshmara	Brumas	0	Criador de animais	Criador de animais de Brumas. Conhecido por interações cotidianas, pedidos, rumores e possibilidades de relacionamento.	31	Criador de animais	ACTIVE	FEMININO	0		
NPC_1473	Corind	Tharun	Stone-Âmbar	1	Bardo	Bardo de Stone-Âmbar. Conhecido por interações cotidianas, pedidos, rumores e possibilidades de relacionamento.	48	Bardo	ACTIVE	MASCULINO	0		
NPC_1474	Ferethb	Lyrien	Aerocivitus	2	Guarda	Guarda de Aerocivitus. Conhecido por interações cotidianas, pedidos, rumores e possibilidades de relacionamento.	65	Guarda	ACTIVE	FEMININO	0		
NPC_1475	Iriiath	Kethruun	Sandbones	3	Camponês	Camponês de Sandbones. Conhecido por interações cotidianas, pedidos, rumores e possibilidades de relacionamento.	19	Camponês	ACTIVE	MASCULINO	0		
NPC_1476	Liaaa	Nyssara	Emerald Tide	4	Clérigo	Clérigo de Emerald Tide. Conhecido por interações cotidianas, pedidos, rumores e possibilidades de relacionamento.	36	Clérigo	ACTIVE	FEMININO	0		
NPC_1477	Oliinl	Myrthos	Sem nome definido	-2	Valaryn	Valaryn de Sem nome definido. Conhecido por interações cotidianas, pedidos, rumores e possibilidades de relacionamento.	53	Valaryn	ACTIVE	MASCULINO	0		
NPC_1478	Torethr	Orinthal	Crystalia	-1	Artesão	Artesão de Crystalia. Conhecido por interações cotidianas, pedidos, rumores e possibilidades de relacionamento.	70	Artesão	ACTIVE	FEMININO	0		
NPC_1479	Ysaiav	Valkyrion	Volmeria	0	Curandeiro	Curandeiro de Volmeria. Conhecido por interações cotidianas, pedidos, rumores e possibilidades de relacionamento.	24	Curandeiro	ACTIVE	MASCULINO	0		
NPC_1480	Aras	Aeloria	Jorwyn	1	Aventureiro	Aventureiro de Jorwyn. Conhecido por interações cotidianas, pedidos, rumores e possibilidades de relacionamento.	41	Aventureiro	ACTIVE	FEMININO	0		
NPC_1481	Daint	Zarim	Fornalia	2	Estudante	Estudante de Fornalia. Conhecido por interações cotidianas, pedidos, rumores e possibilidades de relacionamento.	58	Estudante	ACTIVE	MASCULINO	0		
NPC_1482	Galethm	Eshmara	Brumas	3	Mercador	Mercador de Brumas. Conhecido por interações cotidianas, pedidos, rumores e possibilidades de relacionamento.	75	Mercador	ACTIVE	FEMININO	0		
NPC_1483	Jonian	Tharun	Stone-Âmbar	4	Pesquisador	Pesquisador de Stone-Âmbar. Conhecido por interações cotidianas, pedidos, rumores e possibilidades de relacionamento.	29	Pesquisador	ACTIVE	MASCULINO	0		
NPC_1484	Marak	Lyrien	Aerocivitus	-2	Navegador	Navegador de Aerocivitus. Conhecido por interações cotidianas, pedidos, rumores e possibilidades de relacionamento.	46	Navegador	ACTIVE	FEMININO	0		
NPC_1485	Renind	Kethruun	Sandbones	-1	Ferreiro	Ferreiro de Sandbones. Conhecido por interações cotidianas, pedidos, rumores e possibilidades de relacionamento.	63	Ferreiro	ACTIVE	MASCULINO	0		
NPC_1486	Vioethb	Nyssara	Emerald Tide	0	Mensageiro	Mensageiro de Emerald Tide. Conhecido por interações cotidianas, pedidos, rumores e possibilidades de relacionamento.	80	Mensageiro	ACTIVE	FEMININO	0		
NPC_1487	Zaniath	Myrthos	Sem nome definido	1	Erudito	Erudito de Sem nome definido. Conhecido por interações cotidianas, pedidos, rumores e possibilidades de relacionamento.	34	Erudito	ACTIVE	MASCULINO	0		
NPC_1488	Belaa	Orinthal	Crystalia	2	Mago	Mago de Crystalia. Conhecido por interações cotidianas, pedidos, rumores e possibilidades de relacionamento.	51	Mago	ACTIVE	FEMININO	0		
NPC_1489	Eliinl	Valkyrion	Volmeria	3	Carroceiro	Carroceiro de Volmeria. Conhecido por interações cotidianas, pedidos, rumores e possibilidades de relacionamento.	68	Carroceiro	ACTIVE	MASCULINO	0		
NPC_1490	Helethr	Aeloria	Dawnspire	4	Caçador	Caçador de Dawnspire. Conhecido por interações cotidianas, pedidos, rumores e possibilidades de relacionamento.	22	Caçador	ACTIVE	FEMININO	0		
NPC_1491	Kaiav	Zarim	Fornalia	-2	Sentinela	Sentinela de Fornalia. Conhecido por interações cotidianas, pedidos, rumores e possibilidades de relacionamento.	39	Sentinela	ACTIVE	MASCULINO	0		
NPC_1492	Neras	Eshmara	Brumas	-1	Criador de animais	Criador de animais de Brumas. Conhecido por interações cotidianas, pedidos, rumores e possibilidades de relacionamento.	56	Criador de animais	ACTIVE	FEMININO	0		
NPC_1493	Selint	Tharun	Stone-Âmbar	0	Bardo	Bardo de Stone-Âmbar. Conhecido por interações cotidianas, pedidos, rumores e possibilidades de relacionamento.	73	Bardo	ACTIVE	MASCULINO	0		
NPC_1494	Wilethm	Lyrien	Aerocivitus	1	Guarda	Guarda de Aerocivitus. Conhecido por interações cotidianas, pedidos, rumores e possibilidades de relacionamento.	27	Guarda	ACTIVE	FEMININO	0		
NPC_1495	Alian	Kethruun	Sandbones	2	Camponês	Camponês de Sandbones. Conhecido por interações cotidianas, pedidos, rumores e possibilidades de relacionamento.	44	Camponês	ACTIVE	MASCULINO	0		
NPC_1496	Corak	Nyssara	Emerald Tide	3	Clérigo	Clérigo de Emerald Tide. Conhecido por interações cotidianas, pedidos, rumores e possibilidades de relacionamento.	61	Clérigo	ACTIVE	FEMININO	0		
NPC_1497	Ferind	Myrthos	Sem nome definido	4	Valaryn	Valaryn de Sem nome definido. Conhecido por interações cotidianas, pedidos, rumores e possibilidades de relacionamento.	78	Valaryn	ACTIVE	MASCULINO	0		
NPC_1498	Iriethb	Orinthal	Crystalia	-2	Artesão	Artesão de Crystalia. Conhecido por interações cotidianas, pedidos, rumores e possibilidades de relacionamento.	32	Artesão	ACTIVE	FEMININO	0		
NPC_1499	Liaiath	Valkyrion	Volmeria	-1	Curandeiro	Curandeiro de Volmeria. Conhecido por interações cotidianas, pedidos, rumores e possibilidades de relacionamento.	49	Curandeiro	ACTIVE	MASCULINO	0		
NPC_1500	Oliaa	Aeloria	Xandralor	0	Aventureiro	Aventureiro de Xandralor. Conhecido por interações cotidianas, pedidos, rumores e possibilidades de relacionamento.	66	Aventureiro	ACTIVE	FEMININO	0		
NPC_1501	Torinl	Zarim	Fornalia	1	Estudante	Estudante de Fornalia. Conhecido por interações cotidianas, pedidos, rumores e possibilidades de relacionamento.	20	Estudante	ACTIVE	MASCULINO	0		
NPC_1502	Ysaethr	Eshmara	Brumas	2	Mercador	Mercador de Brumas. Conhecido por interações cotidianas, pedidos, rumores e possibilidades de relacionamento.	37	Mercador	ACTIVE	FEMININO	0		
NPC_1503	Ariav	Tharun	Stone-Âmbar	3	Pesquisador	Pesquisador de Stone-Âmbar. Conhecido por interações cotidianas, pedidos, rumores e possibilidades de relacionamento.	54	Pesquisador	ACTIVE	MASCULINO	0		
NPC_1504	Daas	Lyrien	Aerocivitus	4	Navegador	Navegador de Aerocivitus. Conhecido por interações cotidianas, pedidos, rumores e possibilidades de relacionamento.	71	Navegador	ACTIVE	FEMININO	0		
NPC_1505	Galint	Kethruun	Sandbones	-2	Ferreiro	Ferreiro de Sandbones. Conhecido por interações cotidianas, pedidos, rumores e possibilidades de relacionamento.	25	Ferreiro	ACTIVE	MASCULINO	0		
NPC_1506	Jonethm	Nyssara	Emerald Tide	-1	Mensageiro	Mensageiro de Emerald Tide. Conhecido por interações cotidianas, pedidos, rumores e possibilidades de relacionamento.	42	Mensageiro	ACTIVE	FEMININO	0		
NPC_1507	Marian	Myrthos	Sem nome definido	0	Erudito	Erudito de Sem nome definido. Conhecido por interações cotidianas, pedidos, rumores e possibilidades de relacionamento.	59	Erudito	ACTIVE	MASCULINO	0		
NPC_1508	Renak	Orinthal	Crystalia	1	Mago	Mago de Crystalia. Conhecido por interações cotidianas, pedidos, rumores e possibilidades de relacionamento.	76	Mago	ACTIVE	FEMININO	0		
NPC_1509	Vioind	Valkyrion	Volmeria	2	Carroceiro	Carroceiro de Volmeria. Conhecido por interações cotidianas, pedidos, rumores e possibilidades de relacionamento.	30	Carroceiro	ACTIVE	MASCULINO	0		
NPC_1510	Zanethb	Aeloria	Rivenholt	3	Caçador	Caçador de Rivenholt. Conhecido por interações cotidianas, pedidos, rumores e possibilidades de relacionamento.	47	Caçador	ACTIVE	FEMININO	0		
NPC_1511	Beliath	Zarim	Fornalia	4	Sentinela	Sentinela de Fornalia. Conhecido por interações cotidianas, pedidos, rumores e possibilidades de relacionamento.	64	Sentinela	ACTIVE	MASCULINO	0		
NPC_1512	Eliaa	Eshmara	Brumas	-2	Criador de animais	Criador de animais de Brumas. Conhecido por interações cotidianas, pedidos, rumores e possibilidades de relacionamento.	18	Criador de animais	ACTIVE	FEMININO	0		
NPC_1513	Helinl	Tharun	Stone-Âmbar	-1	Bardo	Bardo de Stone-Âmbar. Conhecido por interações cotidianas, pedidos, rumores e possibilidades de relacionamento.	35	Bardo	ACTIVE	MASCULINO	0		
NPC_1514	Kaethr	Lyrien	Aerocivitus	0	Guarda	Guarda de Aerocivitus. Conhecido por interações cotidianas, pedidos, rumores e possibilidades de relacionamento.	52	Guarda	ACTIVE	FEMININO	0		
NPC_1515	Neriav	Kethruun	Sandbones	1	Camponês	Camponês de Sandbones. Conhecido por interações cotidianas, pedidos, rumores e possibilidades de relacionamento.	69	Camponês	ACTIVE	MASCULINO	0		
NPC_1516	Selas	Nyssara	Emerald Tide	2	Clérigo	Clérigo de Emerald Tide. Conhecido por interações cotidianas, pedidos, rumores e possibilidades de relacionamento.	23	Clérigo	ACTIVE	FEMININO	0		
NPC_1517	Wilint	Myrthos	Sem nome definido	3	Valaryn	Valaryn de Sem nome definido. Conhecido por interações cotidianas, pedidos, rumores e possibilidades de relacionamento.	40	Valaryn	ACTIVE	MASCULINO	0		
NPC_1518	Alethm	Orinthal	Crystalia	4	Artesão	Artesão de Crystalia. Conhecido por interações cotidianas, pedidos, rumores e possibilidades de relacionamento.	57	Artesão	ACTIVE	FEMININO	0		
NPC_1519	Corian	Valkyrion	Volmeria	-2	Curandeiro	Curandeiro de Volmeria. Conhecido por interações cotidianas, pedidos, rumores e possibilidades de relacionamento.	74	Curandeiro	ACTIVE	MASCULINO	0		
NPC_1520	Ferak	Aeloria	Loryndor	-1	Aventureiro	Aventureiro de Loryndor. Conhecido por interações cotidianas, pedidos, rumores e possibilidades de relacionamento.	28	Aventureiro	ACTIVE	FEMININO	0		
NPC_1521	Iriind	Zarim	Fornalia	0	Estudante	Estudante de Fornalia. Conhecido por interações cotidianas, pedidos, rumores e possibilidades de relacionamento.	45	Estudante	ACTIVE	MASCULINO	0		
NPC_1522	Liaethb	Eshmara	Brumas	1	Mercador	Mercador de Brumas. Conhecido por interações cotidianas, pedidos, rumores e possibilidades de relacionamento.	62	Mercador	ACTIVE	FEMININO	0		
NPC_1523	Oliiath	Tharun	Stone-Âmbar	2	Pesquisador	Pesquisador de Stone-Âmbar. Conhecido por interações cotidianas, pedidos, rumores e possibilidades de relacionamento.	79	Pesquisador	ACTIVE	MASCULINO	0		
NPC_1524	Toraa	Lyrien	Aerocivitus	3	Navegador	Navegador de Aerocivitus. Conhecido por interações cotidianas, pedidos, rumores e possibilidades de relacionamento.	33	Navegador	ACTIVE	FEMININO	0		
NPC_1525	Ysainl	Kethruun	Sandbones	4	Ferreiro	Ferreiro de Sandbones. Conhecido por interações cotidianas, pedidos, rumores e possibilidades de relacionamento.	50	Ferreiro	ACTIVE	MASCULINO	0		
NPC_1526	Arethr	Nyssara	Emerald Tide	-2	Mensageiro	Mensageiro de Emerald Tide. Conhecido por interações cotidianas, pedidos, rumores e possibilidades de relacionamento.	67	Mensageiro	ACTIVE	FEMININO	0		
NPC_1527	Daiav	Myrthos	Sem nome definido	-1	Erudito	Erudito de Sem nome definido. Conhecido por interações cotidianas, pedidos, rumores e possibilidades de relacionamento.	21	Erudito	ACTIVE	MASCULINO	0		
NPC_1528	Galas	Orinthal	Crystalia	0	Mago	Mago de Crystalia. Conhecido por interações cotidianas, pedidos, rumores e possibilidades de relacionamento.	38	Mago	ACTIVE	FEMININO	0		
NPC_1529	Jonint	Valkyrion	Volmeria	1	Carroceiro	Carroceiro de Volmeria. Conhecido por interações cotidianas, pedidos, rumores e possibilidades de relacionamento.	55	Carroceiro	ACTIVE	MASCULINO	0		
NPC_1530	Marethm	Aeloria	Fenndral	2	Caçador	Caçador de Fenndral. Conhecido por interações cotidianas, pedidos, rumores e possibilidades de relacionamento.	72	Caçador	ACTIVE	FEMININO	0		
NPC_1531	Renian	Zarim	Fornalia	3	Sentinela	Sentinela de Fornalia. Conhecido por interações cotidianas, pedidos, rumores e possibilidades de relacionamento.	26	Sentinela	ACTIVE	MASCULINO	0		
NPC_1532	Vioak	Eshmara	Brumas	4	Criador de animais	Criador de animais de Brumas. Conhecido por interações cotidianas, pedidos, rumores e possibilidades de relacionamento.	43	Criador de animais	ACTIVE	FEMININO	0		
NPC_1533	Zanind	Tharun	Stone-Âmbar	-2	Bardo	Bardo de Stone-Âmbar. Conhecido por interações cotidianas, pedidos, rumores e possibilidades de relacionamento.	60	Bardo	ACTIVE	MASCULINO	0		
NPC_1534	Belethb	Lyrien	Aerocivitus	-1	Guarda	Guarda de Aerocivitus. Conhecido por interações cotidianas, pedidos, rumores e possibilidades de relacionamento.	77	Guarda	ACTIVE	FEMININO	0		
NPC_1535	Eliiath	Kethruun	Sandbones	0	Camponês	Camponês de Sandbones. Conhecido por interações cotidianas, pedidos, rumores e possibilidades de relacionamento.	31	Camponês	ACTIVE	MASCULINO	0		
NPC_1536	Helaa	Nyssara	Emerald Tide	1	Clérigo	Clérigo de Emerald Tide. Conhecido por interações cotidianas, pedidos, rumores e possibilidades de relacionamento.	48	Clérigo	ACTIVE	FEMININO	0		
NPC_1537	Kainl	Myrthos	Sem nome definido	2	Valaryn	Valaryn de Sem nome definido. Conhecido por interações cotidianas, pedidos, rumores e possibilidades de relacionamento.	65	Valaryn	ACTIVE	MASCULINO	0		
NPC_1538	Nerethr	Orinthal	Crystalia	3	Artesão	Artesão de Crystalia. Conhecido por interações cotidianas, pedidos, rumores e possibilidades de relacionamento.	19	Artesão	ACTIVE	FEMININO	0		
NPC_1539	Seliav	Valkyrion	Volmeria	4	Curandeiro	Curandeiro de Volmeria. Conhecido por interações cotidianas, pedidos, rumores e possibilidades de relacionamento.	36	Curandeiro	ACTIVE	MASCULINO	0		
NPC_1540	Wilas	Aeloria	Feyndral	-2	Aventureiro	Aventureiro de Feyndral. Conhecido por interações cotidianas, pedidos, rumores e possibilidades de relacionamento.	53	Aventureiro	ACTIVE	FEMININO	0		
NPC_1541	Alint	Zarim	Fornalia	-1	Estudante	Estudante de Fornalia. Conhecido por interações cotidianas, pedidos, rumores e possibilidades de relacionamento.	70	Estudante	ACTIVE	MASCULINO	0		
NPC_1542	Corethm	Eshmara	Brumas	0	Mercador	Mercador de Brumas. Conhecido por interações cotidianas, pedidos, rumores e possibilidades de relacionamento.	24	Mercador	ACTIVE	FEMININO	0		
NPC_1543	Ferian	Tharun	Stone-Âmbar	1	Pesquisador	Pesquisador de Stone-Âmbar. Conhecido por interações cotidianas, pedidos, rumores e possibilidades de relacionamento.	41	Pesquisador	ACTIVE	MASCULINO	0		
NPC_1544	Iriak	Lyrien	Aerocivitus	2	Navegador	Navegador de Aerocivitus. Conhecido por interações cotidianas, pedidos, rumores e possibilidades de relacionamento.	58	Navegador	ACTIVE	FEMININO	0		
NPC_1545	Liaind	Kethruun	Sandbones	3	Ferreiro	Ferreiro de Sandbones. Conhecido por interações cotidianas, pedidos, rumores e possibilidades de relacionamento.	75	Ferreiro	ACTIVE	MASCULINO	0		
NPC_1546	Oliethb	Nyssara	Emerald Tide	4	Mensageiro	Mensageiro de Emerald Tide. Conhecido por interações cotidianas, pedidos, rumores e possibilidades de relacionamento.	29	Mensageiro	ACTIVE	FEMININO	0		
NPC_1547	Toriath	Myrthos	Sem nome definido	-2	Erudito	Erudito de Sem nome definido. Conhecido por interações cotidianas, pedidos, rumores e possibilidades de relacionamento.	46	Erudito	ACTIVE	MASCULINO	0		
NPC_1548	Ysaaa	Orinthal	Crystalia	-1	Mago	Mago de Crystalia. Conhecido por interações cotidianas, pedidos, rumores e possibilidades de relacionamento.	63	Mago	ACTIVE	FEMININO	0		
NPC_1549	Arinl	Valkyrion	Volmeria	0	Carroceiro	Carroceiro de Volmeria. Conhecido por interações cotidianas, pedidos, rumores e possibilidades de relacionamento.	80	Carroceiro	ACTIVE	MASCULINO	0		
NPC_1550	Daethr	Aeloria	Zephyrholt	1	Caçador	Caçador de Zephyrholt. Conhecido por interações cotidianas, pedidos, rumores e possibilidades de relacionamento.	34	Caçador	ACTIVE	FEMININO	0		
NPC_1551	Galiav	Zarim	Fornalia	2	Sentinela	Sentinela de Fornalia. Conhecido por interações cotidianas, pedidos, rumores e possibilidades de relacionamento.	51	Sentinela	ACTIVE	MASCULINO	0		
NPC_1552	Jonas	Eshmara	Brumas	3	Criador de animais	Criador de animais de Brumas. Conhecido por interações cotidianas, pedidos, rumores e possibilidades de relacionamento.	68	Criador de animais	ACTIVE	FEMININO	0		
NPC_1553	Marint	Tharun	Stone-Âmbar	4	Bardo	Bardo de Stone-Âmbar. Conhecido por interações cotidianas, pedidos, rumores e possibilidades de relacionamento.	22	Bardo	ACTIVE	MASCULINO	0		
NPC_1554	Renethm	Lyrien	Aerocivitus	-2	Guarda	Guarda de Aerocivitus. Conhecido por interações cotidianas, pedidos, rumores e possibilidades de relacionamento.	39	Guarda	ACTIVE	FEMININO	0		
NPC_1555	Vioian	Kethruun	Sandbones	-1	Camponês	Camponês de Sandbones. Conhecido por interações cotidianas, pedidos, rumores e possibilidades de relacionamento.	56	Camponês	ACTIVE	MASCULINO	0		
NPC_1556	Zanak	Nyssara	Emerald Tide	0	Clérigo	Clérigo de Emerald Tide. Conhecido por interações cotidianas, pedidos, rumores e possibilidades de relacionamento.	73	Clérigo	ACTIVE	FEMININO	0		
NPC_1557	Belind	Myrthos	Sem nome definido	1	Valaryn	Valaryn de Sem nome definido. Conhecido por interações cotidianas, pedidos, rumores e possibilidades de relacionamento.	27	Valaryn	ACTIVE	MASCULINO	0		
NPC_1558	Eliethb	Orinthal	Crystalia	2	Artesão	Artesão de Crystalia. Conhecido por interações cotidianas, pedidos, rumores e possibilidades de relacionamento.	44	Artesão	ACTIVE	FEMININO	0		
NPC_1559	Heliath	Valkyrion	Volmeria	3	Curandeiro	Curandeiro de Volmeria. Conhecido por interações cotidianas, pedidos, rumores e possibilidades de relacionamento.	61	Curandeiro	ACTIVE	MASCULINO	0		
NPC_1560	Kaaa	Aeloria	Tindralith	4	Aventureiro	Aventureiro de Tindralith. Conhecido por interações cotidianas, pedidos, rumores e possibilidades de relacionamento.	78	Aventureiro	ACTIVE	FEMININO	0		
NPC_1561	Nerinl	Zarim	Fornalia	-2	Estudante	Estudante de Fornalia. Conhecido por interações cotidianas, pedidos, rumores e possibilidades de relacionamento.	32	Estudante	ACTIVE	MASCULINO	0		
NPC_1562	Selethr	Eshmara	Brumas	-1	Mercador	Mercador de Brumas. Conhecido por interações cotidianas, pedidos, rumores e possibilidades de relacionamento.	49	Mercador	ACTIVE	FEMININO	0		
NPC_1563	Wiliav	Tharun	Stone-Âmbar	0	Pesquisador	Pesquisador de Stone-Âmbar. Conhecido por interações cotidianas, pedidos, rumores e possibilidades de relacionamento.	66	Pesquisador	ACTIVE	MASCULINO	0		
NPC_1564	Alas	Lyrien	Aerocivitus	1	Navegador	Navegador de Aerocivitus. Conhecido por interações cotidianas, pedidos, rumores e possibilidades de relacionamento.	20	Navegador	ACTIVE	FEMININO	0		
NPC_1565	Corint	Kethruun	Sandbones	2	Ferreiro	Ferreiro de Sandbones. Conhecido por interações cotidianas, pedidos, rumores e possibilidades de relacionamento.	37	Ferreiro	ACTIVE	MASCULINO	0		
NPC_1566	Ferethm	Nyssara	Emerald Tide	3	Mensageiro	Mensageiro de Emerald Tide. Conhecido por interações cotidianas, pedidos, rumores e possibilidades de relacionamento.	54	Mensageiro	ACTIVE	FEMININO	0		
NPC_1567	Iriian	Myrthos	Sem nome definido	4	Erudito	Erudito de Sem nome definido. Conhecido por interações cotidianas, pedidos, rumores e possibilidades de relacionamento.	71	Erudito	ACTIVE	MASCULINO	0		
NPC_1568	Liaak	Orinthal	Crystalia	-2	Mago	Mago de Crystalia. Conhecido por interações cotidianas, pedidos, rumores e possibilidades de relacionamento.	25	Mago	ACTIVE	FEMININO	0		
NPC_1569	Oliind	Valkyrion	Volmeria	-1	Carroceiro	Carroceiro de Volmeria. Conhecido por interações cotidianas, pedidos, rumores e possibilidades de relacionamento.	42	Carroceiro	ACTIVE	MASCULINO	0		
NPC_1570	Torethb	Aeloria	Netherholt	0	Caçador	Caçador de Netherholt. Conhecido por interações cotidianas, pedidos, rumores e possibilidades de relacionamento.	59	Caçador	ACTIVE	FEMININO	0		
NPC_1571	Ysaiath	Zarim	Fornalia	1	Sentinela	Sentinela de Fornalia. Conhecido por interações cotidianas, pedidos, rumores e possibilidades de relacionamento.	76	Sentinela	ACTIVE	MASCULINO	0		
NPC_1572	Araa	Eshmara	Brumas	2	Criador de animais	Criador de animais de Brumas. Conhecido por interações cotidianas, pedidos, rumores e possibilidades de relacionamento.	30	Criador de animais	ACTIVE	FEMININO	0		
NPC_1573	Dainl	Tharun	Stone-Âmbar	3	Bardo	Bardo de Stone-Âmbar. Conhecido por interações cotidianas, pedidos, rumores e possibilidades de relacionamento.	47	Bardo	ACTIVE	MASCULINO	0		
NPC_1574	Galethr	Lyrien	Aerocivitus	4	Guarda	Guarda de Aerocivitus. Conhecido por interações cotidianas, pedidos, rumores e possibilidades de relacionamento.	64	Guarda	ACTIVE	FEMININO	0		
NPC_1575	Joniav	Kethruun	Sandbones	-2	Camponês	Camponês de Sandbones. Conhecido por interações cotidianas, pedidos, rumores e possibilidades de relacionamento.	18	Camponês	ACTIVE	MASCULINO	0		
NPC_1576	Maras	Nyssara	Emerald Tide	-1	Clérigo	Clérigo de Emerald Tide. Conhecido por interações cotidianas, pedidos, rumores e possibilidades de relacionamento.	35	Clérigo	ACTIVE	FEMININO	0		
NPC_1577	Renint	Myrthos	Sem nome definido	0	Valaryn	Valaryn de Sem nome definido. Conhecido por interações cotidianas, pedidos, rumores e possibilidades de relacionamento.	52	Valaryn	ACTIVE	MASCULINO	0		
NPC_1578	Vioethm	Orinthal	Crystalia	1	Artesão	Artesão de Crystalia. Conhecido por interações cotidianas, pedidos, rumores e possibilidades de relacionamento.	69	Artesão	ACTIVE	FEMININO	0		
NPC_1579	Zanian	Valkyrion	Volmeria	2	Curandeiro	Curandeiro de Volmeria. Conhecido por interações cotidianas, pedidos, rumores e possibilidades de relacionamento.	23	Curandeiro	ACTIVE	MASCULINO	0		
NPC_1580	Belak	Aeloria	Highspire	3	Aventureiro	Aventureiro de Highspire. Conhecido por interações cotidianas, pedidos, rumores e possibilidades de relacionamento.	40	Aventureiro	ACTIVE	FEMININO	0		
NPC_1581	Eliind	Zarim	Fornalia	4	Estudante	Estudante de Fornalia. Conhecido por interações cotidianas, pedidos, rumores e possibilidades de relacionamento.	57	Estudante	ACTIVE	MASCULINO	0		
NPC_1582	Helethb	Eshmara	Brumas	-2	Mercador	Mercador de Brumas. Conhecido por interações cotidianas, pedidos, rumores e possibilidades de relacionamento.	74	Mercador	ACTIVE	FEMININO	0		
NPC_1583	Kaiath	Tharun	Stone-Âmbar	-1	Pesquisador	Pesquisador de Stone-Âmbar. Conhecido por interações cotidianas, pedidos, rumores e possibilidades de relacionamento.	28	Pesquisador	ACTIVE	MASCULINO	0		
NPC_1584	Neraa	Lyrien	Aerocivitus	0	Navegador	Navegador de Aerocivitus. Conhecido por interações cotidianas, pedidos, rumores e possibilidades de relacionamento.	45	Navegador	ACTIVE	FEMININO	0		
NPC_1585	Selinl	Kethruun	Sandbones	1	Ferreiro	Ferreiro de Sandbones. Conhecido por interações cotidianas, pedidos, rumores e possibilidades de relacionamento.	62	Ferreiro	ACTIVE	MASCULINO	0		
NPC_1586	Wilethr	Nyssara	Emerald Tide	2	Mensageiro	Mensageiro de Emerald Tide. Conhecido por interações cotidianas, pedidos, rumores e possibilidades de relacionamento.	79	Mensageiro	ACTIVE	FEMININO	0		
NPC_1587	Aliav	Myrthos	Sem nome definido	3	Erudito	Erudito de Sem nome definido. Conhecido por interações cotidianas, pedidos, rumores e possibilidades de relacionamento.	33	Erudito	ACTIVE	MASCULINO	0		
NPC_1588	Coras	Orinthal	Crystalia	4	Mago	Mago de Crystalia. Conhecido por interações cotidianas, pedidos, rumores e possibilidades de relacionamento.	50	Mago	ACTIVE	FEMININO	0		
NPC_1589	Ferint	Valkyrion	Volmeria	-2	Carroceiro	Carroceiro de Volmeria. Conhecido por interações cotidianas, pedidos, rumores e possibilidades de relacionamento.	67	Carroceiro	ACTIVE	MASCULINO	0		
NPC_1590	Iriethm	Aeloria	Blackmere	-1	Caçador	Caçador de Blackmere. Conhecido por interações cotidianas, pedidos, rumores e possibilidades de relacionamento.	21	Caçador	ACTIVE	FEMININO	0		
NPC_1591	Liaian	Zarim	Fornalia	0	Sentinela	Sentinela de Fornalia. Conhecido por interações cotidianas, pedidos, rumores e possibilidades de relacionamento.	38	Sentinela	ACTIVE	MASCULINO	0		
NPC_1592	Oliak	Eshmara	Brumas	1	Criador de animais	Criador de animais de Brumas. Conhecido por interações cotidianas, pedidos, rumores e possibilidades de relacionamento.	55	Criador de animais	ACTIVE	FEMININO	0		
NPC_1593	Torind	Tharun	Stone-Âmbar	2	Bardo	Bardo de Stone-Âmbar. Conhecido por interações cotidianas, pedidos, rumores e possibilidades de relacionamento.	72	Bardo	ACTIVE	MASCULINO	0		
NPC_1594	Ysaethb	Lyrien	Aerocivitus	3	Guarda	Guarda de Aerocivitus. Conhecido por interações cotidianas, pedidos, rumores e possibilidades de relacionamento.	26	Guarda	ACTIVE	FEMININO	0		
NPC_1595	Ariath	Kethruun	Sandbones	4	Camponês	Camponês de Sandbones. Conhecido por interações cotidianas, pedidos, rumores e possibilidades de relacionamento.	43	Camponês	ACTIVE	MASCULINO	0		
NPC_1596	Daaa	Nyssara	Emerald Tide	-2	Clérigo	Clérigo de Emerald Tide. Conhecido por interações cotidianas, pedidos, rumores e possibilidades de relacionamento.	60	Clérigo	ACTIVE	FEMININO	0		
NPC_1597	Galinl	Myrthos	Sem nome definido	-1	Valaryn	Valaryn de Sem nome definido. Conhecido por interações cotidianas, pedidos, rumores e possibilidades de relacionamento.	77	Valaryn	ACTIVE	MASCULINO	0		
NPC_1598	Jonethr	Orinthal	Crystalia	0	Artesão	Artesão de Crystalia. Conhecido por interações cotidianas, pedidos, rumores e possibilidades de relacionamento.	31	Artesão	ACTIVE	FEMININO	0		
NPC_1599	Mariav	Valkyrion	Volmeria	1	Curandeiro	Curandeiro de Volmeria. Conhecido por interações cotidianas, pedidos, rumores e possibilidades de relacionamento.	48	Curandeiro	ACTIVE	MASCULINO	0		
NPC_1600	Renas	Aeloria	Veyndaril	2	Aventureiro	Aventureiro de Veyndaril. Conhecido por interações cotidianas, pedidos, rumores e possibilidades de relacionamento.	65	Aventureiro	ACTIVE	FEMININO	0		
NPC_1601	Vioint	Zarim	Fornalia	3	Estudante	Estudante de Fornalia. Conhecido por interações cotidianas, pedidos, rumores e possibilidades de relacionamento.	19	Estudante	ACTIVE	MASCULINO	0		
NPC_1602	Zanethm	Eshmara	Brumas	4	Mercador	Mercador de Brumas. Conhecido por interações cotidianas, pedidos, rumores e possibilidades de relacionamento.	36	Mercador	ACTIVE	FEMININO	0		
NPC_1603	Belian	Tharun	Stone-Âmbar	-2	Pesquisador	Pesquisador de Stone-Âmbar. Conhecido por interações cotidianas, pedidos, rumores e possibilidades de relacionamento.	53	Pesquisador	ACTIVE	MASCULINO	0		
NPC_1604	Eliak	Lyrien	Aerocivitus	-1	Navegador	Navegador de Aerocivitus. Conhecido por interações cotidianas, pedidos, rumores e possibilidades de relacionamento.	70	Navegador	ACTIVE	FEMININO	0		
NPC_1605	Helind	Kethruun	Sandbones	0	Ferreiro	Ferreiro de Sandbones. Conhecido por interações cotidianas, pedidos, rumores e possibilidades de relacionamento.	24	Ferreiro	ACTIVE	MASCULINO	0		
NPC_1606	Kaethb	Nyssara	Emerald Tide	1	Mensageiro	Mensageiro de Emerald Tide. Conhecido por interações cotidianas, pedidos, rumores e possibilidades de relacionamento.	41	Mensageiro	ACTIVE	FEMININO	0		
NPC_1607	Neriath	Myrthos	Sem nome definido	2	Erudito	Erudito de Sem nome definido. Conhecido por interações cotidianas, pedidos, rumores e possibilidades de relacionamento.	58	Erudito	ACTIVE	MASCULINO	0		
NPC_1608	Selaa	Orinthal	Crystalia	3	Mago	Mago de Crystalia. Conhecido por interações cotidianas, pedidos, rumores e possibilidades de relacionamento.	75	Mago	ACTIVE	FEMININO	0		
NPC_1609	Wilinl	Valkyrion	Volmeria	4	Carroceiro	Carroceiro de Volmeria. Conhecido por interações cotidianas, pedidos, rumores e possibilidades de relacionamento.	29	Carroceiro	ACTIVE	MASCULINO	0		
NPC_1610	Alethr	Aeloria	Pyrelith	-2	Caçador	Caçador de Pyrelith. Conhecido por interações cotidianas, pedidos, rumores e possibilidades de relacionamento.	46	Caçador	ACTIVE	FEMININO	0		
NPC_1611	Coriav	Zarim	Fornalia	-1	Sentinela	Sentinela de Fornalia. Conhecido por interações cotidianas, pedidos, rumores e possibilidades de relacionamento.	63	Sentinela	ACTIVE	MASCULINO	0		
NPC_1612	Feras	Eshmara	Brumas	0	Criador de animais	Criador de animais de Brumas. Conhecido por interações cotidianas, pedidos, rumores e possibilidades de relacionamento.	80	Criador de animais	ACTIVE	FEMININO	0		
NPC_1613	Iriint	Tharun	Stone-Âmbar	1	Bardo	Bardo de Stone-Âmbar. Conhecido por interações cotidianas, pedidos, rumores e possibilidades de relacionamento.	34	Bardo	ACTIVE	MASCULINO	0		
NPC_1614	Liaethm	Lyrien	Aerocivitus	2	Guarda	Guarda de Aerocivitus. Conhecido por interações cotidianas, pedidos, rumores e possibilidades de relacionamento.	51	Guarda	ACTIVE	FEMININO	0		
NPC_1615	Oliian	Kethruun	Sandbones	3	Camponês	Camponês de Sandbones. Conhecido por interações cotidianas, pedidos, rumores e possibilidades de relacionamento.	68	Camponês	ACTIVE	MASCULINO	0		
NPC_1616	Torak	Nyssara	Emerald Tide	4	Clérigo	Clérigo de Emerald Tide. Conhecido por interações cotidianas, pedidos, rumores e possibilidades de relacionamento.	22	Clérigo	ACTIVE	FEMININO	0		
NPC_1617	Ysaind	Myrthos	Sem nome definido	-2	Valaryn	Valaryn de Sem nome definido. Conhecido por interações cotidianas, pedidos, rumores e possibilidades de relacionamento.	39	Valaryn	ACTIVE	MASCULINO	0		
NPC_1618	Arethb	Orinthal	Crystalia	-1	Artesão	Artesão de Crystalia. Conhecido por interações cotidianas, pedidos, rumores e possibilidades de relacionamento.	56	Artesão	ACTIVE	FEMININO	0		
NPC_1619	Daiath	Valkyrion	Volmeria	0	Curandeiro	Curandeiro de Volmeria. Conhecido por interações cotidianas, pedidos, rumores e possibilidades de relacionamento.	73	Curandeiro	ACTIVE	MASCULINO	0		
NPC_1620	Galaa	Aeloria	Jorathen	1	Aventureiro	Aventureiro de Jorathen. Conhecido por interações cotidianas, pedidos, rumores e possibilidades de relacionamento.	27	Aventureiro	ACTIVE	FEMININO	0		
NPC_1621	Joninl	Zarim	Fornalia	2	Estudante	Estudante de Fornalia. Conhecido por interações cotidianas, pedidos, rumores e possibilidades de relacionamento.	44	Estudante	ACTIVE	MASCULINO	0		
NPC_1622	Marethr	Eshmara	Brumas	3	Mercador	Mercador de Brumas. Conhecido por interações cotidianas, pedidos, rumores e possibilidades de relacionamento.	61	Mercador	ACTIVE	FEMININO	0		
NPC_1623	Reniav	Tharun	Stone-Âmbar	4	Pesquisador	Pesquisador de Stone-Âmbar. Conhecido por interações cotidianas, pedidos, rumores e possibilidades de relacionamento.	78	Pesquisador	ACTIVE	MASCULINO	0		
NPC_1624	Vioas	Lyrien	Aerocivitus	-2	Navegador	Navegador de Aerocivitus. Conhecido por interações cotidianas, pedidos, rumores e possibilidades de relacionamento.	32	Navegador	ACTIVE	FEMININO	0		
NPC_1625	Zanint	Kethruun	Sandbones	-1	Ferreiro	Ferreiro de Sandbones. Conhecido por interações cotidianas, pedidos, rumores e possibilidades de relacionamento.	49	Ferreiro	ACTIVE	MASCULINO	0		
NPC_1626	Belethm	Nyssara	Emerald Tide	0	Mensageiro	Mensageiro de Emerald Tide. Conhecido por interações cotidianas, pedidos, rumores e possibilidades de relacionamento.	66	Mensageiro	ACTIVE	FEMININO	0		
NPC_1627	Eliian	Myrthos	Sem nome definido	1	Erudito	Erudito de Sem nome definido. Conhecido por interações cotidianas, pedidos, rumores e possibilidades de relacionamento.	20	Erudito	ACTIVE	MASCULINO	0		
NPC_1628	Helak	Orinthal	Crystalia	2	Mago	Mago de Crystalia. Conhecido por interações cotidianas, pedidos, rumores e possibilidades de relacionamento.	37	Mago	ACTIVE	FEMININO	0		
NPC_1629	Kaind	Valkyrion	Volmeria	3	Carroceiro	Carroceiro de Volmeria. Conhecido por interações cotidianas, pedidos, rumores e possibilidades de relacionamento.	54	Carroceiro	ACTIVE	MASCULINO	0		
NPC_1630	Nerethb	Aeloria	Duskmere	4	Caçador	Caçador de Duskmere. Conhecido por interações cotidianas, pedidos, rumores e possibilidades de relacionamento.	71	Caçador	ACTIVE	FEMININO	0		
NPC_1631	Seliath	Zarim	Fornalia	-2	Sentinela	Sentinela de Fornalia. Conhecido por interações cotidianas, pedidos, rumores e possibilidades de relacionamento.	25	Sentinela	ACTIVE	MASCULINO	0		
NPC_1632	Wilaa	Eshmara	Brumas	-1	Criador de animais	Criador de animais de Brumas. Conhecido por interações cotidianas, pedidos, rumores e possibilidades de relacionamento.	42	Criador de animais	ACTIVE	FEMININO	0		
NPC_1633	Alinl	Tharun	Stone-Âmbar	0	Bardo	Bardo de Stone-Âmbar. Conhecido por interações cotidianas, pedidos, rumores e possibilidades de relacionamento.	59	Bardo	ACTIVE	MASCULINO	0		
NPC_1634	Corethr	Lyrien	Aerocivitus	1	Guarda	Guarda de Aerocivitus. Conhecido por interações cotidianas, pedidos, rumores e possibilidades de relacionamento.	76	Guarda	ACTIVE	FEMININO	0		
NPC_1635	Feriav	Kethruun	Sandbones	2	Camponês	Camponês de Sandbones. Conhecido por interações cotidianas, pedidos, rumores e possibilidades de relacionamento.	30	Camponês	ACTIVE	MASCULINO	0		
NPC_1636	Irias	Nyssara	Emerald Tide	3	Clérigo	Clérigo de Emerald Tide. Conhecido por interações cotidianas, pedidos, rumores e possibilidades de relacionamento.	47	Clérigo	ACTIVE	FEMININO	0		
NPC_1637	Liaint	Myrthos	Sem nome definido	4	Valaryn	Valaryn de Sem nome definido. Conhecido por interações cotidianas, pedidos, rumores e possibilidades de relacionamento.	64	Valaryn	ACTIVE	MASCULINO	0		
NPC_1638	Oliethm	Orinthal	Crystalia	-2	Artesão	Artesão de Crystalia. Conhecido por interações cotidianas, pedidos, rumores e possibilidades de relacionamento.	18	Artesão	ACTIVE	FEMININO	0		
NPC_1639	Torian	Valkyrion	Volmeria	-1	Curandeiro	Curandeiro de Volmeria. Conhecido por interações cotidianas, pedidos, rumores e possibilidades de relacionamento.	35	Curandeiro	ACTIVE	MASCULINO	0		
NPC_1640	Ysaak	Aeloria	Lunareth	0	Aventureiro	Aventureiro de Lunareth. Conhecido por interações cotidianas, pedidos, rumores e possibilidades de relacionamento.	52	Aventureiro	ACTIVE	FEMININO	0		
NPC_1641	Arind	Zarim	Fornalia	1	Estudante	Estudante de Fornalia. Conhecido por interações cotidianas, pedidos, rumores e possibilidades de relacionamento.	69	Estudante	ACTIVE	MASCULINO	0		
NPC_1642	Daethb	Eshmara	Brumas	2	Mercador	Mercador de Brumas. Conhecido por interações cotidianas, pedidos, rumores e possibilidades de relacionamento.	23	Mercador	ACTIVE	FEMININO	0		
NPC_1643	Galiath	Tharun	Stone-Âmbar	3	Pesquisador	Pesquisador de Stone-Âmbar. Conhecido por interações cotidianas, pedidos, rumores e possibilidades de relacionamento.	40	Pesquisador	ACTIVE	MASCULINO	0		
NPC_1644	Jonaa	Lyrien	Aerocivitus	4	Navegador	Navegador de Aerocivitus. Conhecido por interações cotidianas, pedidos, rumores e possibilidades de relacionamento.	57	Navegador	ACTIVE	FEMININO	0		
NPC_1645	Marinl	Kethruun	Sandbones	-2	Ferreiro	Ferreiro de Sandbones. Conhecido por interações cotidianas, pedidos, rumores e possibilidades de relacionamento.	74	Ferreiro	ACTIVE	MASCULINO	0		
NPC_1646	Renethr	Nyssara	Emerald Tide	-1	Mensageiro	Mensageiro de Emerald Tide. Conhecido por interações cotidianas, pedidos, rumores e possibilidades de relacionamento.	28	Mensageiro	ACTIVE	FEMININO	0		
NPC_1647	Vioiav	Myrthos	Sem nome definido	0	Erudito	Erudito de Sem nome definido. Conhecido por interações cotidianas, pedidos, rumores e possibilidades de relacionamento.	45	Erudito	ACTIVE	MASCULINO	0		
NPC_1648	Zanas	Orinthal	Crystalia	1	Mago	Mago de Crystalia. Conhecido por interações cotidianas, pedidos, rumores e possibilidades de relacionamento.	62	Mago	ACTIVE	FEMININO	0		
NPC_1649	Belint	Valkyrion	Volmeria	2	Carroceiro	Carroceiro de Volmeria. Conhecido por interações cotidianas, pedidos, rumores e possibilidades de relacionamento.	79	Carroceiro	ACTIVE	MASCULINO	0		
NPC_1650	Eliethm	Aeloria	Xyrelith	3	Caçador	Caçador de Xyrelith. Conhecido por interações cotidianas, pedidos, rumores e possibilidades de relacionamento.	33	Caçador	ACTIVE	FEMININO	0		
NPC_1651	Helian	Zarim	Fornalia	4	Sentinela	Sentinela de Fornalia. Conhecido por interações cotidianas, pedidos, rumores e possibilidades de relacionamento.	50	Sentinela	ACTIVE	MASCULINO	0		
NPC_1652	Kaak	Eshmara	Brumas	-2	Criador de animais	Criador de animais de Brumas. Conhecido por interações cotidianas, pedidos, rumores e possibilidades de relacionamento.	67	Criador de animais	ACTIVE	FEMININO	0		
NPC_1653	Nerind	Tharun	Stone-Âmbar	-1	Bardo	Bardo de Stone-Âmbar. Conhecido por interações cotidianas, pedidos, rumores e possibilidades de relacionamento.	21	Bardo	ACTIVE	MASCULINO	0		
NPC_1654	Selethb	Lyrien	Aerocivitus	0	Guarda	Guarda de Aerocivitus. Conhecido por interações cotidianas, pedidos, rumores e possibilidades de relacionamento.	38	Guarda	ACTIVE	FEMININO	0		
NPC_1655	Wiliath	Kethruun	Sandbones	1	Camponês	Camponês de Sandbones. Conhecido por interações cotidianas, pedidos, rumores e possibilidades de relacionamento.	55	Camponês	ACTIVE	MASCULINO	0		
NPC_1656	Alaa	Nyssara	Emerald Tide	2	Clérigo	Clérigo de Emerald Tide. Conhecido por interações cotidianas, pedidos, rumores e possibilidades de relacionamento.	72	Clérigo	ACTIVE	FEMININO	0		
NPC_1657	Corinl	Myrthos	Sem nome definido	3	Valaryn	Valaryn de Sem nome definido. Conhecido por interações cotidianas, pedidos, rumores e possibilidades de relacionamento.	26	Valaryn	ACTIVE	MASCULINO	0		
NPC_1658	Ferethr	Orinthal	Crystalia	4	Artesão	Artesão de Crystalia. Conhecido por interações cotidianas, pedidos, rumores e possibilidades de relacionamento.	43	Artesão	ACTIVE	FEMININO	0		
NPC_1659	Iriiav	Valkyrion	Volmeria	-2	Curandeiro	Curandeiro de Volmeria. Conhecido por interações cotidianas, pedidos, rumores e possibilidades de relacionamento.	60	Curandeiro	ACTIVE	MASCULINO	0		
NPC_1660	Liaas	Aeloria	Runedral	-1	Aventureiro	Aventureiro de Runedral. Conhecido por interações cotidianas, pedidos, rumores e possibilidades de relacionamento.	77	Aventureiro	ACTIVE	FEMININO	0		
NPC_1661	Oliint	Zarim	Fornalia	0	Estudante	Estudante de Fornalia. Conhecido por interações cotidianas, pedidos, rumores e possibilidades de relacionamento.	31	Estudante	ACTIVE	MASCULINO	0		
NPC_1662	Torethm	Eshmara	Brumas	1	Mercador	Mercador de Brumas. Conhecido por interações cotidianas, pedidos, rumores e possibilidades de relacionamento.	48	Mercador	ACTIVE	FEMININO	0		
NPC_1663	Ysaian	Tharun	Stone-Âmbar	2	Pesquisador	Pesquisador de Stone-Âmbar. Conhecido por interações cotidianas, pedidos, rumores e possibilidades de relacionamento.	65	Pesquisador	ACTIVE	MASCULINO	0		
NPC_1664	Arak	Lyrien	Aerocivitus	3	Navegador	Navegador de Aerocivitus. Conhecido por interações cotidianas, pedidos, rumores e possibilidades de relacionamento.	19	Navegador	ACTIVE	FEMININO	0		
NPC_1665	Daind	Kethruun	Sandbones	4	Ferreiro	Ferreiro de Sandbones. Conhecido por interações cotidianas, pedidos, rumores e possibilidades de relacionamento.	36	Ferreiro	ACTIVE	MASCULINO	0		
NPC_1666	Galethb	Nyssara	Emerald Tide	-2	Mensageiro	Mensageiro de Emerald Tide. Conhecido por interações cotidianas, pedidos, rumores e possibilidades de relacionamento.	53	Mensageiro	ACTIVE	FEMININO	0		
NPC_1667	Joniath	Myrthos	Sem nome definido	-1	Erudito	Erudito de Sem nome definido. Conhecido por interações cotidianas, pedidos, rumores e possibilidades de relacionamento.	70	Erudito	ACTIVE	MASCULINO	0		
NPC_1668	Maraa	Orinthal	Crystalia	0	Mago	Mago de Crystalia. Conhecido por interações cotidianas, pedidos, rumores e possibilidades de relacionamento.	24	Mago	ACTIVE	FEMININO	0		
NPC_1669	Reninl	Valkyrion	Volmeria	1	Carroceiro	Carroceiro de Volmeria. Conhecido por interações cotidianas, pedidos, rumores e possibilidades de relacionamento.	41	Carroceiro	ACTIVE	MASCULINO	0		
NPC_1670	Vioethr	Aeloria	Lorwynne	2	Caçador	Caçador de Lorwynne. Conhecido por interações cotidianas, pedidos, rumores e possibilidades de relacionamento.	58	Caçador	ACTIVE	FEMININO	0		
NPC_1671	Zaniav	Zarim	Fornalia	3	Sentinela	Sentinela de Fornalia. Conhecido por interações cotidianas, pedidos, rumores e possibilidades de relacionamento.	75	Sentinela	ACTIVE	MASCULINO	0		
NPC_1672	Belas	Eshmara	Brumas	4	Criador de animais	Criador de animais de Brumas. Conhecido por interações cotidianas, pedidos, rumores e possibilidades de relacionamento.	29	Criador de animais	ACTIVE	FEMININO	0		
NPC_1673	Eliint	Tharun	Stone-Âmbar	-2	Bardo	Bardo de Stone-Âmbar. Conhecido por interações cotidianas, pedidos, rumores e possibilidades de relacionamento.	46	Bardo	ACTIVE	MASCULINO	0		
NPC_1674	Helethm	Lyrien	Aerocivitus	-1	Guarda	Guarda de Aerocivitus. Conhecido por interações cotidianas, pedidos, rumores e possibilidades de relacionamento.	63	Guarda	ACTIVE	FEMININO	0		
NPC_1675	Kaian	Kethruun	Sandbones	0	Camponês	Camponês de Sandbones. Conhecido por interações cotidianas, pedidos, rumores e possibilidades de relacionamento.	80	Camponês	ACTIVE	MASCULINO	0		
NPC_1676	Nerak	Nyssara	Emerald Tide	1	Clérigo	Clérigo de Emerald Tide. Conhecido por interações cotidianas, pedidos, rumores e possibilidades de relacionamento.	34	Clérigo	ACTIVE	FEMININO	0		
NPC_1677	Selind	Myrthos	Sem nome definido	2	Valaryn	Valaryn de Sem nome definido. Conhecido por interações cotidianas, pedidos, rumores e possibilidades de relacionamento.	51	Valaryn	ACTIVE	MASCULINO	0		
NPC_1678	Wilethb	Orinthal	Crystalia	3	Artesão	Artesão de Crystalia. Conhecido por interações cotidianas, pedidos, rumores e possibilidades de relacionamento.	68	Artesão	ACTIVE	FEMININO	0		
NPC_1679	Aliath	Valkyrion	Volmeria	4	Curandeiro	Curandeiro de Volmeria. Conhecido por interações cotidianas, pedidos, rumores e possibilidades de relacionamento.	22	Curandeiro	ACTIVE	MASCULINO	0		
NPC_1680	Coraa	Aeloria	Frostmere	-2	Aventureiro	Aventureiro de Frostmere. Conhecido por interações cotidianas, pedidos, rumores e possibilidades de relacionamento.	39	Aventureiro	ACTIVE	FEMININO	0		
NPC_1681	Ferinl	Zarim	Fornalia	-1	Estudante	Estudante de Fornalia. Conhecido por interações cotidianas, pedidos, rumores e possibilidades de relacionamento.	56	Estudante	ACTIVE	MASCULINO	0		
NPC_1682	Iriethr	Eshmara	Brumas	0	Mercador	Mercador de Brumas. Conhecido por interações cotidianas, pedidos, rumores e possibilidades de relacionamento.	73	Mercador	ACTIVE	FEMININO	0		
NPC_1683	Liaiav	Tharun	Stone-Âmbar	1	Pesquisador	Pesquisador de Stone-Âmbar. Conhecido por interações cotidianas, pedidos, rumores e possibilidades de relacionamento.	27	Pesquisador	ACTIVE	MASCULINO	0		
NPC_1684	Olias	Lyrien	Aerocivitus	2	Navegador	Navegador de Aerocivitus. Conhecido por interações cotidianas, pedidos, rumores e possibilidades de relacionamento.	44	Navegador	ACTIVE	FEMININO	0		
NPC_1685	Torint	Kethruun	Sandbones	3	Ferreiro	Ferreiro de Sandbones. Conhecido por interações cotidianas, pedidos, rumores e possibilidades de relacionamento.	61	Ferreiro	ACTIVE	MASCULINO	0		
NPC_1686	Ysaethm	Nyssara	Emerald Tide	4	Mensageiro	Mensageiro de Emerald Tide. Conhecido por interações cotidianas, pedidos, rumores e possibilidades de relacionamento.	78	Mensageiro	ACTIVE	FEMININO	0		
NPC_1687	Arian	Myrthos	Sem nome definido	-2	Erudito	Erudito de Sem nome definido. Conhecido por interações cotidianas, pedidos, rumores e possibilidades de relacionamento.	32	Erudito	ACTIVE	MASCULINO	0		
NPC_1688	Daak	Orinthal	Crystalia	-1	Mago	Mago de Crystalia. Conhecido por interações cotidianas, pedidos, rumores e possibilidades de relacionamento.	49	Mago	ACTIVE	FEMININO	0		
NPC_1689	Galind	Valkyrion	Volmeria	0	Carroceiro	Carroceiro de Volmeria. Conhecido por interações cotidianas, pedidos, rumores e possibilidades de relacionamento.	66	Carroceiro	ACTIVE	MASCULINO	0		
NPC_1690	Jonethb	Aeloria	Zorathen	1	Caçador	Caçador de Zorathen. Conhecido por interações cotidianas, pedidos, rumores e possibilidades de relacionamento.	20	Caçador	ACTIVE	FEMININO	0		
NPC_1691	Mariath	Zarim	Fornalia	2	Sentinela	Sentinela de Fornalia. Conhecido por interações cotidianas, pedidos, rumores e possibilidades de relacionamento.	37	Sentinela	ACTIVE	MASCULINO	0		
NPC_1692	Renaa	Eshmara	Brumas	3	Criador de animais	Criador de animais de Brumas. Conhecido por interações cotidianas, pedidos, rumores e possibilidades de relacionamento.	54	Criador de animais	ACTIVE	FEMININO	0		
NPC_1693	Vioinl	Tharun	Stone-Âmbar	4	Bardo	Bardo de Stone-Âmbar. Conhecido por interações cotidianas, pedidos, rumores e possibilidades de relacionamento.	71	Bardo	ACTIVE	MASCULINO	0		
NPC_1694	Zanethr	Lyrien	Aerocivitus	-2	Guarda	Guarda de Aerocivitus. Conhecido por interações cotidianas, pedidos, rumores e possibilidades de relacionamento.	25	Guarda	ACTIVE	FEMININO	0		
NPC_1695	Beliav	Kethruun	Sandbones	-1	Camponês	Camponês de Sandbones. Conhecido por interações cotidianas, pedidos, rumores e possibilidades de relacionamento.	42	Camponês	ACTIVE	MASCULINO	0		
NPC_1696	Elias	Nyssara	Emerald Tide	0	Clérigo	Clérigo de Emerald Tide. Conhecido por interações cotidianas, pedidos, rumores e possibilidades de relacionamento.	59	Clérigo	ACTIVE	FEMININO	0		
NPC_1697	Helint	Myrthos	Sem nome definido	1	Valaryn	Valaryn de Sem nome definido. Conhecido por interações cotidianas, pedidos, rumores e possibilidades de relacionamento.	76	Valaryn	ACTIVE	MASCULINO	0		
NPC_1698	Kaethm	Orinthal	Crystalia	2	Artesão	Artesão de Crystalia. Conhecido por interações cotidianas, pedidos, rumores e possibilidades de relacionamento.	30	Artesão	ACTIVE	FEMININO	0		
NPC_1699	Nerian	Valkyrion	Volmeria	3	Curandeiro	Curandeiro de Volmeria. Conhecido por interações cotidianas, pedidos, rumores e possibilidades de relacionamento.	47	Curandeiro	ACTIVE	MASCULINO	0		
NPC_1700	Selak	Aeloria	Thornmere	4	Aventureiro	Aventureiro de Thornmere. Conhecido por interações cotidianas, pedidos, rumores e possibilidades de relacionamento.	64	Aventureiro	ACTIVE	FEMININO	0		
NPC_1701	Wilind	Zarim	Fornalia	-2	Estudante	Estudante de Fornalia. Conhecido por interações cotidianas, pedidos, rumores e possibilidades de relacionamento.	18	Estudante	ACTIVE	MASCULINO	0		
NPC_1702	Alethb	Eshmara	Brumas	-1	Mercador	Mercador de Brumas. Conhecido por interações cotidianas, pedidos, rumores e possibilidades de relacionamento.	35	Mercador	ACTIVE	FEMININO	0		
NPC_1703	Coriath	Tharun	Stone-Âmbar	0	Pesquisador	Pesquisador de Stone-Âmbar. Conhecido por interações cotidianas, pedidos, rumores e possibilidades de relacionamento.	52	Pesquisador	ACTIVE	MASCULINO	0		
NPC_1704	Feraa	Lyrien	Aerocivitus	1	Navegador	Navegador de Aerocivitus. Conhecido por interações cotidianas, pedidos, rumores e possibilidades de relacionamento.	69	Navegador	ACTIVE	FEMININO	0		
NPC_1705	Iriinl	Kethruun	Sandbones	2	Ferreiro	Ferreiro de Sandbones. Conhecido por interações cotidianas, pedidos, rumores e possibilidades de relacionamento.	23	Ferreiro	ACTIVE	MASCULINO	0		
NPC_1706	Liaethr	Nyssara	Emerald Tide	3	Mensageiro	Mensageiro de Emerald Tide. Conhecido por interações cotidianas, pedidos, rumores e possibilidades de relacionamento.	40	Mensageiro	ACTIVE	FEMININO	0		
NPC_1707	Oliiav	Myrthos	Sem nome definido	4	Erudito	Erudito de Sem nome definido. Conhecido por interações cotidianas, pedidos, rumores e possibilidades de relacionamento.	57	Erudito	ACTIVE	MASCULINO	0		
NPC_1708	Toras	Orinthal	Crystalia	-2	Mago	Mago de Crystalia. Conhecido por interações cotidianas, pedidos, rumores e possibilidades de relacionamento.	74	Mago	ACTIVE	FEMININO	0		
NPC_1709	Ysaint	Valkyrion	Volmeria	-1	Carroceiro	Carroceiro de Volmeria. Conhecido por interações cotidianas, pedidos, rumores e possibilidades de relacionamento.	28	Carroceiro	ACTIVE	MASCULINO	0		
NPC_1710	Arethm	Aeloria	Norhaven	0	Caçador	Caçador de Norhaven. Conhecido por interações cotidianas, pedidos, rumores e possibilidades de relacionamento.	45	Caçador	ACTIVE	FEMININO	0		
NPC_1711	Daian	Zarim	Fornalia	1	Sentinela	Sentinela de Fornalia. Conhecido por interações cotidianas, pedidos, rumores e possibilidades de relacionamento.	62	Sentinela	ACTIVE	MASCULINO	0		
NPC_1712	Galak	Eshmara	Brumas	2	Criador de animais	Criador de animais de Brumas. Conhecido por interações cotidianas, pedidos, rumores e possibilidades de relacionamento.	79	Criador de animais	ACTIVE	FEMININO	0		
NPC_1713	Jonind	Tharun	Stone-Âmbar	3	Bardo	Bardo de Stone-Âmbar. Conhecido por interações cotidianas, pedidos, rumores e possibilidades de relacionamento.	33	Bardo	ACTIVE	MASCULINO	0		
NPC_1714	Marethb	Lyrien	Aerocivitus	4	Guarda	Guarda de Aerocivitus. Conhecido por interações cotidianas, pedidos, rumores e possibilidades de relacionamento.	50	Guarda	ACTIVE	FEMININO	0		
NPC_1715	Reniath	Kethruun	Sandbones	-2	Camponês	Camponês de Sandbones. Conhecido por interações cotidianas, pedidos, rumores e possibilidades de relacionamento.	67	Camponês	ACTIVE	MASCULINO	0		
NPC_1716	Vioaa	Nyssara	Emerald Tide	-1	Clérigo	Clérigo de Emerald Tide. Conhecido por interações cotidianas, pedidos, rumores e possibilidades de relacionamento.	21	Clérigo	ACTIVE	FEMININO	0		
NPC_1717	Zaninl	Myrthos	Sem nome definido	0	Valaryn	Valaryn de Sem nome definido. Conhecido por interações cotidianas, pedidos, rumores e possibilidades de relacionamento.	38	Valaryn	ACTIVE	MASCULINO	0		
NPC_1718	Belethr	Orinthal	Crystalia	1	Artesão	Artesão de Crystalia. Conhecido por interações cotidianas, pedidos, rumores e possibilidades de relacionamento.	55	Artesão	ACTIVE	FEMININO	0		
NPC_1719	Eliiav	Valkyrion	Volmeria	2	Curandeiro	Curandeiro de Volmeria. Conhecido por interações cotidianas, pedidos, rumores e possibilidades de relacionamento.	72	Curandeiro	ACTIVE	MASCULINO	0		
NPC_1720	Helas	Aeloria	Hallowspire	3	Aventureiro	Aventureiro de Hallowspire. Conhecido por interações cotidianas, pedidos, rumores e possibilidades de relacionamento.	26	Aventureiro	ACTIVE	FEMININO	0		
NPC_1721	Kaint	Zarim	Fornalia	4	Estudante	Estudante de Fornalia. Conhecido por interações cotidianas, pedidos, rumores e possibilidades de relacionamento.	43	Estudante	ACTIVE	MASCULINO	0		
NPC_1722	Nerethm	Eshmara	Brumas	-2	Mercador	Mercador de Brumas. Conhecido por interações cotidianas, pedidos, rumores e possibilidades de relacionamento.	60	Mercador	ACTIVE	FEMININO	0		
NPC_1723	Selian	Tharun	Stone-Âmbar	-1	Pesquisador	Pesquisador de Stone-Âmbar. Conhecido por interações cotidianas, pedidos, rumores e possibilidades de relacionamento.	77	Pesquisador	ACTIVE	MASCULINO	0		
NPC_1724	Wilak	Lyrien	Aerocivitus	0	Navegador	Navegador de Aerocivitus. Conhecido por interações cotidianas, pedidos, rumores e possibilidades de relacionamento.	31	Navegador	ACTIVE	FEMININO	0		
NPC_1725	Alind	Kethruun	Sandbones	1	Ferreiro	Ferreiro de Sandbones. Conhecido por interações cotidianas, pedidos, rumores e possibilidades de relacionamento.	48	Ferreiro	ACTIVE	MASCULINO	0		
NPC_1726	Corethb	Nyssara	Emerald Tide	2	Mensageiro	Mensageiro de Emerald Tide. Conhecido por interações cotidianas, pedidos, rumores e possibilidades de relacionamento.	65	Mensageiro	ACTIVE	FEMININO	0		
NPC_1727	Feriath	Myrthos	Sem nome definido	3	Erudito	Erudito de Sem nome definido. Conhecido por interações cotidianas, pedidos, rumores e possibilidades de relacionamento.	19	Erudito	ACTIVE	MASCULINO	0		
NPC_1728	Iriaa	Orinthal	Crystalia	4	Mago	Mago de Crystalia. Conhecido por interações cotidianas, pedidos, rumores e possibilidades de relacionamento.	36	Mago	ACTIVE	FEMININO	0		
NPC_1729	Liainl	Valkyrion	Volmeria	-2	Carroceiro	Carroceiro de Volmeria. Conhecido por interações cotidianas, pedidos, rumores e possibilidades de relacionamento.	53	Carroceiro	ACTIVE	MASCULINO	0		
NPC_1730	Oliethr	Aeloria	Brighthollow	-1	Caçador	Caçador de Brighthollow. Conhecido por interações cotidianas, pedidos, rumores e possibilidades de relacionamento.	70	Caçador	ACTIVE	FEMININO	0		
NPC_1731	Toriav	Zarim	Fornalia	0	Sentinela	Sentinela de Fornalia. Conhecido por interações cotidianas, pedidos, rumores e possibilidades de relacionamento.	24	Sentinela	ACTIVE	MASCULINO	0		
NPC_1732	Ysaas	Eshmara	Brumas	1	Criador de animais	Criador de animais de Brumas. Conhecido por interações cotidianas, pedidos, rumores e possibilidades de relacionamento.	41	Criador de animais	ACTIVE	FEMININO	0		
NPC_1733	Arint	Tharun	Stone-Âmbar	2	Bardo	Bardo de Stone-Âmbar. Conhecido por interações cotidianas, pedidos, rumores e possibilidades de relacionamento.	58	Bardo	ACTIVE	MASCULINO	0		
NPC_1734	Daethm	Lyrien	Aerocivitus	3	Guarda	Guarda de Aerocivitus. Conhecido por interações cotidianas, pedidos, rumores e possibilidades de relacionamento.	75	Guarda	ACTIVE	FEMININO	0		
NPC_1735	Galian	Kethruun	Sandbones	4	Camponês	Camponês de Sandbones. Conhecido por interações cotidianas, pedidos, rumores e possibilidades de relacionamento.	29	Camponês	ACTIVE	MASCULINO	0		
NPC_1736	Jonak	Nyssara	Emerald Tide	-2	Clérigo	Clérigo de Emerald Tide. Conhecido por interações cotidianas, pedidos, rumores e possibilidades de relacionamento.	46	Clérigo	ACTIVE	FEMININO	0		
NPC_1737	Marind	Myrthos	Sem nome definido	-1	Valaryn	Valaryn de Sem nome definido. Conhecido por interações cotidianas, pedidos, rumores e possibilidades de relacionamento.	63	Valaryn	ACTIVE	MASCULINO	0		
NPC_1738	Renethb	Orinthal	Crystalia	0	Artesão	Artesão de Crystalia. Conhecido por interações cotidianas, pedidos, rumores e possibilidades de relacionamento.	80	Artesão	ACTIVE	FEMININO	0		
NPC_1739	Vioiath	Valkyrion	Volmeria	1	Curandeiro	Curandeiro de Volmeria. Conhecido por interações cotidianas, pedidos, rumores e possibilidades de relacionamento.	34	Curandeiro	ACTIVE	MASCULINO	0		
NPC_1740	Zanaa	Aeloria	Valdora	2	Aventureiro	Aventureiro de Valdora. Conhecido por interações cotidianas, pedidos, rumores e possibilidades de relacionamento.	51	Aventureiro	ACTIVE	FEMININO	0		
NPC_1741	Belinl	Zarim	Fornalia	3	Estudante	Estudante de Fornalia. Conhecido por interações cotidianas, pedidos, rumores e possibilidades de relacionamento.	68	Estudante	ACTIVE	MASCULINO	0		
NPC_1742	Eliethr	Eshmara	Brumas	4	Mercador	Mercador de Brumas. Conhecido por interações cotidianas, pedidos, rumores e possibilidades de relacionamento.	22	Mercador	ACTIVE	FEMININO	0		
NPC_1743	Heliav	Tharun	Stone-Âmbar	-2	Pesquisador	Pesquisador de Stone-Âmbar. Conhecido por interações cotidianas, pedidos, rumores e possibilidades de relacionamento.	39	Pesquisador	ACTIVE	MASCULINO	0		
NPC_1744	Kaas	Lyrien	Aerocivitus	-1	Navegador	Navegador de Aerocivitus. Conhecido por interações cotidianas, pedidos, rumores e possibilidades de relacionamento.	56	Navegador	ACTIVE	FEMININO	0		
NPC_1745	Nerint	Kethruun	Sandbones	0	Ferreiro	Ferreiro de Sandbones. Conhecido por interações cotidianas, pedidos, rumores e possibilidades de relacionamento.	73	Ferreiro	ACTIVE	MASCULINO	0		
NPC_1746	Selethm	Nyssara	Emerald Tide	1	Mensageiro	Mensageiro de Emerald Tide. Conhecido por interações cotidianas, pedidos, rumores e possibilidades de relacionamento.	27	Mensageiro	ACTIVE	FEMININO	0		
NPC_1747	Wilian	Myrthos	Sem nome definido	2	Erudito	Erudito de Sem nome definido. Conhecido por interações cotidianas, pedidos, rumores e possibilidades de relacionamento.	44	Erudito	ACTIVE	MASCULINO	0		
NPC_1748	Alak	Orinthal	Crystalia	3	Mago	Mago de Crystalia. Conhecido por interações cotidianas, pedidos, rumores e possibilidades de relacionamento.	61	Mago	ACTIVE	FEMININO	0		
NPC_1749	Corind	Valkyrion	Volmeria	4	Carroceiro	Carroceiro de Volmeria. Conhecido por interações cotidianas, pedidos, rumores e possibilidades de relacionamento.	78	Carroceiro	ACTIVE	MASCULINO	0		
NPC_1750	Ferethb	Aeloria	Verdralith	-2	Caçador	Caçador de Verdralith. Conhecido por interações cotidianas, pedidos, rumores e possibilidades de relacionamento.	32	Caçador	ACTIVE	FEMININO	0		
NPC_1751	Iriiath	Zarim	Fornalia	-1	Sentinela	Sentinela de Fornalia. Conhecido por interações cotidianas, pedidos, rumores e possibilidades de relacionamento.	49	Sentinela	ACTIVE	MASCULINO	0		
NPC_1752	Liaaa	Eshmara	Brumas	0	Criador de animais	Criador de animais de Brumas. Conhecido por interações cotidianas, pedidos, rumores e possibilidades de relacionamento.	66	Criador de animais	ACTIVE	FEMININO	0		
NPC_1753	Oliinl	Tharun	Stone-Âmbar	1	Bardo	Bardo de Stone-Âmbar. Conhecido por interações cotidianas, pedidos, rumores e possibilidades de relacionamento.	20	Bardo	ACTIVE	MASCULINO	0		
NPC_1754	Torethr	Lyrien	Aerocivitus	2	Guarda	Guarda de Aerocivitus. Conhecido por interações cotidianas, pedidos, rumores e possibilidades de relacionamento.	37	Guarda	ACTIVE	FEMININO	0		
NPC_1755	Ysaiav	Kethruun	Sandbones	3	Camponês	Camponês de Sandbones. Conhecido por interações cotidianas, pedidos, rumores e possibilidades de relacionamento.	54	Camponês	ACTIVE	MASCULINO	0		
NPC_1756	Aras	Nyssara	Emerald Tide	4	Clérigo	Clérigo de Emerald Tide. Conhecido por interações cotidianas, pedidos, rumores e possibilidades de relacionamento.	71	Clérigo	ACTIVE	FEMININO	0		
NPC_1757	Daint	Myrthos	Sem nome definido	-2	Valaryn	Valaryn de Sem nome definido. Conhecido por interações cotidianas, pedidos, rumores e possibilidades de relacionamento.	25	Valaryn	ACTIVE	MASCULINO	0		
NPC_1758	Galethm	Orinthal	Crystalia	-1	Artesão	Artesão de Crystalia. Conhecido por interações cotidianas, pedidos, rumores e possibilidades de relacionamento.	42	Artesão	ACTIVE	FEMININO	0		
NPC_1759	Jonian	Valkyrion	Volmeria	0	Curandeiro	Curandeiro de Volmeria. Conhecido por interações cotidianas, pedidos, rumores e possibilidades de relacionamento.	59	Curandeiro	ACTIVE	MASCULINO	0		
NPC_1760	Marak	Aeloria	Prismere	1	Aventureiro	Aventureiro de Prismere. Conhecido por interações cotidianas, pedidos, rumores e possibilidades de relacionamento.	76	Aventureiro	ACTIVE	FEMININO	0		
NPC_1761	Renind	Zarim	Fornalia	2	Estudante	Estudante de Fornalia. Conhecido por interações cotidianas, pedidos, rumores e possibilidades de relacionamento.	30	Estudante	ACTIVE	MASCULINO	0		
NPC_1762	Vioethb	Eshmara	Brumas	3	Mercador	Mercador de Brumas. Conhecido por interações cotidianas, pedidos, rumores e possibilidades de relacionamento.	47	Mercador	ACTIVE	FEMININO	0		
NPC_1763	Zaniath	Tharun	Stone-Âmbar	4	Pesquisador	Pesquisador de Stone-Âmbar. Conhecido por interações cotidianas, pedidos, rumores e possibilidades de relacionamento.	64	Pesquisador	ACTIVE	MASCULINO	0		
NPC_1764	Belaa	Lyrien	Aerocivitus	-2	Navegador	Navegador de Aerocivitus. Conhecido por interações cotidianas, pedidos, rumores e possibilidades de relacionamento.	18	Navegador	ACTIVE	FEMININO	0		
NPC_1765	Eliinl	Kethruun	Sandbones	-1	Ferreiro	Ferreiro de Sandbones. Conhecido por interações cotidianas, pedidos, rumores e possibilidades de relacionamento.	35	Ferreiro	ACTIVE	MASCULINO	0		
NPC_1766	Helethr	Nyssara	Emerald Tide	0	Mensageiro	Mensageiro de Emerald Tide. Conhecido por interações cotidianas, pedidos, rumores e possibilidades de relacionamento.	52	Mensageiro	ACTIVE	FEMININO	0		
NPC_1767	Kaiav	Myrthos	Sem nome definido	1	Erudito	Erudito de Sem nome definido. Conhecido por interações cotidianas, pedidos, rumores e possibilidades de relacionamento.	69	Erudito	ACTIVE	MASCULINO	0		
NPC_1768	Neras	Orinthal	Crystalia	2	Mago	Mago de Crystalia. Conhecido por interações cotidianas, pedidos, rumores e possibilidades de relacionamento.	23	Mago	ACTIVE	FEMININO	0		
NPC_1769	Selint	Valkyrion	Volmeria	3	Carroceiro	Carroceiro de Volmeria. Conhecido por interações cotidianas, pedidos, rumores e possibilidades de relacionamento.	40	Carroceiro	ACTIVE	MASCULINO	0		
NPC_1770	Wilethm	Aeloria	Jorwyn	4	Caçador	Caçador de Jorwyn. Conhecido por interações cotidianas, pedidos, rumores e possibilidades de relacionamento.	57	Caçador	ACTIVE	FEMININO	0		
NPC_1771	Alian	Zarim	Fornalia	-2	Sentinela	Sentinela de Fornalia. Conhecido por interações cotidianas, pedidos, rumores e possibilidades de relacionamento.	74	Sentinela	ACTIVE	MASCULINO	0		
NPC_1772	Corak	Eshmara	Brumas	-1	Criador de animais	Criador de animais de Brumas. Conhecido por interações cotidianas, pedidos, rumores e possibilidades de relacionamento.	28	Criador de animais	ACTIVE	FEMININO	0		
NPC_1773	Ferind	Tharun	Stone-Âmbar	0	Bardo	Bardo de Stone-Âmbar. Conhecido por interações cotidianas, pedidos, rumores e possibilidades de relacionamento.	45	Bardo	ACTIVE	MASCULINO	0		
NPC_1774	Iriethb	Lyrien	Aerocivitus	1	Guarda	Guarda de Aerocivitus. Conhecido por interações cotidianas, pedidos, rumores e possibilidades de relacionamento.	62	Guarda	ACTIVE	FEMININO	0		
NPC_1775	Liaiath	Kethruun	Sandbones	2	Camponês	Camponês de Sandbones. Conhecido por interações cotidianas, pedidos, rumores e possibilidades de relacionamento.	79	Camponês	ACTIVE	MASCULINO	0		
NPC_1776	Oliaa	Nyssara	Emerald Tide	3	Clérigo	Clérigo de Emerald Tide. Conhecido por interações cotidianas, pedidos, rumores e possibilidades de relacionamento.	33	Clérigo	ACTIVE	FEMININO	0		
NPC_1777	Torinl	Myrthos	Sem nome definido	4	Valaryn	Valaryn de Sem nome definido. Conhecido por interações cotidianas, pedidos, rumores e possibilidades de relacionamento.	50	Valaryn	ACTIVE	MASCULINO	0		
NPC_1778	Ysaethr	Orinthal	Crystalia	-2	Artesão	Artesão de Crystalia. Conhecido por interações cotidianas, pedidos, rumores e possibilidades de relacionamento.	67	Artesão	ACTIVE	FEMININO	0		
NPC_1779	Ariav	Valkyrion	Volmeria	-1	Curandeiro	Curandeiro de Volmeria. Conhecido por interações cotidianas, pedidos, rumores e possibilidades de relacionamento.	21	Curandeiro	ACTIVE	MASCULINO	0		
NPC_1780	Daas	Aeloria	Dawnspire	0	Aventureiro	Aventureiro de Dawnspire. Conhecido por interações cotidianas, pedidos, rumores e possibilidades de relacionamento.	38	Aventureiro	ACTIVE	FEMININO	0		
NPC_1781	Galint	Zarim	Fornalia	1	Estudante	Estudante de Fornalia. Conhecido por interações cotidianas, pedidos, rumores e possibilidades de relacionamento.	55	Estudante	ACTIVE	MASCULINO	0		
NPC_1782	Jonethm	Eshmara	Brumas	2	Mercador	Mercador de Brumas. Conhecido por interações cotidianas, pedidos, rumores e possibilidades de relacionamento.	72	Mercador	ACTIVE	FEMININO	0		
NPC_1783	Marian	Tharun	Stone-Âmbar	3	Pesquisador	Pesquisador de Stone-Âmbar. Conhecido por interações cotidianas, pedidos, rumores e possibilidades de relacionamento.	26	Pesquisador	ACTIVE	MASCULINO	0		
NPC_1784	Renak	Lyrien	Aerocivitus	4	Navegador	Navegador de Aerocivitus. Conhecido por interações cotidianas, pedidos, rumores e possibilidades de relacionamento.	43	Navegador	ACTIVE	FEMININO	0		
NPC_1785	Vioind	Kethruun	Sandbones	-2	Ferreiro	Ferreiro de Sandbones. Conhecido por interações cotidianas, pedidos, rumores e possibilidades de relacionamento.	60	Ferreiro	ACTIVE	MASCULINO	0		
NPC_1786	Zanethb	Nyssara	Emerald Tide	-1	Mensageiro	Mensageiro de Emerald Tide. Conhecido por interações cotidianas, pedidos, rumores e possibilidades de relacionamento.	77	Mensageiro	ACTIVE	FEMININO	0		
NPC_1787	Beliath	Myrthos	Sem nome definido	0	Erudito	Erudito de Sem nome definido. Conhecido por interações cotidianas, pedidos, rumores e possibilidades de relacionamento.	31	Erudito	ACTIVE	MASCULINO	0		
NPC_1788	Eliaa	Orinthal	Crystalia	1	Mago	Mago de Crystalia. Conhecido por interações cotidianas, pedidos, rumores e possibilidades de relacionamento.	48	Mago	ACTIVE	FEMININO	0		
NPC_1789	Helinl	Valkyrion	Volmeria	2	Carroceiro	Carroceiro de Volmeria. Conhecido por interações cotidianas, pedidos, rumores e possibilidades de relacionamento.	65	Carroceiro	ACTIVE	MASCULINO	0		
NPC_1790	Kaethr	Aeloria	Xandralor	3	Caçador	Caçador de Xandralor. Conhecido por interações cotidianas, pedidos, rumores e possibilidades de relacionamento.	19	Caçador	ACTIVE	FEMININO	0		
NPC_1791	Neriav	Zarim	Fornalia	4	Sentinela	Sentinela de Fornalia. Conhecido por interações cotidianas, pedidos, rumores e possibilidades de relacionamento.	36	Sentinela	ACTIVE	MASCULINO	0		
NPC_1792	Selas	Eshmara	Brumas	-2	Criador de animais	Criador de animais de Brumas. Conhecido por interações cotidianas, pedidos, rumores e possibilidades de relacionamento.	53	Criador de animais	ACTIVE	FEMININO	0		
NPC_1793	Wilint	Tharun	Stone-Âmbar	-1	Bardo	Bardo de Stone-Âmbar. Conhecido por interações cotidianas, pedidos, rumores e possibilidades de relacionamento.	70	Bardo	ACTIVE	MASCULINO	0		
NPC_1794	Alethm	Lyrien	Aerocivitus	0	Guarda	Guarda de Aerocivitus. Conhecido por interações cotidianas, pedidos, rumores e possibilidades de relacionamento.	24	Guarda	ACTIVE	FEMININO	0		
NPC_1795	Corian	Kethruun	Sandbones	1	Camponês	Camponês de Sandbones. Conhecido por interações cotidianas, pedidos, rumores e possibilidades de relacionamento.	41	Camponês	ACTIVE	MASCULINO	0		
NPC_1796	Ferak	Nyssara	Emerald Tide	2	Clérigo	Clérigo de Emerald Tide. Conhecido por interações cotidianas, pedidos, rumores e possibilidades de relacionamento.	58	Clérigo	ACTIVE	FEMININO	0		
NPC_1797	Iriind	Myrthos	Sem nome definido	3	Valaryn	Valaryn de Sem nome definido. Conhecido por interações cotidianas, pedidos, rumores e possibilidades de relacionamento.	75	Valaryn	ACTIVE	MASCULINO	0		
NPC_1798	Liaethb	Orinthal	Crystalia	4	Artesão	Artesão de Crystalia. Conhecido por interações cotidianas, pedidos, rumores e possibilidades de relacionamento.	29	Artesão	ACTIVE	FEMININO	0		
NPC_1799	Oliiath	Valkyrion	Volmeria	-2	Curandeiro	Curandeiro de Volmeria. Conhecido por interações cotidianas, pedidos, rumores e possibilidades de relacionamento.	46	Curandeiro	ACTIVE	MASCULINO	0		
NPC_1800	Toraa	Aeloria	Rivenholt	-1	Aventureiro	Aventureiro de Rivenholt. Conhecido por interações cotidianas, pedidos, rumores e possibilidades de relacionamento.	63	Aventureiro	ACTIVE	FEMININO	0		
NPC_1801	Ysainl	Zarim	Fornalia	0	Estudante	Estudante de Fornalia. Conhecido por interações cotidianas, pedidos, rumores e possibilidades de relacionamento.	80	Estudante	ACTIVE	MASCULINO	0		
NPC_1802	Arethr	Eshmara	Brumas	1	Mercador	Mercador de Brumas. Conhecido por interações cotidianas, pedidos, rumores e possibilidades de relacionamento.	34	Mercador	ACTIVE	FEMININO	0		
NPC_1803	Daiav	Tharun	Stone-Âmbar	2	Pesquisador	Pesquisador de Stone-Âmbar. Conhecido por interações cotidianas, pedidos, rumores e possibilidades de relacionamento.	51	Pesquisador	ACTIVE	MASCULINO	0		
NPC_1804	Galas	Lyrien	Aerocivitus	3	Navegador	Navegador de Aerocivitus. Conhecido por interações cotidianas, pedidos, rumores e possibilidades de relacionamento.	68	Navegador	ACTIVE	FEMININO	0		
NPC_1805	Jonint	Kethruun	Sandbones	4	Ferreiro	Ferreiro de Sandbones. Conhecido por interações cotidianas, pedidos, rumores e possibilidades de relacionamento.	22	Ferreiro	ACTIVE	MASCULINO	0		
NPC_1806	Marethm	Nyssara	Emerald Tide	-2	Mensageiro	Mensageiro de Emerald Tide. Conhecido por interações cotidianas, pedidos, rumores e possibilidades de relacionamento.	39	Mensageiro	ACTIVE	FEMININO	0		
NPC_1807	Renian	Myrthos	Sem nome definido	-1	Erudito	Erudito de Sem nome definido. Conhecido por interações cotidianas, pedidos, rumores e possibilidades de relacionamento.	56	Erudito	ACTIVE	MASCULINO	0		
NPC_1808	Vioak	Orinthal	Crystalia	0	Mago	Mago de Crystalia. Conhecido por interações cotidianas, pedidos, rumores e possibilidades de relacionamento.	73	Mago	ACTIVE	FEMININO	0		
NPC_1809	Zanind	Valkyrion	Volmeria	1	Carroceiro	Carroceiro de Volmeria. Conhecido por interações cotidianas, pedidos, rumores e possibilidades de relacionamento.	27	Carroceiro	ACTIVE	MASCULINO	0		
NPC_1810	Belethb	Aeloria	Loryndor	2	Caçador	Caçador de Loryndor. Conhecido por interações cotidianas, pedidos, rumores e possibilidades de relacionamento.	44	Caçador	ACTIVE	FEMININO	0		
NPC_1811	Eliiath	Zarim	Fornalia	3	Sentinela	Sentinela de Fornalia. Conhecido por interações cotidianas, pedidos, rumores e possibilidades de relacionamento.	61	Sentinela	ACTIVE	MASCULINO	0		
NPC_1812	Helaa	Eshmara	Brumas	4	Criador de animais	Criador de animais de Brumas. Conhecido por interações cotidianas, pedidos, rumores e possibilidades de relacionamento.	78	Criador de animais	ACTIVE	FEMININO	0		
NPC_1813	Kainl	Tharun	Stone-Âmbar	-2	Bardo	Bardo de Stone-Âmbar. Conhecido por interações cotidianas, pedidos, rumores e possibilidades de relacionamento.	32	Bardo	ACTIVE	MASCULINO	0		
NPC_1814	Nerethr	Lyrien	Aerocivitus	-1	Guarda	Guarda de Aerocivitus. Conhecido por interações cotidianas, pedidos, rumores e possibilidades de relacionamento.	49	Guarda	ACTIVE	FEMININO	0		
NPC_1815	Seliav	Kethruun	Sandbones	0	Camponês	Camponês de Sandbones. Conhecido por interações cotidianas, pedidos, rumores e possibilidades de relacionamento.	66	Camponês	ACTIVE	MASCULINO	0		
NPC_1816	Wilas	Nyssara	Emerald Tide	1	Clérigo	Clérigo de Emerald Tide. Conhecido por interações cotidianas, pedidos, rumores e possibilidades de relacionamento.	20	Clérigo	ACTIVE	FEMININO	0		
NPC_1817	Alint	Myrthos	Sem nome definido	2	Valaryn	Valaryn de Sem nome definido. Conhecido por interações cotidianas, pedidos, rumores e possibilidades de relacionamento.	37	Valaryn	ACTIVE	MASCULINO	0		
NPC_1818	Corethm	Orinthal	Crystalia	3	Artesão	Artesão de Crystalia. Conhecido por interações cotidianas, pedidos, rumores e possibilidades de relacionamento.	54	Artesão	ACTIVE	FEMININO	0		
NPC_1819	Ferian	Valkyrion	Volmeria	4	Curandeiro	Curandeiro de Volmeria. Conhecido por interações cotidianas, pedidos, rumores e possibilidades de relacionamento.	71	Curandeiro	ACTIVE	MASCULINO	0		
NPC_1820	Iriak	Aeloria	Fenndral	-2	Aventureiro	Aventureiro de Fenndral. Conhecido por interações cotidianas, pedidos, rumores e possibilidades de relacionamento.	25	Aventureiro	ACTIVE	FEMININO	0		
NPC_1821	Liaind	Zarim	Fornalia	-1	Estudante	Estudante de Fornalia. Conhecido por interações cotidianas, pedidos, rumores e possibilidades de relacionamento.	42	Estudante	ACTIVE	MASCULINO	0		
NPC_1822	Oliethb	Eshmara	Brumas	0	Mercador	Mercador de Brumas. Conhecido por interações cotidianas, pedidos, rumores e possibilidades de relacionamento.	59	Mercador	ACTIVE	FEMININO	0		
NPC_1823	Toriath	Tharun	Stone-Âmbar	1	Pesquisador	Pesquisador de Stone-Âmbar. Conhecido por interações cotidianas, pedidos, rumores e possibilidades de relacionamento.	76	Pesquisador	ACTIVE	MASCULINO	0		
NPC_1824	Ysaaa	Lyrien	Aerocivitus	2	Navegador	Navegador de Aerocivitus. Conhecido por interações cotidianas, pedidos, rumores e possibilidades de relacionamento.	30	Navegador	ACTIVE	FEMININO	0		
NPC_1825	Arinl	Kethruun	Sandbones	3	Ferreiro	Ferreiro de Sandbones. Conhecido por interações cotidianas, pedidos, rumores e possibilidades de relacionamento.	47	Ferreiro	ACTIVE	MASCULINO	0		
NPC_1826	Daethr	Nyssara	Emerald Tide	4	Mensageiro	Mensageiro de Emerald Tide. Conhecido por interações cotidianas, pedidos, rumores e possibilidades de relacionamento.	64	Mensageiro	ACTIVE	FEMININO	0		
NPC_1827	Galiav	Myrthos	Sem nome definido	-2	Erudito	Erudito de Sem nome definido. Conhecido por interações cotidianas, pedidos, rumores e possibilidades de relacionamento.	18	Erudito	ACTIVE	MASCULINO	0		
NPC_1828	Jonas	Orinthal	Crystalia	-1	Mago	Mago de Crystalia. Conhecido por interações cotidianas, pedidos, rumores e possibilidades de relacionamento.	35	Mago	ACTIVE	FEMININO	0		
NPC_1829	Marint	Valkyrion	Volmeria	0	Carroceiro	Carroceiro de Volmeria. Conhecido por interações cotidianas, pedidos, rumores e possibilidades de relacionamento.	52	Carroceiro	ACTIVE	MASCULINO	0		
NPC_1830	Renethm	Aeloria	Feyndral	1	Caçador	Caçador de Feyndral. Conhecido por interações cotidianas, pedidos, rumores e possibilidades de relacionamento.	69	Caçador	ACTIVE	FEMININO	0		
NPC_1831	Vioian	Zarim	Fornalia	2	Sentinela	Sentinela de Fornalia. Conhecido por interações cotidianas, pedidos, rumores e possibilidades de relacionamento.	23	Sentinela	ACTIVE	MASCULINO	0		
NPC_1832	Zanak	Eshmara	Brumas	3	Criador de animais	Criador de animais de Brumas. Conhecido por interações cotidianas, pedidos, rumores e possibilidades de relacionamento.	40	Criador de animais	ACTIVE	FEMININO	0		
NPC_1833	Belind	Tharun	Stone-Âmbar	4	Bardo	Bardo de Stone-Âmbar. Conhecido por interações cotidianas, pedidos, rumores e possibilidades de relacionamento.	57	Bardo	ACTIVE	MASCULINO	0		
NPC_1834	Eliethb	Lyrien	Aerocivitus	-2	Guarda	Guarda de Aerocivitus. Conhecido por interações cotidianas, pedidos, rumores e possibilidades de relacionamento.	74	Guarda	ACTIVE	FEMININO	0		
NPC_1835	Heliath	Kethruun	Sandbones	-1	Camponês	Camponês de Sandbones. Conhecido por interações cotidianas, pedidos, rumores e possibilidades de relacionamento.	28	Camponês	ACTIVE	MASCULINO	0		
NPC_1836	Kaaa	Nyssara	Emerald Tide	0	Clérigo	Clérigo de Emerald Tide. Conhecido por interações cotidianas, pedidos, rumores e possibilidades de relacionamento.	45	Clérigo	ACTIVE	FEMININO	0		
NPC_1837	Nerinl	Myrthos	Sem nome definido	1	Valaryn	Valaryn de Sem nome definido. Conhecido por interações cotidianas, pedidos, rumores e possibilidades de relacionamento.	62	Valaryn	ACTIVE	MASCULINO	0		
NPC_1838	Selethr	Orinthal	Crystalia	2	Artesão	Artesão de Crystalia. Conhecido por interações cotidianas, pedidos, rumores e possibilidades de relacionamento.	79	Artesão	ACTIVE	FEMININO	0		
NPC_1839	Wiliav	Valkyrion	Volmeria	3	Curandeiro	Curandeiro de Volmeria. Conhecido por interações cotidianas, pedidos, rumores e possibilidades de relacionamento.	33	Curandeiro	ACTIVE	MASCULINO	0		
NPC_1840	Alas	Aeloria	Zephyrholt	4	Aventureiro	Aventureiro de Zephyrholt. Conhecido por interações cotidianas, pedidos, rumores e possibilidades de relacionamento.	50	Aventureiro	ACTIVE	FEMININO	0		
NPC_1841	Corint	Zarim	Fornalia	-2	Estudante	Estudante de Fornalia. Conhecido por interações cotidianas, pedidos, rumores e possibilidades de relacionamento.	67	Estudante	ACTIVE	MASCULINO	0		
NPC_1842	Ferethm	Eshmara	Brumas	-1	Mercador	Mercador de Brumas. Conhecido por interações cotidianas, pedidos, rumores e possibilidades de relacionamento.	21	Mercador	ACTIVE	FEMININO	0		
NPC_1843	Iriian	Tharun	Stone-Âmbar	0	Pesquisador	Pesquisador de Stone-Âmbar. Conhecido por interações cotidianas, pedidos, rumores e possibilidades de relacionamento.	38	Pesquisador	ACTIVE	MASCULINO	0		
NPC_1844	Liaak	Lyrien	Aerocivitus	1	Navegador	Navegador de Aerocivitus. Conhecido por interações cotidianas, pedidos, rumores e possibilidades de relacionamento.	55	Navegador	ACTIVE	FEMININO	0		
NPC_1845	Oliind	Kethruun	Sandbones	2	Ferreiro	Ferreiro de Sandbones. Conhecido por interações cotidianas, pedidos, rumores e possibilidades de relacionamento.	72	Ferreiro	ACTIVE	MASCULINO	0		
NPC_1846	Torethb	Nyssara	Emerald Tide	3	Mensageiro	Mensageiro de Emerald Tide. Conhecido por interações cotidianas, pedidos, rumores e possibilidades de relacionamento.	26	Mensageiro	ACTIVE	FEMININO	0		
NPC_1847	Ysaiath	Myrthos	Sem nome definido	4	Erudito	Erudito de Sem nome definido. Conhecido por interações cotidianas, pedidos, rumores e possibilidades de relacionamento.	43	Erudito	ACTIVE	MASCULINO	0		
NPC_1848	Araa	Orinthal	Crystalia	-2	Mago	Mago de Crystalia. Conhecido por interações cotidianas, pedidos, rumores e possibilidades de relacionamento.	60	Mago	ACTIVE	FEMININO	0		
NPC_1849	Dainl	Valkyrion	Volmeria	-1	Carroceiro	Carroceiro de Volmeria. Conhecido por interações cotidianas, pedidos, rumores e possibilidades de relacionamento.	77	Carroceiro	ACTIVE	MASCULINO	0		
NPC_1850	Galethr	Aeloria	Tindralith	0	Caçador	Caçador de Tindralith. Conhecido por interações cotidianas, pedidos, rumores e possibilidades de relacionamento.	31	Caçador	ACTIVE	FEMININO	0		
NPC_1851	Joniav	Zarim	Fornalia	1	Sentinela	Sentinela de Fornalia. Conhecido por interações cotidianas, pedidos, rumores e possibilidades de relacionamento.	48	Sentinela	ACTIVE	MASCULINO	0		
NPC_1852	Maras	Eshmara	Brumas	2	Criador de animais	Criador de animais de Brumas. Conhecido por interações cotidianas, pedidos, rumores e possibilidades de relacionamento.	65	Criador de animais	ACTIVE	FEMININO	0		
NPC_1853	Renint	Tharun	Stone-Âmbar	3	Bardo	Bardo de Stone-Âmbar. Conhecido por interações cotidianas, pedidos, rumores e possibilidades de relacionamento.	19	Bardo	ACTIVE	MASCULINO	0		
NPC_1854	Vioethm	Lyrien	Aerocivitus	4	Guarda	Guarda de Aerocivitus. Conhecido por interações cotidianas, pedidos, rumores e possibilidades de relacionamento.	36	Guarda	ACTIVE	FEMININO	0		
NPC_1855	Zanian	Kethruun	Sandbones	-2	Camponês	Camponês de Sandbones. Conhecido por interações cotidianas, pedidos, rumores e possibilidades de relacionamento.	53	Camponês	ACTIVE	MASCULINO	0		
NPC_1856	Belak	Nyssara	Emerald Tide	-1	Clérigo	Clérigo de Emerald Tide. Conhecido por interações cotidianas, pedidos, rumores e possibilidades de relacionamento.	70	Clérigo	ACTIVE	FEMININO	0		
NPC_1857	Eliind	Myrthos	Sem nome definido	0	Valaryn	Valaryn de Sem nome definido. Conhecido por interações cotidianas, pedidos, rumores e possibilidades de relacionamento.	24	Valaryn	ACTIVE	MASCULINO	0		
NPC_1858	Helethb	Orinthal	Crystalia	1	Artesão	Artesão de Crystalia. Conhecido por interações cotidianas, pedidos, rumores e possibilidades de relacionamento.	41	Artesão	ACTIVE	FEMININO	0		
NPC_1859	Kaiath	Valkyrion	Volmeria	2	Curandeiro	Curandeiro de Volmeria. Conhecido por interações cotidianas, pedidos, rumores e possibilidades de relacionamento.	58	Curandeiro	ACTIVE	MASCULINO	0		
NPC_1860	Neraa	Aeloria	Netherholt	3	Aventureiro	Aventureiro de Netherholt. Conhecido por interações cotidianas, pedidos, rumores e possibilidades de relacionamento.	75	Aventureiro	ACTIVE	FEMININO	0		
NPC_1861	Selinl	Zarim	Fornalia	4	Estudante	Estudante de Fornalia. Conhecido por interações cotidianas, pedidos, rumores e possibilidades de relacionamento.	29	Estudante	ACTIVE	MASCULINO	0		
NPC_1862	Wilethr	Eshmara	Brumas	-2	Mercador	Mercador de Brumas. Conhecido por interações cotidianas, pedidos, rumores e possibilidades de relacionamento.	46	Mercador	ACTIVE	FEMININO	0		
NPC_1863	Aliav	Tharun	Stone-Âmbar	-1	Pesquisador	Pesquisador de Stone-Âmbar. Conhecido por interações cotidianas, pedidos, rumores e possibilidades de relacionamento.	63	Pesquisador	ACTIVE	MASCULINO	0		
NPC_1864	Coras	Lyrien	Aerocivitus	0	Navegador	Navegador de Aerocivitus. Conhecido por interações cotidianas, pedidos, rumores e possibilidades de relacionamento.	80	Navegador	ACTIVE	FEMININO	0		
NPC_1865	Ferint	Kethruun	Sandbones	1	Ferreiro	Ferreiro de Sandbones. Conhecido por interações cotidianas, pedidos, rumores e possibilidades de relacionamento.	34	Ferreiro	ACTIVE	MASCULINO	0		
NPC_1866	Iriethm	Nyssara	Emerald Tide	2	Mensageiro	Mensageiro de Emerald Tide. Conhecido por interações cotidianas, pedidos, rumores e possibilidades de relacionamento.	51	Mensageiro	ACTIVE	FEMININO	0		
NPC_1867	Liaian	Myrthos	Sem nome definido	3	Erudito	Erudito de Sem nome definido. Conhecido por interações cotidianas, pedidos, rumores e possibilidades de relacionamento.	68	Erudito	ACTIVE	MASCULINO	0		
NPC_1868	Oliak	Orinthal	Crystalia	4	Mago	Mago de Crystalia. Conhecido por interações cotidianas, pedidos, rumores e possibilidades de relacionamento.	22	Mago	ACTIVE	FEMININO	0		
NPC_1869	Torind	Valkyrion	Volmeria	-2	Carroceiro	Carroceiro de Volmeria. Conhecido por interações cotidianas, pedidos, rumores e possibilidades de relacionamento.	39	Carroceiro	ACTIVE	MASCULINO	0		
NPC_1870	Ysaethb	Aeloria	Highspire	-1	Caçador	Caçador de Highspire. Conhecido por interações cotidianas, pedidos, rumores e possibilidades de relacionamento.	56	Caçador	ACTIVE	FEMININO	0		
NPC_1871	Ariath	Zarim	Fornalia	0	Sentinela	Sentinela de Fornalia. Conhecido por interações cotidianas, pedidos, rumores e possibilidades de relacionamento.	73	Sentinela	ACTIVE	MASCULINO	0		
NPC_1872	Daaa	Eshmara	Brumas	1	Criador de animais	Criador de animais de Brumas. Conhecido por interações cotidianas, pedidos, rumores e possibilidades de relacionamento.	27	Criador de animais	ACTIVE	FEMININO	0		
NPC_1873	Galinl	Tharun	Stone-Âmbar	2	Bardo	Bardo de Stone-Âmbar. Conhecido por interações cotidianas, pedidos, rumores e possibilidades de relacionamento.	44	Bardo	ACTIVE	MASCULINO	0		
NPC_1874	Jonethr	Lyrien	Aerocivitus	3	Guarda	Guarda de Aerocivitus. Conhecido por interações cotidianas, pedidos, rumores e possibilidades de relacionamento.	61	Guarda	ACTIVE	FEMININO	0		
NPC_1875	Mariav	Kethruun	Sandbones	4	Camponês	Camponês de Sandbones. Conhecido por interações cotidianas, pedidos, rumores e possibilidades de relacionamento.	78	Camponês	ACTIVE	MASCULINO	0		
NPC_1876	Renas	Nyssara	Emerald Tide	-2	Clérigo	Clérigo de Emerald Tide. Conhecido por interações cotidianas, pedidos, rumores e possibilidades de relacionamento.	32	Clérigo	ACTIVE	FEMININO	0		
NPC_1877	Vioint	Myrthos	Sem nome definido	-1	Valaryn	Valaryn de Sem nome definido. Conhecido por interações cotidianas, pedidos, rumores e possibilidades de relacionamento.	49	Valaryn	ACTIVE	MASCULINO	0		
NPC_1878	Zanethm	Orinthal	Crystalia	0	Artesão	Artesão de Crystalia. Conhecido por interações cotidianas, pedidos, rumores e possibilidades de relacionamento.	66	Artesão	ACTIVE	FEMININO	0		
NPC_1879	Belian	Valkyrion	Volmeria	1	Curandeiro	Curandeiro de Volmeria. Conhecido por interações cotidianas, pedidos, rumores e possibilidades de relacionamento.	20	Curandeiro	ACTIVE	MASCULINO	0		
NPC_1880	Eliak	Aeloria	Blackmere	2	Aventureiro	Aventureiro de Blackmere. Conhecido por interações cotidianas, pedidos, rumores e possibilidades de relacionamento.	37	Aventureiro	ACTIVE	FEMININO	0		
NPC_1881	Helind	Zarim	Fornalia	3	Estudante	Estudante de Fornalia. Conhecido por interações cotidianas, pedidos, rumores e possibilidades de relacionamento.	54	Estudante	ACTIVE	MASCULINO	0		
NPC_1882	Kaethb	Eshmara	Brumas	4	Mercador	Mercador de Brumas. Conhecido por interações cotidianas, pedidos, rumores e possibilidades de relacionamento.	71	Mercador	ACTIVE	FEMININO	0		
NPC_1883	Neriath	Tharun	Stone-Âmbar	-2	Pesquisador	Pesquisador de Stone-Âmbar. Conhecido por interações cotidianas, pedidos, rumores e possibilidades de relacionamento.	25	Pesquisador	ACTIVE	MASCULINO	0		
NPC_1884	Selaa	Lyrien	Aerocivitus	-1	Navegador	Navegador de Aerocivitus. Conhecido por interações cotidianas, pedidos, rumores e possibilidades de relacionamento.	42	Navegador	ACTIVE	FEMININO	0		
NPC_1885	Wilinl	Kethruun	Sandbones	0	Ferreiro	Ferreiro de Sandbones. Conhecido por interações cotidianas, pedidos, rumores e possibilidades de relacionamento.	59	Ferreiro	ACTIVE	MASCULINO	0		
NPC_1886	Alethr	Nyssara	Emerald Tide	1	Mensageiro	Mensageiro de Emerald Tide. Conhecido por interações cotidianas, pedidos, rumores e possibilidades de relacionamento.	76	Mensageiro	ACTIVE	FEMININO	0		
NPC_1887	Coriav	Myrthos	Sem nome definido	2	Erudito	Erudito de Sem nome definido. Conhecido por interações cotidianas, pedidos, rumores e possibilidades de relacionamento.	30	Erudito	ACTIVE	MASCULINO	0		
NPC_1888	Feras	Orinthal	Crystalia	3	Mago	Mago de Crystalia. Conhecido por interações cotidianas, pedidos, rumores e possibilidades de relacionamento.	47	Mago	ACTIVE	FEMININO	0		
NPC_1889	Iriint	Valkyrion	Volmeria	4	Carroceiro	Carroceiro de Volmeria. Conhecido por interações cotidianas, pedidos, rumores e possibilidades de relacionamento.	64	Carroceiro	ACTIVE	MASCULINO	0		
NPC_1890	Liaethm	Aeloria	Veyndaril	-2	Caçador	Caçador de Veyndaril. Conhecido por interações cotidianas, pedidos, rumores e possibilidades de relacionamento.	18	Caçador	ACTIVE	FEMININO	0		
NPC_1891	Oliian	Zarim	Fornalia	-1	Sentinela	Sentinela de Fornalia. Conhecido por interações cotidianas, pedidos, rumores e possibilidades de relacionamento.	35	Sentinela	ACTIVE	MASCULINO	0		
NPC_1892	Torak	Eshmara	Brumas	0	Criador de animais	Criador de animais de Brumas. Conhecido por interações cotidianas, pedidos, rumores e possibilidades de relacionamento.	52	Criador de animais	ACTIVE	FEMININO	0		
NPC_1893	Ysaind	Tharun	Stone-Âmbar	1	Bardo	Bardo de Stone-Âmbar. Conhecido por interações cotidianas, pedidos, rumores e possibilidades de relacionamento.	69	Bardo	ACTIVE	MASCULINO	0		
NPC_1894	Arethb	Lyrien	Aerocivitus	2	Guarda	Guarda de Aerocivitus. Conhecido por interações cotidianas, pedidos, rumores e possibilidades de relacionamento.	23	Guarda	ACTIVE	FEMININO	0		
NPC_1895	Daiath	Kethruun	Sandbones	3	Camponês	Camponês de Sandbones. Conhecido por interações cotidianas, pedidos, rumores e possibilidades de relacionamento.	40	Camponês	ACTIVE	MASCULINO	0		
NPC_1896	Galaa	Nyssara	Emerald Tide	4	Clérigo	Clérigo de Emerald Tide. Conhecido por interações cotidianas, pedidos, rumores e possibilidades de relacionamento.	57	Clérigo	ACTIVE	FEMININO	0		
NPC_1897	Joninl	Myrthos	Sem nome definido	-2	Valaryn	Valaryn de Sem nome definido. Conhecido por interações cotidianas, pedidos, rumores e possibilidades de relacionamento.	74	Valaryn	ACTIVE	MASCULINO	0		
NPC_1898	Marethr	Orinthal	Crystalia	-1	Artesão	Artesão de Crystalia. Conhecido por interações cotidianas, pedidos, rumores e possibilidades de relacionamento.	28	Artesão	ACTIVE	FEMININO	0		
NPC_1899	Reniav	Valkyrion	Volmeria	0	Curandeiro	Curandeiro de Volmeria. Conhecido por interações cotidianas, pedidos, rumores e possibilidades de relacionamento.	45	Curandeiro	ACTIVE	MASCULINO	0		
NPC_1900	Vioas	Aeloria	Pyrelith	1	Aventureiro	Aventureiro de Pyrelith. Conhecido por interações cotidianas, pedidos, rumores e possibilidades de relacionamento.	62	Aventureiro	ACTIVE	FEMININO	0		
NPC_1901	Zanint	Zarim	Fornalia	2	Estudante	Estudante de Fornalia. Conhecido por interações cotidianas, pedidos, rumores e possibilidades de relacionamento.	79	Estudante	ACTIVE	MASCULINO	0		
NPC_1902	Belethm	Eshmara	Brumas	3	Mercador	Mercador de Brumas. Conhecido por interações cotidianas, pedidos, rumores e possibilidades de relacionamento.	33	Mercador	ACTIVE	FEMININO	0		
NPC_1903	Eliian	Tharun	Stone-Âmbar	4	Pesquisador	Pesquisador de Stone-Âmbar. Conhecido por interações cotidianas, pedidos, rumores e possibilidades de relacionamento.	50	Pesquisador	ACTIVE	MASCULINO	0		
NPC_1904	Helak	Lyrien	Aerocivitus	-2	Navegador	Navegador de Aerocivitus. Conhecido por interações cotidianas, pedidos, rumores e possibilidades de relacionamento.	67	Navegador	ACTIVE	FEMININO	0		
NPC_1905	Kaind	Kethruun	Sandbones	-1	Ferreiro	Ferreiro de Sandbones. Conhecido por interações cotidianas, pedidos, rumores e possibilidades de relacionamento.	21	Ferreiro	ACTIVE	MASCULINO	0		
NPC_1906	Nerethb	Nyssara	Emerald Tide	0	Mensageiro	Mensageiro de Emerald Tide. Conhecido por interações cotidianas, pedidos, rumores e possibilidades de relacionamento.	38	Mensageiro	ACTIVE	FEMININO	0		
NPC_1907	Seliath	Myrthos	Sem nome definido	1	Erudito	Erudito de Sem nome definido. Conhecido por interações cotidianas, pedidos, rumores e possibilidades de relacionamento.	55	Erudito	ACTIVE	MASCULINO	0		
NPC_1908	Wilaa	Orinthal	Crystalia	2	Mago	Mago de Crystalia. Conhecido por interações cotidianas, pedidos, rumores e possibilidades de relacionamento.	72	Mago	ACTIVE	FEMININO	0		
NPC_1909	Alinl	Valkyrion	Volmeria	3	Carroceiro	Carroceiro de Volmeria. Conhecido por interações cotidianas, pedidos, rumores e possibilidades de relacionamento.	26	Carroceiro	ACTIVE	MASCULINO	0		
NPC_1910	Corethr	Aeloria	Jorathen	4	Caçador	Caçador de Jorathen. Conhecido por interações cotidianas, pedidos, rumores e possibilidades de relacionamento.	43	Caçador	ACTIVE	FEMININO	0		
NPC_1911	Feriav	Zarim	Fornalia	-2	Sentinela	Sentinela de Fornalia. Conhecido por interações cotidianas, pedidos, rumores e possibilidades de relacionamento.	60	Sentinela	ACTIVE	MASCULINO	0		
NPC_1912	Irias	Eshmara	Brumas	-1	Criador de animais	Criador de animais de Brumas. Conhecido por interações cotidianas, pedidos, rumores e possibilidades de relacionamento.	77	Criador de animais	ACTIVE	FEMININO	0		
NPC_1913	Liaint	Tharun	Stone-Âmbar	0	Bardo	Bardo de Stone-Âmbar. Conhecido por interações cotidianas, pedidos, rumores e possibilidades de relacionamento.	31	Bardo	ACTIVE	MASCULINO	0		
NPC_1914	Oliethm	Lyrien	Aerocivitus	1	Guarda	Guarda de Aerocivitus. Conhecido por interações cotidianas, pedidos, rumores e possibilidades de relacionamento.	48	Guarda	ACTIVE	FEMININO	0		
NPC_1915	Torian	Kethruun	Sandbones	2	Camponês	Camponês de Sandbones. Conhecido por interações cotidianas, pedidos, rumores e possibilidades de relacionamento.	65	Camponês	ACTIVE	MASCULINO	0		
NPC_1916	Ysaak	Nyssara	Emerald Tide	3	Clérigo	Clérigo de Emerald Tide. Conhecido por interações cotidianas, pedidos, rumores e possibilidades de relacionamento.	19	Clérigo	ACTIVE	FEMININO	0		
NPC_1917	Arind	Myrthos	Sem nome definido	4	Valaryn	Valaryn de Sem nome definido. Conhecido por interações cotidianas, pedidos, rumores e possibilidades de relacionamento.	36	Valaryn	ACTIVE	MASCULINO	0		
NPC_1918	Daethb	Orinthal	Crystalia	-2	Artesão	Artesão de Crystalia. Conhecido por interações cotidianas, pedidos, rumores e possibilidades de relacionamento.	53	Artesão	ACTIVE	FEMININO	0		
NPC_1919	Galiath	Valkyrion	Volmeria	-1	Curandeiro	Curandeiro de Volmeria. Conhecido por interações cotidianas, pedidos, rumores e possibilidades de relacionamento.	70	Curandeiro	ACTIVE	MASCULINO	0		
NPC_1920	Jonaa	Aeloria	Duskmere	0	Aventureiro	Aventureiro de Duskmere. Conhecido por interações cotidianas, pedidos, rumores e possibilidades de relacionamento.	24	Aventureiro	ACTIVE	FEMININO	0		
NPC_1921	Marinl	Zarim	Fornalia	1	Estudante	Estudante de Fornalia. Conhecido por interações cotidianas, pedidos, rumores e possibilidades de relacionamento.	41	Estudante	ACTIVE	MASCULINO	0		
NPC_1922	Renethr	Eshmara	Brumas	2	Mercador	Mercador de Brumas. Conhecido por interações cotidianas, pedidos, rumores e possibilidades de relacionamento.	58	Mercador	ACTIVE	FEMININO	0		
NPC_1923	Vioiav	Tharun	Stone-Âmbar	3	Pesquisador	Pesquisador de Stone-Âmbar. Conhecido por interações cotidianas, pedidos, rumores e possibilidades de relacionamento.	75	Pesquisador	ACTIVE	MASCULINO	0		
NPC_1924	Zanas	Lyrien	Aerocivitus	4	Navegador	Navegador de Aerocivitus. Conhecido por interações cotidianas, pedidos, rumores e possibilidades de relacionamento.	29	Navegador	ACTIVE	FEMININO	0		
NPC_1925	Belint	Kethruun	Sandbones	-2	Ferreiro	Ferreiro de Sandbones. Conhecido por interações cotidianas, pedidos, rumores e possibilidades de relacionamento.	46	Ferreiro	ACTIVE	MASCULINO	0		
NPC_1926	Eliethm	Nyssara	Emerald Tide	-1	Mensageiro	Mensageiro de Emerald Tide. Conhecido por interações cotidianas, pedidos, rumores e possibilidades de relacionamento.	63	Mensageiro	ACTIVE	FEMININO	0		
NPC_1927	Helian	Myrthos	Sem nome definido	0	Erudito	Erudito de Sem nome definido. Conhecido por interações cotidianas, pedidos, rumores e possibilidades de relacionamento.	80	Erudito	ACTIVE	MASCULINO	0		
NPC_1928	Kaak	Orinthal	Crystalia	1	Mago	Mago de Crystalia. Conhecido por interações cotidianas, pedidos, rumores e possibilidades de relacionamento.	34	Mago	ACTIVE	FEMININO	0		
NPC_1929	Nerind	Valkyrion	Volmeria	2	Carroceiro	Carroceiro de Volmeria. Conhecido por interações cotidianas, pedidos, rumores e possibilidades de relacionamento.	51	Carroceiro	ACTIVE	MASCULINO	0		
NPC_1930	Selethb	Aeloria	Lunareth	3	Caçador	Caçador de Lunareth. Conhecido por interações cotidianas, pedidos, rumores e possibilidades de relacionamento.	68	Caçador	ACTIVE	FEMININO	0		
NPC_1931	Wiliath	Zarim	Fornalia	4	Sentinela	Sentinela de Fornalia. Conhecido por interações cotidianas, pedidos, rumores e possibilidades de relacionamento.	22	Sentinela	ACTIVE	MASCULINO	0		
NPC_1932	Alaa	Eshmara	Brumas	-2	Criador de animais	Criador de animais de Brumas. Conhecido por interações cotidianas, pedidos, rumores e possibilidades de relacionamento.	39	Criador de animais	ACTIVE	FEMININO	0		
NPC_1933	Corinl	Tharun	Stone-Âmbar	-1	Bardo	Bardo de Stone-Âmbar. Conhecido por interações cotidianas, pedidos, rumores e possibilidades de relacionamento.	56	Bardo	ACTIVE	MASCULINO	0		
NPC_1934	Ferethr	Lyrien	Aerocivitus	0	Guarda	Guarda de Aerocivitus. Conhecido por interações cotidianas, pedidos, rumores e possibilidades de relacionamento.	73	Guarda	ACTIVE	FEMININO	0		
NPC_1935	Iriiav	Kethruun	Sandbones	1	Camponês	Camponês de Sandbones. Conhecido por interações cotidianas, pedidos, rumores e possibilidades de relacionamento.	27	Camponês	ACTIVE	MASCULINO	0		
NPC_1936	Liaas	Nyssara	Emerald Tide	2	Clérigo	Clérigo de Emerald Tide. Conhecido por interações cotidianas, pedidos, rumores e possibilidades de relacionamento.	44	Clérigo	ACTIVE	FEMININO	0		
NPC_1937	Oliint	Myrthos	Sem nome definido	3	Valaryn	Valaryn de Sem nome definido. Conhecido por interações cotidianas, pedidos, rumores e possibilidades de relacionamento.	61	Valaryn	ACTIVE	MASCULINO	0		
NPC_1938	Torethm	Orinthal	Crystalia	4	Artesão	Artesão de Crystalia. Conhecido por interações cotidianas, pedidos, rumores e possibilidades de relacionamento.	78	Artesão	ACTIVE	FEMININO	0		
NPC_1939	Ysaian	Valkyrion	Volmeria	-2	Curandeiro	Curandeiro de Volmeria. Conhecido por interações cotidianas, pedidos, rumores e possibilidades de relacionamento.	32	Curandeiro	ACTIVE	MASCULINO	0		
NPC_1940	Arak	Aeloria	Xyrelith	-1	Aventureiro	Aventureiro de Xyrelith. Conhecido por interações cotidianas, pedidos, rumores e possibilidades de relacionamento.	49	Aventureiro	ACTIVE	FEMININO	0		
NPC_1941	Daind	Zarim	Fornalia	0	Estudante	Estudante de Fornalia. Conhecido por interações cotidianas, pedidos, rumores e possibilidades de relacionamento.	66	Estudante	ACTIVE	MASCULINO	0		
NPC_1942	Galethb	Eshmara	Brumas	1	Mercador	Mercador de Brumas. Conhecido por interações cotidianas, pedidos, rumores e possibilidades de relacionamento.	20	Mercador	ACTIVE	FEMININO	0		
NPC_1943	Joniath	Tharun	Stone-Âmbar	2	Pesquisador	Pesquisador de Stone-Âmbar. Conhecido por interações cotidianas, pedidos, rumores e possibilidades de relacionamento.	37	Pesquisador	ACTIVE	MASCULINO	0		
NPC_1944	Maraa	Lyrien	Aerocivitus	3	Navegador	Navegador de Aerocivitus. Conhecido por interações cotidianas, pedidos, rumores e possibilidades de relacionamento.	54	Navegador	ACTIVE	FEMININO	0		
NPC_1945	Reninl	Kethruun	Sandbones	4	Ferreiro	Ferreiro de Sandbones. Conhecido por interações cotidianas, pedidos, rumores e possibilidades de relacionamento.	71	Ferreiro	ACTIVE	MASCULINO	0		
NPC_1946	Vioethr	Nyssara	Emerald Tide	-2	Mensageiro	Mensageiro de Emerald Tide. Conhecido por interações cotidianas, pedidos, rumores e possibilidades de relacionamento.	25	Mensageiro	ACTIVE	FEMININO	0		
NPC_1947	Zaniav	Myrthos	Sem nome definido	-1	Erudito	Erudito de Sem nome definido. Conhecido por interações cotidianas, pedidos, rumores e possibilidades de relacionamento.	42	Erudito	ACTIVE	MASCULINO	0		
NPC_1948	Belas	Orinthal	Crystalia	0	Mago	Mago de Crystalia. Conhecido por interações cotidianas, pedidos, rumores e possibilidades de relacionamento.	59	Mago	ACTIVE	FEMININO	0		
NPC_1949	Eliint	Valkyrion	Volmeria	1	Carroceiro	Carroceiro de Volmeria. Conhecido por interações cotidianas, pedidos, rumores e possibilidades de relacionamento.	76	Carroceiro	ACTIVE	MASCULINO	0		
NPC_1950	Helethm	Aeloria	Runedral	2	Caçador	Caçador de Runedral. Conhecido por interações cotidianas, pedidos, rumores e possibilidades de relacionamento.	30	Caçador	ACTIVE	FEMININO	0		
NPC_1951	Kaian	Zarim	Fornalia	3	Sentinela	Sentinela de Fornalia. Conhecido por interações cotidianas, pedidos, rumores e possibilidades de relacionamento.	47	Sentinela	ACTIVE	MASCULINO	0		
NPC_1952	Nerak	Eshmara	Brumas	4	Criador de animais	Criador de animais de Brumas. Conhecido por interações cotidianas, pedidos, rumores e possibilidades de relacionamento.	64	Criador de animais	ACTIVE	FEMININO	0		
NPC_1953	Selind	Tharun	Stone-Âmbar	-2	Bardo	Bardo de Stone-Âmbar. Conhecido por interações cotidianas, pedidos, rumores e possibilidades de relacionamento.	18	Bardo	ACTIVE	MASCULINO	0		
NPC_1954	Wilethb	Lyrien	Aerocivitus	-1	Guarda	Guarda de Aerocivitus. Conhecido por interações cotidianas, pedidos, rumores e possibilidades de relacionamento.	35	Guarda	ACTIVE	FEMININO	0		
NPC_1955	Aliath	Kethruun	Sandbones	0	Camponês	Camponês de Sandbones. Conhecido por interações cotidianas, pedidos, rumores e possibilidades de relacionamento.	52	Camponês	ACTIVE	MASCULINO	0		
NPC_1956	Coraa	Nyssara	Emerald Tide	1	Clérigo	Clérigo de Emerald Tide. Conhecido por interações cotidianas, pedidos, rumores e possibilidades de relacionamento.	69	Clérigo	ACTIVE	FEMININO	0		
NPC_1957	Ferinl	Myrthos	Sem nome definido	2	Valaryn	Valaryn de Sem nome definido. Conhecido por interações cotidianas, pedidos, rumores e possibilidades de relacionamento.	23	Valaryn	ACTIVE	MASCULINO	0		
NPC_1958	Iriethr	Orinthal	Crystalia	3	Artesão	Artesão de Crystalia. Conhecido por interações cotidianas, pedidos, rumores e possibilidades de relacionamento.	40	Artesão	ACTIVE	FEMININO	0		
NPC_1959	Liaiav	Valkyrion	Volmeria	4	Curandeiro	Curandeiro de Volmeria. Conhecido por interações cotidianas, pedidos, rumores e possibilidades de relacionamento.	57	Curandeiro	ACTIVE	MASCULINO	0		
NPC_1960	Olias	Aeloria	Lorwynne	-2	Aventureiro	Aventureiro de Lorwynne. Conhecido por interações cotidianas, pedidos, rumores e possibilidades de relacionamento.	74	Aventureiro	ACTIVE	FEMININO	0		
NPC_1961	Torint	Zarim	Fornalia	-1	Estudante	Estudante de Fornalia. Conhecido por interações cotidianas, pedidos, rumores e possibilidades de relacionamento.	28	Estudante	ACTIVE	MASCULINO	0		
NPC_1962	Ysaethm	Eshmara	Brumas	0	Mercador	Mercador de Brumas. Conhecido por interações cotidianas, pedidos, rumores e possibilidades de relacionamento.	45	Mercador	ACTIVE	FEMININO	0		
NPC_1963	Arian	Tharun	Stone-Âmbar	1	Pesquisador	Pesquisador de Stone-Âmbar. Conhecido por interações cotidianas, pedidos, rumores e possibilidades de relacionamento.	62	Pesquisador	ACTIVE	MASCULINO	0		
NPC_1964	Daak	Lyrien	Aerocivitus	2	Navegador	Navegador de Aerocivitus. Conhecido por interações cotidianas, pedidos, rumores e possibilidades de relacionamento.	79	Navegador	ACTIVE	FEMININO	0		
NPC_1965	Galind	Kethruun	Sandbones	3	Ferreiro	Ferreiro de Sandbones. Conhecido por interações cotidianas, pedidos, rumores e possibilidades de relacionamento.	33	Ferreiro	ACTIVE	MASCULINO	0		
NPC_1966	Jonethb	Nyssara	Emerald Tide	4	Mensageiro	Mensageiro de Emerald Tide. Conhecido por interações cotidianas, pedidos, rumores e possibilidades de relacionamento.	50	Mensageiro	ACTIVE	FEMININO	0		
NPC_1967	Mariath	Myrthos	Sem nome definido	-2	Erudito	Erudito de Sem nome definido. Conhecido por interações cotidianas, pedidos, rumores e possibilidades de relacionamento.	67	Erudito	ACTIVE	MASCULINO	0		
NPC_1968	Renaa	Orinthal	Crystalia	-1	Mago	Mago de Crystalia. Conhecido por interações cotidianas, pedidos, rumores e possibilidades de relacionamento.	21	Mago	ACTIVE	FEMININO	0		
NPC_1969	Vioinl	Valkyrion	Volmeria	0	Carroceiro	Carroceiro de Volmeria. Conhecido por interações cotidianas, pedidos, rumores e possibilidades de relacionamento.	38	Carroceiro	ACTIVE	MASCULINO	0		
NPC_1970	Zanethr	Aeloria	Frostmere	1	Caçador	Caçador de Frostmere. Conhecido por interações cotidianas, pedidos, rumores e possibilidades de relacionamento.	55	Caçador	ACTIVE	FEMININO	0		
NPC_1971	Beliav	Zarim	Fornalia	2	Sentinela	Sentinela de Fornalia. Conhecido por interações cotidianas, pedidos, rumores e possibilidades de relacionamento.	72	Sentinela	ACTIVE	MASCULINO	0		
NPC_1972	Elias	Eshmara	Brumas	3	Criador de animais	Criador de animais de Brumas. Conhecido por interações cotidianas, pedidos, rumores e possibilidades de relacionamento.	26	Criador de animais	ACTIVE	FEMININO	0		
NPC_1973	Helint	Tharun	Stone-Âmbar	4	Bardo	Bardo de Stone-Âmbar. Conhecido por interações cotidianas, pedidos, rumores e possibilidades de relacionamento.	43	Bardo	ACTIVE	MASCULINO	0		
NPC_1974	Kaethm	Lyrien	Aerocivitus	-2	Guarda	Guarda de Aerocivitus. Conhecido por interações cotidianas, pedidos, rumores e possibilidades de relacionamento.	60	Guarda	ACTIVE	FEMININO	0		
NPC_1975	Nerian	Kethruun	Sandbones	-1	Camponês	Camponês de Sandbones. Conhecido por interações cotidianas, pedidos, rumores e possibilidades de relacionamento.	77	Camponês	ACTIVE	MASCULINO	0		
NPC_1976	Selak	Nyssara	Emerald Tide	0	Clérigo	Clérigo de Emerald Tide. Conhecido por interações cotidianas, pedidos, rumores e possibilidades de relacionamento.	31	Clérigo	ACTIVE	FEMININO	0		
NPC_1977	Wilind	Myrthos	Sem nome definido	1	Valaryn	Valaryn de Sem nome definido. Conhecido por interações cotidianas, pedidos, rumores e possibilidades de relacionamento.	48	Valaryn	ACTIVE	MASCULINO	0		
NPC_1978	Alethb	Orinthal	Crystalia	2	Artesão	Artesão de Crystalia. Conhecido por interações cotidianas, pedidos, rumores e possibilidades de relacionamento.	65	Artesão	ACTIVE	FEMININO	0		
NPC_1979	Coriath	Valkyrion	Volmeria	3	Curandeiro	Curandeiro de Volmeria. Conhecido por interações cotidianas, pedidos, rumores e possibilidades de relacionamento.	19	Curandeiro	ACTIVE	MASCULINO	0		
NPC_1980	Feraa	Aeloria	Zorathen	4	Aventureiro	Aventureiro de Zorathen. Conhecido por interações cotidianas, pedidos, rumores e possibilidades de relacionamento.	36	Aventureiro	ACTIVE	FEMININO	0		
NPC_1981	Iriinl	Zarim	Fornalia	-2	Estudante	Estudante de Fornalia. Conhecido por interações cotidianas, pedidos, rumores e possibilidades de relacionamento.	53	Estudante	ACTIVE	MASCULINO	0		
NPC_1982	Liaethr	Eshmara	Brumas	-1	Mercador	Mercador de Brumas. Conhecido por interações cotidianas, pedidos, rumores e possibilidades de relacionamento.	70	Mercador	ACTIVE	FEMININO	0		
NPC_1983	Oliiav	Tharun	Stone-Âmbar	0	Pesquisador	Pesquisador de Stone-Âmbar. Conhecido por interações cotidianas, pedidos, rumores e possibilidades de relacionamento.	24	Pesquisador	ACTIVE	MASCULINO	0		
NPC_1984	Toras	Lyrien	Aerocivitus	1	Navegador	Navegador de Aerocivitus. Conhecido por interações cotidianas, pedidos, rumores e possibilidades de relacionamento.	41	Navegador	ACTIVE	FEMININO	0		
NPC_1985	Ysaint	Kethruun	Sandbones	2	Ferreiro	Ferreiro de Sandbones. Conhecido por interações cotidianas, pedidos, rumores e possibilidades de relacionamento.	58	Ferreiro	ACTIVE	MASCULINO	0		
NPC_1986	Arethm	Nyssara	Emerald Tide	3	Mensageiro	Mensageiro de Emerald Tide. Conhecido por interações cotidianas, pedidos, rumores e possibilidades de relacionamento.	75	Mensageiro	ACTIVE	FEMININO	0		
NPC_1987	Daian	Myrthos	Sem nome definido	4	Erudito	Erudito de Sem nome definido. Conhecido por interações cotidianas, pedidos, rumores e possibilidades de relacionamento.	29	Erudito	ACTIVE	MASCULINO	0		
NPC_1988	Galak	Orinthal	Crystalia	-2	Mago	Mago de Crystalia. Conhecido por interações cotidianas, pedidos, rumores e possibilidades de relacionamento.	46	Mago	ACTIVE	FEMININO	0		
NPC_1989	Jonind	Valkyrion	Volmeria	-1	Carroceiro	Carroceiro de Volmeria. Conhecido por interações cotidianas, pedidos, rumores e possibilidades de relacionamento.	63	Carroceiro	ACTIVE	MASCULINO	0		
NPC_1990	Marethb	Aeloria	Thornmere	0	Caçador	Caçador de Thornmere. Conhecido por interações cotidianas, pedidos, rumores e possibilidades de relacionamento.	80	Caçador	ACTIVE	FEMININO	0		
NPC_1991	Reniath	Zarim	Fornalia	1	Sentinela	Sentinela de Fornalia. Conhecido por interações cotidianas, pedidos, rumores e possibilidades de relacionamento.	34	Sentinela	ACTIVE	MASCULINO	0		
NPC_1992	Vioaa	Eshmara	Brumas	2	Criador de animais	Criador de animais de Brumas. Conhecido por interações cotidianas, pedidos, rumores e possibilidades de relacionamento.	51	Criador de animais	ACTIVE	FEMININO	0		
NPC_1993	Zaninl	Tharun	Stone-Âmbar	3	Bardo	Bardo de Stone-Âmbar. Conhecido por interações cotidianas, pedidos, rumores e possibilidades de relacionamento.	68	Bardo	ACTIVE	MASCULINO	0		
NPC_1994	Belethr	Lyrien	Aerocivitus	4	Guarda	Guarda de Aerocivitus. Conhecido por interações cotidianas, pedidos, rumores e possibilidades de relacionamento.	22	Guarda	ACTIVE	FEMININO	0		
NPC_1995	Eliiav	Kethruun	Sandbones	-2	Camponês	Camponês de Sandbones. Conhecido por interações cotidianas, pedidos, rumores e possibilidades de relacionamento.	39	Camponês	ACTIVE	MASCULINO	0		
NPC_1996	Helas	Nyssara	Emerald Tide	-1	Clérigo	Clérigo de Emerald Tide. Conhecido por interações cotidianas, pedidos, rumores e possibilidades de relacionamento.	56	Clérigo	ACTIVE	FEMININO	0		
NPC_1997	Kaint	Myrthos	Sem nome definido	0	Valaryn	Valaryn de Sem nome definido. Conhecido por interações cotidianas, pedidos, rumores e possibilidades de relacionamento.	73	Valaryn	ACTIVE	MASCULINO	0		
NPC_1998	Nerethm	Orinthal	Crystalia	1	Artesão	Artesão de Crystalia. Conhecido por interações cotidianas, pedidos, rumores e possibilidades de relacionamento.	27	Artesão	ACTIVE	FEMININO	0		
NPC_1999	Selian	Valkyrion	Volmeria	2	Curandeiro	Curandeiro de Volmeria. Conhecido por interações cotidianas, pedidos, rumores e possibilidades de relacionamento.	44	Curandeiro	ACTIVE	MASCULINO	0		
NPC_2000	Wilak	Aeloria	Norhaven	3	Aventureiro	Aventureiro de Norhaven. Conhecido por interações cotidianas, pedidos, rumores e possibilidades de relacionamento.	61	Aventureiro	ACTIVE	FEMININO	0		
NPC_2001	Alind	Zarim	Fornalia	4	Estudante	Estudante de Fornalia. Conhecido por interações cotidianas, pedidos, rumores e possibilidades de relacionamento.	78	Estudante	ACTIVE	MASCULINO	0		
NPC_2002	Corethb	Eshmara	Brumas	-2	Mercador	Mercador de Brumas. Conhecido por interações cotidianas, pedidos, rumores e possibilidades de relacionamento.	32	Mercador	ACTIVE	FEMININO	0		
NPC_2003	Feriath	Tharun	Stone-Âmbar	-1	Pesquisador	Pesquisador de Stone-Âmbar. Conhecido por interações cotidianas, pedidos, rumores e possibilidades de relacionamento.	49	Pesquisador	ACTIVE	MASCULINO	0		
NPC_2004	Iriaa	Lyrien	Aerocivitus	0	Navegador	Navegador de Aerocivitus. Conhecido por interações cotidianas, pedidos, rumores e possibilidades de relacionamento.	66	Navegador	ACTIVE	FEMININO	0		
NPC_2005	Liainl	Kethruun	Sandbones	1	Ferreiro	Ferreiro de Sandbones. Conhecido por interações cotidianas, pedidos, rumores e possibilidades de relacionamento.	20	Ferreiro	ACTIVE	MASCULINO	0		
NPC_2006	Oliethr	Nyssara	Emerald Tide	2	Mensageiro	Mensageiro de Emerald Tide. Conhecido por interações cotidianas, pedidos, rumores e possibilidades de relacionamento.	37	Mensageiro	ACTIVE	FEMININO	0		
NPC_2007	Toriav	Myrthos	Sem nome definido	3	Erudito	Erudito de Sem nome definido. Conhecido por interações cotidianas, pedidos, rumores e possibilidades de relacionamento.	54	Erudito	ACTIVE	MASCULINO	0		
NPC_2008	Ysaas	Orinthal	Crystalia	4	Mago	Mago de Crystalia. Conhecido por interações cotidianas, pedidos, rumores e possibilidades de relacionamento.	71	Mago	ACTIVE	FEMININO	0		
NPC_2009	Arint	Valkyrion	Volmeria	-2	Carroceiro	Carroceiro de Volmeria. Conhecido por interações cotidianas, pedidos, rumores e possibilidades de relacionamento.	25	Carroceiro	ACTIVE	MASCULINO	0		
NPC_2010	Daethm	Aeloria	Hallowspire	-1	Caçador	Caçador de Hallowspire. Conhecido por interações cotidianas, pedidos, rumores e possibilidades de relacionamento.	42	Caçador	ACTIVE	FEMININO	0		
NPC_2011	Galian	Zarim	Fornalia	0	Sentinela	Sentinela de Fornalia. Conhecido por interações cotidianas, pedidos, rumores e possibilidades de relacionamento.	59	Sentinela	ACTIVE	MASCULINO	0		
NPC_2012	Jonak	Eshmara	Brumas	1	Criador de animais	Criador de animais de Brumas. Conhecido por interações cotidianas, pedidos, rumores e possibilidades de relacionamento.	76	Criador de animais	ACTIVE	FEMININO	0		
NPC_2013	Marind	Tharun	Stone-Âmbar	2	Bardo	Bardo de Stone-Âmbar. Conhecido por interações cotidianas, pedidos, rumores e possibilidades de relacionamento.	30	Bardo	ACTIVE	MASCULINO	0		
NPC_2014	Renethb	Lyrien	Aerocivitus	3	Guarda	Guarda de Aerocivitus. Conhecido por interações cotidianas, pedidos, rumores e possibilidades de relacionamento.	47	Guarda	ACTIVE	FEMININO	0		
NPC_2015	Vioiath	Kethruun	Sandbones	4	Camponês	Camponês de Sandbones. Conhecido por interações cotidianas, pedidos, rumores e possibilidades de relacionamento.	64	Camponês	ACTIVE	MASCULINO	0		
NPC_2016	Zanaa	Nyssara	Emerald Tide	-2	Clérigo	Clérigo de Emerald Tide. Conhecido por interações cotidianas, pedidos, rumores e possibilidades de relacionamento.	18	Clérigo	ACTIVE	FEMININO	0		
NPC_2017	Belinl	Myrthos	Sem nome definido	-1	Valaryn	Valaryn de Sem nome definido. Conhecido por interações cotidianas, pedidos, rumores e possibilidades de relacionamento.	35	Valaryn	ACTIVE	MASCULINO	0		
NPC_2018	Eliethr	Orinthal	Crystalia	0	Artesão	Artesão de Crystalia. Conhecido por interações cotidianas, pedidos, rumores e possibilidades de relacionamento.	52	Artesão	ACTIVE	FEMININO	0		
NPC_2019	Heliav	Valkyrion	Volmeria	1	Curandeiro	Curandeiro de Volmeria. Conhecido por interações cotidianas, pedidos, rumores e possibilidades de relacionamento.	69	Curandeiro	ACTIVE	MASCULINO	0		
NPC_2020	Kaas	Aeloria	Brighthollow	2	Aventureiro	Aventureiro de Brighthollow. Conhecido por interações cotidianas, pedidos, rumores e possibilidades de relacionamento.	23	Aventureiro	ACTIVE	FEMININO	0		
NPC_2021	Nerint	Zarim	Fornalia	3	Estudante	Estudante de Fornalia. Conhecido por interações cotidianas, pedidos, rumores e possibilidades de relacionamento.	40	Estudante	ACTIVE	MASCULINO	0		
NPC_2022	Selethm	Eshmara	Brumas	4	Mercador	Mercador de Brumas. Conhecido por interações cotidianas, pedidos, rumores e possibilidades de relacionamento.	57	Mercador	ACTIVE	FEMININO	0		
NPC_2023	Wilian	Tharun	Stone-Âmbar	-2	Pesquisador	Pesquisador de Stone-Âmbar. Conhecido por interações cotidianas, pedidos, rumores e possibilidades de relacionamento.	74	Pesquisador	ACTIVE	MASCULINO	0		
NPC_2024	Alak	Lyrien	Aerocivitus	-1	Navegador	Navegador de Aerocivitus. Conhecido por interações cotidianas, pedidos, rumores e possibilidades de relacionamento.	28	Navegador	ACTIVE	FEMININO	0		
NPC_2025	Corind	Kethruun	Sandbones	0	Ferreiro	Ferreiro de Sandbones. Conhecido por interações cotidianas, pedidos, rumores e possibilidades de relacionamento.	45	Ferreiro	ACTIVE	MASCULINO	0		
NPC_2026	Ferethb	Nyssara	Emerald Tide	1	Mensageiro	Mensageiro de Emerald Tide. Conhecido por interações cotidianas, pedidos, rumores e possibilidades de relacionamento.	62	Mensageiro	ACTIVE	FEMININO	0		
NPC_2027	Iriiath	Myrthos	Sem nome definido	2	Erudito	Erudito de Sem nome definido. Conhecido por interações cotidianas, pedidos, rumores e possibilidades de relacionamento.	79	Erudito	ACTIVE	MASCULINO	0		
NPC_2028	Liaaa	Orinthal	Crystalia	3	Mago	Mago de Crystalia. Conhecido por interações cotidianas, pedidos, rumores e possibilidades de relacionamento.	33	Mago	ACTIVE	FEMININO	0		
NPC_2029	Oliinl	Valkyrion	Volmeria	4	Carroceiro	Carroceiro de Volmeria. Conhecido por interações cotidianas, pedidos, rumores e possibilidades de relacionamento.	50	Carroceiro	ACTIVE	MASCULINO	0		
NPC_2030	Torethr	Aeloria	Valdora	-2	Caçador	Caçador de Valdora. Conhecido por interações cotidianas, pedidos, rumores e possibilidades de relacionamento.	67	Caçador	ACTIVE	FEMININO	0		
NPC_2031	Ysaiav	Zarim	Fornalia	-1	Sentinela	Sentinela de Fornalia. Conhecido por interações cotidianas, pedidos, rumores e possibilidades de relacionamento.	21	Sentinela	ACTIVE	MASCULINO	0		
NPC_2032	Aras	Eshmara	Brumas	0	Criador de animais	Criador de animais de Brumas. Conhecido por interações cotidianas, pedidos, rumores e possibilidades de relacionamento.	38	Criador de animais	ACTIVE	FEMININO	0		
NPC_2033	Daint	Tharun	Stone-Âmbar	1	Bardo	Bardo de Stone-Âmbar. Conhecido por interações cotidianas, pedidos, rumores e possibilidades de relacionamento.	55	Bardo	ACTIVE	MASCULINO	0		
NPC_2034	Galethm	Lyrien	Aerocivitus	2	Guarda	Guarda de Aerocivitus. Conhecido por interações cotidianas, pedidos, rumores e possibilidades de relacionamento.	72	Guarda	ACTIVE	FEMININO	0		
NPC_2035	Jonian	Kethruun	Sandbones	3	Camponês	Camponês de Sandbones. Conhecido por interações cotidianas, pedidos, rumores e possibilidades de relacionamento.	26	Camponês	ACTIVE	MASCULINO	0		
NPC_2036	Marak	Nyssara	Emerald Tide	4	Clérigo	Clérigo de Emerald Tide. Conhecido por interações cotidianas, pedidos, rumores e possibilidades de relacionamento.	43	Clérigo	ACTIVE	FEMININO	0		
NPC_2037	Renind	Myrthos	Sem nome definido	-2	Valaryn	Valaryn de Sem nome definido. Conhecido por interações cotidianas, pedidos, rumores e possibilidades de relacionamento.	60	Valaryn	ACTIVE	MASCULINO	0		
NPC_2038	Vioethb	Orinthal	Crystalia	-1	Artesão	Artesão de Crystalia. Conhecido por interações cotidianas, pedidos, rumores e possibilidades de relacionamento.	77	Artesão	ACTIVE	FEMININO	0		
NPC_2039	Zaniath	Valkyrion	Volmeria	0	Curandeiro	Curandeiro de Volmeria. Conhecido por interações cotidianas, pedidos, rumores e possibilidades de relacionamento.	31	Curandeiro	ACTIVE	MASCULINO	0		
NPC_2040	Belaa	Aeloria	Verdralith	1	Aventureiro	Aventureiro de Verdralith. Conhecido por interações cotidianas, pedidos, rumores e possibilidades de relacionamento.	48	Aventureiro	ACTIVE	FEMININO	0		
NPC_2041	Eliinl	Zarim	Fornalia	2	Estudante	Estudante de Fornalia. Conhecido por interações cotidianas, pedidos, rumores e possibilidades de relacionamento.	65	Estudante	ACTIVE	MASCULINO	0		
NPC_2042	Helethr	Eshmara	Brumas	3	Mercador	Mercador de Brumas. Conhecido por interações cotidianas, pedidos, rumores e possibilidades de relacionamento.	19	Mercador	ACTIVE	FEMININO	0		
NPC_2043	Kaiav	Tharun	Stone-Âmbar	4	Pesquisador	Pesquisador de Stone-Âmbar. Conhecido por interações cotidianas, pedidos, rumores e possibilidades de relacionamento.	36	Pesquisador	ACTIVE	MASCULINO	0		
NPC_2044	Neras	Lyrien	Aerocivitus	-2	Navegador	Navegador de Aerocivitus. Conhecido por interações cotidianas, pedidos, rumores e possibilidades de relacionamento.	53	Navegador	ACTIVE	FEMININO	0		
NPC_2045	Selint	Kethruun	Sandbones	-1	Ferreiro	Ferreiro de Sandbones. Conhecido por interações cotidianas, pedidos, rumores e possibilidades de relacionamento.	70	Ferreiro	ACTIVE	MASCULINO	0		
NPC_2046	Wilethm	Nyssara	Emerald Tide	0	Mensageiro	Mensageiro de Emerald Tide. Conhecido por interações cotidianas, pedidos, rumores e possibilidades de relacionamento.	24	Mensageiro	ACTIVE	FEMININO	0		
NPC_2047	Alian	Myrthos	Sem nome definido	1	Erudito	Erudito de Sem nome definido. Conhecido por interações cotidianas, pedidos, rumores e possibilidades de relacionamento.	41	Erudito	ACTIVE	MASCULINO	0		
NPC_2048	Corak	Orinthal	Crystalia	2	Mago	Mago de Crystalia. Conhecido por interações cotidianas, pedidos, rumores e possibilidades de relacionamento.	58	Mago	ACTIVE	FEMININO	0		
NPC_2049	Ferind	Valkyrion	Volmeria	3	Carroceiro	Carroceiro de Volmeria. Conhecido por interações cotidianas, pedidos, rumores e possibilidades de relacionamento.	75	Carroceiro	ACTIVE	MASCULINO	0		
NPC_2050	Iriethb	Aeloria	Prismere	4	Caçador	Caçador de Prismere. Conhecido por interações cotidianas, pedidos, rumores e possibilidades de relacionamento.	29	Caçador	ACTIVE	FEMININO	0		
NPC_2051	Liaiath	Zarim	Fornalia	-2	Sentinela	Sentinela de Fornalia. Conhecido por interações cotidianas, pedidos, rumores e possibilidades de relacionamento.	46	Sentinela	ACTIVE	MASCULINO	0		
NPC_2052	Oliaa	Eshmara	Brumas	-1	Criador de animais	Criador de animais de Brumas. Conhecido por interações cotidianas, pedidos, rumores e possibilidades de relacionamento.	63	Criador de animais	ACTIVE	FEMININO	0		
NPC_2053	Torinl	Tharun	Stone-Âmbar	0	Bardo	Bardo de Stone-Âmbar. Conhecido por interações cotidianas, pedidos, rumores e possibilidades de relacionamento.	80	Bardo	ACTIVE	MASCULINO	0		
NPC_2054	Ysaethr	Lyrien	Aerocivitus	1	Guarda	Guarda de Aerocivitus. Conhecido por interações cotidianas, pedidos, rumores e possibilidades de relacionamento.	34	Guarda	ACTIVE	FEMININO	0		
NPC_2055	Ariav	Kethruun	Sandbones	2	Camponês	Camponês de Sandbones. Conhecido por interações cotidianas, pedidos, rumores e possibilidades de relacionamento.	51	Camponês	ACTIVE	MASCULINO	0		
NPC_2056	Daas	Nyssara	Emerald Tide	3	Clérigo	Clérigo de Emerald Tide. Conhecido por interações cotidianas, pedidos, rumores e possibilidades de relacionamento.	68	Clérigo	ACTIVE	FEMININO	0		
NPC_2057	Galint	Myrthos	Sem nome definido	4	Valaryn	Valaryn de Sem nome definido. Conhecido por interações cotidianas, pedidos, rumores e possibilidades de relacionamento.	22	Valaryn	ACTIVE	MASCULINO	0		
NPC_2058	Jonethm	Orinthal	Crystalia	-2	Artesão	Artesão de Crystalia. Conhecido por interações cotidianas, pedidos, rumores e possibilidades de relacionamento.	39	Artesão	ACTIVE	FEMININO	0		
NPC_2059	Marian	Valkyrion	Volmeria	-1	Curandeiro	Curandeiro de Volmeria. Conhecido por interações cotidianas, pedidos, rumores e possibilidades de relacionamento.	56	Curandeiro	ACTIVE	MASCULINO	0		
NPC_2060	Renak	Aeloria	Jorwyn	0	Aventureiro	Aventureiro de Jorwyn. Conhecido por interações cotidianas, pedidos, rumores e possibilidades de relacionamento.	73	Aventureiro	ACTIVE	FEMININO	0		
NPC_2061	Vioind	Zarim	Fornalia	1	Estudante	Estudante de Fornalia. Conhecido por interações cotidianas, pedidos, rumores e possibilidades de relacionamento.	27	Estudante	ACTIVE	MASCULINO	0		
NPC_2062	Zanethb	Eshmara	Brumas	2	Mercador	Mercador de Brumas. Conhecido por interações cotidianas, pedidos, rumores e possibilidades de relacionamento.	44	Mercador	ACTIVE	FEMININO	0		
NPC_2063	Beliath	Tharun	Stone-Âmbar	3	Pesquisador	Pesquisador de Stone-Âmbar. Conhecido por interações cotidianas, pedidos, rumores e possibilidades de relacionamento.	61	Pesquisador	ACTIVE	MASCULINO	0		
NPC_2064	Eliaa	Lyrien	Aerocivitus	4	Navegador	Navegador de Aerocivitus. Conhecido por interações cotidianas, pedidos, rumores e possibilidades de relacionamento.	78	Navegador	ACTIVE	FEMININO	0		
NPC_2065	Helinl	Kethruun	Sandbones	-2	Ferreiro	Ferreiro de Sandbones. Conhecido por interações cotidianas, pedidos, rumores e possibilidades de relacionamento.	32	Ferreiro	ACTIVE	MASCULINO	0		
NPC_2066	Kaethr	Nyssara	Emerald Tide	-1	Mensageiro	Mensageiro de Emerald Tide. Conhecido por interações cotidianas, pedidos, rumores e possibilidades de relacionamento.	49	Mensageiro	ACTIVE	FEMININO	0		
NPC_2067	Neriav	Myrthos	Sem nome definido	0	Erudito	Erudito de Sem nome definido. Conhecido por interações cotidianas, pedidos, rumores e possibilidades de relacionamento.	66	Erudito	ACTIVE	MASCULINO	0		
NPC_2068	Selas	Orinthal	Crystalia	1	Mago	Mago de Crystalia. Conhecido por interações cotidianas, pedidos, rumores e possibilidades de relacionamento.	20	Mago	ACTIVE	FEMININO	0		
NPC_2069	Wilint	Valkyrion	Volmeria	2	Carroceiro	Carroceiro de Volmeria. Conhecido por interações cotidianas, pedidos, rumores e possibilidades de relacionamento.	37	Carroceiro	ACTIVE	MASCULINO	0		
NPC_2070	Alethm	Aeloria	Dawnspire	3	Caçador	Caçador de Dawnspire. Conhecido por interações cotidianas, pedidos, rumores e possibilidades de relacionamento.	54	Caçador	ACTIVE	FEMININO	0		
NPC_2071	Corian	Zarim	Fornalia	4	Sentinela	Sentinela de Fornalia. Conhecido por interações cotidianas, pedidos, rumores e possibilidades de relacionamento.	71	Sentinela	ACTIVE	MASCULINO	0		
NPC_2072	Ferak	Eshmara	Brumas	-2	Criador de animais	Criador de animais de Brumas. Conhecido por interações cotidianas, pedidos, rumores e possibilidades de relacionamento.	25	Criador de animais	ACTIVE	FEMININO	0		
NPC_2073	Iriind	Tharun	Stone-Âmbar	-1	Bardo	Bardo de Stone-Âmbar. Conhecido por interações cotidianas, pedidos, rumores e possibilidades de relacionamento.	42	Bardo	ACTIVE	MASCULINO	0		
NPC_2074	Liaethb	Lyrien	Aerocivitus	0	Guarda	Guarda de Aerocivitus. Conhecido por interações cotidianas, pedidos, rumores e possibilidades de relacionamento.	59	Guarda	ACTIVE	FEMININO	0		
NPC_2075	Oliiath	Kethruun	Sandbones	1	Camponês	Camponês de Sandbones. Conhecido por interações cotidianas, pedidos, rumores e possibilidades de relacionamento.	76	Camponês	ACTIVE	MASCULINO	0		
NPC_2076	Toraa	Nyssara	Emerald Tide	2	Clérigo	Clérigo de Emerald Tide. Conhecido por interações cotidianas, pedidos, rumores e possibilidades de relacionamento.	30	Clérigo	ACTIVE	FEMININO	0		
NPC_2077	Ysainl	Myrthos	Sem nome definido	3	Valaryn	Valaryn de Sem nome definido. Conhecido por interações cotidianas, pedidos, rumores e possibilidades de relacionamento.	47	Valaryn	ACTIVE	MASCULINO	0		
NPC_2078	Arethr	Orinthal	Crystalia	4	Artesão	Artesão de Crystalia. Conhecido por interações cotidianas, pedidos, rumores e possibilidades de relacionamento.	64	Artesão	ACTIVE	FEMININO	0		
NPC_2079	Daiav	Valkyrion	Volmeria	-2	Curandeiro	Curandeiro de Volmeria. Conhecido por interações cotidianas, pedidos, rumores e possibilidades de relacionamento.	18	Curandeiro	ACTIVE	MASCULINO	0		
NPC_2080	Galas	Aeloria	Xandralor	-1	Aventureiro	Aventureiro de Xandralor. Conhecido por interações cotidianas, pedidos, rumores e possibilidades de relacionamento.	35	Aventureiro	ACTIVE	FEMININO	0		
NPC_2081	Jonint	Zarim	Fornalia	0	Estudante	Estudante de Fornalia. Conhecido por interações cotidianas, pedidos, rumores e possibilidades de relacionamento.	52	Estudante	ACTIVE	MASCULINO	0		
NPC_2082	Marethm	Eshmara	Brumas	1	Mercador	Mercador de Brumas. Conhecido por interações cotidianas, pedidos, rumores e possibilidades de relacionamento.	69	Mercador	ACTIVE	FEMININO	0		
NPC_2083	Renian	Tharun	Stone-Âmbar	2	Pesquisador	Pesquisador de Stone-Âmbar. Conhecido por interações cotidianas, pedidos, rumores e possibilidades de relacionamento.	23	Pesquisador	ACTIVE	MASCULINO	0		
NPC_2084	Vioak	Lyrien	Aerocivitus	3	Navegador	Navegador de Aerocivitus. Conhecido por interações cotidianas, pedidos, rumores e possibilidades de relacionamento.	40	Navegador	ACTIVE	FEMININO	0		
NPC_2085	Zanind	Kethruun	Sandbones	4	Ferreiro	Ferreiro de Sandbones. Conhecido por interações cotidianas, pedidos, rumores e possibilidades de relacionamento.	57	Ferreiro	ACTIVE	MASCULINO	0		
NPC_2086	Belethb	Nyssara	Emerald Tide	-2	Mensageiro	Mensageiro de Emerald Tide. Conhecido por interações cotidianas, pedidos, rumores e possibilidades de relacionamento.	74	Mensageiro	ACTIVE	FEMININO	0		
NPC_2087	Eliiath	Myrthos	Sem nome definido	-1	Erudito	Erudito de Sem nome definido. Conhecido por interações cotidianas, pedidos, rumores e possibilidades de relacionamento.	28	Erudito	ACTIVE	MASCULINO	0		
NPC_2088	Helaa	Orinthal	Crystalia	0	Mago	Mago de Crystalia. Conhecido por interações cotidianas, pedidos, rumores e possibilidades de relacionamento.	45	Mago	ACTIVE	FEMININO	0		
NPC_2089	Kainl	Valkyrion	Volmeria	1	Carroceiro	Carroceiro de Volmeria. Conhecido por interações cotidianas, pedidos, rumores e possibilidades de relacionamento.	62	Carroceiro	ACTIVE	MASCULINO	0		
NPC_2090	Nerethr	Aeloria	Rivenholt	2	Caçador	Caçador de Rivenholt. Conhecido por interações cotidianas, pedidos, rumores e possibilidades de relacionamento.	79	Caçador	ACTIVE	FEMININO	0		
NPC_2091	Seliav	Zarim	Fornalia	3	Sentinela	Sentinela de Fornalia. Conhecido por interações cotidianas, pedidos, rumores e possibilidades de relacionamento.	33	Sentinela	ACTIVE	MASCULINO	0		
NPC_2092	Wilas	Eshmara	Brumas	4	Criador de animais	Criador de animais de Brumas. Conhecido por interações cotidianas, pedidos, rumores e possibilidades de relacionamento.	50	Criador de animais	ACTIVE	FEMININO	0		
NPC_2093	Alint	Tharun	Stone-Âmbar	-2	Bardo	Bardo de Stone-Âmbar. Conhecido por interações cotidianas, pedidos, rumores e possibilidades de relacionamento.	67	Bardo	ACTIVE	MASCULINO	0		
NPC_2094	Corethm	Lyrien	Aerocivitus	-1	Guarda	Guarda de Aerocivitus. Conhecido por interações cotidianas, pedidos, rumores e possibilidades de relacionamento.	21	Guarda	ACTIVE	FEMININO	0		
NPC_2095	Ferian	Kethruun	Sandbones	0	Camponês	Camponês de Sandbones. Conhecido por interações cotidianas, pedidos, rumores e possibilidades de relacionamento.	38	Camponês	ACTIVE	MASCULINO	0		
NPC_2096	Iriak	Nyssara	Emerald Tide	1	Clérigo	Clérigo de Emerald Tide. Conhecido por interações cotidianas, pedidos, rumores e possibilidades de relacionamento.	55	Clérigo	ACTIVE	FEMININO	0		
NPC_2097	Liaind	Myrthos	Sem nome definido	2	Valaryn	Valaryn de Sem nome definido. Conhecido por interações cotidianas, pedidos, rumores e possibilidades de relacionamento.	72	Valaryn	ACTIVE	MASCULINO	0		
NPC_2098	Oliethb	Orinthal	Crystalia	3	Artesão	Artesão de Crystalia. Conhecido por interações cotidianas, pedidos, rumores e possibilidades de relacionamento.	26	Artesão	ACTIVE	FEMININO	0		
NPC_2099	Toriath	Valkyrion	Volmeria	4	Curandeiro	Curandeiro de Volmeria. Conhecido por interações cotidianas, pedidos, rumores e possibilidades de relacionamento.	43	Curandeiro	ACTIVE	MASCULINO	0		
NPC_2100	Ysaaa	Aeloria	Loryndor	-2	Aventureiro	Aventureiro de Loryndor. Conhecido por interações cotidianas, pedidos, rumores e possibilidades de relacionamento.	60	Aventureiro	ACTIVE	FEMININO	0		
NPC_2101	Arinl	Zarim	Fornalia	-1	Estudante	Estudante de Fornalia. Conhecido por interações cotidianas, pedidos, rumores e possibilidades de relacionamento.	77	Estudante	ACTIVE	MASCULINO	0		
NPC_2102	Daethr	Eshmara	Brumas	0	Mercador	Mercador de Brumas. Conhecido por interações cotidianas, pedidos, rumores e possibilidades de relacionamento.	31	Mercador	ACTIVE	FEMININO	0		
NPC_2103	Galiav	Tharun	Stone-Âmbar	1	Pesquisador	Pesquisador de Stone-Âmbar. Conhecido por interações cotidianas, pedidos, rumores e possibilidades de relacionamento.	48	Pesquisador	ACTIVE	MASCULINO	0		
NPC_2104	Jonas	Lyrien	Aerocivitus	2	Navegador	Navegador de Aerocivitus. Conhecido por interações cotidianas, pedidos, rumores e possibilidades de relacionamento.	65	Navegador	ACTIVE	FEMININO	0		
NPC_2105	Marint	Kethruun	Sandbones	3	Ferreiro	Ferreiro de Sandbones. Conhecido por interações cotidianas, pedidos, rumores e possibilidades de relacionamento.	19	Ferreiro	ACTIVE	MASCULINO	0		
NPC_2106	Renethm	Nyssara	Emerald Tide	4	Mensageiro	Mensageiro de Emerald Tide. Conhecido por interações cotidianas, pedidos, rumores e possibilidades de relacionamento.	36	Mensageiro	ACTIVE	FEMININO	0		
NPC_2107	Vioian	Myrthos	Sem nome definido	-2	Erudito	Erudito de Sem nome definido. Conhecido por interações cotidianas, pedidos, rumores e possibilidades de relacionamento.	53	Erudito	ACTIVE	MASCULINO	0		
NPC_2108	Zanak	Orinthal	Crystalia	-1	Mago	Mago de Crystalia. Conhecido por interações cotidianas, pedidos, rumores e possibilidades de relacionamento.	70	Mago	ACTIVE	FEMININO	0		
NPC_2109	Belind	Valkyrion	Volmeria	0	Carroceiro	Carroceiro de Volmeria. Conhecido por interações cotidianas, pedidos, rumores e possibilidades de relacionamento.	24	Carroceiro	ACTIVE	MASCULINO	0		
NPC_2110	Eliethb	Aeloria	Fenndral	1	Caçador	Caçador de Fenndral. Conhecido por interações cotidianas, pedidos, rumores e possibilidades de relacionamento.	41	Caçador	ACTIVE	FEMININO	0		
NPC_2111	Heliath	Zarim	Fornalia	2	Sentinela	Sentinela de Fornalia. Conhecido por interações cotidianas, pedidos, rumores e possibilidades de relacionamento.	58	Sentinela	ACTIVE	MASCULINO	0		
NPC_2112	Kaaa	Eshmara	Brumas	3	Criador de animais	Criador de animais de Brumas. Conhecido por interações cotidianas, pedidos, rumores e possibilidades de relacionamento.	75	Criador de animais	ACTIVE	FEMININO	0		
NPC_2113	Nerinl	Tharun	Stone-Âmbar	4	Bardo	Bardo de Stone-Âmbar. Conhecido por interações cotidianas, pedidos, rumores e possibilidades de relacionamento.	29	Bardo	ACTIVE	MASCULINO	0		
NPC_2114	Selethr	Lyrien	Aerocivitus	-2	Guarda	Guarda de Aerocivitus. Conhecido por interações cotidianas, pedidos, rumores e possibilidades de relacionamento.	46	Guarda	ACTIVE	FEMININO	0		
NPC_2115	Wiliav	Kethruun	Sandbones	-1	Camponês	Camponês de Sandbones. Conhecido por interações cotidianas, pedidos, rumores e possibilidades de relacionamento.	63	Camponês	ACTIVE	MASCULINO	0		
NPC_2116	Alas	Nyssara	Emerald Tide	0	Clérigo	Clérigo de Emerald Tide. Conhecido por interações cotidianas, pedidos, rumores e possibilidades de relacionamento.	80	Clérigo	ACTIVE	FEMININO	0		
NPC_2117	Corint	Myrthos	Sem nome definido	1	Valaryn	Valaryn de Sem nome definido. Conhecido por interações cotidianas, pedidos, rumores e possibilidades de relacionamento.	34	Valaryn	ACTIVE	MASCULINO	0		
NPC_2118	Ferethm	Orinthal	Crystalia	2	Artesão	Artesão de Crystalia. Conhecido por interações cotidianas, pedidos, rumores e possibilidades de relacionamento.	51	Artesão	ACTIVE	FEMININO	0		
NPC_2119	Iriian	Valkyrion	Volmeria	3	Curandeiro	Curandeiro de Volmeria. Conhecido por interações cotidianas, pedidos, rumores e possibilidades de relacionamento.	68	Curandeiro	ACTIVE	MASCULINO	0		
NPC_2120	Liaak	Aeloria	Feyndral	4	Aventureiro	Aventureiro de Feyndral. Conhecido por interações cotidianas, pedidos, rumores e possibilidades de relacionamento.	22	Aventureiro	ACTIVE	FEMININO	0		
NPC_2121	Oliind	Zarim	Fornalia	-2	Estudante	Estudante de Fornalia. Conhecido por interações cotidianas, pedidos, rumores e possibilidades de relacionamento.	39	Estudante	ACTIVE	MASCULINO	0		
NPC_2122	Torethb	Eshmara	Brumas	-1	Mercador	Mercador de Brumas. Conhecido por interações cotidianas, pedidos, rumores e possibilidades de relacionamento.	56	Mercador	ACTIVE	FEMININO	0		
NPC_2123	Ysaiath	Tharun	Stone-Âmbar	0	Pesquisador	Pesquisador de Stone-Âmbar. Conhecido por interações cotidianas, pedidos, rumores e possibilidades de relacionamento.	73	Pesquisador	ACTIVE	MASCULINO	0		
NPC_2124	Araa	Lyrien	Aerocivitus	1	Navegador	Navegador de Aerocivitus. Conhecido por interações cotidianas, pedidos, rumores e possibilidades de relacionamento.	27	Navegador	ACTIVE	FEMININO	0		
NPC_2125	Dainl	Kethruun	Sandbones	2	Ferreiro	Ferreiro de Sandbones. Conhecido por interações cotidianas, pedidos, rumores e possibilidades de relacionamento.	44	Ferreiro	ACTIVE	MASCULINO	0		
NPC_2126	Galethr	Nyssara	Emerald Tide	3	Mensageiro	Mensageiro de Emerald Tide. Conhecido por interações cotidianas, pedidos, rumores e possibilidades de relacionamento.	61	Mensageiro	ACTIVE	FEMININO	0		
NPC_2127	Joniav	Myrthos	Sem nome definido	4	Erudito	Erudito de Sem nome definido. Conhecido por interações cotidianas, pedidos, rumores e possibilidades de relacionamento.	78	Erudito	ACTIVE	MASCULINO	0		
NPC_2128	Maras	Orinthal	Crystalia	-2	Mago	Mago de Crystalia. Conhecido por interações cotidianas, pedidos, rumores e possibilidades de relacionamento.	32	Mago	ACTIVE	FEMININO	0		
NPC_2129	Renint	Valkyrion	Volmeria	-1	Carroceiro	Carroceiro de Volmeria. Conhecido por interações cotidianas, pedidos, rumores e possibilidades de relacionamento.	49	Carroceiro	ACTIVE	MASCULINO	0		
NPC_2130	Vioethm	Aeloria	Zephyrholt	0	Caçador	Caçador de Zephyrholt. Conhecido por interações cotidianas, pedidos, rumores e possibilidades de relacionamento.	66	Caçador	ACTIVE	FEMININO	0		
NPC_2131	Zanian	Zarim	Fornalia	1	Sentinela	Sentinela de Fornalia. Conhecido por interações cotidianas, pedidos, rumores e possibilidades de relacionamento.	20	Sentinela	ACTIVE	MASCULINO	0		
NPC_2132	Belak	Eshmara	Brumas	2	Criador de animais	Criador de animais de Brumas. Conhecido por interações cotidianas, pedidos, rumores e possibilidades de relacionamento.	37	Criador de animais	ACTIVE	FEMININO	0		
NPC_2133	Eliind	Tharun	Stone-Âmbar	3	Bardo	Bardo de Stone-Âmbar. Conhecido por interações cotidianas, pedidos, rumores e possibilidades de relacionamento.	54	Bardo	ACTIVE	MASCULINO	0		
NPC_2134	Helethb	Lyrien	Aerocivitus	4	Guarda	Guarda de Aerocivitus. Conhecido por interações cotidianas, pedidos, rumores e possibilidades de relacionamento.	71	Guarda	ACTIVE	FEMININO	0		
NPC_2135	Kaiath	Kethruun	Sandbones	-2	Camponês	Camponês de Sandbones. Conhecido por interações cotidianas, pedidos, rumores e possibilidades de relacionamento.	25	Camponês	ACTIVE	MASCULINO	0		
NPC_2136	Neraa	Nyssara	Emerald Tide	-1	Clérigo	Clérigo de Emerald Tide. Conhecido por interações cotidianas, pedidos, rumores e possibilidades de relacionamento.	42	Clérigo	ACTIVE	FEMININO	0		
NPC_2137	Selinl	Myrthos	Sem nome definido	0	Valaryn	Valaryn de Sem nome definido. Conhecido por interações cotidianas, pedidos, rumores e possibilidades de relacionamento.	59	Valaryn	ACTIVE	MASCULINO	0		
NPC_2138	Wilethr	Orinthal	Crystalia	1	Artesão	Artesão de Crystalia. Conhecido por interações cotidianas, pedidos, rumores e possibilidades de relacionamento.	76	Artesão	ACTIVE	FEMININO	0		
NPC_2139	Aliav	Valkyrion	Volmeria	2	Curandeiro	Curandeiro de Volmeria. Conhecido por interações cotidianas, pedidos, rumores e possibilidades de relacionamento.	30	Curandeiro	ACTIVE	MASCULINO	0		
NPC_2140	Coras	Aeloria	Tindralith	3	Aventureiro	Aventureiro de Tindralith. Conhecido por interações cotidianas, pedidos, rumores e possibilidades de relacionamento.	47	Aventureiro	ACTIVE	FEMININO	0		
NPC_2141	Ferint	Zarim	Fornalia	4	Estudante	Estudante de Fornalia. Conhecido por interações cotidianas, pedidos, rumores e possibilidades de relacionamento.	64	Estudante	ACTIVE	MASCULINO	0		
NPC_2142	Iriethm	Eshmara	Brumas	-2	Mercador	Mercador de Brumas. Conhecido por interações cotidianas, pedidos, rumores e possibilidades de relacionamento.	18	Mercador	ACTIVE	FEMININO	0		
NPC_2143	Liaian	Tharun	Stone-Âmbar	-1	Pesquisador	Pesquisador de Stone-Âmbar. Conhecido por interações cotidianas, pedidos, rumores e possibilidades de relacionamento.	35	Pesquisador	ACTIVE	MASCULINO	0		
NPC_2144	Oliak	Lyrien	Aerocivitus	0	Navegador	Navegador de Aerocivitus. Conhecido por interações cotidianas, pedidos, rumores e possibilidades de relacionamento.	52	Navegador	ACTIVE	FEMININO	0		
NPC_2145	Torind	Kethruun	Sandbones	1	Ferreiro	Ferreiro de Sandbones. Conhecido por interações cotidianas, pedidos, rumores e possibilidades de relacionamento.	69	Ferreiro	ACTIVE	MASCULINO	0		
NPC_2146	Ysaethb	Nyssara	Emerald Tide	2	Mensageiro	Mensageiro de Emerald Tide. Conhecido por interações cotidianas, pedidos, rumores e possibilidades de relacionamento.	23	Mensageiro	ACTIVE	FEMININO	0		
NPC_2147	Ariath	Myrthos	Sem nome definido	3	Erudito	Erudito de Sem nome definido. Conhecido por interações cotidianas, pedidos, rumores e possibilidades de relacionamento.	40	Erudito	ACTIVE	MASCULINO	0		
NPC_2148	Daaa	Orinthal	Crystalia	4	Mago	Mago de Crystalia. Conhecido por interações cotidianas, pedidos, rumores e possibilidades de relacionamento.	57	Mago	ACTIVE	FEMININO	0		
NPC_2149	Galinl	Valkyrion	Volmeria	-2	Carroceiro	Carroceiro de Volmeria. Conhecido por interações cotidianas, pedidos, rumores e possibilidades de relacionamento.	74	Carroceiro	ACTIVE	MASCULINO	0		
NPC_2150	Jonethr	Aeloria	Netherholt	-1	Caçador	Caçador de Netherholt. Conhecido por interações cotidianas, pedidos, rumores e possibilidades de relacionamento.	28	Caçador	ACTIVE	FEMININO	0		
NPC_2151	Mariav	Zarim	Fornalia	0	Sentinela	Sentinela de Fornalia. Conhecido por interações cotidianas, pedidos, rumores e possibilidades de relacionamento.	45	Sentinela	ACTIVE	MASCULINO	0		
NPC_2152	Renas	Eshmara	Brumas	1	Criador de animais	Criador de animais de Brumas. Conhecido por interações cotidianas, pedidos, rumores e possibilidades de relacionamento.	62	Criador de animais	ACTIVE	FEMININO	0		
NPC_2153	Vioint	Tharun	Stone-Âmbar	2	Bardo	Bardo de Stone-Âmbar. Conhecido por interações cotidianas, pedidos, rumores e possibilidades de relacionamento.	79	Bardo	ACTIVE	MASCULINO	0		
NPC_2154	Zanethm	Lyrien	Aerocivitus	3	Guarda	Guarda de Aerocivitus. Conhecido por interações cotidianas, pedidos, rumores e possibilidades de relacionamento.	33	Guarda	ACTIVE	FEMININO	0		
NPC_2155	Belian	Kethruun	Sandbones	4	Camponês	Camponês de Sandbones. Conhecido por interações cotidianas, pedidos, rumores e possibilidades de relacionamento.	50	Camponês	ACTIVE	MASCULINO	0		
NPC_2156	Eliak	Nyssara	Emerald Tide	-2	Clérigo	Clérigo de Emerald Tide. Conhecido por interações cotidianas, pedidos, rumores e possibilidades de relacionamento.	67	Clérigo	ACTIVE	FEMININO	0		
NPC_2157	Helind	Myrthos	Sem nome definido	-1	Valaryn	Valaryn de Sem nome definido. Conhecido por interações cotidianas, pedidos, rumores e possibilidades de relacionamento.	21	Valaryn	ACTIVE	MASCULINO	0		
NPC_2158	Kaethb	Orinthal	Crystalia	0	Artesão	Artesão de Crystalia. Conhecido por interações cotidianas, pedidos, rumores e possibilidades de relacionamento.	38	Artesão	ACTIVE	FEMININO	0		
NPC_2159	Neriath	Valkyrion	Volmeria	1	Curandeiro	Curandeiro de Volmeria. Conhecido por interações cotidianas, pedidos, rumores e possibilidades de relacionamento.	55	Curandeiro	ACTIVE	MASCULINO	0		
NPC_2160	Selaa	Aeloria	Highspire	2	Aventureiro	Aventureiro de Highspire. Conhecido por interações cotidianas, pedidos, rumores e possibilidades de relacionamento.	72	Aventureiro	ACTIVE	FEMININO	0		
NPC_2161	Wilinl	Zarim	Fornalia	3	Estudante	Estudante de Fornalia. Conhecido por interações cotidianas, pedidos, rumores e possibilidades de relacionamento.	26	Estudante	ACTIVE	MASCULINO	0		
NPC_2162	Alethr	Eshmara	Brumas	4	Mercador	Mercador de Brumas. Conhecido por interações cotidianas, pedidos, rumores e possibilidades de relacionamento.	43	Mercador	ACTIVE	FEMININO	0		
NPC_2163	Coriav	Tharun	Stone-Âmbar	-2	Pesquisador	Pesquisador de Stone-Âmbar. Conhecido por interações cotidianas, pedidos, rumores e possibilidades de relacionamento.	60	Pesquisador	ACTIVE	MASCULINO	0		
NPC_2164	Feras	Lyrien	Aerocivitus	-1	Navegador	Navegador de Aerocivitus. Conhecido por interações cotidianas, pedidos, rumores e possibilidades de relacionamento.	77	Navegador	ACTIVE	FEMININO	0		
NPC_2165	Iriint	Kethruun	Sandbones	0	Ferreiro	Ferreiro de Sandbones. Conhecido por interações cotidianas, pedidos, rumores e possibilidades de relacionamento.	31	Ferreiro	ACTIVE	MASCULINO	0		
NPC_2166	Liaethm	Nyssara	Emerald Tide	1	Mensageiro	Mensageiro de Emerald Tide. Conhecido por interações cotidianas, pedidos, rumores e possibilidades de relacionamento.	48	Mensageiro	ACTIVE	FEMININO	0		
NPC_2167	Oliian	Myrthos	Sem nome definido	2	Erudito	Erudito de Sem nome definido. Conhecido por interações cotidianas, pedidos, rumores e possibilidades de relacionamento.	65	Erudito	ACTIVE	MASCULINO	0		
NPC_2168	Torak	Orinthal	Crystalia	3	Mago	Mago de Crystalia. Conhecido por interações cotidianas, pedidos, rumores e possibilidades de relacionamento.	19	Mago	ACTIVE	FEMININO	0		
NPC_2169	Ysaind	Valkyrion	Volmeria	4	Carroceiro	Carroceiro de Volmeria. Conhecido por interações cotidianas, pedidos, rumores e possibilidades de relacionamento.	36	Carroceiro	ACTIVE	MASCULINO	0		
NPC_2170	Arethb	Aeloria	Blackmere	-2	Caçador	Caçador de Blackmere. Conhecido por interações cotidianas, pedidos, rumores e possibilidades de relacionamento.	53	Caçador	ACTIVE	FEMININO	0		
NPC_2171	Daiath	Zarim	Fornalia	-1	Sentinela	Sentinela de Fornalia. Conhecido por interações cotidianas, pedidos, rumores e possibilidades de relacionamento.	70	Sentinela	ACTIVE	MASCULINO	0		
NPC_2172	Galaa	Eshmara	Brumas	0	Criador de animais	Criador de animais de Brumas. Conhecido por interações cotidianas, pedidos, rumores e possibilidades de relacionamento.	24	Criador de animais	ACTIVE	FEMININO	0		
NPC_2173	Joninl	Tharun	Stone-Âmbar	1	Bardo	Bardo de Stone-Âmbar. Conhecido por interações cotidianas, pedidos, rumores e possibilidades de relacionamento.	41	Bardo	ACTIVE	MASCULINO	0		
NPC_2174	Marethr	Lyrien	Aerocivitus	2	Guarda	Guarda de Aerocivitus. Conhecido por interações cotidianas, pedidos, rumores e possibilidades de relacionamento.	58	Guarda	ACTIVE	FEMININO	0		
NPC_2175	Reniav	Kethruun	Sandbones	3	Camponês	Camponês de Sandbones. Conhecido por interações cotidianas, pedidos, rumores e possibilidades de relacionamento.	75	Camponês	ACTIVE	MASCULINO	0		
NPC_2176	Vioas	Nyssara	Emerald Tide	4	Clérigo	Clérigo de Emerald Tide. Conhecido por interações cotidianas, pedidos, rumores e possibilidades de relacionamento.	29	Clérigo	ACTIVE	FEMININO	0		
NPC_2177	Zanint	Myrthos	Sem nome definido	-2	Valaryn	Valaryn de Sem nome definido. Conhecido por interações cotidianas, pedidos, rumores e possibilidades de relacionamento.	46	Valaryn	ACTIVE	MASCULINO	0		
NPC_2178	Belethm	Orinthal	Crystalia	-1	Artesão	Artesão de Crystalia. Conhecido por interações cotidianas, pedidos, rumores e possibilidades de relacionamento.	63	Artesão	ACTIVE	FEMININO	0		
NPC_2179	Eliian	Valkyrion	Volmeria	0	Curandeiro	Curandeiro de Volmeria. Conhecido por interações cotidianas, pedidos, rumores e possibilidades de relacionamento.	80	Curandeiro	ACTIVE	MASCULINO	0		
NPC_2180	Helak	Aeloria	Veyndaril	1	Aventureiro	Aventureiro de Veyndaril. Conhecido por interações cotidianas, pedidos, rumores e possibilidades de relacionamento.	34	Aventureiro	ACTIVE	FEMININO	0		
NPC_2181	Kaind	Zarim	Fornalia	2	Estudante	Estudante de Fornalia. Conhecido por interações cotidianas, pedidos, rumores e possibilidades de relacionamento.	51	Estudante	ACTIVE	MASCULINO	0		
NPC_2182	Nerethb	Eshmara	Brumas	3	Mercador	Mercador de Brumas. Conhecido por interações cotidianas, pedidos, rumores e possibilidades de relacionamento.	68	Mercador	ACTIVE	FEMININO	0		
NPC_2183	Seliath	Tharun	Stone-Âmbar	4	Pesquisador	Pesquisador de Stone-Âmbar. Conhecido por interações cotidianas, pedidos, rumores e possibilidades de relacionamento.	22	Pesquisador	ACTIVE	MASCULINO	0		
NPC_2184	Wilaa	Lyrien	Aerocivitus	-2	Navegador	Navegador de Aerocivitus. Conhecido por interações cotidianas, pedidos, rumores e possibilidades de relacionamento.	39	Navegador	ACTIVE	FEMININO	0		
NPC_2185	Alinl	Kethruun	Sandbones	-1	Ferreiro	Ferreiro de Sandbones. Conhecido por interações cotidianas, pedidos, rumores e possibilidades de relacionamento.	56	Ferreiro	ACTIVE	MASCULINO	0		
NPC_2186	Corethr	Nyssara	Emerald Tide	0	Mensageiro	Mensageiro de Emerald Tide. Conhecido por interações cotidianas, pedidos, rumores e possibilidades de relacionamento.	73	Mensageiro	ACTIVE	FEMININO	0		
NPC_2187	Feriav	Myrthos	Sem nome definido	1	Erudito	Erudito de Sem nome definido. Conhecido por interações cotidianas, pedidos, rumores e possibilidades de relacionamento.	27	Erudito	ACTIVE	MASCULINO	0		
NPC_2188	Irias	Orinthal	Crystalia	2	Mago	Mago de Crystalia. Conhecido por interações cotidianas, pedidos, rumores e possibilidades de relacionamento.	44	Mago	ACTIVE	FEMININO	0		
NPC_2189	Liaint	Valkyrion	Volmeria	3	Carroceiro	Carroceiro de Volmeria. Conhecido por interações cotidianas, pedidos, rumores e possibilidades de relacionamento.	61	Carroceiro	ACTIVE	MASCULINO	0		
NPC_2190	Oliethm	Aeloria	Pyrelith	4	Caçador	Caçador de Pyrelith. Conhecido por interações cotidianas, pedidos, rumores e possibilidades de relacionamento.	78	Caçador	ACTIVE	FEMININO	0		
NPC_2191	Torian	Zarim	Fornalia	-2	Sentinela	Sentinela de Fornalia. Conhecido por interações cotidianas, pedidos, rumores e possibilidades de relacionamento.	32	Sentinela	ACTIVE	MASCULINO	0		
NPC_2192	Ysaak	Eshmara	Brumas	-1	Criador de animais	Criador de animais de Brumas. Conhecido por interações cotidianas, pedidos, rumores e possibilidades de relacionamento.	49	Criador de animais	ACTIVE	FEMININO	0		
NPC_2193	Arind	Tharun	Stone-Âmbar	0	Bardo	Bardo de Stone-Âmbar. Conhecido por interações cotidianas, pedidos, rumores e possibilidades de relacionamento.	66	Bardo	ACTIVE	MASCULINO	0		
NPC_2194	Daethb	Lyrien	Aerocivitus	1	Guarda	Guarda de Aerocivitus. Conhecido por interações cotidianas, pedidos, rumores e possibilidades de relacionamento.	20	Guarda	ACTIVE	FEMININO	0		
NPC_2195	Galiath	Kethruun	Sandbones	2	Camponês	Camponês de Sandbones. Conhecido por interações cotidianas, pedidos, rumores e possibilidades de relacionamento.	37	Camponês	ACTIVE	MASCULINO	0		
NPC_2196	Jonaa	Nyssara	Emerald Tide	3	Clérigo	Clérigo de Emerald Tide. Conhecido por interações cotidianas, pedidos, rumores e possibilidades de relacionamento.	54	Clérigo	ACTIVE	FEMININO	0		
NPC_2197	Marinl	Myrthos	Sem nome definido	4	Valaryn	Valaryn de Sem nome definido. Conhecido por interações cotidianas, pedidos, rumores e possibilidades de relacionamento.	71	Valaryn	ACTIVE	MASCULINO	0		
NPC_2198	Renethr	Orinthal	Crystalia	-2	Artesão	Artesão de Crystalia. Conhecido por interações cotidianas, pedidos, rumores e possibilidades de relacionamento.	25	Artesão	ACTIVE	FEMININO	0		
NPC_2199	Vioiav	Valkyrion	Volmeria	-1	Curandeiro	Curandeiro de Volmeria. Conhecido por interações cotidianas, pedidos, rumores e possibilidades de relacionamento.	42	Curandeiro	ACTIVE	MASCULINO	0		
NPC_2200	Zanas	Aeloria	Jorathen	0	Aventureiro	Aventureiro de Jorathen. Conhecido por interações cotidianas, pedidos, rumores e possibilidades de relacionamento.	59	Aventureiro	ACTIVE	FEMININO	0		
NPC_2201	Belint	Zarim	Fornalia	1	Estudante	Estudante de Fornalia. Conhecido por interações cotidianas, pedidos, rumores e possibilidades de relacionamento.	76	Estudante	ACTIVE	MASCULINO	0		
NPC_2202	Eliethm	Eshmara	Brumas	2	Mercador	Mercador de Brumas. Conhecido por interações cotidianas, pedidos, rumores e possibilidades de relacionamento.	30	Mercador	ACTIVE	FEMININO	0		
NPC_2203	Helian	Tharun	Stone-Âmbar	3	Pesquisador	Pesquisador de Stone-Âmbar. Conhecido por interações cotidianas, pedidos, rumores e possibilidades de relacionamento.	47	Pesquisador	ACTIVE	MASCULINO	0		
NPC_2204	Kaak	Lyrien	Aerocivitus	4	Navegador	Navegador de Aerocivitus. Conhecido por interações cotidianas, pedidos, rumores e possibilidades de relacionamento.	64	Navegador	ACTIVE	FEMININO	0		
NPC_2205	Nerind	Kethruun	Sandbones	-2	Ferreiro	Ferreiro de Sandbones. Conhecido por interações cotidianas, pedidos, rumores e possibilidades de relacionamento.	18	Ferreiro	ACTIVE	MASCULINO	0		
NPC_2206	Selethb	Nyssara	Emerald Tide	-1	Mensageiro	Mensageiro de Emerald Tide. Conhecido por interações cotidianas, pedidos, rumores e possibilidades de relacionamento.	35	Mensageiro	ACTIVE	FEMININO	0		
NPC_2207	Wiliath	Myrthos	Sem nome definido	0	Erudito	Erudito de Sem nome definido. Conhecido por interações cotidianas, pedidos, rumores e possibilidades de relacionamento.	52	Erudito	ACTIVE	MASCULINO	0		
NPC_2208	Alaa	Orinthal	Crystalia	1	Mago	Mago de Crystalia. Conhecido por interações cotidianas, pedidos, rumores e possibilidades de relacionamento.	69	Mago	ACTIVE	FEMININO	0		
NPC_2209	Corinl	Valkyrion	Volmeria	2	Carroceiro	Carroceiro de Volmeria. Conhecido por interações cotidianas, pedidos, rumores e possibilidades de relacionamento.	23	Carroceiro	ACTIVE	MASCULINO	0		
NPC_2210	Ferethr	Aeloria	Duskmere	3	Caçador	Caçador de Duskmere. Conhecido por interações cotidianas, pedidos, rumores e possibilidades de relacionamento.	40	Caçador	ACTIVE	FEMININO	0		
NPC_2211	Iriiav	Zarim	Fornalia	4	Sentinela	Sentinela de Fornalia. Conhecido por interações cotidianas, pedidos, rumores e possibilidades de relacionamento.	57	Sentinela	ACTIVE	MASCULINO	0		
NPC_2212	Liaas	Eshmara	Brumas	-2	Criador de animais	Criador de animais de Brumas. Conhecido por interações cotidianas, pedidos, rumores e possibilidades de relacionamento.	74	Criador de animais	ACTIVE	FEMININO	0		
NPC_2213	Oliint	Tharun	Stone-Âmbar	-1	Bardo	Bardo de Stone-Âmbar. Conhecido por interações cotidianas, pedidos, rumores e possibilidades de relacionamento.	28	Bardo	ACTIVE	MASCULINO	0		
NPC_2214	Torethm	Lyrien	Aerocivitus	0	Guarda	Guarda de Aerocivitus. Conhecido por interações cotidianas, pedidos, rumores e possibilidades de relacionamento.	45	Guarda	ACTIVE	FEMININO	0		
NPC_2215	Ysaian	Kethruun	Sandbones	1	Camponês	Camponês de Sandbones. Conhecido por interações cotidianas, pedidos, rumores e possibilidades de relacionamento.	62	Camponês	ACTIVE	MASCULINO	0		
NPC_2216	Arak	Nyssara	Emerald Tide	2	Clérigo	Clérigo de Emerald Tide. Conhecido por interações cotidianas, pedidos, rumores e possibilidades de relacionamento.	79	Clérigo	ACTIVE	FEMININO	0		
NPC_2217	Daind	Myrthos	Sem nome definido	3	Valaryn	Valaryn de Sem nome definido. Conhecido por interações cotidianas, pedidos, rumores e possibilidades de relacionamento.	33	Valaryn	ACTIVE	MASCULINO	0		
NPC_2218	Galethb	Orinthal	Crystalia	4	Artesão	Artesão de Crystalia. Conhecido por interações cotidianas, pedidos, rumores e possibilidades de relacionamento.	50	Artesão	ACTIVE	FEMININO	0		
NPC_2219	Joniath	Valkyrion	Volmeria	-2	Curandeiro	Curandeiro de Volmeria. Conhecido por interações cotidianas, pedidos, rumores e possibilidades de relacionamento.	67	Curandeiro	ACTIVE	MASCULINO	0		
NPC_2220	Maraa	Aeloria	Lunareth	-1	Aventureiro	Aventureiro de Lunareth. Conhecido por interações cotidianas, pedidos, rumores e possibilidades de relacionamento.	21	Aventureiro	ACTIVE	FEMININO	0		
NPC_2221	Reninl	Zarim	Fornalia	0	Estudante	Estudante de Fornalia. Conhecido por interações cotidianas, pedidos, rumores e possibilidades de relacionamento.	38	Estudante	ACTIVE	MASCULINO	0		
NPC_2222	Vioethr	Eshmara	Brumas	1	Mercador	Mercador de Brumas. Conhecido por interações cotidianas, pedidos, rumores e possibilidades de relacionamento.	55	Mercador	ACTIVE	FEMININO	0		
NPC_2223	Zaniav	Tharun	Stone-Âmbar	2	Pesquisador	Pesquisador de Stone-Âmbar. Conhecido por interações cotidianas, pedidos, rumores e possibilidades de relacionamento.	72	Pesquisador	ACTIVE	MASCULINO	0		
NPC_2224	Belas	Lyrien	Aerocivitus	3	Navegador	Navegador de Aerocivitus. Conhecido por interações cotidianas, pedidos, rumores e possibilidades de relacionamento.	26	Navegador	ACTIVE	FEMININO	0		
NPC_2225	Eliint	Kethruun	Sandbones	4	Ferreiro	Ferreiro de Sandbones. Conhecido por interações cotidianas, pedidos, rumores e possibilidades de relacionamento.	43	Ferreiro	ACTIVE	MASCULINO	0		
NPC_2226	Helethm	Nyssara	Emerald Tide	-2	Mensageiro	Mensageiro de Emerald Tide. Conhecido por interações cotidianas, pedidos, rumores e possibilidades de relacionamento.	60	Mensageiro	ACTIVE	FEMININO	0		
NPC_2227	Kaian	Myrthos	Sem nome definido	-1	Erudito	Erudito de Sem nome definido. Conhecido por interações cotidianas, pedidos, rumores e possibilidades de relacionamento.	77	Erudito	ACTIVE	MASCULINO	0		
NPC_2228	Nerak	Orinthal	Crystalia	0	Mago	Mago de Crystalia. Conhecido por interações cotidianas, pedidos, rumores e possibilidades de relacionamento.	31	Mago	ACTIVE	FEMININO	0		
NPC_2229	Selind	Valkyrion	Volmeria	1	Carroceiro	Carroceiro de Volmeria. Conhecido por interações cotidianas, pedidos, rumores e possibilidades de relacionamento.	48	Carroceiro	ACTIVE	MASCULINO	0		
NPC_2230	Wilethb	Aeloria	Xyrelith	2	Caçador	Caçador de Xyrelith. Conhecido por interações cotidianas, pedidos, rumores e possibilidades de relacionamento.	65	Caçador	ACTIVE	FEMININO	0		
NPC_2231	Aliath	Zarim	Fornalia	3	Sentinela	Sentinela de Fornalia. Conhecido por interações cotidianas, pedidos, rumores e possibilidades de relacionamento.	19	Sentinela	ACTIVE	MASCULINO	0		
NPC_2232	Coraa	Eshmara	Brumas	4	Criador de animais	Criador de animais de Brumas. Conhecido por interações cotidianas, pedidos, rumores e possibilidades de relacionamento.	36	Criador de animais	ACTIVE	FEMININO	0		
NPC_2233	Ferinl	Tharun	Stone-Âmbar	-2	Bardo	Bardo de Stone-Âmbar. Conhecido por interações cotidianas, pedidos, rumores e possibilidades de relacionamento.	53	Bardo	ACTIVE	MASCULINO	0		
NPC_2234	Iriethr	Lyrien	Aerocivitus	-1	Guarda	Guarda de Aerocivitus. Conhecido por interações cotidianas, pedidos, rumores e possibilidades de relacionamento.	70	Guarda	ACTIVE	FEMININO	0		
NPC_2235	Liaiav	Kethruun	Sandbones	0	Camponês	Camponês de Sandbones. Conhecido por interações cotidianas, pedidos, rumores e possibilidades de relacionamento.	24	Camponês	ACTIVE	MASCULINO	0		
NPC_2236	Olias	Nyssara	Emerald Tide	1	Clérigo	Clérigo de Emerald Tide. Conhecido por interações cotidianas, pedidos, rumores e possibilidades de relacionamento.	41	Clérigo	ACTIVE	FEMININO	0		
NPC_2237	Torint	Myrthos	Sem nome definido	2	Valaryn	Valaryn de Sem nome definido. Conhecido por interações cotidianas, pedidos, rumores e possibilidades de relacionamento.	58	Valaryn	ACTIVE	MASCULINO	0		
NPC_2238	Ysaethm	Orinthal	Crystalia	3	Artesão	Artesão de Crystalia. Conhecido por interações cotidianas, pedidos, rumores e possibilidades de relacionamento.	75	Artesão	ACTIVE	FEMININO	0		
NPC_2239	Arian	Valkyrion	Volmeria	4	Curandeiro	Curandeiro de Volmeria. Conhecido por interações cotidianas, pedidos, rumores e possibilidades de relacionamento.	29	Curandeiro	ACTIVE	MASCULINO	0		
NPC_2240	Daak	Aeloria	Runedral	-2	Aventureiro	Aventureiro de Runedral. Conhecido por interações cotidianas, pedidos, rumores e possibilidades de relacionamento.	46	Aventureiro	ACTIVE	FEMININO	0		
NPC_2241	Galind	Zarim	Fornalia	-1	Estudante	Estudante de Fornalia. Conhecido por interações cotidianas, pedidos, rumores e possibilidades de relacionamento.	63	Estudante	ACTIVE	MASCULINO	0		
NPC_2242	Jonethb	Eshmara	Brumas	0	Mercador	Mercador de Brumas. Conhecido por interações cotidianas, pedidos, rumores e possibilidades de relacionamento.	80	Mercador	ACTIVE	FEMININO	0		
NPC_2243	Mariath	Tharun	Stone-Âmbar	1	Pesquisador	Pesquisador de Stone-Âmbar. Conhecido por interações cotidianas, pedidos, rumores e possibilidades de relacionamento.	34	Pesquisador	ACTIVE	MASCULINO	0		
NPC_2244	Renaa	Lyrien	Aerocivitus	2	Navegador	Navegador de Aerocivitus. Conhecido por interações cotidianas, pedidos, rumores e possibilidades de relacionamento.	51	Navegador	ACTIVE	FEMININO	0		
NPC_2245	Vioinl	Kethruun	Sandbones	3	Ferreiro	Ferreiro de Sandbones. Conhecido por interações cotidianas, pedidos, rumores e possibilidades de relacionamento.	68	Ferreiro	ACTIVE	MASCULINO	0		
NPC_2246	Zanethr	Nyssara	Emerald Tide	4	Mensageiro	Mensageiro de Emerald Tide. Conhecido por interações cotidianas, pedidos, rumores e possibilidades de relacionamento.	22	Mensageiro	ACTIVE	FEMININO	0		
NPC_2247	Beliav	Myrthos	Sem nome definido	-2	Erudito	Erudito de Sem nome definido. Conhecido por interações cotidianas, pedidos, rumores e possibilidades de relacionamento.	39	Erudito	ACTIVE	MASCULINO	0		
NPC_2248	Elias	Orinthal	Crystalia	-1	Mago	Mago de Crystalia. Conhecido por interações cotidianas, pedidos, rumores e possibilidades de relacionamento.	56	Mago	ACTIVE	FEMININO	0		
NPC_2249	Helint	Valkyrion	Volmeria	0	Carroceiro	Carroceiro de Volmeria. Conhecido por interações cotidianas, pedidos, rumores e possibilidades de relacionamento.	73	Carroceiro	ACTIVE	MASCULINO	0		
NPC_2250	Kaethm	Aeloria	Lorwynne	1	Caçador	Caçador de Lorwynne. Conhecido por interações cotidianas, pedidos, rumores e possibilidades de relacionamento.	27	Caçador	ACTIVE	FEMININO	0		
NPC_2251	Nerian	Zarim	Fornalia	2	Sentinela	Sentinela de Fornalia. Conhecido por interações cotidianas, pedidos, rumores e possibilidades de relacionamento.	44	Sentinela	ACTIVE	MASCULINO	0		
NPC_2252	Selak	Eshmara	Brumas	3	Criador de animais	Criador de animais de Brumas. Conhecido por interações cotidianas, pedidos, rumores e possibilidades de relacionamento.	61	Criador de animais	ACTIVE	FEMININO	0		
NPC_2253	Wilind	Tharun	Stone-Âmbar	4	Bardo	Bardo de Stone-Âmbar. Conhecido por interações cotidianas, pedidos, rumores e possibilidades de relacionamento.	78	Bardo	ACTIVE	MASCULINO	0		
NPC_2254	Alethb	Lyrien	Aerocivitus	-2	Guarda	Guarda de Aerocivitus. Conhecido por interações cotidianas, pedidos, rumores e possibilidades de relacionamento.	32	Guarda	ACTIVE	FEMININO	0		
NPC_2255	Coriath	Kethruun	Sandbones	-1	Camponês	Camponês de Sandbones. Conhecido por interações cotidianas, pedidos, rumores e possibilidades de relacionamento.	49	Camponês	ACTIVE	MASCULINO	0		
NPC_2256	Feraa	Nyssara	Emerald Tide	0	Clérigo	Clérigo de Emerald Tide. Conhecido por interações cotidianas, pedidos, rumores e possibilidades de relacionamento.	66	Clérigo	ACTIVE	FEMININO	0		
NPC_2257	Iriinl	Myrthos	Sem nome definido	1	Valaryn	Valaryn de Sem nome definido. Conhecido por interações cotidianas, pedidos, rumores e possibilidades de relacionamento.	20	Valaryn	ACTIVE	MASCULINO	0		
NPC_2258	Liaethr	Orinthal	Crystalia	2	Artesão	Artesão de Crystalia. Conhecido por interações cotidianas, pedidos, rumores e possibilidades de relacionamento.	37	Artesão	ACTIVE	FEMININO	0		
NPC_2259	Oliiav	Valkyrion	Volmeria	3	Curandeiro	Curandeiro de Volmeria. Conhecido por interações cotidianas, pedidos, rumores e possibilidades de relacionamento.	54	Curandeiro	ACTIVE	MASCULINO	0		
NPC_2260	Toras	Aeloria	Frostmere	4	Aventureiro	Aventureiro de Frostmere. Conhecido por interações cotidianas, pedidos, rumores e possibilidades de relacionamento.	71	Aventureiro	ACTIVE	FEMININO	0		
NPC_2261	Ysaint	Zarim	Fornalia	-2	Estudante	Estudante de Fornalia. Conhecido por interações cotidianas, pedidos, rumores e possibilidades de relacionamento.	25	Estudante	ACTIVE	MASCULINO	0		
NPC_2262	Arethm	Eshmara	Brumas	-1	Mercador	Mercador de Brumas. Conhecido por interações cotidianas, pedidos, rumores e possibilidades de relacionamento.	42	Mercador	ACTIVE	FEMININO	0		
NPC_2263	Daian	Tharun	Stone-Âmbar	0	Pesquisador	Pesquisador de Stone-Âmbar. Conhecido por interações cotidianas, pedidos, rumores e possibilidades de relacionamento.	59	Pesquisador	ACTIVE	MASCULINO	0		
NPC_2264	Galak	Lyrien	Aerocivitus	1	Navegador	Navegador de Aerocivitus. Conhecido por interações cotidianas, pedidos, rumores e possibilidades de relacionamento.	76	Navegador	ACTIVE	FEMININO	0		
NPC_2265	Jonind	Kethruun	Sandbones	2	Ferreiro	Ferreiro de Sandbones. Conhecido por interações cotidianas, pedidos, rumores e possibilidades de relacionamento.	30	Ferreiro	ACTIVE	MASCULINO	0		
NPC_2266	Marethb	Nyssara	Emerald Tide	3	Mensageiro	Mensageiro de Emerald Tide. Conhecido por interações cotidianas, pedidos, rumores e possibilidades de relacionamento.	47	Mensageiro	ACTIVE	FEMININO	0		
NPC_2267	Reniath	Myrthos	Sem nome definido	4	Erudito	Erudito de Sem nome definido. Conhecido por interações cotidianas, pedidos, rumores e possibilidades de relacionamento.	64	Erudito	ACTIVE	MASCULINO	0		
NPC_2268	Vioaa	Orinthal	Crystalia	-2	Mago	Mago de Crystalia. Conhecido por interações cotidianas, pedidos, rumores e possibilidades de relacionamento.	18	Mago	ACTIVE	FEMININO	0		
NPC_2269	Zaninl	Valkyrion	Volmeria	-1	Carroceiro	Carroceiro de Volmeria. Conhecido por interações cotidianas, pedidos, rumores e possibilidades de relacionamento.	35	Carroceiro	ACTIVE	MASCULINO	0		
NPC_2270	Belethr	Aeloria	Zorathen	0	Caçador	Caçador de Zorathen. Conhecido por interações cotidianas, pedidos, rumores e possibilidades de relacionamento.	52	Caçador	ACTIVE	FEMININO	0		
NPC_2271	Eliiav	Zarim	Fornalia	1	Sentinela	Sentinela de Fornalia. Conhecido por interações cotidianas, pedidos, rumores e possibilidades de relacionamento.	69	Sentinela	ACTIVE	MASCULINO	0		
NPC_2272	Helas	Eshmara	Brumas	2	Criador de animais	Criador de animais de Brumas. Conhecido por interações cotidianas, pedidos, rumores e possibilidades de relacionamento.	23	Criador de animais	ACTIVE	FEMININO	0		
NPC_2273	Kaint	Tharun	Stone-Âmbar	3	Bardo	Bardo de Stone-Âmbar. Conhecido por interações cotidianas, pedidos, rumores e possibilidades de relacionamento.	40	Bardo	ACTIVE	MASCULINO	0		
NPC_2274	Nerethm	Lyrien	Aerocivitus	4	Guarda	Guarda de Aerocivitus. Conhecido por interações cotidianas, pedidos, rumores e possibilidades de relacionamento.	57	Guarda	ACTIVE	FEMININO	0		
NPC_2275	Selian	Kethruun	Sandbones	-2	Camponês	Camponês de Sandbones. Conhecido por interações cotidianas, pedidos, rumores e possibilidades de relacionamento.	74	Camponês	ACTIVE	MASCULINO	0		
NPC_2276	Wilak	Nyssara	Emerald Tide	-1	Clérigo	Clérigo de Emerald Tide. Conhecido por interações cotidianas, pedidos, rumores e possibilidades de relacionamento.	28	Clérigo	ACTIVE	FEMININO	0		
NPC_2277	Alind	Myrthos	Sem nome definido	0	Valaryn	Valaryn de Sem nome definido. Conhecido por interações cotidianas, pedidos, rumores e possibilidades de relacionamento.	45	Valaryn	ACTIVE	MASCULINO	0		
NPC_2278	Corethb	Orinthal	Crystalia	1	Artesão	Artesão de Crystalia. Conhecido por interações cotidianas, pedidos, rumores e possibilidades de relacionamento.	62	Artesão	ACTIVE	FEMININO	0		
NPC_2279	Feriath	Valkyrion	Volmeria	2	Curandeiro	Curandeiro de Volmeria. Conhecido por interações cotidianas, pedidos, rumores e possibilidades de relacionamento.	79	Curandeiro	ACTIVE	MASCULINO	0		
NPC_2280	Iriaa	Aeloria	Thornmere	3	Aventureiro	Aventureiro de Thornmere. Conhecido por interações cotidianas, pedidos, rumores e possibilidades de relacionamento.	33	Aventureiro	ACTIVE	FEMININO	0		
NPC_2281	Liainl	Zarim	Fornalia	4	Estudante	Estudante de Fornalia. Conhecido por interações cotidianas, pedidos, rumores e possibilidades de relacionamento.	50	Estudante	ACTIVE	MASCULINO	0		
NPC_2282	Oliethr	Eshmara	Brumas	-2	Mercador	Mercador de Brumas. Conhecido por interações cotidianas, pedidos, rumores e possibilidades de relacionamento.	67	Mercador	ACTIVE	FEMININO	0		
NPC_2283	Toriav	Tharun	Stone-Âmbar	-1	Pesquisador	Pesquisador de Stone-Âmbar. Conhecido por interações cotidianas, pedidos, rumores e possibilidades de relacionamento.	21	Pesquisador	ACTIVE	MASCULINO	0		
NPC_2284	Ysaas	Lyrien	Aerocivitus	0	Navegador	Navegador de Aerocivitus. Conhecido por interações cotidianas, pedidos, rumores e possibilidades de relacionamento.	38	Navegador	ACTIVE	FEMININO	0		
NPC_2285	Arint	Kethruun	Sandbones	1	Ferreiro	Ferreiro de Sandbones. Conhecido por interações cotidianas, pedidos, rumores e possibilidades de relacionamento.	55	Ferreiro	ACTIVE	MASCULINO	0		
NPC_2286	Daethm	Nyssara	Emerald Tide	2	Mensageiro	Mensageiro de Emerald Tide. Conhecido por interações cotidianas, pedidos, rumores e possibilidades de relacionamento.	72	Mensageiro	ACTIVE	FEMININO	0		
NPC_2287	Galian	Myrthos	Sem nome definido	3	Erudito	Erudito de Sem nome definido. Conhecido por interações cotidianas, pedidos, rumores e possibilidades de relacionamento.	26	Erudito	ACTIVE	MASCULINO	0		
NPC_2288	Jonak	Orinthal	Crystalia	4	Mago	Mago de Crystalia. Conhecido por interações cotidianas, pedidos, rumores e possibilidades de relacionamento.	43	Mago	ACTIVE	FEMININO	0		
NPC_2289	Marind	Valkyrion	Volmeria	-2	Carroceiro	Carroceiro de Volmeria. Conhecido por interações cotidianas, pedidos, rumores e possibilidades de relacionamento.	60	Carroceiro	ACTIVE	MASCULINO	0		
NPC_2290	Renethb	Aeloria	Norhaven	-1	Caçador	Caçador de Norhaven. Conhecido por interações cotidianas, pedidos, rumores e possibilidades de relacionamento.	77	Caçador	ACTIVE	FEMININO	0		
NPC_2291	Vioiath	Zarim	Fornalia	0	Sentinela	Sentinela de Fornalia. Conhecido por interações cotidianas, pedidos, rumores e possibilidades de relacionamento.	31	Sentinela	ACTIVE	MASCULINO	0		
NPC_2292	Zanaa	Eshmara	Brumas	1	Criador de animais	Criador de animais de Brumas. Conhecido por interações cotidianas, pedidos, rumores e possibilidades de relacionamento.	48	Criador de animais	ACTIVE	FEMININO	0		
NPC_2293	Belinl	Tharun	Stone-Âmbar	2	Bardo	Bardo de Stone-Âmbar. Conhecido por interações cotidianas, pedidos, rumores e possibilidades de relacionamento.	65	Bardo	ACTIVE	MASCULINO	0		
NPC_2294	Eliethr	Lyrien	Aerocivitus	3	Guarda	Guarda de Aerocivitus. Conhecido por interações cotidianas, pedidos, rumores e possibilidades de relacionamento.	19	Guarda	ACTIVE	FEMININO	0		
NPC_2295	Heliav	Kethruun	Sandbones	4	Camponês	Camponês de Sandbones. Conhecido por interações cotidianas, pedidos, rumores e possibilidades de relacionamento.	36	Camponês	ACTIVE	MASCULINO	0		
NPC_2296	Kaas	Nyssara	Emerald Tide	-2	Clérigo	Clérigo de Emerald Tide. Conhecido por interações cotidianas, pedidos, rumores e possibilidades de relacionamento.	53	Clérigo	ACTIVE	FEMININO	0		
NPC_2297	Nerint	Myrthos	Sem nome definido	-1	Valaryn	Valaryn de Sem nome definido. Conhecido por interações cotidianas, pedidos, rumores e possibilidades de relacionamento.	70	Valaryn	ACTIVE	MASCULINO	0		
NPC_2298	Selethm	Orinthal	Crystalia	0	Artesão	Artesão de Crystalia. Conhecido por interações cotidianas, pedidos, rumores e possibilidades de relacionamento.	24	Artesão	ACTIVE	FEMININO	0		
NPC_2299	Wilian	Valkyrion	Volmeria	1	Curandeiro	Curandeiro de Volmeria. Conhecido por interações cotidianas, pedidos, rumores e possibilidades de relacionamento.	41	Curandeiro	ACTIVE	MASCULINO	0		
NPC_2300	Alak	Aeloria	Hallowspire	2	Aventureiro	Aventureiro de Hallowspire. Conhecido por interações cotidianas, pedidos, rumores e possibilidades de relacionamento.	58	Aventureiro	ACTIVE	FEMININO	0		
NPC_2301	Corind	Zarim	Fornalia	3	Estudante	Estudante de Fornalia. Conhecido por interações cotidianas, pedidos, rumores e possibilidades de relacionamento.	75	Estudante	ACTIVE	MASCULINO	0		
NPC_2302	Ferethb	Eshmara	Brumas	4	Mercador	Mercador de Brumas. Conhecido por interações cotidianas, pedidos, rumores e possibilidades de relacionamento.	29	Mercador	ACTIVE	FEMININO	0		
NPC_2303	Iriiath	Tharun	Stone-Âmbar	-2	Pesquisador	Pesquisador de Stone-Âmbar. Conhecido por interações cotidianas, pedidos, rumores e possibilidades de relacionamento.	46	Pesquisador	ACTIVE	MASCULINO	0		
NPC_2304	Liaaa	Lyrien	Aerocivitus	-1	Navegador	Navegador de Aerocivitus. Conhecido por interações cotidianas, pedidos, rumores e possibilidades de relacionamento.	63	Navegador	ACTIVE	FEMININO	0		
NPC_2305	Oliinl	Kethruun	Sandbones	0	Ferreiro	Ferreiro de Sandbones. Conhecido por interações cotidianas, pedidos, rumores e possibilidades de relacionamento.	80	Ferreiro	ACTIVE	MASCULINO	0		
NPC_2306	Torethr	Nyssara	Emerald Tide	1	Mensageiro	Mensageiro de Emerald Tide. Conhecido por interações cotidianas, pedidos, rumores e possibilidades de relacionamento.	34	Mensageiro	ACTIVE	FEMININO	0		
NPC_2307	Ysaiav	Myrthos	Sem nome definido	2	Erudito	Erudito de Sem nome definido. Conhecido por interações cotidianas, pedidos, rumores e possibilidades de relacionamento.	51	Erudito	ACTIVE	MASCULINO	0		
NPC_2308	Aras	Orinthal	Crystalia	3	Mago	Mago de Crystalia. Conhecido por interações cotidianas, pedidos, rumores e possibilidades de relacionamento.	68	Mago	ACTIVE	FEMININO	0		
NPC_2309	Daint	Valkyrion	Volmeria	4	Carroceiro	Carroceiro de Volmeria. Conhecido por interações cotidianas, pedidos, rumores e possibilidades de relacionamento.	22	Carroceiro	ACTIVE	MASCULINO	0		
NPC_2310	Galethm	Aeloria	Brighthollow	-2	Caçador	Caçador de Brighthollow. Conhecido por interações cotidianas, pedidos, rumores e possibilidades de relacionamento.	39	Caçador	ACTIVE	FEMININO	0		
NPC_2311	Jonian	Zarim	Fornalia	-1	Sentinela	Sentinela de Fornalia. Conhecido por interações cotidianas, pedidos, rumores e possibilidades de relacionamento.	56	Sentinela	ACTIVE	MASCULINO	0		
NPC_2312	Marak	Eshmara	Brumas	0	Criador de animais	Criador de animais de Brumas. Conhecido por interações cotidianas, pedidos, rumores e possibilidades de relacionamento.	73	Criador de animais	ACTIVE	FEMININO	0		
NPC_2313	Renind	Tharun	Stone-Âmbar	1	Bardo	Bardo de Stone-Âmbar. Conhecido por interações cotidianas, pedidos, rumores e possibilidades de relacionamento.	27	Bardo	ACTIVE	MASCULINO	0		
NPC_2314	Vioethb	Lyrien	Aerocivitus	2	Guarda	Guarda de Aerocivitus. Conhecido por interações cotidianas, pedidos, rumores e possibilidades de relacionamento.	44	Guarda	ACTIVE	FEMININO	0		
NPC_2315	Zaniath	Kethruun	Sandbones	3	Camponês	Camponês de Sandbones. Conhecido por interações cotidianas, pedidos, rumores e possibilidades de relacionamento.	61	Camponês	ACTIVE	MASCULINO	0		
NPC_2316	Belaa	Nyssara	Emerald Tide	4	Clérigo	Clérigo de Emerald Tide. Conhecido por interações cotidianas, pedidos, rumores e possibilidades de relacionamento.	78	Clérigo	ACTIVE	FEMININO	0		
NPC_2317	Eliinl	Myrthos	Sem nome definido	-2	Valaryn	Valaryn de Sem nome definido. Conhecido por interações cotidianas, pedidos, rumores e possibilidades de relacionamento.	32	Valaryn	ACTIVE	MASCULINO	0		
NPC_2318	Helethr	Orinthal	Crystalia	-1	Artesão	Artesão de Crystalia. Conhecido por interações cotidianas, pedidos, rumores e possibilidades de relacionamento.	49	Artesão	ACTIVE	FEMININO	0		
NPC_2319	Kaiav	Valkyrion	Volmeria	0	Curandeiro	Curandeiro de Volmeria. Conhecido por interações cotidianas, pedidos, rumores e possibilidades de relacionamento.	66	Curandeiro	ACTIVE	MASCULINO	0		
NPC_2320	Neras	Aeloria	Valdora	1	Aventureiro	Aventureiro de Valdora. Conhecido por interações cotidianas, pedidos, rumores e possibilidades de relacionamento.	20	Aventureiro	ACTIVE	FEMININO	0		
NPC_2321	Selint	Zarim	Fornalia	2	Estudante	Estudante de Fornalia. Conhecido por interações cotidianas, pedidos, rumores e possibilidades de relacionamento.	37	Estudante	ACTIVE	MASCULINO	0		
NPC_2322	Wilethm	Eshmara	Brumas	3	Mercador	Mercador de Brumas. Conhecido por interações cotidianas, pedidos, rumores e possibilidades de relacionamento.	54	Mercador	ACTIVE	FEMININO	0		
NPC_2323	Alian	Tharun	Stone-Âmbar	4	Pesquisador	Pesquisador de Stone-Âmbar. Conhecido por interações cotidianas, pedidos, rumores e possibilidades de relacionamento.	71	Pesquisador	ACTIVE	MASCULINO	0		
NPC_2324	Corak	Lyrien	Aerocivitus	-2	Navegador	Navegador de Aerocivitus. Conhecido por interações cotidianas, pedidos, rumores e possibilidades de relacionamento.	25	Navegador	ACTIVE	FEMININO	0		
NPC_2325	Ferind	Kethruun	Sandbones	-1	Ferreiro	Ferreiro de Sandbones. Conhecido por interações cotidianas, pedidos, rumores e possibilidades de relacionamento.	42	Ferreiro	ACTIVE	MASCULINO	0		
NPC_2326	Iriethb	Nyssara	Emerald Tide	0	Mensageiro	Mensageiro de Emerald Tide. Conhecido por interações cotidianas, pedidos, rumores e possibilidades de relacionamento.	59	Mensageiro	ACTIVE	FEMININO	0		
NPC_2327	Liaiath	Myrthos	Sem nome definido	1	Erudito	Erudito de Sem nome definido. Conhecido por interações cotidianas, pedidos, rumores e possibilidades de relacionamento.	76	Erudito	ACTIVE	MASCULINO	0		
NPC_2328	Oliaa	Orinthal	Crystalia	2	Mago	Mago de Crystalia. Conhecido por interações cotidianas, pedidos, rumores e possibilidades de relacionamento.	30	Mago	ACTIVE	FEMININO	0		
NPC_2329	Torinl	Valkyrion	Volmeria	3	Carroceiro	Carroceiro de Volmeria. Conhecido por interações cotidianas, pedidos, rumores e possibilidades de relacionamento.	47	Carroceiro	ACTIVE	MASCULINO	0		
NPC_2330	Ysaethr	Aeloria	Verdralith	4	Caçador	Caçador de Verdralith. Conhecido por interações cotidianas, pedidos, rumores e possibilidades de relacionamento.	64	Caçador	ACTIVE	FEMININO	0		
NPC_2331	Ariav	Zarim	Fornalia	-2	Sentinela	Sentinela de Fornalia. Conhecido por interações cotidianas, pedidos, rumores e possibilidades de relacionamento.	18	Sentinela	ACTIVE	MASCULINO	0		
NPC_2332	Daas	Eshmara	Brumas	-1	Criador de animais	Criador de animais de Brumas. Conhecido por interações cotidianas, pedidos, rumores e possibilidades de relacionamento.	35	Criador de animais	ACTIVE	FEMININO	0		
NPC_2333	Galint	Tharun	Stone-Âmbar	0	Bardo	Bardo de Stone-Âmbar. Conhecido por interações cotidianas, pedidos, rumores e possibilidades de relacionamento.	52	Bardo	ACTIVE	MASCULINO	0		
NPC_2334	Jonethm	Lyrien	Aerocivitus	1	Guarda	Guarda de Aerocivitus. Conhecido por interações cotidianas, pedidos, rumores e possibilidades de relacionamento.	69	Guarda	ACTIVE	FEMININO	0		
NPC_2335	Marian	Kethruun	Sandbones	2	Camponês	Camponês de Sandbones. Conhecido por interações cotidianas, pedidos, rumores e possibilidades de relacionamento.	23	Camponês	ACTIVE	MASCULINO	0		
NPC_2336	Renak	Nyssara	Emerald Tide	3	Clérigo	Clérigo de Emerald Tide. Conhecido por interações cotidianas, pedidos, rumores e possibilidades de relacionamento.	40	Clérigo	ACTIVE	FEMININO	0		
NPC_2337	Vioind	Myrthos	Sem nome definido	4	Valaryn	Valaryn de Sem nome definido. Conhecido por interações cotidianas, pedidos, rumores e possibilidades de relacionamento.	57	Valaryn	ACTIVE	MASCULINO	0		
NPC_2338	Zanethb	Orinthal	Crystalia	-2	Artesão	Artesão de Crystalia. Conhecido por interações cotidianas, pedidos, rumores e possibilidades de relacionamento.	74	Artesão	ACTIVE	FEMININO	0		
NPC_2339	Beliath	Valkyrion	Volmeria	-1	Curandeiro	Curandeiro de Volmeria. Conhecido por interações cotidianas, pedidos, rumores e possibilidades de relacionamento.	28	Curandeiro	ACTIVE	MASCULINO	0		
NPC_2340	Eliaa	Aeloria	Prismere	0	Aventureiro	Aventureiro de Prismere. Conhecido por interações cotidianas, pedidos, rumores e possibilidades de relacionamento.	45	Aventureiro	ACTIVE	FEMININO	0		
NPC_2341	Helinl	Zarim	Fornalia	1	Estudante	Estudante de Fornalia. Conhecido por interações cotidianas, pedidos, rumores e possibilidades de relacionamento.	62	Estudante	ACTIVE	MASCULINO	0		
NPC_2342	Kaethr	Eshmara	Brumas	2	Mercador	Mercador de Brumas. Conhecido por interações cotidianas, pedidos, rumores e possibilidades de relacionamento.	79	Mercador	ACTIVE	FEMININO	0		
NPC_2343	Neriav	Tharun	Stone-Âmbar	3	Pesquisador	Pesquisador de Stone-Âmbar. Conhecido por interações cotidianas, pedidos, rumores e possibilidades de relacionamento.	33	Pesquisador	ACTIVE	MASCULINO	0		
NPC_2344	Selas	Lyrien	Aerocivitus	4	Navegador	Navegador de Aerocivitus. Conhecido por interações cotidianas, pedidos, rumores e possibilidades de relacionamento.	50	Navegador	ACTIVE	FEMININO	0		
NPC_2345	Wilint	Kethruun	Sandbones	-2	Ferreiro	Ferreiro de Sandbones. Conhecido por interações cotidianas, pedidos, rumores e possibilidades de relacionamento.	67	Ferreiro	ACTIVE	MASCULINO	0		
NPC_2346	Alethm	Nyssara	Emerald Tide	-1	Mensageiro	Mensageiro de Emerald Tide. Conhecido por interações cotidianas, pedidos, rumores e possibilidades de relacionamento.	21	Mensageiro	ACTIVE	FEMININO	0		
NPC_2347	Corian	Myrthos	Sem nome definido	0	Erudito	Erudito de Sem nome definido. Conhecido por interações cotidianas, pedidos, rumores e possibilidades de relacionamento.	38	Erudito	ACTIVE	MASCULINO	0		
NPC_2348	Ferak	Orinthal	Crystalia	1	Mago	Mago de Crystalia. Conhecido por interações cotidianas, pedidos, rumores e possibilidades de relacionamento.	55	Mago	ACTIVE	FEMININO	0		
NPC_2349	Iriind	Valkyrion	Volmeria	2	Carroceiro	Carroceiro de Volmeria. Conhecido por interações cotidianas, pedidos, rumores e possibilidades de relacionamento.	72	Carroceiro	ACTIVE	MASCULINO	0		
NPC_2350	Liaethb	Aeloria	Jorwyn	3	Caçador	Caçador de Jorwyn. Conhecido por interações cotidianas, pedidos, rumores e possibilidades de relacionamento.	26	Caçador	ACTIVE	FEMININO	0		
NPC_2351	Oliiath	Zarim	Fornalia	4	Sentinela	Sentinela de Fornalia. Conhecido por interações cotidianas, pedidos, rumores e possibilidades de relacionamento.	43	Sentinela	ACTIVE	MASCULINO	0		
NPC_2352	Toraa	Eshmara	Brumas	-2	Criador de animais	Criador de animais de Brumas. Conhecido por interações cotidianas, pedidos, rumores e possibilidades de relacionamento.	60	Criador de animais	ACTIVE	FEMININO	0		
NPC_2353	Ysainl	Tharun	Stone-Âmbar	-1	Bardo	Bardo de Stone-Âmbar. Conhecido por interações cotidianas, pedidos, rumores e possibilidades de relacionamento.	77	Bardo	ACTIVE	MASCULINO	0		
NPC_2354	Arethr	Lyrien	Aerocivitus	0	Guarda	Guarda de Aerocivitus. Conhecido por interações cotidianas, pedidos, rumores e possibilidades de relacionamento.	31	Guarda	ACTIVE	FEMININO	0		
NPC_2355	Daiav	Kethruun	Sandbones	1	Camponês	Camponês de Sandbones. Conhecido por interações cotidianas, pedidos, rumores e possibilidades de relacionamento.	48	Camponês	ACTIVE	MASCULINO	0		
NPC_2356	Galas	Nyssara	Emerald Tide	2	Clérigo	Clérigo de Emerald Tide. Conhecido por interações cotidianas, pedidos, rumores e possibilidades de relacionamento.	65	Clérigo	ACTIVE	FEMININO	0		
NPC_2357	Jonint	Myrthos	Sem nome definido	3	Valaryn	Valaryn de Sem nome definido. Conhecido por interações cotidianas, pedidos, rumores e possibilidades de relacionamento.	19	Valaryn	ACTIVE	MASCULINO	0		
NPC_2358	Marethm	Orinthal	Crystalia	4	Artesão	Artesão de Crystalia. Conhecido por interações cotidianas, pedidos, rumores e possibilidades de relacionamento.	36	Artesão	ACTIVE	FEMININO	0		
NPC_2359	Renian	Valkyrion	Volmeria	-2	Curandeiro	Curandeiro de Volmeria. Conhecido por interações cotidianas, pedidos, rumores e possibilidades de relacionamento.	53	Curandeiro	ACTIVE	MASCULINO	0		
NPC_2360	Vioak	Aeloria	Dawnspire	-1	Aventureiro	Aventureiro de Dawnspire. Conhecido por interações cotidianas, pedidos, rumores e possibilidades de relacionamento.	70	Aventureiro	ACTIVE	FEMININO	0		
NPC_2361	Zanind	Zarim	Fornalia	0	Estudante	Estudante de Fornalia. Conhecido por interações cotidianas, pedidos, rumores e possibilidades de relacionamento.	24	Estudante	ACTIVE	MASCULINO	0		
NPC_2362	Belethb	Eshmara	Brumas	1	Mercador	Mercador de Brumas. Conhecido por interações cotidianas, pedidos, rumores e possibilidades de relacionamento.	41	Mercador	ACTIVE	FEMININO	0		
NPC_2363	Eliiath	Tharun	Stone-Âmbar	2	Pesquisador	Pesquisador de Stone-Âmbar. Conhecido por interações cotidianas, pedidos, rumores e possibilidades de relacionamento.	58	Pesquisador	ACTIVE	MASCULINO	0		
NPC_2364	Helaa	Lyrien	Aerocivitus	3	Navegador	Navegador de Aerocivitus. Conhecido por interações cotidianas, pedidos, rumores e possibilidades de relacionamento.	75	Navegador	ACTIVE	FEMININO	0		
NPC_2365	Kainl	Kethruun	Sandbones	4	Ferreiro	Ferreiro de Sandbones. Conhecido por interações cotidianas, pedidos, rumores e possibilidades de relacionamento.	29	Ferreiro	ACTIVE	MASCULINO	0		
NPC_2366	Nerethr	Nyssara	Emerald Tide	-2	Mensageiro	Mensageiro de Emerald Tide. Conhecido por interações cotidianas, pedidos, rumores e possibilidades de relacionamento.	46	Mensageiro	ACTIVE	FEMININO	0		
NPC_2367	Seliav	Myrthos	Sem nome definido	-1	Erudito	Erudito de Sem nome definido. Conhecido por interações cotidianas, pedidos, rumores e possibilidades de relacionamento.	63	Erudito	ACTIVE	MASCULINO	0		
NPC_2368	Wilas	Orinthal	Crystalia	0	Mago	Mago de Crystalia. Conhecido por interações cotidianas, pedidos, rumores e possibilidades de relacionamento.	80	Mago	ACTIVE	FEMININO	0		
NPC_2369	Alint	Valkyrion	Volmeria	1	Carroceiro	Carroceiro de Volmeria. Conhecido por interações cotidianas, pedidos, rumores e possibilidades de relacionamento.	34	Carroceiro	ACTIVE	MASCULINO	0		
NPC_2370	Corethm	Aeloria	Xandralor	2	Caçador	Caçador de Xandralor. Conhecido por interações cotidianas, pedidos, rumores e possibilidades de relacionamento.	51	Caçador	ACTIVE	FEMININO	0		
NPC_2371	Ferian	Zarim	Fornalia	3	Sentinela	Sentinela de Fornalia. Conhecido por interações cotidianas, pedidos, rumores e possibilidades de relacionamento.	68	Sentinela	ACTIVE	MASCULINO	0		
NPC_2372	Iriak	Eshmara	Brumas	4	Criador de animais	Criador de animais de Brumas. Conhecido por interações cotidianas, pedidos, rumores e possibilidades de relacionamento.	22	Criador de animais	ACTIVE	FEMININO	0		
NPC_2373	Liaind	Tharun	Stone-Âmbar	-2	Bardo	Bardo de Stone-Âmbar. Conhecido por interações cotidianas, pedidos, rumores e possibilidades de relacionamento.	39	Bardo	ACTIVE	MASCULINO	0		
NPC_2374	Oliethb	Lyrien	Aerocivitus	-1	Guarda	Guarda de Aerocivitus. Conhecido por interações cotidianas, pedidos, rumores e possibilidades de relacionamento.	56	Guarda	ACTIVE	FEMININO	0		
NPC_2375	Toriath	Kethruun	Sandbones	0	Camponês	Camponês de Sandbones. Conhecido por interações cotidianas, pedidos, rumores e possibilidades de relacionamento.	73	Camponês	ACTIVE	MASCULINO	0		
NPC_2376	Ysaaa	Nyssara	Emerald Tide	1	Clérigo	Clérigo de Emerald Tide. Conhecido por interações cotidianas, pedidos, rumores e possibilidades de relacionamento.	27	Clérigo	ACTIVE	FEMININO	0		
NPC_2377	Arinl	Myrthos	Sem nome definido	2	Valaryn	Valaryn de Sem nome definido. Conhecido por interações cotidianas, pedidos, rumores e possibilidades de relacionamento.	44	Valaryn	ACTIVE	MASCULINO	0		
NPC_2378	Daethr	Orinthal	Crystalia	3	Artesão	Artesão de Crystalia. Conhecido por interações cotidianas, pedidos, rumores e possibilidades de relacionamento.	61	Artesão	ACTIVE	FEMININO	0		
NPC_2379	Galiav	Valkyrion	Volmeria	4	Curandeiro	Curandeiro de Volmeria. Conhecido por interações cotidianas, pedidos, rumores e possibilidades de relacionamento.	78	Curandeiro	ACTIVE	MASCULINO	0		
NPC_2380	Jonas	Aeloria	Rivenholt	-2	Aventureiro	Aventureiro de Rivenholt. Conhecido por interações cotidianas, pedidos, rumores e possibilidades de relacionamento.	32	Aventureiro	ACTIVE	FEMININO	0		
NPC_2381	Marint	Zarim	Fornalia	-1	Estudante	Estudante de Fornalia. Conhecido por interações cotidianas, pedidos, rumores e possibilidades de relacionamento.	49	Estudante	ACTIVE	MASCULINO	0		
NPC_2382	Renethm	Eshmara	Brumas	0	Mercador	Mercador de Brumas. Conhecido por interações cotidianas, pedidos, rumores e possibilidades de relacionamento.	66	Mercador	ACTIVE	FEMININO	0		
NPC_2383	Vioian	Tharun	Stone-Âmbar	1	Pesquisador	Pesquisador de Stone-Âmbar. Conhecido por interações cotidianas, pedidos, rumores e possibilidades de relacionamento.	20	Pesquisador	ACTIVE	MASCULINO	0		
NPC_2384	Zanak	Lyrien	Aerocivitus	2	Navegador	Navegador de Aerocivitus. Conhecido por interações cotidianas, pedidos, rumores e possibilidades de relacionamento.	37	Navegador	ACTIVE	FEMININO	0		
NPC_2385	Belind	Kethruun	Sandbones	3	Ferreiro	Ferreiro de Sandbones. Conhecido por interações cotidianas, pedidos, rumores e possibilidades de relacionamento.	54	Ferreiro	ACTIVE	MASCULINO	0		
NPC_2386	Eliethb	Nyssara	Emerald Tide	4	Mensageiro	Mensageiro de Emerald Tide. Conhecido por interações cotidianas, pedidos, rumores e possibilidades de relacionamento.	71	Mensageiro	ACTIVE	FEMININO	0		
NPC_2387	Heliath	Myrthos	Sem nome definido	-2	Erudito	Erudito de Sem nome definido. Conhecido por interações cotidianas, pedidos, rumores e possibilidades de relacionamento.	25	Erudito	ACTIVE	MASCULINO	0		
NPC_2388	Kaaa	Orinthal	Crystalia	-1	Mago	Mago de Crystalia. Conhecido por interações cotidianas, pedidos, rumores e possibilidades de relacionamento.	42	Mago	ACTIVE	FEMININO	0		
NPC_2389	Nerinl	Valkyrion	Volmeria	0	Carroceiro	Carroceiro de Volmeria. Conhecido por interações cotidianas, pedidos, rumores e possibilidades de relacionamento.	59	Carroceiro	ACTIVE	MASCULINO	0		
NPC_2390	Selethr	Aeloria	Loryndor	1	Caçador	Caçador de Loryndor. Conhecido por interações cotidianas, pedidos, rumores e possibilidades de relacionamento.	76	Caçador	ACTIVE	FEMININO	0		
NPC_2391	Wiliav	Zarim	Fornalia	2	Sentinela	Sentinela de Fornalia. Conhecido por interações cotidianas, pedidos, rumores e possibilidades de relacionamento.	30	Sentinela	ACTIVE	MASCULINO	0		
NPC_2392	Alas	Eshmara	Brumas	3	Criador de animais	Criador de animais de Brumas. Conhecido por interações cotidianas, pedidos, rumores e possibilidades de relacionamento.	47	Criador de animais	ACTIVE	FEMININO	0		
NPC_2393	Corint	Tharun	Stone-Âmbar	4	Bardo	Bardo de Stone-Âmbar. Conhecido por interações cotidianas, pedidos, rumores e possibilidades de relacionamento.	64	Bardo	ACTIVE	MASCULINO	0		
NPC_2394	Ferethm	Lyrien	Aerocivitus	-2	Guarda	Guarda de Aerocivitus. Conhecido por interações cotidianas, pedidos, rumores e possibilidades de relacionamento.	18	Guarda	ACTIVE	FEMININO	0		
NPC_2395	Iriian	Kethruun	Sandbones	-1	Camponês	Camponês de Sandbones. Conhecido por interações cotidianas, pedidos, rumores e possibilidades de relacionamento.	35	Camponês	ACTIVE	MASCULINO	0		
NPC_2396	Liaak	Nyssara	Emerald Tide	0	Clérigo	Clérigo de Emerald Tide. Conhecido por interações cotidianas, pedidos, rumores e possibilidades de relacionamento.	52	Clérigo	ACTIVE	FEMININO	0		
NPC_2397	Oliind	Myrthos	Sem nome definido	1	Valaryn	Valaryn de Sem nome definido. Conhecido por interações cotidianas, pedidos, rumores e possibilidades de relacionamento.	69	Valaryn	ACTIVE	MASCULINO	0		
NPC_2398	Torethb	Orinthal	Crystalia	2	Artesão	Artesão de Crystalia. Conhecido por interações cotidianas, pedidos, rumores e possibilidades de relacionamento.	23	Artesão	ACTIVE	FEMININO	0		
NPC_2399	Ysaiath	Valkyrion	Volmeria	3	Curandeiro	Curandeiro de Volmeria. Conhecido por interações cotidianas, pedidos, rumores e possibilidades de relacionamento.	40	Curandeiro	ACTIVE	MASCULINO	0		
NPC_2400	Araa	Aeloria	Fenndral	4	Aventureiro	Aventureiro de Fenndral. Conhecido por interações cotidianas, pedidos, rumores e possibilidades de relacionamento.	57	Aventureiro	ACTIVE	FEMININO	0		
NPC_2401	Dainl	Zarim	Fornalia	-2	Estudante	Estudante de Fornalia. Conhecido por interações cotidianas, pedidos, rumores e possibilidades de relacionamento.	74	Estudante	ACTIVE	MASCULINO	0		
NPC_2402	Galethr	Eshmara	Brumas	-1	Mercador	Mercador de Brumas. Conhecido por interações cotidianas, pedidos, rumores e possibilidades de relacionamento.	28	Mercador	ACTIVE	FEMININO	0		
NPC_2403	Joniav	Tharun	Stone-Âmbar	0	Pesquisador	Pesquisador de Stone-Âmbar. Conhecido por interações cotidianas, pedidos, rumores e possibilidades de relacionamento.	45	Pesquisador	ACTIVE	MASCULINO	0		
NPC_2404	Maras	Lyrien	Aerocivitus	1	Navegador	Navegador de Aerocivitus. Conhecido por interações cotidianas, pedidos, rumores e possibilidades de relacionamento.	62	Navegador	ACTIVE	FEMININO	0		
NPC_2405	Renint	Kethruun	Sandbones	2	Ferreiro	Ferreiro de Sandbones. Conhecido por interações cotidianas, pedidos, rumores e possibilidades de relacionamento.	79	Ferreiro	ACTIVE	MASCULINO	0		
NPC_2406	Vioethm	Nyssara	Emerald Tide	3	Mensageiro	Mensageiro de Emerald Tide. Conhecido por interações cotidianas, pedidos, rumores e possibilidades de relacionamento.	33	Mensageiro	ACTIVE	FEMININO	0		
NPC_2407	Zanian	Myrthos	Sem nome definido	4	Erudito	Erudito de Sem nome definido. Conhecido por interações cotidianas, pedidos, rumores e possibilidades de relacionamento.	50	Erudito	ACTIVE	MASCULINO	0		
NPC_2408	Belak	Orinthal	Crystalia	-2	Mago	Mago de Crystalia. Conhecido por interações cotidianas, pedidos, rumores e possibilidades de relacionamento.	67	Mago	ACTIVE	FEMININO	0		
NPC_2409	Eliind	Valkyrion	Volmeria	-1	Carroceiro	Carroceiro de Volmeria. Conhecido por interações cotidianas, pedidos, rumores e possibilidades de relacionamento.	21	Carroceiro	ACTIVE	MASCULINO	0		
NPC_2410	Helethb	Aeloria	Feyndral	0	Caçador	Caçador de Feyndral. Conhecido por interações cotidianas, pedidos, rumores e possibilidades de relacionamento.	38	Caçador	ACTIVE	FEMININO	0		
NPC_2411	Kaiath	Zarim	Fornalia	1	Sentinela	Sentinela de Fornalia. Conhecido por interações cotidianas, pedidos, rumores e possibilidades de relacionamento.	55	Sentinela	ACTIVE	MASCULINO	0		
NPC_2412	Neraa	Eshmara	Brumas	2	Criador de animais	Criador de animais de Brumas. Conhecido por interações cotidianas, pedidos, rumores e possibilidades de relacionamento.	72	Criador de animais	ACTIVE	FEMININO	0		
NPC_2413	Selinl	Tharun	Stone-Âmbar	3	Bardo	Bardo de Stone-Âmbar. Conhecido por interações cotidianas, pedidos, rumores e possibilidades de relacionamento.	26	Bardo	ACTIVE	MASCULINO	0		
NPC_2414	Wilethr	Lyrien	Aerocivitus	4	Guarda	Guarda de Aerocivitus. Conhecido por interações cotidianas, pedidos, rumores e possibilidades de relacionamento.	43	Guarda	ACTIVE	FEMININO	0		
NPC_2415	Aliav	Kethruun	Sandbones	-2	Camponês	Camponês de Sandbones. Conhecido por interações cotidianas, pedidos, rumores e possibilidades de relacionamento.	60	Camponês	ACTIVE	MASCULINO	0		
NPC_2416	Coras	Nyssara	Emerald Tide	-1	Clérigo	Clérigo de Emerald Tide. Conhecido por interações cotidianas, pedidos, rumores e possibilidades de relacionamento.	77	Clérigo	ACTIVE	FEMININO	0		
NPC_2417	Ferint	Myrthos	Sem nome definido	0	Valaryn	Valaryn de Sem nome definido. Conhecido por interações cotidianas, pedidos, rumores e possibilidades de relacionamento.	31	Valaryn	ACTIVE	MASCULINO	0		
NPC_2418	Iriethm	Orinthal	Crystalia	1	Artesão	Artesão de Crystalia. Conhecido por interações cotidianas, pedidos, rumores e possibilidades de relacionamento.	48	Artesão	ACTIVE	FEMININO	0		
NPC_2419	Liaian	Valkyrion	Volmeria	2	Curandeiro	Curandeiro de Volmeria. Conhecido por interações cotidianas, pedidos, rumores e possibilidades de relacionamento.	65	Curandeiro	ACTIVE	MASCULINO	0		
NPC_2420	Oliak	Aeloria	Zephyrholt	3	Aventureiro	Aventureiro de Zephyrholt. Conhecido por interações cotidianas, pedidos, rumores e possibilidades de relacionamento.	19	Aventureiro	ACTIVE	FEMININO	0		
NPC_2421	Torind	Zarim	Fornalia	4	Estudante	Estudante de Fornalia. Conhecido por interações cotidianas, pedidos, rumores e possibilidades de relacionamento.	36	Estudante	ACTIVE	MASCULINO	0		
NPC_2422	Ysaethb	Eshmara	Brumas	-2	Mercador	Mercador de Brumas. Conhecido por interações cotidianas, pedidos, rumores e possibilidades de relacionamento.	53	Mercador	ACTIVE	FEMININO	0		
NPC_2423	Ariath	Tharun	Stone-Âmbar	-1	Pesquisador	Pesquisador de Stone-Âmbar. Conhecido por interações cotidianas, pedidos, rumores e possibilidades de relacionamento.	70	Pesquisador	ACTIVE	MASCULINO	0		
NPC_2424	Daaa	Lyrien	Aerocivitus	0	Navegador	Navegador de Aerocivitus. Conhecido por interações cotidianas, pedidos, rumores e possibilidades de relacionamento.	24	Navegador	ACTIVE	FEMININO	0		
NPC_2425	Galinl	Kethruun	Sandbones	1	Ferreiro	Ferreiro de Sandbones. Conhecido por interações cotidianas, pedidos, rumores e possibilidades de relacionamento.	41	Ferreiro	ACTIVE	MASCULINO	0		
NPC_2426	Jonethr	Nyssara	Emerald Tide	2	Mensageiro	Mensageiro de Emerald Tide. Conhecido por interações cotidianas, pedidos, rumores e possibilidades de relacionamento.	58	Mensageiro	ACTIVE	FEMININO	0		
NPC_2427	Mariav	Myrthos	Sem nome definido	3	Erudito	Erudito de Sem nome definido. Conhecido por interações cotidianas, pedidos, rumores e possibilidades de relacionamento.	75	Erudito	ACTIVE	MASCULINO	0		
NPC_2428	Renas	Orinthal	Crystalia	4	Mago	Mago de Crystalia. Conhecido por interações cotidianas, pedidos, rumores e possibilidades de relacionamento.	29	Mago	ACTIVE	FEMININO	0		
NPC_2429	Vioint	Valkyrion	Volmeria	-2	Carroceiro	Carroceiro de Volmeria. Conhecido por interações cotidianas, pedidos, rumores e possibilidades de relacionamento.	46	Carroceiro	ACTIVE	MASCULINO	0		
NPC_2430	Zanethm	Aeloria	Tindralith	-1	Caçador	Caçador de Tindralith. Conhecido por interações cotidianas, pedidos, rumores e possibilidades de relacionamento.	63	Caçador	ACTIVE	FEMININO	0		
NPC_2431	Belian	Zarim	Fornalia	0	Sentinela	Sentinela de Fornalia. Conhecido por interações cotidianas, pedidos, rumores e possibilidades de relacionamento.	80	Sentinela	ACTIVE	MASCULINO	0		
NPC_2432	Eliak	Eshmara	Brumas	1	Criador de animais	Criador de animais de Brumas. Conhecido por interações cotidianas, pedidos, rumores e possibilidades de relacionamento.	34	Criador de animais	ACTIVE	FEMININO	0		
NPC_2433	Helind	Tharun	Stone-Âmbar	2	Bardo	Bardo de Stone-Âmbar. Conhecido por interações cotidianas, pedidos, rumores e possibilidades de relacionamento.	51	Bardo	ACTIVE	MASCULINO	0		
NPC_2434	Kaethb	Lyrien	Aerocivitus	3	Guarda	Guarda de Aerocivitus. Conhecido por interações cotidianas, pedidos, rumores e possibilidades de relacionamento.	68	Guarda	ACTIVE	FEMININO	0		
NPC_2435	Neriath	Kethruun	Sandbones	4	Camponês	Camponês de Sandbones. Conhecido por interações cotidianas, pedidos, rumores e possibilidades de relacionamento.	22	Camponês	ACTIVE	MASCULINO	0		
NPC_2436	Selaa	Nyssara	Emerald Tide	-2	Clérigo	Clérigo de Emerald Tide. Conhecido por interações cotidianas, pedidos, rumores e possibilidades de relacionamento.	39	Clérigo	ACTIVE	FEMININO	0		
NPC_2437	Wilinl	Myrthos	Sem nome definido	-1	Valaryn	Valaryn de Sem nome definido. Conhecido por interações cotidianas, pedidos, rumores e possibilidades de relacionamento.	56	Valaryn	ACTIVE	MASCULINO	0		
NPC_2438	Alethr	Orinthal	Crystalia	0	Artesão	Artesão de Crystalia. Conhecido por interações cotidianas, pedidos, rumores e possibilidades de relacionamento.	73	Artesão	ACTIVE	FEMININO	0		
NPC_2439	Coriav	Valkyrion	Volmeria	1	Curandeiro	Curandeiro de Volmeria. Conhecido por interações cotidianas, pedidos, rumores e possibilidades de relacionamento.	27	Curandeiro	ACTIVE	MASCULINO	0		
NPC_2440	Feras	Aeloria	Netherholt	2	Aventureiro	Aventureiro de Netherholt. Conhecido por interações cotidianas, pedidos, rumores e possibilidades de relacionamento.	44	Aventureiro	ACTIVE	FEMININO	0		
NPC_2441	Iriint	Zarim	Fornalia	3	Estudante	Estudante de Fornalia. Conhecido por interações cotidianas, pedidos, rumores e possibilidades de relacionamento.	61	Estudante	ACTIVE	MASCULINO	0		
NPC_2442	Liaethm	Eshmara	Brumas	4	Mercador	Mercador de Brumas. Conhecido por interações cotidianas, pedidos, rumores e possibilidades de relacionamento.	78	Mercador	ACTIVE	FEMININO	0		
NPC_2443	Oliian	Tharun	Stone-Âmbar	-2	Pesquisador	Pesquisador de Stone-Âmbar. Conhecido por interações cotidianas, pedidos, rumores e possibilidades de relacionamento.	32	Pesquisador	ACTIVE	MASCULINO	0		
NPC_2444	Torak	Lyrien	Aerocivitus	-1	Navegador	Navegador de Aerocivitus. Conhecido por interações cotidianas, pedidos, rumores e possibilidades de relacionamento.	49	Navegador	ACTIVE	FEMININO	0		
NPC_2445	Ysaind	Kethruun	Sandbones	0	Ferreiro	Ferreiro de Sandbones. Conhecido por interações cotidianas, pedidos, rumores e possibilidades de relacionamento.	66	Ferreiro	ACTIVE	MASCULINO	0		
NPC_2446	Arethb	Nyssara	Emerald Tide	1	Mensageiro	Mensageiro de Emerald Tide. Conhecido por interações cotidianas, pedidos, rumores e possibilidades de relacionamento.	20	Mensageiro	ACTIVE	FEMININO	0		
NPC_2447	Daiath	Myrthos	Sem nome definido	2	Erudito	Erudito de Sem nome definido. Conhecido por interações cotidianas, pedidos, rumores e possibilidades de relacionamento.	37	Erudito	ACTIVE	MASCULINO	0		
NPC_2448	Galaa	Orinthal	Crystalia	3	Mago	Mago de Crystalia. Conhecido por interações cotidianas, pedidos, rumores e possibilidades de relacionamento.	54	Mago	ACTIVE	FEMININO	0		
NPC_2449	Joninl	Valkyrion	Volmeria	4	Carroceiro	Carroceiro de Volmeria. Conhecido por interações cotidianas, pedidos, rumores e possibilidades de relacionamento.	71	Carroceiro	ACTIVE	MASCULINO	0		
NPC_2450	Marethr	Aeloria	Highspire	-2	Caçador	Caçador de Highspire. Conhecido por interações cotidianas, pedidos, rumores e possibilidades de relacionamento.	25	Caçador	ACTIVE	FEMININO	0		
NPC_2451	Reniav	Zarim	Fornalia	-1	Sentinela	Sentinela de Fornalia. Conhecido por interações cotidianas, pedidos, rumores e possibilidades de relacionamento.	42	Sentinela	ACTIVE	MASCULINO	0		
NPC_2452	Vioas	Eshmara	Brumas	0	Criador de animais	Criador de animais de Brumas. Conhecido por interações cotidianas, pedidos, rumores e possibilidades de relacionamento.	59	Criador de animais	ACTIVE	FEMININO	0		
NPC_2453	Zanint	Tharun	Stone-Âmbar	1	Bardo	Bardo de Stone-Âmbar. Conhecido por interações cotidianas, pedidos, rumores e possibilidades de relacionamento.	76	Bardo	ACTIVE	MASCULINO	0		
NPC_2454	Belethm	Lyrien	Aerocivitus	2	Guarda	Guarda de Aerocivitus. Conhecido por interações cotidianas, pedidos, rumores e possibilidades de relacionamento.	30	Guarda	ACTIVE	FEMININO	0		
NPC_2455	Eliian	Kethruun	Sandbones	3	Camponês	Camponês de Sandbones. Conhecido por interações cotidianas, pedidos, rumores e possibilidades de relacionamento.	47	Camponês	ACTIVE	MASCULINO	0		
NPC_2456	Helak	Nyssara	Emerald Tide	4	Clérigo	Clérigo de Emerald Tide. Conhecido por interações cotidianas, pedidos, rumores e possibilidades de relacionamento.	64	Clérigo	ACTIVE	FEMININO	0		
NPC_2457	Kaind	Myrthos	Sem nome definido	-2	Valaryn	Valaryn de Sem nome definido. Conhecido por interações cotidianas, pedidos, rumores e possibilidades de relacionamento.	18	Valaryn	ACTIVE	MASCULINO	0		
NPC_2458	Nerethb	Orinthal	Crystalia	-1	Artesão	Artesão de Crystalia. Conhecido por interações cotidianas, pedidos, rumores e possibilidades de relacionamento.	35	Artesão	ACTIVE	FEMININO	0		
NPC_2459	Seliath	Valkyrion	Volmeria	0	Curandeiro	Curandeiro de Volmeria. Conhecido por interações cotidianas, pedidos, rumores e possibilidades de relacionamento.	52	Curandeiro	ACTIVE	MASCULINO	0		
NPC_2460	Wilaa	Aeloria	Blackmere	1	Aventureiro	Aventureiro de Blackmere. Conhecido por interações cotidianas, pedidos, rumores e possibilidades de relacionamento.	69	Aventureiro	ACTIVE	FEMININO	0		
NPC_2461	Alinl	Zarim	Fornalia	2	Estudante	Estudante de Fornalia. Conhecido por interações cotidianas, pedidos, rumores e possibilidades de relacionamento.	23	Estudante	ACTIVE	MASCULINO	0		
NPC_2462	Corethr	Eshmara	Brumas	3	Mercador	Mercador de Brumas. Conhecido por interações cotidianas, pedidos, rumores e possibilidades de relacionamento.	40	Mercador	ACTIVE	FEMININO	0		
NPC_2463	Feriav	Tharun	Stone-Âmbar	4	Pesquisador	Pesquisador de Stone-Âmbar. Conhecido por interações cotidianas, pedidos, rumores e possibilidades de relacionamento.	57	Pesquisador	ACTIVE	MASCULINO	0		
NPC_2464	Irias	Lyrien	Aerocivitus	-2	Navegador	Navegador de Aerocivitus. Conhecido por interações cotidianas, pedidos, rumores e possibilidades de relacionamento.	74	Navegador	ACTIVE	FEMININO	0		
NPC_2465	Liaint	Kethruun	Sandbones	-1	Ferreiro	Ferreiro de Sandbones. Conhecido por interações cotidianas, pedidos, rumores e possibilidades de relacionamento.	28	Ferreiro	ACTIVE	MASCULINO	0		
NPC_2466	Oliethm	Nyssara	Emerald Tide	0	Mensageiro	Mensageiro de Emerald Tide. Conhecido por interações cotidianas, pedidos, rumores e possibilidades de relacionamento.	45	Mensageiro	ACTIVE	FEMININO	0		
NPC_2467	Torian	Myrthos	Sem nome definido	1	Erudito	Erudito de Sem nome definido. Conhecido por interações cotidianas, pedidos, rumores e possibilidades de relacionamento.	62	Erudito	ACTIVE	MASCULINO	0		
NPC_2468	Ysaak	Orinthal	Crystalia	2	Mago	Mago de Crystalia. Conhecido por interações cotidianas, pedidos, rumores e possibilidades de relacionamento.	79	Mago	ACTIVE	FEMININO	0		
NPC_2469	Arind	Valkyrion	Volmeria	3	Carroceiro	Carroceiro de Volmeria. Conhecido por interações cotidianas, pedidos, rumores e possibilidades de relacionamento.	33	Carroceiro	ACTIVE	MASCULINO	0		
NPC_2470	Daethb	Aeloria	Veyndaril	4	Caçador	Caçador de Veyndaril. Conhecido por interações cotidianas, pedidos, rumores e possibilidades de relacionamento.	50	Caçador	ACTIVE	FEMININO	0		
NPC_2471	Galiath	Zarim	Fornalia	-2	Sentinela	Sentinela de Fornalia. Conhecido por interações cotidianas, pedidos, rumores e possibilidades de relacionamento.	67	Sentinela	ACTIVE	MASCULINO	0		
NPC_2472	Jonaa	Eshmara	Brumas	-1	Criador de animais	Criador de animais de Brumas. Conhecido por interações cotidianas, pedidos, rumores e possibilidades de relacionamento.	21	Criador de animais	ACTIVE	FEMININO	0		
NPC_2473	Marinl	Tharun	Stone-Âmbar	0	Bardo	Bardo de Stone-Âmbar. Conhecido por interações cotidianas, pedidos, rumores e possibilidades de relacionamento.	38	Bardo	ACTIVE	MASCULINO	0		
NPC_2474	Renethr	Lyrien	Aerocivitus	1	Guarda	Guarda de Aerocivitus. Conhecido por interações cotidianas, pedidos, rumores e possibilidades de relacionamento.	55	Guarda	ACTIVE	FEMININO	0		
NPC_2475	Vioiav	Kethruun	Sandbones	2	Camponês	Camponês de Sandbones. Conhecido por interações cotidianas, pedidos, rumores e possibilidades de relacionamento.	72	Camponês	ACTIVE	MASCULINO	0		
NPC_2476	Zanas	Nyssara	Emerald Tide	3	Clérigo	Clérigo de Emerald Tide. Conhecido por interações cotidianas, pedidos, rumores e possibilidades de relacionamento.	26	Clérigo	ACTIVE	FEMININO	0		
NPC_2477	Belint	Myrthos	Sem nome definido	4	Valaryn	Valaryn de Sem nome definido. Conhecido por interações cotidianas, pedidos, rumores e possibilidades de relacionamento.	43	Valaryn	ACTIVE	MASCULINO	0		
NPC_2478	Eliethm	Orinthal	Crystalia	-2	Artesão	Artesão de Crystalia. Conhecido por interações cotidianas, pedidos, rumores e possibilidades de relacionamento.	60	Artesão	ACTIVE	FEMININO	0		
NPC_2479	Helian	Valkyrion	Volmeria	-1	Curandeiro	Curandeiro de Volmeria. Conhecido por interações cotidianas, pedidos, rumores e possibilidades de relacionamento.	77	Curandeiro	ACTIVE	MASCULINO	0		
NPC_2480	Kaak	Aeloria	Pyrelith	0	Aventureiro	Aventureiro de Pyrelith. Conhecido por interações cotidianas, pedidos, rumores e possibilidades de relacionamento.	31	Aventureiro	ACTIVE	FEMININO	0		
NPC_2481	Nerind	Zarim	Fornalia	1	Estudante	Estudante de Fornalia. Conhecido por interações cotidianas, pedidos, rumores e possibilidades de relacionamento.	48	Estudante	ACTIVE	MASCULINO	0		
NPC_2482	Selethb	Eshmara	Brumas	2	Mercador	Mercador de Brumas. Conhecido por interações cotidianas, pedidos, rumores e possibilidades de relacionamento.	65	Mercador	ACTIVE	FEMININO	0		
NPC_2483	Wiliath	Tharun	Stone-Âmbar	3	Pesquisador	Pesquisador de Stone-Âmbar. Conhecido por interações cotidianas, pedidos, rumores e possibilidades de relacionamento.	19	Pesquisador	ACTIVE	MASCULINO	0		
NPC_2484	Alaa	Lyrien	Aerocivitus	4	Navegador	Navegador de Aerocivitus. Conhecido por interações cotidianas, pedidos, rumores e possibilidades de relacionamento.	36	Navegador	ACTIVE	FEMININO	0		
NPC_2485	Corinl	Kethruun	Sandbones	-2	Ferreiro	Ferreiro de Sandbones. Conhecido por interações cotidianas, pedidos, rumores e possibilidades de relacionamento.	53	Ferreiro	ACTIVE	MASCULINO	0		
NPC_2486	Ferethr	Nyssara	Emerald Tide	-1	Mensageiro	Mensageiro de Emerald Tide. Conhecido por interações cotidianas, pedidos, rumores e possibilidades de relacionamento.	70	Mensageiro	ACTIVE	FEMININO	0		
NPC_2487	Iriiav	Myrthos	Sem nome definido	0	Erudito	Erudito de Sem nome definido. Conhecido por interações cotidianas, pedidos, rumores e possibilidades de relacionamento.	24	Erudito	ACTIVE	MASCULINO	0		
NPC_2488	Liaas	Orinthal	Crystalia	1	Mago	Mago de Crystalia. Conhecido por interações cotidianas, pedidos, rumores e possibilidades de relacionamento.	41	Mago	ACTIVE	FEMININO	0		
NPC_2489	Oliint	Valkyrion	Volmeria	2	Carroceiro	Carroceiro de Volmeria. Conhecido por interações cotidianas, pedidos, rumores e possibilidades de relacionamento.	58	Carroceiro	ACTIVE	MASCULINO	0		
NPC_2490	Torethm	Aeloria	Jorathen	3	Caçador	Caçador de Jorathen. Conhecido por interações cotidianas, pedidos, rumores e possibilidades de relacionamento.	75	Caçador	ACTIVE	FEMININO	0		
NPC_2491	Ysaian	Zarim	Fornalia	4	Sentinela	Sentinela de Fornalia. Conhecido por interações cotidianas, pedidos, rumores e possibilidades de relacionamento.	29	Sentinela	ACTIVE	MASCULINO	0		
NPC_2492	Arak	Eshmara	Brumas	-2	Criador de animais	Criador de animais de Brumas. Conhecido por interações cotidianas, pedidos, rumores e possibilidades de relacionamento.	46	Criador de animais	ACTIVE	FEMININO	0		
NPC_2493	Daind	Tharun	Stone-Âmbar	-1	Bardo	Bardo de Stone-Âmbar. Conhecido por interações cotidianas, pedidos, rumores e possibilidades de relacionamento.	63	Bardo	ACTIVE	MASCULINO	0		
NPC_2494	Galethb	Lyrien	Aerocivitus	0	Guarda	Guarda de Aerocivitus. Conhecido por interações cotidianas, pedidos, rumores e possibilidades de relacionamento.	80	Guarda	ACTIVE	FEMININO	0		
NPC_2495	Joniath	Kethruun	Sandbones	1	Camponês	Camponês de Sandbones. Conhecido por interações cotidianas, pedidos, rumores e possibilidades de relacionamento.	34	Camponês	ACTIVE	MASCULINO	0		
NPC_2496	Maraa	Nyssara	Emerald Tide	2	Clérigo	Clérigo de Emerald Tide. Conhecido por interações cotidianas, pedidos, rumores e possibilidades de relacionamento.	51	Clérigo	ACTIVE	FEMININO	0		
NPC_2497	Reninl	Myrthos	Sem nome definido	3	Valaryn	Valaryn de Sem nome definido. Conhecido por interações cotidianas, pedidos, rumores e possibilidades de relacionamento.	68	Valaryn	ACTIVE	MASCULINO	0		
NPC_2498	Vioethr	Orinthal	Crystalia	4	Artesão	Artesão de Crystalia. Conhecido por interações cotidianas, pedidos, rumores e possibilidades de relacionamento.	22	Artesão	ACTIVE	FEMININO	0		
NPC_2499	Zaniav	Valkyrion	Volmeria	-2	Curandeiro	Curandeiro de Volmeria. Conhecido por interações cotidianas, pedidos, rumores e possibilidades de relacionamento.	39	Curandeiro	ACTIVE	MASCULINO	0		
NPC_2500	Belas	Aeloria	Duskmere	-1	Aventureiro	Aventureiro de Duskmere. Conhecido por interações cotidianas, pedidos, rumores e possibilidades de relacionamento.	56	Aventureiro	ACTIVE	FEMININO	0		
NPC_2501	Eliint	Zarim	Fornalia	0	Estudante	Estudante de Fornalia. Conhecido por interações cotidianas, pedidos, rumores e possibilidades de relacionamento.	73	Estudante	ACTIVE	MASCULINO	0		
NPC_2502	Helethm	Eshmara	Brumas	1	Mercador	Mercador de Brumas. Conhecido por interações cotidianas, pedidos, rumores e possibilidades de relacionamento.	27	Mercador	ACTIVE	FEMININO	0		
NPC_2503	Kaian	Tharun	Stone-Âmbar	2	Pesquisador	Pesquisador de Stone-Âmbar. Conhecido por interações cotidianas, pedidos, rumores e possibilidades de relacionamento.	44	Pesquisador	ACTIVE	MASCULINO	0		
NPC_2504	Nerak	Lyrien	Aerocivitus	3	Navegador	Navegador de Aerocivitus. Conhecido por interações cotidianas, pedidos, rumores e possibilidades de relacionamento.	61	Navegador	ACTIVE	FEMININO	0		
NPC_2505	Selind	Kethruun	Sandbones	4	Ferreiro	Ferreiro de Sandbones. Conhecido por interações cotidianas, pedidos, rumores e possibilidades de relacionamento.	78	Ferreiro	ACTIVE	MASCULINO	0		
NPC_2506	Wilethb	Nyssara	Emerald Tide	-2	Mensageiro	Mensageiro de Emerald Tide. Conhecido por interações cotidianas, pedidos, rumores e possibilidades de relacionamento.	32	Mensageiro	ACTIVE	FEMININO	0		
NPC_2507	Aliath	Myrthos	Sem nome definido	-1	Erudito	Erudito de Sem nome definido. Conhecido por interações cotidianas, pedidos, rumores e possibilidades de relacionamento.	49	Erudito	ACTIVE	MASCULINO	0		
NPC_2508	Coraa	Orinthal	Crystalia	0	Mago	Mago de Crystalia. Conhecido por interações cotidianas, pedidos, rumores e possibilidades de relacionamento.	66	Mago	ACTIVE	FEMININO	0		
NPC_2509	Ferinl	Valkyrion	Volmeria	1	Carroceiro	Carroceiro de Volmeria. Conhecido por interações cotidianas, pedidos, rumores e possibilidades de relacionamento.	20	Carroceiro	ACTIVE	MASCULINO	0		
NPC_2510	Iriethr	Aeloria	Lunareth	2	Caçador	Caçador de Lunareth. Conhecido por interações cotidianas, pedidos, rumores e possibilidades de relacionamento.	37	Caçador	ACTIVE	FEMININO	0		
NPC_2511	Liaiav	Zarim	Fornalia	3	Sentinela	Sentinela de Fornalia. Conhecido por interações cotidianas, pedidos, rumores e possibilidades de relacionamento.	54	Sentinela	ACTIVE	MASCULINO	0		
NPC_2512	Olias	Eshmara	Brumas	4	Criador de animais	Criador de animais de Brumas. Conhecido por interações cotidianas, pedidos, rumores e possibilidades de relacionamento.	71	Criador de animais	ACTIVE	FEMININO	0		
NPC_2513	Torint	Tharun	Stone-Âmbar	-2	Bardo	Bardo de Stone-Âmbar. Conhecido por interações cotidianas, pedidos, rumores e possibilidades de relacionamento.	25	Bardo	ACTIVE	MASCULINO	0		
NPC_2514	Ysaethm	Lyrien	Aerocivitus	-1	Guarda	Guarda de Aerocivitus. Conhecido por interações cotidianas, pedidos, rumores e possibilidades de relacionamento.	42	Guarda	ACTIVE	FEMININO	0		
NPC_2515	Arian	Kethruun	Sandbones	0	Camponês	Camponês de Sandbones. Conhecido por interações cotidianas, pedidos, rumores e possibilidades de relacionamento.	59	Camponês	ACTIVE	MASCULINO	0		
NPC_2516	Daak	Nyssara	Emerald Tide	1	Clérigo	Clérigo de Emerald Tide. Conhecido por interações cotidianas, pedidos, rumores e possibilidades de relacionamento.	76	Clérigo	ACTIVE	FEMININO	0		
NPC_2517	Galind	Myrthos	Sem nome definido	2	Valaryn	Valaryn de Sem nome definido. Conhecido por interações cotidianas, pedidos, rumores e possibilidades de relacionamento.	30	Valaryn	ACTIVE	MASCULINO	0		
NPC_2518	Jonethb	Orinthal	Crystalia	3	Artesão	Artesão de Crystalia. Conhecido por interações cotidianas, pedidos, rumores e possibilidades de relacionamento.	47	Artesão	ACTIVE	FEMININO	0		
NPC_2519	Mariath	Valkyrion	Volmeria	4	Curandeiro	Curandeiro de Volmeria. Conhecido por interações cotidianas, pedidos, rumores e possibilidades de relacionamento.	64	Curandeiro	ACTIVE	MASCULINO	0		
NPC_2520	Renaa	Aeloria	Xyrelith	-2	Aventureiro	Aventureiro de Xyrelith. Conhecido por interações cotidianas, pedidos, rumores e possibilidades de relacionamento.	18	Aventureiro	ACTIVE	FEMININO	0		
NPC_2521	Vioinl	Zarim	Fornalia	-1	Estudante	Estudante de Fornalia. Conhecido por interações cotidianas, pedidos, rumores e possibilidades de relacionamento.	35	Estudante	ACTIVE	MASCULINO	0		
NPC_2522	Zanethr	Eshmara	Brumas	0	Mercador	Mercador de Brumas. Conhecido por interações cotidianas, pedidos, rumores e possibilidades de relacionamento.	52	Mercador	ACTIVE	FEMININO	0		
NPC_2523	Beliav	Tharun	Stone-Âmbar	1	Pesquisador	Pesquisador de Stone-Âmbar. Conhecido por interações cotidianas, pedidos, rumores e possibilidades de relacionamento.	69	Pesquisador	ACTIVE	MASCULINO	0		
NPC_2524	Elias	Lyrien	Aerocivitus	2	Navegador	Navegador de Aerocivitus. Conhecido por interações cotidianas, pedidos, rumores e possibilidades de relacionamento.	23	Navegador	ACTIVE	FEMININO	0		
NPC_2525	Helint	Kethruun	Sandbones	3	Ferreiro	Ferreiro de Sandbones. Conhecido por interações cotidianas, pedidos, rumores e possibilidades de relacionamento.	40	Ferreiro	ACTIVE	MASCULINO	0		
NPC_2526	Kaethm	Nyssara	Emerald Tide	4	Mensageiro	Mensageiro de Emerald Tide. Conhecido por interações cotidianas, pedidos, rumores e possibilidades de relacionamento.	57	Mensageiro	ACTIVE	FEMININO	0		
NPC_2527	Nerian	Myrthos	Sem nome definido	-2	Erudito	Erudito de Sem nome definido. Conhecido por interações cotidianas, pedidos, rumores e possibilidades de relacionamento.	74	Erudito	ACTIVE	MASCULINO	0		
NPC_2528	Selak	Orinthal	Crystalia	-1	Mago	Mago de Crystalia. Conhecido por interações cotidianas, pedidos, rumores e possibilidades de relacionamento.	28	Mago	ACTIVE	FEMININO	0		
NPC_2529	Wilind	Valkyrion	Volmeria	0	Carroceiro	Carroceiro de Volmeria. Conhecido por interações cotidianas, pedidos, rumores e possibilidades de relacionamento.	45	Carroceiro	ACTIVE	MASCULINO	0		
NPC_2530	Alethb	Aeloria	Runedral	1	Caçador	Caçador de Runedral. Conhecido por interações cotidianas, pedidos, rumores e possibilidades de relacionamento.	62	Caçador	ACTIVE	FEMININO	0		
NPC_2531	Coriath	Zarim	Fornalia	2	Sentinela	Sentinela de Fornalia. Conhecido por interações cotidianas, pedidos, rumores e possibilidades de relacionamento.	79	Sentinela	ACTIVE	MASCULINO	0		
NPC_2532	Feraa	Eshmara	Brumas	3	Criador de animais	Criador de animais de Brumas. Conhecido por interações cotidianas, pedidos, rumores e possibilidades de relacionamento.	33	Criador de animais	ACTIVE	FEMININO	0		
NPC_2533	Iriinl	Tharun	Stone-Âmbar	4	Bardo	Bardo de Stone-Âmbar. Conhecido por interações cotidianas, pedidos, rumores e possibilidades de relacionamento.	50	Bardo	ACTIVE	MASCULINO	0		
NPC_2534	Liaethr	Lyrien	Aerocivitus	-2	Guarda	Guarda de Aerocivitus. Conhecido por interações cotidianas, pedidos, rumores e possibilidades de relacionamento.	67	Guarda	ACTIVE	FEMININO	0		
NPC_2535	Oliiav	Kethruun	Sandbones	-1	Camponês	Camponês de Sandbones. Conhecido por interações cotidianas, pedidos, rumores e possibilidades de relacionamento.	21	Camponês	ACTIVE	MASCULINO	0		
NPC_2536	Toras	Nyssara	Emerald Tide	0	Clérigo	Clérigo de Emerald Tide. Conhecido por interações cotidianas, pedidos, rumores e possibilidades de relacionamento.	38	Clérigo	ACTIVE	FEMININO	0		
NPC_2537	Ysaint	Myrthos	Sem nome definido	1	Valaryn	Valaryn de Sem nome definido. Conhecido por interações cotidianas, pedidos, rumores e possibilidades de relacionamento.	55	Valaryn	ACTIVE	MASCULINO	0		
NPC_2538	Arethm	Orinthal	Crystalia	2	Artesão	Artesão de Crystalia. Conhecido por interações cotidianas, pedidos, rumores e possibilidades de relacionamento.	72	Artesão	ACTIVE	FEMININO	0		
NPC_2539	Daian	Valkyrion	Volmeria	3	Curandeiro	Curandeiro de Volmeria. Conhecido por interações cotidianas, pedidos, rumores e possibilidades de relacionamento.	26	Curandeiro	ACTIVE	MASCULINO	0		
NPC_2540	Galak	Aeloria	Lorwynne	4	Aventureiro	Aventureiro de Lorwynne. Conhecido por interações cotidianas, pedidos, rumores e possibilidades de relacionamento.	43	Aventureiro	ACTIVE	FEMININO	0		
NPC_2541	Jonind	Zarim	Fornalia	-2	Estudante	Estudante de Fornalia. Conhecido por interações cotidianas, pedidos, rumores e possibilidades de relacionamento.	60	Estudante	ACTIVE	MASCULINO	0		
NPC_2542	Marethb	Eshmara	Brumas	-1	Mercador	Mercador de Brumas. Conhecido por interações cotidianas, pedidos, rumores e possibilidades de relacionamento.	77	Mercador	ACTIVE	FEMININO	0		
NPC_2543	Reniath	Tharun	Stone-Âmbar	0	Pesquisador	Pesquisador de Stone-Âmbar. Conhecido por interações cotidianas, pedidos, rumores e possibilidades de relacionamento.	31	Pesquisador	ACTIVE	MASCULINO	0		
NPC_2544	Vioaa	Lyrien	Aerocivitus	1	Navegador	Navegador de Aerocivitus. Conhecido por interações cotidianas, pedidos, rumores e possibilidades de relacionamento.	48	Navegador	ACTIVE	FEMININO	0		
NPC_2545	Zaninl	Kethruun	Sandbones	2	Ferreiro	Ferreiro de Sandbones. Conhecido por interações cotidianas, pedidos, rumores e possibilidades de relacionamento.	65	Ferreiro	ACTIVE	MASCULINO	0		
NPC_2546	Belethr	Nyssara	Emerald Tide	3	Mensageiro	Mensageiro de Emerald Tide. Conhecido por interações cotidianas, pedidos, rumores e possibilidades de relacionamento.	19	Mensageiro	ACTIVE	FEMININO	0		
NPC_2547	Eliiav	Myrthos	Sem nome definido	4	Erudito	Erudito de Sem nome definido. Conhecido por interações cotidianas, pedidos, rumores e possibilidades de relacionamento.	36	Erudito	ACTIVE	MASCULINO	0		
NPC_2548	Helas	Orinthal	Crystalia	-2	Mago	Mago de Crystalia. Conhecido por interações cotidianas, pedidos, rumores e possibilidades de relacionamento.	53	Mago	ACTIVE	FEMININO	0		
NPC_2549	Kaint	Valkyrion	Volmeria	-1	Carroceiro	Carroceiro de Volmeria. Conhecido por interações cotidianas, pedidos, rumores e possibilidades de relacionamento.	70	Carroceiro	ACTIVE	MASCULINO	0		
NPC_2550	Nerethm	Aeloria	Frostmere	0	Caçador	Caçador de Frostmere. Conhecido por interações cotidianas, pedidos, rumores e possibilidades de relacionamento.	24	Caçador	ACTIVE	FEMININO	0		
NPC_2551	Selian	Zarim	Fornalia	1	Sentinela	Sentinela de Fornalia. Conhecido por interações cotidianas, pedidos, rumores e possibilidades de relacionamento.	41	Sentinela	ACTIVE	MASCULINO	0		
NPC_2552	Wilak	Eshmara	Brumas	2	Criador de animais	Criador de animais de Brumas. Conhecido por interações cotidianas, pedidos, rumores e possibilidades de relacionamento.	58	Criador de animais	ACTIVE	FEMININO	0		
NPC_2553	Alind	Tharun	Stone-Âmbar	3	Bardo	Bardo de Stone-Âmbar. Conhecido por interações cotidianas, pedidos, rumores e possibilidades de relacionamento.	75	Bardo	ACTIVE	MASCULINO	0		
NPC_2554	Corethb	Lyrien	Aerocivitus	4	Guarda	Guarda de Aerocivitus. Conhecido por interações cotidianas, pedidos, rumores e possibilidades de relacionamento.	29	Guarda	ACTIVE	FEMININO	0		
NPC_2555	Feriath	Kethruun	Sandbones	-2	Camponês	Camponês de Sandbones. Conhecido por interações cotidianas, pedidos, rumores e possibilidades de relacionamento.	46	Camponês	ACTIVE	MASCULINO	0		
NPC_2556	Iriaa	Nyssara	Emerald Tide	-1	Clérigo	Clérigo de Emerald Tide. Conhecido por interações cotidianas, pedidos, rumores e possibilidades de relacionamento.	63	Clérigo	ACTIVE	FEMININO	0		
NPC_2557	Liainl	Myrthos	Sem nome definido	0	Valaryn	Valaryn de Sem nome definido. Conhecido por interações cotidianas, pedidos, rumores e possibilidades de relacionamento.	80	Valaryn	ACTIVE	MASCULINO	0		
NPC_2558	Oliethr	Orinthal	Crystalia	1	Artesão	Artesão de Crystalia. Conhecido por interações cotidianas, pedidos, rumores e possibilidades de relacionamento.	34	Artesão	ACTIVE	FEMININO	0		
NPC_2559	Toriav	Valkyrion	Volmeria	2	Curandeiro	Curandeiro de Volmeria. Conhecido por interações cotidianas, pedidos, rumores e possibilidades de relacionamento.	51	Curandeiro	ACTIVE	MASCULINO	0		
NPC_2560	Ysaas	Aeloria	Zorathen	3	Aventureiro	Aventureiro de Zorathen. Conhecido por interações cotidianas, pedidos, rumores e possibilidades de relacionamento.	68	Aventureiro	ACTIVE	FEMININO	0		
NPC_2561	Arint	Zarim	Fornalia	4	Estudante	Estudante de Fornalia. Conhecido por interações cotidianas, pedidos, rumores e possibilidades de relacionamento.	22	Estudante	ACTIVE	MASCULINO	0		
NPC_2562	Daethm	Eshmara	Brumas	-2	Mercador	Mercador de Brumas. Conhecido por interações cotidianas, pedidos, rumores e possibilidades de relacionamento.	39	Mercador	ACTIVE	FEMININO	0		
NPC_2563	Galian	Tharun	Stone-Âmbar	-1	Pesquisador	Pesquisador de Stone-Âmbar. Conhecido por interações cotidianas, pedidos, rumores e possibilidades de relacionamento.	56	Pesquisador	ACTIVE	MASCULINO	0		
NPC_2564	Jonak	Lyrien	Aerocivitus	0	Navegador	Navegador de Aerocivitus. Conhecido por interações cotidianas, pedidos, rumores e possibilidades de relacionamento.	73	Navegador	ACTIVE	FEMININO	0		
NPC_2565	Marind	Kethruun	Sandbones	1	Ferreiro	Ferreiro de Sandbones. Conhecido por interações cotidianas, pedidos, rumores e possibilidades de relacionamento.	27	Ferreiro	ACTIVE	MASCULINO	0		
NPC_2566	Renethb	Nyssara	Emerald Tide	2	Mensageiro	Mensageiro de Emerald Tide. Conhecido por interações cotidianas, pedidos, rumores e possibilidades de relacionamento.	44	Mensageiro	ACTIVE	FEMININO	0		
NPC_2567	Vioiath	Myrthos	Sem nome definido	3	Erudito	Erudito de Sem nome definido. Conhecido por interações cotidianas, pedidos, rumores e possibilidades de relacionamento.	61	Erudito	ACTIVE	MASCULINO	0		
NPC_2568	Zanaa	Orinthal	Crystalia	4	Mago	Mago de Crystalia. Conhecido por interações cotidianas, pedidos, rumores e possibilidades de relacionamento.	78	Mago	ACTIVE	FEMININO	0		
NPC_2569	Belinl	Valkyrion	Volmeria	-2	Carroceiro	Carroceiro de Volmeria. Conhecido por interações cotidianas, pedidos, rumores e possibilidades de relacionamento.	32	Carroceiro	ACTIVE	MASCULINO	0		
NPC_2570	Eliethr	Aeloria	Thornmere	-1	Caçador	Caçador de Thornmere. Conhecido por interações cotidianas, pedidos, rumores e possibilidades de relacionamento.	49	Caçador	ACTIVE	FEMININO	0		
NPC_2571	Heliav	Zarim	Fornalia	0	Sentinela	Sentinela de Fornalia. Conhecido por interações cotidianas, pedidos, rumores e possibilidades de relacionamento.	66	Sentinela	ACTIVE	MASCULINO	0		
NPC_2572	Kaas	Eshmara	Brumas	1	Criador de animais	Criador de animais de Brumas. Conhecido por interações cotidianas, pedidos, rumores e possibilidades de relacionamento.	20	Criador de animais	ACTIVE	FEMININO	0		
NPC_2573	Nerint	Tharun	Stone-Âmbar	2	Bardo	Bardo de Stone-Âmbar. Conhecido por interações cotidianas, pedidos, rumores e possibilidades de relacionamento.	37	Bardo	ACTIVE	MASCULINO	0		
NPC_2574	Selethm	Lyrien	Aerocivitus	3	Guarda	Guarda de Aerocivitus. Conhecido por interações cotidianas, pedidos, rumores e possibilidades de relacionamento.	54	Guarda	ACTIVE	FEMININO	0		
NPC_2575	Wilian	Kethruun	Sandbones	4	Camponês	Camponês de Sandbones. Conhecido por interações cotidianas, pedidos, rumores e possibilidades de relacionamento.	71	Camponês	ACTIVE	MASCULINO	0		
NPC_2576	Alak	Nyssara	Emerald Tide	-2	Clérigo	Clérigo de Emerald Tide. Conhecido por interações cotidianas, pedidos, rumores e possibilidades de relacionamento.	25	Clérigo	ACTIVE	FEMININO	0		
NPC_2577	Corind	Myrthos	Sem nome definido	-1	Valaryn	Valaryn de Sem nome definido. Conhecido por interações cotidianas, pedidos, rumores e possibilidades de relacionamento.	42	Valaryn	ACTIVE	MASCULINO	0		
NPC_2578	Ferethb	Orinthal	Crystalia	0	Artesão	Artesão de Crystalia. Conhecido por interações cotidianas, pedidos, rumores e possibilidades de relacionamento.	59	Artesão	ACTIVE	FEMININO	0		
NPC_2579	Iriiath	Valkyrion	Volmeria	1	Curandeiro	Curandeiro de Volmeria. Conhecido por interações cotidianas, pedidos, rumores e possibilidades de relacionamento.	76	Curandeiro	ACTIVE	MASCULINO	0		
NPC_2580	Liaaa	Aeloria	Norhaven	2	Aventureiro	Aventureiro de Norhaven. Conhecido por interações cotidianas, pedidos, rumores e possibilidades de relacionamento.	30	Aventureiro	ACTIVE	FEMININO	0		
NPC_2581	Oliinl	Zarim	Fornalia	3	Estudante	Estudante de Fornalia. Conhecido por interações cotidianas, pedidos, rumores e possibilidades de relacionamento.	47	Estudante	ACTIVE	MASCULINO	0		
NPC_2582	Torethr	Eshmara	Brumas	4	Mercador	Mercador de Brumas. Conhecido por interações cotidianas, pedidos, rumores e possibilidades de relacionamento.	64	Mercador	ACTIVE	FEMININO	0		
NPC_2583	Ysaiav	Tharun	Stone-Âmbar	-2	Pesquisador	Pesquisador de Stone-Âmbar. Conhecido por interações cotidianas, pedidos, rumores e possibilidades de relacionamento.	18	Pesquisador	ACTIVE	MASCULINO	0		
NPC_2584	Aras	Lyrien	Aerocivitus	-1	Navegador	Navegador de Aerocivitus. Conhecido por interações cotidianas, pedidos, rumores e possibilidades de relacionamento.	35	Navegador	ACTIVE	FEMININO	0		
NPC_2585	Daint	Kethruun	Sandbones	0	Ferreiro	Ferreiro de Sandbones. Conhecido por interações cotidianas, pedidos, rumores e possibilidades de relacionamento.	52	Ferreiro	ACTIVE	MASCULINO	0		
NPC_2586	Galethm	Nyssara	Emerald Tide	1	Mensageiro	Mensageiro de Emerald Tide. Conhecido por interações cotidianas, pedidos, rumores e possibilidades de relacionamento.	69	Mensageiro	ACTIVE	FEMININO	0		
NPC_2587	Jonian	Myrthos	Sem nome definido	2	Erudito	Erudito de Sem nome definido. Conhecido por interações cotidianas, pedidos, rumores e possibilidades de relacionamento.	23	Erudito	ACTIVE	MASCULINO	0		
NPC_2588	Marak	Orinthal	Crystalia	3	Mago	Mago de Crystalia. Conhecido por interações cotidianas, pedidos, rumores e possibilidades de relacionamento.	40	Mago	ACTIVE	FEMININO	0		
NPC_2589	Renind	Valkyrion	Volmeria	4	Carroceiro	Carroceiro de Volmeria. Conhecido por interações cotidianas, pedidos, rumores e possibilidades de relacionamento.	57	Carroceiro	ACTIVE	MASCULINO	0		
NPC_2590	Vioethb	Aeloria	Hallowspire	-2	Caçador	Caçador de Hallowspire. Conhecido por interações cotidianas, pedidos, rumores e possibilidades de relacionamento.	74	Caçador	ACTIVE	FEMININO	0		
NPC_2591	Zaniath	Zarim	Fornalia	-1	Sentinela	Sentinela de Fornalia. Conhecido por interações cotidianas, pedidos, rumores e possibilidades de relacionamento.	28	Sentinela	ACTIVE	MASCULINO	0		
NPC_2592	Belaa	Eshmara	Brumas	0	Criador de animais	Criador de animais de Brumas. Conhecido por interações cotidianas, pedidos, rumores e possibilidades de relacionamento.	45	Criador de animais	ACTIVE	FEMININO	0		
NPC_2593	Eliinl	Tharun	Stone-Âmbar	1	Bardo	Bardo de Stone-Âmbar. Conhecido por interações cotidianas, pedidos, rumores e possibilidades de relacionamento.	62	Bardo	ACTIVE	MASCULINO	0		
NPC_2594	Helethr	Lyrien	Aerocivitus	2	Guarda	Guarda de Aerocivitus. Conhecido por interações cotidianas, pedidos, rumores e possibilidades de relacionamento.	79	Guarda	ACTIVE	FEMININO	0		
NPC_2595	Kaiav	Kethruun	Sandbones	3	Camponês	Camponês de Sandbones. Conhecido por interações cotidianas, pedidos, rumores e possibilidades de relacionamento.	33	Camponês	ACTIVE	MASCULINO	0		
NPC_2596	Neras	Nyssara	Emerald Tide	4	Clérigo	Clérigo de Emerald Tide. Conhecido por interações cotidianas, pedidos, rumores e possibilidades de relacionamento.	50	Clérigo	ACTIVE	FEMININO	0		
NPC_2597	Selint	Myrthos	Sem nome definido	-2	Valaryn	Valaryn de Sem nome definido. Conhecido por interações cotidianas, pedidos, rumores e possibilidades de relacionamento.	67	Valaryn	ACTIVE	MASCULINO	0		
NPC_2598	Wilethm	Orinthal	Crystalia	-1	Artesão	Artesão de Crystalia. Conhecido por interações cotidianas, pedidos, rumores e possibilidades de relacionamento.	21	Artesão	ACTIVE	FEMININO	0		
NPC_2599	Alian	Valkyrion	Volmeria	0	Curandeiro	Curandeiro de Volmeria. Conhecido por interações cotidianas, pedidos, rumores e possibilidades de relacionamento.	38	Curandeiro	ACTIVE	MASCULINO	0		
NPC_2600	Corak	Aeloria	Brighthollow	1	Aventureiro	Aventureiro de Brighthollow. Conhecido por interações cotidianas, pedidos, rumores e possibilidades de relacionamento.	55	Aventureiro	ACTIVE	FEMININO	0		
NPC_2601	Ferind	Zarim	Fornalia	2	Estudante	Estudante de Fornalia. Conhecido por interações cotidianas, pedidos, rumores e possibilidades de relacionamento.	72	Estudante	ACTIVE	MASCULINO	0		
NPC_2602	Iriethb	Eshmara	Brumas	3	Mercador	Mercador de Brumas. Conhecido por interações cotidianas, pedidos, rumores e possibilidades de relacionamento.	26	Mercador	ACTIVE	FEMININO	0		
NPC_2603	Liaiath	Tharun	Stone-Âmbar	4	Pesquisador	Pesquisador de Stone-Âmbar. Conhecido por interações cotidianas, pedidos, rumores e possibilidades de relacionamento.	43	Pesquisador	ACTIVE	MASCULINO	0		
NPC_2604	Oliaa	Lyrien	Aerocivitus	-2	Navegador	Navegador de Aerocivitus. Conhecido por interações cotidianas, pedidos, rumores e possibilidades de relacionamento.	60	Navegador	ACTIVE	FEMININO	0		
NPC_2605	Torinl	Kethruun	Sandbones	-1	Ferreiro	Ferreiro de Sandbones. Conhecido por interações cotidianas, pedidos, rumores e possibilidades de relacionamento.	77	Ferreiro	ACTIVE	MASCULINO	0		
NPC_2606	Ysaethr	Nyssara	Emerald Tide	0	Mensageiro	Mensageiro de Emerald Tide. Conhecido por interações cotidianas, pedidos, rumores e possibilidades de relacionamento.	31	Mensageiro	ACTIVE	FEMININO	0		
NPC_2607	Ariav	Myrthos	Sem nome definido	1	Erudito	Erudito de Sem nome definido. Conhecido por interações cotidianas, pedidos, rumores e possibilidades de relacionamento.	48	Erudito	ACTIVE	MASCULINO	0		
NPC_2608	Daas	Orinthal	Crystalia	2	Mago	Mago de Crystalia. Conhecido por interações cotidianas, pedidos, rumores e possibilidades de relacionamento.	65	Mago	ACTIVE	FEMININO	0		
NPC_2609	Galint	Valkyrion	Volmeria	3	Carroceiro	Carroceiro de Volmeria. Conhecido por interações cotidianas, pedidos, rumores e possibilidades de relacionamento.	19	Carroceiro	ACTIVE	MASCULINO	0		
NPC_2610	Jonethm	Aeloria	Valdora	4	Caçador	Caçador de Valdora. Conhecido por interações cotidianas, pedidos, rumores e possibilidades de relacionamento.	36	Caçador	ACTIVE	FEMININO	0		
NPC_2611	Marian	Zarim	Fornalia	-2	Sentinela	Sentinela de Fornalia. Conhecido por interações cotidianas, pedidos, rumores e possibilidades de relacionamento.	53	Sentinela	ACTIVE	MASCULINO	0		
NPC_2612	Renak	Eshmara	Brumas	-1	Criador de animais	Criador de animais de Brumas. Conhecido por interações cotidianas, pedidos, rumores e possibilidades de relacionamento.	70	Criador de animais	ACTIVE	FEMININO	0		
NPC_2613	Vioind	Tharun	Stone-Âmbar	0	Bardo	Bardo de Stone-Âmbar. Conhecido por interações cotidianas, pedidos, rumores e possibilidades de relacionamento.	24	Bardo	ACTIVE	MASCULINO	0		
NPC_2614	Zanethb	Lyrien	Aerocivitus	1	Guarda	Guarda de Aerocivitus. Conhecido por interações cotidianas, pedidos, rumores e possibilidades de relacionamento.	41	Guarda	ACTIVE	FEMININO	0		
NPC_2615	Beliath	Kethruun	Sandbones	2	Camponês	Camponês de Sandbones. Conhecido por interações cotidianas, pedidos, rumores e possibilidades de relacionamento.	58	Camponês	ACTIVE	MASCULINO	0		
NPC_2616	Eliaa	Nyssara	Emerald Tide	3	Clérigo	Clérigo de Emerald Tide. Conhecido por interações cotidianas, pedidos, rumores e possibilidades de relacionamento.	75	Clérigo	ACTIVE	FEMININO	0		
NPC_2617	Helinl	Myrthos	Sem nome definido	4	Valaryn	Valaryn de Sem nome definido. Conhecido por interações cotidianas, pedidos, rumores e possibilidades de relacionamento.	29	Valaryn	ACTIVE	MASCULINO	0		
NPC_2618	Kaethr	Orinthal	Crystalia	-2	Artesão	Artesão de Crystalia. Conhecido por interações cotidianas, pedidos, rumores e possibilidades de relacionamento.	46	Artesão	ACTIVE	FEMININO	0		
NPC_2619	Neriav	Valkyrion	Volmeria	-1	Curandeiro	Curandeiro de Volmeria. Conhecido por interações cotidianas, pedidos, rumores e possibilidades de relacionamento.	63	Curandeiro	ACTIVE	MASCULINO	0		
NPC_2620	Selas	Aeloria	Verdralith	0	Aventureiro	Aventureiro de Verdralith. Conhecido por interações cotidianas, pedidos, rumores e possibilidades de relacionamento.	80	Aventureiro	ACTIVE	FEMININO	0		
NPC_2621	Wilint	Zarim	Fornalia	1	Estudante	Estudante de Fornalia. Conhecido por interações cotidianas, pedidos, rumores e possibilidades de relacionamento.	34	Estudante	ACTIVE	MASCULINO	0		
NPC_2622	Alethm	Eshmara	Brumas	2	Mercador	Mercador de Brumas. Conhecido por interações cotidianas, pedidos, rumores e possibilidades de relacionamento.	51	Mercador	ACTIVE	FEMININO	0		
NPC_2623	Corian	Tharun	Stone-Âmbar	3	Pesquisador	Pesquisador de Stone-Âmbar. Conhecido por interações cotidianas, pedidos, rumores e possibilidades de relacionamento.	68	Pesquisador	ACTIVE	MASCULINO	0		
NPC_2624	Ferak	Lyrien	Aerocivitus	4	Navegador	Navegador de Aerocivitus. Conhecido por interações cotidianas, pedidos, rumores e possibilidades de relacionamento.	22	Navegador	ACTIVE	FEMININO	0		
NPC_2625	Iriind	Kethruun	Sandbones	-2	Ferreiro	Ferreiro de Sandbones. Conhecido por interações cotidianas, pedidos, rumores e possibilidades de relacionamento.	39	Ferreiro	ACTIVE	MASCULINO	0		
NPC_2626	Liaethb	Nyssara	Emerald Tide	-1	Mensageiro	Mensageiro de Emerald Tide. Conhecido por interações cotidianas, pedidos, rumores e possibilidades de relacionamento.	56	Mensageiro	ACTIVE	FEMININO	0		
NPC_2627	Oliiath	Myrthos	Sem nome definido	0	Erudito	Erudito de Sem nome definido. Conhecido por interações cotidianas, pedidos, rumores e possibilidades de relacionamento.	73	Erudito	ACTIVE	MASCULINO	0		
NPC_2628	Toraa	Orinthal	Crystalia	1	Mago	Mago de Crystalia. Conhecido por interações cotidianas, pedidos, rumores e possibilidades de relacionamento.	27	Mago	ACTIVE	FEMININO	0		
NPC_2629	Ysainl	Valkyrion	Volmeria	2	Carroceiro	Carroceiro de Volmeria. Conhecido por interações cotidianas, pedidos, rumores e possibilidades de relacionamento.	44	Carroceiro	ACTIVE	MASCULINO	0		
NPC_2630	Arethr	Aeloria	Prismere	3	Caçador	Caçador de Prismere. Conhecido por interações cotidianas, pedidos, rumores e possibilidades de relacionamento.	61	Caçador	ACTIVE	FEMININO	0		
NPC_2631	Daiav	Zarim	Fornalia	4	Sentinela	Sentinela de Fornalia. Conhecido por interações cotidianas, pedidos, rumores e possibilidades de relacionamento.	78	Sentinela	ACTIVE	MASCULINO	0		
NPC_2632	Galas	Eshmara	Brumas	-2	Criador de animais	Criador de animais de Brumas. Conhecido por interações cotidianas, pedidos, rumores e possibilidades de relacionamento.	32	Criador de animais	ACTIVE	FEMININO	0		
NPC_2633	Jonint	Tharun	Stone-Âmbar	-1	Bardo	Bardo de Stone-Âmbar. Conhecido por interações cotidianas, pedidos, rumores e possibilidades de relacionamento.	49	Bardo	ACTIVE	MASCULINO	0		
NPC_2634	Marethm	Lyrien	Aerocivitus	0	Guarda	Guarda de Aerocivitus. Conhecido por interações cotidianas, pedidos, rumores e possibilidades de relacionamento.	66	Guarda	ACTIVE	FEMININO	0		
NPC_2635	Renian	Kethruun	Sandbones	1	Camponês	Camponês de Sandbones. Conhecido por interações cotidianas, pedidos, rumores e possibilidades de relacionamento.	20	Camponês	ACTIVE	MASCULINO	0		
NPC_2636	Vioak	Nyssara	Emerald Tide	2	Clérigo	Clérigo de Emerald Tide. Conhecido por interações cotidianas, pedidos, rumores e possibilidades de relacionamento.	37	Clérigo	ACTIVE	FEMININO	0		
NPC_2637	Zanind	Myrthos	Sem nome definido	3	Valaryn	Valaryn de Sem nome definido. Conhecido por interações cotidianas, pedidos, rumores e possibilidades de relacionamento.	54	Valaryn	ACTIVE	MASCULINO	0		
NPC_2638	Belethb	Orinthal	Crystalia	4	Artesão	Artesão de Crystalia. Conhecido por interações cotidianas, pedidos, rumores e possibilidades de relacionamento.	71	Artesão	ACTIVE	FEMININO	0		
NPC_2639	Eliiath	Valkyrion	Volmeria	-2	Curandeiro	Curandeiro de Volmeria. Conhecido por interações cotidianas, pedidos, rumores e possibilidades de relacionamento.	25	Curandeiro	ACTIVE	MASCULINO	0		
NPC_2640	Helaa	Aeloria	Jorwyn	-1	Aventureiro	Aventureiro de Jorwyn. Conhecido por interações cotidianas, pedidos, rumores e possibilidades de relacionamento.	42	Aventureiro	ACTIVE	FEMININO	0		
NPC_2641	Kainl	Zarim	Fornalia	0	Estudante	Estudante de Fornalia. Conhecido por interações cotidianas, pedidos, rumores e possibilidades de relacionamento.	59	Estudante	ACTIVE	MASCULINO	0		
NPC_2642	Nerethr	Eshmara	Brumas	1	Mercador	Mercador de Brumas. Conhecido por interações cotidianas, pedidos, rumores e possibilidades de relacionamento.	76	Mercador	ACTIVE	FEMININO	0		
NPC_2643	Seliav	Tharun	Stone-Âmbar	2	Pesquisador	Pesquisador de Stone-Âmbar. Conhecido por interações cotidianas, pedidos, rumores e possibilidades de relacionamento.	30	Pesquisador	ACTIVE	MASCULINO	0		
NPC_2644	Wilas	Lyrien	Aerocivitus	3	Navegador	Navegador de Aerocivitus. Conhecido por interações cotidianas, pedidos, rumores e possibilidades de relacionamento.	47	Navegador	ACTIVE	FEMININO	0		
NPC_2645	Alint	Kethruun	Sandbones	4	Ferreiro	Ferreiro de Sandbones. Conhecido por interações cotidianas, pedidos, rumores e possibilidades de relacionamento.	64	Ferreiro	ACTIVE	MASCULINO	0		
NPC_2646	Corethm	Nyssara	Emerald Tide	-2	Mensageiro	Mensageiro de Emerald Tide. Conhecido por interações cotidianas, pedidos, rumores e possibilidades de relacionamento.	18	Mensageiro	ACTIVE	FEMININO	0		
NPC_2647	Ferian	Myrthos	Sem nome definido	-1	Erudito	Erudito de Sem nome definido. Conhecido por interações cotidianas, pedidos, rumores e possibilidades de relacionamento.	35	Erudito	ACTIVE	MASCULINO	0		
NPC_2648	Iriak	Orinthal	Crystalia	0	Mago	Mago de Crystalia. Conhecido por interações cotidianas, pedidos, rumores e possibilidades de relacionamento.	52	Mago	ACTIVE	FEMININO	0		
NPC_2649	Liaind	Valkyrion	Volmeria	1	Carroceiro	Carroceiro de Volmeria. Conhecido por interações cotidianas, pedidos, rumores e possibilidades de relacionamento.	69	Carroceiro	ACTIVE	MASCULINO	0		
NPC_2650	Oliethb	Aeloria	Dawnspire	2	Caçador	Caçador de Dawnspire. Conhecido por interações cotidianas, pedidos, rumores e possibilidades de relacionamento.	23	Caçador	ACTIVE	FEMININO	0		
NPC_2651	Toriath	Zarim	Fornalia	3	Sentinela	Sentinela de Fornalia. Conhecido por interações cotidianas, pedidos, rumores e possibilidades de relacionamento.	40	Sentinela	ACTIVE	MASCULINO	0		
NPC_2652	Ysaaa	Eshmara	Brumas	4	Criador de animais	Criador de animais de Brumas. Conhecido por interações cotidianas, pedidos, rumores e possibilidades de relacionamento.	57	Criador de animais	ACTIVE	FEMININO	0		
NPC_2653	Arinl	Tharun	Stone-Âmbar	-2	Bardo	Bardo de Stone-Âmbar. Conhecido por interações cotidianas, pedidos, rumores e possibilidades de relacionamento.	74	Bardo	ACTIVE	MASCULINO	0		
NPC_2654	Daethr	Lyrien	Aerocivitus	-1	Guarda	Guarda de Aerocivitus. Conhecido por interações cotidianas, pedidos, rumores e possibilidades de relacionamento.	28	Guarda	ACTIVE	FEMININO	0		
NPC_2655	Galiav	Kethruun	Sandbones	0	Camponês	Camponês de Sandbones. Conhecido por interações cotidianas, pedidos, rumores e possibilidades de relacionamento.	45	Camponês	ACTIVE	MASCULINO	0		
NPC_2656	Jonas	Nyssara	Emerald Tide	1	Clérigo	Clérigo de Emerald Tide. Conhecido por interações cotidianas, pedidos, rumores e possibilidades de relacionamento.	62	Clérigo	ACTIVE	FEMININO	0		
NPC_2657	Marint	Myrthos	Sem nome definido	2	Valaryn	Valaryn de Sem nome definido. Conhecido por interações cotidianas, pedidos, rumores e possibilidades de relacionamento.	79	Valaryn	ACTIVE	MASCULINO	0		
NPC_2658	Renethm	Orinthal	Crystalia	3	Artesão	Artesão de Crystalia. Conhecido por interações cotidianas, pedidos, rumores e possibilidades de relacionamento.	33	Artesão	ACTIVE	FEMININO	0		
NPC_2659	Vioian	Valkyrion	Volmeria	4	Curandeiro	Curandeiro de Volmeria. Conhecido por interações cotidianas, pedidos, rumores e possibilidades de relacionamento.	50	Curandeiro	ACTIVE	MASCULINO	0		
NPC_2660	Zanak	Aeloria	Xandralor	-2	Aventureiro	Aventureiro de Xandralor. Conhecido por interações cotidianas, pedidos, rumores e possibilidades de relacionamento.	67	Aventureiro	ACTIVE	FEMININO	0		
NPC_2661	Belind	Zarim	Fornalia	-1	Estudante	Estudante de Fornalia. Conhecido por interações cotidianas, pedidos, rumores e possibilidades de relacionamento.	21	Estudante	ACTIVE	MASCULINO	0		
NPC_2662	Eliethb	Eshmara	Brumas	0	Mercador	Mercador de Brumas. Conhecido por interações cotidianas, pedidos, rumores e possibilidades de relacionamento.	38	Mercador	ACTIVE	FEMININO	0		
NPC_2663	Heliath	Tharun	Stone-Âmbar	1	Pesquisador	Pesquisador de Stone-Âmbar. Conhecido por interações cotidianas, pedidos, rumores e possibilidades de relacionamento.	55	Pesquisador	ACTIVE	MASCULINO	0		
NPC_2664	Kaaa	Lyrien	Aerocivitus	2	Navegador	Navegador de Aerocivitus. Conhecido por interações cotidianas, pedidos, rumores e possibilidades de relacionamento.	72	Navegador	ACTIVE	FEMININO	0		
NPC_2665	Nerinl	Kethruun	Sandbones	3	Ferreiro	Ferreiro de Sandbones. Conhecido por interações cotidianas, pedidos, rumores e possibilidades de relacionamento.	26	Ferreiro	ACTIVE	MASCULINO	0		
NPC_2666	Selethr	Nyssara	Emerald Tide	4	Mensageiro	Mensageiro de Emerald Tide. Conhecido por interações cotidianas, pedidos, rumores e possibilidades de relacionamento.	43	Mensageiro	ACTIVE	FEMININO	0		
NPC_2667	Wiliav	Myrthos	Sem nome definido	-2	Erudito	Erudito de Sem nome definido. Conhecido por interações cotidianas, pedidos, rumores e possibilidades de relacionamento.	60	Erudito	ACTIVE	MASCULINO	0		
NPC_2668	Alas	Orinthal	Crystalia	-1	Mago	Mago de Crystalia. Conhecido por interações cotidianas, pedidos, rumores e possibilidades de relacionamento.	77	Mago	ACTIVE	FEMININO	0		
NPC_2669	Corint	Valkyrion	Volmeria	0	Carroceiro	Carroceiro de Volmeria. Conhecido por interações cotidianas, pedidos, rumores e possibilidades de relacionamento.	31	Carroceiro	ACTIVE	MASCULINO	0		
NPC_2670	Ferethm	Aeloria	Rivenholt	1	Caçador	Caçador de Rivenholt. Conhecido por interações cotidianas, pedidos, rumores e possibilidades de relacionamento.	48	Caçador	ACTIVE	FEMININO	0		
NPC_2671	Iriian	Zarim	Fornalia	2	Sentinela	Sentinela de Fornalia. Conhecido por interações cotidianas, pedidos, rumores e possibilidades de relacionamento.	65	Sentinela	ACTIVE	MASCULINO	0		
NPC_2672	Liaak	Eshmara	Brumas	3	Criador de animais	Criador de animais de Brumas. Conhecido por interações cotidianas, pedidos, rumores e possibilidades de relacionamento.	19	Criador de animais	ACTIVE	FEMININO	0		
NPC_2673	Oliind	Tharun	Stone-Âmbar	4	Bardo	Bardo de Stone-Âmbar. Conhecido por interações cotidianas, pedidos, rumores e possibilidades de relacionamento.	36	Bardo	ACTIVE	MASCULINO	0		
NPC_2674	Torethb	Lyrien	Aerocivitus	-2	Guarda	Guarda de Aerocivitus. Conhecido por interações cotidianas, pedidos, rumores e possibilidades de relacionamento.	53	Guarda	ACTIVE	FEMININO	0		
NPC_2675	Ysaiath	Kethruun	Sandbones	-1	Camponês	Camponês de Sandbones. Conhecido por interações cotidianas, pedidos, rumores e possibilidades de relacionamento.	70	Camponês	ACTIVE	MASCULINO	0		
NPC_2676	Araa	Nyssara	Emerald Tide	0	Clérigo	Clérigo de Emerald Tide. Conhecido por interações cotidianas, pedidos, rumores e possibilidades de relacionamento.	24	Clérigo	ACTIVE	FEMININO	0		
NPC_2677	Dainl	Myrthos	Sem nome definido	1	Valaryn	Valaryn de Sem nome definido. Conhecido por interações cotidianas, pedidos, rumores e possibilidades de relacionamento.	41	Valaryn	ACTIVE	MASCULINO	0		
NPC_2678	Galethr	Orinthal	Crystalia	2	Artesão	Artesão de Crystalia. Conhecido por interações cotidianas, pedidos, rumores e possibilidades de relacionamento.	58	Artesão	ACTIVE	FEMININO	0		
NPC_2679	Joniav	Valkyrion	Volmeria	3	Curandeiro	Curandeiro de Volmeria. Conhecido por interações cotidianas, pedidos, rumores e possibilidades de relacionamento.	75	Curandeiro	ACTIVE	MASCULINO	0		
NPC_2680	Maras	Aeloria	Loryndor	4	Aventureiro	Aventureiro de Loryndor. Conhecido por interações cotidianas, pedidos, rumores e possibilidades de relacionamento.	29	Aventureiro	ACTIVE	FEMININO	0		
NPC_2681	Renint	Zarim	Fornalia	-2	Estudante	Estudante de Fornalia. Conhecido por interações cotidianas, pedidos, rumores e possibilidades de relacionamento.	46	Estudante	ACTIVE	MASCULINO	0		
NPC_2682	Vioethm	Eshmara	Brumas	-1	Mercador	Mercador de Brumas. Conhecido por interações cotidianas, pedidos, rumores e possibilidades de relacionamento.	63	Mercador	ACTIVE	FEMININO	0		
NPC_2683	Zanian	Tharun	Stone-Âmbar	0	Pesquisador	Pesquisador de Stone-Âmbar. Conhecido por interações cotidianas, pedidos, rumores e possibilidades de relacionamento.	80	Pesquisador	ACTIVE	MASCULINO	0		
NPC_2684	Belak	Lyrien	Aerocivitus	1	Navegador	Navegador de Aerocivitus. Conhecido por interações cotidianas, pedidos, rumores e possibilidades de relacionamento.	34	Navegador	ACTIVE	FEMININO	0		
NPC_2685	Eliind	Kethruun	Sandbones	2	Ferreiro	Ferreiro de Sandbones. Conhecido por interações cotidianas, pedidos, rumores e possibilidades de relacionamento.	51	Ferreiro	ACTIVE	MASCULINO	0		
NPC_2686	Helethb	Nyssara	Emerald Tide	3	Mensageiro	Mensageiro de Emerald Tide. Conhecido por interações cotidianas, pedidos, rumores e possibilidades de relacionamento.	68	Mensageiro	ACTIVE	FEMININO	0		
NPC_2687	Kaiath	Myrthos	Sem nome definido	4	Erudito	Erudito de Sem nome definido. Conhecido por interações cotidianas, pedidos, rumores e possibilidades de relacionamento.	22	Erudito	ACTIVE	MASCULINO	0		
NPC_2688	Neraa	Orinthal	Crystalia	-2	Mago	Mago de Crystalia. Conhecido por interações cotidianas, pedidos, rumores e possibilidades de relacionamento.	39	Mago	ACTIVE	FEMININO	0		
NPC_2689	Selinl	Valkyrion	Volmeria	-1	Carroceiro	Carroceiro de Volmeria. Conhecido por interações cotidianas, pedidos, rumores e possibilidades de relacionamento.	56	Carroceiro	ACTIVE	MASCULINO	0		
NPC_2690	Wilethr	Aeloria	Fenndral	0	Caçador	Caçador de Fenndral. Conhecido por interações cotidianas, pedidos, rumores e possibilidades de relacionamento.	73	Caçador	ACTIVE	FEMININO	0		
NPC_2691	Aliav	Zarim	Fornalia	1	Sentinela	Sentinela de Fornalia. Conhecido por interações cotidianas, pedidos, rumores e possibilidades de relacionamento.	27	Sentinela	ACTIVE	MASCULINO	0		
NPC_2692	Coras	Eshmara	Brumas	2	Criador de animais	Criador de animais de Brumas. Conhecido por interações cotidianas, pedidos, rumores e possibilidades de relacionamento.	44	Criador de animais	ACTIVE	FEMININO	0		
NPC_2693	Ferint	Tharun	Stone-Âmbar	3	Bardo	Bardo de Stone-Âmbar. Conhecido por interações cotidianas, pedidos, rumores e possibilidades de relacionamento.	61	Bardo	ACTIVE	MASCULINO	0		
NPC_2694	Iriethm	Lyrien	Aerocivitus	4	Guarda	Guarda de Aerocivitus. Conhecido por interações cotidianas, pedidos, rumores e possibilidades de relacionamento.	78	Guarda	ACTIVE	FEMININO	0		
NPC_2695	Liaian	Kethruun	Sandbones	-2	Camponês	Camponês de Sandbones. Conhecido por interações cotidianas, pedidos, rumores e possibilidades de relacionamento.	32	Camponês	ACTIVE	MASCULINO	0		
NPC_2696	Oliak	Nyssara	Emerald Tide	-1	Clérigo	Clérigo de Emerald Tide. Conhecido por interações cotidianas, pedidos, rumores e possibilidades de relacionamento.	49	Clérigo	ACTIVE	FEMININO	0		
NPC_2697	Torind	Myrthos	Sem nome definido	0	Valaryn	Valaryn de Sem nome definido. Conhecido por interações cotidianas, pedidos, rumores e possibilidades de relacionamento.	66	Valaryn	ACTIVE	MASCULINO	0		
NPC_2698	Ysaethb	Orinthal	Crystalia	1	Artesão	Artesão de Crystalia. Conhecido por interações cotidianas, pedidos, rumores e possibilidades de relacionamento.	20	Artesão	ACTIVE	FEMININO	0		
NPC_2699	Ariath	Valkyrion	Volmeria	2	Curandeiro	Curandeiro de Volmeria. Conhecido por interações cotidianas, pedidos, rumores e possibilidades de relacionamento.	37	Curandeiro	ACTIVE	MASCULINO	0		
NPC_2700	Daaa	Aeloria	Feyndral	3	Aventureiro	Aventureiro de Feyndral. Conhecido por interações cotidianas, pedidos, rumores e possibilidades de relacionamento.	54	Aventureiro	ACTIVE	FEMININO	0		
NPC_2701	Galinl	Zarim	Fornalia	4	Estudante	Estudante de Fornalia. Conhecido por interações cotidianas, pedidos, rumores e possibilidades de relacionamento.	71	Estudante	ACTIVE	MASCULINO	0		
NPC_2702	Jonethr	Eshmara	Brumas	-2	Mercador	Mercador de Brumas. Conhecido por interações cotidianas, pedidos, rumores e possibilidades de relacionamento.	25	Mercador	ACTIVE	FEMININO	0		
NPC_2703	Mariav	Tharun	Stone-Âmbar	-1	Pesquisador	Pesquisador de Stone-Âmbar. Conhecido por interações cotidianas, pedidos, rumores e possibilidades de relacionamento.	42	Pesquisador	ACTIVE	MASCULINO	0		
NPC_2704	Renas	Lyrien	Aerocivitus	0	Navegador	Navegador de Aerocivitus. Conhecido por interações cotidianas, pedidos, rumores e possibilidades de relacionamento.	59	Navegador	ACTIVE	FEMININO	0		
NPC_2705	Vioint	Kethruun	Sandbones	1	Ferreiro	Ferreiro de Sandbones. Conhecido por interações cotidianas, pedidos, rumores e possibilidades de relacionamento.	76	Ferreiro	ACTIVE	MASCULINO	0		
NPC_2706	Zanethm	Nyssara	Emerald Tide	2	Mensageiro	Mensageiro de Emerald Tide. Conhecido por interações cotidianas, pedidos, rumores e possibilidades de relacionamento.	30	Mensageiro	ACTIVE	FEMININO	0		
NPC_2707	Belian	Myrthos	Sem nome definido	3	Erudito	Erudito de Sem nome definido. Conhecido por interações cotidianas, pedidos, rumores e possibilidades de relacionamento.	47	Erudito	ACTIVE	MASCULINO	0		
NPC_2708	Eliak	Orinthal	Crystalia	4	Mago	Mago de Crystalia. Conhecido por interações cotidianas, pedidos, rumores e possibilidades de relacionamento.	64	Mago	ACTIVE	FEMININO	0		
NPC_2709	Helind	Valkyrion	Volmeria	-2	Carroceiro	Carroceiro de Volmeria. Conhecido por interações cotidianas, pedidos, rumores e possibilidades de relacionamento.	18	Carroceiro	ACTIVE	MASCULINO	0		
NPC_2710	Kaethb	Aeloria	Zephyrholt	-1	Caçador	Caçador de Zephyrholt. Conhecido por interações cotidianas, pedidos, rumores e possibilidades de relacionamento.	35	Caçador	ACTIVE	FEMININO	0		
NPC_2711	Neriath	Zarim	Fornalia	0	Sentinela	Sentinela de Fornalia. Conhecido por interações cotidianas, pedidos, rumores e possibilidades de relacionamento.	52	Sentinela	ACTIVE	MASCULINO	0		
NPC_2712	Selaa	Eshmara	Brumas	1	Criador de animais	Criador de animais de Brumas. Conhecido por interações cotidianas, pedidos, rumores e possibilidades de relacionamento.	69	Criador de animais	ACTIVE	FEMININO	0		
NPC_2713	Wilinl	Tharun	Stone-Âmbar	2	Bardo	Bardo de Stone-Âmbar. Conhecido por interações cotidianas, pedidos, rumores e possibilidades de relacionamento.	23	Bardo	ACTIVE	MASCULINO	0		
NPC_2714	Alethr	Lyrien	Aerocivitus	3	Guarda	Guarda de Aerocivitus. Conhecido por interações cotidianas, pedidos, rumores e possibilidades de relacionamento.	40	Guarda	ACTIVE	FEMININO	0		
NPC_2715	Coriav	Kethruun	Sandbones	4	Camponês	Camponês de Sandbones. Conhecido por interações cotidianas, pedidos, rumores e possibilidades de relacionamento.	57	Camponês	ACTIVE	MASCULINO	0		
NPC_2716	Feras	Nyssara	Emerald Tide	-2	Clérigo	Clérigo de Emerald Tide. Conhecido por interações cotidianas, pedidos, rumores e possibilidades de relacionamento.	74	Clérigo	ACTIVE	FEMININO	0		
NPC_2717	Iriint	Myrthos	Sem nome definido	-1	Valaryn	Valaryn de Sem nome definido. Conhecido por interações cotidianas, pedidos, rumores e possibilidades de relacionamento.	28	Valaryn	ACTIVE	MASCULINO	0		
NPC_2718	Liaethm	Orinthal	Crystalia	0	Artesão	Artesão de Crystalia. Conhecido por interações cotidianas, pedidos, rumores e possibilidades de relacionamento.	45	Artesão	ACTIVE	FEMININO	0		
NPC_2719	Oliian	Valkyrion	Volmeria	1	Curandeiro	Curandeiro de Volmeria. Conhecido por interações cotidianas, pedidos, rumores e possibilidades de relacionamento.	62	Curandeiro	ACTIVE	MASCULINO	0		
NPC_2720	Torak	Aeloria	Tindralith	2	Aventureiro	Aventureiro de Tindralith. Conhecido por interações cotidianas, pedidos, rumores e possibilidades de relacionamento.	79	Aventureiro	ACTIVE	FEMININO	0		
NPC_2721	Ysaind	Zarim	Fornalia	3	Estudante	Estudante de Fornalia. Conhecido por interações cotidianas, pedidos, rumores e possibilidades de relacionamento.	33	Estudante	ACTIVE	MASCULINO	0		
NPC_2722	Arethb	Eshmara	Brumas	4	Mercador	Mercador de Brumas. Conhecido por interações cotidianas, pedidos, rumores e possibilidades de relacionamento.	50	Mercador	ACTIVE	FEMININO	0		
NPC_2723	Daiath	Tharun	Stone-Âmbar	-2	Pesquisador	Pesquisador de Stone-Âmbar. Conhecido por interações cotidianas, pedidos, rumores e possibilidades de relacionamento.	67	Pesquisador	ACTIVE	MASCULINO	0		
NPC_2724	Galaa	Lyrien	Aerocivitus	-1	Navegador	Navegador de Aerocivitus. Conhecido por interações cotidianas, pedidos, rumores e possibilidades de relacionamento.	21	Navegador	ACTIVE	FEMININO	0		
NPC_2725	Joninl	Kethruun	Sandbones	0	Ferreiro	Ferreiro de Sandbones. Conhecido por interações cotidianas, pedidos, rumores e possibilidades de relacionamento.	38	Ferreiro	ACTIVE	MASCULINO	0		
NPC_2726	Marethr	Nyssara	Emerald Tide	1	Mensageiro	Mensageiro de Emerald Tide. Conhecido por interações cotidianas, pedidos, rumores e possibilidades de relacionamento.	55	Mensageiro	ACTIVE	FEMININO	0		
NPC_2727	Reniav	Myrthos	Sem nome definido	2	Erudito	Erudito de Sem nome definido. Conhecido por interações cotidianas, pedidos, rumores e possibilidades de relacionamento.	72	Erudito	ACTIVE	MASCULINO	0		
NPC_2728	Vioas	Orinthal	Crystalia	3	Mago	Mago de Crystalia. Conhecido por interações cotidianas, pedidos, rumores e possibilidades de relacionamento.	26	Mago	ACTIVE	FEMININO	0		
NPC_2729	Zanint	Valkyrion	Volmeria	4	Carroceiro	Carroceiro de Volmeria. Conhecido por interações cotidianas, pedidos, rumores e possibilidades de relacionamento.	43	Carroceiro	ACTIVE	MASCULINO	0		
NPC_2730	Belethm	Aeloria	Netherholt	-2	Caçador	Caçador de Netherholt. Conhecido por interações cotidianas, pedidos, rumores e possibilidades de relacionamento.	60	Caçador	ACTIVE	FEMININO	0		
NPC_2731	Eliian	Zarim	Fornalia	-1	Sentinela	Sentinela de Fornalia. Conhecido por interações cotidianas, pedidos, rumores e possibilidades de relacionamento.	77	Sentinela	ACTIVE	MASCULINO	0		
NPC_2732	Helak	Eshmara	Brumas	0	Criador de animais	Criador de animais de Brumas. Conhecido por interações cotidianas, pedidos, rumores e possibilidades de relacionamento.	31	Criador de animais	ACTIVE	FEMININO	0		
NPC_2733	Kaind	Tharun	Stone-Âmbar	1	Bardo	Bardo de Stone-Âmbar. Conhecido por interações cotidianas, pedidos, rumores e possibilidades de relacionamento.	48	Bardo	ACTIVE	MASCULINO	0		
NPC_2734	Nerethb	Lyrien	Aerocivitus	2	Guarda	Guarda de Aerocivitus. Conhecido por interações cotidianas, pedidos, rumores e possibilidades de relacionamento.	65	Guarda	ACTIVE	FEMININO	0		
NPC_2735	Seliath	Kethruun	Sandbones	3	Camponês	Camponês de Sandbones. Conhecido por interações cotidianas, pedidos, rumores e possibilidades de relacionamento.	19	Camponês	ACTIVE	MASCULINO	0		
NPC_2736	Wilaa	Nyssara	Emerald Tide	4	Clérigo	Clérigo de Emerald Tide. Conhecido por interações cotidianas, pedidos, rumores e possibilidades de relacionamento.	36	Clérigo	ACTIVE	FEMININO	0		
NPC_2737	Alinl	Myrthos	Sem nome definido	-2	Valaryn	Valaryn de Sem nome definido. Conhecido por interações cotidianas, pedidos, rumores e possibilidades de relacionamento.	53	Valaryn	ACTIVE	MASCULINO	0		
NPC_2738	Corethr	Orinthal	Crystalia	-1	Artesão	Artesão de Crystalia. Conhecido por interações cotidianas, pedidos, rumores e possibilidades de relacionamento.	70	Artesão	ACTIVE	FEMININO	0		
NPC_2739	Feriav	Valkyrion	Volmeria	0	Curandeiro	Curandeiro de Volmeria. Conhecido por interações cotidianas, pedidos, rumores e possibilidades de relacionamento.	24	Curandeiro	ACTIVE	MASCULINO	0		
NPC_2740	Irias	Aeloria	Highspire	1	Aventureiro	Aventureiro de Highspire. Conhecido por interações cotidianas, pedidos, rumores e possibilidades de relacionamento.	41	Aventureiro	ACTIVE	FEMININO	0		
NPC_2741	Liaint	Zarim	Fornalia	2	Estudante	Estudante de Fornalia. Conhecido por interações cotidianas, pedidos, rumores e possibilidades de relacionamento.	58	Estudante	ACTIVE	MASCULINO	0		
NPC_2742	Oliethm	Eshmara	Brumas	3	Mercador	Mercador de Brumas. Conhecido por interações cotidianas, pedidos, rumores e possibilidades de relacionamento.	75	Mercador	ACTIVE	FEMININO	0		
NPC_2743	Torian	Tharun	Stone-Âmbar	4	Pesquisador	Pesquisador de Stone-Âmbar. Conhecido por interações cotidianas, pedidos, rumores e possibilidades de relacionamento.	29	Pesquisador	ACTIVE	MASCULINO	0		
NPC_2744	Ysaak	Lyrien	Aerocivitus	-2	Navegador	Navegador de Aerocivitus. Conhecido por interações cotidianas, pedidos, rumores e possibilidades de relacionamento.	46	Navegador	ACTIVE	FEMININO	0		
NPC_2745	Arind	Kethruun	Sandbones	-1	Ferreiro	Ferreiro de Sandbones. Conhecido por interações cotidianas, pedidos, rumores e possibilidades de relacionamento.	63	Ferreiro	ACTIVE	MASCULINO	0		
NPC_2746	Daethb	Nyssara	Emerald Tide	0	Mensageiro	Mensageiro de Emerald Tide. Conhecido por interações cotidianas, pedidos, rumores e possibilidades de relacionamento.	80	Mensageiro	ACTIVE	FEMININO	0		
NPC_2747	Galiath	Myrthos	Sem nome definido	1	Erudito	Erudito de Sem nome definido. Conhecido por interações cotidianas, pedidos, rumores e possibilidades de relacionamento.	34	Erudito	ACTIVE	MASCULINO	0		
NPC_2748	Jonaa	Orinthal	Crystalia	2	Mago	Mago de Crystalia. Conhecido por interações cotidianas, pedidos, rumores e possibilidades de relacionamento.	51	Mago	ACTIVE	FEMININO	0		
NPC_2749	Marinl	Valkyrion	Volmeria	3	Carroceiro	Carroceiro de Volmeria. Conhecido por interações cotidianas, pedidos, rumores e possibilidades de relacionamento.	68	Carroceiro	ACTIVE	MASCULINO	0		
NPC_2750	Renethr	Aeloria	Blackmere	4	Caçador	Caçador de Blackmere. Conhecido por interações cotidianas, pedidos, rumores e possibilidades de relacionamento.	22	Caçador	ACTIVE	FEMININO	0		
NPC_2751	Vioiav	Zarim	Fornalia	-2	Sentinela	Sentinela de Fornalia. Conhecido por interações cotidianas, pedidos, rumores e possibilidades de relacionamento.	39	Sentinela	ACTIVE	MASCULINO	0		
NPC_2752	Zanas	Eshmara	Brumas	-1	Criador de animais	Criador de animais de Brumas. Conhecido por interações cotidianas, pedidos, rumores e possibilidades de relacionamento.	56	Criador de animais	ACTIVE	FEMININO	0		
NPC_2753	Belint	Tharun	Stone-Âmbar	0	Bardo	Bardo de Stone-Âmbar. Conhecido por interações cotidianas, pedidos, rumores e possibilidades de relacionamento.	73	Bardo	ACTIVE	MASCULINO	0		
NPC_2754	Eliethm	Lyrien	Aerocivitus	1	Guarda	Guarda de Aerocivitus. Conhecido por interações cotidianas, pedidos, rumores e possibilidades de relacionamento.	27	Guarda	ACTIVE	FEMININO	0		
NPC_2755	Helian	Kethruun	Sandbones	2	Camponês	Camponês de Sandbones. Conhecido por interações cotidianas, pedidos, rumores e possibilidades de relacionamento.	44	Camponês	ACTIVE	MASCULINO	0		
NPC_2756	Kaak	Nyssara	Emerald Tide	3	Clérigo	Clérigo de Emerald Tide. Conhecido por interações cotidianas, pedidos, rumores e possibilidades de relacionamento.	61	Clérigo	ACTIVE	FEMININO	0		
NPC_2757	Nerind	Myrthos	Sem nome definido	4	Valaryn	Valaryn de Sem nome definido. Conhecido por interações cotidianas, pedidos, rumores e possibilidades de relacionamento.	78	Valaryn	ACTIVE	MASCULINO	0		
NPC_2758	Selethb	Orinthal	Crystalia	-2	Artesão	Artesão de Crystalia. Conhecido por interações cotidianas, pedidos, rumores e possibilidades de relacionamento.	32	Artesão	ACTIVE	FEMININO	0		
NPC_2759	Wiliath	Valkyrion	Volmeria	-1	Curandeiro	Curandeiro de Volmeria. Conhecido por interações cotidianas, pedidos, rumores e possibilidades de relacionamento.	49	Curandeiro	ACTIVE	MASCULINO	0		
NPC_2760	Alaa	Aeloria	Veyndaril	0	Aventureiro	Aventureiro de Veyndaril. Conhecido por interações cotidianas, pedidos, rumores e possibilidades de relacionamento.	66	Aventureiro	ACTIVE	FEMININO	0		
NPC_2761	Corinl	Zarim	Fornalia	1	Estudante	Estudante de Fornalia. Conhecido por interações cotidianas, pedidos, rumores e possibilidades de relacionamento.	20	Estudante	ACTIVE	MASCULINO	0		
NPC_2762	Ferethr	Eshmara	Brumas	2	Mercador	Mercador de Brumas. Conhecido por interações cotidianas, pedidos, rumores e possibilidades de relacionamento.	37	Mercador	ACTIVE	FEMININO	0		
NPC_2763	Iriiav	Tharun	Stone-Âmbar	3	Pesquisador	Pesquisador de Stone-Âmbar. Conhecido por interações cotidianas, pedidos, rumores e possibilidades de relacionamento.	54	Pesquisador	ACTIVE	MASCULINO	0		
NPC_2764	Liaas	Lyrien	Aerocivitus	4	Navegador	Navegador de Aerocivitus. Conhecido por interações cotidianas, pedidos, rumores e possibilidades de relacionamento.	71	Navegador	ACTIVE	FEMININO	0		
NPC_2765	Oliint	Kethruun	Sandbones	-2	Ferreiro	Ferreiro de Sandbones. Conhecido por interações cotidianas, pedidos, rumores e possibilidades de relacionamento.	25	Ferreiro	ACTIVE	MASCULINO	0		
NPC_2766	Torethm	Nyssara	Emerald Tide	-1	Mensageiro	Mensageiro de Emerald Tide. Conhecido por interações cotidianas, pedidos, rumores e possibilidades de relacionamento.	42	Mensageiro	ACTIVE	FEMININO	0		
NPC_2767	Ysaian	Myrthos	Sem nome definido	0	Erudito	Erudito de Sem nome definido. Conhecido por interações cotidianas, pedidos, rumores e possibilidades de relacionamento.	59	Erudito	ACTIVE	MASCULINO	0		
NPC_2768	Arak	Orinthal	Crystalia	1	Mago	Mago de Crystalia. Conhecido por interações cotidianas, pedidos, rumores e possibilidades de relacionamento.	76	Mago	ACTIVE	FEMININO	0		
NPC_2769	Daind	Valkyrion	Volmeria	2	Carroceiro	Carroceiro de Volmeria. Conhecido por interações cotidianas, pedidos, rumores e possibilidades de relacionamento.	30	Carroceiro	ACTIVE	MASCULINO	0		
NPC_2770	Galethb	Aeloria	Pyrelith	3	Caçador	Caçador de Pyrelith. Conhecido por interações cotidianas, pedidos, rumores e possibilidades de relacionamento.	47	Caçador	ACTIVE	FEMININO	0		
NPC_2771	Joniath	Zarim	Fornalia	4	Sentinela	Sentinela de Fornalia. Conhecido por interações cotidianas, pedidos, rumores e possibilidades de relacionamento.	64	Sentinela	ACTIVE	MASCULINO	0		
NPC_2772	Maraa	Eshmara	Brumas	-2	Criador de animais	Criador de animais de Brumas. Conhecido por interações cotidianas, pedidos, rumores e possibilidades de relacionamento.	18	Criador de animais	ACTIVE	FEMININO	0		
NPC_2773	Reninl	Tharun	Stone-Âmbar	-1	Bardo	Bardo de Stone-Âmbar. Conhecido por interações cotidianas, pedidos, rumores e possibilidades de relacionamento.	35	Bardo	ACTIVE	MASCULINO	0		
NPC_2774	Vioethr	Lyrien	Aerocivitus	0	Guarda	Guarda de Aerocivitus. Conhecido por interações cotidianas, pedidos, rumores e possibilidades de relacionamento.	52	Guarda	ACTIVE	FEMININO	0		
NPC_2775	Zaniav	Kethruun	Sandbones	1	Camponês	Camponês de Sandbones. Conhecido por interações cotidianas, pedidos, rumores e possibilidades de relacionamento.	69	Camponês	ACTIVE	MASCULINO	0		
NPC_2776	Belas	Nyssara	Emerald Tide	2	Clérigo	Clérigo de Emerald Tide. Conhecido por interações cotidianas, pedidos, rumores e possibilidades de relacionamento.	23	Clérigo	ACTIVE	FEMININO	0		
NPC_2777	Eliint	Myrthos	Sem nome definido	3	Valaryn	Valaryn de Sem nome definido. Conhecido por interações cotidianas, pedidos, rumores e possibilidades de relacionamento.	40	Valaryn	ACTIVE	MASCULINO	0		
NPC_2778	Helethm	Orinthal	Crystalia	4	Artesão	Artesão de Crystalia. Conhecido por interações cotidianas, pedidos, rumores e possibilidades de relacionamento.	57	Artesão	ACTIVE	FEMININO	0		
NPC_2779	Kaian	Valkyrion	Volmeria	-2	Curandeiro	Curandeiro de Volmeria. Conhecido por interações cotidianas, pedidos, rumores e possibilidades de relacionamento.	74	Curandeiro	ACTIVE	MASCULINO	0		
NPC_2780	Nerak	Aeloria	Jorathen	-1	Aventureiro	Aventureiro de Jorathen. Conhecido por interações cotidianas, pedidos, rumores e possibilidades de relacionamento.	28	Aventureiro	ACTIVE	FEMININO	0		
NPC_2781	Selind	Zarim	Fornalia	0	Estudante	Estudante de Fornalia. Conhecido por interações cotidianas, pedidos, rumores e possibilidades de relacionamento.	45	Estudante	ACTIVE	MASCULINO	0		
NPC_2782	Wilethb	Eshmara	Brumas	1	Mercador	Mercador de Brumas. Conhecido por interações cotidianas, pedidos, rumores e possibilidades de relacionamento.	62	Mercador	ACTIVE	FEMININO	0		
NPC_2783	Aliath	Tharun	Stone-Âmbar	2	Pesquisador	Pesquisador de Stone-Âmbar. Conhecido por interações cotidianas, pedidos, rumores e possibilidades de relacionamento.	79	Pesquisador	ACTIVE	MASCULINO	0		
NPC_2784	Coraa	Lyrien	Aerocivitus	3	Navegador	Navegador de Aerocivitus. Conhecido por interações cotidianas, pedidos, rumores e possibilidades de relacionamento.	33	Navegador	ACTIVE	FEMININO	0		
NPC_2785	Ferinl	Kethruun	Sandbones	4	Ferreiro	Ferreiro de Sandbones. Conhecido por interações cotidianas, pedidos, rumores e possibilidades de relacionamento.	50	Ferreiro	ACTIVE	MASCULINO	0		
NPC_2786	Iriethr	Nyssara	Emerald Tide	-2	Mensageiro	Mensageiro de Emerald Tide. Conhecido por interações cotidianas, pedidos, rumores e possibilidades de relacionamento.	67	Mensageiro	ACTIVE	FEMININO	0		
NPC_2787	Liaiav	Myrthos	Sem nome definido	-1	Erudito	Erudito de Sem nome definido. Conhecido por interações cotidianas, pedidos, rumores e possibilidades de relacionamento.	21	Erudito	ACTIVE	MASCULINO	0		
NPC_2788	Olias	Orinthal	Crystalia	0	Mago	Mago de Crystalia. Conhecido por interações cotidianas, pedidos, rumores e possibilidades de relacionamento.	38	Mago	ACTIVE	FEMININO	0		
NPC_2789	Torint	Valkyrion	Volmeria	1	Carroceiro	Carroceiro de Volmeria. Conhecido por interações cotidianas, pedidos, rumores e possibilidades de relacionamento.	55	Carroceiro	ACTIVE	MASCULINO	0		
NPC_2790	Ysaethm	Aeloria	Duskmere	2	Caçador	Caçador de Duskmere. Conhecido por interações cotidianas, pedidos, rumores e possibilidades de relacionamento.	72	Caçador	ACTIVE	FEMININO	0		
NPC_2791	Arian	Zarim	Fornalia	3	Sentinela	Sentinela de Fornalia. Conhecido por interações cotidianas, pedidos, rumores e possibilidades de relacionamento.	26	Sentinela	ACTIVE	MASCULINO	0		
NPC_2792	Daak	Eshmara	Brumas	4	Criador de animais	Criador de animais de Brumas. Conhecido por interações cotidianas, pedidos, rumores e possibilidades de relacionamento.	43	Criador de animais	ACTIVE	FEMININO	0		
NPC_2793	Galind	Tharun	Stone-Âmbar	-2	Bardo	Bardo de Stone-Âmbar. Conhecido por interações cotidianas, pedidos, rumores e possibilidades de relacionamento.	60	Bardo	ACTIVE	MASCULINO	0		
NPC_2794	Jonethb	Lyrien	Aerocivitus	-1	Guarda	Guarda de Aerocivitus. Conhecido por interações cotidianas, pedidos, rumores e possibilidades de relacionamento.	77	Guarda	ACTIVE	FEMININO	0		
NPC_2795	Mariath	Kethruun	Sandbones	0	Camponês	Camponês de Sandbones. Conhecido por interações cotidianas, pedidos, rumores e possibilidades de relacionamento.	31	Camponês	ACTIVE	MASCULINO	0		
NPC_2796	Renaa	Nyssara	Emerald Tide	1	Clérigo	Clérigo de Emerald Tide. Conhecido por interações cotidianas, pedidos, rumores e possibilidades de relacionamento.	48	Clérigo	ACTIVE	FEMININO	0		
NPC_2797	Vioinl	Myrthos	Sem nome definido	2	Valaryn	Valaryn de Sem nome definido. Conhecido por interações cotidianas, pedidos, rumores e possibilidades de relacionamento.	65	Valaryn	ACTIVE	MASCULINO	0		
NPC_2798	Zanethr	Orinthal	Crystalia	3	Artesão	Artesão de Crystalia. Conhecido por interações cotidianas, pedidos, rumores e possibilidades de relacionamento.	19	Artesão	ACTIVE	FEMININO	0		
NPC_2799	Beliav	Valkyrion	Volmeria	4	Curandeiro	Curandeiro de Volmeria. Conhecido por interações cotidianas, pedidos, rumores e possibilidades de relacionamento.	36	Curandeiro	ACTIVE	MASCULINO	0		
NPC_2800	Elias	Aeloria	Lunareth	-2	Aventureiro	Aventureiro de Lunareth. Conhecido por interações cotidianas, pedidos, rumores e possibilidades de relacionamento.	53	Aventureiro	ACTIVE	FEMININO	0		
NPC_2801	Helint	Zarim	Fornalia	-1	Estudante	Estudante de Fornalia. Conhecido por interações cotidianas, pedidos, rumores e possibilidades de relacionamento.	70	Estudante	ACTIVE	MASCULINO	0		
NPC_2802	Kaethm	Eshmara	Brumas	0	Mercador	Mercador de Brumas. Conhecido por interações cotidianas, pedidos, rumores e possibilidades de relacionamento.	24	Mercador	ACTIVE	FEMININO	0		
NPC_2803	Nerian	Tharun	Stone-Âmbar	1	Pesquisador	Pesquisador de Stone-Âmbar. Conhecido por interações cotidianas, pedidos, rumores e possibilidades de relacionamento.	41	Pesquisador	ACTIVE	MASCULINO	0		
NPC_2804	Selak	Lyrien	Aerocivitus	2	Navegador	Navegador de Aerocivitus. Conhecido por interações cotidianas, pedidos, rumores e possibilidades de relacionamento.	58	Navegador	ACTIVE	FEMININO	0		
NPC_2805	Wilind	Kethruun	Sandbones	3	Ferreiro	Ferreiro de Sandbones. Conhecido por interações cotidianas, pedidos, rumores e possibilidades de relacionamento.	75	Ferreiro	ACTIVE	MASCULINO	0		
NPC_2806	Alethb	Nyssara	Emerald Tide	4	Mensageiro	Mensageiro de Emerald Tide. Conhecido por interações cotidianas, pedidos, rumores e possibilidades de relacionamento.	29	Mensageiro	ACTIVE	FEMININO	0		
NPC_2807	Coriath	Myrthos	Sem nome definido	-2	Erudito	Erudito de Sem nome definido. Conhecido por interações cotidianas, pedidos, rumores e possibilidades de relacionamento.	46	Erudito	ACTIVE	MASCULINO	0		
NPC_2808	Feraa	Orinthal	Crystalia	-1	Mago	Mago de Crystalia. Conhecido por interações cotidianas, pedidos, rumores e possibilidades de relacionamento.	63	Mago	ACTIVE	FEMININO	0		
NPC_2809	Iriinl	Valkyrion	Volmeria	0	Carroceiro	Carroceiro de Volmeria. Conhecido por interações cotidianas, pedidos, rumores e possibilidades de relacionamento.	80	Carroceiro	ACTIVE	MASCULINO	0		
NPC_2810	Liaethr	Aeloria	Xyrelith	1	Caçador	Caçador de Xyrelith. Conhecido por interações cotidianas, pedidos, rumores e possibilidades de relacionamento.	34	Caçador	ACTIVE	FEMININO	0		
NPC_2811	Oliiav	Zarim	Fornalia	2	Sentinela	Sentinela de Fornalia. Conhecido por interações cotidianas, pedidos, rumores e possibilidades de relacionamento.	51	Sentinela	ACTIVE	MASCULINO	0		
NPC_2812	Toras	Eshmara	Brumas	3	Criador de animais	Criador de animais de Brumas. Conhecido por interações cotidianas, pedidos, rumores e possibilidades de relacionamento.	68	Criador de animais	ACTIVE	FEMININO	0		
NPC_2813	Ysaint	Tharun	Stone-Âmbar	4	Bardo	Bardo de Stone-Âmbar. Conhecido por interações cotidianas, pedidos, rumores e possibilidades de relacionamento.	22	Bardo	ACTIVE	MASCULINO	0		
NPC_2814	Arethm	Lyrien	Aerocivitus	-2	Guarda	Guarda de Aerocivitus. Conhecido por interações cotidianas, pedidos, rumores e possibilidades de relacionamento.	39	Guarda	ACTIVE	FEMININO	0		
NPC_2815	Daian	Kethruun	Sandbones	-1	Camponês	Camponês de Sandbones. Conhecido por interações cotidianas, pedidos, rumores e possibilidades de relacionamento.	56	Camponês	ACTIVE	MASCULINO	0		
NPC_2816	Galak	Nyssara	Emerald Tide	0	Clérigo	Clérigo de Emerald Tide. Conhecido por interações cotidianas, pedidos, rumores e possibilidades de relacionamento.	73	Clérigo	ACTIVE	FEMININO	0		
NPC_2817	Jonind	Myrthos	Sem nome definido	1	Valaryn	Valaryn de Sem nome definido. Conhecido por interações cotidianas, pedidos, rumores e possibilidades de relacionamento.	27	Valaryn	ACTIVE	MASCULINO	0		
NPC_2818	Marethb	Orinthal	Crystalia	2	Artesão	Artesão de Crystalia. Conhecido por interações cotidianas, pedidos, rumores e possibilidades de relacionamento.	44	Artesão	ACTIVE	FEMININO	0		
NPC_2819	Reniath	Valkyrion	Volmeria	3	Curandeiro	Curandeiro de Volmeria. Conhecido por interações cotidianas, pedidos, rumores e possibilidades de relacionamento.	61	Curandeiro	ACTIVE	MASCULINO	0		
NPC_2820	Vioaa	Aeloria	Runedral	4	Aventureiro	Aventureiro de Runedral. Conhecido por interações cotidianas, pedidos, rumores e possibilidades de relacionamento.	78	Aventureiro	ACTIVE	FEMININO	0		
NPC_2821	Zaninl	Zarim	Fornalia	-2	Estudante	Estudante de Fornalia. Conhecido por interações cotidianas, pedidos, rumores e possibilidades de relacionamento.	32	Estudante	ACTIVE	MASCULINO	0		
NPC_2822	Belethr	Eshmara	Brumas	-1	Mercador	Mercador de Brumas. Conhecido por interações cotidianas, pedidos, rumores e possibilidades de relacionamento.	49	Mercador	ACTIVE	FEMININO	0		
NPC_2823	Eliiav	Tharun	Stone-Âmbar	0	Pesquisador	Pesquisador de Stone-Âmbar. Conhecido por interações cotidianas, pedidos, rumores e possibilidades de relacionamento.	66	Pesquisador	ACTIVE	MASCULINO	0		
NPC_2824	Helas	Lyrien	Aerocivitus	1	Navegador	Navegador de Aerocivitus. Conhecido por interações cotidianas, pedidos, rumores e possibilidades de relacionamento.	20	Navegador	ACTIVE	FEMININO	0		
NPC_2825	Kaint	Kethruun	Sandbones	2	Ferreiro	Ferreiro de Sandbones. Conhecido por interações cotidianas, pedidos, rumores e possibilidades de relacionamento.	37	Ferreiro	ACTIVE	MASCULINO	0		
NPC_2826	Nerethm	Nyssara	Emerald Tide	3	Mensageiro	Mensageiro de Emerald Tide. Conhecido por interações cotidianas, pedidos, rumores e possibilidades de relacionamento.	54	Mensageiro	ACTIVE	FEMININO	0		
NPC_2827	Selian	Myrthos	Sem nome definido	4	Erudito	Erudito de Sem nome definido. Conhecido por interações cotidianas, pedidos, rumores e possibilidades de relacionamento.	71	Erudito	ACTIVE	MASCULINO	0		
NPC_2828	Wilak	Orinthal	Crystalia	-2	Mago	Mago de Crystalia. Conhecido por interações cotidianas, pedidos, rumores e possibilidades de relacionamento.	25	Mago	ACTIVE	FEMININO	0		
NPC_2829	Alind	Valkyrion	Volmeria	-1	Carroceiro	Carroceiro de Volmeria. Conhecido por interações cotidianas, pedidos, rumores e possibilidades de relacionamento.	42	Carroceiro	ACTIVE	MASCULINO	0		
NPC_2830	Corethb	Aeloria	Lorwynne	0	Caçador	Caçador de Lorwynne. Conhecido por interações cotidianas, pedidos, rumores e possibilidades de relacionamento.	59	Caçador	ACTIVE	FEMININO	0		
NPC_2831	Feriath	Zarim	Fornalia	1	Sentinela	Sentinela de Fornalia. Conhecido por interações cotidianas, pedidos, rumores e possibilidades de relacionamento.	76	Sentinela	ACTIVE	MASCULINO	0		
NPC_2832	Iriaa	Eshmara	Brumas	2	Criador de animais	Criador de animais de Brumas. Conhecido por interações cotidianas, pedidos, rumores e possibilidades de relacionamento.	30	Criador de animais	ACTIVE	FEMININO	0		
NPC_2833	Liainl	Tharun	Stone-Âmbar	3	Bardo	Bardo de Stone-Âmbar. Conhecido por interações cotidianas, pedidos, rumores e possibilidades de relacionamento.	47	Bardo	ACTIVE	MASCULINO	0		
NPC_2834	Oliethr	Lyrien	Aerocivitus	4	Guarda	Guarda de Aerocivitus. Conhecido por interações cotidianas, pedidos, rumores e possibilidades de relacionamento.	64	Guarda	ACTIVE	FEMININO	0		
NPC_2835	Toriav	Kethruun	Sandbones	-2	Camponês	Camponês de Sandbones. Conhecido por interações cotidianas, pedidos, rumores e possibilidades de relacionamento.	18	Camponês	ACTIVE	MASCULINO	0		
NPC_2836	Ysaas	Nyssara	Emerald Tide	-1	Clérigo	Clérigo de Emerald Tide. Conhecido por interações cotidianas, pedidos, rumores e possibilidades de relacionamento.	35	Clérigo	ACTIVE	FEMININO	0		
NPC_2837	Arint	Myrthos	Sem nome definido	0	Valaryn	Valaryn de Sem nome definido. Conhecido por interações cotidianas, pedidos, rumores e possibilidades de relacionamento.	52	Valaryn	ACTIVE	MASCULINO	0		
NPC_2838	Daethm	Orinthal	Crystalia	1	Artesão	Artesão de Crystalia. Conhecido por interações cotidianas, pedidos, rumores e possibilidades de relacionamento.	69	Artesão	ACTIVE	FEMININO	0		
NPC_2839	Galian	Valkyrion	Volmeria	2	Curandeiro	Curandeiro de Volmeria. Conhecido por interações cotidianas, pedidos, rumores e possibilidades de relacionamento.	23	Curandeiro	ACTIVE	MASCULINO	0		
NPC_2840	Jonak	Aeloria	Frostmere	3	Aventureiro	Aventureiro de Frostmere. Conhecido por interações cotidianas, pedidos, rumores e possibilidades de relacionamento.	40	Aventureiro	ACTIVE	FEMININO	0		
NPC_2841	Marind	Zarim	Fornalia	4	Estudante	Estudante de Fornalia. Conhecido por interações cotidianas, pedidos, rumores e possibilidades de relacionamento.	57	Estudante	ACTIVE	MASCULINO	0		
NPC_2842	Renethb	Eshmara	Brumas	-2	Mercador	Mercador de Brumas. Conhecido por interações cotidianas, pedidos, rumores e possibilidades de relacionamento.	74	Mercador	ACTIVE	FEMININO	0		
NPC_2843	Vioiath	Tharun	Stone-Âmbar	-1	Pesquisador	Pesquisador de Stone-Âmbar. Conhecido por interações cotidianas, pedidos, rumores e possibilidades de relacionamento.	28	Pesquisador	ACTIVE	MASCULINO	0		
NPC_2844	Zanaa	Lyrien	Aerocivitus	0	Navegador	Navegador de Aerocivitus. Conhecido por interações cotidianas, pedidos, rumores e possibilidades de relacionamento.	45	Navegador	ACTIVE	FEMININO	0		
NPC_2845	Belinl	Kethruun	Sandbones	1	Ferreiro	Ferreiro de Sandbones. Conhecido por interações cotidianas, pedidos, rumores e possibilidades de relacionamento.	62	Ferreiro	ACTIVE	MASCULINO	0		
NPC_2846	Eliethr	Nyssara	Emerald Tide	2	Mensageiro	Mensageiro de Emerald Tide. Conhecido por interações cotidianas, pedidos, rumores e possibilidades de relacionamento.	79	Mensageiro	ACTIVE	FEMININO	0		
NPC_2847	Heliav	Myrthos	Sem nome definido	3	Erudito	Erudito de Sem nome definido. Conhecido por interações cotidianas, pedidos, rumores e possibilidades de relacionamento.	33	Erudito	ACTIVE	MASCULINO	0		
NPC_2848	Kaas	Orinthal	Crystalia	4	Mago	Mago de Crystalia. Conhecido por interações cotidianas, pedidos, rumores e possibilidades de relacionamento.	50	Mago	ACTIVE	FEMININO	0		
NPC_2849	Nerint	Valkyrion	Volmeria	-2	Carroceiro	Carroceiro de Volmeria. Conhecido por interações cotidianas, pedidos, rumores e possibilidades de relacionamento.	67	Carroceiro	ACTIVE	MASCULINO	0		
NPC_2850	Selethm	Aeloria	Zorathen	-1	Caçador	Caçador de Zorathen. Conhecido por interações cotidianas, pedidos, rumores e possibilidades de relacionamento.	21	Caçador	ACTIVE	FEMININO	0		
NPC_2851	Wilian	Zarim	Fornalia	0	Sentinela	Sentinela de Fornalia. Conhecido por interações cotidianas, pedidos, rumores e possibilidades de relacionamento.	38	Sentinela	ACTIVE	MASCULINO	0		
NPC_2852	Alak	Eshmara	Brumas	1	Criador de animais	Criador de animais de Brumas. Conhecido por interações cotidianas, pedidos, rumores e possibilidades de relacionamento.	55	Criador de animais	ACTIVE	FEMININO	0		
NPC_2853	Corind	Tharun	Stone-Âmbar	2	Bardo	Bardo de Stone-Âmbar. Conhecido por interações cotidianas, pedidos, rumores e possibilidades de relacionamento.	72	Bardo	ACTIVE	MASCULINO	0		
NPC_2854	Ferethb	Lyrien	Aerocivitus	3	Guarda	Guarda de Aerocivitus. Conhecido por interações cotidianas, pedidos, rumores e possibilidades de relacionamento.	26	Guarda	ACTIVE	FEMININO	0		
NPC_2855	Iriiath	Kethruun	Sandbones	4	Camponês	Camponês de Sandbones. Conhecido por interações cotidianas, pedidos, rumores e possibilidades de relacionamento.	43	Camponês	ACTIVE	MASCULINO	0		
NPC_2856	Liaaa	Nyssara	Emerald Tide	-2	Clérigo	Clérigo de Emerald Tide. Conhecido por interações cotidianas, pedidos, rumores e possibilidades de relacionamento.	60	Clérigo	ACTIVE	FEMININO	0		
NPC_2857	Oliinl	Myrthos	Sem nome definido	-1	Valaryn	Valaryn de Sem nome definido. Conhecido por interações cotidianas, pedidos, rumores e possibilidades de relacionamento.	77	Valaryn	ACTIVE	MASCULINO	0		
NPC_2858	Torethr	Orinthal	Crystalia	0	Artesão	Artesão de Crystalia. Conhecido por interações cotidianas, pedidos, rumores e possibilidades de relacionamento.	31	Artesão	ACTIVE	FEMININO	0		
NPC_2859	Ysaiav	Valkyrion	Volmeria	1	Curandeiro	Curandeiro de Volmeria. Conhecido por interações cotidianas, pedidos, rumores e possibilidades de relacionamento.	48	Curandeiro	ACTIVE	MASCULINO	0		
NPC_2860	Aras	Aeloria	Thornmere	2	Aventureiro	Aventureiro de Thornmere. Conhecido por interações cotidianas, pedidos, rumores e possibilidades de relacionamento.	65	Aventureiro	ACTIVE	FEMININO	0		
NPC_2861	Daint	Zarim	Fornalia	3	Estudante	Estudante de Fornalia. Conhecido por interações cotidianas, pedidos, rumores e possibilidades de relacionamento.	19	Estudante	ACTIVE	MASCULINO	0		
NPC_2862	Galethm	Eshmara	Brumas	4	Mercador	Mercador de Brumas. Conhecido por interações cotidianas, pedidos, rumores e possibilidades de relacionamento.	36	Mercador	ACTIVE	FEMININO	0		
NPC_2863	Jonian	Tharun	Stone-Âmbar	-2	Pesquisador	Pesquisador de Stone-Âmbar. Conhecido por interações cotidianas, pedidos, rumores e possibilidades de relacionamento.	53	Pesquisador	ACTIVE	MASCULINO	0		
NPC_2864	Marak	Lyrien	Aerocivitus	-1	Navegador	Navegador de Aerocivitus. Conhecido por interações cotidianas, pedidos, rumores e possibilidades de relacionamento.	70	Navegador	ACTIVE	FEMININO	0		
NPC_2865	Renind	Kethruun	Sandbones	0	Ferreiro	Ferreiro de Sandbones. Conhecido por interações cotidianas, pedidos, rumores e possibilidades de relacionamento.	24	Ferreiro	ACTIVE	MASCULINO	0		
NPC_2866	Vioethb	Nyssara	Emerald Tide	1	Mensageiro	Mensageiro de Emerald Tide. Conhecido por interações cotidianas, pedidos, rumores e possibilidades de relacionamento.	41	Mensageiro	ACTIVE	FEMININO	0		
NPC_2867	Zaniath	Myrthos	Sem nome definido	2	Erudito	Erudito de Sem nome definido. Conhecido por interações cotidianas, pedidos, rumores e possibilidades de relacionamento.	58	Erudito	ACTIVE	MASCULINO	0		
NPC_2868	Belaa	Orinthal	Crystalia	3	Mago	Mago de Crystalia. Conhecido por interações cotidianas, pedidos, rumores e possibilidades de relacionamento.	75	Mago	ACTIVE	FEMININO	0		
NPC_2869	Eliinl	Valkyrion	Volmeria	4	Carroceiro	Carroceiro de Volmeria. Conhecido por interações cotidianas, pedidos, rumores e possibilidades de relacionamento.	29	Carroceiro	ACTIVE	MASCULINO	0		
NPC_2870	Helethr	Aeloria	Norhaven	-2	Caçador	Caçador de Norhaven. Conhecido por interações cotidianas, pedidos, rumores e possibilidades de relacionamento.	46	Caçador	ACTIVE	FEMININO	0		
NPC_2871	Kaiav	Zarim	Fornalia	-1	Sentinela	Sentinela de Fornalia. Conhecido por interações cotidianas, pedidos, rumores e possibilidades de relacionamento.	63	Sentinela	ACTIVE	MASCULINO	0		
NPC_2872	Neras	Eshmara	Brumas	0	Criador de animais	Criador de animais de Brumas. Conhecido por interações cotidianas, pedidos, rumores e possibilidades de relacionamento.	80	Criador de animais	ACTIVE	FEMININO	0		
NPC_2873	Selint	Tharun	Stone-Âmbar	1	Bardo	Bardo de Stone-Âmbar. Conhecido por interações cotidianas, pedidos, rumores e possibilidades de relacionamento.	34	Bardo	ACTIVE	MASCULINO	0		
NPC_2874	Wilethm	Lyrien	Aerocivitus	2	Guarda	Guarda de Aerocivitus. Conhecido por interações cotidianas, pedidos, rumores e possibilidades de relacionamento.	51	Guarda	ACTIVE	FEMININO	0		
NPC_2875	Alian	Kethruun	Sandbones	3	Camponês	Camponês de Sandbones. Conhecido por interações cotidianas, pedidos, rumores e possibilidades de relacionamento.	68	Camponês	ACTIVE	MASCULINO	0		
NPC_2876	Corak	Nyssara	Emerald Tide	4	Clérigo	Clérigo de Emerald Tide. Conhecido por interações cotidianas, pedidos, rumores e possibilidades de relacionamento.	22	Clérigo	ACTIVE	FEMININO	0		
NPC_2877	Ferind	Myrthos	Sem nome definido	-2	Valaryn	Valaryn de Sem nome definido. Conhecido por interações cotidianas, pedidos, rumores e possibilidades de relacionamento.	39	Valaryn	ACTIVE	MASCULINO	0		
NPC_2878	Iriethb	Orinthal	Crystalia	-1	Artesão	Artesão de Crystalia. Conhecido por interações cotidianas, pedidos, rumores e possibilidades de relacionamento.	56	Artesão	ACTIVE	FEMININO	0		
NPC_2879	Liaiath	Valkyrion	Volmeria	0	Curandeiro	Curandeiro de Volmeria. Conhecido por interações cotidianas, pedidos, rumores e possibilidades de relacionamento.	73	Curandeiro	ACTIVE	MASCULINO	0		
NPC_2880	Oliaa	Aeloria	Hallowspire	1	Aventureiro	Aventureiro de Hallowspire. Conhecido por interações cotidianas, pedidos, rumores e possibilidades de relacionamento.	27	Aventureiro	ACTIVE	FEMININO	0		
NPC_2881	Torinl	Zarim	Fornalia	2	Estudante	Estudante de Fornalia. Conhecido por interações cotidianas, pedidos, rumores e possibilidades de relacionamento.	44	Estudante	ACTIVE	MASCULINO	0		
NPC_2882	Ysaethr	Eshmara	Brumas	3	Mercador	Mercador de Brumas. Conhecido por interações cotidianas, pedidos, rumores e possibilidades de relacionamento.	61	Mercador	ACTIVE	FEMININO	0		
NPC_2883	Ariav	Tharun	Stone-Âmbar	4	Pesquisador	Pesquisador de Stone-Âmbar. Conhecido por interações cotidianas, pedidos, rumores e possibilidades de relacionamento.	78	Pesquisador	ACTIVE	MASCULINO	0		
NPC_2884	Daas	Lyrien	Aerocivitus	-2	Navegador	Navegador de Aerocivitus. Conhecido por interações cotidianas, pedidos, rumores e possibilidades de relacionamento.	32	Navegador	ACTIVE	FEMININO	0		
NPC_2885	Galint	Kethruun	Sandbones	-1	Ferreiro	Ferreiro de Sandbones. Conhecido por interações cotidianas, pedidos, rumores e possibilidades de relacionamento.	49	Ferreiro	ACTIVE	MASCULINO	0		
NPC_2886	Jonethm	Nyssara	Emerald Tide	0	Mensageiro	Mensageiro de Emerald Tide. Conhecido por interações cotidianas, pedidos, rumores e possibilidades de relacionamento.	66	Mensageiro	ACTIVE	FEMININO	0		
NPC_2887	Marian	Myrthos	Sem nome definido	1	Erudito	Erudito de Sem nome definido. Conhecido por interações cotidianas, pedidos, rumores e possibilidades de relacionamento.	20	Erudito	ACTIVE	MASCULINO	0		
NPC_2888	Renak	Orinthal	Crystalia	2	Mago	Mago de Crystalia. Conhecido por interações cotidianas, pedidos, rumores e possibilidades de relacionamento.	37	Mago	ACTIVE	FEMININO	0		
NPC_2889	Vioind	Valkyrion	Volmeria	3	Carroceiro	Carroceiro de Volmeria. Conhecido por interações cotidianas, pedidos, rumores e possibilidades de relacionamento.	54	Carroceiro	ACTIVE	MASCULINO	0		
NPC_2890	Zanethb	Aeloria	Brighthollow	4	Caçador	Caçador de Brighthollow. Conhecido por interações cotidianas, pedidos, rumores e possibilidades de relacionamento.	71	Caçador	ACTIVE	FEMININO	0		
NPC_2891	Beliath	Zarim	Fornalia	-2	Sentinela	Sentinela de Fornalia. Conhecido por interações cotidianas, pedidos, rumores e possibilidades de relacionamento.	25	Sentinela	ACTIVE	MASCULINO	0		
NPC_2892	Eliaa	Eshmara	Brumas	-1	Criador de animais	Criador de animais de Brumas. Conhecido por interações cotidianas, pedidos, rumores e possibilidades de relacionamento.	42	Criador de animais	ACTIVE	FEMININO	0		
NPC_2893	Helinl	Tharun	Stone-Âmbar	0	Bardo	Bardo de Stone-Âmbar. Conhecido por interações cotidianas, pedidos, rumores e possibilidades de relacionamento.	59	Bardo	ACTIVE	MASCULINO	0		
NPC_2894	Kaethr	Lyrien	Aerocivitus	1	Guarda	Guarda de Aerocivitus. Conhecido por interações cotidianas, pedidos, rumores e possibilidades de relacionamento.	76	Guarda	ACTIVE	FEMININO	0		
NPC_2895	Neriav	Kethruun	Sandbones	2	Camponês	Camponês de Sandbones. Conhecido por interações cotidianas, pedidos, rumores e possibilidades de relacionamento.	30	Camponês	ACTIVE	MASCULINO	0		
NPC_2896	Selas	Nyssara	Emerald Tide	3	Clérigo	Clérigo de Emerald Tide. Conhecido por interações cotidianas, pedidos, rumores e possibilidades de relacionamento.	47	Clérigo	ACTIVE	FEMININO	0		
NPC_2897	Wilint	Myrthos	Sem nome definido	4	Valaryn	Valaryn de Sem nome definido. Conhecido por interações cotidianas, pedidos, rumores e possibilidades de relacionamento.	64	Valaryn	ACTIVE	MASCULINO	0		
NPC_2898	Alethm	Orinthal	Crystalia	-2	Artesão	Artesão de Crystalia. Conhecido por interações cotidianas, pedidos, rumores e possibilidades de relacionamento.	18	Artesão	ACTIVE	FEMININO	0		
NPC_2899	Corian	Valkyrion	Volmeria	-1	Curandeiro	Curandeiro de Volmeria. Conhecido por interações cotidianas, pedidos, rumores e possibilidades de relacionamento.	35	Curandeiro	ACTIVE	MASCULINO	0		
NPC_2900	Ferak	Aeloria	Valdora	0	Aventureiro	Aventureiro de Valdora. Conhecido por interações cotidianas, pedidos, rumores e possibilidades de relacionamento.	52	Aventureiro	ACTIVE	FEMININO	0		
NPC_2901	Iriind	Zarim	Fornalia	1	Estudante	Estudante de Fornalia. Conhecido por interações cotidianas, pedidos, rumores e possibilidades de relacionamento.	69	Estudante	ACTIVE	MASCULINO	0		
NPC_2902	Liaethb	Eshmara	Brumas	2	Mercador	Mercador de Brumas. Conhecido por interações cotidianas, pedidos, rumores e possibilidades de relacionamento.	23	Mercador	ACTIVE	FEMININO	0		
NPC_2903	Oliiath	Tharun	Stone-Âmbar	3	Pesquisador	Pesquisador de Stone-Âmbar. Conhecido por interações cotidianas, pedidos, rumores e possibilidades de relacionamento.	40	Pesquisador	ACTIVE	MASCULINO	0		
NPC_2904	Toraa	Lyrien	Aerocivitus	4	Navegador	Navegador de Aerocivitus. Conhecido por interações cotidianas, pedidos, rumores e possibilidades de relacionamento.	57	Navegador	ACTIVE	FEMININO	0		
NPC_2905	Ysainl	Kethruun	Sandbones	-2	Ferreiro	Ferreiro de Sandbones. Conhecido por interações cotidianas, pedidos, rumores e possibilidades de relacionamento.	74	Ferreiro	ACTIVE	MASCULINO	0		
NPC_2906	Arethr	Nyssara	Emerald Tide	-1	Mensageiro	Mensageiro de Emerald Tide. Conhecido por interações cotidianas, pedidos, rumores e possibilidades de relacionamento.	28	Mensageiro	ACTIVE	FEMININO	0		
NPC_2907	Daiav	Myrthos	Sem nome definido	0	Erudito	Erudito de Sem nome definido. Conhecido por interações cotidianas, pedidos, rumores e possibilidades de relacionamento.	45	Erudito	ACTIVE	MASCULINO	0		
NPC_2908	Galas	Orinthal	Crystalia	1	Mago	Mago de Crystalia. Conhecido por interações cotidianas, pedidos, rumores e possibilidades de relacionamento.	62	Mago	ACTIVE	FEMININO	0		
NPC_2909	Jonint	Valkyrion	Volmeria	2	Carroceiro	Carroceiro de Volmeria. Conhecido por interações cotidianas, pedidos, rumores e possibilidades de relacionamento.	79	Carroceiro	ACTIVE	MASCULINO	0		
NPC_2910	Marethm	Aeloria	Verdralith	3	Caçador	Caçador de Verdralith. Conhecido por interações cotidianas, pedidos, rumores e possibilidades de relacionamento.	33	Caçador	ACTIVE	FEMININO	0		
NPC_2911	Renian	Zarim	Fornalia	4	Sentinela	Sentinela de Fornalia. Conhecido por interações cotidianas, pedidos, rumores e possibilidades de relacionamento.	50	Sentinela	ACTIVE	MASCULINO	0		
NPC_2912	Vioak	Eshmara	Brumas	-2	Criador de animais	Criador de animais de Brumas. Conhecido por interações cotidianas, pedidos, rumores e possibilidades de relacionamento.	67	Criador de animais	ACTIVE	FEMININO	0		
NPC_2913	Zanind	Tharun	Stone-Âmbar	-1	Bardo	Bardo de Stone-Âmbar. Conhecido por interações cotidianas, pedidos, rumores e possibilidades de relacionamento.	21	Bardo	ACTIVE	MASCULINO	0		
NPC_2914	Belethb	Lyrien	Aerocivitus	0	Guarda	Guarda de Aerocivitus. Conhecido por interações cotidianas, pedidos, rumores e possibilidades de relacionamento.	38	Guarda	ACTIVE	FEMININO	0		
NPC_2915	Eliiath	Kethruun	Sandbones	1	Camponês	Camponês de Sandbones. Conhecido por interações cotidianas, pedidos, rumores e possibilidades de relacionamento.	55	Camponês	ACTIVE	MASCULINO	0		
NPC_2916	Helaa	Nyssara	Emerald Tide	2	Clérigo	Clérigo de Emerald Tide. Conhecido por interações cotidianas, pedidos, rumores e possibilidades de relacionamento.	72	Clérigo	ACTIVE	FEMININO	0		
NPC_2917	Kainl	Myrthos	Sem nome definido	3	Valaryn	Valaryn de Sem nome definido. Conhecido por interações cotidianas, pedidos, rumores e possibilidades de relacionamento.	26	Valaryn	ACTIVE	MASCULINO	0		
NPC_2918	Nerethr	Orinthal	Crystalia	4	Artesão	Artesão de Crystalia. Conhecido por interações cotidianas, pedidos, rumores e possibilidades de relacionamento.	43	Artesão	ACTIVE	FEMININO	0		
NPC_2919	Seliav	Valkyrion	Volmeria	-2	Curandeiro	Curandeiro de Volmeria. Conhecido por interações cotidianas, pedidos, rumores e possibilidades de relacionamento.	60	Curandeiro	ACTIVE	MASCULINO	0		
NPC_2920	Wilas	Aeloria	Prismere	-1	Aventureiro	Aventureiro de Prismere. Conhecido por interações cotidianas, pedidos, rumores e possibilidades de relacionamento.	77	Aventureiro	ACTIVE	FEMININO	0		
NPC_2921	Alint	Zarim	Fornalia	0	Estudante	Estudante de Fornalia. Conhecido por interações cotidianas, pedidos, rumores e possibilidades de relacionamento.	31	Estudante	ACTIVE	MASCULINO	0		
NPC_2922	Corethm	Eshmara	Brumas	1	Mercador	Mercador de Brumas. Conhecido por interações cotidianas, pedidos, rumores e possibilidades de relacionamento.	48	Mercador	ACTIVE	FEMININO	0		
NPC_2923	Ferian	Tharun	Stone-Âmbar	2	Pesquisador	Pesquisador de Stone-Âmbar. Conhecido por interações cotidianas, pedidos, rumores e possibilidades de relacionamento.	65	Pesquisador	ACTIVE	MASCULINO	0		
NPC_2924	Iriak	Lyrien	Aerocivitus	3	Navegador	Navegador de Aerocivitus. Conhecido por interações cotidianas, pedidos, rumores e possibilidades de relacionamento.	19	Navegador	ACTIVE	FEMININO	0		
NPC_2925	Liaind	Kethruun	Sandbones	4	Ferreiro	Ferreiro de Sandbones. Conhecido por interações cotidianas, pedidos, rumores e possibilidades de relacionamento.	36	Ferreiro	ACTIVE	MASCULINO	0		
NPC_2926	Oliethb	Nyssara	Emerald Tide	-2	Mensageiro	Mensageiro de Emerald Tide. Conhecido por interações cotidianas, pedidos, rumores e possibilidades de relacionamento.	53	Mensageiro	ACTIVE	FEMININO	0		
NPC_2927	Toriath	Myrthos	Sem nome definido	-1	Erudito	Erudito de Sem nome definido. Conhecido por interações cotidianas, pedidos, rumores e possibilidades de relacionamento.	70	Erudito	ACTIVE	MASCULINO	0		
NPC_2928	Ysaaa	Orinthal	Crystalia	0	Mago	Mago de Crystalia. Conhecido por interações cotidianas, pedidos, rumores e possibilidades de relacionamento.	24	Mago	ACTIVE	FEMININO	0		
NPC_2929	Arinl	Valkyrion	Volmeria	1	Carroceiro	Carroceiro de Volmeria. Conhecido por interações cotidianas, pedidos, rumores e possibilidades de relacionamento.	41	Carroceiro	ACTIVE	MASCULINO	0		
NPC_2930	Daethr	Aeloria	Jorwyn	2	Caçador	Caçador de Jorwyn. Conhecido por interações cotidianas, pedidos, rumores e possibilidades de relacionamento.	58	Caçador	ACTIVE	FEMININO	0		
NPC_2931	Galiav	Zarim	Fornalia	3	Sentinela	Sentinela de Fornalia. Conhecido por interações cotidianas, pedidos, rumores e possibilidades de relacionamento.	75	Sentinela	ACTIVE	MASCULINO	0		
NPC_2932	Jonas	Eshmara	Brumas	4	Criador de animais	Criador de animais de Brumas. Conhecido por interações cotidianas, pedidos, rumores e possibilidades de relacionamento.	29	Criador de animais	ACTIVE	FEMININO	0		
NPC_2933	Marint	Tharun	Stone-Âmbar	-2	Bardo	Bardo de Stone-Âmbar. Conhecido por interações cotidianas, pedidos, rumores e possibilidades de relacionamento.	46	Bardo	ACTIVE	MASCULINO	0		
NPC_2934	Renethm	Lyrien	Aerocivitus	-1	Guarda	Guarda de Aerocivitus. Conhecido por interações cotidianas, pedidos, rumores e possibilidades de relacionamento.	63	Guarda	ACTIVE	FEMININO	0		
NPC_2935	Vioian	Kethruun	Sandbones	0	Camponês	Camponês de Sandbones. Conhecido por interações cotidianas, pedidos, rumores e possibilidades de relacionamento.	80	Camponês	ACTIVE	MASCULINO	0		
NPC_2936	Zanak	Nyssara	Emerald Tide	1	Clérigo	Clérigo de Emerald Tide. Conhecido por interações cotidianas, pedidos, rumores e possibilidades de relacionamento.	34	Clérigo	ACTIVE	FEMININO	0		
NPC_2937	Belind	Myrthos	Sem nome definido	2	Valaryn	Valaryn de Sem nome definido. Conhecido por interações cotidianas, pedidos, rumores e possibilidades de relacionamento.	51	Valaryn	ACTIVE	MASCULINO	0		
NPC_2938	Eliethb	Orinthal	Crystalia	3	Artesão	Artesão de Crystalia. Conhecido por interações cotidianas, pedidos, rumores e possibilidades de relacionamento.	68	Artesão	ACTIVE	FEMININO	0		
NPC_2939	Heliath	Valkyrion	Volmeria	4	Curandeiro	Curandeiro de Volmeria. Conhecido por interações cotidianas, pedidos, rumores e possibilidades de relacionamento.	22	Curandeiro	ACTIVE	MASCULINO	0		
NPC_2940	Kaaa	Aeloria	Dawnspire	-2	Aventureiro	Aventureiro de Dawnspire. Conhecido por interações cotidianas, pedidos, rumores e possibilidades de relacionamento.	39	Aventureiro	ACTIVE	FEMININO	0		
NPC_2941	Nerinl	Zarim	Fornalia	-1	Estudante	Estudante de Fornalia. Conhecido por interações cotidianas, pedidos, rumores e possibilidades de relacionamento.	56	Estudante	ACTIVE	MASCULINO	0		
NPC_2942	Selethr	Eshmara	Brumas	0	Mercador	Mercador de Brumas. Conhecido por interações cotidianas, pedidos, rumores e possibilidades de relacionamento.	73	Mercador	ACTIVE	FEMININO	0		
NPC_2943	Wiliav	Tharun	Stone-Âmbar	1	Pesquisador	Pesquisador de Stone-Âmbar. Conhecido por interações cotidianas, pedidos, rumores e possibilidades de relacionamento.	27	Pesquisador	ACTIVE	MASCULINO	0		
NPC_2944	Alas	Lyrien	Aerocivitus	2	Navegador	Navegador de Aerocivitus. Conhecido por interações cotidianas, pedidos, rumores e possibilidades de relacionamento.	44	Navegador	ACTIVE	FEMININO	0		
NPC_2945	Corint	Kethruun	Sandbones	3	Ferreiro	Ferreiro de Sandbones. Conhecido por interações cotidianas, pedidos, rumores e possibilidades de relacionamento.	61	Ferreiro	ACTIVE	MASCULINO	0		
NPC_2946	Ferethm	Nyssara	Emerald Tide	4	Mensageiro	Mensageiro de Emerald Tide. Conhecido por interações cotidianas, pedidos, rumores e possibilidades de relacionamento.	78	Mensageiro	ACTIVE	FEMININO	0		
NPC_2947	Iriian	Myrthos	Sem nome definido	-2	Erudito	Erudito de Sem nome definido. Conhecido por interações cotidianas, pedidos, rumores e possibilidades de relacionamento.	32	Erudito	ACTIVE	MASCULINO	0		
NPC_2948	Liaak	Orinthal	Crystalia	-1	Mago	Mago de Crystalia. Conhecido por interações cotidianas, pedidos, rumores e possibilidades de relacionamento.	49	Mago	ACTIVE	FEMININO	0		
NPC_2949	Oliind	Valkyrion	Volmeria	0	Carroceiro	Carroceiro de Volmeria. Conhecido por interações cotidianas, pedidos, rumores e possibilidades de relacionamento.	66	Carroceiro	ACTIVE	MASCULINO	0		
NPC_2950	Torethb	Aeloria	Xandralor	1	Caçador	Caçador de Xandralor. Conhecido por interações cotidianas, pedidos, rumores e possibilidades de relacionamento.	20	Caçador	ACTIVE	FEMININO	0		
NPC_2951	Ysaiath	Zarim	Fornalia	2	Sentinela	Sentinela de Fornalia. Conhecido por interações cotidianas, pedidos, rumores e possibilidades de relacionamento.	37	Sentinela	ACTIVE	MASCULINO	0		
NPC_2952	Araa	Eshmara	Brumas	3	Criador de animais	Criador de animais de Brumas. Conhecido por interações cotidianas, pedidos, rumores e possibilidades de relacionamento.	54	Criador de animais	ACTIVE	FEMININO	0		
NPC_2953	Dainl	Tharun	Stone-Âmbar	4	Bardo	Bardo de Stone-Âmbar. Conhecido por interações cotidianas, pedidos, rumores e possibilidades de relacionamento.	71	Bardo	ACTIVE	MASCULINO	0		
NPC_2954	Galethr	Lyrien	Aerocivitus	-2	Guarda	Guarda de Aerocivitus. Conhecido por interações cotidianas, pedidos, rumores e possibilidades de relacionamento.	25	Guarda	ACTIVE	FEMININO	0		
NPC_2955	Joniav	Kethruun	Sandbones	-1	Camponês	Camponês de Sandbones. Conhecido por interações cotidianas, pedidos, rumores e possibilidades de relacionamento.	42	Camponês	ACTIVE	MASCULINO	0		
NPC_2956	Maras	Nyssara	Emerald Tide	0	Clérigo	Clérigo de Emerald Tide. Conhecido por interações cotidianas, pedidos, rumores e possibilidades de relacionamento.	59	Clérigo	ACTIVE	FEMININO	0		
NPC_2957	Renint	Myrthos	Sem nome definido	1	Valaryn	Valaryn de Sem nome definido. Conhecido por interações cotidianas, pedidos, rumores e possibilidades de relacionamento.	76	Valaryn	ACTIVE	MASCULINO	0		
NPC_2958	Vioethm	Orinthal	Crystalia	2	Artesão	Artesão de Crystalia. Conhecido por interações cotidianas, pedidos, rumores e possibilidades de relacionamento.	30	Artesão	ACTIVE	FEMININO	0		
NPC_2959	Zanian	Valkyrion	Volmeria	3	Curandeiro	Curandeiro de Volmeria. Conhecido por interações cotidianas, pedidos, rumores e possibilidades de relacionamento.	47	Curandeiro	ACTIVE	MASCULINO	0		
NPC_2960	Belak	Aeloria	Rivenholt	4	Aventureiro	Aventureiro de Rivenholt. Conhecido por interações cotidianas, pedidos, rumores e possibilidades de relacionamento.	64	Aventureiro	ACTIVE	FEMININO	0		
NPC_2961	Eliind	Zarim	Fornalia	-2	Estudante	Estudante de Fornalia. Conhecido por interações cotidianas, pedidos, rumores e possibilidades de relacionamento.	18	Estudante	ACTIVE	MASCULINO	0		
NPC_2962	Helethb	Eshmara	Brumas	-1	Mercador	Mercador de Brumas. Conhecido por interações cotidianas, pedidos, rumores e possibilidades de relacionamento.	35	Mercador	ACTIVE	FEMININO	0		
NPC_2963	Kaiath	Tharun	Stone-Âmbar	0	Pesquisador	Pesquisador de Stone-Âmbar. Conhecido por interações cotidianas, pedidos, rumores e possibilidades de relacionamento.	52	Pesquisador	ACTIVE	MASCULINO	0		
NPC_2964	Neraa	Lyrien	Aerocivitus	1	Navegador	Navegador de Aerocivitus. Conhecido por interações cotidianas, pedidos, rumores e possibilidades de relacionamento.	69	Navegador	ACTIVE	FEMININO	0		
NPC_2965	Selinl	Kethruun	Sandbones	2	Ferreiro	Ferreiro de Sandbones. Conhecido por interações cotidianas, pedidos, rumores e possibilidades de relacionamento.	23	Ferreiro	ACTIVE	MASCULINO	0		
NPC_2966	Wilethr	Nyssara	Emerald Tide	3	Mensageiro	Mensageiro de Emerald Tide. Conhecido por interações cotidianas, pedidos, rumores e possibilidades de relacionamento.	40	Mensageiro	ACTIVE	FEMININO	0		
NPC_2967	Aliav	Myrthos	Sem nome definido	4	Erudito	Erudito de Sem nome definido. Conhecido por interações cotidianas, pedidos, rumores e possibilidades de relacionamento.	57	Erudito	ACTIVE	MASCULINO	0		
NPC_2968	Coras	Orinthal	Crystalia	-2	Mago	Mago de Crystalia. Conhecido por interações cotidianas, pedidos, rumores e possibilidades de relacionamento.	74	Mago	ACTIVE	FEMININO	0		
NPC_2969	Ferint	Valkyrion	Volmeria	-1	Carroceiro	Carroceiro de Volmeria. Conhecido por interações cotidianas, pedidos, rumores e possibilidades de relacionamento.	28	Carroceiro	ACTIVE	MASCULINO	0		
NPC_2970	Iriethm	Aeloria	Loryndor	0	Caçador	Caçador de Loryndor. Conhecido por interações cotidianas, pedidos, rumores e possibilidades de relacionamento.	45	Caçador	ACTIVE	FEMININO	0		
NPC_2971	Liaian	Zarim	Fornalia	1	Sentinela	Sentinela de Fornalia. Conhecido por interações cotidianas, pedidos, rumores e possibilidades de relacionamento.	62	Sentinela	ACTIVE	MASCULINO	0		
NPC_2972	Oliak	Eshmara	Brumas	2	Criador de animais	Criador de animais de Brumas. Conhecido por interações cotidianas, pedidos, rumores e possibilidades de relacionamento.	79	Criador de animais	ACTIVE	FEMININO	0		
NPC_2973	Torind	Tharun	Stone-Âmbar	3	Bardo	Bardo de Stone-Âmbar. Conhecido por interações cotidianas, pedidos, rumores e possibilidades de relacionamento.	33	Bardo	ACTIVE	MASCULINO	0		
NPC_2974	Ysaethb	Lyrien	Aerocivitus	4	Guarda	Guarda de Aerocivitus. Conhecido por interações cotidianas, pedidos, rumores e possibilidades de relacionamento.	50	Guarda	ACTIVE	FEMININO	0		
NPC_2975	Ariath	Kethruun	Sandbones	-2	Camponês	Camponês de Sandbones. Conhecido por interações cotidianas, pedidos, rumores e possibilidades de relacionamento.	67	Camponês	ACTIVE	MASCULINO	0		
NPC_2976	Daaa	Nyssara	Emerald Tide	-1	Clérigo	Clérigo de Emerald Tide. Conhecido por interações cotidianas, pedidos, rumores e possibilidades de relacionamento.	21	Clérigo	ACTIVE	FEMININO	0		
NPC_2977	Galinl	Myrthos	Sem nome definido	0	Valaryn	Valaryn de Sem nome definido. Conhecido por interações cotidianas, pedidos, rumores e possibilidades de relacionamento.	38	Valaryn	ACTIVE	MASCULINO	0		
NPC_2978	Jonethr	Orinthal	Crystalia	1	Artesão	Artesão de Crystalia. Conhecido por interações cotidianas, pedidos, rumores e possibilidades de relacionamento.	55	Artesão	ACTIVE	FEMININO	0		
NPC_2979	Mariav	Valkyrion	Volmeria	2	Curandeiro	Curandeiro de Volmeria. Conhecido por interações cotidianas, pedidos, rumores e possibilidades de relacionamento.	72	Curandeiro	ACTIVE	MASCULINO	0		
NPC_2980	Renas	Aeloria	Fenndral	3	Aventureiro	Aventureiro de Fenndral. Conhecido por interações cotidianas, pedidos, rumores e possibilidades de relacionamento.	26	Aventureiro	ACTIVE	FEMININO	0		
NPC_2981	Vioint	Zarim	Fornalia	4	Estudante	Estudante de Fornalia. Conhecido por interações cotidianas, pedidos, rumores e possibilidades de relacionamento.	43	Estudante	ACTIVE	MASCULINO	0		
NPC_2982	Zanethm	Eshmara	Brumas	-2	Mercador	Mercador de Brumas. Conhecido por interações cotidianas, pedidos, rumores e possibilidades de relacionamento.	60	Mercador	ACTIVE	FEMININO	0		
NPC_2983	Belian	Tharun	Stone-Âmbar	-1	Pesquisador	Pesquisador de Stone-Âmbar. Conhecido por interações cotidianas, pedidos, rumores e possibilidades de relacionamento.	77	Pesquisador	ACTIVE	MASCULINO	0		
NPC_2984	Eliak	Lyrien	Aerocivitus	0	Navegador	Navegador de Aerocivitus. Conhecido por interações cotidianas, pedidos, rumores e possibilidades de relacionamento.	31	Navegador	ACTIVE	FEMININO	0		
NPC_2985	Helind	Kethruun	Sandbones	1	Ferreiro	Ferreiro de Sandbones. Conhecido por interações cotidianas, pedidos, rumores e possibilidades de relacionamento.	48	Ferreiro	ACTIVE	MASCULINO	0		
NPC_2986	Kaethb	Nyssara	Emerald Tide	2	Mensageiro	Mensageiro de Emerald Tide. Conhecido por interações cotidianas, pedidos, rumores e possibilidades de relacionamento.	65	Mensageiro	ACTIVE	FEMININO	0		
NPC_2987	Neriath	Myrthos	Sem nome definido	3	Erudito	Erudito de Sem nome definido. Conhecido por interações cotidianas, pedidos, rumores e possibilidades de relacionamento.	19	Erudito	ACTIVE	MASCULINO	0		
NPC_2988	Selaa	Orinthal	Crystalia	4	Mago	Mago de Crystalia. Conhecido por interações cotidianas, pedidos, rumores e possibilidades de relacionamento.	36	Mago	ACTIVE	FEMININO	0		
NPC_2989	Wilinl	Valkyrion	Volmeria	-2	Carroceiro	Carroceiro de Volmeria. Conhecido por interações cotidianas, pedidos, rumores e possibilidades de relacionamento.	53	Carroceiro	ACTIVE	MASCULINO	0		
NPC_2990	Alethr	Aeloria	Feyndral	-1	Caçador	Caçador de Feyndral. Conhecido por interações cotidianas, pedidos, rumores e possibilidades de relacionamento.	70	Caçador	ACTIVE	FEMININO	0		
NPC_2991	Coriav	Zarim	Fornalia	0	Sentinela	Sentinela de Fornalia. Conhecido por interações cotidianas, pedidos, rumores e possibilidades de relacionamento.	24	Sentinela	ACTIVE	MASCULINO	0		
NPC_2992	Feras	Eshmara	Brumas	1	Criador de animais	Criador de animais de Brumas. Conhecido por interações cotidianas, pedidos, rumores e possibilidades de relacionamento.	41	Criador de animais	ACTIVE	FEMININO	0		
NPC_2993	Iriint	Tharun	Stone-Âmbar	2	Bardo	Bardo de Stone-Âmbar. Conhecido por interações cotidianas, pedidos, rumores e possibilidades de relacionamento.	58	Bardo	ACTIVE	MASCULINO	0		
NPC_2994	Liaethm	Lyrien	Aerocivitus	3	Guarda	Guarda de Aerocivitus. Conhecido por interações cotidianas, pedidos, rumores e possibilidades de relacionamento.	75	Guarda	ACTIVE	FEMININO	0		
NPC_2995	Oliian	Kethruun	Sandbones	4	Camponês	Camponês de Sandbones. Conhecido por interações cotidianas, pedidos, rumores e possibilidades de relacionamento.	29	Camponês	ACTIVE	MASCULINO	0		
NPC_2996	Torak	Nyssara	Emerald Tide	-2	Clérigo	Clérigo de Emerald Tide. Conhecido por interações cotidianas, pedidos, rumores e possibilidades de relacionamento.	46	Clérigo	ACTIVE	FEMININO	0		
NPC_2997	Ysaind	Myrthos	Sem nome definido	-1	Valaryn	Valaryn de Sem nome definido. Conhecido por interações cotidianas, pedidos, rumores e possibilidades de relacionamento.	63	Valaryn	ACTIVE	MASCULINO	0		
NPC_2998	Arethb	Orinthal	Crystalia	0	Artesão	Artesão de Crystalia. Conhecido por interações cotidianas, pedidos, rumores e possibilidades de relacionamento.	80	Artesão	ACTIVE	FEMININO	0		
NPC_2999	Daiath	Valkyrion	Volmeria	1	Curandeiro	Curandeiro de Volmeria. Conhecido por interações cotidianas, pedidos, rumores e possibilidades de relacionamento.	34	Curandeiro	ACTIVE	MASCULINO	0		
NPC_3000	Galaa	Aeloria	Zephyrholt	2	Aventureiro	Aventureiro de Zephyrholt. Conhecido por interações cotidianas, pedidos, rumores e possibilidades de relacionamento.	51	Aventureiro	ACTIVE	FEMININO	0		
NPC_3001	Joninl	Zarim	Fornalia	3	Estudante	Estudante de Fornalia. Conhecido por interações cotidianas, pedidos, rumores e possibilidades de relacionamento.	68	Estudante	ACTIVE	MASCULINO	0		
NPC_3002	Marethr	Eshmara	Brumas	4	Mercador	Mercador de Brumas. Conhecido por interações cotidianas, pedidos, rumores e possibilidades de relacionamento.	22	Mercador	ACTIVE	FEMININO	0		
NPC_3003	Reniav	Tharun	Stone-Âmbar	-2	Pesquisador	Pesquisador de Stone-Âmbar. Conhecido por interações cotidianas, pedidos, rumores e possibilidades de relacionamento.	39	Pesquisador	ACTIVE	MASCULINO	0		
NPC_3004	Vioas	Lyrien	Aerocivitus	-1	Navegador	Navegador de Aerocivitus. Conhecido por interações cotidianas, pedidos, rumores e possibilidades de relacionamento.	56	Navegador	ACTIVE	FEMININO	0		
NPC_3005	Zanint	Kethruun	Sandbones	0	Ferreiro	Ferreiro de Sandbones. Conhecido por interações cotidianas, pedidos, rumores e possibilidades de relacionamento.	73	Ferreiro	ACTIVE	MASCULINO	0		
NPC_3006	Belethm	Nyssara	Emerald Tide	1	Mensageiro	Mensageiro de Emerald Tide. Conhecido por interações cotidianas, pedidos, rumores e possibilidades de relacionamento.	27	Mensageiro	ACTIVE	FEMININO	0		
NPC_3007	Eliian	Myrthos	Sem nome definido	2	Erudito	Erudito de Sem nome definido. Conhecido por interações cotidianas, pedidos, rumores e possibilidades de relacionamento.	44	Erudito	ACTIVE	MASCULINO	0		
NPC_3008	Helak	Orinthal	Crystalia	3	Mago	Mago de Crystalia. Conhecido por interações cotidianas, pedidos, rumores e possibilidades de relacionamento.	61	Mago	ACTIVE	FEMININO	0		
NPC_3009	Kaind	Valkyrion	Volmeria	4	Carroceiro	Carroceiro de Volmeria. Conhecido por interações cotidianas, pedidos, rumores e possibilidades de relacionamento.	78	Carroceiro	ACTIVE	MASCULINO	0		
NPC_3010	Nerethb	Aeloria	Tindralith	-2	Caçador	Caçador de Tindralith. Conhecido por interações cotidianas, pedidos, rumores e possibilidades de relacionamento.	32	Caçador	ACTIVE	FEMININO	0		
NPC_3011	Seliath	Zarim	Fornalia	-1	Sentinela	Sentinela de Fornalia. Conhecido por interações cotidianas, pedidos, rumores e possibilidades de relacionamento.	49	Sentinela	ACTIVE	MASCULINO	0		
NPC_3012	Wilaa	Eshmara	Brumas	0	Criador de animais	Criador de animais de Brumas. Conhecido por interações cotidianas, pedidos, rumores e possibilidades de relacionamento.	66	Criador de animais	ACTIVE	FEMININO	0		
NPC_3013	Alinl	Tharun	Stone-Âmbar	1	Bardo	Bardo de Stone-Âmbar. Conhecido por interações cotidianas, pedidos, rumores e possibilidades de relacionamento.	20	Bardo	ACTIVE	MASCULINO	0		
NPC_3014	Corethr	Lyrien	Aerocivitus	2	Guarda	Guarda de Aerocivitus. Conhecido por interações cotidianas, pedidos, rumores e possibilidades de relacionamento.	37	Guarda	ACTIVE	FEMININO	0		
NPC_3015	Feriav	Kethruun	Sandbones	3	Camponês	Camponês de Sandbones. Conhecido por interações cotidianas, pedidos, rumores e possibilidades de relacionamento.	54	Camponês	ACTIVE	MASCULINO	0		
NPC_3016	Irias	Nyssara	Emerald Tide	4	Clérigo	Clérigo de Emerald Tide. Conhecido por interações cotidianas, pedidos, rumores e possibilidades de relacionamento.	71	Clérigo	ACTIVE	FEMININO	0		
NPC_3017	Liaint	Myrthos	Sem nome definido	-2	Valaryn	Valaryn de Sem nome definido. Conhecido por interações cotidianas, pedidos, rumores e possibilidades de relacionamento.	25	Valaryn	ACTIVE	MASCULINO	0		
NPC_3018	Oliethm	Orinthal	Crystalia	-1	Artesão	Artesão de Crystalia. Conhecido por interações cotidianas, pedidos, rumores e possibilidades de relacionamento.	42	Artesão	ACTIVE	FEMININO	0		
NPC_3019	Torian	Valkyrion	Volmeria	0	Curandeiro	Curandeiro de Volmeria. Conhecido por interações cotidianas, pedidos, rumores e possibilidades de relacionamento.	59	Curandeiro	ACTIVE	MASCULINO	0		
NPC_3020	Ysaak	Aeloria	Netherholt	1	Aventureiro	Aventureiro de Netherholt. Conhecido por interações cotidianas, pedidos, rumores e possibilidades de relacionamento.	76	Aventureiro	ACTIVE	FEMININO	0		
NPC_3021	Arind	Zarim	Fornalia	2	Estudante	Estudante de Fornalia. Conhecido por interações cotidianas, pedidos, rumores e possibilidades de relacionamento.	30	Estudante	ACTIVE	MASCULINO	0		
NPC_3022	Daethb	Eshmara	Brumas	3	Mercador	Mercador de Brumas. Conhecido por interações cotidianas, pedidos, rumores e possibilidades de relacionamento.	47	Mercador	ACTIVE	FEMININO	0		
NPC_3023	Galiath	Tharun	Stone-Âmbar	4	Pesquisador	Pesquisador de Stone-Âmbar. Conhecido por interações cotidianas, pedidos, rumores e possibilidades de relacionamento.	64	Pesquisador	ACTIVE	MASCULINO	0		
NPC_3024	Jonaa	Lyrien	Aerocivitus	-2	Navegador	Navegador de Aerocivitus. Conhecido por interações cotidianas, pedidos, rumores e possibilidades de relacionamento.	18	Navegador	ACTIVE	FEMININO	0		
NPC_3025	Marinl	Kethruun	Sandbones	-1	Ferreiro	Ferreiro de Sandbones. Conhecido por interações cotidianas, pedidos, rumores e possibilidades de relacionamento.	35	Ferreiro	ACTIVE	MASCULINO	0		
NPC_3026	Renethr	Nyssara	Emerald Tide	0	Mensageiro	Mensageiro de Emerald Tide. Conhecido por interações cotidianas, pedidos, rumores e possibilidades de relacionamento.	52	Mensageiro	ACTIVE	FEMININO	0		
NPC_3027	Vioiav	Myrthos	Sem nome definido	1	Erudito	Erudito de Sem nome definido. Conhecido por interações cotidianas, pedidos, rumores e possibilidades de relacionamento.	69	Erudito	ACTIVE	MASCULINO	0		
NPC_3028	Zanas	Orinthal	Crystalia	2	Mago	Mago de Crystalia. Conhecido por interações cotidianas, pedidos, rumores e possibilidades de relacionamento.	23	Mago	ACTIVE	FEMININO	0		
NPC_3029	Belint	Valkyrion	Volmeria	3	Carroceiro	Carroceiro de Volmeria. Conhecido por interações cotidianas, pedidos, rumores e possibilidades de relacionamento.	40	Carroceiro	ACTIVE	MASCULINO	0		
NPC_3030	Eliethm	Aeloria	Highspire	4	Caçador	Caçador de Highspire. Conhecido por interações cotidianas, pedidos, rumores e possibilidades de relacionamento.	57	Caçador	ACTIVE	FEMININO	0		
NPC_3031	Helian	Zarim	Fornalia	-2	Sentinela	Sentinela de Fornalia. Conhecido por interações cotidianas, pedidos, rumores e possibilidades de relacionamento.	74	Sentinela	ACTIVE	MASCULINO	0		
NPC_3032	Kaak	Eshmara	Brumas	-1	Criador de animais	Criador de animais de Brumas. Conhecido por interações cotidianas, pedidos, rumores e possibilidades de relacionamento.	28	Criador de animais	ACTIVE	FEMININO	0		
NPC_3033	Nerind	Tharun	Stone-Âmbar	0	Bardo	Bardo de Stone-Âmbar. Conhecido por interações cotidianas, pedidos, rumores e possibilidades de relacionamento.	45	Bardo	ACTIVE	MASCULINO	0		
NPC_3034	Selethb	Lyrien	Aerocivitus	1	Guarda	Guarda de Aerocivitus. Conhecido por interações cotidianas, pedidos, rumores e possibilidades de relacionamento.	62	Guarda	ACTIVE	FEMININO	0		
NPC_3035	Wiliath	Kethruun	Sandbones	2	Camponês	Camponês de Sandbones. Conhecido por interações cotidianas, pedidos, rumores e possibilidades de relacionamento.	79	Camponês	ACTIVE	MASCULINO	0		
NPC_3036	Alaa	Nyssara	Emerald Tide	3	Clérigo	Clérigo de Emerald Tide. Conhecido por interações cotidianas, pedidos, rumores e possibilidades de relacionamento.	33	Clérigo	ACTIVE	FEMININO	0		
NPC_3037	Corinl	Myrthos	Sem nome definido	4	Valaryn	Valaryn de Sem nome definido. Conhecido por interações cotidianas, pedidos, rumores e possibilidades de relacionamento.	50	Valaryn	ACTIVE	MASCULINO	0		
NPC_3038	Ferethr	Orinthal	Crystalia	-2	Artesão	Artesão de Crystalia. Conhecido por interações cotidianas, pedidos, rumores e possibilidades de relacionamento.	67	Artesão	ACTIVE	FEMININO	0		
NPC_3039	Iriiav	Valkyrion	Volmeria	-1	Curandeiro	Curandeiro de Volmeria. Conhecido por interações cotidianas, pedidos, rumores e possibilidades de relacionamento.	21	Curandeiro	ACTIVE	MASCULINO	0		
NPC_3040	Liaas	Aeloria	Blackmere	0	Aventureiro	Aventureiro de Blackmere. Conhecido por interações cotidianas, pedidos, rumores e possibilidades de relacionamento.	38	Aventureiro	ACTIVE	FEMININO	0		
NPC_3041	Oliint	Zarim	Fornalia	1	Estudante	Estudante de Fornalia. Conhecido por interações cotidianas, pedidos, rumores e possibilidades de relacionamento.	55	Estudante	ACTIVE	MASCULINO	0		
NPC_3042	Torethm	Eshmara	Brumas	2	Mercador	Mercador de Brumas. Conhecido por interações cotidianas, pedidos, rumores e possibilidades de relacionamento.	72	Mercador	ACTIVE	FEMININO	0		
NPC_3043	Ysaian	Tharun	Stone-Âmbar	3	Pesquisador	Pesquisador de Stone-Âmbar. Conhecido por interações cotidianas, pedidos, rumores e possibilidades de relacionamento.	26	Pesquisador	ACTIVE	MASCULINO	0		
NPC_3044	Arak	Lyrien	Aerocivitus	4	Navegador	Navegador de Aerocivitus. Conhecido por interações cotidianas, pedidos, rumores e possibilidades de relacionamento.	43	Navegador	ACTIVE	FEMININO	0		
NPC_3045	Daind	Kethruun	Sandbones	-2	Ferreiro	Ferreiro de Sandbones. Conhecido por interações cotidianas, pedidos, rumores e possibilidades de relacionamento.	60	Ferreiro	ACTIVE	MASCULINO	0		
NPC_3046	Galethb	Nyssara	Emerald Tide	-1	Mensageiro	Mensageiro de Emerald Tide. Conhecido por interações cotidianas, pedidos, rumores e possibilidades de relacionamento.	77	Mensageiro	ACTIVE	FEMININO	0		
NPC_3047	Joniath	Myrthos	Sem nome definido	0	Erudito	Erudito de Sem nome definido. Conhecido por interações cotidianas, pedidos, rumores e possibilidades de relacionamento.	31	Erudito	ACTIVE	MASCULINO	0		
NPC_3048	Maraa	Orinthal	Crystalia	1	Mago	Mago de Crystalia. Conhecido por interações cotidianas, pedidos, rumores e possibilidades de relacionamento.	48	Mago	ACTIVE	FEMININO	0		
NPC_3049	Reninl	Valkyrion	Volmeria	2	Carroceiro	Carroceiro de Volmeria. Conhecido por interações cotidianas, pedidos, rumores e possibilidades de relacionamento.	65	Carroceiro	ACTIVE	MASCULINO	0		
NPC_3050	Vioethr	Aeloria	Veyndaril	3	Caçador	Caçador de Veyndaril. Conhecido por interações cotidianas, pedidos, rumores e possibilidades de relacionamento.	19	Caçador	ACTIVE	FEMININO	0		
NPC_3051	Zaniav	Zarim	Fornalia	4	Sentinela	Sentinela de Fornalia. Conhecido por interações cotidianas, pedidos, rumores e possibilidades de relacionamento.	36	Sentinela	ACTIVE	MASCULINO	0		
NPC_3052	Belas	Eshmara	Brumas	-2	Criador de animais	Criador de animais de Brumas. Conhecido por interações cotidianas, pedidos, rumores e possibilidades de relacionamento.	53	Criador de animais	ACTIVE	FEMININO	0		
NPC_3053	Eliint	Tharun	Stone-Âmbar	-1	Bardo	Bardo de Stone-Âmbar. Conhecido por interações cotidianas, pedidos, rumores e possibilidades de relacionamento.	70	Bardo	ACTIVE	MASCULINO	0		
NPC_3054	Helethm	Lyrien	Aerocivitus	0	Guarda	Guarda de Aerocivitus. Conhecido por interações cotidianas, pedidos, rumores e possibilidades de relacionamento.	24	Guarda	ACTIVE	FEMININO	0		
NPC_3055	Kaian	Kethruun	Sandbones	1	Camponês	Camponês de Sandbones. Conhecido por interações cotidianas, pedidos, rumores e possibilidades de relacionamento.	41	Camponês	ACTIVE	MASCULINO	0		
NPC_3056	Nerak	Nyssara	Emerald Tide	2	Clérigo	Clérigo de Emerald Tide. Conhecido por interações cotidianas, pedidos, rumores e possibilidades de relacionamento.	58	Clérigo	ACTIVE	FEMININO	0		
NPC_3057	Selind	Myrthos	Sem nome definido	3	Valaryn	Valaryn de Sem nome definido. Conhecido por interações cotidianas, pedidos, rumores e possibilidades de relacionamento.	75	Valaryn	ACTIVE	MASCULINO	0		
NPC_3058	Wilethb	Orinthal	Crystalia	4	Artesão	Artesão de Crystalia. Conhecido por interações cotidianas, pedidos, rumores e possibilidades de relacionamento.	29	Artesão	ACTIVE	FEMININO	0		
NPC_3059	Aliath	Valkyrion	Volmeria	-2	Curandeiro	Curandeiro de Volmeria. Conhecido por interações cotidianas, pedidos, rumores e possibilidades de relacionamento.	46	Curandeiro	ACTIVE	MASCULINO	0		
NPC_3060	Coraa	Aeloria	Pyrelith	-1	Aventureiro	Aventureiro de Pyrelith. Conhecido por interações cotidianas, pedidos, rumores e possibilidades de relacionamento.	63	Aventureiro	ACTIVE	FEMININO	0		
NPC_3061	Ferinl	Zarim	Fornalia	0	Estudante	Estudante de Fornalia. Conhecido por interações cotidianas, pedidos, rumores e possibilidades de relacionamento.	80	Estudante	ACTIVE	MASCULINO	0		
NPC_3062	Iriethr	Eshmara	Brumas	1	Mercador	Mercador de Brumas. Conhecido por interações cotidianas, pedidos, rumores e possibilidades de relacionamento.	34	Mercador	ACTIVE	FEMININO	0		
NPC_3063	Liaiav	Tharun	Stone-Âmbar	2	Pesquisador	Pesquisador de Stone-Âmbar. Conhecido por interações cotidianas, pedidos, rumores e possibilidades de relacionamento.	51	Pesquisador	ACTIVE	MASCULINO	0		
NPC_3064	Olias	Lyrien	Aerocivitus	3	Navegador	Navegador de Aerocivitus. Conhecido por interações cotidianas, pedidos, rumores e possibilidades de relacionamento.	68	Navegador	ACTIVE	FEMININO	0		
NPC_3065	Torint	Kethruun	Sandbones	4	Ferreiro	Ferreiro de Sandbones. Conhecido por interações cotidianas, pedidos, rumores e possibilidades de relacionamento.	22	Ferreiro	ACTIVE	MASCULINO	0		
NPC_3066	Ysaethm	Nyssara	Emerald Tide	-2	Mensageiro	Mensageiro de Emerald Tide. Conhecido por interações cotidianas, pedidos, rumores e possibilidades de relacionamento.	39	Mensageiro	ACTIVE	FEMININO	0		
NPC_3067	Arian	Myrthos	Sem nome definido	-1	Erudito	Erudito de Sem nome definido. Conhecido por interações cotidianas, pedidos, rumores e possibilidades de relacionamento.	56	Erudito	ACTIVE	MASCULINO	0		
NPC_3068	Daak	Orinthal	Crystalia	0	Mago	Mago de Crystalia. Conhecido por interações cotidianas, pedidos, rumores e possibilidades de relacionamento.	73	Mago	ACTIVE	FEMININO	0		
NPC_3069	Galind	Valkyrion	Volmeria	1	Carroceiro	Carroceiro de Volmeria. Conhecido por interações cotidianas, pedidos, rumores e possibilidades de relacionamento.	27	Carroceiro	ACTIVE	MASCULINO	0		
NPC_3070	Jonethb	Aeloria	Jorathen	2	Caçador	Caçador de Jorathen. Conhecido por interações cotidianas, pedidos, rumores e possibilidades de relacionamento.	44	Caçador	ACTIVE	FEMININO	0		
NPC_3071	Mariath	Zarim	Fornalia	3	Sentinela	Sentinela de Fornalia. Conhecido por interações cotidianas, pedidos, rumores e possibilidades de relacionamento.	61	Sentinela	ACTIVE	MASCULINO	0		
NPC_3072	Renaa	Eshmara	Brumas	4	Criador de animais	Criador de animais de Brumas. Conhecido por interações cotidianas, pedidos, rumores e possibilidades de relacionamento.	78	Criador de animais	ACTIVE	FEMININO	0		
NPC_3073	Vioinl	Tharun	Stone-Âmbar	-2	Bardo	Bardo de Stone-Âmbar. Conhecido por interações cotidianas, pedidos, rumores e possibilidades de relacionamento.	32	Bardo	ACTIVE	MASCULINO	0		
NPC_3074	Zanethr	Lyrien	Aerocivitus	-1	Guarda	Guarda de Aerocivitus. Conhecido por interações cotidianas, pedidos, rumores e possibilidades de relacionamento.	49	Guarda	ACTIVE	FEMININO	0		
NPC_3075	Beliav	Kethruun	Sandbones	0	Camponês	Camponês de Sandbones. Conhecido por interações cotidianas, pedidos, rumores e possibilidades de relacionamento.	66	Camponês	ACTIVE	MASCULINO	0		
NPC_3076	Elias	Nyssara	Emerald Tide	1	Clérigo	Clérigo de Emerald Tide. Conhecido por interações cotidianas, pedidos, rumores e possibilidades de relacionamento.	20	Clérigo	ACTIVE	FEMININO	0		
NPC_3077	Helint	Myrthos	Sem nome definido	2	Valaryn	Valaryn de Sem nome definido. Conhecido por interações cotidianas, pedidos, rumores e possibilidades de relacionamento.	37	Valaryn	ACTIVE	MASCULINO	0		
NPC_3078	Kaethm	Orinthal	Crystalia	3	Artesão	Artesão de Crystalia. Conhecido por interações cotidianas, pedidos, rumores e possibilidades de relacionamento.	54	Artesão	ACTIVE	FEMININO	0		
NPC_3079	Nerian	Valkyrion	Volmeria	4	Curandeiro	Curandeiro de Volmeria. Conhecido por interações cotidianas, pedidos, rumores e possibilidades de relacionamento.	71	Curandeiro	ACTIVE	MASCULINO	0		
NPC_3080	Selak	Aeloria	Duskmere	-2	Aventureiro	Aventureiro de Duskmere. Conhecido por interações cotidianas, pedidos, rumores e possibilidades de relacionamento.	25	Aventureiro	ACTIVE	FEMININO	0		
NPC_3081	Wilind	Zarim	Fornalia	-1	Estudante	Estudante de Fornalia. Conhecido por interações cotidianas, pedidos, rumores e possibilidades de relacionamento.	42	Estudante	ACTIVE	MASCULINO	0		
NPC_3082	Alethb	Eshmara	Brumas	0	Mercador	Mercador de Brumas. Conhecido por interações cotidianas, pedidos, rumores e possibilidades de relacionamento.	59	Mercador	ACTIVE	FEMININO	0		
NPC_3083	Coriath	Tharun	Stone-Âmbar	1	Pesquisador	Pesquisador de Stone-Âmbar. Conhecido por interações cotidianas, pedidos, rumores e possibilidades de relacionamento.	76	Pesquisador	ACTIVE	MASCULINO	0		
NPC_3084	Feraa	Lyrien	Aerocivitus	2	Navegador	Navegador de Aerocivitus. Conhecido por interações cotidianas, pedidos, rumores e possibilidades de relacionamento.	30	Navegador	ACTIVE	FEMININO	0		
NPC_3085	Iriinl	Kethruun	Sandbones	3	Ferreiro	Ferreiro de Sandbones. Conhecido por interações cotidianas, pedidos, rumores e possibilidades de relacionamento.	47	Ferreiro	ACTIVE	MASCULINO	0		
NPC_3086	Liaethr	Nyssara	Emerald Tide	4	Mensageiro	Mensageiro de Emerald Tide. Conhecido por interações cotidianas, pedidos, rumores e possibilidades de relacionamento.	64	Mensageiro	ACTIVE	FEMININO	0		
NPC_3087	Oliiav	Myrthos	Sem nome definido	-2	Erudito	Erudito de Sem nome definido. Conhecido por interações cotidianas, pedidos, rumores e possibilidades de relacionamento.	18	Erudito	ACTIVE	MASCULINO	0		
NPC_3088	Toras	Orinthal	Crystalia	-1	Mago	Mago de Crystalia. Conhecido por interações cotidianas, pedidos, rumores e possibilidades de relacionamento.	35	Mago	ACTIVE	FEMININO	0		
NPC_3089	Ysaint	Valkyrion	Volmeria	0	Carroceiro	Carroceiro de Volmeria. Conhecido por interações cotidianas, pedidos, rumores e possibilidades de relacionamento.	52	Carroceiro	ACTIVE	MASCULINO	0		
NPC_3090	Arethm	Aeloria	Lunareth	1	Caçador	Caçador de Lunareth. Conhecido por interações cotidianas, pedidos, rumores e possibilidades de relacionamento.	69	Caçador	ACTIVE	FEMININO	0		
NPC_3091	Daian	Zarim	Fornalia	2	Sentinela	Sentinela de Fornalia. Conhecido por interações cotidianas, pedidos, rumores e possibilidades de relacionamento.	23	Sentinela	ACTIVE	MASCULINO	0		
NPC_3092	Galak	Eshmara	Brumas	3	Criador de animais	Criador de animais de Brumas. Conhecido por interações cotidianas, pedidos, rumores e possibilidades de relacionamento.	40	Criador de animais	ACTIVE	FEMININO	0		
NPC_3093	Jonind	Tharun	Stone-Âmbar	4	Bardo	Bardo de Stone-Âmbar. Conhecido por interações cotidianas, pedidos, rumores e possibilidades de relacionamento.	57	Bardo	ACTIVE	MASCULINO	0		
NPC_3094	Marethb	Lyrien	Aerocivitus	-2	Guarda	Guarda de Aerocivitus. Conhecido por interações cotidianas, pedidos, rumores e possibilidades de relacionamento.	74	Guarda	ACTIVE	FEMININO	0		
NPC_3095	Reniath	Kethruun	Sandbones	-1	Camponês	Camponês de Sandbones. Conhecido por interações cotidianas, pedidos, rumores e possibilidades de relacionamento.	28	Camponês	ACTIVE	MASCULINO	0		
NPC_3096	Vioaa	Nyssara	Emerald Tide	0	Clérigo	Clérigo de Emerald Tide. Conhecido por interações cotidianas, pedidos, rumores e possibilidades de relacionamento.	45	Clérigo	ACTIVE	FEMININO	0		
NPC_3097	Zaninl	Myrthos	Sem nome definido	1	Valaryn	Valaryn de Sem nome definido. Conhecido por interações cotidianas, pedidos, rumores e possibilidades de relacionamento.	62	Valaryn	ACTIVE	MASCULINO	0		
NPC_3098	Belethr	Orinthal	Crystalia	2	Artesão	Artesão de Crystalia. Conhecido por interações cotidianas, pedidos, rumores e possibilidades de relacionamento.	79	Artesão	ACTIVE	FEMININO	0		
NPC_3099	Eliiav	Valkyrion	Volmeria	3	Curandeiro	Curandeiro de Volmeria. Conhecido por interações cotidianas, pedidos, rumores e possibilidades de relacionamento.	33	Curandeiro	ACTIVE	MASCULINO	0		
NPC_3100	Helas	Aeloria	Xyrelith	4	Aventureiro	Aventureiro de Xyrelith. Conhecido por interações cotidianas, pedidos, rumores e possibilidades de relacionamento.	50	Aventureiro	ACTIVE	FEMININO	0		
NPC_3101	Kaint	Zarim	Fornalia	-2	Estudante	Estudante de Fornalia. Conhecido por interações cotidianas, pedidos, rumores e possibilidades de relacionamento.	67	Estudante	ACTIVE	MASCULINO	0		
NPC_3102	Nerethm	Eshmara	Brumas	-1	Mercador	Mercador de Brumas. Conhecido por interações cotidianas, pedidos, rumores e possibilidades de relacionamento.	21	Mercador	ACTIVE	FEMININO	0		
NPC_3103	Selian	Tharun	Stone-Âmbar	0	Pesquisador	Pesquisador de Stone-Âmbar. Conhecido por interações cotidianas, pedidos, rumores e possibilidades de relacionamento.	38	Pesquisador	ACTIVE	MASCULINO	0		
NPC_3104	Wilak	Lyrien	Aerocivitus	1	Navegador	Navegador de Aerocivitus. Conhecido por interações cotidianas, pedidos, rumores e possibilidades de relacionamento.	55	Navegador	ACTIVE	FEMININO	0		
NPC_3105	Alind	Kethruun	Sandbones	2	Ferreiro	Ferreiro de Sandbones. Conhecido por interações cotidianas, pedidos, rumores e possibilidades de relacionamento.	72	Ferreiro	ACTIVE	MASCULINO	0		
NPC_3106	Corethb	Nyssara	Emerald Tide	3	Mensageiro	Mensageiro de Emerald Tide. Conhecido por interações cotidianas, pedidos, rumores e possibilidades de relacionamento.	26	Mensageiro	ACTIVE	FEMININO	0		
NPC_3107	Feriath	Myrthos	Sem nome definido	4	Erudito	Erudito de Sem nome definido. Conhecido por interações cotidianas, pedidos, rumores e possibilidades de relacionamento.	43	Erudito	ACTIVE	MASCULINO	0		
NPC_3108	Iriaa	Orinthal	Crystalia	-2	Mago	Mago de Crystalia. Conhecido por interações cotidianas, pedidos, rumores e possibilidades de relacionamento.	60	Mago	ACTIVE	FEMININO	0		
NPC_3109	Liainl	Valkyrion	Volmeria	-1	Carroceiro	Carroceiro de Volmeria. Conhecido por interações cotidianas, pedidos, rumores e possibilidades de relacionamento.	77	Carroceiro	ACTIVE	MASCULINO	0		
NPC_3110	Oliethr	Aeloria	Runedral	0	Caçador	Caçador de Runedral. Conhecido por interações cotidianas, pedidos, rumores e possibilidades de relacionamento.	31	Caçador	ACTIVE	FEMININO	0		
NPC_3111	Toriav	Zarim	Fornalia	1	Sentinela	Sentinela de Fornalia. Conhecido por interações cotidianas, pedidos, rumores e possibilidades de relacionamento.	48	Sentinela	ACTIVE	MASCULINO	0		
NPC_3112	Ysaas	Eshmara	Brumas	2	Criador de animais	Criador de animais de Brumas. Conhecido por interações cotidianas, pedidos, rumores e possibilidades de relacionamento.	65	Criador de animais	ACTIVE	FEMININO	0		
NPC_3113	Arint	Tharun	Stone-Âmbar	3	Bardo	Bardo de Stone-Âmbar. Conhecido por interações cotidianas, pedidos, rumores e possibilidades de relacionamento.	19	Bardo	ACTIVE	MASCULINO	0		
NPC_3114	Daethm	Lyrien	Aerocivitus	4	Guarda	Guarda de Aerocivitus. Conhecido por interações cotidianas, pedidos, rumores e possibilidades de relacionamento.	36	Guarda	ACTIVE	FEMININO	0		
NPC_3115	Galian	Kethruun	Sandbones	-2	Camponês	Camponês de Sandbones. Conhecido por interações cotidianas, pedidos, rumores e possibilidades de relacionamento.	53	Camponês	ACTIVE	MASCULINO	0		
NPC_3116	Jonak	Nyssara	Emerald Tide	-1	Clérigo	Clérigo de Emerald Tide. Conhecido por interações cotidianas, pedidos, rumores e possibilidades de relacionamento.	70	Clérigo	ACTIVE	FEMININO	0		
NPC_3117	Marind	Myrthos	Sem nome definido	0	Valaryn	Valaryn de Sem nome definido. Conhecido por interações cotidianas, pedidos, rumores e possibilidades de relacionamento.	24	Valaryn	ACTIVE	MASCULINO	0		
NPC_3118	Renethb	Orinthal	Crystalia	1	Artesão	Artesão de Crystalia. Conhecido por interações cotidianas, pedidos, rumores e possibilidades de relacionamento.	41	Artesão	ACTIVE	FEMININO	0		
NPC_3119	Vioiath	Valkyrion	Volmeria	2	Curandeiro	Curandeiro de Volmeria. Conhecido por interações cotidianas, pedidos, rumores e possibilidades de relacionamento.	58	Curandeiro	ACTIVE	MASCULINO	0		
NPC_3120	Zanaa	Aeloria	Lorwynne	3	Aventureiro	Aventureiro de Lorwynne. Conhecido por interações cotidianas, pedidos, rumores e possibilidades de relacionamento.	75	Aventureiro	ACTIVE	FEMININO	0		
NPC_3121	Belinl	Zarim	Fornalia	4	Estudante	Estudante de Fornalia. Conhecido por interações cotidianas, pedidos, rumores e possibilidades de relacionamento.	29	Estudante	ACTIVE	MASCULINO	0		
NPC_3122	Eliethr	Eshmara	Brumas	-2	Mercador	Mercador de Brumas. Conhecido por interações cotidianas, pedidos, rumores e possibilidades de relacionamento.	46	Mercador	ACTIVE	FEMININO	0		
NPC_3123	Heliav	Tharun	Stone-Âmbar	-1	Pesquisador	Pesquisador de Stone-Âmbar. Conhecido por interações cotidianas, pedidos, rumores e possibilidades de relacionamento.	63	Pesquisador	ACTIVE	MASCULINO	0		
NPC_3124	Kaas	Lyrien	Aerocivitus	0	Navegador	Navegador de Aerocivitus. Conhecido por interações cotidianas, pedidos, rumores e possibilidades de relacionamento.	80	Navegador	ACTIVE	FEMININO	0		
NPC_3125	Nerint	Kethruun	Sandbones	1	Ferreiro	Ferreiro de Sandbones. Conhecido por interações cotidianas, pedidos, rumores e possibilidades de relacionamento.	34	Ferreiro	ACTIVE	MASCULINO	0		
NPC_3126	Selethm	Nyssara	Emerald Tide	2	Mensageiro	Mensageiro de Emerald Tide. Conhecido por interações cotidianas, pedidos, rumores e possibilidades de relacionamento.	51	Mensageiro	ACTIVE	FEMININO	0		
NPC_3127	Wilian	Myrthos	Sem nome definido	3	Erudito	Erudito de Sem nome definido. Conhecido por interações cotidianas, pedidos, rumores e possibilidades de relacionamento.	68	Erudito	ACTIVE	MASCULINO	0		
NPC_3128	Alak	Orinthal	Crystalia	4	Mago	Mago de Crystalia. Conhecido por interações cotidianas, pedidos, rumores e possibilidades de relacionamento.	22	Mago	ACTIVE	FEMININO	0		
NPC_3129	Corind	Valkyrion	Volmeria	-2	Carroceiro	Carroceiro de Volmeria. Conhecido por interações cotidianas, pedidos, rumores e possibilidades de relacionamento.	39	Carroceiro	ACTIVE	MASCULINO	0		
NPC_3130	Ferethb	Aeloria	Frostmere	-1	Caçador	Caçador de Frostmere. Conhecido por interações cotidianas, pedidos, rumores e possibilidades de relacionamento.	56	Caçador	ACTIVE	FEMININO	0		
NPC_3131	Iriiath	Zarim	Fornalia	0	Sentinela	Sentinela de Fornalia. Conhecido por interações cotidianas, pedidos, rumores e possibilidades de relacionamento.	73	Sentinela	ACTIVE	MASCULINO	0		
NPC_3132	Liaaa	Eshmara	Brumas	1	Criador de animais	Criador de animais de Brumas. Conhecido por interações cotidianas, pedidos, rumores e possibilidades de relacionamento.	27	Criador de animais	ACTIVE	FEMININO	0		
NPC_3133	Oliinl	Tharun	Stone-Âmbar	2	Bardo	Bardo de Stone-Âmbar. Conhecido por interações cotidianas, pedidos, rumores e possibilidades de relacionamento.	44	Bardo	ACTIVE	MASCULINO	0		
NPC_3134	Torethr	Lyrien	Aerocivitus	3	Guarda	Guarda de Aerocivitus. Conhecido por interações cotidianas, pedidos, rumores e possibilidades de relacionamento.	61	Guarda	ACTIVE	FEMININO	0		
NPC_3135	Ysaiav	Kethruun	Sandbones	4	Camponês	Camponês de Sandbones. Conhecido por interações cotidianas, pedidos, rumores e possibilidades de relacionamento.	78	Camponês	ACTIVE	MASCULINO	0		
NPC_3136	Aras	Nyssara	Emerald Tide	-2	Clérigo	Clérigo de Emerald Tide. Conhecido por interações cotidianas, pedidos, rumores e possibilidades de relacionamento.	32	Clérigo	ACTIVE	FEMININO	0		
NPC_3137	Daint	Myrthos	Sem nome definido	-1	Valaryn	Valaryn de Sem nome definido. Conhecido por interações cotidianas, pedidos, rumores e possibilidades de relacionamento.	49	Valaryn	ACTIVE	MASCULINO	0		
NPC_3138	Galethm	Orinthal	Crystalia	0	Artesão	Artesão de Crystalia. Conhecido por interações cotidianas, pedidos, rumores e possibilidades de relacionamento.	66	Artesão	ACTIVE	FEMININO	0		
NPC_3139	Jonian	Valkyrion	Volmeria	1	Curandeiro	Curandeiro de Volmeria. Conhecido por interações cotidianas, pedidos, rumores e possibilidades de relacionamento.	20	Curandeiro	ACTIVE	MASCULINO	0		
NPC_3140	Marak	Aeloria	Zorathen	2	Aventureiro	Aventureiro de Zorathen. Conhecido por interações cotidianas, pedidos, rumores e possibilidades de relacionamento.	37	Aventureiro	ACTIVE	FEMININO	0		
NPC_3141	Renind	Zarim	Fornalia	3	Estudante	Estudante de Fornalia. Conhecido por interações cotidianas, pedidos, rumores e possibilidades de relacionamento.	54	Estudante	ACTIVE	MASCULINO	0		
NPC_3142	Vioethb	Eshmara	Brumas	4	Mercador	Mercador de Brumas. Conhecido por interações cotidianas, pedidos, rumores e possibilidades de relacionamento.	71	Mercador	ACTIVE	FEMININO	0		
NPC_3143	Zaniath	Tharun	Stone-Âmbar	-2	Pesquisador	Pesquisador de Stone-Âmbar. Conhecido por interações cotidianas, pedidos, rumores e possibilidades de relacionamento.	25	Pesquisador	ACTIVE	MASCULINO	0		
NPC_3144	Belaa	Lyrien	Aerocivitus	-1	Navegador	Navegador de Aerocivitus. Conhecido por interações cotidianas, pedidos, rumores e possibilidades de relacionamento.	42	Navegador	ACTIVE	FEMININO	0		
NPC_3145	Eliinl	Kethruun	Sandbones	0	Ferreiro	Ferreiro de Sandbones. Conhecido por interações cotidianas, pedidos, rumores e possibilidades de relacionamento.	59	Ferreiro	ACTIVE	MASCULINO	0		
NPC_3146	Helethr	Nyssara	Emerald Tide	1	Mensageiro	Mensageiro de Emerald Tide. Conhecido por interações cotidianas, pedidos, rumores e possibilidades de relacionamento.	76	Mensageiro	ACTIVE	FEMININO	0		
NPC_3147	Kaiav	Myrthos	Sem nome definido	2	Erudito	Erudito de Sem nome definido. Conhecido por interações cotidianas, pedidos, rumores e possibilidades de relacionamento.	30	Erudito	ACTIVE	MASCULINO	0		
NPC_3148	Neras	Orinthal	Crystalia	3	Mago	Mago de Crystalia. Conhecido por interações cotidianas, pedidos, rumores e possibilidades de relacionamento.	47	Mago	ACTIVE	FEMININO	0		
NPC_3149	Selint	Valkyrion	Volmeria	4	Carroceiro	Carroceiro de Volmeria. Conhecido por interações cotidianas, pedidos, rumores e possibilidades de relacionamento.	64	Carroceiro	ACTIVE	MASCULINO	0		
NPC_3150	Wilethm	Aeloria	Thornmere	-2	Caçador	Caçador de Thornmere. Conhecido por interações cotidianas, pedidos, rumores e possibilidades de relacionamento.	18	Caçador	ACTIVE	FEMININO	0		
NPC_3151	Alian	Zarim	Fornalia	-1	Sentinela	Sentinela de Fornalia. Conhecido por interações cotidianas, pedidos, rumores e possibilidades de relacionamento.	35	Sentinela	ACTIVE	MASCULINO	0		
NPC_3152	Corak	Eshmara	Brumas	0	Criador de animais	Criador de animais de Brumas. Conhecido por interações cotidianas, pedidos, rumores e possibilidades de relacionamento.	52	Criador de animais	ACTIVE	FEMININO	0		
NPC_3153	Ferind	Tharun	Stone-Âmbar	1	Bardo	Bardo de Stone-Âmbar. Conhecido por interações cotidianas, pedidos, rumores e possibilidades de relacionamento.	69	Bardo	ACTIVE	MASCULINO	0		
NPC_3154	Iriethb	Lyrien	Aerocivitus	2	Guarda	Guarda de Aerocivitus. Conhecido por interações cotidianas, pedidos, rumores e possibilidades de relacionamento.	23	Guarda	ACTIVE	FEMININO	0		
NPC_3155	Liaiath	Kethruun	Sandbones	3	Camponês	Camponês de Sandbones. Conhecido por interações cotidianas, pedidos, rumores e possibilidades de relacionamento.	40	Camponês	ACTIVE	MASCULINO	0		
NPC_3156	Oliaa	Nyssara	Emerald Tide	4	Clérigo	Clérigo de Emerald Tide. Conhecido por interações cotidianas, pedidos, rumores e possibilidades de relacionamento.	57	Clérigo	ACTIVE	FEMININO	0		
NPC_3157	Torinl	Myrthos	Sem nome definido	-2	Valaryn	Valaryn de Sem nome definido. Conhecido por interações cotidianas, pedidos, rumores e possibilidades de relacionamento.	74	Valaryn	ACTIVE	MASCULINO	0		
NPC_3158	Ysaethr	Orinthal	Crystalia	-1	Artesão	Artesão de Crystalia. Conhecido por interações cotidianas, pedidos, rumores e possibilidades de relacionamento.	28	Artesão	ACTIVE	FEMININO	0		
NPC_3159	Ariav	Valkyrion	Volmeria	0	Curandeiro	Curandeiro de Volmeria. Conhecido por interações cotidianas, pedidos, rumores e possibilidades de relacionamento.	45	Curandeiro	ACTIVE	MASCULINO	0		
NPC_3160	Daas	Aeloria	Norhaven	1	Aventureiro	Aventureiro de Norhaven. Conhecido por interações cotidianas, pedidos, rumores e possibilidades de relacionamento.	62	Aventureiro	ACTIVE	FEMININO	0		
NPC_3161	Galint	Zarim	Fornalia	2	Estudante	Estudante de Fornalia. Conhecido por interações cotidianas, pedidos, rumores e possibilidades de relacionamento.	79	Estudante	ACTIVE	MASCULINO	0		
NPC_3162	Jonethm	Eshmara	Brumas	3	Mercador	Mercador de Brumas. Conhecido por interações cotidianas, pedidos, rumores e possibilidades de relacionamento.	33	Mercador	ACTIVE	FEMININO	0		
NPC_3163	Marian	Tharun	Stone-Âmbar	4	Pesquisador	Pesquisador de Stone-Âmbar. Conhecido por interações cotidianas, pedidos, rumores e possibilidades de relacionamento.	50	Pesquisador	ACTIVE	MASCULINO	0		
NPC_3164	Renak	Lyrien	Aerocivitus	-2	Navegador	Navegador de Aerocivitus. Conhecido por interações cotidianas, pedidos, rumores e possibilidades de relacionamento.	67	Navegador	ACTIVE	FEMININO	0		
NPC_3165	Vioind	Kethruun	Sandbones	-1	Ferreiro	Ferreiro de Sandbones. Conhecido por interações cotidianas, pedidos, rumores e possibilidades de relacionamento.	21	Ferreiro	ACTIVE	MASCULINO	0		
NPC_3166	Zanethb	Nyssara	Emerald Tide	0	Mensageiro	Mensageiro de Emerald Tide. Conhecido por interações cotidianas, pedidos, rumores e possibilidades de relacionamento.	38	Mensageiro	ACTIVE	FEMININO	0		
NPC_3167	Beliath	Myrthos	Sem nome definido	1	Erudito	Erudito de Sem nome definido. Conhecido por interações cotidianas, pedidos, rumores e possibilidades de relacionamento.	55	Erudito	ACTIVE	MASCULINO	0		
NPC_3168	Eliaa	Orinthal	Crystalia	2	Mago	Mago de Crystalia. Conhecido por interações cotidianas, pedidos, rumores e possibilidades de relacionamento.	72	Mago	ACTIVE	FEMININO	0		
NPC_3169	Helinl	Valkyrion	Volmeria	3	Carroceiro	Carroceiro de Volmeria. Conhecido por interações cotidianas, pedidos, rumores e possibilidades de relacionamento.	26	Carroceiro	ACTIVE	MASCULINO	0		
NPC_3170	Kaethr	Aeloria	Hallowspire	4	Caçador	Caçador de Hallowspire. Conhecido por interações cotidianas, pedidos, rumores e possibilidades de relacionamento.	43	Caçador	ACTIVE	FEMININO	0		
NPC_3171	Neriav	Zarim	Fornalia	-2	Sentinela	Sentinela de Fornalia. Conhecido por interações cotidianas, pedidos, rumores e possibilidades de relacionamento.	60	Sentinela	ACTIVE	MASCULINO	0		
NPC_3172	Selas	Eshmara	Brumas	-1	Criador de animais	Criador de animais de Brumas. Conhecido por interações cotidianas, pedidos, rumores e possibilidades de relacionamento.	77	Criador de animais	ACTIVE	FEMININO	0		
NPC_3173	Wilint	Tharun	Stone-Âmbar	0	Bardo	Bardo de Stone-Âmbar. Conhecido por interações cotidianas, pedidos, rumores e possibilidades de relacionamento.	31	Bardo	ACTIVE	MASCULINO	0		
NPC_3174	Alethm	Lyrien	Aerocivitus	1	Guarda	Guarda de Aerocivitus. Conhecido por interações cotidianas, pedidos, rumores e possibilidades de relacionamento.	48	Guarda	ACTIVE	FEMININO	0		
NPC_3175	Corian	Kethruun	Sandbones	2	Camponês	Camponês de Sandbones. Conhecido por interações cotidianas, pedidos, rumores e possibilidades de relacionamento.	65	Camponês	ACTIVE	MASCULINO	0		
NPC_3176	Ferak	Nyssara	Emerald Tide	3	Clérigo	Clérigo de Emerald Tide. Conhecido por interações cotidianas, pedidos, rumores e possibilidades de relacionamento.	19	Clérigo	ACTIVE	FEMININO	0		
NPC_3177	Iriind	Myrthos	Sem nome definido	4	Valaryn	Valaryn de Sem nome definido. Conhecido por interações cotidianas, pedidos, rumores e possibilidades de relacionamento.	36	Valaryn	ACTIVE	MASCULINO	0		
NPC_3178	Liaethb	Orinthal	Crystalia	-2	Artesão	Artesão de Crystalia. Conhecido por interações cotidianas, pedidos, rumores e possibilidades de relacionamento.	53	Artesão	ACTIVE	FEMININO	0		
NPC_3179	Oliiath	Valkyrion	Volmeria	-1	Curandeiro	Curandeiro de Volmeria. Conhecido por interações cotidianas, pedidos, rumores e possibilidades de relacionamento.	70	Curandeiro	ACTIVE	MASCULINO	0		
NPC_3180	Toraa	Aeloria	Brighthollow	0	Aventureiro	Aventureiro de Brighthollow. Conhecido por interações cotidianas, pedidos, rumores e possibilidades de relacionamento.	24	Aventureiro	ACTIVE	FEMININO	0		
NPC_3181	Ysainl	Zarim	Fornalia	1	Estudante	Estudante de Fornalia. Conhecido por interações cotidianas, pedidos, rumores e possibilidades de relacionamento.	41	Estudante	ACTIVE	MASCULINO	0		
NPC_3182	Arethr	Eshmara	Brumas	2	Mercador	Mercador de Brumas. Conhecido por interações cotidianas, pedidos, rumores e possibilidades de relacionamento.	58	Mercador	ACTIVE	FEMININO	0		
NPC_3183	Daiav	Tharun	Stone-Âmbar	3	Pesquisador	Pesquisador de Stone-Âmbar. Conhecido por interações cotidianas, pedidos, rumores e possibilidades de relacionamento.	75	Pesquisador	ACTIVE	MASCULINO	0		
NPC_3184	Galas	Lyrien	Aerocivitus	4	Navegador	Navegador de Aerocivitus. Conhecido por interações cotidianas, pedidos, rumores e possibilidades de relacionamento.	29	Navegador	ACTIVE	FEMININO	0		
NPC_3185	Jonint	Kethruun	Sandbones	-2	Ferreiro	Ferreiro de Sandbones. Conhecido por interações cotidianas, pedidos, rumores e possibilidades de relacionamento.	46	Ferreiro	ACTIVE	MASCULINO	0		
NPC_3186	Marethm	Nyssara	Emerald Tide	-1	Mensageiro	Mensageiro de Emerald Tide. Conhecido por interações cotidianas, pedidos, rumores e possibilidades de relacionamento.	63	Mensageiro	ACTIVE	FEMININO	0		
NPC_3187	Renian	Myrthos	Sem nome definido	0	Erudito	Erudito de Sem nome definido. Conhecido por interações cotidianas, pedidos, rumores e possibilidades de relacionamento.	80	Erudito	ACTIVE	MASCULINO	0		
NPC_3188	Vioak	Orinthal	Crystalia	1	Mago	Mago de Crystalia. Conhecido por interações cotidianas, pedidos, rumores e possibilidades de relacionamento.	34	Mago	ACTIVE	FEMININO	0		
NPC_3189	Zanind	Valkyrion	Volmeria	2	Carroceiro	Carroceiro de Volmeria. Conhecido por interações cotidianas, pedidos, rumores e possibilidades de relacionamento.	51	Carroceiro	ACTIVE	MASCULINO	0		
NPC_3190	Belethb	Aeloria	Valdora	3	Caçador	Caçador de Valdora. Conhecido por interações cotidianas, pedidos, rumores e possibilidades de relacionamento.	68	Caçador	ACTIVE	FEMININO	0		
NPC_3191	Eliiath	Zarim	Fornalia	4	Sentinela	Sentinela de Fornalia. Conhecido por interações cotidianas, pedidos, rumores e possibilidades de relacionamento.	22	Sentinela	ACTIVE	MASCULINO	0		
NPC_3192	Helaa	Eshmara	Brumas	-2	Criador de animais	Criador de animais de Brumas. Conhecido por interações cotidianas, pedidos, rumores e possibilidades de relacionamento.	39	Criador de animais	ACTIVE	FEMININO	0		
NPC_3193	Kainl	Tharun	Stone-Âmbar	-1	Bardo	Bardo de Stone-Âmbar. Conhecido por interações cotidianas, pedidos, rumores e possibilidades de relacionamento.	56	Bardo	ACTIVE	MASCULINO	0		
NPC_3194	Nerethr	Lyrien	Aerocivitus	0	Guarda	Guarda de Aerocivitus. Conhecido por interações cotidianas, pedidos, rumores e possibilidades de relacionamento.	73	Guarda	ACTIVE	FEMININO	0		
NPC_3195	Seliav	Kethruun	Sandbones	1	Camponês	Camponês de Sandbones. Conhecido por interações cotidianas, pedidos, rumores e possibilidades de relacionamento.	27	Camponês	ACTIVE	MASCULINO	0		
NPC_3196	Wilas	Nyssara	Emerald Tide	2	Clérigo	Clérigo de Emerald Tide. Conhecido por interações cotidianas, pedidos, rumores e possibilidades de relacionamento.	44	Clérigo	ACTIVE	FEMININO	0		
NPC_3197	Alint	Myrthos	Sem nome definido	3	Valaryn	Valaryn de Sem nome definido. Conhecido por interações cotidianas, pedidos, rumores e possibilidades de relacionamento.	61	Valaryn	ACTIVE	MASCULINO	0		
NPC_3198	Corethm	Orinthal	Crystalia	4	Artesão	Artesão de Crystalia. Conhecido por interações cotidianas, pedidos, rumores e possibilidades de relacionamento.	78	Artesão	ACTIVE	FEMININO	0		
NPC_3199	Ferian	Valkyrion	Volmeria	-2	Curandeiro	Curandeiro de Volmeria. Conhecido por interações cotidianas, pedidos, rumores e possibilidades de relacionamento.	32	Curandeiro	ACTIVE	MASCULINO	0		
NPC_3200	Iriak	Aeloria	Verdralith	-1	Aventureiro	Aventureiro de Verdralith. Conhecido por interações cotidianas, pedidos, rumores e possibilidades de relacionamento.	49	Aventureiro	ACTIVE	FEMININO	0		
NPC_3201	Liaind	Zarim	Fornalia	0	Estudante	Estudante de Fornalia. Conhecido por interações cotidianas, pedidos, rumores e possibilidades de relacionamento.	66	Estudante	ACTIVE	MASCULINO	0		
NPC_3202	Oliethb	Eshmara	Brumas	1	Mercador	Mercador de Brumas. Conhecido por interações cotidianas, pedidos, rumores e possibilidades de relacionamento.	20	Mercador	ACTIVE	FEMININO	0		
NPC_3203	Toriath	Tharun	Stone-Âmbar	2	Pesquisador	Pesquisador de Stone-Âmbar. Conhecido por interações cotidianas, pedidos, rumores e possibilidades de relacionamento.	37	Pesquisador	ACTIVE	MASCULINO	0		
NPC_3204	Ysaaa	Lyrien	Aerocivitus	3	Navegador	Navegador de Aerocivitus. Conhecido por interações cotidianas, pedidos, rumores e possibilidades de relacionamento.	54	Navegador	ACTIVE	FEMININO	0		
NPC_3205	Arinl	Kethruun	Sandbones	4	Ferreiro	Ferreiro de Sandbones. Conhecido por interações cotidianas, pedidos, rumores e possibilidades de relacionamento.	71	Ferreiro	ACTIVE	MASCULINO	0		
NPC_3206	Daethr	Nyssara	Emerald Tide	-2	Mensageiro	Mensageiro de Emerald Tide. Conhecido por interações cotidianas, pedidos, rumores e possibilidades de relacionamento.	25	Mensageiro	ACTIVE	FEMININO	0		
NPC_3207	Galiav	Myrthos	Sem nome definido	-1	Erudito	Erudito de Sem nome definido. Conhecido por interações cotidianas, pedidos, rumores e possibilidades de relacionamento.	42	Erudito	ACTIVE	MASCULINO	0		
NPC_3208	Jonas	Orinthal	Crystalia	0	Mago	Mago de Crystalia. Conhecido por interações cotidianas, pedidos, rumores e possibilidades de relacionamento.	59	Mago	ACTIVE	FEMININO	0		
NPC_3209	Marint	Valkyrion	Volmeria	1	Carroceiro	Carroceiro de Volmeria. Conhecido por interações cotidianas, pedidos, rumores e possibilidades de relacionamento.	76	Carroceiro	ACTIVE	MASCULINO	0		
NPC_3210	Renethm	Aeloria	Prismere	2	Caçador	Caçador de Prismere. Conhecido por interações cotidianas, pedidos, rumores e possibilidades de relacionamento.	30	Caçador	ACTIVE	FEMININO	0		
NPC_3211	Vioian	Zarim	Fornalia	3	Sentinela	Sentinela de Fornalia. Conhecido por interações cotidianas, pedidos, rumores e possibilidades de relacionamento.	47	Sentinela	ACTIVE	MASCULINO	0		
NPC_3212	Zanak	Eshmara	Brumas	4	Criador de animais	Criador de animais de Brumas. Conhecido por interações cotidianas, pedidos, rumores e possibilidades de relacionamento.	64	Criador de animais	ACTIVE	FEMININO	0		
NPC_3213	Belind	Tharun	Stone-Âmbar	-2	Bardo	Bardo de Stone-Âmbar. Conhecido por interações cotidianas, pedidos, rumores e possibilidades de relacionamento.	18	Bardo	ACTIVE	MASCULINO	0		
NPC_3214	Eliethb	Lyrien	Aerocivitus	-1	Guarda	Guarda de Aerocivitus. Conhecido por interações cotidianas, pedidos, rumores e possibilidades de relacionamento.	35	Guarda	ACTIVE	FEMININO	0		
NPC_3215	Heliath	Kethruun	Sandbones	0	Camponês	Camponês de Sandbones. Conhecido por interações cotidianas, pedidos, rumores e possibilidades de relacionamento.	52	Camponês	ACTIVE	MASCULINO	0		
NPC_3216	Kaaa	Nyssara	Emerald Tide	1	Clérigo	Clérigo de Emerald Tide. Conhecido por interações cotidianas, pedidos, rumores e possibilidades de relacionamento.	69	Clérigo	ACTIVE	FEMININO	0		
NPC_3217	Nerinl	Myrthos	Sem nome definido	2	Valaryn	Valaryn de Sem nome definido. Conhecido por interações cotidianas, pedidos, rumores e possibilidades de relacionamento.	23	Valaryn	ACTIVE	MASCULINO	0		
NPC_3218	Selethr	Orinthal	Crystalia	3	Artesão	Artesão de Crystalia. Conhecido por interações cotidianas, pedidos, rumores e possibilidades de relacionamento.	40	Artesão	ACTIVE	FEMININO	0		
NPC_3219	Wiliav	Valkyrion	Volmeria	4	Curandeiro	Curandeiro de Volmeria. Conhecido por interações cotidianas, pedidos, rumores e possibilidades de relacionamento.	57	Curandeiro	ACTIVE	MASCULINO	0		
NPC_3220	Alas	Aeloria	Jorwyn	-2	Aventureiro	Aventureiro de Jorwyn. Conhecido por interações cotidianas, pedidos, rumores e possibilidades de relacionamento.	74	Aventureiro	ACTIVE	FEMININO	0		
NPC_3221	Corint	Zarim	Fornalia	-1	Estudante	Estudante de Fornalia. Conhecido por interações cotidianas, pedidos, rumores e possibilidades de relacionamento.	28	Estudante	ACTIVE	MASCULINO	0		
NPC_3222	Ferethm	Eshmara	Brumas	0	Mercador	Mercador de Brumas. Conhecido por interações cotidianas, pedidos, rumores e possibilidades de relacionamento.	45	Mercador	ACTIVE	FEMININO	0		
NPC_3223	Iriian	Tharun	Stone-Âmbar	1	Pesquisador	Pesquisador de Stone-Âmbar. Conhecido por interações cotidianas, pedidos, rumores e possibilidades de relacionamento.	62	Pesquisador	ACTIVE	MASCULINO	0		
NPC_3224	Liaak	Lyrien	Aerocivitus	2	Navegador	Navegador de Aerocivitus. Conhecido por interações cotidianas, pedidos, rumores e possibilidades de relacionamento.	79	Navegador	ACTIVE	FEMININO	0		
NPC_3225	Oliind	Kethruun	Sandbones	3	Ferreiro	Ferreiro de Sandbones. Conhecido por interações cotidianas, pedidos, rumores e possibilidades de relacionamento.	33	Ferreiro	ACTIVE	MASCULINO	0		
NPC_3226	Torethb	Nyssara	Emerald Tide	4	Mensageiro	Mensageiro de Emerald Tide. Conhecido por interações cotidianas, pedidos, rumores e possibilidades de relacionamento.	50	Mensageiro	ACTIVE	FEMININO	0		
NPC_3227	Ysaiath	Myrthos	Sem nome definido	-2	Erudito	Erudito de Sem nome definido. Conhecido por interações cotidianas, pedidos, rumores e possibilidades de relacionamento.	67	Erudito	ACTIVE	MASCULINO	0		
NPC_3228	Araa	Orinthal	Crystalia	-1	Mago	Mago de Crystalia. Conhecido por interações cotidianas, pedidos, rumores e possibilidades de relacionamento.	21	Mago	ACTIVE	FEMININO	0		
NPC_3229	Dainl	Valkyrion	Volmeria	0	Carroceiro	Carroceiro de Volmeria. Conhecido por interações cotidianas, pedidos, rumores e possibilidades de relacionamento.	38	Carroceiro	ACTIVE	MASCULINO	0		
NPC_3230	Galethr	Aeloria	Dawnspire	1	Caçador	Caçador de Dawnspire. Conhecido por interações cotidianas, pedidos, rumores e possibilidades de relacionamento.	55	Caçador	ACTIVE	FEMININO	0		
NPC_3231	Joniav	Zarim	Fornalia	2	Sentinela	Sentinela de Fornalia. Conhecido por interações cotidianas, pedidos, rumores e possibilidades de relacionamento.	72	Sentinela	ACTIVE	MASCULINO	0		
NPC_3232	Maras	Eshmara	Brumas	3	Criador de animais	Criador de animais de Brumas. Conhecido por interações cotidianas, pedidos, rumores e possibilidades de relacionamento.	26	Criador de animais	ACTIVE	FEMININO	0		
NPC_3233	Renint	Tharun	Stone-Âmbar	4	Bardo	Bardo de Stone-Âmbar. Conhecido por interações cotidianas, pedidos, rumores e possibilidades de relacionamento.	43	Bardo	ACTIVE	MASCULINO	0		
NPC_3234	Vioethm	Lyrien	Aerocivitus	-2	Guarda	Guarda de Aerocivitus. Conhecido por interações cotidianas, pedidos, rumores e possibilidades de relacionamento.	60	Guarda	ACTIVE	FEMININO	0		
NPC_3235	Zanian	Kethruun	Sandbones	-1	Camponês	Camponês de Sandbones. Conhecido por interações cotidianas, pedidos, rumores e possibilidades de relacionamento.	77	Camponês	ACTIVE	MASCULINO	0		
NPC_3236	Belak	Nyssara	Emerald Tide	0	Clérigo	Clérigo de Emerald Tide. Conhecido por interações cotidianas, pedidos, rumores e possibilidades de relacionamento.	31	Clérigo	ACTIVE	FEMININO	0		
NPC_3237	Eliind	Myrthos	Sem nome definido	1	Valaryn	Valaryn de Sem nome definido. Conhecido por interações cotidianas, pedidos, rumores e possibilidades de relacionamento.	48	Valaryn	ACTIVE	MASCULINO	0		
NPC_3238	Helethb	Orinthal	Crystalia	2	Artesão	Artesão de Crystalia. Conhecido por interações cotidianas, pedidos, rumores e possibilidades de relacionamento.	65	Artesão	ACTIVE	FEMININO	0		
NPC_3239	Kaiath	Valkyrion	Volmeria	3	Curandeiro	Curandeiro de Volmeria. Conhecido por interações cotidianas, pedidos, rumores e possibilidades de relacionamento.	19	Curandeiro	ACTIVE	MASCULINO	0		
NPC_3240	Neraa	Aeloria	Xandralor	4	Aventureiro	Aventureiro de Xandralor. Conhecido por interações cotidianas, pedidos, rumores e possibilidades de relacionamento.	36	Aventureiro	ACTIVE	FEMININO	0		
NPC_3241	Selinl	Zarim	Fornalia	-2	Estudante	Estudante de Fornalia. Conhecido por interações cotidianas, pedidos, rumores e possibilidades de relacionamento.	53	Estudante	ACTIVE	MASCULINO	0		
NPC_3242	Wilethr	Eshmara	Brumas	-1	Mercador	Mercador de Brumas. Conhecido por interações cotidianas, pedidos, rumores e possibilidades de relacionamento.	70	Mercador	ACTIVE	FEMININO	0		
NPC_3243	Aliav	Tharun	Stone-Âmbar	0	Pesquisador	Pesquisador de Stone-Âmbar. Conhecido por interações cotidianas, pedidos, rumores e possibilidades de relacionamento.	24	Pesquisador	ACTIVE	MASCULINO	0		
NPC_3244	Coras	Lyrien	Aerocivitus	1	Navegador	Navegador de Aerocivitus. Conhecido por interações cotidianas, pedidos, rumores e possibilidades de relacionamento.	41	Navegador	ACTIVE	FEMININO	0		
NPC_3245	Ferint	Kethruun	Sandbones	2	Ferreiro	Ferreiro de Sandbones. Conhecido por interações cotidianas, pedidos, rumores e possibilidades de relacionamento.	58	Ferreiro	ACTIVE	MASCULINO	0		
NPC_3246	Iriethm	Nyssara	Emerald Tide	3	Mensageiro	Mensageiro de Emerald Tide. Conhecido por interações cotidianas, pedidos, rumores e possibilidades de relacionamento.	75	Mensageiro	ACTIVE	FEMININO	0		
NPC_3247	Liaian	Myrthos	Sem nome definido	4	Erudito	Erudito de Sem nome definido. Conhecido por interações cotidianas, pedidos, rumores e possibilidades de relacionamento.	29	Erudito	ACTIVE	MASCULINO	0		
NPC_3248	Oliak	Orinthal	Crystalia	-2	Mago	Mago de Crystalia. Conhecido por interações cotidianas, pedidos, rumores e possibilidades de relacionamento.	46	Mago	ACTIVE	FEMININO	0		
NPC_3249	Torind	Valkyrion	Volmeria	-1	Carroceiro	Carroceiro de Volmeria. Conhecido por interações cotidianas, pedidos, rumores e possibilidades de relacionamento.	63	Carroceiro	ACTIVE	MASCULINO	0		
NPC_3250	Ysaethb	Aeloria	Rivenholt	0	Caçador	Caçador de Rivenholt. Conhecido por interações cotidianas, pedidos, rumores e possibilidades de relacionamento.	80	Caçador	ACTIVE	FEMININO	0		
NPC_3251	Ariath	Zarim	Fornalia	1	Sentinela	Sentinela de Fornalia. Conhecido por interações cotidianas, pedidos, rumores e possibilidades de relacionamento.	34	Sentinela	ACTIVE	MASCULINO	0		
NPC_3252	Daaa	Eshmara	Brumas	2	Criador de animais	Criador de animais de Brumas. Conhecido por interações cotidianas, pedidos, rumores e possibilidades de relacionamento.	51	Criador de animais	ACTIVE	FEMININO	0		
NPC_3253	Galinl	Tharun	Stone-Âmbar	3	Bardo	Bardo de Stone-Âmbar. Conhecido por interações cotidianas, pedidos, rumores e possibilidades de relacionamento.	68	Bardo	ACTIVE	MASCULINO	0		
NPC_3254	Jonethr	Lyrien	Aerocivitus	4	Guarda	Guarda de Aerocivitus. Conhecido por interações cotidianas, pedidos, rumores e possibilidades de relacionamento.	22	Guarda	ACTIVE	FEMININO	0		
NPC_3255	Mariav	Kethruun	Sandbones	-2	Camponês	Camponês de Sandbones. Conhecido por interações cotidianas, pedidos, rumores e possibilidades de relacionamento.	39	Camponês	ACTIVE	MASCULINO	0		
NPC_3256	Renas	Nyssara	Emerald Tide	-1	Clérigo	Clérigo de Emerald Tide. Conhecido por interações cotidianas, pedidos, rumores e possibilidades de relacionamento.	56	Clérigo	ACTIVE	FEMININO	0		
NPC_3257	Vioint	Myrthos	Sem nome definido	0	Valaryn	Valaryn de Sem nome definido. Conhecido por interações cotidianas, pedidos, rumores e possibilidades de relacionamento.	73	Valaryn	ACTIVE	MASCULINO	0		
NPC_3258	Zanethm	Orinthal	Crystalia	1	Artesão	Artesão de Crystalia. Conhecido por interações cotidianas, pedidos, rumores e possibilidades de relacionamento.	27	Artesão	ACTIVE	FEMININO	0		
NPC_3259	Belian	Valkyrion	Volmeria	2	Curandeiro	Curandeiro de Volmeria. Conhecido por interações cotidianas, pedidos, rumores e possibilidades de relacionamento.	44	Curandeiro	ACTIVE	MASCULINO	0		
NPC_3260	Eliak	Aeloria	Loryndor	3	Aventureiro	Aventureiro de Loryndor. Conhecido por interações cotidianas, pedidos, rumores e possibilidades de relacionamento.	61	Aventureiro	ACTIVE	FEMININO	0		
NPC_3261	Helind	Zarim	Fornalia	4	Estudante	Estudante de Fornalia. Conhecido por interações cotidianas, pedidos, rumores e possibilidades de relacionamento.	78	Estudante	ACTIVE	MASCULINO	0		
NPC_3262	Kaethb	Eshmara	Brumas	-2	Mercador	Mercador de Brumas. Conhecido por interações cotidianas, pedidos, rumores e possibilidades de relacionamento.	32	Mercador	ACTIVE	FEMININO	0		
NPC_3263	Neriath	Tharun	Stone-Âmbar	-1	Pesquisador	Pesquisador de Stone-Âmbar. Conhecido por interações cotidianas, pedidos, rumores e possibilidades de relacionamento.	49	Pesquisador	ACTIVE	MASCULINO	0		
NPC_3264	Selaa	Lyrien	Aerocivitus	0	Navegador	Navegador de Aerocivitus. Conhecido por interações cotidianas, pedidos, rumores e possibilidades de relacionamento.	66	Navegador	ACTIVE	FEMININO	0		
NPC_3265	Wilinl	Kethruun	Sandbones	1	Ferreiro	Ferreiro de Sandbones. Conhecido por interações cotidianas, pedidos, rumores e possibilidades de relacionamento.	20	Ferreiro	ACTIVE	MASCULINO	0		
NPC_3266	Alethr	Nyssara	Emerald Tide	2	Mensageiro	Mensageiro de Emerald Tide. Conhecido por interações cotidianas, pedidos, rumores e possibilidades de relacionamento.	37	Mensageiro	ACTIVE	FEMININO	0		
NPC_3267	Coriav	Myrthos	Sem nome definido	3	Erudito	Erudito de Sem nome definido. Conhecido por interações cotidianas, pedidos, rumores e possibilidades de relacionamento.	54	Erudito	ACTIVE	MASCULINO	0		
NPC_3268	Feras	Orinthal	Crystalia	4	Mago	Mago de Crystalia. Conhecido por interações cotidianas, pedidos, rumores e possibilidades de relacionamento.	71	Mago	ACTIVE	FEMININO	0		
NPC_3269	Iriint	Valkyrion	Volmeria	-2	Carroceiro	Carroceiro de Volmeria. Conhecido por interações cotidianas, pedidos, rumores e possibilidades de relacionamento.	25	Carroceiro	ACTIVE	MASCULINO	0		
NPC_3270	Liaethm	Aeloria	Fenndral	-1	Caçador	Caçador de Fenndral. Conhecido por interações cotidianas, pedidos, rumores e possibilidades de relacionamento.	42	Caçador	ACTIVE	FEMININO	0		
NPC_3271	Oliian	Zarim	Fornalia	0	Sentinela	Sentinela de Fornalia. Conhecido por interações cotidianas, pedidos, rumores e possibilidades de relacionamento.	59	Sentinela	ACTIVE	MASCULINO	0		
NPC_3272	Torak	Eshmara	Brumas	1	Criador de animais	Criador de animais de Brumas. Conhecido por interações cotidianas, pedidos, rumores e possibilidades de relacionamento.	76	Criador de animais	ACTIVE	FEMININO	0		
NPC_3273	Ysaind	Tharun	Stone-Âmbar	2	Bardo	Bardo de Stone-Âmbar. Conhecido por interações cotidianas, pedidos, rumores e possibilidades de relacionamento.	30	Bardo	ACTIVE	MASCULINO	0		
NPC_3274	Arethb	Lyrien	Aerocivitus	3	Guarda	Guarda de Aerocivitus. Conhecido por interações cotidianas, pedidos, rumores e possibilidades de relacionamento.	47	Guarda	ACTIVE	FEMININO	0		
NPC_3275	Daiath	Kethruun	Sandbones	4	Camponês	Camponês de Sandbones. Conhecido por interações cotidianas, pedidos, rumores e possibilidades de relacionamento.	64	Camponês	ACTIVE	MASCULINO	0		
NPC_3276	Galaa	Nyssara	Emerald Tide	-2	Clérigo	Clérigo de Emerald Tide. Conhecido por interações cotidianas, pedidos, rumores e possibilidades de relacionamento.	18	Clérigo	ACTIVE	FEMININO	0		
NPC_3277	Joninl	Myrthos	Sem nome definido	-1	Valaryn	Valaryn de Sem nome definido. Conhecido por interações cotidianas, pedidos, rumores e possibilidades de relacionamento.	35	Valaryn	ACTIVE	MASCULINO	0		
NPC_3278	Marethr	Orinthal	Crystalia	0	Artesão	Artesão de Crystalia. Conhecido por interações cotidianas, pedidos, rumores e possibilidades de relacionamento.	52	Artesão	ACTIVE	FEMININO	0		
NPC_3279	Reniav	Valkyrion	Volmeria	1	Curandeiro	Curandeiro de Volmeria. Conhecido por interações cotidianas, pedidos, rumores e possibilidades de relacionamento.	69	Curandeiro	ACTIVE	MASCULINO	0		
NPC_3280	Vioas	Aeloria	Feyndral	2	Aventureiro	Aventureiro de Feyndral. Conhecido por interações cotidianas, pedidos, rumores e possibilidades de relacionamento.	23	Aventureiro	ACTIVE	FEMININO	0		
NPC_3281	Zanint	Zarim	Fornalia	3	Estudante	Estudante de Fornalia. Conhecido por interações cotidianas, pedidos, rumores e possibilidades de relacionamento.	40	Estudante	ACTIVE	MASCULINO	0		
NPC_3282	Belethm	Eshmara	Brumas	4	Mercador	Mercador de Brumas. Conhecido por interações cotidianas, pedidos, rumores e possibilidades de relacionamento.	57	Mercador	ACTIVE	FEMININO	0		
NPC_3283	Eliian	Tharun	Stone-Âmbar	-2	Pesquisador	Pesquisador de Stone-Âmbar. Conhecido por interações cotidianas, pedidos, rumores e possibilidades de relacionamento.	74	Pesquisador	ACTIVE	MASCULINO	0		
NPC_3284	Helak	Lyrien	Aerocivitus	-1	Navegador	Navegador de Aerocivitus. Conhecido por interações cotidianas, pedidos, rumores e possibilidades de relacionamento.	28	Navegador	ACTIVE	FEMININO	0		
NPC_3285	Kaind	Kethruun	Sandbones	0	Ferreiro	Ferreiro de Sandbones. Conhecido por interações cotidianas, pedidos, rumores e possibilidades de relacionamento.	45	Ferreiro	ACTIVE	MASCULINO	0		
NPC_3286	Nerethb	Nyssara	Emerald Tide	1	Mensageiro	Mensageiro de Emerald Tide. Conhecido por interações cotidianas, pedidos, rumores e possibilidades de relacionamento.	62	Mensageiro	ACTIVE	FEMININO	0		
NPC_3287	Seliath	Myrthos	Sem nome definido	2	Erudito	Erudito de Sem nome definido. Conhecido por interações cotidianas, pedidos, rumores e possibilidades de relacionamento.	79	Erudito	ACTIVE	MASCULINO	0		
NPC_3288	Wilaa	Orinthal	Crystalia	3	Mago	Mago de Crystalia. Conhecido por interações cotidianas, pedidos, rumores e possibilidades de relacionamento.	33	Mago	ACTIVE	FEMININO	0		
NPC_3289	Alinl	Valkyrion	Volmeria	4	Carroceiro	Carroceiro de Volmeria. Conhecido por interações cotidianas, pedidos, rumores e possibilidades de relacionamento.	50	Carroceiro	ACTIVE	MASCULINO	0		
NPC_3290	Corethr	Aeloria	Zephyrholt	-2	Caçador	Caçador de Zephyrholt. Conhecido por interações cotidianas, pedidos, rumores e possibilidades de relacionamento.	67	Caçador	ACTIVE	FEMININO	0		
NPC_3291	Feriav	Zarim	Fornalia	-1	Sentinela	Sentinela de Fornalia. Conhecido por interações cotidianas, pedidos, rumores e possibilidades de relacionamento.	21	Sentinela	ACTIVE	MASCULINO	0		
NPC_3292	Irias	Eshmara	Brumas	0	Criador de animais	Criador de animais de Brumas. Conhecido por interações cotidianas, pedidos, rumores e possibilidades de relacionamento.	38	Criador de animais	ACTIVE	FEMININO	0		
NPC_3293	Liaint	Tharun	Stone-Âmbar	1	Bardo	Bardo de Stone-Âmbar. Conhecido por interações cotidianas, pedidos, rumores e possibilidades de relacionamento.	55	Bardo	ACTIVE	MASCULINO	0		
NPC_3294	Oliethm	Lyrien	Aerocivitus	2	Guarda	Guarda de Aerocivitus. Conhecido por interações cotidianas, pedidos, rumores e possibilidades de relacionamento.	72	Guarda	ACTIVE	FEMININO	0		
NPC_3295	Torian	Kethruun	Sandbones	3	Camponês	Camponês de Sandbones. Conhecido por interações cotidianas, pedidos, rumores e possibilidades de relacionamento.	26	Camponês	ACTIVE	MASCULINO	0		
NPC_3296	Ysaak	Nyssara	Emerald Tide	4	Clérigo	Clérigo de Emerald Tide. Conhecido por interações cotidianas, pedidos, rumores e possibilidades de relacionamento.	43	Clérigo	ACTIVE	FEMININO	0		
NPC_3297	Arind	Myrthos	Sem nome definido	-2	Valaryn	Valaryn de Sem nome definido. Conhecido por interações cotidianas, pedidos, rumores e possibilidades de relacionamento.	60	Valaryn	ACTIVE	MASCULINO	0		
NPC_3298	Daethb	Orinthal	Crystalia	-1	Artesão	Artesão de Crystalia. Conhecido por interações cotidianas, pedidos, rumores e possibilidades de relacionamento.	77	Artesão	ACTIVE	FEMININO	0		
NPC_3299	Galiath	Valkyrion	Volmeria	0	Curandeiro	Curandeiro de Volmeria. Conhecido por interações cotidianas, pedidos, rumores e possibilidades de relacionamento.	31	Curandeiro	ACTIVE	MASCULINO	0		
NPC_3300	Jonaa	Aeloria	Tindralith	1	Aventureiro	Aventureiro de Tindralith. Conhecido por interações cotidianas, pedidos, rumores e possibilidades de relacionamento.	48	Aventureiro	ACTIVE	FEMININO	0		
NPC_3301	Marinl	Zarim	Fornalia	2	Estudante	Estudante de Fornalia. Conhecido por interações cotidianas, pedidos, rumores e possibilidades de relacionamento.	65	Estudante	ACTIVE	MASCULINO	0		
NPC_3302	Renethr	Eshmara	Brumas	3	Mercador	Mercador de Brumas. Conhecido por interações cotidianas, pedidos, rumores e possibilidades de relacionamento.	19	Mercador	ACTIVE	FEMININO	0		
NPC_3303	Vioiav	Tharun	Stone-Âmbar	4	Pesquisador	Pesquisador de Stone-Âmbar. Conhecido por interações cotidianas, pedidos, rumores e possibilidades de relacionamento.	36	Pesquisador	ACTIVE	MASCULINO	0		
NPC_3304	Zanas	Lyrien	Aerocivitus	-2	Navegador	Navegador de Aerocivitus. Conhecido por interações cotidianas, pedidos, rumores e possibilidades de relacionamento.	53	Navegador	ACTIVE	FEMININO	0		
NPC_3305	Belint	Kethruun	Sandbones	-1	Ferreiro	Ferreiro de Sandbones. Conhecido por interações cotidianas, pedidos, rumores e possibilidades de relacionamento.	70	Ferreiro	ACTIVE	MASCULINO	0		
NPC_3306	Eliethm	Nyssara	Emerald Tide	0	Mensageiro	Mensageiro de Emerald Tide. Conhecido por interações cotidianas, pedidos, rumores e possibilidades de relacionamento.	24	Mensageiro	ACTIVE	FEMININO	0		
NPC_3307	Helian	Myrthos	Sem nome definido	1	Erudito	Erudito de Sem nome definido. Conhecido por interações cotidianas, pedidos, rumores e possibilidades de relacionamento.	41	Erudito	ACTIVE	MASCULINO	0		
NPC_3308	Kaak	Orinthal	Crystalia	2	Mago	Mago de Crystalia. Conhecido por interações cotidianas, pedidos, rumores e possibilidades de relacionamento.	58	Mago	ACTIVE	FEMININO	0		
NPC_3309	Nerind	Valkyrion	Volmeria	3	Carroceiro	Carroceiro de Volmeria. Conhecido por interações cotidianas, pedidos, rumores e possibilidades de relacionamento.	75	Carroceiro	ACTIVE	MASCULINO	0		
NPC_3310	Selethb	Aeloria	Netherholt	4	Caçador	Caçador de Netherholt. Conhecido por interações cotidianas, pedidos, rumores e possibilidades de relacionamento.	29	Caçador	ACTIVE	FEMININO	0		
NPC_3311	Wiliath	Zarim	Fornalia	-2	Sentinela	Sentinela de Fornalia. Conhecido por interações cotidianas, pedidos, rumores e possibilidades de relacionamento.	46	Sentinela	ACTIVE	MASCULINO	0		
NPC_3312	Alaa	Eshmara	Brumas	-1	Criador de animais	Criador de animais de Brumas. Conhecido por interações cotidianas, pedidos, rumores e possibilidades de relacionamento.	63	Criador de animais	ACTIVE	FEMININO	0		
NPC_3313	Corinl	Tharun	Stone-Âmbar	0	Bardo	Bardo de Stone-Âmbar. Conhecido por interações cotidianas, pedidos, rumores e possibilidades de relacionamento.	80	Bardo	ACTIVE	MASCULINO	0		
NPC_3314	Ferethr	Lyrien	Aerocivitus	1	Guarda	Guarda de Aerocivitus. Conhecido por interações cotidianas, pedidos, rumores e possibilidades de relacionamento.	34	Guarda	ACTIVE	FEMININO	0		
NPC_3315	Iriiav	Kethruun	Sandbones	2	Camponês	Camponês de Sandbones. Conhecido por interações cotidianas, pedidos, rumores e possibilidades de relacionamento.	51	Camponês	ACTIVE	MASCULINO	0		
NPC_3316	Liaas	Nyssara	Emerald Tide	3	Clérigo	Clérigo de Emerald Tide. Conhecido por interações cotidianas, pedidos, rumores e possibilidades de relacionamento.	68	Clérigo	ACTIVE	FEMININO	0		
NPC_3317	Oliint	Myrthos	Sem nome definido	4	Valaryn	Valaryn de Sem nome definido. Conhecido por interações cotidianas, pedidos, rumores e possibilidades de relacionamento.	22	Valaryn	ACTIVE	MASCULINO	0		
NPC_3318	Torethm	Orinthal	Crystalia	-2	Artesão	Artesão de Crystalia. Conhecido por interações cotidianas, pedidos, rumores e possibilidades de relacionamento.	39	Artesão	ACTIVE	FEMININO	0		
NPC_3319	Ysaian	Valkyrion	Volmeria	-1	Curandeiro	Curandeiro de Volmeria. Conhecido por interações cotidianas, pedidos, rumores e possibilidades de relacionamento.	56	Curandeiro	ACTIVE	MASCULINO	0		
NPC_3320	Arak	Aeloria	Highspire	0	Aventureiro	Aventureiro de Highspire. Conhecido por interações cotidianas, pedidos, rumores e possibilidades de relacionamento.	73	Aventureiro	ACTIVE	FEMININO	0		
NPC_3321	Daind	Zarim	Fornalia	1	Estudante	Estudante de Fornalia. Conhecido por interações cotidianas, pedidos, rumores e possibilidades de relacionamento.	27	Estudante	ACTIVE	MASCULINO	0		
NPC_3322	Galethb	Eshmara	Brumas	2	Mercador	Mercador de Brumas. Conhecido por interações cotidianas, pedidos, rumores e possibilidades de relacionamento.	44	Mercador	ACTIVE	FEMININO	0		
NPC_3323	Joniath	Tharun	Stone-Âmbar	3	Pesquisador	Pesquisador de Stone-Âmbar. Conhecido por interações cotidianas, pedidos, rumores e possibilidades de relacionamento.	61	Pesquisador	ACTIVE	MASCULINO	0		
NPC_3324	Maraa	Lyrien	Aerocivitus	4	Navegador	Navegador de Aerocivitus. Conhecido por interações cotidianas, pedidos, rumores e possibilidades de relacionamento.	78	Navegador	ACTIVE	FEMININO	0		
NPC_3325	Reninl	Kethruun	Sandbones	-2	Ferreiro	Ferreiro de Sandbones. Conhecido por interações cotidianas, pedidos, rumores e possibilidades de relacionamento.	32	Ferreiro	ACTIVE	MASCULINO	0		
NPC_3326	Vioethr	Nyssara	Emerald Tide	-1	Mensageiro	Mensageiro de Emerald Tide. Conhecido por interações cotidianas, pedidos, rumores e possibilidades de relacionamento.	49	Mensageiro	ACTIVE	FEMININO	0		
NPC_3327	Zaniav	Myrthos	Sem nome definido	0	Erudito	Erudito de Sem nome definido. Conhecido por interações cotidianas, pedidos, rumores e possibilidades de relacionamento.	66	Erudito	ACTIVE	MASCULINO	0		
NPC_3328	Belas	Orinthal	Crystalia	1	Mago	Mago de Crystalia. Conhecido por interações cotidianas, pedidos, rumores e possibilidades de relacionamento.	20	Mago	ACTIVE	FEMININO	0		
NPC_3329	Eliint	Valkyrion	Volmeria	2	Carroceiro	Carroceiro de Volmeria. Conhecido por interações cotidianas, pedidos, rumores e possibilidades de relacionamento.	37	Carroceiro	ACTIVE	MASCULINO	0		
NPC_3330	Helethm	Aeloria	Blackmere	3	Caçador	Caçador de Blackmere. Conhecido por interações cotidianas, pedidos, rumores e possibilidades de relacionamento.	54	Caçador	ACTIVE	FEMININO	0		
NPC_3331	Kaian	Zarim	Fornalia	4	Sentinela	Sentinela de Fornalia. Conhecido por interações cotidianas, pedidos, rumores e possibilidades de relacionamento.	71	Sentinela	ACTIVE	MASCULINO	0		
NPC_3332	Nerak	Eshmara	Brumas	-2	Criador de animais	Criador de animais de Brumas. Conhecido por interações cotidianas, pedidos, rumores e possibilidades de relacionamento.	25	Criador de animais	ACTIVE	FEMININO	0		
NPC_3333	Selind	Tharun	Stone-Âmbar	-1	Bardo	Bardo de Stone-Âmbar. Conhecido por interações cotidianas, pedidos, rumores e possibilidades de relacionamento.	42	Bardo	ACTIVE	MASCULINO	0		
NPC_3334	Wilethb	Lyrien	Aerocivitus	0	Guarda	Guarda de Aerocivitus. Conhecido por interações cotidianas, pedidos, rumores e possibilidades de relacionamento.	59	Guarda	ACTIVE	FEMININO	0		
NPC_3335	Aliath	Kethruun	Sandbones	1	Camponês	Camponês de Sandbones. Conhecido por interações cotidianas, pedidos, rumores e possibilidades de relacionamento.	76	Camponês	ACTIVE	MASCULINO	0		
NPC_3336	Coraa	Nyssara	Emerald Tide	2	Clérigo	Clérigo de Emerald Tide. Conhecido por interações cotidianas, pedidos, rumores e possibilidades de relacionamento.	30	Clérigo	ACTIVE	FEMININO	0		
NPC_3337	Ferinl	Myrthos	Sem nome definido	3	Valaryn	Valaryn de Sem nome definido. Conhecido por interações cotidianas, pedidos, rumores e possibilidades de relacionamento.	47	Valaryn	ACTIVE	MASCULINO	0		
NPC_3338	Iriethr	Orinthal	Crystalia	4	Artesão	Artesão de Crystalia. Conhecido por interações cotidianas, pedidos, rumores e possibilidades de relacionamento.	64	Artesão	ACTIVE	FEMININO	0		
NPC_3339	Liaiav	Valkyrion	Volmeria	-2	Curandeiro	Curandeiro de Volmeria. Conhecido por interações cotidianas, pedidos, rumores e possibilidades de relacionamento.	18	Curandeiro	ACTIVE	MASCULINO	0		
NPC_3340	Olias	Aeloria	Veyndaril	-1	Aventureiro	Aventureiro de Veyndaril. Conhecido por interações cotidianas, pedidos, rumores e possibilidades de relacionamento.	35	Aventureiro	ACTIVE	FEMININO	0		
NPC_3341	Torint	Zarim	Fornalia	0	Estudante	Estudante de Fornalia. Conhecido por interações cotidianas, pedidos, rumores e possibilidades de relacionamento.	52	Estudante	ACTIVE	MASCULINO	0		
NPC_3342	Ysaethm	Eshmara	Brumas	1	Mercador	Mercador de Brumas. Conhecido por interações cotidianas, pedidos, rumores e possibilidades de relacionamento.	69	Mercador	ACTIVE	FEMININO	0		
NPC_3343	Arian	Tharun	Stone-Âmbar	2	Pesquisador	Pesquisador de Stone-Âmbar. Conhecido por interações cotidianas, pedidos, rumores e possibilidades de relacionamento.	23	Pesquisador	ACTIVE	MASCULINO	0		
NPC_3344	Daak	Lyrien	Aerocivitus	3	Navegador	Navegador de Aerocivitus. Conhecido por interações cotidianas, pedidos, rumores e possibilidades de relacionamento.	40	Navegador	ACTIVE	FEMININO	0		
NPC_3345	Galind	Kethruun	Sandbones	4	Ferreiro	Ferreiro de Sandbones. Conhecido por interações cotidianas, pedidos, rumores e possibilidades de relacionamento.	57	Ferreiro	ACTIVE	MASCULINO	0		
NPC_3346	Jonethb	Nyssara	Emerald Tide	-2	Mensageiro	Mensageiro de Emerald Tide. Conhecido por interações cotidianas, pedidos, rumores e possibilidades de relacionamento.	74	Mensageiro	ACTIVE	FEMININO	0		
NPC_3347	Mariath	Myrthos	Sem nome definido	-1	Erudito	Erudito de Sem nome definido. Conhecido por interações cotidianas, pedidos, rumores e possibilidades de relacionamento.	28	Erudito	ACTIVE	MASCULINO	0		
NPC_3348	Renaa	Orinthal	Crystalia	0	Mago	Mago de Crystalia. Conhecido por interações cotidianas, pedidos, rumores e possibilidades de relacionamento.	45	Mago	ACTIVE	FEMININO	0		
NPC_3349	Vioinl	Valkyrion	Volmeria	1	Carroceiro	Carroceiro de Volmeria. Conhecido por interações cotidianas, pedidos, rumores e possibilidades de relacionamento.	62	Carroceiro	ACTIVE	MASCULINO	0		
NPC_3350	Zanethr	Aeloria	Pyrelith	2	Caçador	Caçador de Pyrelith. Conhecido por interações cotidianas, pedidos, rumores e possibilidades de relacionamento.	79	Caçador	ACTIVE	FEMININO	0		
NPC_3351	Beliav	Zarim	Fornalia	3	Sentinela	Sentinela de Fornalia. Conhecido por interações cotidianas, pedidos, rumores e possibilidades de relacionamento.	33	Sentinela	ACTIVE	MASCULINO	0		
NPC_3352	Elias	Eshmara	Brumas	4	Criador de animais	Criador de animais de Brumas. Conhecido por interações cotidianas, pedidos, rumores e possibilidades de relacionamento.	50	Criador de animais	ACTIVE	FEMININO	0		
NPC_3353	Helint	Tharun	Stone-Âmbar	-2	Bardo	Bardo de Stone-Âmbar. Conhecido por interações cotidianas, pedidos, rumores e possibilidades de relacionamento.	67	Bardo	ACTIVE	MASCULINO	0		
NPC_3354	Kaethm	Lyrien	Aerocivitus	-1	Guarda	Guarda de Aerocivitus. Conhecido por interações cotidianas, pedidos, rumores e possibilidades de relacionamento.	21	Guarda	ACTIVE	FEMININO	0		
NPC_3355	Nerian	Kethruun	Sandbones	0	Camponês	Camponês de Sandbones. Conhecido por interações cotidianas, pedidos, rumores e possibilidades de relacionamento.	38	Camponês	ACTIVE	MASCULINO	0		
NPC_3356	Selak	Nyssara	Emerald Tide	1	Clérigo	Clérigo de Emerald Tide. Conhecido por interações cotidianas, pedidos, rumores e possibilidades de relacionamento.	55	Clérigo	ACTIVE	FEMININO	0		
NPC_3357	Wilind	Myrthos	Sem nome definido	2	Valaryn	Valaryn de Sem nome definido. Conhecido por interações cotidianas, pedidos, rumores e possibilidades de relacionamento.	72	Valaryn	ACTIVE	MASCULINO	0		
NPC_3358	Alethb	Orinthal	Crystalia	3	Artesão	Artesão de Crystalia. Conhecido por interações cotidianas, pedidos, rumores e possibilidades de relacionamento.	26	Artesão	ACTIVE	FEMININO	0		
NPC_3359	Coriath	Valkyrion	Volmeria	4	Curandeiro	Curandeiro de Volmeria. Conhecido por interações cotidianas, pedidos, rumores e possibilidades de relacionamento.	43	Curandeiro	ACTIVE	MASCULINO	0		
NPC_3360	Feraa	Aeloria	Jorathen	-2	Aventureiro	Aventureiro de Jorathen. Conhecido por interações cotidianas, pedidos, rumores e possibilidades de relacionamento.	60	Aventureiro	ACTIVE	FEMININO	0		
NPC_3361	Iriinl	Zarim	Fornalia	-1	Estudante	Estudante de Fornalia. Conhecido por interações cotidianas, pedidos, rumores e possibilidades de relacionamento.	77	Estudante	ACTIVE	MASCULINO	0		
NPC_3362	Liaethr	Eshmara	Brumas	0	Mercador	Mercador de Brumas. Conhecido por interações cotidianas, pedidos, rumores e possibilidades de relacionamento.	31	Mercador	ACTIVE	FEMININO	0		
NPC_3363	Oliiav	Tharun	Stone-Âmbar	1	Pesquisador	Pesquisador de Stone-Âmbar. Conhecido por interações cotidianas, pedidos, rumores e possibilidades de relacionamento.	48	Pesquisador	ACTIVE	MASCULINO	0		
NPC_3364	Toras	Lyrien	Aerocivitus	2	Navegador	Navegador de Aerocivitus. Conhecido por interações cotidianas, pedidos, rumores e possibilidades de relacionamento.	65	Navegador	ACTIVE	FEMININO	0		
NPC_3365	Ysaint	Kethruun	Sandbones	3	Ferreiro	Ferreiro de Sandbones. Conhecido por interações cotidianas, pedidos, rumores e possibilidades de relacionamento.	19	Ferreiro	ACTIVE	MASCULINO	0		
NPC_3366	Arethm	Nyssara	Emerald Tide	4	Mensageiro	Mensageiro de Emerald Tide. Conhecido por interações cotidianas, pedidos, rumores e possibilidades de relacionamento.	36	Mensageiro	ACTIVE	FEMININO	0		
NPC_3367	Daian	Myrthos	Sem nome definido	-2	Erudito	Erudito de Sem nome definido. Conhecido por interações cotidianas, pedidos, rumores e possibilidades de relacionamento.	53	Erudito	ACTIVE	MASCULINO	0		
NPC_3368	Galak	Orinthal	Crystalia	-1	Mago	Mago de Crystalia. Conhecido por interações cotidianas, pedidos, rumores e possibilidades de relacionamento.	70	Mago	ACTIVE	FEMININO	0		
NPC_3369	Jonind	Valkyrion	Volmeria	0	Carroceiro	Carroceiro de Volmeria. Conhecido por interações cotidianas, pedidos, rumores e possibilidades de relacionamento.	24	Carroceiro	ACTIVE	MASCULINO	0		
NPC_3370	Marethb	Aeloria	Duskmere	1	Caçador	Caçador de Duskmere. Conhecido por interações cotidianas, pedidos, rumores e possibilidades de relacionamento.	41	Caçador	ACTIVE	FEMININO	0		
NPC_3371	Reniath	Zarim	Fornalia	2	Sentinela	Sentinela de Fornalia. Conhecido por interações cotidianas, pedidos, rumores e possibilidades de relacionamento.	58	Sentinela	ACTIVE	MASCULINO	0		
NPC_3372	Vioaa	Eshmara	Brumas	3	Criador de animais	Criador de animais de Brumas. Conhecido por interações cotidianas, pedidos, rumores e possibilidades de relacionamento.	75	Criador de animais	ACTIVE	FEMININO	0		
NPC_3373	Zaninl	Tharun	Stone-Âmbar	4	Bardo	Bardo de Stone-Âmbar. Conhecido por interações cotidianas, pedidos, rumores e possibilidades de relacionamento.	29	Bardo	ACTIVE	MASCULINO	0		
NPC_3374	Belethr	Lyrien	Aerocivitus	-2	Guarda	Guarda de Aerocivitus. Conhecido por interações cotidianas, pedidos, rumores e possibilidades de relacionamento.	46	Guarda	ACTIVE	FEMININO	0		
NPC_3375	Eliiav	Kethruun	Sandbones	-1	Camponês	Camponês de Sandbones. Conhecido por interações cotidianas, pedidos, rumores e possibilidades de relacionamento.	63	Camponês	ACTIVE	MASCULINO	0		
NPC_3376	Helas	Nyssara	Emerald Tide	0	Clérigo	Clérigo de Emerald Tide. Conhecido por interações cotidianas, pedidos, rumores e possibilidades de relacionamento.	80	Clérigo	ACTIVE	FEMININO	0		
NPC_3377	Kaint	Myrthos	Sem nome definido	1	Valaryn	Valaryn de Sem nome definido. Conhecido por interações cotidianas, pedidos, rumores e possibilidades de relacionamento.	34	Valaryn	ACTIVE	MASCULINO	0		
NPC_3378	Nerethm	Orinthal	Crystalia	2	Artesão	Artesão de Crystalia. Conhecido por interações cotidianas, pedidos, rumores e possibilidades de relacionamento.	51	Artesão	ACTIVE	FEMININO	0		
NPC_3379	Selian	Valkyrion	Volmeria	3	Curandeiro	Curandeiro de Volmeria. Conhecido por interações cotidianas, pedidos, rumores e possibilidades de relacionamento.	68	Curandeiro	ACTIVE	MASCULINO	0		
NPC_3380	Wilak	Aeloria	Lunareth	4	Aventureiro	Aventureiro de Lunareth. Conhecido por interações cotidianas, pedidos, rumores e possibilidades de relacionamento.	22	Aventureiro	ACTIVE	FEMININO	0		
NPC_3381	Alind	Zarim	Fornalia	-2	Estudante	Estudante de Fornalia. Conhecido por interações cotidianas, pedidos, rumores e possibilidades de relacionamento.	39	Estudante	ACTIVE	MASCULINO	0		
NPC_3382	Corethb	Eshmara	Brumas	-1	Mercador	Mercador de Brumas. Conhecido por interações cotidianas, pedidos, rumores e possibilidades de relacionamento.	56	Mercador	ACTIVE	FEMININO	0		
NPC_3383	Feriath	Tharun	Stone-Âmbar	0	Pesquisador	Pesquisador de Stone-Âmbar. Conhecido por interações cotidianas, pedidos, rumores e possibilidades de relacionamento.	73	Pesquisador	ACTIVE	MASCULINO	0		
NPC_3384	Iriaa	Lyrien	Aerocivitus	1	Navegador	Navegador de Aerocivitus. Conhecido por interações cotidianas, pedidos, rumores e possibilidades de relacionamento.	27	Navegador	ACTIVE	FEMININO	0		
NPC_3385	Liainl	Kethruun	Sandbones	2	Ferreiro	Ferreiro de Sandbones. Conhecido por interações cotidianas, pedidos, rumores e possibilidades de relacionamento.	44	Ferreiro	ACTIVE	MASCULINO	0		
NPC_3386	Oliethr	Nyssara	Emerald Tide	3	Mensageiro	Mensageiro de Emerald Tide. Conhecido por interações cotidianas, pedidos, rumores e possibilidades de relacionamento.	61	Mensageiro	ACTIVE	FEMININO	0		
NPC_3387	Toriav	Myrthos	Sem nome definido	4	Erudito	Erudito de Sem nome definido. Conhecido por interações cotidianas, pedidos, rumores e possibilidades de relacionamento.	78	Erudito	ACTIVE	MASCULINO	0		
NPC_3388	Ysaas	Orinthal	Crystalia	-2	Mago	Mago de Crystalia. Conhecido por interações cotidianas, pedidos, rumores e possibilidades de relacionamento.	32	Mago	ACTIVE	FEMININO	0		
NPC_3389	Arint	Valkyrion	Volmeria	-1	Carroceiro	Carroceiro de Volmeria. Conhecido por interações cotidianas, pedidos, rumores e possibilidades de relacionamento.	49	Carroceiro	ACTIVE	MASCULINO	0		
NPC_3390	Daethm	Aeloria	Xyrelith	0	Caçador	Caçador de Xyrelith. Conhecido por interações cotidianas, pedidos, rumores e possibilidades de relacionamento.	66	Caçador	ACTIVE	FEMININO	0		
NPC_3391	Galian	Zarim	Fornalia	1	Sentinela	Sentinela de Fornalia. Conhecido por interações cotidianas, pedidos, rumores e possibilidades de relacionamento.	20	Sentinela	ACTIVE	MASCULINO	0		
NPC_3392	Jonak	Eshmara	Brumas	2	Criador de animais	Criador de animais de Brumas. Conhecido por interações cotidianas, pedidos, rumores e possibilidades de relacionamento.	37	Criador de animais	ACTIVE	FEMININO	0		
NPC_3393	Marind	Tharun	Stone-Âmbar	3	Bardo	Bardo de Stone-Âmbar. Conhecido por interações cotidianas, pedidos, rumores e possibilidades de relacionamento.	54	Bardo	ACTIVE	MASCULINO	0		
NPC_3394	Renethb	Lyrien	Aerocivitus	4	Guarda	Guarda de Aerocivitus. Conhecido por interações cotidianas, pedidos, rumores e possibilidades de relacionamento.	71	Guarda	ACTIVE	FEMININO	0		
NPC_3395	Vioiath	Kethruun	Sandbones	-2	Camponês	Camponês de Sandbones. Conhecido por interações cotidianas, pedidos, rumores e possibilidades de relacionamento.	25	Camponês	ACTIVE	MASCULINO	0		
NPC_3396	Zanaa	Nyssara	Emerald Tide	-1	Clérigo	Clérigo de Emerald Tide. Conhecido por interações cotidianas, pedidos, rumores e possibilidades de relacionamento.	42	Clérigo	ACTIVE	FEMININO	0		
NPC_3397	Belinl	Myrthos	Sem nome definido	0	Valaryn	Valaryn de Sem nome definido. Conhecido por interações cotidianas, pedidos, rumores e possibilidades de relacionamento.	59	Valaryn	ACTIVE	MASCULINO	0		
NPC_3398	Eliethr	Orinthal	Crystalia	1	Artesão	Artesão de Crystalia. Conhecido por interações cotidianas, pedidos, rumores e possibilidades de relacionamento.	76	Artesão	ACTIVE	FEMININO	0		
NPC_3399	Heliav	Valkyrion	Volmeria	2	Curandeiro	Curandeiro de Volmeria. Conhecido por interações cotidianas, pedidos, rumores e possibilidades de relacionamento.	30	Curandeiro	ACTIVE	MASCULINO	0		
NPC_3400	Kaas	Aeloria	Runedral	3	Aventureiro	Aventureiro de Runedral. Conhecido por interações cotidianas, pedidos, rumores e possibilidades de relacionamento.	47	Aventureiro	ACTIVE	FEMININO	0		
NPC_3401	Nerint	Zarim	Fornalia	4	Estudante	Estudante de Fornalia. Conhecido por interações cotidianas, pedidos, rumores e possibilidades de relacionamento.	64	Estudante	ACTIVE	MASCULINO	0		
NPC_3402	Selethm	Eshmara	Brumas	-2	Mercador	Mercador de Brumas. Conhecido por interações cotidianas, pedidos, rumores e possibilidades de relacionamento.	18	Mercador	ACTIVE	FEMININO	0		
NPC_3403	Wilian	Tharun	Stone-Âmbar	-1	Pesquisador	Pesquisador de Stone-Âmbar. Conhecido por interações cotidianas, pedidos, rumores e possibilidades de relacionamento.	35	Pesquisador	ACTIVE	MASCULINO	0		
NPC_3404	Alak	Lyrien	Aerocivitus	0	Navegador	Navegador de Aerocivitus. Conhecido por interações cotidianas, pedidos, rumores e possibilidades de relacionamento.	52	Navegador	ACTIVE	FEMININO	0		
NPC_3405	Corind	Kethruun	Sandbones	1	Ferreiro	Ferreiro de Sandbones. Conhecido por interações cotidianas, pedidos, rumores e possibilidades de relacionamento.	69	Ferreiro	ACTIVE	MASCULINO	0		
NPC_3406	Ferethb	Nyssara	Emerald Tide	2	Mensageiro	Mensageiro de Emerald Tide. Conhecido por interações cotidianas, pedidos, rumores e possibilidades de relacionamento.	23	Mensageiro	ACTIVE	FEMININO	0		
NPC_3407	Iriiath	Myrthos	Sem nome definido	3	Erudito	Erudito de Sem nome definido. Conhecido por interações cotidianas, pedidos, rumores e possibilidades de relacionamento.	40	Erudito	ACTIVE	MASCULINO	0		
NPC_3408	Liaaa	Orinthal	Crystalia	4	Mago	Mago de Crystalia. Conhecido por interações cotidianas, pedidos, rumores e possibilidades de relacionamento.	57	Mago	ACTIVE	FEMININO	0		
NPC_3409	Oliinl	Valkyrion	Volmeria	-2	Carroceiro	Carroceiro de Volmeria. Conhecido por interações cotidianas, pedidos, rumores e possibilidades de relacionamento.	74	Carroceiro	ACTIVE	MASCULINO	0		
NPC_3410	Torethr	Aeloria	Lorwynne	-1	Caçador	Caçador de Lorwynne. Conhecido por interações cotidianas, pedidos, rumores e possibilidades de relacionamento.	28	Caçador	ACTIVE	FEMININO	0		
NPC_3411	Ysaiav	Zarim	Fornalia	0	Sentinela	Sentinela de Fornalia. Conhecido por interações cotidianas, pedidos, rumores e possibilidades de relacionamento.	45	Sentinela	ACTIVE	MASCULINO	0		
NPC_3412	Aras	Eshmara	Brumas	1	Criador de animais	Criador de animais de Brumas. Conhecido por interações cotidianas, pedidos, rumores e possibilidades de relacionamento.	62	Criador de animais	ACTIVE	FEMININO	0		
NPC_3413	Daint	Tharun	Stone-Âmbar	2	Bardo	Bardo de Stone-Âmbar. Conhecido por interações cotidianas, pedidos, rumores e possibilidades de relacionamento.	79	Bardo	ACTIVE	MASCULINO	0		
NPC_3414	Galethm	Lyrien	Aerocivitus	3	Guarda	Guarda de Aerocivitus. Conhecido por interações cotidianas, pedidos, rumores e possibilidades de relacionamento.	33	Guarda	ACTIVE	FEMININO	0		
NPC_3415	Jonian	Kethruun	Sandbones	4	Camponês	Camponês de Sandbones. Conhecido por interações cotidianas, pedidos, rumores e possibilidades de relacionamento.	50	Camponês	ACTIVE	MASCULINO	0		
NPC_3416	Marak	Nyssara	Emerald Tide	-2	Clérigo	Clérigo de Emerald Tide. Conhecido por interações cotidianas, pedidos, rumores e possibilidades de relacionamento.	67	Clérigo	ACTIVE	FEMININO	0		
NPC_3417	Renind	Myrthos	Sem nome definido	-1	Valaryn	Valaryn de Sem nome definido. Conhecido por interações cotidianas, pedidos, rumores e possibilidades de relacionamento.	21	Valaryn	ACTIVE	MASCULINO	0		
NPC_3418	Vioethb	Orinthal	Crystalia	0	Artesão	Artesão de Crystalia. Conhecido por interações cotidianas, pedidos, rumores e possibilidades de relacionamento.	38	Artesão	ACTIVE	FEMININO	0		
NPC_3419	Zaniath	Valkyrion	Volmeria	1	Curandeiro	Curandeiro de Volmeria. Conhecido por interações cotidianas, pedidos, rumores e possibilidades de relacionamento.	55	Curandeiro	ACTIVE	MASCULINO	0		
NPC_3420	Belaa	Aeloria	Frostmere	2	Aventureiro	Aventureiro de Frostmere. Conhecido por interações cotidianas, pedidos, rumores e possibilidades de relacionamento.	72	Aventureiro	ACTIVE	FEMININO	0		
NPC_3421	Eliinl	Zarim	Fornalia	3	Estudante	Estudante de Fornalia. Conhecido por interações cotidianas, pedidos, rumores e possibilidades de relacionamento.	26	Estudante	ACTIVE	MASCULINO	0		
NPC_3422	Helethr	Eshmara	Brumas	4	Mercador	Mercador de Brumas. Conhecido por interações cotidianas, pedidos, rumores e possibilidades de relacionamento.	43	Mercador	ACTIVE	FEMININO	0		
NPC_3423	Kaiav	Tharun	Stone-Âmbar	-2	Pesquisador	Pesquisador de Stone-Âmbar. Conhecido por interações cotidianas, pedidos, rumores e possibilidades de relacionamento.	60	Pesquisador	ACTIVE	MASCULINO	0		
NPC_3424	Neras	Lyrien	Aerocivitus	-1	Navegador	Navegador de Aerocivitus. Conhecido por interações cotidianas, pedidos, rumores e possibilidades de relacionamento.	77	Navegador	ACTIVE	FEMININO	0		
NPC_3425	Selint	Kethruun	Sandbones	0	Ferreiro	Ferreiro de Sandbones. Conhecido por interações cotidianas, pedidos, rumores e possibilidades de relacionamento.	31	Ferreiro	ACTIVE	MASCULINO	0		
NPC_3426	Wilethm	Nyssara	Emerald Tide	1	Mensageiro	Mensageiro de Emerald Tide. Conhecido por interações cotidianas, pedidos, rumores e possibilidades de relacionamento.	48	Mensageiro	ACTIVE	FEMININO	0		
NPC_3427	Alian	Myrthos	Sem nome definido	2	Erudito	Erudito de Sem nome definido. Conhecido por interações cotidianas, pedidos, rumores e possibilidades de relacionamento.	65	Erudito	ACTIVE	MASCULINO	0		
NPC_3428	Corak	Orinthal	Crystalia	3	Mago	Mago de Crystalia. Conhecido por interações cotidianas, pedidos, rumores e possibilidades de relacionamento.	19	Mago	ACTIVE	FEMININO	0		
NPC_3429	Ferind	Valkyrion	Volmeria	4	Carroceiro	Carroceiro de Volmeria. Conhecido por interações cotidianas, pedidos, rumores e possibilidades de relacionamento.	36	Carroceiro	ACTIVE	MASCULINO	0		
NPC_3430	Iriethb	Aeloria	Zorathen	-2	Caçador	Caçador de Zorathen. Conhecido por interações cotidianas, pedidos, rumores e possibilidades de relacionamento.	53	Caçador	ACTIVE	FEMININO	0		
NPC_3431	Liaiath	Zarim	Fornalia	-1	Sentinela	Sentinela de Fornalia. Conhecido por interações cotidianas, pedidos, rumores e possibilidades de relacionamento.	70	Sentinela	ACTIVE	MASCULINO	0		
NPC_3432	Oliaa	Eshmara	Brumas	0	Criador de animais	Criador de animais de Brumas. Conhecido por interações cotidianas, pedidos, rumores e possibilidades de relacionamento.	24	Criador de animais	ACTIVE	FEMININO	0		
NPC_3433	Torinl	Tharun	Stone-Âmbar	1	Bardo	Bardo de Stone-Âmbar. Conhecido por interações cotidianas, pedidos, rumores e possibilidades de relacionamento.	41	Bardo	ACTIVE	MASCULINO	0		
NPC_3434	Ysaethr	Lyrien	Aerocivitus	2	Guarda	Guarda de Aerocivitus. Conhecido por interações cotidianas, pedidos, rumores e possibilidades de relacionamento.	58	Guarda	ACTIVE	FEMININO	0		
NPC_3435	Ariav	Kethruun	Sandbones	3	Camponês	Camponês de Sandbones. Conhecido por interações cotidianas, pedidos, rumores e possibilidades de relacionamento.	75	Camponês	ACTIVE	MASCULINO	0		
NPC_3436	Daas	Nyssara	Emerald Tide	4	Clérigo	Clérigo de Emerald Tide. Conhecido por interações cotidianas, pedidos, rumores e possibilidades de relacionamento.	29	Clérigo	ACTIVE	FEMININO	0		
NPC_3437	Galint	Myrthos	Sem nome definido	-2	Valaryn	Valaryn de Sem nome definido. Conhecido por interações cotidianas, pedidos, rumores e possibilidades de relacionamento.	46	Valaryn	ACTIVE	MASCULINO	0		
NPC_3438	Jonethm	Orinthal	Crystalia	-1	Artesão	Artesão de Crystalia. Conhecido por interações cotidianas, pedidos, rumores e possibilidades de relacionamento.	63	Artesão	ACTIVE	FEMININO	0		
NPC_3439	Marian	Valkyrion	Volmeria	0	Curandeiro	Curandeiro de Volmeria. Conhecido por interações cotidianas, pedidos, rumores e possibilidades de relacionamento.	80	Curandeiro	ACTIVE	MASCULINO	0		
NPC_3440	Renak	Aeloria	Thornmere	1	Aventureiro	Aventureiro de Thornmere. Conhecido por interações cotidianas, pedidos, rumores e possibilidades de relacionamento.	34	Aventureiro	ACTIVE	FEMININO	0		
NPC_3441	Vioind	Zarim	Fornalia	2	Estudante	Estudante de Fornalia. Conhecido por interações cotidianas, pedidos, rumores e possibilidades de relacionamento.	51	Estudante	ACTIVE	MASCULINO	0		
NPC_3442	Zanethb	Eshmara	Brumas	3	Mercador	Mercador de Brumas. Conhecido por interações cotidianas, pedidos, rumores e possibilidades de relacionamento.	68	Mercador	ACTIVE	FEMININO	0		
NPC_3443	Beliath	Tharun	Stone-Âmbar	4	Pesquisador	Pesquisador de Stone-Âmbar. Conhecido por interações cotidianas, pedidos, rumores e possibilidades de relacionamento.	22	Pesquisador	ACTIVE	MASCULINO	0		
NPC_3444	Eliaa	Lyrien	Aerocivitus	-2	Navegador	Navegador de Aerocivitus. Conhecido por interações cotidianas, pedidos, rumores e possibilidades de relacionamento.	39	Navegador	ACTIVE	FEMININO	0		
NPC_3445	Helinl	Kethruun	Sandbones	-1	Ferreiro	Ferreiro de Sandbones. Conhecido por interações cotidianas, pedidos, rumores e possibilidades de relacionamento.	56	Ferreiro	ACTIVE	MASCULINO	0		
NPC_3446	Kaethr	Nyssara	Emerald Tide	0	Mensageiro	Mensageiro de Emerald Tide. Conhecido por interações cotidianas, pedidos, rumores e possibilidades de relacionamento.	73	Mensageiro	ACTIVE	FEMININO	0		
NPC_3447	Neriav	Myrthos	Sem nome definido	1	Erudito	Erudito de Sem nome definido. Conhecido por interações cotidianas, pedidos, rumores e possibilidades de relacionamento.	27	Erudito	ACTIVE	MASCULINO	0		
NPC_3448	Selas	Orinthal	Crystalia	2	Mago	Mago de Crystalia. Conhecido por interações cotidianas, pedidos, rumores e possibilidades de relacionamento.	44	Mago	ACTIVE	FEMININO	0		
NPC_3449	Wilint	Valkyrion	Volmeria	3	Carroceiro	Carroceiro de Volmeria. Conhecido por interações cotidianas, pedidos, rumores e possibilidades de relacionamento.	61	Carroceiro	ACTIVE	MASCULINO	0		
NPC_3450	Alethm	Aeloria	Norhaven	4	Caçador	Caçador de Norhaven. Conhecido por interações cotidianas, pedidos, rumores e possibilidades de relacionamento.	78	Caçador	ACTIVE	FEMININO	0		
NPC_3451	Corian	Zarim	Fornalia	-2	Sentinela	Sentinela de Fornalia. Conhecido por interações cotidianas, pedidos, rumores e possibilidades de relacionamento.	32	Sentinela	ACTIVE	MASCULINO	0		
NPC_3452	Ferak	Eshmara	Brumas	-1	Criador de animais	Criador de animais de Brumas. Conhecido por interações cotidianas, pedidos, rumores e possibilidades de relacionamento.	49	Criador de animais	ACTIVE	FEMININO	0		
NPC_3453	Iriind	Tharun	Stone-Âmbar	0	Bardo	Bardo de Stone-Âmbar. Conhecido por interações cotidianas, pedidos, rumores e possibilidades de relacionamento.	66	Bardo	ACTIVE	MASCULINO	0		
NPC_3454	Liaethb	Lyrien	Aerocivitus	1	Guarda	Guarda de Aerocivitus. Conhecido por interações cotidianas, pedidos, rumores e possibilidades de relacionamento.	20	Guarda	ACTIVE	FEMININO	0		
NPC_3455	Oliiath	Kethruun	Sandbones	2	Camponês	Camponês de Sandbones. Conhecido por interações cotidianas, pedidos, rumores e possibilidades de relacionamento.	37	Camponês	ACTIVE	MASCULINO	0		
NPC_3456	Toraa	Nyssara	Emerald Tide	3	Clérigo	Clérigo de Emerald Tide. Conhecido por interações cotidianas, pedidos, rumores e possibilidades de relacionamento.	54	Clérigo	ACTIVE	FEMININO	0		
NPC_3457	Ysainl	Myrthos	Sem nome definido	4	Valaryn	Valaryn de Sem nome definido. Conhecido por interações cotidianas, pedidos, rumores e possibilidades de relacionamento.	71	Valaryn	ACTIVE	MASCULINO	0		
NPC_3458	Arethr	Orinthal	Crystalia	-2	Artesão	Artesão de Crystalia. Conhecido por interações cotidianas, pedidos, rumores e possibilidades de relacionamento.	25	Artesão	ACTIVE	FEMININO	0		
NPC_3459	Daiav	Valkyrion	Volmeria	-1	Curandeiro	Curandeiro de Volmeria. Conhecido por interações cotidianas, pedidos, rumores e possibilidades de relacionamento.	42	Curandeiro	ACTIVE	MASCULINO	0		
NPC_3460	Galas	Aeloria	Hallowspire	0	Aventureiro	Aventureiro de Hallowspire. Conhecido por interações cotidianas, pedidos, rumores e possibilidades de relacionamento.	59	Aventureiro	ACTIVE	FEMININO	0		
NPC_3461	Jonint	Zarim	Fornalia	1	Estudante	Estudante de Fornalia. Conhecido por interações cotidianas, pedidos, rumores e possibilidades de relacionamento.	76	Estudante	ACTIVE	MASCULINO	0		
NPC_3462	Marethm	Eshmara	Brumas	2	Mercador	Mercador de Brumas. Conhecido por interações cotidianas, pedidos, rumores e possibilidades de relacionamento.	30	Mercador	ACTIVE	FEMININO	0		
NPC_3463	Renian	Tharun	Stone-Âmbar	3	Pesquisador	Pesquisador de Stone-Âmbar. Conhecido por interações cotidianas, pedidos, rumores e possibilidades de relacionamento.	47	Pesquisador	ACTIVE	MASCULINO	0		
NPC_3464	Vioak	Lyrien	Aerocivitus	4	Navegador	Navegador de Aerocivitus. Conhecido por interações cotidianas, pedidos, rumores e possibilidades de relacionamento.	64	Navegador	ACTIVE	FEMININO	0		
NPC_3465	Zanind	Kethruun	Sandbones	-2	Ferreiro	Ferreiro de Sandbones. Conhecido por interações cotidianas, pedidos, rumores e possibilidades de relacionamento.	18	Ferreiro	ACTIVE	MASCULINO	0		
NPC_3466	Belethb	Nyssara	Emerald Tide	-1	Mensageiro	Mensageiro de Emerald Tide. Conhecido por interações cotidianas, pedidos, rumores e possibilidades de relacionamento.	35	Mensageiro	ACTIVE	FEMININO	0		
NPC_3467	Eliiath	Myrthos	Sem nome definido	0	Erudito	Erudito de Sem nome definido. Conhecido por interações cotidianas, pedidos, rumores e possibilidades de relacionamento.	52	Erudito	ACTIVE	MASCULINO	0		
NPC_3468	Helaa	Orinthal	Crystalia	1	Mago	Mago de Crystalia. Conhecido por interações cotidianas, pedidos, rumores e possibilidades de relacionamento.	69	Mago	ACTIVE	FEMININO	0		
NPC_3469	Kainl	Valkyrion	Volmeria	2	Carroceiro	Carroceiro de Volmeria. Conhecido por interações cotidianas, pedidos, rumores e possibilidades de relacionamento.	23	Carroceiro	ACTIVE	MASCULINO	0		
NPC_3470	Nerethr	Aeloria	Brighthollow	3	Caçador	Caçador de Brighthollow. Conhecido por interações cotidianas, pedidos, rumores e possibilidades de relacionamento.	40	Caçador	ACTIVE	FEMININO	0		
NPC_3471	Seliav	Zarim	Fornalia	4	Sentinela	Sentinela de Fornalia. Conhecido por interações cotidianas, pedidos, rumores e possibilidades de relacionamento.	57	Sentinela	ACTIVE	MASCULINO	0		
NPC_3472	Wilas	Eshmara	Brumas	-2	Criador de animais	Criador de animais de Brumas. Conhecido por interações cotidianas, pedidos, rumores e possibilidades de relacionamento.	74	Criador de animais	ACTIVE	FEMININO	0		
NPC_3473	Alint	Tharun	Stone-Âmbar	-1	Bardo	Bardo de Stone-Âmbar. Conhecido por interações cotidianas, pedidos, rumores e possibilidades de relacionamento.	28	Bardo	ACTIVE	MASCULINO	0		
NPC_3474	Corethm	Lyrien	Aerocivitus	0	Guarda	Guarda de Aerocivitus. Conhecido por interações cotidianas, pedidos, rumores e possibilidades de relacionamento.	45	Guarda	ACTIVE	FEMININO	0		
NPC_3475	Ferian	Kethruun	Sandbones	1	Camponês	Camponês de Sandbones. Conhecido por interações cotidianas, pedidos, rumores e possibilidades de relacionamento.	62	Camponês	ACTIVE	MASCULINO	0		
NPC_3476	Iriak	Nyssara	Emerald Tide	2	Clérigo	Clérigo de Emerald Tide. Conhecido por interações cotidianas, pedidos, rumores e possibilidades de relacionamento.	79	Clérigo	ACTIVE	FEMININO	0		
NPC_3477	Liaind	Myrthos	Sem nome definido	3	Valaryn	Valaryn de Sem nome definido. Conhecido por interações cotidianas, pedidos, rumores e possibilidades de relacionamento.	33	Valaryn	ACTIVE	MASCULINO	0		
NPC_3478	Oliethb	Orinthal	Crystalia	4	Artesão	Artesão de Crystalia. Conhecido por interações cotidianas, pedidos, rumores e possibilidades de relacionamento.	50	Artesão	ACTIVE	FEMININO	0		
NPC_3479	Toriath	Valkyrion	Volmeria	-2	Curandeiro	Curandeiro de Volmeria. Conhecido por interações cotidianas, pedidos, rumores e possibilidades de relacionamento.	67	Curandeiro	ACTIVE	MASCULINO	0		
NPC_3480	Ysaaa	Aeloria	Valdora	-1	Aventureiro	Aventureiro de Valdora. Conhecido por interações cotidianas, pedidos, rumores e possibilidades de relacionamento.	21	Aventureiro	ACTIVE	FEMININO	0		
NPC_3481	Arinl	Zarim	Fornalia	0	Estudante	Estudante de Fornalia. Conhecido por interações cotidianas, pedidos, rumores e possibilidades de relacionamento.	38	Estudante	ACTIVE	MASCULINO	0		
NPC_3482	Daethr	Eshmara	Brumas	1	Mercador	Mercador de Brumas. Conhecido por interações cotidianas, pedidos, rumores e possibilidades de relacionamento.	55	Mercador	ACTIVE	FEMININO	0		
NPC_3483	Galiav	Tharun	Stone-Âmbar	2	Pesquisador	Pesquisador de Stone-Âmbar. Conhecido por interações cotidianas, pedidos, rumores e possibilidades de relacionamento.	72	Pesquisador	ACTIVE	MASCULINO	0		
NPC_3484	Jonas	Lyrien	Aerocivitus	3	Navegador	Navegador de Aerocivitus. Conhecido por interações cotidianas, pedidos, rumores e possibilidades de relacionamento.	26	Navegador	ACTIVE	FEMININO	0		
NPC_3485	Marint	Kethruun	Sandbones	4	Ferreiro	Ferreiro de Sandbones. Conhecido por interações cotidianas, pedidos, rumores e possibilidades de relacionamento.	43	Ferreiro	ACTIVE	MASCULINO	0		
NPC_3486	Renethm	Nyssara	Emerald Tide	-2	Mensageiro	Mensageiro de Emerald Tide. Conhecido por interações cotidianas, pedidos, rumores e possibilidades de relacionamento.	60	Mensageiro	ACTIVE	FEMININO	0		
NPC_3487	Vioian	Myrthos	Sem nome definido	-1	Erudito	Erudito de Sem nome definido. Conhecido por interações cotidianas, pedidos, rumores e possibilidades de relacionamento.	77	Erudito	ACTIVE	MASCULINO	0		
NPC_3488	Zanak	Orinthal	Crystalia	0	Mago	Mago de Crystalia. Conhecido por interações cotidianas, pedidos, rumores e possibilidades de relacionamento.	31	Mago	ACTIVE	FEMININO	0		
NPC_3489	Belind	Valkyrion	Volmeria	1	Carroceiro	Carroceiro de Volmeria. Conhecido por interações cotidianas, pedidos, rumores e possibilidades de relacionamento.	48	Carroceiro	ACTIVE	MASCULINO	0		
NPC_3490	Eliethb	Aeloria	Verdralith	2	Caçador	Caçador de Verdralith. Conhecido por interações cotidianas, pedidos, rumores e possibilidades de relacionamento.	65	Caçador	ACTIVE	FEMININO	0		
NPC_3491	Heliath	Zarim	Fornalia	3	Sentinela	Sentinela de Fornalia. Conhecido por interações cotidianas, pedidos, rumores e possibilidades de relacionamento.	19	Sentinela	ACTIVE	MASCULINO	0		
NPC_3492	Kaaa	Eshmara	Brumas	4	Criador de animais	Criador de animais de Brumas. Conhecido por interações cotidianas, pedidos, rumores e possibilidades de relacionamento.	36	Criador de animais	ACTIVE	FEMININO	0		
NPC_3493	Nerinl	Tharun	Stone-Âmbar	-2	Bardo	Bardo de Stone-Âmbar. Conhecido por interações cotidianas, pedidos, rumores e possibilidades de relacionamento.	53	Bardo	ACTIVE	MASCULINO	0		
NPC_3494	Selethr	Lyrien	Aerocivitus	-1	Guarda	Guarda de Aerocivitus. Conhecido por interações cotidianas, pedidos, rumores e possibilidades de relacionamento.	70	Guarda	ACTIVE	FEMININO	0		
NPC_3495	Wiliav	Kethruun	Sandbones	0	Camponês	Camponês de Sandbones. Conhecido por interações cotidianas, pedidos, rumores e possibilidades de relacionamento.	24	Camponês	ACTIVE	MASCULINO	0		
NPC_3496	Alas	Nyssara	Emerald Tide	1	Clérigo	Clérigo de Emerald Tide. Conhecido por interações cotidianas, pedidos, rumores e possibilidades de relacionamento.	41	Clérigo	ACTIVE	FEMININO	0		
NPC_3497	Corint	Myrthos	Sem nome definido	2	Valaryn	Valaryn de Sem nome definido. Conhecido por interações cotidianas, pedidos, rumores e possibilidades de relacionamento.	58	Valaryn	ACTIVE	MASCULINO	0		
NPC_3498	Ferethm	Orinthal	Crystalia	3	Artesão	Artesão de Crystalia. Conhecido por interações cotidianas, pedidos, rumores e possibilidades de relacionamento.	75	Artesão	ACTIVE	FEMININO	0		
NPC_3499	Iriian	Valkyrion	Volmeria	4	Curandeiro	Curandeiro de Volmeria. Conhecido por interações cotidianas, pedidos, rumores e possibilidades de relacionamento.	29	Curandeiro	ACTIVE	MASCULINO	0		
NPC_3500	Liaak	Aeloria	Prismere	-2	Aventureiro	Aventureiro de Prismere. Conhecido por interações cotidianas, pedidos, rumores e possibilidades de relacionamento.	46	Aventureiro	ACTIVE	FEMININO	0		
NPC_3501	Oliind	Zarim	Fornalia	-1	Estudante	Estudante de Fornalia. Conhecido por interações cotidianas, pedidos, rumores e possibilidades de relacionamento.	63	Estudante	ACTIVE	MASCULINO	0		
NPC_3502	Torethb	Eshmara	Brumas	0	Mercador	Mercador de Brumas. Conhecido por interações cotidianas, pedidos, rumores e possibilidades de relacionamento.	80	Mercador	ACTIVE	FEMININO	0		
NPC_3503	Ysaiath	Tharun	Stone-Âmbar	1	Pesquisador	Pesquisador de Stone-Âmbar. Conhecido por interações cotidianas, pedidos, rumores e possibilidades de relacionamento.	34	Pesquisador	ACTIVE	MASCULINO	0		
NPC_3504	Araa	Lyrien	Aerocivitus	2	Navegador	Navegador de Aerocivitus. Conhecido por interações cotidianas, pedidos, rumores e possibilidades de relacionamento.	51	Navegador	ACTIVE	FEMININO	0		
NPC_3505	Dainl	Kethruun	Sandbones	3	Ferreiro	Ferreiro de Sandbones. Conhecido por interações cotidianas, pedidos, rumores e possibilidades de relacionamento.	68	Ferreiro	ACTIVE	MASCULINO	0		
NPC_3506	Galethr	Nyssara	Emerald Tide	4	Mensageiro	Mensageiro de Emerald Tide. Conhecido por interações cotidianas, pedidos, rumores e possibilidades de relacionamento.	22	Mensageiro	ACTIVE	FEMININO	0		
NPC_3507	Joniav	Myrthos	Sem nome definido	-2	Erudito	Erudito de Sem nome definido. Conhecido por interações cotidianas, pedidos, rumores e possibilidades de relacionamento.	39	Erudito	ACTIVE	MASCULINO	0		
NPC_3508	Maras	Orinthal	Crystalia	-1	Mago	Mago de Crystalia. Conhecido por interações cotidianas, pedidos, rumores e possibilidades de relacionamento.	56	Mago	ACTIVE	FEMININO	0		
NPC_3509	Renint	Valkyrion	Volmeria	0	Carroceiro	Carroceiro de Volmeria. Conhecido por interações cotidianas, pedidos, rumores e possibilidades de relacionamento.	73	Carroceiro	ACTIVE	MASCULINO	0		
NPC_3510	Vioethm	Aeloria	Jorwyn	1	Caçador	Caçador de Jorwyn. Conhecido por interações cotidianas, pedidos, rumores e possibilidades de relacionamento.	27	Caçador	ACTIVE	FEMININO	0		
NPC_3511	Zanian	Zarim	Fornalia	2	Sentinela	Sentinela de Fornalia. Conhecido por interações cotidianas, pedidos, rumores e possibilidades de relacionamento.	44	Sentinela	ACTIVE	MASCULINO	0		
NPC_3512	Belak	Eshmara	Brumas	3	Criador de animais	Criador de animais de Brumas. Conhecido por interações cotidianas, pedidos, rumores e possibilidades de relacionamento.	61	Criador de animais	ACTIVE	FEMININO	0		
NPC_3513	Eliind	Tharun	Stone-Âmbar	4	Bardo	Bardo de Stone-Âmbar. Conhecido por interações cotidianas, pedidos, rumores e possibilidades de relacionamento.	78	Bardo	ACTIVE	MASCULINO	0		
NPC_3514	Helethb	Lyrien	Aerocivitus	-2	Guarda	Guarda de Aerocivitus. Conhecido por interações cotidianas, pedidos, rumores e possibilidades de relacionamento.	32	Guarda	ACTIVE	FEMININO	0		
NPC_3515	Kaiath	Kethruun	Sandbones	-1	Camponês	Camponês de Sandbones. Conhecido por interações cotidianas, pedidos, rumores e possibilidades de relacionamento.	49	Camponês	ACTIVE	MASCULINO	0		
NPC_3516	Neraa	Nyssara	Emerald Tide	0	Clérigo	Clérigo de Emerald Tide. Conhecido por interações cotidianas, pedidos, rumores e possibilidades de relacionamento.	66	Clérigo	ACTIVE	FEMININO	0		
NPC_3517	Selinl	Myrthos	Sem nome definido	1	Valaryn	Valaryn de Sem nome definido. Conhecido por interações cotidianas, pedidos, rumores e possibilidades de relacionamento.	20	Valaryn	ACTIVE	MASCULINO	0		
NPC_3518	Wilethr	Orinthal	Crystalia	2	Artesão	Artesão de Crystalia. Conhecido por interações cotidianas, pedidos, rumores e possibilidades de relacionamento.	37	Artesão	ACTIVE	FEMININO	0		
NPC_3519	Aliav	Valkyrion	Volmeria	3	Curandeiro	Curandeiro de Volmeria. Conhecido por interações cotidianas, pedidos, rumores e possibilidades de relacionamento.	54	Curandeiro	ACTIVE	MASCULINO	0		
NPC_3520	Coras	Aeloria	Dawnspire	4	Aventureiro	Aventureiro de Dawnspire. Conhecido por interações cotidianas, pedidos, rumores e possibilidades de relacionamento.	71	Aventureiro	ACTIVE	FEMININO	0		
NPC_3521	Ferint	Zarim	Fornalia	-2	Estudante	Estudante de Fornalia. Conhecido por interações cotidianas, pedidos, rumores e possibilidades de relacionamento.	25	Estudante	ACTIVE	MASCULINO	0		
NPC_3522	Iriethm	Eshmara	Brumas	-1	Mercador	Mercador de Brumas. Conhecido por interações cotidianas, pedidos, rumores e possibilidades de relacionamento.	42	Mercador	ACTIVE	FEMININO	0		
NPC_3523	Liaian	Tharun	Stone-Âmbar	0	Pesquisador	Pesquisador de Stone-Âmbar. Conhecido por interações cotidianas, pedidos, rumores e possibilidades de relacionamento.	59	Pesquisador	ACTIVE	MASCULINO	0		
NPC_3524	Oliak	Lyrien	Aerocivitus	1	Navegador	Navegador de Aerocivitus. Conhecido por interações cotidianas, pedidos, rumores e possibilidades de relacionamento.	76	Navegador	ACTIVE	FEMININO	0		
NPC_3525	Torind	Kethruun	Sandbones	2	Ferreiro	Ferreiro de Sandbones. Conhecido por interações cotidianas, pedidos, rumores e possibilidades de relacionamento.	30	Ferreiro	ACTIVE	MASCULINO	0		
NPC_3526	Ysaethb	Nyssara	Emerald Tide	3	Mensageiro	Mensageiro de Emerald Tide. Conhecido por interações cotidianas, pedidos, rumores e possibilidades de relacionamento.	47	Mensageiro	ACTIVE	FEMININO	0		
NPC_3527	Ariath	Myrthos	Sem nome definido	4	Erudito	Erudito de Sem nome definido. Conhecido por interações cotidianas, pedidos, rumores e possibilidades de relacionamento.	64	Erudito	ACTIVE	MASCULINO	0		
NPC_3528	Daaa	Orinthal	Crystalia	-2	Mago	Mago de Crystalia. Conhecido por interações cotidianas, pedidos, rumores e possibilidades de relacionamento.	18	Mago	ACTIVE	FEMININO	0		
NPC_3529	Galinl	Valkyrion	Volmeria	-1	Carroceiro	Carroceiro de Volmeria. Conhecido por interações cotidianas, pedidos, rumores e possibilidades de relacionamento.	35	Carroceiro	ACTIVE	MASCULINO	0		
NPC_3530	Jonethr	Aeloria	Xandralor	0	Caçador	Caçador de Xandralor. Conhecido por interações cotidianas, pedidos, rumores e possibilidades de relacionamento.	52	Caçador	ACTIVE	FEMININO	0		
NPC_3531	Mariav	Zarim	Fornalia	1	Sentinela	Sentinela de Fornalia. Conhecido por interações cotidianas, pedidos, rumores e possibilidades de relacionamento.	69	Sentinela	ACTIVE	MASCULINO	0		
NPC_3532	Renas	Eshmara	Brumas	2	Criador de animais	Criador de animais de Brumas. Conhecido por interações cotidianas, pedidos, rumores e possibilidades de relacionamento.	23	Criador de animais	ACTIVE	FEMININO	0		
NPC_3533	Vioint	Tharun	Stone-Âmbar	3	Bardo	Bardo de Stone-Âmbar. Conhecido por interações cotidianas, pedidos, rumores e possibilidades de relacionamento.	40	Bardo	ACTIVE	MASCULINO	0		
NPC_3534	Zanethm	Lyrien	Aerocivitus	4	Guarda	Guarda de Aerocivitus. Conhecido por interações cotidianas, pedidos, rumores e possibilidades de relacionamento.	57	Guarda	ACTIVE	FEMININO	0		
NPC_3535	Belian	Kethruun	Sandbones	-2	Camponês	Camponês de Sandbones. Conhecido por interações cotidianas, pedidos, rumores e possibilidades de relacionamento.	74	Camponês	ACTIVE	MASCULINO	0		
NPC_3536	Eliak	Nyssara	Emerald Tide	-1	Clérigo	Clérigo de Emerald Tide. Conhecido por interações cotidianas, pedidos, rumores e possibilidades de relacionamento.	28	Clérigo	ACTIVE	FEMININO	0		
NPC_3537	Helind	Myrthos	Sem nome definido	0	Valaryn	Valaryn de Sem nome definido. Conhecido por interações cotidianas, pedidos, rumores e possibilidades de relacionamento.	45	Valaryn	ACTIVE	MASCULINO	0		
NPC_3538	Kaethb	Orinthal	Crystalia	1	Artesão	Artesão de Crystalia. Conhecido por interações cotidianas, pedidos, rumores e possibilidades de relacionamento.	62	Artesão	ACTIVE	FEMININO	0		
NPC_3539	Neriath	Valkyrion	Volmeria	2	Curandeiro	Curandeiro de Volmeria. Conhecido por interações cotidianas, pedidos, rumores e possibilidades de relacionamento.	79	Curandeiro	ACTIVE	MASCULINO	0		
NPC_3540	Selaa	Aeloria	Rivenholt	3	Aventureiro	Aventureiro de Rivenholt. Conhecido por interações cotidianas, pedidos, rumores e possibilidades de relacionamento.	33	Aventureiro	ACTIVE	FEMININO	0		
NPC_3541	Wilinl	Zarim	Fornalia	4	Estudante	Estudante de Fornalia. Conhecido por interações cotidianas, pedidos, rumores e possibilidades de relacionamento.	50	Estudante	ACTIVE	MASCULINO	0		
NPC_3542	Alethr	Eshmara	Brumas	-2	Mercador	Mercador de Brumas. Conhecido por interações cotidianas, pedidos, rumores e possibilidades de relacionamento.	67	Mercador	ACTIVE	FEMININO	0		
NPC_3543	Coriav	Tharun	Stone-Âmbar	-1	Pesquisador	Pesquisador de Stone-Âmbar. Conhecido por interações cotidianas, pedidos, rumores e possibilidades de relacionamento.	21	Pesquisador	ACTIVE	MASCULINO	0		
NPC_3544	Feras	Lyrien	Aerocivitus	0	Navegador	Navegador de Aerocivitus. Conhecido por interações cotidianas, pedidos, rumores e possibilidades de relacionamento.	38	Navegador	ACTIVE	FEMININO	0		
NPC_3545	Iriint	Kethruun	Sandbones	1	Ferreiro	Ferreiro de Sandbones. Conhecido por interações cotidianas, pedidos, rumores e possibilidades de relacionamento.	55	Ferreiro	ACTIVE	MASCULINO	0		
NPC_3546	Liaethm	Nyssara	Emerald Tide	2	Mensageiro	Mensageiro de Emerald Tide. Conhecido por interações cotidianas, pedidos, rumores e possibilidades de relacionamento.	72	Mensageiro	ACTIVE	FEMININO	0		
NPC_3547	Oliian	Myrthos	Sem nome definido	3	Erudito	Erudito de Sem nome definido. Conhecido por interações cotidianas, pedidos, rumores e possibilidades de relacionamento.	26	Erudito	ACTIVE	MASCULINO	0		
NPC_3548	Torak	Orinthal	Crystalia	4	Mago	Mago de Crystalia. Conhecido por interações cotidianas, pedidos, rumores e possibilidades de relacionamento.	43	Mago	ACTIVE	FEMININO	0		
NPC_3549	Ysaind	Valkyrion	Volmeria	-2	Carroceiro	Carroceiro de Volmeria. Conhecido por interações cotidianas, pedidos, rumores e possibilidades de relacionamento.	60	Carroceiro	ACTIVE	MASCULINO	0		
NPC_3550	Arethb	Aeloria	Loryndor	-1	Caçador	Caçador de Loryndor. Conhecido por interações cotidianas, pedidos, rumores e possibilidades de relacionamento.	77	Caçador	ACTIVE	FEMININO	0		
NPC_3551	Daiath	Zarim	Fornalia	0	Sentinela	Sentinela de Fornalia. Conhecido por interações cotidianas, pedidos, rumores e possibilidades de relacionamento.	31	Sentinela	ACTIVE	MASCULINO	0		
NPC_3552	Galaa	Eshmara	Brumas	1	Criador de animais	Criador de animais de Brumas. Conhecido por interações cotidianas, pedidos, rumores e possibilidades de relacionamento.	48	Criador de animais	ACTIVE	FEMININO	0		
NPC_3553	Joninl	Tharun	Stone-Âmbar	2	Bardo	Bardo de Stone-Âmbar. Conhecido por interações cotidianas, pedidos, rumores e possibilidades de relacionamento.	65	Bardo	ACTIVE	MASCULINO	0		
NPC_3554	Marethr	Lyrien	Aerocivitus	3	Guarda	Guarda de Aerocivitus. Conhecido por interações cotidianas, pedidos, rumores e possibilidades de relacionamento.	19	Guarda	ACTIVE	FEMININO	0		
NPC_3555	Reniav	Kethruun	Sandbones	4	Camponês	Camponês de Sandbones. Conhecido por interações cotidianas, pedidos, rumores e possibilidades de relacionamento.	36	Camponês	ACTIVE	MASCULINO	0		
NPC_3556	Vioas	Nyssara	Emerald Tide	-2	Clérigo	Clérigo de Emerald Tide. Conhecido por interações cotidianas, pedidos, rumores e possibilidades de relacionamento.	53	Clérigo	ACTIVE	FEMININO	0		
NPC_3557	Zanint	Myrthos	Sem nome definido	-1	Valaryn	Valaryn de Sem nome definido. Conhecido por interações cotidianas, pedidos, rumores e possibilidades de relacionamento.	70	Valaryn	ACTIVE	MASCULINO	0		
NPC_3558	Belethm	Orinthal	Crystalia	0	Artesão	Artesão de Crystalia. Conhecido por interações cotidianas, pedidos, rumores e possibilidades de relacionamento.	24	Artesão	ACTIVE	FEMININO	0		
NPC_3559	Eliian	Valkyrion	Volmeria	1	Curandeiro	Curandeiro de Volmeria. Conhecido por interações cotidianas, pedidos, rumores e possibilidades de relacionamento.	41	Curandeiro	ACTIVE	MASCULINO	0		
NPC_3560	Helak	Aeloria	Fenndral	2	Aventureiro	Aventureiro de Fenndral. Conhecido por interações cotidianas, pedidos, rumores e possibilidades de relacionamento.	58	Aventureiro	ACTIVE	FEMININO	0		
NPC_3561	Kaind	Zarim	Fornalia	3	Estudante	Estudante de Fornalia. Conhecido por interações cotidianas, pedidos, rumores e possibilidades de relacionamento.	75	Estudante	ACTIVE	MASCULINO	0		
NPC_3562	Nerethb	Eshmara	Brumas	4	Mercador	Mercador de Brumas. Conhecido por interações cotidianas, pedidos, rumores e possibilidades de relacionamento.	29	Mercador	ACTIVE	FEMININO	0		
NPC_3563	Seliath	Tharun	Stone-Âmbar	-2	Pesquisador	Pesquisador de Stone-Âmbar. Conhecido por interações cotidianas, pedidos, rumores e possibilidades de relacionamento.	46	Pesquisador	ACTIVE	MASCULINO	0		
NPC_3564	Wilaa	Lyrien	Aerocivitus	-1	Navegador	Navegador de Aerocivitus. Conhecido por interações cotidianas, pedidos, rumores e possibilidades de relacionamento.	63	Navegador	ACTIVE	FEMININO	0		
NPC_3565	Alinl	Kethruun	Sandbones	0	Ferreiro	Ferreiro de Sandbones. Conhecido por interações cotidianas, pedidos, rumores e possibilidades de relacionamento.	80	Ferreiro	ACTIVE	MASCULINO	0		
NPC_3566	Corethr	Nyssara	Emerald Tide	1	Mensageiro	Mensageiro de Emerald Tide. Conhecido por interações cotidianas, pedidos, rumores e possibilidades de relacionamento.	34	Mensageiro	ACTIVE	FEMININO	0		
NPC_3567	Feriav	Myrthos	Sem nome definido	2	Erudito	Erudito de Sem nome definido. Conhecido por interações cotidianas, pedidos, rumores e possibilidades de relacionamento.	51	Erudito	ACTIVE	MASCULINO	0		
NPC_3568	Irias	Orinthal	Crystalia	3	Mago	Mago de Crystalia. Conhecido por interações cotidianas, pedidos, rumores e possibilidades de relacionamento.	68	Mago	ACTIVE	FEMININO	0		
NPC_3569	Liaint	Valkyrion	Volmeria	4	Carroceiro	Carroceiro de Volmeria. Conhecido por interações cotidianas, pedidos, rumores e possibilidades de relacionamento.	22	Carroceiro	ACTIVE	MASCULINO	0		
NPC_3570	Oliethm	Aeloria	Feyndral	-2	Caçador	Caçador de Feyndral. Conhecido por interações cotidianas, pedidos, rumores e possibilidades de relacionamento.	39	Caçador	ACTIVE	FEMININO	0		
NPC_3571	Torian	Zarim	Fornalia	-1	Sentinela	Sentinela de Fornalia. Conhecido por interações cotidianas, pedidos, rumores e possibilidades de relacionamento.	56	Sentinela	ACTIVE	MASCULINO	0		
NPC_3572	Ysaak	Eshmara	Brumas	0	Criador de animais	Criador de animais de Brumas. Conhecido por interações cotidianas, pedidos, rumores e possibilidades de relacionamento.	73	Criador de animais	ACTIVE	FEMININO	0		
NPC_3573	Arind	Tharun	Stone-Âmbar	1	Bardo	Bardo de Stone-Âmbar. Conhecido por interações cotidianas, pedidos, rumores e possibilidades de relacionamento.	27	Bardo	ACTIVE	MASCULINO	0		
NPC_3574	Daethb	Lyrien	Aerocivitus	2	Guarda	Guarda de Aerocivitus. Conhecido por interações cotidianas, pedidos, rumores e possibilidades de relacionamento.	44	Guarda	ACTIVE	FEMININO	0		
NPC_3575	Galiath	Kethruun	Sandbones	3	Camponês	Camponês de Sandbones. Conhecido por interações cotidianas, pedidos, rumores e possibilidades de relacionamento.	61	Camponês	ACTIVE	MASCULINO	0		
NPC_3576	Jonaa	Nyssara	Emerald Tide	4	Clérigo	Clérigo de Emerald Tide. Conhecido por interações cotidianas, pedidos, rumores e possibilidades de relacionamento.	78	Clérigo	ACTIVE	FEMININO	0		
NPC_3577	Marinl	Myrthos	Sem nome definido	-2	Valaryn	Valaryn de Sem nome definido. Conhecido por interações cotidianas, pedidos, rumores e possibilidades de relacionamento.	32	Valaryn	ACTIVE	MASCULINO	0		
NPC_3578	Renethr	Orinthal	Crystalia	-1	Artesão	Artesão de Crystalia. Conhecido por interações cotidianas, pedidos, rumores e possibilidades de relacionamento.	49	Artesão	ACTIVE	FEMININO	0		
NPC_3579	Vioiav	Valkyrion	Volmeria	0	Curandeiro	Curandeiro de Volmeria. Conhecido por interações cotidianas, pedidos, rumores e possibilidades de relacionamento.	66	Curandeiro	ACTIVE	MASCULINO	0		
NPC_3580	Zanas	Aeloria	Zephyrholt	1	Aventureiro	Aventureiro de Zephyrholt. Conhecido por interações cotidianas, pedidos, rumores e possibilidades de relacionamento.	20	Aventureiro	ACTIVE	FEMININO	0		
NPC_3581	Belint	Zarim	Fornalia	2	Estudante	Estudante de Fornalia. Conhecido por interações cotidianas, pedidos, rumores e possibilidades de relacionamento.	37	Estudante	ACTIVE	MASCULINO	0		
NPC_3582	Eliethm	Eshmara	Brumas	3	Mercador	Mercador de Brumas. Conhecido por interações cotidianas, pedidos, rumores e possibilidades de relacionamento.	54	Mercador	ACTIVE	FEMININO	0		
NPC_3583	Helian	Tharun	Stone-Âmbar	4	Pesquisador	Pesquisador de Stone-Âmbar. Conhecido por interações cotidianas, pedidos, rumores e possibilidades de relacionamento.	71	Pesquisador	ACTIVE	MASCULINO	0		
NPC_3584	Kaak	Lyrien	Aerocivitus	-2	Navegador	Navegador de Aerocivitus. Conhecido por interações cotidianas, pedidos, rumores e possibilidades de relacionamento.	25	Navegador	ACTIVE	FEMININO	0		
NPC_3585	Nerind	Kethruun	Sandbones	-1	Ferreiro	Ferreiro de Sandbones. Conhecido por interações cotidianas, pedidos, rumores e possibilidades de relacionamento.	42	Ferreiro	ACTIVE	MASCULINO	0		
NPC_3586	Selethb	Nyssara	Emerald Tide	0	Mensageiro	Mensageiro de Emerald Tide. Conhecido por interações cotidianas, pedidos, rumores e possibilidades de relacionamento.	59	Mensageiro	ACTIVE	FEMININO	0		
NPC_3587	Wiliath	Myrthos	Sem nome definido	1	Erudito	Erudito de Sem nome definido. Conhecido por interações cotidianas, pedidos, rumores e possibilidades de relacionamento.	76	Erudito	ACTIVE	MASCULINO	0		
NPC_3588	Alaa	Orinthal	Crystalia	2	Mago	Mago de Crystalia. Conhecido por interações cotidianas, pedidos, rumores e possibilidades de relacionamento.	30	Mago	ACTIVE	FEMININO	0		
NPC_3589	Corinl	Valkyrion	Volmeria	3	Carroceiro	Carroceiro de Volmeria. Conhecido por interações cotidianas, pedidos, rumores e possibilidades de relacionamento.	47	Carroceiro	ACTIVE	MASCULINO	0		
NPC_3590	Ferethr	Aeloria	Tindralith	4	Caçador	Caçador de Tindralith. Conhecido por interações cotidianas, pedidos, rumores e possibilidades de relacionamento.	64	Caçador	ACTIVE	FEMININO	0		
NPC_3591	Iriiav	Zarim	Fornalia	-2	Sentinela	Sentinela de Fornalia. Conhecido por interações cotidianas, pedidos, rumores e possibilidades de relacionamento.	18	Sentinela	ACTIVE	MASCULINO	0		
NPC_3592	Liaas	Eshmara	Brumas	-1	Criador de animais	Criador de animais de Brumas. Conhecido por interações cotidianas, pedidos, rumores e possibilidades de relacionamento.	35	Criador de animais	ACTIVE	FEMININO	0		
NPC_3593	Oliint	Tharun	Stone-Âmbar	0	Bardo	Bardo de Stone-Âmbar. Conhecido por interações cotidianas, pedidos, rumores e possibilidades de relacionamento.	52	Bardo	ACTIVE	MASCULINO	0		
NPC_3594	Torethm	Lyrien	Aerocivitus	1	Guarda	Guarda de Aerocivitus. Conhecido por interações cotidianas, pedidos, rumores e possibilidades de relacionamento.	69	Guarda	ACTIVE	FEMININO	0		
NPC_3595	Ysaian	Kethruun	Sandbones	2	Camponês	Camponês de Sandbones. Conhecido por interações cotidianas, pedidos, rumores e possibilidades de relacionamento.	23	Camponês	ACTIVE	MASCULINO	0		
NPC_3596	Arak	Nyssara	Emerald Tide	3	Clérigo	Clérigo de Emerald Tide. Conhecido por interações cotidianas, pedidos, rumores e possibilidades de relacionamento.	40	Clérigo	ACTIVE	FEMININO	0		
NPC_3597	Daind	Myrthos	Sem nome definido	4	Valaryn	Valaryn de Sem nome definido. Conhecido por interações cotidianas, pedidos, rumores e possibilidades de relacionamento.	57	Valaryn	ACTIVE	MASCULINO	0		
NPC_3598	Galethb	Orinthal	Crystalia	-2	Artesão	Artesão de Crystalia. Conhecido por interações cotidianas, pedidos, rumores e possibilidades de relacionamento.	74	Artesão	ACTIVE	FEMININO	0		
NPC_3599	Joniath	Valkyrion	Volmeria	-1	Curandeiro	Curandeiro de Volmeria. Conhecido por interações cotidianas, pedidos, rumores e possibilidades de relacionamento.	28	Curandeiro	ACTIVE	MASCULINO	0		
NPC_3600	Maraa	Aeloria	Netherholt	0	Aventureiro	Aventureiro de Netherholt. Conhecido por interações cotidianas, pedidos, rumores e possibilidades de relacionamento.	45	Aventureiro	ACTIVE	FEMININO	0		
NPC_3601	Reninl	Zarim	Fornalia	1	Estudante	Estudante de Fornalia. Conhecido por interações cotidianas, pedidos, rumores e possibilidades de relacionamento.	62	Estudante	ACTIVE	MASCULINO	0		
NPC_3602	Vioethr	Eshmara	Brumas	2	Mercador	Mercador de Brumas. Conhecido por interações cotidianas, pedidos, rumores e possibilidades de relacionamento.	79	Mercador	ACTIVE	FEMININO	0		
NPC_3603	Zaniav	Tharun	Stone-Âmbar	3	Pesquisador	Pesquisador de Stone-Âmbar. Conhecido por interações cotidianas, pedidos, rumores e possibilidades de relacionamento.	33	Pesquisador	ACTIVE	MASCULINO	0		
NPC_3604	Belas	Lyrien	Aerocivitus	4	Navegador	Navegador de Aerocivitus. Conhecido por interações cotidianas, pedidos, rumores e possibilidades de relacionamento.	50	Navegador	ACTIVE	FEMININO	0		
NPC_3605	Eliint	Kethruun	Sandbones	-2	Ferreiro	Ferreiro de Sandbones. Conhecido por interações cotidianas, pedidos, rumores e possibilidades de relacionamento.	67	Ferreiro	ACTIVE	MASCULINO	0		
NPC_3606	Helethm	Nyssara	Emerald Tide	-1	Mensageiro	Mensageiro de Emerald Tide. Conhecido por interações cotidianas, pedidos, rumores e possibilidades de relacionamento.	21	Mensageiro	ACTIVE	FEMININO	0		
NPC_3607	Kaian	Myrthos	Sem nome definido	0	Erudito	Erudito de Sem nome definido. Conhecido por interações cotidianas, pedidos, rumores e possibilidades de relacionamento.	38	Erudito	ACTIVE	MASCULINO	0		
NPC_3608	Nerak	Orinthal	Crystalia	1	Mago	Mago de Crystalia. Conhecido por interações cotidianas, pedidos, rumores e possibilidades de relacionamento.	55	Mago	ACTIVE	FEMININO	0		
NPC_3609	Selind	Valkyrion	Volmeria	2	Carroceiro	Carroceiro de Volmeria. Conhecido por interações cotidianas, pedidos, rumores e possibilidades de relacionamento.	72	Carroceiro	ACTIVE	MASCULINO	0		
NPC_3610	Wilethb	Aeloria	Highspire	3	Caçador	Caçador de Highspire. Conhecido por interações cotidianas, pedidos, rumores e possibilidades de relacionamento.	26	Caçador	ACTIVE	FEMININO	0		
NPC_3611	Aliath	Zarim	Fornalia	4	Sentinela	Sentinela de Fornalia. Conhecido por interações cotidianas, pedidos, rumores e possibilidades de relacionamento.	43	Sentinela	ACTIVE	MASCULINO	0		
NPC_3612	Coraa	Eshmara	Brumas	-2	Criador de animais	Criador de animais de Brumas. Conhecido por interações cotidianas, pedidos, rumores e possibilidades de relacionamento.	60	Criador de animais	ACTIVE	FEMININO	0		
NPC_3613	Ferinl	Tharun	Stone-Âmbar	-1	Bardo	Bardo de Stone-Âmbar. Conhecido por interações cotidianas, pedidos, rumores e possibilidades de relacionamento.	77	Bardo	ACTIVE	MASCULINO	0		
NPC_3614	Iriethr	Lyrien	Aerocivitus	0	Guarda	Guarda de Aerocivitus. Conhecido por interações cotidianas, pedidos, rumores e possibilidades de relacionamento.	31	Guarda	ACTIVE	FEMININO	0		
NPC_3615	Liaiav	Kethruun	Sandbones	1	Camponês	Camponês de Sandbones. Conhecido por interações cotidianas, pedidos, rumores e possibilidades de relacionamento.	48	Camponês	ACTIVE	MASCULINO	0		
NPC_3616	Olias	Nyssara	Emerald Tide	2	Clérigo	Clérigo de Emerald Tide. Conhecido por interações cotidianas, pedidos, rumores e possibilidades de relacionamento.	65	Clérigo	ACTIVE	FEMININO	0		
NPC_3617	Torint	Myrthos	Sem nome definido	3	Valaryn	Valaryn de Sem nome definido. Conhecido por interações cotidianas, pedidos, rumores e possibilidades de relacionamento.	19	Valaryn	ACTIVE	MASCULINO	0		
NPC_3618	Ysaethm	Orinthal	Crystalia	4	Artesão	Artesão de Crystalia. Conhecido por interações cotidianas, pedidos, rumores e possibilidades de relacionamento.	36	Artesão	ACTIVE	FEMININO	0		
NPC_3619	Arian	Valkyrion	Volmeria	-2	Curandeiro	Curandeiro de Volmeria. Conhecido por interações cotidianas, pedidos, rumores e possibilidades de relacionamento.	53	Curandeiro	ACTIVE	MASCULINO	0		
NPC_3620	Daak	Aeloria	Blackmere	-1	Aventureiro	Aventureiro de Blackmere. Conhecido por interações cotidianas, pedidos, rumores e possibilidades de relacionamento.	70	Aventureiro	ACTIVE	FEMININO	0		
NPC_3621	Galind	Zarim	Fornalia	0	Estudante	Estudante de Fornalia. Conhecido por interações cotidianas, pedidos, rumores e possibilidades de relacionamento.	24	Estudante	ACTIVE	MASCULINO	0		
NPC_3622	Jonethb	Eshmara	Brumas	1	Mercador	Mercador de Brumas. Conhecido por interações cotidianas, pedidos, rumores e possibilidades de relacionamento.	41	Mercador	ACTIVE	FEMININO	0		
NPC_3623	Mariath	Tharun	Stone-Âmbar	2	Pesquisador	Pesquisador de Stone-Âmbar. Conhecido por interações cotidianas, pedidos, rumores e possibilidades de relacionamento.	58	Pesquisador	ACTIVE	MASCULINO	0		
NPC_3624	Renaa	Lyrien	Aerocivitus	3	Navegador	Navegador de Aerocivitus. Conhecido por interações cotidianas, pedidos, rumores e possibilidades de relacionamento.	75	Navegador	ACTIVE	FEMININO	0		
NPC_3625	Vioinl	Kethruun	Sandbones	4	Ferreiro	Ferreiro de Sandbones. Conhecido por interações cotidianas, pedidos, rumores e possibilidades de relacionamento.	29	Ferreiro	ACTIVE	MASCULINO	0		
NPC_3626	Zanethr	Nyssara	Emerald Tide	-2	Mensageiro	Mensageiro de Emerald Tide. Conhecido por interações cotidianas, pedidos, rumores e possibilidades de relacionamento.	46	Mensageiro	ACTIVE	FEMININO	0		
NPC_3627	Beliav	Myrthos	Sem nome definido	-1	Erudito	Erudito de Sem nome definido. Conhecido por interações cotidianas, pedidos, rumores e possibilidades de relacionamento.	63	Erudito	ACTIVE	MASCULINO	0		
NPC_3628	Elias	Orinthal	Crystalia	0	Mago	Mago de Crystalia. Conhecido por interações cotidianas, pedidos, rumores e possibilidades de relacionamento.	80	Mago	ACTIVE	FEMININO	0		
NPC_3629	Helint	Valkyrion	Volmeria	1	Carroceiro	Carroceiro de Volmeria. Conhecido por interações cotidianas, pedidos, rumores e possibilidades de relacionamento.	34	Carroceiro	ACTIVE	MASCULINO	0		
NPC_3630	Kaethm	Aeloria	Veyndaril	2	Caçador	Caçador de Veyndaril. Conhecido por interações cotidianas, pedidos, rumores e possibilidades de relacionamento.	51	Caçador	ACTIVE	FEMININO	0		
NPC_3631	Nerian	Zarim	Fornalia	3	Sentinela	Sentinela de Fornalia. Conhecido por interações cotidianas, pedidos, rumores e possibilidades de relacionamento.	68	Sentinela	ACTIVE	MASCULINO	0		
NPC_3632	Selak	Eshmara	Brumas	4	Criador de animais	Criador de animais de Brumas. Conhecido por interações cotidianas, pedidos, rumores e possibilidades de relacionamento.	22	Criador de animais	ACTIVE	FEMININO	0		
NPC_3633	Wilind	Tharun	Stone-Âmbar	-2	Bardo	Bardo de Stone-Âmbar. Conhecido por interações cotidianas, pedidos, rumores e possibilidades de relacionamento.	39	Bardo	ACTIVE	MASCULINO	0		
NPC_3634	Alethb	Lyrien	Aerocivitus	-1	Guarda	Guarda de Aerocivitus. Conhecido por interações cotidianas, pedidos, rumores e possibilidades de relacionamento.	56	Guarda	ACTIVE	FEMININO	0		
NPC_3635	Coriath	Kethruun	Sandbones	0	Camponês	Camponês de Sandbones. Conhecido por interações cotidianas, pedidos, rumores e possibilidades de relacionamento.	73	Camponês	ACTIVE	MASCULINO	0		
NPC_3636	Feraa	Nyssara	Emerald Tide	1	Clérigo	Clérigo de Emerald Tide. Conhecido por interações cotidianas, pedidos, rumores e possibilidades de relacionamento.	27	Clérigo	ACTIVE	FEMININO	0		
NPC_3637	Iriinl	Myrthos	Sem nome definido	2	Valaryn	Valaryn de Sem nome definido. Conhecido por interações cotidianas, pedidos, rumores e possibilidades de relacionamento.	44	Valaryn	ACTIVE	MASCULINO	0		
NPC_3638	Liaethr	Orinthal	Crystalia	3	Artesão	Artesão de Crystalia. Conhecido por interações cotidianas, pedidos, rumores e possibilidades de relacionamento.	61	Artesão	ACTIVE	FEMININO	0		
NPC_3639	Oliiav	Valkyrion	Volmeria	4	Curandeiro	Curandeiro de Volmeria. Conhecido por interações cotidianas, pedidos, rumores e possibilidades de relacionamento.	78	Curandeiro	ACTIVE	MASCULINO	0		
NPC_3640	Toras	Aeloria	Pyrelith	-2	Aventureiro	Aventureiro de Pyrelith. Conhecido por interações cotidianas, pedidos, rumores e possibilidades de relacionamento.	32	Aventureiro	ACTIVE	FEMININO	0		
NPC_3641	Ysaint	Zarim	Fornalia	-1	Estudante	Estudante de Fornalia. Conhecido por interações cotidianas, pedidos, rumores e possibilidades de relacionamento.	49	Estudante	ACTIVE	MASCULINO	0		
NPC_3642	Arethm	Eshmara	Brumas	0	Mercador	Mercador de Brumas. Conhecido por interações cotidianas, pedidos, rumores e possibilidades de relacionamento.	66	Mercador	ACTIVE	FEMININO	0		
NPC_3643	Daian	Tharun	Stone-Âmbar	1	Pesquisador	Pesquisador de Stone-Âmbar. Conhecido por interações cotidianas, pedidos, rumores e possibilidades de relacionamento.	20	Pesquisador	ACTIVE	MASCULINO	0		
NPC_3644	Galak	Lyrien	Aerocivitus	2	Navegador	Navegador de Aerocivitus. Conhecido por interações cotidianas, pedidos, rumores e possibilidades de relacionamento.	37	Navegador	ACTIVE	FEMININO	0		
NPC_3645	Jonind	Kethruun	Sandbones	3	Ferreiro	Ferreiro de Sandbones. Conhecido por interações cotidianas, pedidos, rumores e possibilidades de relacionamento.	54	Ferreiro	ACTIVE	MASCULINO	0		
NPC_3646	Marethb	Nyssara	Emerald Tide	4	Mensageiro	Mensageiro de Emerald Tide. Conhecido por interações cotidianas, pedidos, rumores e possibilidades de relacionamento.	71	Mensageiro	ACTIVE	FEMININO	0		
NPC_3647	Reniath	Myrthos	Sem nome definido	-2	Erudito	Erudito de Sem nome definido. Conhecido por interações cotidianas, pedidos, rumores e possibilidades de relacionamento.	25	Erudito	ACTIVE	MASCULINO	0		
NPC_3648	Vioaa	Orinthal	Crystalia	-1	Mago	Mago de Crystalia. Conhecido por interações cotidianas, pedidos, rumores e possibilidades de relacionamento.	42	Mago	ACTIVE	FEMININO	0		
NPC_3649	Zaninl	Valkyrion	Volmeria	0	Carroceiro	Carroceiro de Volmeria. Conhecido por interações cotidianas, pedidos, rumores e possibilidades de relacionamento.	59	Carroceiro	ACTIVE	MASCULINO	0		
NPC_3650	Belethr	Aeloria	Jorathen	1	Caçador	Caçador de Jorathen. Conhecido por interações cotidianas, pedidos, rumores e possibilidades de relacionamento.	76	Caçador	ACTIVE	FEMININO	0		
NPC_3651	Eliiav	Zarim	Fornalia	2	Sentinela	Sentinela de Fornalia. Conhecido por interações cotidianas, pedidos, rumores e possibilidades de relacionamento.	30	Sentinela	ACTIVE	MASCULINO	0		
NPC_3652	Helas	Eshmara	Brumas	3	Criador de animais	Criador de animais de Brumas. Conhecido por interações cotidianas, pedidos, rumores e possibilidades de relacionamento.	47	Criador de animais	ACTIVE	FEMININO	0		
NPC_3653	Kaint	Tharun	Stone-Âmbar	4	Bardo	Bardo de Stone-Âmbar. Conhecido por interações cotidianas, pedidos, rumores e possibilidades de relacionamento.	64	Bardo	ACTIVE	MASCULINO	0		
NPC_3654	Nerethm	Lyrien	Aerocivitus	-2	Guarda	Guarda de Aerocivitus. Conhecido por interações cotidianas, pedidos, rumores e possibilidades de relacionamento.	18	Guarda	ACTIVE	FEMININO	0		
NPC_3655	Selian	Kethruun	Sandbones	-1	Camponês	Camponês de Sandbones. Conhecido por interações cotidianas, pedidos, rumores e possibilidades de relacionamento.	35	Camponês	ACTIVE	MASCULINO	0		
NPC_3656	Wilak	Nyssara	Emerald Tide	0	Clérigo	Clérigo de Emerald Tide. Conhecido por interações cotidianas, pedidos, rumores e possibilidades de relacionamento.	52	Clérigo	ACTIVE	FEMININO	0		
NPC_3657	Alind	Myrthos	Sem nome definido	1	Valaryn	Valaryn de Sem nome definido. Conhecido por interações cotidianas, pedidos, rumores e possibilidades de relacionamento.	69	Valaryn	ACTIVE	MASCULINO	0		
NPC_3658	Corethb	Orinthal	Crystalia	2	Artesão	Artesão de Crystalia. Conhecido por interações cotidianas, pedidos, rumores e possibilidades de relacionamento.	23	Artesão	ACTIVE	FEMININO	0		
NPC_3659	Feriath	Valkyrion	Volmeria	3	Curandeiro	Curandeiro de Volmeria. Conhecido por interações cotidianas, pedidos, rumores e possibilidades de relacionamento.	40	Curandeiro	ACTIVE	MASCULINO	0		
NPC_3660	Iriaa	Aeloria	Duskmere	4	Aventureiro	Aventureiro de Duskmere. Conhecido por interações cotidianas, pedidos, rumores e possibilidades de relacionamento.	57	Aventureiro	ACTIVE	FEMININO	0		
NPC_3661	Liainl	Zarim	Fornalia	-2	Estudante	Estudante de Fornalia. Conhecido por interações cotidianas, pedidos, rumores e possibilidades de relacionamento.	74	Estudante	ACTIVE	MASCULINO	0		
NPC_3662	Oliethr	Eshmara	Brumas	-1	Mercador	Mercador de Brumas. Conhecido por interações cotidianas, pedidos, rumores e possibilidades de relacionamento.	28	Mercador	ACTIVE	FEMININO	0		
NPC_3663	Toriav	Tharun	Stone-Âmbar	0	Pesquisador	Pesquisador de Stone-Âmbar. Conhecido por interações cotidianas, pedidos, rumores e possibilidades de relacionamento.	45	Pesquisador	ACTIVE	MASCULINO	0		
NPC_3664	Ysaas	Lyrien	Aerocivitus	1	Navegador	Navegador de Aerocivitus. Conhecido por interações cotidianas, pedidos, rumores e possibilidades de relacionamento.	62	Navegador	ACTIVE	FEMININO	0		
NPC_3665	Arint	Kethruun	Sandbones	2	Ferreiro	Ferreiro de Sandbones. Conhecido por interações cotidianas, pedidos, rumores e possibilidades de relacionamento.	79	Ferreiro	ACTIVE	MASCULINO	0		
NPC_3666	Daethm	Nyssara	Emerald Tide	3	Mensageiro	Mensageiro de Emerald Tide. Conhecido por interações cotidianas, pedidos, rumores e possibilidades de relacionamento.	33	Mensageiro	ACTIVE	FEMININO	0		
NPC_3667	Galian	Myrthos	Sem nome definido	4	Erudito	Erudito de Sem nome definido. Conhecido por interações cotidianas, pedidos, rumores e possibilidades de relacionamento.	50	Erudito	ACTIVE	MASCULINO	0		
NPC_3668	Jonak	Orinthal	Crystalia	-2	Mago	Mago de Crystalia. Conhecido por interações cotidianas, pedidos, rumores e possibilidades de relacionamento.	67	Mago	ACTIVE	FEMININO	0		
NPC_3669	Marind	Valkyrion	Volmeria	-1	Carroceiro	Carroceiro de Volmeria. Conhecido por interações cotidianas, pedidos, rumores e possibilidades de relacionamento.	21	Carroceiro	ACTIVE	MASCULINO	0		
NPC_3670	Renethb	Aeloria	Lunareth	0	Caçador	Caçador de Lunareth. Conhecido por interações cotidianas, pedidos, rumores e possibilidades de relacionamento.	38	Caçador	ACTIVE	FEMININO	0		
NPC_3671	Vioiath	Zarim	Fornalia	1	Sentinela	Sentinela de Fornalia. Conhecido por interações cotidianas, pedidos, rumores e possibilidades de relacionamento.	55	Sentinela	ACTIVE	MASCULINO	0		
NPC_3672	Zanaa	Eshmara	Brumas	2	Criador de animais	Criador de animais de Brumas. Conhecido por interações cotidianas, pedidos, rumores e possibilidades de relacionamento.	72	Criador de animais	ACTIVE	FEMININO	0		
NPC_3673	Belinl	Tharun	Stone-Âmbar	3	Bardo	Bardo de Stone-Âmbar. Conhecido por interações cotidianas, pedidos, rumores e possibilidades de relacionamento.	26	Bardo	ACTIVE	MASCULINO	0		
NPC_3674	Eliethr	Lyrien	Aerocivitus	4	Guarda	Guarda de Aerocivitus. Conhecido por interações cotidianas, pedidos, rumores e possibilidades de relacionamento.	43	Guarda	ACTIVE	FEMININO	0		
NPC_3675	Heliav	Kethruun	Sandbones	-2	Camponês	Camponês de Sandbones. Conhecido por interações cotidianas, pedidos, rumores e possibilidades de relacionamento.	60	Camponês	ACTIVE	MASCULINO	0		
NPC_3676	Kaas	Nyssara	Emerald Tide	-1	Clérigo	Clérigo de Emerald Tide. Conhecido por interações cotidianas, pedidos, rumores e possibilidades de relacionamento.	77	Clérigo	ACTIVE	FEMININO	0		
NPC_3677	Nerint	Myrthos	Sem nome definido	0	Valaryn	Valaryn de Sem nome definido. Conhecido por interações cotidianas, pedidos, rumores e possibilidades de relacionamento.	31	Valaryn	ACTIVE	MASCULINO	0		
NPC_3678	Selethm	Orinthal	Crystalia	1	Artesão	Artesão de Crystalia. Conhecido por interações cotidianas, pedidos, rumores e possibilidades de relacionamento.	48	Artesão	ACTIVE	FEMININO	0		
NPC_3679	Wilian	Valkyrion	Volmeria	2	Curandeiro	Curandeiro de Volmeria. Conhecido por interações cotidianas, pedidos, rumores e possibilidades de relacionamento.	65	Curandeiro	ACTIVE	MASCULINO	0		
NPC_3680	Alak	Aeloria	Xyrelith	3	Aventureiro	Aventureiro de Xyrelith. Conhecido por interações cotidianas, pedidos, rumores e possibilidades de relacionamento.	19	Aventureiro	ACTIVE	FEMININO	0		
NPC_3681	Corind	Zarim	Fornalia	4	Estudante	Estudante de Fornalia. Conhecido por interações cotidianas, pedidos, rumores e possibilidades de relacionamento.	36	Estudante	ACTIVE	MASCULINO	0		
NPC_3682	Ferethb	Eshmara	Brumas	-2	Mercador	Mercador de Brumas. Conhecido por interações cotidianas, pedidos, rumores e possibilidades de relacionamento.	53	Mercador	ACTIVE	FEMININO	0		
NPC_3683	Iriiath	Tharun	Stone-Âmbar	-1	Pesquisador	Pesquisador de Stone-Âmbar. Conhecido por interações cotidianas, pedidos, rumores e possibilidades de relacionamento.	70	Pesquisador	ACTIVE	MASCULINO	0		
NPC_3684	Liaaa	Lyrien	Aerocivitus	0	Navegador	Navegador de Aerocivitus. Conhecido por interações cotidianas, pedidos, rumores e possibilidades de relacionamento.	24	Navegador	ACTIVE	FEMININO	0		
NPC_3685	Oliinl	Kethruun	Sandbones	1	Ferreiro	Ferreiro de Sandbones. Conhecido por interações cotidianas, pedidos, rumores e possibilidades de relacionamento.	41	Ferreiro	ACTIVE	MASCULINO	0		
NPC_3686	Torethr	Nyssara	Emerald Tide	2	Mensageiro	Mensageiro de Emerald Tide. Conhecido por interações cotidianas, pedidos, rumores e possibilidades de relacionamento.	58	Mensageiro	ACTIVE	FEMININO	0		
NPC_3687	Ysaiav	Myrthos	Sem nome definido	3	Erudito	Erudito de Sem nome definido. Conhecido por interações cotidianas, pedidos, rumores e possibilidades de relacionamento.	75	Erudito	ACTIVE	MASCULINO	0		
NPC_3688	Aras	Orinthal	Crystalia	4	Mago	Mago de Crystalia. Conhecido por interações cotidianas, pedidos, rumores e possibilidades de relacionamento.	29	Mago	ACTIVE	FEMININO	0		
NPC_3689	Daint	Valkyrion	Volmeria	-2	Carroceiro	Carroceiro de Volmeria. Conhecido por interações cotidianas, pedidos, rumores e possibilidades de relacionamento.	46	Carroceiro	ACTIVE	MASCULINO	0		
NPC_3690	Galethm	Aeloria	Runedral	-1	Caçador	Caçador de Runedral. Conhecido por interações cotidianas, pedidos, rumores e possibilidades de relacionamento.	63	Caçador	ACTIVE	FEMININO	0		
NPC_3691	Jonian	Zarim	Fornalia	0	Sentinela	Sentinela de Fornalia. Conhecido por interações cotidianas, pedidos, rumores e possibilidades de relacionamento.	80	Sentinela	ACTIVE	MASCULINO	0		
NPC_3692	Marak	Eshmara	Brumas	1	Criador de animais	Criador de animais de Brumas. Conhecido por interações cotidianas, pedidos, rumores e possibilidades de relacionamento.	34	Criador de animais	ACTIVE	FEMININO	0		
NPC_3693	Renind	Tharun	Stone-Âmbar	2	Bardo	Bardo de Stone-Âmbar. Conhecido por interações cotidianas, pedidos, rumores e possibilidades de relacionamento.	51	Bardo	ACTIVE	MASCULINO	0		
NPC_3694	Vioethb	Lyrien	Aerocivitus	3	Guarda	Guarda de Aerocivitus. Conhecido por interações cotidianas, pedidos, rumores e possibilidades de relacionamento.	68	Guarda	ACTIVE	FEMININO	0		
NPC_3695	Zaniath	Kethruun	Sandbones	4	Camponês	Camponês de Sandbones. Conhecido por interações cotidianas, pedidos, rumores e possibilidades de relacionamento.	22	Camponês	ACTIVE	MASCULINO	0		
NPC_3696	Belaa	Nyssara	Emerald Tide	-2	Clérigo	Clérigo de Emerald Tide. Conhecido por interações cotidianas, pedidos, rumores e possibilidades de relacionamento.	39	Clérigo	ACTIVE	FEMININO	0		
NPC_3697	Eliinl	Myrthos	Sem nome definido	-1	Valaryn	Valaryn de Sem nome definido. Conhecido por interações cotidianas, pedidos, rumores e possibilidades de relacionamento.	56	Valaryn	ACTIVE	MASCULINO	0		
NPC_3698	Helethr	Orinthal	Crystalia	0	Artesão	Artesão de Crystalia. Conhecido por interações cotidianas, pedidos, rumores e possibilidades de relacionamento.	73	Artesão	ACTIVE	FEMININO	0		
NPC_3699	Kaiav	Valkyrion	Volmeria	1	Curandeiro	Curandeiro de Volmeria. Conhecido por interações cotidianas, pedidos, rumores e possibilidades de relacionamento.	27	Curandeiro	ACTIVE	MASCULINO	0		
NPC_3700	Neras	Aeloria	Lorwynne	2	Aventureiro	Aventureiro de Lorwynne. Conhecido por interações cotidianas, pedidos, rumores e possibilidades de relacionamento.	44	Aventureiro	ACTIVE	FEMININO	0		
NPC_3701	Selint	Zarim	Fornalia	3	Estudante	Estudante de Fornalia. Conhecido por interações cotidianas, pedidos, rumores e possibilidades de relacionamento.	61	Estudante	ACTIVE	MASCULINO	0		
NPC_3702	Wilethm	Eshmara	Brumas	4	Mercador	Mercador de Brumas. Conhecido por interações cotidianas, pedidos, rumores e possibilidades de relacionamento.	78	Mercador	ACTIVE	FEMININO	0		
NPC_3703	Alian	Tharun	Stone-Âmbar	-2	Pesquisador	Pesquisador de Stone-Âmbar. Conhecido por interações cotidianas, pedidos, rumores e possibilidades de relacionamento.	32	Pesquisador	ACTIVE	MASCULINO	0		
NPC_3704	Corak	Lyrien	Aerocivitus	-1	Navegador	Navegador de Aerocivitus. Conhecido por interações cotidianas, pedidos, rumores e possibilidades de relacionamento.	49	Navegador	ACTIVE	FEMININO	0		
NPC_3705	Ferind	Kethruun	Sandbones	0	Ferreiro	Ferreiro de Sandbones. Conhecido por interações cotidianas, pedidos, rumores e possibilidades de relacionamento.	66	Ferreiro	ACTIVE	MASCULINO	0		
NPC_3706	Iriethb	Nyssara	Emerald Tide	1	Mensageiro	Mensageiro de Emerald Tide. Conhecido por interações cotidianas, pedidos, rumores e possibilidades de relacionamento.	20	Mensageiro	ACTIVE	FEMININO	0		
NPC_3707	Liaiath	Myrthos	Sem nome definido	2	Erudito	Erudito de Sem nome definido. Conhecido por interações cotidianas, pedidos, rumores e possibilidades de relacionamento.	37	Erudito	ACTIVE	MASCULINO	0		
NPC_3708	Oliaa	Orinthal	Crystalia	3	Mago	Mago de Crystalia. Conhecido por interações cotidianas, pedidos, rumores e possibilidades de relacionamento.	54	Mago	ACTIVE	FEMININO	0		
NPC_3709	Torinl	Valkyrion	Volmeria	4	Carroceiro	Carroceiro de Volmeria. Conhecido por interações cotidianas, pedidos, rumores e possibilidades de relacionamento.	71	Carroceiro	ACTIVE	MASCULINO	0		
NPC_3710	Ysaethr	Aeloria	Frostmere	-2	Caçador	Caçador de Frostmere. Conhecido por interações cotidianas, pedidos, rumores e possibilidades de relacionamento.	25	Caçador	ACTIVE	FEMININO	0		
NPC_3711	Ariav	Zarim	Fornalia	-1	Sentinela	Sentinela de Fornalia. Conhecido por interações cotidianas, pedidos, rumores e possibilidades de relacionamento.	42	Sentinela	ACTIVE	MASCULINO	0		
NPC_3712	Daas	Eshmara	Brumas	0	Criador de animais	Criador de animais de Brumas. Conhecido por interações cotidianas, pedidos, rumores e possibilidades de relacionamento.	59	Criador de animais	ACTIVE	FEMININO	0		
NPC_3713	Galint	Tharun	Stone-Âmbar	1	Bardo	Bardo de Stone-Âmbar. Conhecido por interações cotidianas, pedidos, rumores e possibilidades de relacionamento.	76	Bardo	ACTIVE	MASCULINO	0		
NPC_3714	Jonethm	Lyrien	Aerocivitus	2	Guarda	Guarda de Aerocivitus. Conhecido por interações cotidianas, pedidos, rumores e possibilidades de relacionamento.	30	Guarda	ACTIVE	FEMININO	0		
NPC_3715	Marian	Kethruun	Sandbones	3	Camponês	Camponês de Sandbones. Conhecido por interações cotidianas, pedidos, rumores e possibilidades de relacionamento.	47	Camponês	ACTIVE	MASCULINO	0		
NPC_3716	Renak	Nyssara	Emerald Tide	4	Clérigo	Clérigo de Emerald Tide. Conhecido por interações cotidianas, pedidos, rumores e possibilidades de relacionamento.	64	Clérigo	ACTIVE	FEMININO	0		
NPC_3717	Vioind	Myrthos	Sem nome definido	-2	Valaryn	Valaryn de Sem nome definido. Conhecido por interações cotidianas, pedidos, rumores e possibilidades de relacionamento.	18	Valaryn	ACTIVE	MASCULINO	0		
NPC_3718	Zanethb	Orinthal	Crystalia	-1	Artesão	Artesão de Crystalia. Conhecido por interações cotidianas, pedidos, rumores e possibilidades de relacionamento.	35	Artesão	ACTIVE	FEMININO	0		
NPC_3719	Beliath	Valkyrion	Volmeria	0	Curandeiro	Curandeiro de Volmeria. Conhecido por interações cotidianas, pedidos, rumores e possibilidades de relacionamento.	52	Curandeiro	ACTIVE	MASCULINO	0		
NPC_3720	Eliaa	Aeloria	Zorathen	1	Aventureiro	Aventureiro de Zorathen. Conhecido por interações cotidianas, pedidos, rumores e possibilidades de relacionamento.	69	Aventureiro	ACTIVE	FEMININO	0		
NPC_3721	Helinl	Zarim	Fornalia	2	Estudante	Estudante de Fornalia. Conhecido por interações cotidianas, pedidos, rumores e possibilidades de relacionamento.	23	Estudante	ACTIVE	MASCULINO	0		
NPC_3722	Kaethr	Eshmara	Brumas	3	Mercador	Mercador de Brumas. Conhecido por interações cotidianas, pedidos, rumores e possibilidades de relacionamento.	40	Mercador	ACTIVE	FEMININO	0		
NPC_3723	Neriav	Tharun	Stone-Âmbar	4	Pesquisador	Pesquisador de Stone-Âmbar. Conhecido por interações cotidianas, pedidos, rumores e possibilidades de relacionamento.	57	Pesquisador	ACTIVE	MASCULINO	0		
NPC_3724	Selas	Lyrien	Aerocivitus	-2	Navegador	Navegador de Aerocivitus. Conhecido por interações cotidianas, pedidos, rumores e possibilidades de relacionamento.	74	Navegador	ACTIVE	FEMININO	0		
NPC_3725	Wilint	Kethruun	Sandbones	-1	Ferreiro	Ferreiro de Sandbones. Conhecido por interações cotidianas, pedidos, rumores e possibilidades de relacionamento.	28	Ferreiro	ACTIVE	MASCULINO	0		
NPC_3726	Alethm	Nyssara	Emerald Tide	0	Mensageiro	Mensageiro de Emerald Tide. Conhecido por interações cotidianas, pedidos, rumores e possibilidades de relacionamento.	45	Mensageiro	ACTIVE	FEMININO	0		
NPC_3727	Corian	Myrthos	Sem nome definido	1	Erudito	Erudito de Sem nome definido. Conhecido por interações cotidianas, pedidos, rumores e possibilidades de relacionamento.	62	Erudito	ACTIVE	MASCULINO	0		
NPC_3728	Ferak	Orinthal	Crystalia	2	Mago	Mago de Crystalia. Conhecido por interações cotidianas, pedidos, rumores e possibilidades de relacionamento.	79	Mago	ACTIVE	FEMININO	0		
NPC_3729	Iriind	Valkyrion	Volmeria	3	Carroceiro	Carroceiro de Volmeria. Conhecido por interações cotidianas, pedidos, rumores e possibilidades de relacionamento.	33	Carroceiro	ACTIVE	MASCULINO	0		
NPC_3730	Liaethb	Aeloria	Thornmere	4	Caçador	Caçador de Thornmere. Conhecido por interações cotidianas, pedidos, rumores e possibilidades de relacionamento.	50	Caçador	ACTIVE	FEMININO	0		
NPC_3731	Oliiath	Zarim	Fornalia	-2	Sentinela	Sentinela de Fornalia. Conhecido por interações cotidianas, pedidos, rumores e possibilidades de relacionamento.	67	Sentinela	ACTIVE	MASCULINO	0		
NPC_3732	Toraa	Eshmara	Brumas	-1	Criador de animais	Criador de animais de Brumas. Conhecido por interações cotidianas, pedidos, rumores e possibilidades de relacionamento.	21	Criador de animais	ACTIVE	FEMININO	0		
NPC_3733	Ysainl	Tharun	Stone-Âmbar	0	Bardo	Bardo de Stone-Âmbar. Conhecido por interações cotidianas, pedidos, rumores e possibilidades de relacionamento.	38	Bardo	ACTIVE	MASCULINO	0		
NPC_3734	Arethr	Lyrien	Aerocivitus	1	Guarda	Guarda de Aerocivitus. Conhecido por interações cotidianas, pedidos, rumores e possibilidades de relacionamento.	55	Guarda	ACTIVE	FEMININO	0		
NPC_3735	Daiav	Kethruun	Sandbones	2	Camponês	Camponês de Sandbones. Conhecido por interações cotidianas, pedidos, rumores e possibilidades de relacionamento.	72	Camponês	ACTIVE	MASCULINO	0		
NPC_3736	Galas	Nyssara	Emerald Tide	3	Clérigo	Clérigo de Emerald Tide. Conhecido por interações cotidianas, pedidos, rumores e possibilidades de relacionamento.	26	Clérigo	ACTIVE	FEMININO	0		
NPC_3737	Jonint	Myrthos	Sem nome definido	4	Valaryn	Valaryn de Sem nome definido. Conhecido por interações cotidianas, pedidos, rumores e possibilidades de relacionamento.	43	Valaryn	ACTIVE	MASCULINO	0		
NPC_3738	Marethm	Orinthal	Crystalia	-2	Artesão	Artesão de Crystalia. Conhecido por interações cotidianas, pedidos, rumores e possibilidades de relacionamento.	60	Artesão	ACTIVE	FEMININO	0		
NPC_3739	Renian	Valkyrion	Volmeria	-1	Curandeiro	Curandeiro de Volmeria. Conhecido por interações cotidianas, pedidos, rumores e possibilidades de relacionamento.	77	Curandeiro	ACTIVE	MASCULINO	0		
NPC_3740	Vioak	Aeloria	Norhaven	0	Aventureiro	Aventureiro de Norhaven. Conhecido por interações cotidianas, pedidos, rumores e possibilidades de relacionamento.	31	Aventureiro	ACTIVE	FEMININO	0		
NPC_3741	Zanind	Zarim	Fornalia	1	Estudante	Estudante de Fornalia. Conhecido por interações cotidianas, pedidos, rumores e possibilidades de relacionamento.	48	Estudante	ACTIVE	MASCULINO	0		
NPC_3742	Belethb	Eshmara	Brumas	2	Mercador	Mercador de Brumas. Conhecido por interações cotidianas, pedidos, rumores e possibilidades de relacionamento.	65	Mercador	ACTIVE	FEMININO	0		
NPC_3743	Eliiath	Tharun	Stone-Âmbar	3	Pesquisador	Pesquisador de Stone-Âmbar. Conhecido por interações cotidianas, pedidos, rumores e possibilidades de relacionamento.	19	Pesquisador	ACTIVE	MASCULINO	0		
NPC_3744	Helaa	Lyrien	Aerocivitus	4	Navegador	Navegador de Aerocivitus. Conhecido por interações cotidianas, pedidos, rumores e possibilidades de relacionamento.	36	Navegador	ACTIVE	FEMININO	0		
NPC_3745	Kainl	Kethruun	Sandbones	-2	Ferreiro	Ferreiro de Sandbones. Conhecido por interações cotidianas, pedidos, rumores e possibilidades de relacionamento.	53	Ferreiro	ACTIVE	MASCULINO	0		
NPC_3746	Nerethr	Nyssara	Emerald Tide	-1	Mensageiro	Mensageiro de Emerald Tide. Conhecido por interações cotidianas, pedidos, rumores e possibilidades de relacionamento.	70	Mensageiro	ACTIVE	FEMININO	0		
NPC_3747	Seliav	Myrthos	Sem nome definido	0	Erudito	Erudito de Sem nome definido. Conhecido por interações cotidianas, pedidos, rumores e possibilidades de relacionamento.	24	Erudito	ACTIVE	MASCULINO	0		
NPC_3748	Wilas	Orinthal	Crystalia	1	Mago	Mago de Crystalia. Conhecido por interações cotidianas, pedidos, rumores e possibilidades de relacionamento.	41	Mago	ACTIVE	FEMININO	0		
NPC_3749	Alint	Valkyrion	Volmeria	2	Carroceiro	Carroceiro de Volmeria. Conhecido por interações cotidianas, pedidos, rumores e possibilidades de relacionamento.	58	Carroceiro	ACTIVE	MASCULINO	0		
NPC_3750	Corethm	Aeloria	Hallowspire	3	Caçador	Caçador de Hallowspire. Conhecido por interações cotidianas, pedidos, rumores e possibilidades de relacionamento.	75	Caçador	ACTIVE	FEMININO	0		
NPC_3751	Ferian	Zarim	Fornalia	4	Sentinela	Sentinela de Fornalia. Conhecido por interações cotidianas, pedidos, rumores e possibilidades de relacionamento.	29	Sentinela	ACTIVE	MASCULINO	0		
NPC_3752	Iriak	Eshmara	Brumas	-2	Criador de animais	Criador de animais de Brumas. Conhecido por interações cotidianas, pedidos, rumores e possibilidades de relacionamento.	46	Criador de animais	ACTIVE	FEMININO	0		
NPC_3753	Liaind	Tharun	Stone-Âmbar	-1	Bardo	Bardo de Stone-Âmbar. Conhecido por interações cotidianas, pedidos, rumores e possibilidades de relacionamento.	63	Bardo	ACTIVE	MASCULINO	0		
NPC_3754	Oliethb	Lyrien	Aerocivitus	0	Guarda	Guarda de Aerocivitus. Conhecido por interações cotidianas, pedidos, rumores e possibilidades de relacionamento.	80	Guarda	ACTIVE	FEMININO	0		
NPC_3755	Toriath	Kethruun	Sandbones	1	Camponês	Camponês de Sandbones. Conhecido por interações cotidianas, pedidos, rumores e possibilidades de relacionamento.	34	Camponês	ACTIVE	MASCULINO	0		
NPC_3756	Ysaaa	Nyssara	Emerald Tide	2	Clérigo	Clérigo de Emerald Tide. Conhecido por interações cotidianas, pedidos, rumores e possibilidades de relacionamento.	51	Clérigo	ACTIVE	FEMININO	0		
NPC_3757	Arinl	Myrthos	Sem nome definido	3	Valaryn	Valaryn de Sem nome definido. Conhecido por interações cotidianas, pedidos, rumores e possibilidades de relacionamento.	68	Valaryn	ACTIVE	MASCULINO	0		
NPC_3758	Daethr	Orinthal	Crystalia	4	Artesão	Artesão de Crystalia. Conhecido por interações cotidianas, pedidos, rumores e possibilidades de relacionamento.	22	Artesão	ACTIVE	FEMININO	0		
NPC_3759	Galiav	Valkyrion	Volmeria	-2	Curandeiro	Curandeiro de Volmeria. Conhecido por interações cotidianas, pedidos, rumores e possibilidades de relacionamento.	39	Curandeiro	ACTIVE	MASCULINO	0		
NPC_3760	Jonas	Aeloria	Brighthollow	-1	Aventureiro	Aventureiro de Brighthollow. Conhecido por interações cotidianas, pedidos, rumores e possibilidades de relacionamento.	56	Aventureiro	ACTIVE	FEMININO	0		
NPC_3761	Marint	Zarim	Fornalia	0	Estudante	Estudante de Fornalia. Conhecido por interações cotidianas, pedidos, rumores e possibilidades de relacionamento.	73	Estudante	ACTIVE	MASCULINO	0		
NPC_3762	Renethm	Eshmara	Brumas	1	Mercador	Mercador de Brumas. Conhecido por interações cotidianas, pedidos, rumores e possibilidades de relacionamento.	27	Mercador	ACTIVE	FEMININO	0		
NPC_3763	Vioian	Tharun	Stone-Âmbar	2	Pesquisador	Pesquisador de Stone-Âmbar. Conhecido por interações cotidianas, pedidos, rumores e possibilidades de relacionamento.	44	Pesquisador	ACTIVE	MASCULINO	0		
NPC_3764	Zanak	Lyrien	Aerocivitus	3	Navegador	Navegador de Aerocivitus. Conhecido por interações cotidianas, pedidos, rumores e possibilidades de relacionamento.	61	Navegador	ACTIVE	FEMININO	0		
NPC_3765	Belind	Kethruun	Sandbones	4	Ferreiro	Ferreiro de Sandbones. Conhecido por interações cotidianas, pedidos, rumores e possibilidades de relacionamento.	78	Ferreiro	ACTIVE	MASCULINO	0		
NPC_3766	Eliethb	Nyssara	Emerald Tide	-2	Mensageiro	Mensageiro de Emerald Tide. Conhecido por interações cotidianas, pedidos, rumores e possibilidades de relacionamento.	32	Mensageiro	ACTIVE	FEMININO	0		
NPC_3767	Heliath	Myrthos	Sem nome definido	-1	Erudito	Erudito de Sem nome definido. Conhecido por interações cotidianas, pedidos, rumores e possibilidades de relacionamento.	49	Erudito	ACTIVE	MASCULINO	0		
NPC_3768	Kaaa	Orinthal	Crystalia	0	Mago	Mago de Crystalia. Conhecido por interações cotidianas, pedidos, rumores e possibilidades de relacionamento.	66	Mago	ACTIVE	FEMININO	0		
NPC_3769	Nerinl	Valkyrion	Volmeria	1	Carroceiro	Carroceiro de Volmeria. Conhecido por interações cotidianas, pedidos, rumores e possibilidades de relacionamento.	20	Carroceiro	ACTIVE	MASCULINO	0		
NPC_3770	Selethr	Aeloria	Valdora	2	Caçador	Caçador de Valdora. Conhecido por interações cotidianas, pedidos, rumores e possibilidades de relacionamento.	37	Caçador	ACTIVE	FEMININO	0		
NPC_3771	Wiliav	Zarim	Fornalia	3	Sentinela	Sentinela de Fornalia. Conhecido por interações cotidianas, pedidos, rumores e possibilidades de relacionamento.	54	Sentinela	ACTIVE	MASCULINO	0		
NPC_3772	Alas	Eshmara	Brumas	4	Criador de animais	Criador de animais de Brumas. Conhecido por interações cotidianas, pedidos, rumores e possibilidades de relacionamento.	71	Criador de animais	ACTIVE	FEMININO	0		
NPC_3773	Corint	Tharun	Stone-Âmbar	-2	Bardo	Bardo de Stone-Âmbar. Conhecido por interações cotidianas, pedidos, rumores e possibilidades de relacionamento.	25	Bardo	ACTIVE	MASCULINO	0		
NPC_3774	Ferethm	Lyrien	Aerocivitus	-1	Guarda	Guarda de Aerocivitus. Conhecido por interações cotidianas, pedidos, rumores e possibilidades de relacionamento.	42	Guarda	ACTIVE	FEMININO	0		
NPC_3775	Iriian	Kethruun	Sandbones	0	Camponês	Camponês de Sandbones. Conhecido por interações cotidianas, pedidos, rumores e possibilidades de relacionamento.	59	Camponês	ACTIVE	MASCULINO	0		
NPC_3776	Liaak	Nyssara	Emerald Tide	1	Clérigo	Clérigo de Emerald Tide. Conhecido por interações cotidianas, pedidos, rumores e possibilidades de relacionamento.	76	Clérigo	ACTIVE	FEMININO	0		
NPC_3777	Oliind	Myrthos	Sem nome definido	2	Valaryn	Valaryn de Sem nome definido. Conhecido por interações cotidianas, pedidos, rumores e possibilidades de relacionamento.	30	Valaryn	ACTIVE	MASCULINO	0		
NPC_3778	Torethb	Orinthal	Crystalia	3	Artesão	Artesão de Crystalia. Conhecido por interações cotidianas, pedidos, rumores e possibilidades de relacionamento.	47	Artesão	ACTIVE	FEMININO	0		
NPC_3779	Ysaiath	Valkyrion	Volmeria	4	Curandeiro	Curandeiro de Volmeria. Conhecido por interações cotidianas, pedidos, rumores e possibilidades de relacionamento.	64	Curandeiro	ACTIVE	MASCULINO	0		
NPC_3780	Araa	Aeloria	Verdralith	-2	Aventureiro	Aventureiro de Verdralith. Conhecido por interações cotidianas, pedidos, rumores e possibilidades de relacionamento.	18	Aventureiro	ACTIVE	FEMININO	0		
NPC_3781	Dainl	Zarim	Fornalia	-1	Estudante	Estudante de Fornalia. Conhecido por interações cotidianas, pedidos, rumores e possibilidades de relacionamento.	35	Estudante	ACTIVE	MASCULINO	0		
NPC_3782	Galethr	Eshmara	Brumas	0	Mercador	Mercador de Brumas. Conhecido por interações cotidianas, pedidos, rumores e possibilidades de relacionamento.	52	Mercador	ACTIVE	FEMININO	0		
NPC_3783	Joniav	Tharun	Stone-Âmbar	1	Pesquisador	Pesquisador de Stone-Âmbar. Conhecido por interações cotidianas, pedidos, rumores e possibilidades de relacionamento.	69	Pesquisador	ACTIVE	MASCULINO	0		
NPC_3784	Maras	Lyrien	Aerocivitus	2	Navegador	Navegador de Aerocivitus. Conhecido por interações cotidianas, pedidos, rumores e possibilidades de relacionamento.	23	Navegador	ACTIVE	FEMININO	0		
NPC_3785	Renint	Kethruun	Sandbones	3	Ferreiro	Ferreiro de Sandbones. Conhecido por interações cotidianas, pedidos, rumores e possibilidades de relacionamento.	40	Ferreiro	ACTIVE	MASCULINO	0		
NPC_3786	Vioethm	Nyssara	Emerald Tide	4	Mensageiro	Mensageiro de Emerald Tide. Conhecido por interações cotidianas, pedidos, rumores e possibilidades de relacionamento.	57	Mensageiro	ACTIVE	FEMININO	0		
NPC_3787	Zanian	Myrthos	Sem nome definido	-2	Erudito	Erudito de Sem nome definido. Conhecido por interações cotidianas, pedidos, rumores e possibilidades de relacionamento.	74	Erudito	ACTIVE	MASCULINO	0		
NPC_3788	Belak	Orinthal	Crystalia	-1	Mago	Mago de Crystalia. Conhecido por interações cotidianas, pedidos, rumores e possibilidades de relacionamento.	28	Mago	ACTIVE	FEMININO	0		
NPC_3789	Eliind	Valkyrion	Volmeria	0	Carroceiro	Carroceiro de Volmeria. Conhecido por interações cotidianas, pedidos, rumores e possibilidades de relacionamento.	45	Carroceiro	ACTIVE	MASCULINO	0		
NPC_3790	Helethb	Aeloria	Prismere	1	Caçador	Caçador de Prismere. Conhecido por interações cotidianas, pedidos, rumores e possibilidades de relacionamento.	62	Caçador	ACTIVE	FEMININO	0		
NPC_3791	Kaiath	Zarim	Fornalia	2	Sentinela	Sentinela de Fornalia. Conhecido por interações cotidianas, pedidos, rumores e possibilidades de relacionamento.	79	Sentinela	ACTIVE	MASCULINO	0		
NPC_3792	Neraa	Eshmara	Brumas	3	Criador de animais	Criador de animais de Brumas. Conhecido por interações cotidianas, pedidos, rumores e possibilidades de relacionamento.	33	Criador de animais	ACTIVE	FEMININO	0		
NPC_3793	Selinl	Tharun	Stone-Âmbar	4	Bardo	Bardo de Stone-Âmbar. Conhecido por interações cotidianas, pedidos, rumores e possibilidades de relacionamento.	50	Bardo	ACTIVE	MASCULINO	0		
NPC_3794	Wilethr	Lyrien	Aerocivitus	-2	Guarda	Guarda de Aerocivitus. Conhecido por interações cotidianas, pedidos, rumores e possibilidades de relacionamento.	67	Guarda	ACTIVE	FEMININO	0		
NPC_3795	Aliav	Kethruun	Sandbones	-1	Camponês	Camponês de Sandbones. Conhecido por interações cotidianas, pedidos, rumores e possibilidades de relacionamento.	21	Camponês	ACTIVE	MASCULINO	0		
NPC_3796	Coras	Nyssara	Emerald Tide	0	Clérigo	Clérigo de Emerald Tide. Conhecido por interações cotidianas, pedidos, rumores e possibilidades de relacionamento.	38	Clérigo	ACTIVE	FEMININO	0		
NPC_3797	Ferint	Myrthos	Sem nome definido	1	Valaryn	Valaryn de Sem nome definido. Conhecido por interações cotidianas, pedidos, rumores e possibilidades de relacionamento.	55	Valaryn	ACTIVE	MASCULINO	0		
NPC_3798	Iriethm	Orinthal	Crystalia	2	Artesão	Artesão de Crystalia. Conhecido por interações cotidianas, pedidos, rumores e possibilidades de relacionamento.	72	Artesão	ACTIVE	FEMININO	0		
NPC_3799	Liaian	Valkyrion	Volmeria	3	Curandeiro	Curandeiro de Volmeria. Conhecido por interações cotidianas, pedidos, rumores e possibilidades de relacionamento.	26	Curandeiro	ACTIVE	MASCULINO	0		
NPC_3800	Oliak	Aeloria	Jorwyn	4	Aventureiro	Aventureiro de Jorwyn. Conhecido por interações cotidianas, pedidos, rumores e possibilidades de relacionamento.	43	Aventureiro	ACTIVE	FEMININO	0		
NPC_3801	Torind	Zarim	Fornalia	-2	Estudante	Estudante de Fornalia. Conhecido por interações cotidianas, pedidos, rumores e possibilidades de relacionamento.	60	Estudante	ACTIVE	MASCULINO	0		
NPC_3802	Ysaethb	Eshmara	Brumas	-1	Mercador	Mercador de Brumas. Conhecido por interações cotidianas, pedidos, rumores e possibilidades de relacionamento.	77	Mercador	ACTIVE	FEMININO	0		
NPC_3803	Ariath	Tharun	Stone-Âmbar	0	Pesquisador	Pesquisador de Stone-Âmbar. Conhecido por interações cotidianas, pedidos, rumores e possibilidades de relacionamento.	31	Pesquisador	ACTIVE	MASCULINO	0		
NPC_3804	Daaa	Lyrien	Aerocivitus	1	Navegador	Navegador de Aerocivitus. Conhecido por interações cotidianas, pedidos, rumores e possibilidades de relacionamento.	48	Navegador	ACTIVE	FEMININO	0		
NPC_3805	Galinl	Kethruun	Sandbones	2	Ferreiro	Ferreiro de Sandbones. Conhecido por interações cotidianas, pedidos, rumores e possibilidades de relacionamento.	65	Ferreiro	ACTIVE	MASCULINO	0		
NPC_3806	Jonethr	Nyssara	Emerald Tide	3	Mensageiro	Mensageiro de Emerald Tide. Conhecido por interações cotidianas, pedidos, rumores e possibilidades de relacionamento.	19	Mensageiro	ACTIVE	FEMININO	0		
NPC_3807	Mariav	Myrthos	Sem nome definido	4	Erudito	Erudito de Sem nome definido. Conhecido por interações cotidianas, pedidos, rumores e possibilidades de relacionamento.	36	Erudito	ACTIVE	MASCULINO	0		
NPC_3808	Renas	Orinthal	Crystalia	-2	Mago	Mago de Crystalia. Conhecido por interações cotidianas, pedidos, rumores e possibilidades de relacionamento.	53	Mago	ACTIVE	FEMININO	0		
NPC_3809	Vioint	Valkyrion	Volmeria	-1	Carroceiro	Carroceiro de Volmeria. Conhecido por interações cotidianas, pedidos, rumores e possibilidades de relacionamento.	70	Carroceiro	ACTIVE	MASCULINO	0		
NPC_3810	Zanethm	Aeloria	Dawnspire	0	Caçador	Caçador de Dawnspire. Conhecido por interações cotidianas, pedidos, rumores e possibilidades de relacionamento.	24	Caçador	ACTIVE	FEMININO	0		
NPC_3811	Belian	Zarim	Fornalia	1	Sentinela	Sentinela de Fornalia. Conhecido por interações cotidianas, pedidos, rumores e possibilidades de relacionamento.	41	Sentinela	ACTIVE	MASCULINO	0		
NPC_3812	Eliak	Eshmara	Brumas	2	Criador de animais	Criador de animais de Brumas. Conhecido por interações cotidianas, pedidos, rumores e possibilidades de relacionamento.	58	Criador de animais	ACTIVE	FEMININO	0		
NPC_3813	Helind	Tharun	Stone-Âmbar	3	Bardo	Bardo de Stone-Âmbar. Conhecido por interações cotidianas, pedidos, rumores e possibilidades de relacionamento.	75	Bardo	ACTIVE	MASCULINO	0		
NPC_3814	Kaethb	Lyrien	Aerocivitus	4	Guarda	Guarda de Aerocivitus. Conhecido por interações cotidianas, pedidos, rumores e possibilidades de relacionamento.	29	Guarda	ACTIVE	FEMININO	0		
NPC_3815	Neriath	Kethruun	Sandbones	-2	Camponês	Camponês de Sandbones. Conhecido por interações cotidianas, pedidos, rumores e possibilidades de relacionamento.	46	Camponês	ACTIVE	MASCULINO	0		
NPC_3816	Selaa	Nyssara	Emerald Tide	-1	Clérigo	Clérigo de Emerald Tide. Conhecido por interações cotidianas, pedidos, rumores e possibilidades de relacionamento.	63	Clérigo	ACTIVE	FEMININO	0		
NPC_3817	Wilinl	Myrthos	Sem nome definido	0	Valaryn	Valaryn de Sem nome definido. Conhecido por interações cotidianas, pedidos, rumores e possibilidades de relacionamento.	80	Valaryn	ACTIVE	MASCULINO	0		
NPC_3818	Alethr	Orinthal	Crystalia	1	Artesão	Artesão de Crystalia. Conhecido por interações cotidianas, pedidos, rumores e possibilidades de relacionamento.	34	Artesão	ACTIVE	FEMININO	0		
NPC_3819	Coriav	Valkyrion	Volmeria	2	Curandeiro	Curandeiro de Volmeria. Conhecido por interações cotidianas, pedidos, rumores e possibilidades de relacionamento.	51	Curandeiro	ACTIVE	MASCULINO	0		
NPC_3820	Feras	Aeloria	Xandralor	3	Aventureiro	Aventureiro de Xandralor. Conhecido por interações cotidianas, pedidos, rumores e possibilidades de relacionamento.	68	Aventureiro	ACTIVE	FEMININO	0		
NPC_3821	Iriint	Zarim	Fornalia	4	Estudante	Estudante de Fornalia. Conhecido por interações cotidianas, pedidos, rumores e possibilidades de relacionamento.	22	Estudante	ACTIVE	MASCULINO	0		
NPC_3822	Liaethm	Eshmara	Brumas	-2	Mercador	Mercador de Brumas. Conhecido por interações cotidianas, pedidos, rumores e possibilidades de relacionamento.	39	Mercador	ACTIVE	FEMININO	0		
NPC_3823	Oliian	Tharun	Stone-Âmbar	-1	Pesquisador	Pesquisador de Stone-Âmbar. Conhecido por interações cotidianas, pedidos, rumores e possibilidades de relacionamento.	56	Pesquisador	ACTIVE	MASCULINO	0		
NPC_3824	Torak	Lyrien	Aerocivitus	0	Navegador	Navegador de Aerocivitus. Conhecido por interações cotidianas, pedidos, rumores e possibilidades de relacionamento.	73	Navegador	ACTIVE	FEMININO	0		
NPC_3825	Ysaind	Kethruun	Sandbones	1	Ferreiro	Ferreiro de Sandbones. Conhecido por interações cotidianas, pedidos, rumores e possibilidades de relacionamento.	27	Ferreiro	ACTIVE	MASCULINO	0		
NPC_3826	Arethb	Nyssara	Emerald Tide	2	Mensageiro	Mensageiro de Emerald Tide. Conhecido por interações cotidianas, pedidos, rumores e possibilidades de relacionamento.	44	Mensageiro	ACTIVE	FEMININO	0		
NPC_3827	Daiath	Myrthos	Sem nome definido	3	Erudito	Erudito de Sem nome definido. Conhecido por interações cotidianas, pedidos, rumores e possibilidades de relacionamento.	61	Erudito	ACTIVE	MASCULINO	0		
NPC_3828	Galaa	Orinthal	Crystalia	4	Mago	Mago de Crystalia. Conhecido por interações cotidianas, pedidos, rumores e possibilidades de relacionamento.	78	Mago	ACTIVE	FEMININO	0		
NPC_3829	Joninl	Valkyrion	Volmeria	-2	Carroceiro	Carroceiro de Volmeria. Conhecido por interações cotidianas, pedidos, rumores e possibilidades de relacionamento.	32	Carroceiro	ACTIVE	MASCULINO	0		
NPC_3830	Marethr	Aeloria	Rivenholt	-1	Caçador	Caçador de Rivenholt. Conhecido por interações cotidianas, pedidos, rumores e possibilidades de relacionamento.	49	Caçador	ACTIVE	FEMININO	0		
NPC_3831	Reniav	Zarim	Fornalia	0	Sentinela	Sentinela de Fornalia. Conhecido por interações cotidianas, pedidos, rumores e possibilidades de relacionamento.	66	Sentinela	ACTIVE	MASCULINO	0		
NPC_3832	Vioas	Eshmara	Brumas	1	Criador de animais	Criador de animais de Brumas. Conhecido por interações cotidianas, pedidos, rumores e possibilidades de relacionamento.	20	Criador de animais	ACTIVE	FEMININO	0		
NPC_3833	Zanint	Tharun	Stone-Âmbar	2	Bardo	Bardo de Stone-Âmbar. Conhecido por interações cotidianas, pedidos, rumores e possibilidades de relacionamento.	37	Bardo	ACTIVE	MASCULINO	0		
NPC_3834	Belethm	Lyrien	Aerocivitus	3	Guarda	Guarda de Aerocivitus. Conhecido por interações cotidianas, pedidos, rumores e possibilidades de relacionamento.	54	Guarda	ACTIVE	FEMININO	0		
NPC_3835	Eliian	Kethruun	Sandbones	4	Camponês	Camponês de Sandbones. Conhecido por interações cotidianas, pedidos, rumores e possibilidades de relacionamento.	71	Camponês	ACTIVE	MASCULINO	0		
NPC_3836	Helak	Nyssara	Emerald Tide	-2	Clérigo	Clérigo de Emerald Tide. Conhecido por interações cotidianas, pedidos, rumores e possibilidades de relacionamento.	25	Clérigo	ACTIVE	FEMININO	0		
NPC_3837	Kaind	Myrthos	Sem nome definido	-1	Valaryn	Valaryn de Sem nome definido. Conhecido por interações cotidianas, pedidos, rumores e possibilidades de relacionamento.	42	Valaryn	ACTIVE	MASCULINO	0		
NPC_3838	Nerethb	Orinthal	Crystalia	0	Artesão	Artesão de Crystalia. Conhecido por interações cotidianas, pedidos, rumores e possibilidades de relacionamento.	59	Artesão	ACTIVE	FEMININO	0		
NPC_3839	Seliath	Valkyrion	Volmeria	1	Curandeiro	Curandeiro de Volmeria. Conhecido por interações cotidianas, pedidos, rumores e possibilidades de relacionamento.	76	Curandeiro	ACTIVE	MASCULINO	0		
NPC_3840	Wilaa	Aeloria	Loryndor	2	Aventureiro	Aventureiro de Loryndor. Conhecido por interações cotidianas, pedidos, rumores e possibilidades de relacionamento.	30	Aventureiro	ACTIVE	FEMININO	0		
NPC_3841	Alinl	Zarim	Fornalia	3	Estudante	Estudante de Fornalia. Conhecido por interações cotidianas, pedidos, rumores e possibilidades de relacionamento.	47	Estudante	ACTIVE	MASCULINO	0		
NPC_3842	Corethr	Eshmara	Brumas	4	Mercador	Mercador de Brumas. Conhecido por interações cotidianas, pedidos, rumores e possibilidades de relacionamento.	64	Mercador	ACTIVE	FEMININO	0		
NPC_3843	Feriav	Tharun	Stone-Âmbar	-2	Pesquisador	Pesquisador de Stone-Âmbar. Conhecido por interações cotidianas, pedidos, rumores e possibilidades de relacionamento.	18	Pesquisador	ACTIVE	MASCULINO	0		
NPC_3844	Irias	Lyrien	Aerocivitus	-1	Navegador	Navegador de Aerocivitus. Conhecido por interações cotidianas, pedidos, rumores e possibilidades de relacionamento.	35	Navegador	ACTIVE	FEMININO	0		
NPC_3845	Liaint	Kethruun	Sandbones	0	Ferreiro	Ferreiro de Sandbones. Conhecido por interações cotidianas, pedidos, rumores e possibilidades de relacionamento.	52	Ferreiro	ACTIVE	MASCULINO	0		
NPC_3846	Oliethm	Nyssara	Emerald Tide	1	Mensageiro	Mensageiro de Emerald Tide. Conhecido por interações cotidianas, pedidos, rumores e possibilidades de relacionamento.	69	Mensageiro	ACTIVE	FEMININO	0		
NPC_3847	Torian	Myrthos	Sem nome definido	2	Erudito	Erudito de Sem nome definido. Conhecido por interações cotidianas, pedidos, rumores e possibilidades de relacionamento.	23	Erudito	ACTIVE	MASCULINO	0		
NPC_3848	Ysaak	Orinthal	Crystalia	3	Mago	Mago de Crystalia. Conhecido por interações cotidianas, pedidos, rumores e possibilidades de relacionamento.	40	Mago	ACTIVE	FEMININO	0		
NPC_3849	Arind	Valkyrion	Volmeria	4	Carroceiro	Carroceiro de Volmeria. Conhecido por interações cotidianas, pedidos, rumores e possibilidades de relacionamento.	57	Carroceiro	ACTIVE	MASCULINO	0		
NPC_3850	Daethb	Aeloria	Fenndral	-2	Caçador	Caçador de Fenndral. Conhecido por interações cotidianas, pedidos, rumores e possibilidades de relacionamento.	74	Caçador	ACTIVE	FEMININO	0		
NPC_3851	Galiath	Zarim	Fornalia	-1	Sentinela	Sentinela de Fornalia. Conhecido por interações cotidianas, pedidos, rumores e possibilidades de relacionamento.	28	Sentinela	ACTIVE	MASCULINO	0		
NPC_3852	Jonaa	Eshmara	Brumas	0	Criador de animais	Criador de animais de Brumas. Conhecido por interações cotidianas, pedidos, rumores e possibilidades de relacionamento.	45	Criador de animais	ACTIVE	FEMININO	0		
NPC_3853	Marinl	Tharun	Stone-Âmbar	1	Bardo	Bardo de Stone-Âmbar. Conhecido por interações cotidianas, pedidos, rumores e possibilidades de relacionamento.	62	Bardo	ACTIVE	MASCULINO	0		
NPC_3854	Renethr	Lyrien	Aerocivitus	2	Guarda	Guarda de Aerocivitus. Conhecido por interações cotidianas, pedidos, rumores e possibilidades de relacionamento.	79	Guarda	ACTIVE	FEMININO	0		
NPC_3855	Vioiav	Kethruun	Sandbones	3	Camponês	Camponês de Sandbones. Conhecido por interações cotidianas, pedidos, rumores e possibilidades de relacionamento.	33	Camponês	ACTIVE	MASCULINO	0		
NPC_3856	Zanas	Nyssara	Emerald Tide	4	Clérigo	Clérigo de Emerald Tide. Conhecido por interações cotidianas, pedidos, rumores e possibilidades de relacionamento.	50	Clérigo	ACTIVE	FEMININO	0		
NPC_3857	Belint	Myrthos	Sem nome definido	-2	Valaryn	Valaryn de Sem nome definido. Conhecido por interações cotidianas, pedidos, rumores e possibilidades de relacionamento.	67	Valaryn	ACTIVE	MASCULINO	0		
NPC_3858	Eliethm	Orinthal	Crystalia	-1	Artesão	Artesão de Crystalia. Conhecido por interações cotidianas, pedidos, rumores e possibilidades de relacionamento.	21	Artesão	ACTIVE	FEMININO	0		
NPC_3859	Helian	Valkyrion	Volmeria	0	Curandeiro	Curandeiro de Volmeria. Conhecido por interações cotidianas, pedidos, rumores e possibilidades de relacionamento.	38	Curandeiro	ACTIVE	MASCULINO	0		
NPC_3860	Kaak	Aeloria	Feyndral	1	Aventureiro	Aventureiro de Feyndral. Conhecido por interações cotidianas, pedidos, rumores e possibilidades de relacionamento.	55	Aventureiro	ACTIVE	FEMININO	0		
NPC_3861	Nerind	Zarim	Fornalia	2	Estudante	Estudante de Fornalia. Conhecido por interações cotidianas, pedidos, rumores e possibilidades de relacionamento.	72	Estudante	ACTIVE	MASCULINO	0		
NPC_3862	Selethb	Eshmara	Brumas	3	Mercador	Mercador de Brumas. Conhecido por interações cotidianas, pedidos, rumores e possibilidades de relacionamento.	26	Mercador	ACTIVE	FEMININO	0		
NPC_3863	Wiliath	Tharun	Stone-Âmbar	4	Pesquisador	Pesquisador de Stone-Âmbar. Conhecido por interações cotidianas, pedidos, rumores e possibilidades de relacionamento.	43	Pesquisador	ACTIVE	MASCULINO	0		
NPC_3864	Alaa	Lyrien	Aerocivitus	-2	Navegador	Navegador de Aerocivitus. Conhecido por interações cotidianas, pedidos, rumores e possibilidades de relacionamento.	60	Navegador	ACTIVE	FEMININO	0		
NPC_3865	Corinl	Kethruun	Sandbones	-1	Ferreiro	Ferreiro de Sandbones. Conhecido por interações cotidianas, pedidos, rumores e possibilidades de relacionamento.	77	Ferreiro	ACTIVE	MASCULINO	0		
NPC_3866	Ferethr	Nyssara	Emerald Tide	0	Mensageiro	Mensageiro de Emerald Tide. Conhecido por interações cotidianas, pedidos, rumores e possibilidades de relacionamento.	31	Mensageiro	ACTIVE	FEMININO	0		
NPC_3867	Iriiav	Myrthos	Sem nome definido	1	Erudito	Erudito de Sem nome definido. Conhecido por interações cotidianas, pedidos, rumores e possibilidades de relacionamento.	48	Erudito	ACTIVE	MASCULINO	0		
NPC_3868	Liaas	Orinthal	Crystalia	2	Mago	Mago de Crystalia. Conhecido por interações cotidianas, pedidos, rumores e possibilidades de relacionamento.	65	Mago	ACTIVE	FEMININO	0		
NPC_3869	Oliint	Valkyrion	Volmeria	3	Carroceiro	Carroceiro de Volmeria. Conhecido por interações cotidianas, pedidos, rumores e possibilidades de relacionamento.	19	Carroceiro	ACTIVE	MASCULINO	0		
NPC_3870	Torethm	Aeloria	Zephyrholt	4	Caçador	Caçador de Zephyrholt. Conhecido por interações cotidianas, pedidos, rumores e possibilidades de relacionamento.	36	Caçador	ACTIVE	FEMININO	0		
NPC_3871	Ysaian	Zarim	Fornalia	-2	Sentinela	Sentinela de Fornalia. Conhecido por interações cotidianas, pedidos, rumores e possibilidades de relacionamento.	53	Sentinela	ACTIVE	MASCULINO	0		
NPC_3872	Arak	Eshmara	Brumas	-1	Criador de animais	Criador de animais de Brumas. Conhecido por interações cotidianas, pedidos, rumores e possibilidades de relacionamento.	70	Criador de animais	ACTIVE	FEMININO	0		
NPC_3873	Daind	Tharun	Stone-Âmbar	0	Bardo	Bardo de Stone-Âmbar. Conhecido por interações cotidianas, pedidos, rumores e possibilidades de relacionamento.	24	Bardo	ACTIVE	MASCULINO	0		
NPC_3874	Galethb	Lyrien	Aerocivitus	1	Guarda	Guarda de Aerocivitus. Conhecido por interações cotidianas, pedidos, rumores e possibilidades de relacionamento.	41	Guarda	ACTIVE	FEMININO	0		
NPC_3875	Joniath	Kethruun	Sandbones	2	Camponês	Camponês de Sandbones. Conhecido por interações cotidianas, pedidos, rumores e possibilidades de relacionamento.	58	Camponês	ACTIVE	MASCULINO	0		
NPC_3876	Maraa	Nyssara	Emerald Tide	3	Clérigo	Clérigo de Emerald Tide. Conhecido por interações cotidianas, pedidos, rumores e possibilidades de relacionamento.	75	Clérigo	ACTIVE	FEMININO	0		
NPC_3877	Reninl	Myrthos	Sem nome definido	4	Valaryn	Valaryn de Sem nome definido. Conhecido por interações cotidianas, pedidos, rumores e possibilidades de relacionamento.	29	Valaryn	ACTIVE	MASCULINO	0		
NPC_3878	Vioethr	Orinthal	Crystalia	-2	Artesão	Artesão de Crystalia. Conhecido por interações cotidianas, pedidos, rumores e possibilidades de relacionamento.	46	Artesão	ACTIVE	FEMININO	0		
NPC_3879	Zaniav	Valkyrion	Volmeria	-1	Curandeiro	Curandeiro de Volmeria. Conhecido por interações cotidianas, pedidos, rumores e possibilidades de relacionamento.	63	Curandeiro	ACTIVE	MASCULINO	0		
NPC_3880	Belas	Aeloria	Tindralith	0	Aventureiro	Aventureiro de Tindralith. Conhecido por interações cotidianas, pedidos, rumores e possibilidades de relacionamento.	80	Aventureiro	ACTIVE	FEMININO	0		
NPC_3881	Eliint	Zarim	Fornalia	1	Estudante	Estudante de Fornalia. Conhecido por interações cotidianas, pedidos, rumores e possibilidades de relacionamento.	34	Estudante	ACTIVE	MASCULINO	0		
NPC_3882	Helethm	Eshmara	Brumas	2	Mercador	Mercador de Brumas. Conhecido por interações cotidianas, pedidos, rumores e possibilidades de relacionamento.	51	Mercador	ACTIVE	FEMININO	0		
NPC_3883	Kaian	Tharun	Stone-Âmbar	3	Pesquisador	Pesquisador de Stone-Âmbar. Conhecido por interações cotidianas, pedidos, rumores e possibilidades de relacionamento.	68	Pesquisador	ACTIVE	MASCULINO	0		
NPC_3884	Nerak	Lyrien	Aerocivitus	4	Navegador	Navegador de Aerocivitus. Conhecido por interações cotidianas, pedidos, rumores e possibilidades de relacionamento.	22	Navegador	ACTIVE	FEMININO	0		
NPC_3885	Selind	Kethruun	Sandbones	-2	Ferreiro	Ferreiro de Sandbones. Conhecido por interações cotidianas, pedidos, rumores e possibilidades de relacionamento.	39	Ferreiro	ACTIVE	MASCULINO	0		
NPC_3886	Wilethb	Nyssara	Emerald Tide	-1	Mensageiro	Mensageiro de Emerald Tide. Conhecido por interações cotidianas, pedidos, rumores e possibilidades de relacionamento.	56	Mensageiro	ACTIVE	FEMININO	0		
NPC_3887	Aliath	Myrthos	Sem nome definido	0	Erudito	Erudito de Sem nome definido. Conhecido por interações cotidianas, pedidos, rumores e possibilidades de relacionamento.	73	Erudito	ACTIVE	MASCULINO	0		
NPC_3888	Coraa	Orinthal	Crystalia	1	Mago	Mago de Crystalia. Conhecido por interações cotidianas, pedidos, rumores e possibilidades de relacionamento.	27	Mago	ACTIVE	FEMININO	0		
NPC_3889	Ferinl	Valkyrion	Volmeria	2	Carroceiro	Carroceiro de Volmeria. Conhecido por interações cotidianas, pedidos, rumores e possibilidades de relacionamento.	44	Carroceiro	ACTIVE	MASCULINO	0		
NPC_3890	Iriethr	Aeloria	Netherholt	3	Caçador	Caçador de Netherholt. Conhecido por interações cotidianas, pedidos, rumores e possibilidades de relacionamento.	61	Caçador	ACTIVE	FEMININO	0		
NPC_3891	Liaiav	Zarim	Fornalia	4	Sentinela	Sentinela de Fornalia. Conhecido por interações cotidianas, pedidos, rumores e possibilidades de relacionamento.	78	Sentinela	ACTIVE	MASCULINO	0		
NPC_3892	Olias	Eshmara	Brumas	-2	Criador de animais	Criador de animais de Brumas. Conhecido por interações cotidianas, pedidos, rumores e possibilidades de relacionamento.	32	Criador de animais	ACTIVE	FEMININO	0		
NPC_3893	Torint	Tharun	Stone-Âmbar	-1	Bardo	Bardo de Stone-Âmbar. Conhecido por interações cotidianas, pedidos, rumores e possibilidades de relacionamento.	49	Bardo	ACTIVE	MASCULINO	0		
NPC_3894	Ysaethm	Lyrien	Aerocivitus	0	Guarda	Guarda de Aerocivitus. Conhecido por interações cotidianas, pedidos, rumores e possibilidades de relacionamento.	66	Guarda	ACTIVE	FEMININO	0		
NPC_3895	Arian	Kethruun	Sandbones	1	Camponês	Camponês de Sandbones. Conhecido por interações cotidianas, pedidos, rumores e possibilidades de relacionamento.	20	Camponês	ACTIVE	MASCULINO	0		
NPC_3896	Daak	Nyssara	Emerald Tide	2	Clérigo	Clérigo de Emerald Tide. Conhecido por interações cotidianas, pedidos, rumores e possibilidades de relacionamento.	37	Clérigo	ACTIVE	FEMININO	0		
NPC_3897	Galind	Myrthos	Sem nome definido	3	Valaryn	Valaryn de Sem nome definido. Conhecido por interações cotidianas, pedidos, rumores e possibilidades de relacionamento.	54	Valaryn	ACTIVE	MASCULINO	0		
NPC_3898	Jonethb	Orinthal	Crystalia	4	Artesão	Artesão de Crystalia. Conhecido por interações cotidianas, pedidos, rumores e possibilidades de relacionamento.	71	Artesão	ACTIVE	FEMININO	0		
NPC_3899	Mariath	Valkyrion	Volmeria	-2	Curandeiro	Curandeiro de Volmeria. Conhecido por interações cotidianas, pedidos, rumores e possibilidades de relacionamento.	25	Curandeiro	ACTIVE	MASCULINO	0		
NPC_3900	Renaa	Aeloria	Highspire	-1	Aventureiro	Aventureiro de Highspire. Conhecido por interações cotidianas, pedidos, rumores e possibilidades de relacionamento.	42	Aventureiro	ACTIVE	FEMININO	0		
NPC_3901	Vioinl	Zarim	Fornalia	0	Estudante	Estudante de Fornalia. Conhecido por interações cotidianas, pedidos, rumores e possibilidades de relacionamento.	59	Estudante	ACTIVE	MASCULINO	0		
NPC_3902	Zanethr	Eshmara	Brumas	1	Mercador	Mercador de Brumas. Conhecido por interações cotidianas, pedidos, rumores e possibilidades de relacionamento.	76	Mercador	ACTIVE	FEMININO	0		
NPC_3903	Beliav	Tharun	Stone-Âmbar	2	Pesquisador	Pesquisador de Stone-Âmbar. Conhecido por interações cotidianas, pedidos, rumores e possibilidades de relacionamento.	30	Pesquisador	ACTIVE	MASCULINO	0		
NPC_3904	Elias	Lyrien	Aerocivitus	3	Navegador	Navegador de Aerocivitus. Conhecido por interações cotidianas, pedidos, rumores e possibilidades de relacionamento.	47	Navegador	ACTIVE	FEMININO	0		
NPC_3905	Helint	Kethruun	Sandbones	4	Ferreiro	Ferreiro de Sandbones. Conhecido por interações cotidianas, pedidos, rumores e possibilidades de relacionamento.	64	Ferreiro	ACTIVE	MASCULINO	0		
NPC_3906	Kaethm	Nyssara	Emerald Tide	-2	Mensageiro	Mensageiro de Emerald Tide. Conhecido por interações cotidianas, pedidos, rumores e possibilidades de relacionamento.	18	Mensageiro	ACTIVE	FEMININO	0		
NPC_3907	Nerian	Myrthos	Sem nome definido	-1	Erudito	Erudito de Sem nome definido. Conhecido por interações cotidianas, pedidos, rumores e possibilidades de relacionamento.	35	Erudito	ACTIVE	MASCULINO	0		
NPC_3908	Selak	Orinthal	Crystalia	0	Mago	Mago de Crystalia. Conhecido por interações cotidianas, pedidos, rumores e possibilidades de relacionamento.	52	Mago	ACTIVE	FEMININO	0		
NPC_3909	Wilind	Valkyrion	Volmeria	1	Carroceiro	Carroceiro de Volmeria. Conhecido por interações cotidianas, pedidos, rumores e possibilidades de relacionamento.	69	Carroceiro	ACTIVE	MASCULINO	0		
NPC_3910	Alethb	Aeloria	Blackmere	2	Caçador	Caçador de Blackmere. Conhecido por interações cotidianas, pedidos, rumores e possibilidades de relacionamento.	23	Caçador	ACTIVE	FEMININO	0		
NPC_3911	Coriath	Zarim	Fornalia	3	Sentinela	Sentinela de Fornalia. Conhecido por interações cotidianas, pedidos, rumores e possibilidades de relacionamento.	40	Sentinela	ACTIVE	MASCULINO	0		
NPC_3912	Feraa	Eshmara	Brumas	4	Criador de animais	Criador de animais de Brumas. Conhecido por interações cotidianas, pedidos, rumores e possibilidades de relacionamento.	57	Criador de animais	ACTIVE	FEMININO	0		
NPC_3913	Iriinl	Tharun	Stone-Âmbar	-2	Bardo	Bardo de Stone-Âmbar. Conhecido por interações cotidianas, pedidos, rumores e possibilidades de relacionamento.	74	Bardo	ACTIVE	MASCULINO	0		
NPC_3914	Liaethr	Lyrien	Aerocivitus	-1	Guarda	Guarda de Aerocivitus. Conhecido por interações cotidianas, pedidos, rumores e possibilidades de relacionamento.	28	Guarda	ACTIVE	FEMININO	0		
NPC_3915	Oliiav	Kethruun	Sandbones	0	Camponês	Camponês de Sandbones. Conhecido por interações cotidianas, pedidos, rumores e possibilidades de relacionamento.	45	Camponês	ACTIVE	MASCULINO	0		
NPC_3916	Toras	Nyssara	Emerald Tide	1	Clérigo	Clérigo de Emerald Tide. Conhecido por interações cotidianas, pedidos, rumores e possibilidades de relacionamento.	62	Clérigo	ACTIVE	FEMININO	0		
NPC_3917	Ysaint	Myrthos	Sem nome definido	2	Valaryn	Valaryn de Sem nome definido. Conhecido por interações cotidianas, pedidos, rumores e possibilidades de relacionamento.	79	Valaryn	ACTIVE	MASCULINO	0		
NPC_3918	Arethm	Orinthal	Crystalia	3	Artesão	Artesão de Crystalia. Conhecido por interações cotidianas, pedidos, rumores e possibilidades de relacionamento.	33	Artesão	ACTIVE	FEMININO	0		
NPC_3919	Daian	Valkyrion	Volmeria	4	Curandeiro	Curandeiro de Volmeria. Conhecido por interações cotidianas, pedidos, rumores e possibilidades de relacionamento.	50	Curandeiro	ACTIVE	MASCULINO	0		
NPC_3920	Galak	Aeloria	Veyndaril	-2	Aventureiro	Aventureiro de Veyndaril. Conhecido por interações cotidianas, pedidos, rumores e possibilidades de relacionamento.	67	Aventureiro	ACTIVE	FEMININO	0		
NPC_3921	Jonind	Zarim	Fornalia	-1	Estudante	Estudante de Fornalia. Conhecido por interações cotidianas, pedidos, rumores e possibilidades de relacionamento.	21	Estudante	ACTIVE	MASCULINO	0		
NPC_3922	Marethb	Eshmara	Brumas	0	Mercador	Mercador de Brumas. Conhecido por interações cotidianas, pedidos, rumores e possibilidades de relacionamento.	38	Mercador	ACTIVE	FEMININO	0		
NPC_3923	Reniath	Tharun	Stone-Âmbar	1	Pesquisador	Pesquisador de Stone-Âmbar. Conhecido por interações cotidianas, pedidos, rumores e possibilidades de relacionamento.	55	Pesquisador	ACTIVE	MASCULINO	0		
NPC_3924	Vioaa	Lyrien	Aerocivitus	2	Navegador	Navegador de Aerocivitus. Conhecido por interações cotidianas, pedidos, rumores e possibilidades de relacionamento.	72	Navegador	ACTIVE	FEMININO	0		
NPC_3925	Zaninl	Kethruun	Sandbones	3	Ferreiro	Ferreiro de Sandbones. Conhecido por interações cotidianas, pedidos, rumores e possibilidades de relacionamento.	26	Ferreiro	ACTIVE	MASCULINO	0		
NPC_3926	Belethr	Nyssara	Emerald Tide	4	Mensageiro	Mensageiro de Emerald Tide. Conhecido por interações cotidianas, pedidos, rumores e possibilidades de relacionamento.	43	Mensageiro	ACTIVE	FEMININO	0		
NPC_3927	Eliiav	Myrthos	Sem nome definido	-2	Erudito	Erudito de Sem nome definido. Conhecido por interações cotidianas, pedidos, rumores e possibilidades de relacionamento.	60	Erudito	ACTIVE	MASCULINO	0		
NPC_3928	Helas	Orinthal	Crystalia	-1	Mago	Mago de Crystalia. Conhecido por interações cotidianas, pedidos, rumores e possibilidades de relacionamento.	77	Mago	ACTIVE	FEMININO	0		
NPC_3929	Kaint	Valkyrion	Volmeria	0	Carroceiro	Carroceiro de Volmeria. Conhecido por interações cotidianas, pedidos, rumores e possibilidades de relacionamento.	31	Carroceiro	ACTIVE	MASCULINO	0		
NPC_3930	Nerethm	Aeloria	Pyrelith	1	Caçador	Caçador de Pyrelith. Conhecido por interações cotidianas, pedidos, rumores e possibilidades de relacionamento.	48	Caçador	ACTIVE	FEMININO	0		
NPC_3931	Selian	Zarim	Fornalia	2	Sentinela	Sentinela de Fornalia. Conhecido por interações cotidianas, pedidos, rumores e possibilidades de relacionamento.	65	Sentinela	ACTIVE	MASCULINO	0		
NPC_3932	Wilak	Eshmara	Brumas	3	Criador de animais	Criador de animais de Brumas. Conhecido por interações cotidianas, pedidos, rumores e possibilidades de relacionamento.	19	Criador de animais	ACTIVE	FEMININO	0		
NPC_3933	Alind	Tharun	Stone-Âmbar	4	Bardo	Bardo de Stone-Âmbar. Conhecido por interações cotidianas, pedidos, rumores e possibilidades de relacionamento.	36	Bardo	ACTIVE	MASCULINO	0		
NPC_3934	Corethb	Lyrien	Aerocivitus	-2	Guarda	Guarda de Aerocivitus. Conhecido por interações cotidianas, pedidos, rumores e possibilidades de relacionamento.	53	Guarda	ACTIVE	FEMININO	0		
NPC_3935	Feriath	Kethruun	Sandbones	-1	Camponês	Camponês de Sandbones. Conhecido por interações cotidianas, pedidos, rumores e possibilidades de relacionamento.	70	Camponês	ACTIVE	MASCULINO	0		
NPC_3936	Iriaa	Nyssara	Emerald Tide	0	Clérigo	Clérigo de Emerald Tide. Conhecido por interações cotidianas, pedidos, rumores e possibilidades de relacionamento.	24	Clérigo	ACTIVE	FEMININO	0		
NPC_3937	Liainl	Myrthos	Sem nome definido	1	Valaryn	Valaryn de Sem nome definido. Conhecido por interações cotidianas, pedidos, rumores e possibilidades de relacionamento.	41	Valaryn	ACTIVE	MASCULINO	0		
NPC_3938	Oliethr	Orinthal	Crystalia	2	Artesão	Artesão de Crystalia. Conhecido por interações cotidianas, pedidos, rumores e possibilidades de relacionamento.	58	Artesão	ACTIVE	FEMININO	0		
NPC_3939	Toriav	Valkyrion	Volmeria	3	Curandeiro	Curandeiro de Volmeria. Conhecido por interações cotidianas, pedidos, rumores e possibilidades de relacionamento.	75	Curandeiro	ACTIVE	MASCULINO	0		
NPC_3940	Ysaas	Aeloria	Jorathen	4	Aventureiro	Aventureiro de Jorathen. Conhecido por interações cotidianas, pedidos, rumores e possibilidades de relacionamento.	29	Aventureiro	ACTIVE	FEMININO	0		
NPC_3941	Arint	Zarim	Fornalia	-2	Estudante	Estudante de Fornalia. Conhecido por interações cotidianas, pedidos, rumores e possibilidades de relacionamento.	46	Estudante	ACTIVE	MASCULINO	0		
NPC_3942	Daethm	Eshmara	Brumas	-1	Mercador	Mercador de Brumas. Conhecido por interações cotidianas, pedidos, rumores e possibilidades de relacionamento.	63	Mercador	ACTIVE	FEMININO	0		
NPC_3943	Galian	Tharun	Stone-Âmbar	0	Pesquisador	Pesquisador de Stone-Âmbar. Conhecido por interações cotidianas, pedidos, rumores e possibilidades de relacionamento.	80	Pesquisador	ACTIVE	MASCULINO	0		
NPC_3944	Jonak	Lyrien	Aerocivitus	1	Navegador	Navegador de Aerocivitus. Conhecido por interações cotidianas, pedidos, rumores e possibilidades de relacionamento.	34	Navegador	ACTIVE	FEMININO	0		
NPC_3945	Marind	Kethruun	Sandbones	2	Ferreiro	Ferreiro de Sandbones. Conhecido por interações cotidianas, pedidos, rumores e possibilidades de relacionamento.	51	Ferreiro	ACTIVE	MASCULINO	0		
NPC_3946	Renethb	Nyssara	Emerald Tide	3	Mensageiro	Mensageiro de Emerald Tide. Conhecido por interações cotidianas, pedidos, rumores e possibilidades de relacionamento.	68	Mensageiro	ACTIVE	FEMININO	0		
NPC_3947	Vioiath	Myrthos	Sem nome definido	4	Erudito	Erudito de Sem nome definido. Conhecido por interações cotidianas, pedidos, rumores e possibilidades de relacionamento.	22	Erudito	ACTIVE	MASCULINO	0		
NPC_3948	Zanaa	Orinthal	Crystalia	-2	Mago	Mago de Crystalia. Conhecido por interações cotidianas, pedidos, rumores e possibilidades de relacionamento.	39	Mago	ACTIVE	FEMININO	0		
NPC_3949	Belinl	Valkyrion	Volmeria	-1	Carroceiro	Carroceiro de Volmeria. Conhecido por interações cotidianas, pedidos, rumores e possibilidades de relacionamento.	56	Carroceiro	ACTIVE	MASCULINO	0		
NPC_3950	Eliethr	Aeloria	Duskmere	0	Caçador	Caçador de Duskmere. Conhecido por interações cotidianas, pedidos, rumores e possibilidades de relacionamento.	73	Caçador	ACTIVE	FEMININO	0		
NPC_3951	Heliav	Zarim	Fornalia	1	Sentinela	Sentinela de Fornalia. Conhecido por interações cotidianas, pedidos, rumores e possibilidades de relacionamento.	27	Sentinela	ACTIVE	MASCULINO	0		
NPC_3952	Kaas	Eshmara	Brumas	2	Criador de animais	Criador de animais de Brumas. Conhecido por interações cotidianas, pedidos, rumores e possibilidades de relacionamento.	44	Criador de animais	ACTIVE	FEMININO	0		
NPC_3953	Nerint	Tharun	Stone-Âmbar	3	Bardo	Bardo de Stone-Âmbar. Conhecido por interações cotidianas, pedidos, rumores e possibilidades de relacionamento.	61	Bardo	ACTIVE	MASCULINO	0		
NPC_3954	Selethm	Lyrien	Aerocivitus	4	Guarda	Guarda de Aerocivitus. Conhecido por interações cotidianas, pedidos, rumores e possibilidades de relacionamento.	78	Guarda	ACTIVE	FEMININO	0		
NPC_3955	Wilian	Kethruun	Sandbones	-2	Camponês	Camponês de Sandbones. Conhecido por interações cotidianas, pedidos, rumores e possibilidades de relacionamento.	32	Camponês	ACTIVE	MASCULINO	0		
NPC_3956	Alak	Nyssara	Emerald Tide	-1	Clérigo	Clérigo de Emerald Tide. Conhecido por interações cotidianas, pedidos, rumores e possibilidades de relacionamento.	49	Clérigo	ACTIVE	FEMININO	0		
NPC_3957	Corind	Myrthos	Sem nome definido	0	Valaryn	Valaryn de Sem nome definido. Conhecido por interações cotidianas, pedidos, rumores e possibilidades de relacionamento.	66	Valaryn	ACTIVE	MASCULINO	0		
NPC_3958	Ferethb	Orinthal	Crystalia	1	Artesão	Artesão de Crystalia. Conhecido por interações cotidianas, pedidos, rumores e possibilidades de relacionamento.	20	Artesão	ACTIVE	FEMININO	0		
NPC_3959	Iriiath	Valkyrion	Volmeria	2	Curandeiro	Curandeiro de Volmeria. Conhecido por interações cotidianas, pedidos, rumores e possibilidades de relacionamento.	37	Curandeiro	ACTIVE	MASCULINO	0		
NPC_3960	Liaaa	Aeloria	Lunareth	3	Aventureiro	Aventureiro de Lunareth. Conhecido por interações cotidianas, pedidos, rumores e possibilidades de relacionamento.	54	Aventureiro	ACTIVE	FEMININO	0		
NPC_3961	Oliinl	Zarim	Fornalia	4	Estudante	Estudante de Fornalia. Conhecido por interações cotidianas, pedidos, rumores e possibilidades de relacionamento.	71	Estudante	ACTIVE	MASCULINO	0		
NPC_3962	Torethr	Eshmara	Brumas	-2	Mercador	Mercador de Brumas. Conhecido por interações cotidianas, pedidos, rumores e possibilidades de relacionamento.	25	Mercador	ACTIVE	FEMININO	0		
NPC_3963	Ysaiav	Tharun	Stone-Âmbar	-1	Pesquisador	Pesquisador de Stone-Âmbar. Conhecido por interações cotidianas, pedidos, rumores e possibilidades de relacionamento.	42	Pesquisador	ACTIVE	MASCULINO	0		
NPC_3964	Aras	Lyrien	Aerocivitus	0	Navegador	Navegador de Aerocivitus. Conhecido por interações cotidianas, pedidos, rumores e possibilidades de relacionamento.	59	Navegador	ACTIVE	FEMININO	0		
NPC_3965	Daint	Kethruun	Sandbones	1	Ferreiro	Ferreiro de Sandbones. Conhecido por interações cotidianas, pedidos, rumores e possibilidades de relacionamento.	76	Ferreiro	ACTIVE	MASCULINO	0		
NPC_3966	Galethm	Nyssara	Emerald Tide	2	Mensageiro	Mensageiro de Emerald Tide. Conhecido por interações cotidianas, pedidos, rumores e possibilidades de relacionamento.	30	Mensageiro	ACTIVE	FEMININO	0		
NPC_3967	Jonian	Myrthos	Sem nome definido	3	Erudito	Erudito de Sem nome definido. Conhecido por interações cotidianas, pedidos, rumores e possibilidades de relacionamento.	47	Erudito	ACTIVE	MASCULINO	0		
NPC_3968	Marak	Orinthal	Crystalia	4	Mago	Mago de Crystalia. Conhecido por interações cotidianas, pedidos, rumores e possibilidades de relacionamento.	64	Mago	ACTIVE	FEMININO	0		
NPC_3969	Renind	Valkyrion	Volmeria	-2	Carroceiro	Carroceiro de Volmeria. Conhecido por interações cotidianas, pedidos, rumores e possibilidades de relacionamento.	18	Carroceiro	ACTIVE	MASCULINO	0		
NPC_3970	Vioethb	Aeloria	Xyrelith	-1	Caçador	Caçador de Xyrelith. Conhecido por interações cotidianas, pedidos, rumores e possibilidades de relacionamento.	35	Caçador	ACTIVE	FEMININO	0		
NPC_3971	Zaniath	Zarim	Fornalia	0	Sentinela	Sentinela de Fornalia. Conhecido por interações cotidianas, pedidos, rumores e possibilidades de relacionamento.	52	Sentinela	ACTIVE	MASCULINO	0		
NPC_3972	Belaa	Eshmara	Brumas	1	Criador de animais	Criador de animais de Brumas. Conhecido por interações cotidianas, pedidos, rumores e possibilidades de relacionamento.	69	Criador de animais	ACTIVE	FEMININO	0		
NPC_3973	Eliinl	Tharun	Stone-Âmbar	2	Bardo	Bardo de Stone-Âmbar. Conhecido por interações cotidianas, pedidos, rumores e possibilidades de relacionamento.	23	Bardo	ACTIVE	MASCULINO	0		
NPC_3974	Helethr	Lyrien	Aerocivitus	3	Guarda	Guarda de Aerocivitus. Conhecido por interações cotidianas, pedidos, rumores e possibilidades de relacionamento.	40	Guarda	ACTIVE	FEMININO	0		
NPC_3975	Kaiav	Kethruun	Sandbones	4	Camponês	Camponês de Sandbones. Conhecido por interações cotidianas, pedidos, rumores e possibilidades de relacionamento.	57	Camponês	ACTIVE	MASCULINO	0		
NPC_3976	Neras	Nyssara	Emerald Tide	-2	Clérigo	Clérigo de Emerald Tide. Conhecido por interações cotidianas, pedidos, rumores e possibilidades de relacionamento.	74	Clérigo	ACTIVE	FEMININO	0		
NPC_3977	Selint	Myrthos	Sem nome definido	-1	Valaryn	Valaryn de Sem nome definido. Conhecido por interações cotidianas, pedidos, rumores e possibilidades de relacionamento.	28	Valaryn	ACTIVE	MASCULINO	0		
NPC_3978	Wilethm	Orinthal	Crystalia	0	Artesão	Artesão de Crystalia. Conhecido por interações cotidianas, pedidos, rumores e possibilidades de relacionamento.	45	Artesão	ACTIVE	FEMININO	0		
NPC_3979	Alian	Valkyrion	Volmeria	1	Curandeiro	Curandeiro de Volmeria. Conhecido por interações cotidianas, pedidos, rumores e possibilidades de relacionamento.	62	Curandeiro	ACTIVE	MASCULINO	0		
NPC_3980	Corak	Aeloria	Runedral	2	Aventureiro	Aventureiro de Runedral. Conhecido por interações cotidianas, pedidos, rumores e possibilidades de relacionamento.	79	Aventureiro	ACTIVE	FEMININO	0		
NPC_3981	Ferind	Zarim	Fornalia	3	Estudante	Estudante de Fornalia. Conhecido por interações cotidianas, pedidos, rumores e possibilidades de relacionamento.	33	Estudante	ACTIVE	MASCULINO	0		
NPC_3982	Iriethb	Eshmara	Brumas	4	Mercador	Mercador de Brumas. Conhecido por interações cotidianas, pedidos, rumores e possibilidades de relacionamento.	50	Mercador	ACTIVE	FEMININO	0		
NPC_3983	Liaiath	Tharun	Stone-Âmbar	-2	Pesquisador	Pesquisador de Stone-Âmbar. Conhecido por interações cotidianas, pedidos, rumores e possibilidades de relacionamento.	67	Pesquisador	ACTIVE	MASCULINO	0		
NPC_3984	Oliaa	Lyrien	Aerocivitus	-1	Navegador	Navegador de Aerocivitus. Conhecido por interações cotidianas, pedidos, rumores e possibilidades de relacionamento.	21	Navegador	ACTIVE	FEMININO	0		
NPC_3985	Torinl	Kethruun	Sandbones	0	Ferreiro	Ferreiro de Sandbones. Conhecido por interações cotidianas, pedidos, rumores e possibilidades de relacionamento.	38	Ferreiro	ACTIVE	MASCULINO	0		
NPC_3986	Ysaethr	Nyssara	Emerald Tide	1	Mensageiro	Mensageiro de Emerald Tide. Conhecido por interações cotidianas, pedidos, rumores e possibilidades de relacionamento.	55	Mensageiro	ACTIVE	FEMININO	0		
NPC_3987	Ariav	Myrthos	Sem nome definido	2	Erudito	Erudito de Sem nome definido. Conhecido por interações cotidianas, pedidos, rumores e possibilidades de relacionamento.	72	Erudito	ACTIVE	MASCULINO	0		
NPC_3988	Daas	Orinthal	Crystalia	3	Mago	Mago de Crystalia. Conhecido por interações cotidianas, pedidos, rumores e possibilidades de relacionamento.	26	Mago	ACTIVE	FEMININO	0		
NPC_3989	Galint	Valkyrion	Volmeria	4	Carroceiro	Carroceiro de Volmeria. Conhecido por interações cotidianas, pedidos, rumores e possibilidades de relacionamento.	43	Carroceiro	ACTIVE	MASCULINO	0		
NPC_3990	Jonethm	Aeloria	Lorwynne	-2	Caçador	Caçador de Lorwynne. Conhecido por interações cotidianas, pedidos, rumores e possibilidades de relacionamento.	60	Caçador	ACTIVE	FEMININO	0		
NPC_3991	Marian	Zarim	Fornalia	-1	Sentinela	Sentinela de Fornalia. Conhecido por interações cotidianas, pedidos, rumores e possibilidades de relacionamento.	77	Sentinela	ACTIVE	MASCULINO	0		
NPC_3992	Renak	Eshmara	Brumas	0	Criador de animais	Criador de animais de Brumas. Conhecido por interações cotidianas, pedidos, rumores e possibilidades de relacionamento.	31	Criador de animais	ACTIVE	FEMININO	0		
NPC_3993	Vioind	Tharun	Stone-Âmbar	1	Bardo	Bardo de Stone-Âmbar. Conhecido por interações cotidianas, pedidos, rumores e possibilidades de relacionamento.	48	Bardo	ACTIVE	MASCULINO	0		
NPC_3994	Zanethb	Lyrien	Aerocivitus	2	Guarda	Guarda de Aerocivitus. Conhecido por interações cotidianas, pedidos, rumores e possibilidades de relacionamento.	65	Guarda	ACTIVE	FEMININO	0		
NPC_3995	Beliath	Kethruun	Sandbones	3	Camponês	Camponês de Sandbones. Conhecido por interações cotidianas, pedidos, rumores e possibilidades de relacionamento.	19	Camponês	ACTIVE	MASCULINO	0		
NPC_3996	Eliaa	Nyssara	Emerald Tide	4	Clérigo	Clérigo de Emerald Tide. Conhecido por interações cotidianas, pedidos, rumores e possibilidades de relacionamento.	36	Clérigo	ACTIVE	FEMININO	0		
NPC_3997	Helinl	Myrthos	Sem nome definido	-2	Valaryn	Valaryn de Sem nome definido. Conhecido por interações cotidianas, pedidos, rumores e possibilidades de relacionamento.	53	Valaryn	ACTIVE	MASCULINO	0		
NPC_3998	Kaethr	Orinthal	Crystalia	-1	Artesão	Artesão de Crystalia. Conhecido por interações cotidianas, pedidos, rumores e possibilidades de relacionamento.	70	Artesão	ACTIVE	FEMININO	0		
NPC_3999	Neriav	Valkyrion	Volmeria	0	Curandeiro	Curandeiro de Volmeria. Conhecido por interações cotidianas, pedidos, rumores e possibilidades de relacionamento.	24	Curandeiro	ACTIVE	MASCULINO	0		
NPC_4000	Selas	Aeloria	Frostmere	1	Aventureiro	Aventureiro de Frostmere. Conhecido por interações cotidianas, pedidos, rumores e possibilidades de relacionamento.	41	Aventureiro	ACTIVE	FEMININO	0		
ACAD_1_001	Aren A	Aeloria	Valdora	0	Calouro	Aluno do 1º ano da Academia de Valdora, Turma 1. Companheiro de aulas, treinos e torneios.	18	Estudante	ACTIVE	MASCULINO	1	1	
ACAD_1_002	Brina A	Aeloria	Valdora	0	Calouro	Aluno do 1º ano da Academia de Valdora, Turma 1. Companheiro de aulas, treinos e torneios.	19	Estudante	ACTIVE	FEMININO	1	1	
ACAD_1_003	Darian A	Aeloria	Valdora	0	Calouro	Aluno do 1º ano da Academia de Valdora, Turma 1. Companheiro de aulas, treinos e torneios.	20	Estudante	ACTIVE	MASCULINO	1	1	
ACAD_1_004	Dalia A	Aeloria	Valdora	0	Calouro	Aluno do 1º ano da Academia de Valdora, Turma 1. Companheiro de aulas, treinos e torneios.	21	Estudante	ACTIVE	FEMININO	1	1	
ACAD_1_005	Farlan A	Aeloria	Valdora	0	Calouro	Aluno do 1º ano da Academia de Valdora, Turma 1. Companheiro de aulas, treinos e torneios.	18	Estudante	ACTIVE	MASCULINO	1	1	
ACAD_1_006	Faye A	Aeloria	Valdora	0	Calouro	Aluno do 1º ano da Academia de Valdora, Turma 1. Companheiro de aulas, treinos e torneios.	19	Estudante	ACTIVE	FEMININO	1	1	
ACAD_1_007	Ilan A	Aeloria	Valdora	0	Calouro	Aluno do 1º ano da Academia de Valdora, Turma 1. Companheiro de aulas, treinos e torneios.	20	Estudante	ACTIVE	MASCULINO	1	1	
ACAD_1_008	Iria A	Aeloria	Valdora	0	Calouro	Aluno do 1º ano da Academia de Valdora, Turma 1. Companheiro de aulas, treinos e torneios.	21	Estudante	ACTIVE	FEMININO	1	1	
ACAD_1_009	Kael A	Aeloria	Valdora	0	Calouro	Aluno do 1º ano da Academia de Valdora, Turma 1. Companheiro de aulas, treinos e torneios.	18	Estudante	ACTIVE	MASCULINO	1	1	
ACAD_1_010	Kira A	Aeloria	Valdora	0	Calouro	Aluno do 1º ano da Academia de Valdora, Turma 1. Companheiro de aulas, treinos e torneios.	19	Estudante	ACTIVE	FEMININO	1	1	
ACAD_1_011	Marek A	Aeloria	Valdora	0	Calouro	Aluno do 1º ano da Academia de Valdora, Turma 1. Companheiro de aulas, treinos e torneios.	20	Estudante	ACTIVE	MASCULINO	1	1	
ACAD_1_012	Mira A	Aeloria	Valdora	0	Calouro	Aluno do 1º ano da Academia de Valdora, Turma 1. Companheiro de aulas, treinos e torneios.	21	Estudante	ACTIVE	FEMININO	1	1	
ACAD_1_013	Orven A	Aeloria	Valdora	0	Calouro	Aluno do 1º ano da Academia de Valdora, Turma 1. Companheiro de aulas, treinos e torneios.	18	Estudante	ACTIVE	MASCULINO	1	1	
ACAD_1_014	Orelia A	Aeloria	Valdora	0	Calouro	Aluno do 1º ano da Academia de Valdora, Turma 1. Companheiro de aulas, treinos e torneios.	19	Estudante	ACTIVE	FEMININO	1	1	
ACAD_1_015	Riven A	Aeloria	Valdora	0	Calouro	Aluno do 1º ano da Academia de Valdora, Turma 1. Companheiro de aulas, treinos e torneios.	20	Estudante	ACTIVE	MASCULINO	1	1	
ACAD_1_016	Rina A	Aeloria	Valdora	0	Calouro	Aluno do 1º ano da Academia de Valdora, Turma 1. Companheiro de aulas, treinos e torneios.	21	Estudante	ACTIVE	FEMININO	1	1	
ACAD_1_017	Tavian A	Aeloria	Valdora	0	Calouro	Aluno do 1º ano da Academia de Valdora, Turma 1. Companheiro de aulas, treinos e torneios.	18	Estudante	ACTIVE	MASCULINO	1	1	
ACAD_1_018	Talia A	Aeloria	Valdora	0	Calouro	Aluno do 1º ano da Academia de Valdora, Turma 1. Companheiro de aulas, treinos e torneios.	19	Estudante	ACTIVE	FEMININO	1	1	
ACAD_1_019	Varen A	Aeloria	Valdora	0	Calouro	Aluno do 1º ano da Academia de Valdora, Turma 1. Companheiro de aulas, treinos e torneios.	20	Estudante	ACTIVE	MASCULINO	1	1	
ACAD_1_020	Wynne A	Aeloria	Valdora	0	Calouro	Aluno do 1º ano da Academia de Valdora, Turma 1. Companheiro de aulas, treinos e torneios.	21	Estudante	ACTIVE	FEMININO	1	1	
ACAD_1_021	Aren B	Aeloria	Valdora	0	Calouro	Aluno do 1º ano da Academia de Valdora, Turma 1. Companheiro de aulas, treinos e torneios.	18	Estudante	ACTIVE	MASCULINO	1	1	
ACAD_1_022	Brina B	Aeloria	Valdora	0	Calouro	Aluno do 1º ano da Academia de Valdora, Turma 1. Companheiro de aulas, treinos e torneios.	19	Estudante	ACTIVE	FEMININO	1	1	
ACAD_1_023	Darian B	Aeloria	Valdora	0	Calouro	Aluno do 1º ano da Academia de Valdora, Turma 1. Companheiro de aulas, treinos e torneios.	20	Estudante	ACTIVE	MASCULINO	1	1	
ACAD_1_024	Dalia B	Aeloria	Valdora	0	Calouro	Aluno do 1º ano da Academia de Valdora, Turma 1. Companheiro de aulas, treinos e torneios.	21	Estudante	ACTIVE	FEMININO	1	1	
ACAD_1_025	Farlan B	Aeloria	Valdora	0	Calouro	Aluno do 1º ano da Academia de Valdora, Turma 1. Companheiro de aulas, treinos e torneios.	18	Estudante	ACTIVE	MASCULINO	1	1	
ACAD_1_026	Faye B	Aeloria	Valdora	0	Calouro	Aluno do 1º ano da Academia de Valdora, Turma 1. Companheiro de aulas, treinos e torneios.	19	Estudante	ACTIVE	FEMININO	1	1	
ACAD_1_027	Ilan B	Aeloria	Valdora	0	Calouro	Aluno do 1º ano da Academia de Valdora, Turma 1. Companheiro de aulas, treinos e torneios.	20	Estudante	ACTIVE	MASCULINO	1	1	
ACAD_1_028	Iria B	Aeloria	Valdora	0	Calouro	Aluno do 1º ano da Academia de Valdora, Turma 1. Companheiro de aulas, treinos e torneios.	21	Estudante	ACTIVE	FEMININO	1	1	
ACAD_1_029	Kael B	Aeloria	Valdora	0	Calouro	Aluno do 1º ano da Academia de Valdora, Turma 1. Companheiro de aulas, treinos e torneios.	18	Estudante	ACTIVE	MASCULINO	1	1	
ACAD_1_030	Kira B	Aeloria	Valdora	0	Calouro	Aluno do 1º ano da Academia de Valdora, Turma 1. Companheiro de aulas, treinos e torneios.	19	Estudante	ACTIVE	FEMININO	1	1	
ACAD_1_031	Marek B	Aeloria	Valdora	0	Calouro	Aluno do 1º ano da Academia de Valdora, Turma 1. Companheiro de aulas, treinos e torneios.	20	Estudante	ACTIVE	MASCULINO	1	1	
ACAD_1_032	Mira B	Aeloria	Valdora	0	Calouro	Aluno do 1º ano da Academia de Valdora, Turma 1. Companheiro de aulas, treinos e torneios.	21	Estudante	ACTIVE	FEMININO	1	1	
ACAD_1_033	Orven B	Aeloria	Valdora	0	Calouro	Aluno do 1º ano da Academia de Valdora, Turma 1. Companheiro de aulas, treinos e torneios.	18	Estudante	ACTIVE	MASCULINO	1	1	
ACAD_1_034	Orelia B	Aeloria	Valdora	0	Calouro	Aluno do 1º ano da Academia de Valdora, Turma 1. Companheiro de aulas, treinos e torneios.	19	Estudante	ACTIVE	FEMININO	1	1	
ACAD_1_035	Riven B	Aeloria	Valdora	0	Calouro	Aluno do 1º ano da Academia de Valdora, Turma 1. Companheiro de aulas, treinos e torneios.	20	Estudante	ACTIVE	MASCULINO	1	1	
ACAD_1_036	Rina B	Aeloria	Valdora	0	Calouro	Aluno do 1º ano da Academia de Valdora, Turma 1. Companheiro de aulas, treinos e torneios.	21	Estudante	ACTIVE	FEMININO	1	1	
ACAD_1_037	Tavian B	Aeloria	Valdora	0	Calouro	Aluno do 1º ano da Academia de Valdora, Turma 1. Companheiro de aulas, treinos e torneios.	18	Estudante	ACTIVE	MASCULINO	1	1	
ACAD_1_038	Talia B	Aeloria	Valdora	0	Calouro	Aluno do 1º ano da Academia de Valdora, Turma 1. Companheiro de aulas, treinos e torneios.	19	Estudante	ACTIVE	FEMININO	1	1	
ACAD_1_039	Varen B	Aeloria	Valdora	0	Calouro	Aluno do 1º ano da Academia de Valdora, Turma 1. Companheiro de aulas, treinos e torneios.	20	Estudante	ACTIVE	MASCULINO	1	1	
ACAD_1_040	Wynne B	Aeloria	Valdora	0	Calouro	Aluno do 1º ano da Academia de Valdora, Turma 1. Companheiro de aulas, treinos e torneios.	21	Estudante	ACTIVE	FEMININO	1	1	
ACAD_1_041	Aren C	Aeloria	Valdora	0	Calouro	Aluno do 1º ano da Academia de Valdora, Turma 2. Companheiro de aulas, treinos e torneios.	18	Estudante	ACTIVE	MASCULINO	1	2	
ACAD_1_042	Brina C	Aeloria	Valdora	0	Calouro	Aluno do 1º ano da Academia de Valdora, Turma 2. Companheiro de aulas, treinos e torneios.	19	Estudante	ACTIVE	FEMININO	1	2	
ACAD_1_043	Darian C	Aeloria	Valdora	0	Calouro	Aluno do 1º ano da Academia de Valdora, Turma 2. Companheiro de aulas, treinos e torneios.	20	Estudante	ACTIVE	MASCULINO	1	2	
ACAD_1_044	Dalia C	Aeloria	Valdora	0	Calouro	Aluno do 1º ano da Academia de Valdora, Turma 2. Companheiro de aulas, treinos e torneios.	21	Estudante	ACTIVE	FEMININO	1	2	
ACAD_1_045	Farlan C	Aeloria	Valdora	0	Calouro	Aluno do 1º ano da Academia de Valdora, Turma 2. Companheiro de aulas, treinos e torneios.	18	Estudante	ACTIVE	MASCULINO	1	2	
ACAD_1_046	Faye C	Aeloria	Valdora	0	Calouro	Aluno do 1º ano da Academia de Valdora, Turma 2. Companheiro de aulas, treinos e torneios.	19	Estudante	ACTIVE	FEMININO	1	2	
ACAD_1_047	Ilan C	Aeloria	Valdora	0	Calouro	Aluno do 1º ano da Academia de Valdora, Turma 2. Companheiro de aulas, treinos e torneios.	20	Estudante	ACTIVE	MASCULINO	1	2	
ACAD_1_048	Iria C	Aeloria	Valdora	0	Calouro	Aluno do 1º ano da Academia de Valdora, Turma 2. Companheiro de aulas, treinos e torneios.	21	Estudante	ACTIVE	FEMININO	1	2	
ACAD_1_049	Kael C	Aeloria	Valdora	0	Calouro	Aluno do 1º ano da Academia de Valdora, Turma 2. Companheiro de aulas, treinos e torneios.	18	Estudante	ACTIVE	MASCULINO	1	2	
ACAD_1_050	Kira C	Aeloria	Valdora	0	Calouro	Aluno do 1º ano da Academia de Valdora, Turma 2. Companheiro de aulas, treinos e torneios.	19	Estudante	ACTIVE	FEMININO	1	2	
ACAD_1_051	Marek C	Aeloria	Valdora	0	Calouro	Aluno do 1º ano da Academia de Valdora, Turma 2. Companheiro de aulas, treinos e torneios.	20	Estudante	ACTIVE	MASCULINO	1	2	
ACAD_1_052	Mira C	Aeloria	Valdora	0	Calouro	Aluno do 1º ano da Academia de Valdora, Turma 2. Companheiro de aulas, treinos e torneios.	21	Estudante	ACTIVE	FEMININO	1	2	
ACAD_1_053	Orven C	Aeloria	Valdora	0	Calouro	Aluno do 1º ano da Academia de Valdora, Turma 2. Companheiro de aulas, treinos e torneios.	18	Estudante	ACTIVE	MASCULINO	1	2	
ACAD_1_054	Orelia C	Aeloria	Valdora	0	Calouro	Aluno do 1º ano da Academia de Valdora, Turma 2. Companheiro de aulas, treinos e torneios.	19	Estudante	ACTIVE	FEMININO	1	2	
ACAD_1_055	Riven C	Aeloria	Valdora	0	Calouro	Aluno do 1º ano da Academia de Valdora, Turma 2. Companheiro de aulas, treinos e torneios.	20	Estudante	ACTIVE	MASCULINO	1	2	
ACAD_1_056	Rina C	Aeloria	Valdora	0	Calouro	Aluno do 1º ano da Academia de Valdora, Turma 2. Companheiro de aulas, treinos e torneios.	21	Estudante	ACTIVE	FEMININO	1	2	
ACAD_1_057	Tavian C	Aeloria	Valdora	0	Calouro	Aluno do 1º ano da Academia de Valdora, Turma 2. Companheiro de aulas, treinos e torneios.	18	Estudante	ACTIVE	MASCULINO	1	2	
ACAD_1_058	Talia C	Aeloria	Valdora	0	Calouro	Aluno do 1º ano da Academia de Valdora, Turma 2. Companheiro de aulas, treinos e torneios.	19	Estudante	ACTIVE	FEMININO	1	2	
ACAD_1_059	Varen C	Aeloria	Valdora	0	Calouro	Aluno do 1º ano da Academia de Valdora, Turma 2. Companheiro de aulas, treinos e torneios.	20	Estudante	ACTIVE	MASCULINO	1	2	
ACAD_1_060	Wynne C	Aeloria	Valdora	0	Calouro	Aluno do 1º ano da Academia de Valdora, Turma 2. Companheiro de aulas, treinos e torneios.	21	Estudante	ACTIVE	FEMININO	1	2	
ACAD_1_061	Aren D	Aeloria	Valdora	0	Calouro	Aluno do 1º ano da Academia de Valdora, Turma 2. Companheiro de aulas, treinos e torneios.	18	Estudante	ACTIVE	MASCULINO	1	2	
ACAD_1_062	Brina D	Aeloria	Valdora	0	Calouro	Aluno do 1º ano da Academia de Valdora, Turma 2. Companheiro de aulas, treinos e torneios.	19	Estudante	ACTIVE	FEMININO	1	2	
ACAD_1_063	Darian D	Aeloria	Valdora	0	Calouro	Aluno do 1º ano da Academia de Valdora, Turma 2. Companheiro de aulas, treinos e torneios.	20	Estudante	ACTIVE	MASCULINO	1	2	
ACAD_1_064	Dalia D	Aeloria	Valdora	0	Calouro	Aluno do 1º ano da Academia de Valdora, Turma 2. Companheiro de aulas, treinos e torneios.	21	Estudante	ACTIVE	FEMININO	1	2	
ACAD_1_065	Farlan D	Aeloria	Valdora	0	Calouro	Aluno do 1º ano da Academia de Valdora, Turma 2. Companheiro de aulas, treinos e torneios.	18	Estudante	ACTIVE	MASCULINO	1	2	
ACAD_1_066	Faye D	Aeloria	Valdora	0	Calouro	Aluno do 1º ano da Academia de Valdora, Turma 2. Companheiro de aulas, treinos e torneios.	19	Estudante	ACTIVE	FEMININO	1	2	
ACAD_1_067	Ilan D	Aeloria	Valdora	0	Calouro	Aluno do 1º ano da Academia de Valdora, Turma 2. Companheiro de aulas, treinos e torneios.	20	Estudante	ACTIVE	MASCULINO	1	2	
ACAD_1_068	Iria D	Aeloria	Valdora	0	Calouro	Aluno do 1º ano da Academia de Valdora, Turma 2. Companheiro de aulas, treinos e torneios.	21	Estudante	ACTIVE	FEMININO	1	2	
ACAD_1_069	Kael D	Aeloria	Valdora	0	Calouro	Aluno do 1º ano da Academia de Valdora, Turma 2. Companheiro de aulas, treinos e torneios.	18	Estudante	ACTIVE	MASCULINO	1	2	
ACAD_1_070	Kira D	Aeloria	Valdora	0	Calouro	Aluno do 1º ano da Academia de Valdora, Turma 2. Companheiro de aulas, treinos e torneios.	19	Estudante	ACTIVE	FEMININO	1	2	
ACAD_1_071	Marek D	Aeloria	Valdora	0	Calouro	Aluno do 1º ano da Academia de Valdora, Turma 2. Companheiro de aulas, treinos e torneios.	20	Estudante	ACTIVE	MASCULINO	1	2	
ACAD_1_072	Mira D	Aeloria	Valdora	0	Calouro	Aluno do 1º ano da Academia de Valdora, Turma 2. Companheiro de aulas, treinos e torneios.	21	Estudante	ACTIVE	FEMININO	1	2	
ACAD_1_073	Orven D	Aeloria	Valdora	0	Calouro	Aluno do 1º ano da Academia de Valdora, Turma 2. Companheiro de aulas, treinos e torneios.	18	Estudante	ACTIVE	MASCULINO	1	2	
ACAD_1_074	Orelia D	Aeloria	Valdora	0	Calouro	Aluno do 1º ano da Academia de Valdora, Turma 2. Companheiro de aulas, treinos e torneios.	19	Estudante	ACTIVE	FEMININO	1	2	
ACAD_1_075	Riven D	Aeloria	Valdora	0	Calouro	Aluno do 1º ano da Academia de Valdora, Turma 2. Companheiro de aulas, treinos e torneios.	20	Estudante	ACTIVE	MASCULINO	1	2	
ACAD_1_076	Rina D	Aeloria	Valdora	0	Calouro	Aluno do 1º ano da Academia de Valdora, Turma 2. Companheiro de aulas, treinos e torneios.	21	Estudante	ACTIVE	FEMININO	1	2	
ACAD_1_077	Tavian D	Aeloria	Valdora	0	Calouro	Aluno do 1º ano da Academia de Valdora, Turma 2. Companheiro de aulas, treinos e torneios.	18	Estudante	ACTIVE	MASCULINO	1	2	
ACAD_1_078	Talia D	Aeloria	Valdora	0	Calouro	Aluno do 1º ano da Academia de Valdora, Turma 2. Companheiro de aulas, treinos e torneios.	19	Estudante	ACTIVE	FEMININO	1	2	
ACAD_1_079	Varen D	Aeloria	Valdora	0	Calouro	Aluno do 1º ano da Academia de Valdora, Turma 2. Companheiro de aulas, treinos e torneios.	20	Estudante	ACTIVE	MASCULINO	1	2	
ACAD_1_080	Wynne D	Aeloria	Valdora	0	Calouro	Aluno do 1º ano da Academia de Valdora, Turma 2. Companheiro de aulas, treinos e torneios.	21	Estudante	ACTIVE	FEMININO	1	2	
ACAD_1_081	Aren E	Aeloria	Valdora	0	Calouro	Aluno do 1º ano da Academia de Valdora, Turma 3. Companheiro de aulas, treinos e torneios.	18	Estudante	ACTIVE	MASCULINO	1	3	
ACAD_1_082	Brina E	Aeloria	Valdora	0	Calouro	Aluno do 1º ano da Academia de Valdora, Turma 3. Companheiro de aulas, treinos e torneios.	19	Estudante	ACTIVE	FEMININO	1	3	
ACAD_1_083	Darian E	Aeloria	Valdora	0	Calouro	Aluno do 1º ano da Academia de Valdora, Turma 3. Companheiro de aulas, treinos e torneios.	20	Estudante	ACTIVE	MASCULINO	1	3	
ACAD_1_084	Dalia E	Aeloria	Valdora	0	Calouro	Aluno do 1º ano da Academia de Valdora, Turma 3. Companheiro de aulas, treinos e torneios.	21	Estudante	ACTIVE	FEMININO	1	3	
ACAD_1_085	Farlan E	Aeloria	Valdora	0	Calouro	Aluno do 1º ano da Academia de Valdora, Turma 3. Companheiro de aulas, treinos e torneios.	18	Estudante	ACTIVE	MASCULINO	1	3	
ACAD_1_086	Faye E	Aeloria	Valdora	0	Calouro	Aluno do 1º ano da Academia de Valdora, Turma 3. Companheiro de aulas, treinos e torneios.	19	Estudante	ACTIVE	FEMININO	1	3	
ACAD_1_087	Ilan E	Aeloria	Valdora	0	Calouro	Aluno do 1º ano da Academia de Valdora, Turma 3. Companheiro de aulas, treinos e torneios.	20	Estudante	ACTIVE	MASCULINO	1	3	
ACAD_1_088	Iria E	Aeloria	Valdora	0	Calouro	Aluno do 1º ano da Academia de Valdora, Turma 3. Companheiro de aulas, treinos e torneios.	21	Estudante	ACTIVE	FEMININO	1	3	
ACAD_1_089	Kael E	Aeloria	Valdora	0	Calouro	Aluno do 1º ano da Academia de Valdora, Turma 3. Companheiro de aulas, treinos e torneios.	18	Estudante	ACTIVE	MASCULINO	1	3	
ACAD_1_090	Kira E	Aeloria	Valdora	0	Calouro	Aluno do 1º ano da Academia de Valdora, Turma 3. Companheiro de aulas, treinos e torneios.	19	Estudante	ACTIVE	FEMININO	1	3	
ACAD_1_091	Marek E	Aeloria	Valdora	0	Calouro	Aluno do 1º ano da Academia de Valdora, Turma 3. Companheiro de aulas, treinos e torneios.	20	Estudante	ACTIVE	MASCULINO	1	3	
ACAD_1_092	Mira E	Aeloria	Valdora	0	Calouro	Aluno do 1º ano da Academia de Valdora, Turma 3. Companheiro de aulas, treinos e torneios.	21	Estudante	ACTIVE	FEMININO	1	3	
ACAD_1_093	Orven E	Aeloria	Valdora	0	Calouro	Aluno do 1º ano da Academia de Valdora, Turma 3. Companheiro de aulas, treinos e torneios.	18	Estudante	ACTIVE	MASCULINO	1	3	
ACAD_1_094	Orelia E	Aeloria	Valdora	0	Calouro	Aluno do 1º ano da Academia de Valdora, Turma 3. Companheiro de aulas, treinos e torneios.	19	Estudante	ACTIVE	FEMININO	1	3	
ACAD_1_095	Riven E	Aeloria	Valdora	0	Calouro	Aluno do 1º ano da Academia de Valdora, Turma 3. Companheiro de aulas, treinos e torneios.	20	Estudante	ACTIVE	MASCULINO	1	3	
ACAD_1_096	Rina E	Aeloria	Valdora	0	Calouro	Aluno do 1º ano da Academia de Valdora, Turma 3. Companheiro de aulas, treinos e torneios.	21	Estudante	ACTIVE	FEMININO	1	3	
ACAD_1_097	Tavian E	Aeloria	Valdora	0	Calouro	Aluno do 1º ano da Academia de Valdora, Turma 3. Companheiro de aulas, treinos e torneios.	18	Estudante	ACTIVE	MASCULINO	1	3	
ACAD_1_098	Talia E	Aeloria	Valdora	0	Calouro	Aluno do 1º ano da Academia de Valdora, Turma 3. Companheiro de aulas, treinos e torneios.	19	Estudante	ACTIVE	FEMININO	1	3	
ACAD_1_099	Varen E	Aeloria	Valdora	0	Calouro	Aluno do 1º ano da Academia de Valdora, Turma 3. Companheiro de aulas, treinos e torneios.	20	Estudante	ACTIVE	MASCULINO	1	3	
ACAD_1_100	Wynne E	Aeloria	Valdora	0	Calouro	Aluno do 1º ano da Academia de Valdora, Turma 3. Companheiro de aulas, treinos e torneios.	21	Estudante	ACTIVE	FEMININO	1	3	
ACAD_1_101	Aren F	Aeloria	Valdora	0	Calouro	Aluno do 1º ano da Academia de Valdora, Turma 3. Companheiro de aulas, treinos e torneios.	18	Estudante	ACTIVE	MASCULINO	1	3	
ACAD_1_102	Brina F	Aeloria	Valdora	0	Calouro	Aluno do 1º ano da Academia de Valdora, Turma 3. Companheiro de aulas, treinos e torneios.	19	Estudante	ACTIVE	FEMININO	1	3	
ACAD_1_103	Darian F	Aeloria	Valdora	0	Calouro	Aluno do 1º ano da Academia de Valdora, Turma 3. Companheiro de aulas, treinos e torneios.	20	Estudante	ACTIVE	MASCULINO	1	3	
ACAD_1_104	Dalia F	Aeloria	Valdora	0	Calouro	Aluno do 1º ano da Academia de Valdora, Turma 3. Companheiro de aulas, treinos e torneios.	21	Estudante	ACTIVE	FEMININO	1	3	
ACAD_1_105	Farlan F	Aeloria	Valdora	0	Calouro	Aluno do 1º ano da Academia de Valdora, Turma 3. Companheiro de aulas, treinos e torneios.	18	Estudante	ACTIVE	MASCULINO	1	3	
ACAD_1_106	Faye F	Aeloria	Valdora	0	Calouro	Aluno do 1º ano da Academia de Valdora, Turma 3. Companheiro de aulas, treinos e torneios.	19	Estudante	ACTIVE	FEMININO	1	3	
ACAD_1_107	Ilan F	Aeloria	Valdora	0	Calouro	Aluno do 1º ano da Academia de Valdora, Turma 3. Companheiro de aulas, treinos e torneios.	20	Estudante	ACTIVE	MASCULINO	1	3	
ACAD_1_108	Iria F	Aeloria	Valdora	0	Calouro	Aluno do 1º ano da Academia de Valdora, Turma 3. Companheiro de aulas, treinos e torneios.	21	Estudante	ACTIVE	FEMININO	1	3	
ACAD_1_109	Kael F	Aeloria	Valdora	0	Calouro	Aluno do 1º ano da Academia de Valdora, Turma 3. Companheiro de aulas, treinos e torneios.	18	Estudante	ACTIVE	MASCULINO	1	3	
ACAD_1_110	Kira F	Aeloria	Valdora	0	Calouro	Aluno do 1º ano da Academia de Valdora, Turma 3. Companheiro de aulas, treinos e torneios.	19	Estudante	ACTIVE	FEMININO	1	3	
ACAD_1_111	Marek F	Aeloria	Valdora	0	Calouro	Aluno do 1º ano da Academia de Valdora, Turma 3. Companheiro de aulas, treinos e torneios.	20	Estudante	ACTIVE	MASCULINO	1	3	
ACAD_1_112	Mira F	Aeloria	Valdora	0	Calouro	Aluno do 1º ano da Academia de Valdora, Turma 3. Companheiro de aulas, treinos e torneios.	21	Estudante	ACTIVE	FEMININO	1	3	
ACAD_1_113	Orven F	Aeloria	Valdora	0	Calouro	Aluno do 1º ano da Academia de Valdora, Turma 3. Companheiro de aulas, treinos e torneios.	18	Estudante	ACTIVE	MASCULINO	1	3	
ACAD_1_114	Orelia F	Aeloria	Valdora	0	Calouro	Aluno do 1º ano da Academia de Valdora, Turma 3. Companheiro de aulas, treinos e torneios.	19	Estudante	ACTIVE	FEMININO	1	3	
ACAD_1_115	Riven F	Aeloria	Valdora	0	Calouro	Aluno do 1º ano da Academia de Valdora, Turma 3. Companheiro de aulas, treinos e torneios.	20	Estudante	ACTIVE	MASCULINO	1	3	
ACAD_1_116	Rina F	Aeloria	Valdora	0	Calouro	Aluno do 1º ano da Academia de Valdora, Turma 3. Companheiro de aulas, treinos e torneios.	21	Estudante	ACTIVE	FEMININO	1	3	
ACAD_1_117	Tavian F	Aeloria	Valdora	0	Calouro	Aluno do 1º ano da Academia de Valdora, Turma 3. Companheiro de aulas, treinos e torneios.	18	Estudante	ACTIVE	MASCULINO	1	3	
ACAD_1_118	Talia F	Aeloria	Valdora	0	Calouro	Aluno do 1º ano da Academia de Valdora, Turma 3. Companheiro de aulas, treinos e torneios.	19	Estudante	ACTIVE	FEMININO	1	3	
ACAD_1_119	Varen F	Aeloria	Valdora	0	Calouro	Aluno do 1º ano da Academia de Valdora, Turma 3. Companheiro de aulas, treinos e torneios.	20	Estudante	ACTIVE	MASCULINO	1	3	
ACAD_1_120	Wynne F	Aeloria	Valdora	0	Calouro	Aluno do 1º ano da Academia de Valdora, Turma 3. Companheiro de aulas, treinos e torneios.	21	Estudante	ACTIVE	FEMININO	1	3	
ACAD_2_001	Aren A	Aeloria	Valdora	0	Aprendiz de Valaryn	Aluno do 2º ano da Academia de Valdora, integrante do Clã Aurora.	19	Estudante	ACTIVE	MASCULINO	2		Aurora
ACAD_2_002	Brina A	Aeloria	Valdora	0	Aprendiz de Valaryn	Aluno do 2º ano da Academia de Valdora, integrante do Clã Brasa.	20	Estudante	ACTIVE	FEMININO	2		Brasa
ACAD_2_003	Darian A	Aeloria	Valdora	0	Aprendiz de Valaryn	Aluno do 2º ano da Academia de Valdora, integrante do Clã Cervo.	21	Estudante	ACTIVE	MASCULINO	2		Cervo
ACAD_2_004	Dalia A	Aeloria	Valdora	0	Aprendiz de Valaryn	Aluno do 2º ano da Academia de Valdora, integrante do Clã Dragão.	22	Estudante	ACTIVE	FEMININO	2		Dragão
ACAD_2_005	Farlan A	Aeloria	Valdora	0	Aprendiz de Valaryn	Aluno do 2º ano da Academia de Valdora, integrante do Clã Eclipse.	19	Estudante	ACTIVE	MASCULINO	2		Eclipse
ACAD_2_006	Faye A	Aeloria	Valdora	0	Aprendiz de Valaryn	Aluno do 2º ano da Academia de Valdora, integrante do Clã Falcão.	20	Estudante	ACTIVE	FEMININO	2		Falcão
ACAD_2_007	Ilan A	Aeloria	Valdora	0	Aprendiz de Valaryn	Aluno do 2º ano da Academia de Valdora, integrante do Clã Grifo.	21	Estudante	ACTIVE	MASCULINO	2		Grifo
ACAD_2_008	Iria A	Aeloria	Valdora	0	Aprendiz de Valaryn	Aluno do 2º ano da Academia de Valdora, integrante do Clã Harpia.	22	Estudante	ACTIVE	FEMININO	2		Harpia
ACAD_2_009	Kael A	Aeloria	Valdora	0	Aprendiz de Valaryn	Aluno do 2º ano da Academia de Valdora, integrante do Clã Jade.	19	Estudante	ACTIVE	MASCULINO	2		Jade
ACAD_2_010	Kira A	Aeloria	Valdora	0	Aprendiz de Valaryn	Aluno do 2º ano da Academia de Valdora, integrante do Clã Lótus.	20	Estudante	ACTIVE	FEMININO	2		Lótus
ACAD_2_011	Marek A	Aeloria	Valdora	0	Aprendiz de Valaryn	Aluno do 2º ano da Academia de Valdora, integrante do Clã Lua.	21	Estudante	ACTIVE	MASCULINO	2		Lua
ACAD_2_012	Mira A	Aeloria	Valdora	0	Aprendiz de Valaryn	Aluno do 2º ano da Academia de Valdora, integrante do Clã Maré.	22	Estudante	ACTIVE	FEMININO	2		Maré
ACAD_2_013	Orven A	Aeloria	Valdora	0	Aprendiz de Valaryn	Aluno do 2º ano da Academia de Valdora, integrante do Clã Névoa.	19	Estudante	ACTIVE	MASCULINO	2		Névoa
ACAD_2_014	Orelia A	Aeloria	Valdora	0	Aprendiz de Valaryn	Aluno do 2º ano da Academia de Valdora, integrante do Clã Orbe.	20	Estudante	ACTIVE	FEMININO	2		Orbe
ACAD_2_015	Riven A	Aeloria	Valdora	0	Aprendiz de Valaryn	Aluno do 2º ano da Academia de Valdora, integrante do Clã Runa.	21	Estudante	ACTIVE	MASCULINO	2		Runa
ACAD_2_016	Rina A	Aeloria	Valdora	0	Aprendiz de Valaryn	Aluno do 2º ano da Academia de Valdora, integrante do Clã Sol.	22	Estudante	ACTIVE	FEMININO	2		Sol
ACAD_2_017	Tavian A	Aeloria	Valdora	0	Aprendiz de Valaryn	Aluno do 2º ano da Academia de Valdora, integrante do Clã Tempestade.	19	Estudante	ACTIVE	MASCULINO	2		Tempestade
ACAD_2_018	Talia A	Aeloria	Valdora	0	Aprendiz de Valaryn	Aluno do 2º ano da Academia de Valdora, integrante do Clã Véu.	20	Estudante	ACTIVE	FEMININO	2		Véu
ACAD_2_019	Varen A	Aeloria	Valdora	0	Aprendiz de Valaryn	Aluno do 2º ano da Academia de Valdora, integrante do Clã Vinha.	21	Estudante	ACTIVE	MASCULINO	2		Vinha
ACAD_2_020	Wynne A	Aeloria	Valdora	0	Aprendiz de Valaryn	Aluno do 2º ano da Academia de Valdora, integrante do Clã Cinza.	22	Estudante	ACTIVE	FEMININO	2		Cinza
ACAD_2_021	Aren B	Aeloria	Valdora	0	Aprendiz de Valaryn	Aluno do 2º ano da Academia de Valdora, integrante do Clã Aurora.	19	Estudante	ACTIVE	MASCULINO	2		Aurora
ACAD_2_022	Brina B	Aeloria	Valdora	0	Aprendiz de Valaryn	Aluno do 2º ano da Academia de Valdora, integrante do Clã Brasa.	20	Estudante	ACTIVE	FEMININO	2		Brasa
ACAD_2_023	Darian B	Aeloria	Valdora	0	Aprendiz de Valaryn	Aluno do 2º ano da Academia de Valdora, integrante do Clã Cervo.	21	Estudante	ACTIVE	MASCULINO	2		Cervo
ACAD_2_024	Dalia B	Aeloria	Valdora	0	Aprendiz de Valaryn	Aluno do 2º ano da Academia de Valdora, integrante do Clã Dragão.	22	Estudante	ACTIVE	FEMININO	2		Dragão
ACAD_2_025	Farlan B	Aeloria	Valdora	0	Aprendiz de Valaryn	Aluno do 2º ano da Academia de Valdora, integrante do Clã Eclipse.	19	Estudante	ACTIVE	MASCULINO	2		Eclipse
ACAD_2_026	Faye B	Aeloria	Valdora	0	Aprendiz de Valaryn	Aluno do 2º ano da Academia de Valdora, integrante do Clã Falcão.	20	Estudante	ACTIVE	FEMININO	2		Falcão
ACAD_2_027	Ilan B	Aeloria	Valdora	0	Aprendiz de Valaryn	Aluno do 2º ano da Academia de Valdora, integrante do Clã Grifo.	21	Estudante	ACTIVE	MASCULINO	2		Grifo
ACAD_2_028	Iria B	Aeloria	Valdora	0	Aprendiz de Valaryn	Aluno do 2º ano da Academia de Valdora, integrante do Clã Harpia.	22	Estudante	ACTIVE	FEMININO	2		Harpia
ACAD_2_029	Kael B	Aeloria	Valdora	0	Aprendiz de Valaryn	Aluno do 2º ano da Academia de Valdora, integrante do Clã Jade.	19	Estudante	ACTIVE	MASCULINO	2		Jade
ACAD_2_030	Kira B	Aeloria	Valdora	0	Aprendiz de Valaryn	Aluno do 2º ano da Academia de Valdora, integrante do Clã Lótus.	20	Estudante	ACTIVE	FEMININO	2		Lótus
ACAD_2_031	Marek B	Aeloria	Valdora	0	Aprendiz de Valaryn	Aluno do 2º ano da Academia de Valdora, integrante do Clã Lua.	21	Estudante	ACTIVE	MASCULINO	2		Lua
ACAD_2_032	Mira B	Aeloria	Valdora	0	Aprendiz de Valaryn	Aluno do 2º ano da Academia de Valdora, integrante do Clã Maré.	22	Estudante	ACTIVE	FEMININO	2		Maré
ACAD_2_033	Orven B	Aeloria	Valdora	0	Aprendiz de Valaryn	Aluno do 2º ano da Academia de Valdora, integrante do Clã Névoa.	19	Estudante	ACTIVE	MASCULINO	2		Névoa
ACAD_2_034	Orelia B	Aeloria	Valdora	0	Aprendiz de Valaryn	Aluno do 2º ano da Academia de Valdora, integrante do Clã Orbe.	20	Estudante	ACTIVE	FEMININO	2		Orbe
ACAD_2_035	Riven B	Aeloria	Valdora	0	Aprendiz de Valaryn	Aluno do 2º ano da Academia de Valdora, integrante do Clã Runa.	21	Estudante	ACTIVE	MASCULINO	2		Runa
ACAD_2_036	Rina B	Aeloria	Valdora	0	Aprendiz de Valaryn	Aluno do 2º ano da Academia de Valdora, integrante do Clã Sol.	22	Estudante	ACTIVE	FEMININO	2		Sol
ACAD_2_037	Tavian B	Aeloria	Valdora	0	Aprendiz de Valaryn	Aluno do 2º ano da Academia de Valdora, integrante do Clã Tempestade.	19	Estudante	ACTIVE	MASCULINO	2		Tempestade
ACAD_2_038	Talia B	Aeloria	Valdora	0	Aprendiz de Valaryn	Aluno do 2º ano da Academia de Valdora, integrante do Clã Véu.	20	Estudante	ACTIVE	FEMININO	2		Véu
ACAD_2_039	Varen B	Aeloria	Valdora	0	Aprendiz de Valaryn	Aluno do 2º ano da Academia de Valdora, integrante do Clã Vinha.	21	Estudante	ACTIVE	MASCULINO	2		Vinha
ACAD_2_040	Wynne B	Aeloria	Valdora	0	Aprendiz de Valaryn	Aluno do 2º ano da Academia de Valdora, integrante do Clã Cinza.	22	Estudante	ACTIVE	FEMININO	2		Cinza
ACAD_2_041	Aren C	Aeloria	Valdora	0	Aprendiz de Valaryn	Aluno do 2º ano da Academia de Valdora, integrante do Clã Aurora.	19	Estudante	ACTIVE	MASCULINO	2		Aurora
ACAD_2_042	Brina C	Aeloria	Valdora	0	Aprendiz de Valaryn	Aluno do 2º ano da Academia de Valdora, integrante do Clã Brasa.	20	Estudante	ACTIVE	FEMININO	2		Brasa
ACAD_2_043	Darian C	Aeloria	Valdora	0	Aprendiz de Valaryn	Aluno do 2º ano da Academia de Valdora, integrante do Clã Cervo.	21	Estudante	ACTIVE	MASCULINO	2		Cervo
ACAD_2_044	Dalia C	Aeloria	Valdora	0	Aprendiz de Valaryn	Aluno do 2º ano da Academia de Valdora, integrante do Clã Dragão.	22	Estudante	ACTIVE	FEMININO	2		Dragão
ACAD_2_045	Farlan C	Aeloria	Valdora	0	Aprendiz de Valaryn	Aluno do 2º ano da Academia de Valdora, integrante do Clã Eclipse.	19	Estudante	ACTIVE	MASCULINO	2		Eclipse
ACAD_2_046	Faye C	Aeloria	Valdora	0	Aprendiz de Valaryn	Aluno do 2º ano da Academia de Valdora, integrante do Clã Falcão.	20	Estudante	ACTIVE	FEMININO	2		Falcão
ACAD_2_047	Ilan C	Aeloria	Valdora	0	Aprendiz de Valaryn	Aluno do 2º ano da Academia de Valdora, integrante do Clã Grifo.	21	Estudante	ACTIVE	MASCULINO	2		Grifo
ACAD_2_048	Iria C	Aeloria	Valdora	0	Aprendiz de Valaryn	Aluno do 2º ano da Academia de Valdora, integrante do Clã Harpia.	22	Estudante	ACTIVE	FEMININO	2		Harpia
ACAD_2_049	Kael C	Aeloria	Valdora	0	Aprendiz de Valaryn	Aluno do 2º ano da Academia de Valdora, integrante do Clã Jade.	19	Estudante	ACTIVE	MASCULINO	2		Jade
ACAD_2_050	Kira C	Aeloria	Valdora	0	Aprendiz de Valaryn	Aluno do 2º ano da Academia de Valdora, integrante do Clã Lótus.	20	Estudante	ACTIVE	FEMININO	2		Lótus
ACAD_2_051	Marek C	Aeloria	Valdora	0	Aprendiz de Valaryn	Aluno do 2º ano da Academia de Valdora, integrante do Clã Lua.	21	Estudante	ACTIVE	MASCULINO	2		Lua
ACAD_2_052	Mira C	Aeloria	Valdora	0	Aprendiz de Valaryn	Aluno do 2º ano da Academia de Valdora, integrante do Clã Maré.	22	Estudante	ACTIVE	FEMININO	2		Maré
ACAD_2_053	Orven C	Aeloria	Valdora	0	Aprendiz de Valaryn	Aluno do 2º ano da Academia de Valdora, integrante do Clã Névoa.	19	Estudante	ACTIVE	MASCULINO	2		Névoa
ACAD_2_054	Orelia C	Aeloria	Valdora	0	Aprendiz de Valaryn	Aluno do 2º ano da Academia de Valdora, integrante do Clã Orbe.	20	Estudante	ACTIVE	FEMININO	2		Orbe
ACAD_2_055	Riven C	Aeloria	Valdora	0	Aprendiz de Valaryn	Aluno do 2º ano da Academia de Valdora, integrante do Clã Runa.	21	Estudante	ACTIVE	MASCULINO	2		Runa
ACAD_2_056	Rina C	Aeloria	Valdora	0	Aprendiz de Valaryn	Aluno do 2º ano da Academia de Valdora, integrante do Clã Sol.	22	Estudante	ACTIVE	FEMININO	2		Sol
ACAD_2_057	Tavian C	Aeloria	Valdora	0	Aprendiz de Valaryn	Aluno do 2º ano da Academia de Valdora, integrante do Clã Tempestade.	19	Estudante	ACTIVE	MASCULINO	2		Tempestade
ACAD_2_058	Talia C	Aeloria	Valdora	0	Aprendiz de Valaryn	Aluno do 2º ano da Academia de Valdora, integrante do Clã Véu.	20	Estudante	ACTIVE	FEMININO	2		Véu
ACAD_2_059	Varen C	Aeloria	Valdora	0	Aprendiz de Valaryn	Aluno do 2º ano da Academia de Valdora, integrante do Clã Vinha.	21	Estudante	ACTIVE	MASCULINO	2		Vinha
ACAD_2_060	Wynne C	Aeloria	Valdora	0	Aprendiz de Valaryn	Aluno do 2º ano da Academia de Valdora, integrante do Clã Cinza.	22	Estudante	ACTIVE	FEMININO	2		Cinza
ACAD_2_061	Aren D	Aeloria	Valdora	0	Aprendiz de Valaryn	Aluno do 2º ano da Academia de Valdora, integrante do Clã Aurora.	19	Estudante	ACTIVE	MASCULINO	2		Aurora
ACAD_2_062	Brina D	Aeloria	Valdora	0	Aprendiz de Valaryn	Aluno do 2º ano da Academia de Valdora, integrante do Clã Brasa.	20	Estudante	ACTIVE	FEMININO	2		Brasa
ACAD_2_063	Darian D	Aeloria	Valdora	0	Aprendiz de Valaryn	Aluno do 2º ano da Academia de Valdora, integrante do Clã Cervo.	21	Estudante	ACTIVE	MASCULINO	2		Cervo
ACAD_2_064	Dalia D	Aeloria	Valdora	0	Aprendiz de Valaryn	Aluno do 2º ano da Academia de Valdora, integrante do Clã Dragão.	22	Estudante	ACTIVE	FEMININO	2		Dragão
ACAD_2_065	Farlan D	Aeloria	Valdora	0	Aprendiz de Valaryn	Aluno do 2º ano da Academia de Valdora, integrante do Clã Eclipse.	19	Estudante	ACTIVE	MASCULINO	2		Eclipse
ACAD_2_066	Faye D	Aeloria	Valdora	0	Aprendiz de Valaryn	Aluno do 2º ano da Academia de Valdora, integrante do Clã Falcão.	20	Estudante	ACTIVE	FEMININO	2		Falcão
ACAD_2_067	Ilan D	Aeloria	Valdora	0	Aprendiz de Valaryn	Aluno do 2º ano da Academia de Valdora, integrante do Clã Grifo.	21	Estudante	ACTIVE	MASCULINO	2		Grifo
ACAD_2_068	Iria D	Aeloria	Valdora	0	Aprendiz de Valaryn	Aluno do 2º ano da Academia de Valdora, integrante do Clã Harpia.	22	Estudante	ACTIVE	FEMININO	2		Harpia
ACAD_2_069	Kael D	Aeloria	Valdora	0	Aprendiz de Valaryn	Aluno do 2º ano da Academia de Valdora, integrante do Clã Jade.	19	Estudante	ACTIVE	MASCULINO	2		Jade
ACAD_2_070	Kira D	Aeloria	Valdora	0	Aprendiz de Valaryn	Aluno do 2º ano da Academia de Valdora, integrante do Clã Lótus.	20	Estudante	ACTIVE	FEMININO	2		Lótus
ACAD_2_071	Marek D	Aeloria	Valdora	0	Aprendiz de Valaryn	Aluno do 2º ano da Academia de Valdora, integrante do Clã Lua.	21	Estudante	ACTIVE	MASCULINO	2		Lua
ACAD_2_072	Mira D	Aeloria	Valdora	0	Aprendiz de Valaryn	Aluno do 2º ano da Academia de Valdora, integrante do Clã Maré.	22	Estudante	ACTIVE	FEMININO	2		Maré
ACAD_2_073	Orven D	Aeloria	Valdora	0	Aprendiz de Valaryn	Aluno do 2º ano da Academia de Valdora, integrante do Clã Névoa.	19	Estudante	ACTIVE	MASCULINO	2		Névoa
ACAD_2_074	Orelia D	Aeloria	Valdora	0	Aprendiz de Valaryn	Aluno do 2º ano da Academia de Valdora, integrante do Clã Orbe.	20	Estudante	ACTIVE	FEMININO	2		Orbe
ACAD_2_075	Riven D	Aeloria	Valdora	0	Aprendiz de Valaryn	Aluno do 2º ano da Academia de Valdora, integrante do Clã Runa.	21	Estudante	ACTIVE	MASCULINO	2		Runa
ACAD_2_076	Rina D	Aeloria	Valdora	0	Aprendiz de Valaryn	Aluno do 2º ano da Academia de Valdora, integrante do Clã Sol.	22	Estudante	ACTIVE	FEMININO	2		Sol
ACAD_2_077	Tavian D	Aeloria	Valdora	0	Aprendiz de Valaryn	Aluno do 2º ano da Academia de Valdora, integrante do Clã Tempestade.	19	Estudante	ACTIVE	MASCULINO	2		Tempestade
ACAD_2_078	Talia D	Aeloria	Valdora	0	Aprendiz de Valaryn	Aluno do 2º ano da Academia de Valdora, integrante do Clã Véu.	20	Estudante	ACTIVE	FEMININO	2		Véu
ACAD_2_079	Varen D	Aeloria	Valdora	0	Aprendiz de Valaryn	Aluno do 2º ano da Academia de Valdora, integrante do Clã Vinha.	21	Estudante	ACTIVE	MASCULINO	2		Vinha
ACAD_2_080	Wynne D	Aeloria	Valdora	0	Aprendiz de Valaryn	Aluno do 2º ano da Academia de Valdora, integrante do Clã Cinza.	22	Estudante	ACTIVE	FEMININO	2		Cinza
ACAD_3_001	Aren A	Aeloria	Valdora	0	Aspirante a Valaryn	Aluno do 3º ano da Academia de Valdora, integrante do Clã Harpia.	19	Estudante	ACTIVE	MASCULINO	3		Harpia
ACAD_3_002	Brina A	Aeloria	Valdora	0	Aspirante a Valaryn	Aluno do 3º ano da Academia de Valdora, integrante do Clã Jade.	20	Estudante	ACTIVE	FEMININO	3		Jade
ACAD_3_003	Darian A	Aeloria	Valdora	0	Aspirante a Valaryn	Aluno do 3º ano da Academia de Valdora, integrante do Clã Lótus.	21	Estudante	ACTIVE	MASCULINO	3		Lótus
ACAD_3_004	Dalia A	Aeloria	Valdora	0	Aspirante a Valaryn	Aluno do 3º ano da Academia de Valdora, integrante do Clã Lua.	22	Estudante	ACTIVE	FEMININO	3		Lua
ACAD_3_005	Farlan A	Aeloria	Valdora	0	Aspirante a Valaryn	Aluno do 3º ano da Academia de Valdora, integrante do Clã Maré.	19	Estudante	ACTIVE	MASCULINO	3		Maré
ACAD_3_006	Faye A	Aeloria	Valdora	0	Aspirante a Valaryn	Aluno do 3º ano da Academia de Valdora, integrante do Clã Névoa.	20	Estudante	ACTIVE	FEMININO	3		Névoa
ACAD_3_007	Ilan A	Aeloria	Valdora	0	Aspirante a Valaryn	Aluno do 3º ano da Academia de Valdora, integrante do Clã Orbe.	21	Estudante	ACTIVE	MASCULINO	3		Orbe
ACAD_3_008	Iria A	Aeloria	Valdora	0	Aspirante a Valaryn	Aluno do 3º ano da Academia de Valdora, integrante do Clã Runa.	22	Estudante	ACTIVE	FEMININO	3		Runa
ACAD_3_009	Kael A	Aeloria	Valdora	0	Aspirante a Valaryn	Aluno do 3º ano da Academia de Valdora, integrante do Clã Sol.	19	Estudante	ACTIVE	MASCULINO	3		Sol
ACAD_3_010	Kira A	Aeloria	Valdora	0	Aspirante a Valaryn	Aluno do 3º ano da Academia de Valdora, integrante do Clã Tempestade.	20	Estudante	ACTIVE	FEMININO	3		Tempestade
ACAD_3_011	Marek A	Aeloria	Valdora	0	Aspirante a Valaryn	Aluno do 3º ano da Academia de Valdora, integrante do Clã Véu.	21	Estudante	ACTIVE	MASCULINO	3		Véu
ACAD_3_012	Mira A	Aeloria	Valdora	0	Aspirante a Valaryn	Aluno do 3º ano da Academia de Valdora, integrante do Clã Vinha.	22	Estudante	ACTIVE	FEMININO	3		Vinha
ACAD_3_013	Orven A	Aeloria	Valdora	0	Aspirante a Valaryn	Aluno do 3º ano da Academia de Valdora, integrante do Clã Cinza.	19	Estudante	ACTIVE	MASCULINO	3		Cinza
ACAD_3_014	Orelia A	Aeloria	Valdora	0	Aspirante a Valaryn	Aluno do 3º ano da Academia de Valdora, integrante do Clã Aurora.	20	Estudante	ACTIVE	FEMININO	3		Aurora
ACAD_3_015	Riven A	Aeloria	Valdora	0	Aspirante a Valaryn	Aluno do 3º ano da Academia de Valdora, integrante do Clã Brasa.	21	Estudante	ACTIVE	MASCULINO	3		Brasa
ACAD_3_016	Rina A	Aeloria	Valdora	0	Aspirante a Valaryn	Aluno do 3º ano da Academia de Valdora, integrante do Clã Cervo.	22	Estudante	ACTIVE	FEMININO	3		Cervo
ACAD_3_017	Tavian A	Aeloria	Valdora	0	Aspirante a Valaryn	Aluno do 3º ano da Academia de Valdora, integrante do Clã Dragão.	19	Estudante	ACTIVE	MASCULINO	3		Dragão
ACAD_3_018	Talia A	Aeloria	Valdora	0	Aspirante a Valaryn	Aluno do 3º ano da Academia de Valdora, integrante do Clã Eclipse.	20	Estudante	ACTIVE	FEMININO	3		Eclipse
ACAD_3_019	Varen A	Aeloria	Valdora	0	Aspirante a Valaryn	Aluno do 3º ano da Academia de Valdora, integrante do Clã Falcão.	21	Estudante	ACTIVE	MASCULINO	3		Falcão
ACAD_3_020	Wynne A	Aeloria	Valdora	0	Aspirante a Valaryn	Aluno do 3º ano da Academia de Valdora, integrante do Clã Grifo.	22	Estudante	ACTIVE	FEMININO	3		Grifo
ACAD_3_021	Aren B	Aeloria	Valdora	0	Aspirante a Valaryn	Aluno do 3º ano da Academia de Valdora, integrante do Clã Harpia.	19	Estudante	ACTIVE	MASCULINO	3		Harpia
ACAD_3_022	Brina B	Aeloria	Valdora	0	Aspirante a Valaryn	Aluno do 3º ano da Academia de Valdora, integrante do Clã Jade.	20	Estudante	ACTIVE	FEMININO	3		Jade
ACAD_3_023	Darian B	Aeloria	Valdora	0	Aspirante a Valaryn	Aluno do 3º ano da Academia de Valdora, integrante do Clã Lótus.	21	Estudante	ACTIVE	MASCULINO	3		Lótus
ACAD_3_024	Dalia B	Aeloria	Valdora	0	Aspirante a Valaryn	Aluno do 3º ano da Academia de Valdora, integrante do Clã Lua.	22	Estudante	ACTIVE	FEMININO	3		Lua
ACAD_3_025	Farlan B	Aeloria	Valdora	0	Aspirante a Valaryn	Aluno do 3º ano da Academia de Valdora, integrante do Clã Maré.	19	Estudante	ACTIVE	MASCULINO	3		Maré
ACAD_3_026	Faye B	Aeloria	Valdora	0	Aspirante a Valaryn	Aluno do 3º ano da Academia de Valdora, integrante do Clã Névoa.	20	Estudante	ACTIVE	FEMININO	3		Névoa
ACAD_3_027	Ilan B	Aeloria	Valdora	0	Aspirante a Valaryn	Aluno do 3º ano da Academia de Valdora, integrante do Clã Orbe.	21	Estudante	ACTIVE	MASCULINO	3		Orbe
ACAD_3_028	Iria B	Aeloria	Valdora	0	Aspirante a Valaryn	Aluno do 3º ano da Academia de Valdora, integrante do Clã Runa.	22	Estudante	ACTIVE	FEMININO	3		Runa
ACAD_3_029	Kael B	Aeloria	Valdora	0	Aspirante a Valaryn	Aluno do 3º ano da Academia de Valdora, integrante do Clã Sol.	19	Estudante	ACTIVE	MASCULINO	3		Sol
ACAD_3_030	Kira B	Aeloria	Valdora	0	Aspirante a Valaryn	Aluno do 3º ano da Academia de Valdora, integrante do Clã Tempestade.	20	Estudante	ACTIVE	FEMININO	3		Tempestade
ACAD_3_031	Marek B	Aeloria	Valdora	0	Aspirante a Valaryn	Aluno do 3º ano da Academia de Valdora, integrante do Clã Véu.	21	Estudante	ACTIVE	MASCULINO	3		Véu
ACAD_3_032	Mira B	Aeloria	Valdora	0	Aspirante a Valaryn	Aluno do 3º ano da Academia de Valdora, integrante do Clã Vinha.	22	Estudante	ACTIVE	FEMININO	3		Vinha
ACAD_3_033	Orven B	Aeloria	Valdora	0	Aspirante a Valaryn	Aluno do 3º ano da Academia de Valdora, integrante do Clã Cinza.	19	Estudante	ACTIVE	MASCULINO	3		Cinza
ACAD_3_034	Orelia B	Aeloria	Valdora	0	Aspirante a Valaryn	Aluno do 3º ano da Academia de Valdora, integrante do Clã Aurora.	20	Estudante	ACTIVE	FEMININO	3		Aurora
ACAD_3_035	Riven B	Aeloria	Valdora	0	Aspirante a Valaryn	Aluno do 3º ano da Academia de Valdora, integrante do Clã Brasa.	21	Estudante	ACTIVE	MASCULINO	3		Brasa
ACAD_3_036	Rina B	Aeloria	Valdora	0	Aspirante a Valaryn	Aluno do 3º ano da Academia de Valdora, integrante do Clã Cervo.	22	Estudante	ACTIVE	FEMININO	3		Cervo
ACAD_3_037	Tavian B	Aeloria	Valdora	0	Aspirante a Valaryn	Aluno do 3º ano da Academia de Valdora, integrante do Clã Dragão.	19	Estudante	ACTIVE	MASCULINO	3		Dragão
ACAD_3_038	Talia B	Aeloria	Valdora	0	Aspirante a Valaryn	Aluno do 3º ano da Academia de Valdora, integrante do Clã Eclipse.	20	Estudante	ACTIVE	FEMININO	3		Eclipse
ACAD_3_039	Varen B	Aeloria	Valdora	0	Aspirante a Valaryn	Aluno do 3º ano da Academia de Valdora, integrante do Clã Falcão.	21	Estudante	ACTIVE	MASCULINO	3		Falcão
ACAD_3_040	Wynne B	Aeloria	Valdora	0	Aspirante a Valaryn	Aluno do 3º ano da Academia de Valdora, integrante do Clã Grifo.	22	Estudante	ACTIVE	FEMININO	3		Grifo
ACAD_3_041	Aren C	Aeloria	Valdora	0	Aspirante a Valaryn	Aluno do 3º ano da Academia de Valdora, integrante do Clã Harpia.	19	Estudante	ACTIVE	MASCULINO	3		Harpia
ACAD_3_042	Brina C	Aeloria	Valdora	0	Aspirante a Valaryn	Aluno do 3º ano da Academia de Valdora, integrante do Clã Jade.	20	Estudante	ACTIVE	FEMININO	3		Jade
ACAD_3_043	Darian C	Aeloria	Valdora	0	Aspirante a Valaryn	Aluno do 3º ano da Academia de Valdora, integrante do Clã Lótus.	21	Estudante	ACTIVE	MASCULINO	3		Lótus
ACAD_3_044	Dalia C	Aeloria	Valdora	0	Aspirante a Valaryn	Aluno do 3º ano da Academia de Valdora, integrante do Clã Lua.	22	Estudante	ACTIVE	FEMININO	3		Lua
ACAD_3_045	Farlan C	Aeloria	Valdora	0	Aspirante a Valaryn	Aluno do 3º ano da Academia de Valdora, integrante do Clã Maré.	19	Estudante	ACTIVE	MASCULINO	3		Maré
ACAD_3_046	Faye C	Aeloria	Valdora	0	Aspirante a Valaryn	Aluno do 3º ano da Academia de Valdora, integrante do Clã Névoa.	20	Estudante	ACTIVE	FEMININO	3		Névoa
ACAD_3_047	Ilan C	Aeloria	Valdora	0	Aspirante a Valaryn	Aluno do 3º ano da Academia de Valdora, integrante do Clã Orbe.	21	Estudante	ACTIVE	MASCULINO	3		Orbe
ACAD_3_048	Iria C	Aeloria	Valdora	0	Aspirante a Valaryn	Aluno do 3º ano da Academia de Valdora, integrante do Clã Runa.	22	Estudante	ACTIVE	FEMININO	3		Runa
ACAD_3_049	Kael C	Aeloria	Valdora	0	Aspirante a Valaryn	Aluno do 3º ano da Academia de Valdora, integrante do Clã Sol.	19	Estudante	ACTIVE	MASCULINO	3		Sol
ACAD_3_050	Kira C	Aeloria	Valdora	0	Aspirante a Valaryn	Aluno do 3º ano da Academia de Valdora, integrante do Clã Tempestade.	20	Estudante	ACTIVE	FEMININO	3		Tempestade
ACAD_3_051	Marek C	Aeloria	Valdora	0	Aspirante a Valaryn	Aluno do 3º ano da Academia de Valdora, integrante do Clã Véu.	21	Estudante	ACTIVE	MASCULINO	3		Véu
ACAD_3_052	Mira C	Aeloria	Valdora	0	Aspirante a Valaryn	Aluno do 3º ano da Academia de Valdora, integrante do Clã Vinha.	22	Estudante	ACTIVE	FEMININO	3		Vinha
ACAD_3_053	Orven C	Aeloria	Valdora	0	Aspirante a Valaryn	Aluno do 3º ano da Academia de Valdora, integrante do Clã Cinza.	19	Estudante	ACTIVE	MASCULINO	3		Cinza
ACAD_3_054	Orelia C	Aeloria	Valdora	0	Aspirante a Valaryn	Aluno do 3º ano da Academia de Valdora, integrante do Clã Aurora.	20	Estudante	ACTIVE	FEMININO	3		Aurora
ACAD_3_055	Riven C	Aeloria	Valdora	0	Aspirante a Valaryn	Aluno do 3º ano da Academia de Valdora, integrante do Clã Brasa.	21	Estudante	ACTIVE	MASCULINO	3		Brasa
ACAD_3_056	Rina C	Aeloria	Valdora	0	Aspirante a Valaryn	Aluno do 3º ano da Academia de Valdora, integrante do Clã Cervo.	22	Estudante	ACTIVE	FEMININO	3		Cervo
ACAD_3_057	Tavian C	Aeloria	Valdora	0	Aspirante a Valaryn	Aluno do 3º ano da Academia de Valdora, integrante do Clã Dragão.	19	Estudante	ACTIVE	MASCULINO	3		Dragão
ACAD_3_058	Talia C	Aeloria	Valdora	0	Aspirante a Valaryn	Aluno do 3º ano da Academia de Valdora, integrante do Clã Eclipse.	20	Estudante	ACTIVE	FEMININO	3		Eclipse
ACAD_3_059	Varen C	Aeloria	Valdora	0	Aspirante a Valaryn	Aluno do 3º ano da Academia de Valdora, integrante do Clã Falcão.	21	Estudante	ACTIVE	MASCULINO	3		Falcão
ACAD_3_060	Wynne C	Aeloria	Valdora	0	Aspirante a Valaryn	Aluno do 3º ano da Academia de Valdora, integrante do Clã Grifo.	22	Estudante	ACTIVE	FEMININO	3		Grifo
ACAD_3_061	Aren D	Aeloria	Valdora	0	Aspirante a Valaryn	Aluno do 3º ano da Academia de Valdora, integrante do Clã Harpia.	19	Estudante	ACTIVE	MASCULINO	3		Harpia
ACAD_3_062	Brina D	Aeloria	Valdora	0	Aspirante a Valaryn	Aluno do 3º ano da Academia de Valdora, integrante do Clã Jade.	20	Estudante	ACTIVE	FEMININO	3		Jade
ACAD_3_063	Darian D	Aeloria	Valdora	0	Aspirante a Valaryn	Aluno do 3º ano da Academia de Valdora, integrante do Clã Lótus.	21	Estudante	ACTIVE	MASCULINO	3		Lótus
ACAD_3_064	Dalia D	Aeloria	Valdora	0	Aspirante a Valaryn	Aluno do 3º ano da Academia de Valdora, integrante do Clã Lua.	22	Estudante	ACTIVE	FEMININO	3		Lua
ACAD_3_065	Farlan D	Aeloria	Valdora	0	Aspirante a Valaryn	Aluno do 3º ano da Academia de Valdora, integrante do Clã Maré.	19	Estudante	ACTIVE	MASCULINO	3		Maré
ACAD_3_066	Faye D	Aeloria	Valdora	0	Aspirante a Valaryn	Aluno do 3º ano da Academia de Valdora, integrante do Clã Névoa.	20	Estudante	ACTIVE	FEMININO	3		Névoa
ACAD_3_067	Ilan D	Aeloria	Valdora	0	Aspirante a Valaryn	Aluno do 3º ano da Academia de Valdora, integrante do Clã Orbe.	21	Estudante	ACTIVE	MASCULINO	3		Orbe
ACAD_3_068	Iria D	Aeloria	Valdora	0	Aspirante a Valaryn	Aluno do 3º ano da Academia de Valdora, integrante do Clã Runa.	22	Estudante	ACTIVE	FEMININO	3		Runa
ACAD_3_069	Kael D	Aeloria	Valdora	0	Aspirante a Valaryn	Aluno do 3º ano da Academia de Valdora, integrante do Clã Sol.	19	Estudante	ACTIVE	MASCULINO	3		Sol
ACAD_3_070	Kira D	Aeloria	Valdora	0	Aspirante a Valaryn	Aluno do 3º ano da Academia de Valdora, integrante do Clã Tempestade.	20	Estudante	ACTIVE	FEMININO	3		Tempestade
ACAD_3_071	Marek D	Aeloria	Valdora	0	Aspirante a Valaryn	Aluno do 3º ano da Academia de Valdora, integrante do Clã Véu.	21	Estudante	ACTIVE	MASCULINO	3		Véu
ACAD_3_072	Mira D	Aeloria	Valdora	0	Aspirante a Valaryn	Aluno do 3º ano da Academia de Valdora, integrante do Clã Vinha.	22	Estudante	ACTIVE	FEMININO	3		Vinha
ACAD_3_073	Orven D	Aeloria	Valdora	0	Aspirante a Valaryn	Aluno do 3º ano da Academia de Valdora, integrante do Clã Cinza.	19	Estudante	ACTIVE	MASCULINO	3		Cinza
ACAD_3_074	Orelia D	Aeloria	Valdora	0	Aspirante a Valaryn	Aluno do 3º ano da Academia de Valdora, integrante do Clã Aurora.	20	Estudante	ACTIVE	FEMININO	3		Aurora
ACAD_3_075	Riven D	Aeloria	Valdora	0	Aspirante a Valaryn	Aluno do 3º ano da Academia de Valdora, integrante do Clã Brasa.	21	Estudante	ACTIVE	MASCULINO	3		Brasa
ACAD_3_076	Rina D	Aeloria	Valdora	0	Aspirante a Valaryn	Aluno do 3º ano da Academia de Valdora, integrante do Clã Cervo.	22	Estudante	ACTIVE	FEMININO	3		Cervo
ACAD_3_077	Tavian D	Aeloria	Valdora	0	Aspirante a Valaryn	Aluno do 3º ano da Academia de Valdora, integrante do Clã Dragão.	19	Estudante	ACTIVE	MASCULINO	3		Dragão
ACAD_3_078	Talia D	Aeloria	Valdora	0	Aspirante a Valaryn	Aluno do 3º ano da Academia de Valdora, integrante do Clã Eclipse.	20	Estudante	ACTIVE	FEMININO	3		Eclipse
ACAD_3_079	Varen D	Aeloria	Valdora	0	Aspirante a Valaryn	Aluno do 3º ano da Academia de Valdora, integrante do Clã Falcão.	21	Estudante	ACTIVE	MASCULINO	3		Falcão
ACAD_3_080	Wynne D	Aeloria	Valdora	0	Aspirante a Valaryn	Aluno do 3º ano da Academia de Valdora, integrante do Clã Grifo.	22	Estudante	ACTIVE	FEMININO	3		Grifo
