id	name	realm	threatClass	energy	behavior	hp	attack	defense	xp	gold	habitat	weakness
EXP_MON_0001	AsterWisp	Aeloria	0	VELLUM	gregário	19	5	4	9	5	planície	eletricidade
EXP_MON_0002	Biter de Grav	Tharun	0	ELYTH	caçador de matilha	20	6	5	10	6	oceano	vento
EXP_MON_0003	Zeph Drake	Nyssara	0	BLESSING	defensor de ninho	21	7	6	11	7	ruínas	som
EXP_MON_0004	Rime Runner 1	Valkyrion	0	MANA	necrófago	22	8	7	12	8	vulcânica	luz
EXP_MON_0005	BrumStalker	Eshmara	0	NONE	noturno	23	9	3	13	9	pântano	nenhuma evidente
EXP_MON_0006	Spawn de Aster	Kethruun	0	VELLUM	emboscador	24	10	4	14	10	costa	frio
EXP_MON_0007	Grav Maw	Orinthal	1	ELYTH	crepuscular	42	9	9	27	20	caverna	água
EXP_MON_0008	Zeph Howler 1	Zarim	1	BLESSING	migratório	43	10	10	28	21	pradaria	ferro
EXP_MON_0009	RimeWatcher	Lyrien	1	MANA	oportunista	44	11	11	20	22	montanha	terra
EXP_MON_0010	Lurker de Brum	Myrthos	1	NONE	solitário	45	12	7	21	23	deserto	veneno
EXP_MON_0011	Aster Shell	Aeloria	1	VELLUM	territorial	46	13	8	22	24	região gelada	sombra
EXP_MON_0012	Grav Weaver 1	Tharun	1	ELYTH	gregário	47	14	9	23	25	estrada	fogo
EXP_MON_0013	ZephFiend	Nyssara	1	BLESSING	caçador de matilha	35	15	10	24	26	floresta	eletricidade
EXP_MON_0014	Claw de Rime	Valkyrion	1	MANA	defensor de ninho	36	9	11	25	27	planície	vento
EXP_MON_0015	Brum Beast	Eshmara	1	NONE	necrófago	37	10	7	26	28	oceano	som
EXP_MON_0016	Aster Scale 1	Kethruun	1	VELLUM	noturno	38	11	8	27	29	ruínas	luz
EXP_MON_0017	GravGrazer	Orinthal	1	ELYTH	emboscador	39	12	9	28	13	vulcânica	nenhuma evidente
EXP_MON_0018	Tusk de Zeph	Zarim	1	BLESSING	crepuscular	40	13	10	20	14	pântano	frio
EXP_MON_0019	Rime Monger	Lyrien	1	MANA	migratório	41	14	11	21	15	costa	água
EXP_MON_0020	Brum Shard 1	Myrthos	1	NONE	oportunista	42	15	7	22	16	caverna	ferro
EXP_MON_0021	AsterCrawler	Aeloria	1	VELLUM	solitário	43	9	8	23	17	pradaria	terra
EXP_MON_0022	Warden de Grav	Tharun	1	ELYTH	territorial	44	10	9	24	18	montanha	veneno
EXP_MON_0023	Zeph Horn	Nyssara	1	BLESSING	gregário	45	11	10	25	19	deserto	sombra
EXP_MON_0024	Rime Mauler 1	Valkyrion	1	MANA	caçador de matilha	46	12	11	26	20	região gelada	fogo
EXP_MON_0025	BrumFang	Eshmara	2	NONE	defensor de ninho	64	18	11	39	30	estrada	eletricidade
EXP_MON_0026	Wisp de Aster	Kethruun	2	VELLUM	necrófago	52	19	12	40	31	floresta	vento
EXP_MON_0027	Grav Biter	Orinthal	2	ELYTH	noturno	53	20	13	32	32	planície	som
EXP_MON_0028	Zeph Drake 2	Zarim	2	BLESSING	emboscador	54	14	14	33	33	oceano	luz
EXP_MON_0029	RimeRunner	Lyrien	2	MANA	crepuscular	55	15	15	34	34	ruínas	nenhuma evidente
EXP_MON_0030	Stalker de Brum	Myrthos	2	NONE	migratório	56	16	11	35	35	vulcânica	frio
EXP_MON_0031	Aster Spawn	Aeloria	2	VELLUM	oportunista	57	17	12	36	36	pântano	água
EXP_MON_0032	Grav Maw 2	Tharun	2	ELYTH	solitário	58	18	13	37	37	costa	ferro
EXP_MON_0033	ZephHowler	Nyssara	2	BLESSING	territorial	59	19	14	38	38	caverna	terra
EXP_MON_0034	Watcher de Rime	Valkyrion	2	MANA	gregário	60	20	15	39	22	pradaria	veneno
EXP_MON_0035	Brum Lurker	Eshmara	2	NONE	caçador de matilha	61	14	11	40	23	montanha	sombra
EXP_MON_0036	Aster Shell 2	Kethruun	2	VELLUM	defensor de ninho	62	15	12	32	24	deserto	fogo
EXP_MON_0037	GravWeaver	Orinthal	2	ELYTH	necrófago	63	16	13	33	25	região gelada	eletricidade
EXP_MON_0038	Fiend de Zeph	Zarim	2	BLESSING	noturno	64	17	14	34	26	estrada	vento
EXP_MON_0039	Rime Claw	Lyrien	2	MANA	emboscador	52	18	15	35	27	floresta	som
EXP_MON_0040	Brum Beast 2	Myrthos	2	NONE	crepuscular	53	19	11	36	28	planície	luz
EXP_MON_0041	AsterScale	Aeloria	2	VELLUM	migratório	54	20	12	37	29	oceano	nenhuma evidente
EXP_MON_0042	Grazer de Grav	Tharun	2	ELYTH	oportunista	55	14	13	38	30	ruínas	frio
EXP_MON_0043	Zeph Tusk	Nyssara	2	BLESSING	solitário	56	15	14	39	31	vulcânica	água
EXP_MON_0044	Rime Monger 2	Valkyrion	2	MANA	territorial	57	16	15	40	32	pântano	ferro
EXP_MON_0045	BrumShard	Eshmara	2	NONE	gregário	58	17	11	32	33	costa	terra
EXP_MON_0046	Crawler de Aster	Kethruun	2	VELLUM	caçador de matilha	59	18	12	33	34	caverna	veneno
EXP_MON_0047	Grav Warden	Orinthal	2	ELYTH	defensor de ninho	60	19	13	34	35	pradaria	sombra
EXP_MON_0048	Zeph Horn 2	Zarim	3	BLESSING	necrófago	78	25	18	47	45	montanha	fogo
EXP_MON_0049	RimeMauler	Lyrien	3	MANA	noturno	79	19	19	48	46	deserto	eletricidade
EXP_MON_0050	Fang de Brum	Myrthos	3	NONE	emboscador	80	20	15	49	47	região gelada	vento
EXP_MON_0051	Aster Wisp	Aeloria	3	VELLUM	crepuscular	81	21	16	50	31	estrada	som
EXP_MON_0052	Grav Biter 3	Tharun	3	ELYTH	migratório	69	22	17	51	32	floresta	luz
EXP_MON_0053	ZephDrake	Nyssara	3	BLESSING	oportunista	70	23	18	52	33	planície	nenhuma evidente
EXP_MON_0054	Runner de Rime	Valkyrion	3	MANA	solitário	71	24	19	44	34	oceano	frio
EXP_MON_0055	Brum Stalker	Eshmara	3	NONE	territorial	72	25	15	45	35	ruínas	água
EXP_MON_0056	Aster Spawn 3	Kethruun	3	VELLUM	gregário	73	19	16	46	36	vulcânica	ferro
EXP_MON_0057	GravMaw	Orinthal	3	ELYTH	caçador de matilha	74	20	17	47	37	pântano	terra
EXP_MON_0058	Howler de Zeph	Zarim	3	BLESSING	defensor de ninho	75	21	18	48	38	costa	veneno
EXP_MON_0059	Rime Watcher	Lyrien	3	MANA	necrófago	76	22	19	49	39	caverna	sombra
EXP_MON_0060	Brum Lurker 3	Myrthos	3	NONE	noturno	77	23	15	50	40	pradaria	fogo
EXP_MON_0061	AsterShell	Aeloria	3	VELLUM	emboscador	78	24	16	51	41	montanha	eletricidade
EXP_MON_0062	Weaver de Grav	Tharun	3	ELYTH	crepuscular	79	25	17	52	42	deserto	vento
EXP_MON_0063	Zeph Fiend	Nyssara	3	BLESSING	migratório	80	19	18	44	43	região gelada	som
EXP_MON_0064	Rime Claw 3	Valkyrion	3	MANA	oportunista	81	20	19	45	44	estrada	luz
EXP_MON_0065	BrumBeast	Eshmara	3	NONE	solitário	69	21	15	46	45	floresta	nenhuma evidente
EXP_MON_0066	Scale de Aster	Kethruun	3	VELLUM	territorial	70	22	16	47	46	planície	frio
EXP_MON_0067	Grav Grazer	Orinthal	4	ELYTH	gregário	88	28	21	60	56	oceano	água
EXP_MON_0068	Zeph Tusk 3	Zarim	4	BLESSING	caçador de matilha	89	29	22	61	40	ruínas	ferro
EXP_MON_0069	RimeMonger	Lyrien	4	MANA	defensor de ninho	90	30	23	62	41	vulcânica	terra
EXP_MON_0070	Shard de Brum	Myrthos	4	NONE	necrófago	91	24	19	63	42	pântano	veneno
EXP_MON_0071	Aster Crawler	Aeloria	4	VELLUM	noturno	92	25	20	64	43	costa	sombra
EXP_MON_0072	Grav Warden 3	Tharun	4	ELYTH	emboscador	93	26	21	56	44	caverna	fogo
EXP_MON_0073	ZephHorn	Nyssara	4	BLESSING	crepuscular	94	27	22	57	45	pradaria	eletricidade
EXP_MON_0074	Mauler de Rime	Valkyrion	4	MANA	migratório	95	28	23	58	46	montanha	vento
EXP_MON_0075	Brum Fang	Eshmara	4	NONE	oportunista	96	29	19	59	47	deserto	som
EXP_MON_0076	Aster Wisp 4	Kethruun	4	VELLUM	solitário	97	30	20	60	48	região gelada	luz
EXP_MON_0077	GravBiter	Orinthal	4	ELYTH	territorial	98	24	21	61	49	estrada	nenhuma evidente
EXP_MON_0078	Drake de Zeph	Zarim	4	BLESSING	gregário	86	25	22	62	50	floresta	frio
EXP_MON_0079	Rime Runner	Lyrien	5	MANA	caçador de matilha	104	31	27	75	60	planície	água
EXP_MON_0080	Brum Stalker 4	Myrthos	5	NONE	defensor de ninho	105	32	23	76	61	oceano	ferro
EXP_MON_0081	AsterSpawn	Aeloria	5	VELLUM	necrófago	106	33	24	68	62	ruínas	terra
EXP_MON_0082	Maw de Grav	Tharun	5	ELYTH	noturno	107	34	25	69	63	vulcânica	veneno
EXP_MON_0083	Zeph Howler	Nyssara	5	BLESSING	emboscador	108	35	26	70	64	pântano	sombra
EXP_MON_0084	Rime Watcher 4	Valkyrion	5	MANA	crepuscular	109	29	27	71	65	costa	fogo
EXP_MON_0085	BrumLurker	Eshmara	5	NONE	migratório	110	30	23	72	49	caverna	eletricidade
EXP_MON_0086	Shell de Aster	Kethruun	5	VELLUM	oportunista	111	31	24	73	50	pradaria	vento
EXP_MON_0087	Grav Weaver	Orinthal	5	ELYTH	solitário	112	32	25	74	51	montanha	som
EXP_MON_0088	Zeph Fiend 4	Zarim	6	BLESSING	territorial	130	38	30	87	61	deserto	luz
EXP_MON_0089	RimeClaw	Lyrien	6	MANA	gregário	131	39	31	88	62	região gelada	nenhuma evidente
EXP_MON_0090	Beast de Brum	Myrthos	6	NONE	caçador de matilha	132	40	27	80	63	estrada	frio
EXP_MON_0091	Aster Scale	Aeloria	6	VELLUM	defensor de ninho	120	34	28	81	64	floresta	água
EXP_MON_0092	Grav Grazer 4	Tharun	6	ELYTH	necrófago	121	35	29	82	65	planície	ferro
EXP_MON_0093	ZephTusk	Nyssara	6	BLESSING	noturno	122	36	30	83	66	oceano	terra
EXP_MON_0094	Monger de Rime	Valkyrion	7	MANA	emboscador	140	42	35	96	76	ruínas	veneno
EXP_MON_0095	Brum Shard	Eshmara	7	NONE	crepuscular	141	43	31	97	77	vulcânica	sombra
EXP_MON_0096	Aster Crawler 4	Kethruun	7	VELLUM	migratório	142	44	32	98	78	pântano	fogo
EXP_MON_0097	GravWarden	Orinthal	7	ELYTH	oportunista	143	45	33	99	79	costa	eletricidade
EXP_MON_0098	Horn de Zeph	Zarim	8	BLESSING	solitário	161	44	38	112	89	caverna	vento
EXP_MON_0099	Rime Mauler	Lyrien	8	MANA	territorial	162	45	39	104	90	pradaria	som
EXP_MON_0100	Brum Fang 4	Myrthos	0	NONE	gregário	27	6	3	9	19	montanha	luz
EXP_MON_0101	AsterWisp 101	Aeloria	0	VELLUM	caçador de matilha	28	7	4	10	20	deserto	nenhuma evidente
EXP_MON_0102	Biter de Grav 102	Tharun	0	ELYTH	defensor de ninho	29	8	5	11	4	região gelada	frio
EXP_MON_0103	Zeph Drake 103	Nyssara	0	BLESSING	necrófago	30	9	6	12	5	estrada	água
EXP_MON_0104	Rime Runner 5	Valkyrion	0	MANA	noturno	18	10	7	13	6	floresta	ferro
EXP_MON_0105	BrumStalker 105	Eshmara	0	NONE	emboscador	19	4	3	14	7	planície	terra
EXP_MON_0106	Spawn de Aster 106	Kethruun	0	VELLUM	crepuscular	20	5	4	15	8	oceano	veneno
EXP_MON_0107	Grav Maw 107	Orinthal	1	ELYTH	migratório	38	11	9	28	18	ruínas	sombra
EXP_MON_0108	Zeph Howler 5	Zarim	1	BLESSING	oportunista	39	12	10	20	19	vulcânica	fogo
EXP_MON_0109	RimeWatcher 109	Lyrien	1	MANA	solitário	40	13	11	21	20	pântano	eletricidade
EXP_MON_0110	Lurker de Brum 110	Myrthos	1	NONE	territorial	41	14	7	22	21	costa	vento
EXP_MON_0111	Aster Shell 111	Aeloria	1	VELLUM	gregário	42	15	8	23	22	caverna	som
EXP_MON_0112	Grav Weaver 5	Tharun	1	ELYTH	caçador de matilha	43	9	9	24	23	pradaria	luz
EXP_MON_0113	ZephFiend 113	Nyssara	1	BLESSING	defensor de ninho	44	10	10	25	24	montanha	nenhuma evidente
EXP_MON_0114	Claw de Rime 114	Valkyrion	1	MANA	necrófago	45	11	11	26	25	deserto	frio
EXP_MON_0115	Brum Beast 115	Eshmara	1	NONE	noturno	46	12	7	27	26	região gelada	água
EXP_MON_0116	Aster Scale 5	Kethruun	1	VELLUM	emboscador	47	13	8	28	27	estrada	ferro
EXP_MON_0117	GravGrazer 117	Orinthal	1	ELYTH	crepuscular	35	14	9	20	28	floresta	terra
EXP_MON_0118	Tusk de Zeph 118	Zarim	1	BLESSING	migratório	36	15	10	21	29	planície	veneno
EXP_MON_0119	Rime Monger 119	Lyrien	1	MANA	oportunista	37	9	11	22	13	oceano	sombra
EXP_MON_0120	Brum Shard 5	Myrthos	1	NONE	solitário	38	10	7	23	14	ruínas	fogo
EXP_MON_0121	AsterCrawler 121	Aeloria	1	VELLUM	territorial	39	11	8	24	15	vulcânica	eletricidade
EXP_MON_0122	Warden de Grav 122	Tharun	1	ELYTH	gregário	40	12	9	25	16	pântano	vento
EXP_MON_0123	Zeph Horn 123	Nyssara	1	BLESSING	caçador de matilha	41	13	10	26	17	costa	som
EXP_MON_0124	Rime Mauler 5	Valkyrion	1	MANA	defensor de ninho	42	14	11	27	18	caverna	luz
EXP_MON_0125	BrumFang 125	Eshmara	2	NONE	necrófago	60	20	11	40	28	pradaria	nenhuma evidente
EXP_MON_0126	Wisp de Aster 126	Kethruun	2	VELLUM	noturno	61	14	12	32	29	montanha	frio
EXP_MON_0127	Grav Biter 127	Orinthal	2	ELYTH	emboscador	62	15	13	33	30	deserto	água
EXP_MON_0128	Zeph Drake 6	Zarim	2	BLESSING	crepuscular	63	16	14	34	31	região gelada	ferro
EXP_MON_0129	RimeRunner 129	Lyrien	2	MANA	migratório	64	17	15	35	32	estrada	terra
EXP_MON_0130	Stalker de Brum 130	Myrthos	2	NONE	oportunista	52	18	11	36	33	floresta	veneno
EXP_MON_0131	Aster Spawn 131	Aeloria	2	VELLUM	solitário	53	19	12	37	34	planície	sombra
EXP_MON_0132	Grav Maw 6	Tharun	2	ELYTH	territorial	54	20	13	38	35	oceano	fogo
EXP_MON_0133	ZephHowler 133	Nyssara	2	BLESSING	gregário	55	14	14	39	36	ruínas	eletricidade
EXP_MON_0134	Watcher de Rime 134	Valkyrion	2	MANA	caçador de matilha	56	15	15	40	37	vulcânica	vento
EXP_MON_0135	Brum Lurker 135	Eshmara	2	NONE	defensor de ninho	57	16	11	32	38	pântano	som
EXP_MON_0136	Aster Shell 6	Kethruun	2	VELLUM	necrófago	58	17	12	33	22	costa	luz
EXP_MON_0137	GravWeaver 137	Orinthal	2	ELYTH	noturno	59	18	13	34	23	caverna	nenhuma evidente
EXP_MON_0138	Fiend de Zeph 138	Zarim	2	BLESSING	emboscador	60	19	14	35	24	pradaria	frio
EXP_MON_0139	Rime Claw 139	Lyrien	2	MANA	crepuscular	61	20	15	36	25	montanha	água
EXP_MON_0140	Brum Beast 6	Myrthos	2	NONE	migratório	62	14	11	37	26	deserto	ferro
EXP_MON_0141	AsterScale 141	Aeloria	2	VELLUM	oportunista	63	15	12	38	27	região gelada	terra
EXP_MON_0142	Grazer de Grav 142	Tharun	2	ELYTH	solitário	64	16	13	39	28	estrada	veneno
EXP_MON_0143	Zeph Tusk 143	Nyssara	2	BLESSING	territorial	52	17	14	40	29	floresta	sombra
EXP_MON_0144	Rime Monger 6	Valkyrion	2	MANA	gregário	53	18	15	32	30	planície	fogo
EXP_MON_0145	BrumShard 145	Eshmara	2	NONE	caçador de matilha	54	19	11	33	31	oceano	eletricidade
EXP_MON_0146	Crawler de Aster 146	Kethruun	2	VELLUM	defensor de ninho	55	20	12	34	32	ruínas	vento
EXP_MON_0147	Grav Warden 147	Orinthal	2	ELYTH	necrófago	56	14	13	35	33	vulcânica	som
EXP_MON_0148	Zeph Horn 6	Zarim	3	BLESSING	noturno	74	20	18	48	43	pântano	luz
EXP_MON_0149	RimeMauler 149	Lyrien	3	MANA	emboscador	75	21	19	49	44	costa	nenhuma evidente
EXP_MON_0150	Fang de Brum 150	Myrthos	3	NONE	crepuscular	76	22	15	50	45	caverna	frio
EXP_MON_0151	Aster Wisp 151	Aeloria	3	VELLUM	migratório	77	23	16	51	46	pradaria	água
EXP_MON_0152	Grav Biter 7	Tharun	3	ELYTH	oportunista	78	24	17	52	47	montanha	ferro
EXP_MON_0153	ZephDrake 153	Nyssara	3	BLESSING	solitário	79	25	18	44	31	deserto	terra
EXP_MON_0154	Runner de Rime 154	Valkyrion	3	MANA	territorial	80	19	19	45	32	região gelada	veneno
EXP_MON_0155	Brum Stalker 155	Eshmara	3	NONE	gregário	81	20	15	46	33	estrada	sombra
EXP_MON_0156	Aster Spawn 7	Kethruun	3	VELLUM	caçador de matilha	69	21	16	47	34	floresta	fogo
EXP_MON_0157	GravMaw 157	Orinthal	3	ELYTH	defensor de ninho	70	22	17	48	35	planície	eletricidade
EXP_MON_0158	Howler de Zeph 158	Zarim	3	BLESSING	necrófago	71	23	18	49	36	oceano	vento
EXP_MON_0159	Rime Watcher 159	Lyrien	3	MANA	noturno	72	24	19	50	37	ruínas	som
EXP_MON_0160	Brum Lurker 7	Myrthos	3	NONE	emboscador	73	25	15	51	38	vulcânica	luz
EXP_MON_0161	AsterShell 161	Aeloria	3	VELLUM	crepuscular	74	19	16	52	39	pântano	nenhuma evidente
EXP_MON_0162	Weaver de Grav 162	Tharun	3	ELYTH	migratório	75	20	17	44	40	costa	frio
EXP_MON_0163	Zeph Fiend 163	Nyssara	3	BLESSING	oportunista	76	21	18	45	41	caverna	água
EXP_MON_0164	Rime Claw 7	Valkyrion	3	MANA	solitário	77	22	19	46	42	pradaria	ferro
EXP_MON_0165	BrumBeast 165	Eshmara	3	NONE	territorial	78	23	15	47	43	montanha	terra
EXP_MON_0166	Scale de Aster 166	Kethruun	3	VELLUM	gregário	79	24	16	48	44	deserto	veneno
EXP_MON_0167	Grav Grazer 167	Orinthal	4	ELYTH	caçador de matilha	97	30	21	61	54	região gelada	sombra
EXP_MON_0168	Zeph Tusk 7	Zarim	4	BLESSING	defensor de ninho	98	24	22	62	55	estrada	fogo
EXP_MON_0169	RimeMonger 169	Lyrien	4	MANA	necrófago	86	25	23	63	56	floresta	eletricidade
EXP_MON_0170	Shard de Brum 170	Myrthos	4	NONE	noturno	87	26	19	64	40	planície	vento
EXP_MON_0171	Aster Crawler 171	Aeloria	4	VELLUM	emboscador	88	27	20	56	41	oceano	som
EXP_MON_0172	Grav Warden 7	Tharun	4	ELYTH	crepuscular	89	28	21	57	42	ruínas	luz
EXP_MON_0173	ZephHorn 173	Nyssara	4	BLESSING	migratório	90	29	22	58	43	vulcânica	nenhuma evidente
EXP_MON_0174	Mauler de Rime 174	Valkyrion	4	MANA	oportunista	91	30	23	59	44	pântano	frio
EXP_MON_0175	Brum Fang 175	Eshmara	4	NONE	solitário	92	24	19	60	45	costa	água
EXP_MON_0176	Aster Wisp 8	Kethruun	4	VELLUM	territorial	93	25	20	61	46	caverna	ferro
EXP_MON_0177	GravBiter 177	Orinthal	4	ELYTH	gregário	94	26	21	62	47	pradaria	terra
EXP_MON_0178	Drake de Zeph 178	Zarim	4	BLESSING	caçador de matilha	95	27	22	63	48	montanha	veneno
EXP_MON_0179	Rime Runner 179	Lyrien	5	MANA	defensor de ninho	113	33	27	76	58	deserto	sombra
EXP_MON_0180	Brum Stalker 8	Myrthos	5	NONE	necrófago	114	34	23	68	59	região gelada	fogo
EXP_MON_0181	AsterSpawn 181	Aeloria	5	VELLUM	noturno	115	35	24	69	60	estrada	eletricidade
EXP_MON_0182	Maw de Grav 182	Tharun	5	ELYTH	emboscador	103	29	25	70	61	floresta	vento
EXP_MON_0183	Zeph Howler 183	Nyssara	5	BLESSING	crepuscular	104	30	26	71	62	planície	som
EXP_MON_0184	Rime Watcher 8	Valkyrion	5	MANA	migratório	105	31	27	72	63	oceano	luz
EXP_MON_0185	BrumLurker 185	Eshmara	5	NONE	oportunista	106	32	23	73	64	ruínas	nenhuma evidente
EXP_MON_0186	Shell de Aster 186	Kethruun	5	VELLUM	solitário	107	33	24	74	65	vulcânica	frio
EXP_MON_0187	Grav Weaver 187	Orinthal	5	ELYTH	territorial	108	34	25	75	49	pântano	água
EXP_MON_0188	Zeph Fiend 8	Zarim	6	BLESSING	gregário	126	40	30	88	59	costa	ferro
EXP_MON_0189	RimeClaw 189	Lyrien	6	MANA	caçador de matilha	127	34	31	80	60	caverna	terra
EXP_MON_0190	Beast de Brum 190	Myrthos	6	NONE	defensor de ninho	128	35	27	81	61	pradaria	veneno
EXP_MON_0191	Aster Scale 191	Aeloria	6	VELLUM	necrófago	129	36	28	82	62	montanha	sombra
EXP_MON_0192	Grav Grazer 8	Tharun	6	ELYTH	noturno	130	37	29	83	63	deserto	fogo
EXP_MON_0193	ZephTusk 193	Nyssara	6	BLESSING	emboscador	131	38	30	84	64	região gelada	eletricidade
EXP_MON_0194	Monger de Rime 194	Valkyrion	7	MANA	crepuscular	149	44	35	97	74	estrada	vento
EXP_MON_0195	Brum Shard 195	Eshmara	7	NONE	migratório	137	45	31	98	75	floresta	som
EXP_MON_0196	Aster Crawler 8	Kethruun	7	VELLUM	oportunista	138	39	32	99	76	planície	luz
EXP_MON_0197	GravWarden 197	Orinthal	7	ELYTH	solitário	139	40	33	100	77	oceano	nenhuma evidente
EXP_MON_0198	Horn de Zeph 198	Zarim	8	BLESSING	territorial	157	46	38	104	87	ruínas	frio
EXP_MON_0199	Rime Mauler 199	Lyrien	8	MANA	gregário	158	47	39	105	88	vulcânica	água
EXP_MON_0200	Brum Fang 8	Myrthos	0	NONE	caçador de matilha	23	8	3	10	17	pântano	ferro
EXP_MON_0201	AsterWisp 201	Aeloria	0	VELLUM	defensor de ninho	24	9	4	11	18	costa	terra
EXP_MON_0202	Biter de Grav 202	Tharun	0	ELYTH	necrófago	25	10	5	12	19	caverna	veneno
EXP_MON_0203	Zeph Drake 203	Nyssara	0	BLESSING	noturno	26	4	6	13	20	pradaria	sombra
EXP_MON_0204	Rime Runner 9	Valkyrion	0	MANA	emboscador	27	5	7	14	4	montanha	fogo
EXP_MON_0205	BrumStalker 205	Eshmara	0	NONE	crepuscular	28	6	3	15	5	deserto	eletricidade
EXP_MON_0206	Spawn de Aster 206	Kethruun	0	VELLUM	migratório	29	7	4	16	6	região gelada	vento
EXP_MON_0207	Grav Maw 207	Orinthal	1	ELYTH	oportunista	47	13	9	20	16	estrada	som
EXP_MON_0208	Zeph Howler 9	Zarim	1	BLESSING	solitário	35	14	10	21	17	floresta	luz
EXP_MON_0209	RimeWatcher 209	Lyrien	1	MANA	territorial	36	15	11	22	18	planície	nenhuma evidente
EXP_MON_0210	Lurker de Brum 210	Myrthos	1	NONE	gregário	37	9	7	23	19	oceano	frio
EXP_MON_0211	Aster Shell 211	Aeloria	1	VELLUM	caçador de matilha	38	10	8	24	20	ruínas	água
EXP_MON_0212	Grav Weaver 9	Tharun	1	ELYTH	defensor de ninho	39	11	9	25	21	vulcânica	ferro
EXP_MON_0213	ZephFiend 213	Nyssara	1	BLESSING	necrófago	40	12	10	26	22	pântano	terra
EXP_MON_0214	Claw de Rime 214	Valkyrion	1	MANA	noturno	41	13	11	27	23	costa	veneno
EXP_MON_0215	Brum Beast 215	Eshmara	1	NONE	emboscador	42	14	7	28	24	caverna	sombra
EXP_MON_0216	Aster Scale 9	Kethruun	1	VELLUM	crepuscular	43	15	8	20	25	pradaria	fogo
EXP_MON_0217	GravGrazer 217	Orinthal	1	ELYTH	migratório	44	9	9	21	26	montanha	eletricidade
EXP_MON_0218	Tusk de Zeph 218	Zarim	1	BLESSING	oportunista	45	10	10	22	27	deserto	vento
EXP_MON_0219	Rime Monger 219	Lyrien	1	MANA	solitário	46	11	11	23	28	região gelada	som
EXP_MON_0220	Brum Shard 9	Myrthos	1	NONE	territorial	47	12	7	24	29	estrada	luz
EXP_MON_0221	AsterCrawler 221	Aeloria	1	VELLUM	gregário	35	13	8	25	13	floresta	nenhuma evidente
EXP_MON_0222	Warden de Grav 222	Tharun	1	ELYTH	caçador de matilha	36	14	9	26	14	planície	frio
EXP_MON_0223	Zeph Horn 223	Nyssara	1	BLESSING	defensor de ninho	37	15	10	27	15	oceano	água
EXP_MON_0224	Rime Mauler 9	Valkyrion	1	MANA	necrófago	38	9	11	28	16	ruínas	ferro
EXP_MON_0225	BrumFang 225	Eshmara	2	NONE	noturno	56	15	11	32	26	vulcânica	terra
EXP_MON_0226	Wisp de Aster 226	Kethruun	2	VELLUM	emboscador	57	16	12	33	27	pântano	veneno
EXP_MON_0227	Grav Biter 227	Orinthal	2	ELYTH	crepuscular	58	17	13	34	28	costa	sombra
EXP_MON_0228	Zeph Drake 10	Zarim	2	BLESSING	migratório	59	18	14	35	29	caverna	fogo
EXP_MON_0229	RimeRunner 229	Lyrien	2	MANA	oportunista	60	19	15	36	30	pradaria	eletricidade
EXP_MON_0230	Stalker de Brum 230	Myrthos	2	NONE	solitário	61	20	11	37	31	montanha	vento
EXP_MON_0231	Aster Spawn 231	Aeloria	2	VELLUM	territorial	62	14	12	38	32	deserto	som
EXP_MON_0232	Grav Maw 10	Tharun	2	ELYTH	gregário	63	15	13	39	33	região gelada	luz
EXP_MON_0233	ZephHowler 233	Nyssara	2	BLESSING	caçador de matilha	64	16	14	40	34	estrada	nenhuma evidente
EXP_MON_0234	Watcher de Rime 234	Valkyrion	2	MANA	defensor de ninho	52	17	15	32	35	floresta	frio
EXP_MON_0235	Brum Lurker 235	Eshmara	2	NONE	necrófago	53	18	11	33	36	planície	água
EXP_MON_0236	Aster Shell 10	Kethruun	2	VELLUM	noturno	54	19	12	34	37	oceano	ferro
EXP_MON_0237	GravWeaver 237	Orinthal	2	ELYTH	emboscador	55	20	13	35	38	ruínas	terra
EXP_MON_0238	Fiend de Zeph 238	Zarim	2	BLESSING	crepuscular	56	14	14	36	22	vulcânica	veneno
EXP_MON_0239	Rime Claw 239	Lyrien	2	MANA	migratório	57	15	15	37	23	pântano	sombra
EXP_MON_0240	Brum Beast 10	Myrthos	2	NONE	oportunista	58	16	11	38	24	costa	fogo
EXP_MON_0241	AsterScale 241	Aeloria	2	VELLUM	solitário	59	17	12	39	25	caverna	eletricidade
EXP_MON_0242	Grazer de Grav 242	Tharun	2	ELYTH	territorial	60	18	13	40	26	pradaria	vento
EXP_MON_0243	Zeph Tusk 243	Nyssara	2	BLESSING	gregário	61	19	14	32	27	montanha	som
EXP_MON_0244	Rime Monger 10	Valkyrion	2	MANA	caçador de matilha	62	20	15	33	28	deserto	luz
EXP_MON_0245	BrumShard 245	Eshmara	2	NONE	defensor de ninho	63	14	11	34	29	região gelada	nenhuma evidente
EXP_MON_0246	Crawler de Aster 246	Kethruun	2	VELLUM	necrófago	64	15	12	35	30	estrada	frio
EXP_MON_0247	Grav Warden 247	Orinthal	2	ELYTH	noturno	52	16	13	36	31	floresta	água
EXP_MON_0248	Zeph Horn 10	Zarim	3	BLESSING	emboscador	70	22	18	49	41	planície	ferro
EXP_MON_0249	RimeMauler 249	Lyrien	3	MANA	crepuscular	71	23	19	50	42	oceano	terra
EXP_MON_0250	Fang de Brum 250	Myrthos	3	NONE	migratório	72	24	15	51	43	ruínas	veneno
EXP_MON_0251	Aster Wisp 251	Aeloria	3	VELLUM	oportunista	73	25	16	52	44	vulcânica	sombra
EXP_MON_0252	Grav Biter 11	Tharun	3	ELYTH	solitário	74	19	17	44	45	pântano	fogo
EXP_MON_0253	ZephDrake 253	Nyssara	3	BLESSING	territorial	75	20	18	45	46	costa	eletricidade
EXP_MON_0254	Runner de Rime 254	Valkyrion	3	MANA	gregário	76	21	19	46	47	caverna	vento
EXP_MON_0255	Brum Stalker 255	Eshmara	3	NONE	caçador de matilha	77	22	15	47	31	pradaria	som
EXP_MON_0256	Aster Spawn 11	Kethruun	3	VELLUM	defensor de ninho	78	23	16	48	32	montanha	luz
EXP_MON_0257	GravMaw 257	Orinthal	3	ELYTH	necrófago	79	24	17	49	33	deserto	nenhuma evidente
EXP_MON_0258	Howler de Zeph 258	Zarim	3	BLESSING	noturno	80	25	18	50	34	região gelada	frio
EXP_MON_0259	Rime Watcher 259	Lyrien	3	MANA	emboscador	81	19	19	51	35	estrada	água
EXP_MON_0260	Brum Lurker 11	Myrthos	3	NONE	crepuscular	69	20	15	52	36	floresta	ferro
EXP_MON_0261	AsterShell 261	Aeloria	3	VELLUM	migratório	70	21	16	44	37	planície	terra
EXP_MON_0262	Weaver de Grav 262	Tharun	3	ELYTH	oportunista	71	22	17	45	38	oceano	veneno
EXP_MON_0263	Zeph Fiend 263	Nyssara	3	BLESSING	solitário	72	23	18	46	39	ruínas	sombra
EXP_MON_0264	Rime Claw 11	Valkyrion	3	MANA	territorial	73	24	19	47	40	vulcânica	fogo
EXP_MON_0265	BrumBeast 265	Eshmara	3	NONE	gregário	74	25	15	48	41	pântano	eletricidade
EXP_MON_0266	Scale de Aster 266	Kethruun	3	VELLUM	caçador de matilha	75	19	16	49	42	costa	vento
EXP_MON_0267	Grav Grazer 267	Orinthal	4	ELYTH	defensor de ninho	93	25	21	62	52	caverna	som
EXP_MON_0268	Zeph Tusk 11	Zarim	4	BLESSING	necrófago	94	26	22	63	53	pradaria	luz
EXP_MON_0269	RimeMonger 269	Lyrien	4	MANA	noturno	95	27	23	64	54	montanha	nenhuma evidente
EXP_MON_0270	Shard de Brum 270	Myrthos	4	NONE	emboscador	96	28	19	56	55	deserto	frio
EXP_MON_0271	Aster Crawler 271	Aeloria	4	VELLUM	crepuscular	97	29	20	57	56	região gelada	água
EXP_MON_0272	Grav Warden 11	Tharun	4	ELYTH	migratório	98	30	21	58	40	estrada	ferro
EXP_MON_0273	ZephHorn 273	Nyssara	4	BLESSING	oportunista	86	24	22	59	41	floresta	terra
EXP_MON_0274	Mauler de Rime 274	Valkyrion	4	MANA	solitário	87	25	23	60	42	planície	veneno
EXP_MON_0275	Brum Fang 275	Eshmara	4	NONE	territorial	88	26	19	61	43	oceano	sombra
EXP_MON_0276	Aster Wisp 12	Kethruun	4	VELLUM	gregário	89	27	20	62	44	ruínas	fogo
EXP_MON_0277	GravBiter 277	Orinthal	4	ELYTH	caçador de matilha	90	28	21	63	45	vulcânica	eletricidade
EXP_MON_0278	Drake de Zeph 278	Zarim	4	BLESSING	defensor de ninho	91	29	22	64	46	pântano	vento
EXP_MON_0279	Rime Runner 279	Lyrien	5	MANA	necrófago	109	35	27	68	56	costa	som
EXP_MON_0280	Brum Stalker 12	Myrthos	5	NONE	noturno	110	29	23	69	57	caverna	luz
EXP_MON_0281	AsterSpawn 281	Aeloria	5	VELLUM	emboscador	111	30	24	70	58	pradaria	nenhuma evidente
EXP_MON_0282	Maw de Grav 282	Tharun	5	ELYTH	crepuscular	112	31	25	71	59	montanha	frio
EXP_MON_0283	Zeph Howler 283	Nyssara	5	BLESSING	migratório	113	32	26	72	60	deserto	água
EXP_MON_0284	Rime Watcher 12	Valkyrion	5	MANA	oportunista	114	33	27	73	61	região gelada	ferro
EXP_MON_0285	BrumLurker 285	Eshmara	5	NONE	solitário	115	34	23	74	62	estrada	terra
EXP_MON_0286	Shell de Aster 286	Kethruun	5	VELLUM	territorial	103	35	24	75	63	floresta	veneno
EXP_MON_0287	Grav Weaver 287	Orinthal	5	ELYTH	gregário	104	29	25	76	64	planície	sombra
EXP_MON_0288	Zeph Fiend 12	Zarim	6	BLESSING	caçador de matilha	122	35	30	80	74	oceano	fogo
EXP_MON_0289	RimeClaw 289	Lyrien	6	MANA	defensor de ninho	123	36	31	81	58	ruínas	eletricidade
EXP_MON_0290	Beast de Brum 290	Myrthos	6	NONE	necrófago	124	37	27	82	59	vulcânica	vento
EXP_MON_0291	Aster Scale 291	Aeloria	6	VELLUM	noturno	125	38	28	83	60	pântano	som
EXP_MON_0292	Grav Grazer 12	Tharun	6	ELYTH	emboscador	126	39	29	84	61	costa	luz
EXP_MON_0293	ZephTusk 293	Nyssara	6	BLESSING	crepuscular	127	40	30	85	62	caverna	nenhuma evidente
EXP_MON_0294	Monger de Rime 294	Valkyrion	7	MANA	migratório	145	39	35	98	72	pradaria	frio
EXP_MON_0295	Brum Shard 295	Eshmara	7	NONE	oportunista	146	40	31	99	73	montanha	água
EXP_MON_0296	Aster Crawler 12	Kethruun	7	VELLUM	solitário	147	41	32	100	74	deserto	ferro
EXP_MON_0297	GravWarden 297	Orinthal	7	ELYTH	territorial	148	42	33	92	75	região gelada	terra
EXP_MON_0298	Horn de Zeph 298	Zarim	8	BLESSING	gregário	166	48	38	105	85	estrada	veneno
EXP_MON_0299	Rime Mauler 299	Lyrien	8	MANA	caçador de matilha	154	49	39	106	86	floresta	sombra
EXP_MON_0300	Brum Fang 12	Myrthos	0	NONE	defensor de ninho	19	10	3	11	15	planície	fogo
EXP_MON_0301	AsterWisp 301	Aeloria	0	VELLUM	necrófago	20	4	4	12	16	oceano	eletricidade
EXP_MON_0302	Biter de Grav 302	Tharun	0	ELYTH	noturno	21	5	5	13	17	ruínas	vento
EXP_MON_0303	Zeph Drake 303	Nyssara	0	BLESSING	emboscador	22	6	6	14	18	vulcânica	som
EXP_MON_0304	Rime Runner 13	Valkyrion	0	MANA	crepuscular	23	7	7	15	19	pântano	luz
EXP_MON_0305	BrumStalker 305	Eshmara	0	NONE	migratório	24	8	3	16	20	costa	nenhuma evidente
EXP_MON_0306	Spawn de Aster 306	Kethruun	0	VELLUM	oportunista	25	9	4	8	4	caverna	frio
EXP_MON_0307	Grav Maw 307	Orinthal	1	ELYTH	solitário	43	15	9	21	14	pradaria	água
EXP_MON_0308	Zeph Howler 13	Zarim	1	BLESSING	territorial	44	9	10	22	15	montanha	ferro
EXP_MON_0309	RimeWatcher 309	Lyrien	1	MANA	gregário	45	10	11	23	16	deserto	terra
EXP_MON_0310	Lurker de Brum 310	Myrthos	1	NONE	caçador de matilha	46	11	7	24	17	região gelada	veneno
EXP_MON_0311	Aster Shell 311	Aeloria	1	VELLUM	defensor de ninho	47	12	8	25	18	estrada	sombra
EXP_MON_0312	Grav Weaver 13	Tharun	1	ELYTH	necrófago	35	13	9	26	19	floresta	fogo
EXP_MON_0313	ZephFiend 313	Nyssara	1	BLESSING	noturno	36	14	10	27	20	planície	eletricidade
EXP_MON_0314	Claw de Rime 314	Valkyrion	1	MANA	emboscador	37	15	11	28	21	oceano	vento
EXP_MON_0315	Brum Beast 315	Eshmara	1	NONE	crepuscular	38	9	7	20	22	ruínas	som
EXP_MON_0316	Aster Scale 13	Kethruun	1	VELLUM	migratório	39	10	8	21	23	vulcânica	luz
EXP_MON_0317	GravGrazer 317	Orinthal	1	ELYTH	oportunista	40	11	9	22	24	pântano	nenhuma evidente
EXP_MON_0318	Tusk de Zeph 318	Zarim	1	BLESSING	solitário	41	12	10	23	25	costa	frio
EXP_MON_0319	Rime Monger 319	Lyrien	1	MANA	territorial	42	13	11	24	26	caverna	água
EXP_MON_0320	Brum Shard 13	Myrthos	1	NONE	gregário	43	14	7	25	27	pradaria	ferro
EXP_MON_0321	AsterCrawler 321	Aeloria	1	VELLUM	caçador de matilha	44	15	8	26	28	montanha	terra
EXP_MON_0322	Warden de Grav 322	Tharun	1	ELYTH	defensor de ninho	45	9	9	27	29	deserto	veneno
EXP_MON_0323	Zeph Horn 323	Nyssara	1	BLESSING	necrófago	46	10	10	28	13	região gelada	sombra
EXP_MON_0324	Rime Mauler 13	Valkyrion	1	MANA	noturno	47	11	11	20	14	estrada	fogo
EXP_MON_0325	BrumFang 325	Eshmara	2	NONE	emboscador	52	17	11	33	24	floresta	eletricidade
EXP_MON_0326	Wisp de Aster 326	Kethruun	2	VELLUM	crepuscular	53	18	12	34	25	planície	vento
EXP_MON_0327	Grav Biter 327	Orinthal	2	ELYTH	migratório	54	19	13	35	26	oceano	som
EXP_MON_0328	Zeph Drake 14	Zarim	2	BLESSING	oportunista	55	20	14	36	27	ruínas	luz
EXP_MON_0329	RimeRunner 329	Lyrien	2	MANA	solitário	56	14	15	37	28	vulcânica	nenhuma evidente
EXP_MON_0330	Stalker de Brum 330	Myrthos	2	NONE	territorial	57	15	11	38	29	pântano	frio
EXP_MON_0331	Aster Spawn 331	Aeloria	2	VELLUM	gregário	58	16	12	39	30	costa	água
EXP_MON_0332	Grav Maw 14	Tharun	2	ELYTH	caçador de matilha	59	17	13	40	31	caverna	ferro
EXP_MON_0333	ZephHowler 333	Nyssara	2	BLESSING	defensor de ninho	60	18	14	32	32	pradaria	terra
EXP_MON_0334	Watcher de Rime 334	Valkyrion	2	MANA	necrófago	61	19	15	33	33	montanha	veneno
EXP_MON_0335	Brum Lurker 335	Eshmara	2	NONE	noturno	62	20	11	34	34	deserto	sombra
EXP_MON_0336	Aster Shell 14	Kethruun	2	VELLUM	emboscador	63	14	12	35	35	região gelada	fogo
EXP_MON_0337	GravWeaver 337	Orinthal	2	ELYTH	crepuscular	64	15	13	36	36	estrada	eletricidade
EXP_MON_0338	Fiend de Zeph 338	Zarim	2	BLESSING	migratório	52	16	14	37	37	floresta	vento
EXP_MON_0339	Rime Claw 339	Lyrien	2	MANA	oportunista	53	17	15	38	38	planície	som
EXP_MON_0340	Brum Beast 14	Myrthos	2	NONE	solitário	54	18	11	39	22	oceano	luz
EXP_MON_0341	AsterScale 341	Aeloria	2	VELLUM	territorial	55	19	12	40	23	ruínas	nenhuma evidente
EXP_MON_0342	Grazer de Grav 342	Tharun	2	ELYTH	gregário	56	20	13	32	24	vulcânica	frio
EXP_MON_0343	Zeph Tusk 343	Nyssara	2	BLESSING	caçador de matilha	57	14	14	33	25	pântano	água
EXP_MON_0344	Rime Monger 14	Valkyrion	2	MANA	defensor de ninho	58	15	15	34	26	costa	ferro
EXP_MON_0345	BrumShard 345	Eshmara	2	NONE	necrófago	59	16	11	35	27	caverna	terra
EXP_MON_0346	Crawler de Aster 346	Kethruun	2	VELLUM	noturno	60	17	12	36	28	pradaria	veneno
EXP_MON_0347	Grav Warden 347	Orinthal	2	ELYTH	emboscador	61	18	13	37	29	montanha	sombra
EXP_MON_0348	Zeph Horn 14	Zarim	3	BLESSING	crepuscular	79	24	18	50	39	deserto	fogo
EXP_MON_0349	RimeMauler 349	Lyrien	3	MANA	migratório	80	25	19	51	40	região gelada	eletricidade
EXP_MON_0350	Fang de Brum 350	Myrthos	3	NONE	oportunista	81	19	15	52	41	estrada	vento
EXP_MON_0351	Aster Wisp 351	Aeloria	3	VELLUM	solitário	69	20	16	44	42	floresta	som
EXP_MON_0352	Grav Biter 15	Tharun	3	ELYTH	territorial	70	21	17	45	43	planície	luz
EXP_MON_0353	ZephDrake 353	Nyssara	3	BLESSING	gregário	71	22	18	46	44	oceano	nenhuma evidente
EXP_MON_0354	Runner de Rime 354	Valkyrion	3	MANA	caçador de matilha	72	23	19	47	45	ruínas	frio
EXP_MON_0355	Brum Stalker 355	Eshmara	3	NONE	defensor de ninho	73	24	15	48	46	vulcânica	água
EXP_MON_0356	Aster Spawn 15	Kethruun	3	VELLUM	necrófago	74	25	16	49	47	pântano	ferro
EXP_MON_0357	GravMaw 357	Orinthal	3	ELYTH	noturno	75	19	17	50	31	costa	terra
EXP_MON_0358	Howler de Zeph 358	Zarim	3	BLESSING	emboscador	76	20	18	51	32	caverna	veneno
EXP_MON_0359	Rime Watcher 359	Lyrien	3	MANA	crepuscular	77	21	19	52	33	pradaria	sombra
EXP_MON_0360	Brum Lurker 15	Myrthos	3	NONE	migratório	78	22	15	44	34	montanha	fogo
EXP_MON_0361	AsterShell 361	Aeloria	3	VELLUM	oportunista	79	23	16	45	35	deserto	eletricidade
EXP_MON_0362	Weaver de Grav 362	Tharun	3	ELYTH	solitário	80	24	17	46	36	região gelada	vento
EXP_MON_0363	Zeph Fiend 363	Nyssara	3	BLESSING	territorial	81	25	18	47	37	estrada	som
EXP_MON_0364	Rime Claw 15	Valkyrion	3	MANA	gregário	69	19	19	48	38	floresta	luz
EXP_MON_0365	BrumBeast 365	Eshmara	3	NONE	caçador de matilha	70	20	15	49	39	planície	nenhuma evidente
EXP_MON_0366	Scale de Aster 366	Kethruun	3	VELLUM	defensor de ninho	71	21	16	50	40	oceano	frio
EXP_MON_0367	Grav Grazer 367	Orinthal	4	ELYTH	necrófago	89	27	21	63	50	ruínas	água
EXP_MON_0368	Zeph Tusk 15	Zarim	4	BLESSING	noturno	90	28	22	64	51	vulcânica	ferro
EXP_MON_0369	RimeMonger 369	Lyrien	4	MANA	emboscador	91	29	23	56	52	pântano	terra
EXP_MON_0370	Shard de Brum 370	Myrthos	4	NONE	crepuscular	92	30	19	57	53	costa	veneno
EXP_MON_0371	Aster Crawler 371	Aeloria	4	VELLUM	migratório	93	24	20	58	54	caverna	sombra
EXP_MON_0372	Grav Warden 15	Tharun	4	ELYTH	oportunista	94	25	21	59	55	pradaria	fogo
EXP_MON_0373	ZephHorn 373	Nyssara	4	BLESSING	solitário	95	26	22	60	56	montanha	eletricidade
EXP_MON_0374	Mauler de Rime 374	Valkyrion	4	MANA	territorial	96	27	23	61	40	deserto	vento
EXP_MON_0375	Brum Fang 375	Eshmara	4	NONE	gregário	97	28	19	62	41	região gelada	som
EXP_MON_0376	Aster Wisp 16	Kethruun	4	VELLUM	caçador de matilha	98	29	20	63	42	estrada	luz
EXP_MON_0377	GravBiter 377	Orinthal	4	ELYTH	defensor de ninho	86	30	21	64	43	floresta	nenhuma evidente
EXP_MON_0378	Drake de Zeph 378	Zarim	4	BLESSING	necrófago	87	24	22	56	44	planície	frio
EXP_MON_0379	Rime Runner 379	Lyrien	5	MANA	noturno	105	30	27	69	54	oceano	água
EXP_MON_0380	Brum Stalker 16	Myrthos	5	NONE	emboscador	106	31	23	70	55	ruínas	ferro
EXP_MON_0381	AsterSpawn 381	Aeloria	5	VELLUM	crepuscular	107	32	24	71	56	vulcânica	terra
EXP_MON_0382	Maw de Grav 382	Tharun	5	ELYTH	migratório	108	33	25	72	57	pântano	veneno
EXP_MON_0383	Zeph Howler 383	Nyssara	5	BLESSING	oportunista	109	34	26	73	58	costa	sombra
EXP_MON_0384	Rime Watcher 16	Valkyrion	5	MANA	solitário	110	35	27	74	59	caverna	fogo
EXP_MON_0385	BrumLurker 385	Eshmara	5	NONE	territorial	111	29	23	75	60	pradaria	eletricidade
EXP_MON_0386	Shell de Aster 386	Kethruun	5	VELLUM	gregário	112	30	24	76	61	montanha	vento
EXP_MON_0387	Grav Weaver 387	Orinthal	5	ELYTH	caçador de matilha	113	31	25	68	62	deserto	som
EXP_MON_0388	Zeph Fiend 16	Zarim	6	BLESSING	defensor de ninho	131	37	30	81	72	região gelada	luz
EXP_MON_0389	RimeClaw 389	Lyrien	6	MANA	necrófago	132	38	31	82	73	estrada	nenhuma evidente
EXP_MON_0390	Beast de Brum 390	Myrthos	6	NONE	noturno	120	39	27	83	74	floresta	frio
EXP_MON_0391	Aster Scale 391	Aeloria	6	VELLUM	emboscador	121	40	28	84	58	planície	água
EXP_MON_0392	Grav Grazer 16	Tharun	6	ELYTH	crepuscular	122	34	29	85	59	oceano	ferro
EXP_MON_0393	ZephTusk 393	Nyssara	6	BLESSING	migratório	123	35	30	86	60	ruínas	terra
EXP_MON_0394	Monger de Rime 394	Valkyrion	7	MANA	oportunista	141	41	35	99	70	vulcânica	veneno
EXP_MON_0395	Brum Shard 395	Eshmara	7	NONE	solitário	142	42	31	100	71	pântano	sombra
EXP_MON_0396	Aster Crawler 16	Kethruun	7	VELLUM	territorial	143	43	32	92	72	costa	fogo
EXP_MON_0397	GravWarden 397	Orinthal	7	ELYTH	gregário	144	44	33	93	73	caverna	eletricidade
EXP_MON_0398	Horn de Zeph 398	Zarim	8	BLESSING	caçador de matilha	162	50	38	106	83	pradaria	vento
EXP_MON_0399	Rime Mauler 399	Lyrien	8	MANA	defensor de ninho	163	44	39	107	84	montanha	som
EXP_MON_0400	Brum Fang 16	Myrthos	0	NONE	necrófago	28	5	3	12	13	deserto	luz
EXP_MON_0401	AsterWisp 401	Aeloria	0	VELLUM	noturno	29	6	4	13	14	região gelada	nenhuma evidente
EXP_MON_0402	Biter de Grav 402	Tharun	0	ELYTH	emboscador	30	7	5	14	15	estrada	frio
EXP_MON_0403	Zeph Drake 403	Nyssara	0	BLESSING	crepuscular	18	8	6	15	16	floresta	água
EXP_MON_0404	Rime Runner 17	Valkyrion	0	MANA	migratório	19	9	7	16	17	planície	ferro
EXP_MON_0405	BrumStalker 405	Eshmara	0	NONE	oportunista	20	10	3	8	18	oceano	terra
EXP_MON_0406	Spawn de Aster 406	Kethruun	0	VELLUM	solitário	21	4	4	9	19	ruínas	veneno
EXP_MON_0407	Grav Maw 407	Orinthal	1	ELYTH	territorial	39	10	9	22	29	vulcânica	sombra
EXP_MON_0408	Zeph Howler 17	Zarim	1	BLESSING	gregário	40	11	10	23	13	pântano	fogo
EXP_MON_0409	RimeWatcher 409	Lyrien	1	MANA	caçador de matilha	41	12	11	24	14	costa	eletricidade
EXP_MON_0410	Lurker de Brum 410	Myrthos	1	NONE	defensor de ninho	42	13	7	25	15	caverna	vento
EXP_MON_0411	Aster Shell 411	Aeloria	1	VELLUM	necrófago	43	14	8	26	16	pradaria	som
EXP_MON_0412	Grav Weaver 17	Tharun	1	ELYTH	noturno	44	15	9	27	17	montanha	luz
EXP_MON_0413	ZephFiend 413	Nyssara	1	BLESSING	emboscador	45	9	10	28	18	deserto	nenhuma evidente
EXP_MON_0414	Claw de Rime 414	Valkyrion	1	MANA	crepuscular	46	10	11	20	19	região gelada	frio
EXP_MON_0415	Brum Beast 415	Eshmara	1	NONE	migratório	47	11	7	21	20	estrada	água
EXP_MON_0416	Aster Scale 17	Kethruun	1	VELLUM	oportunista	35	12	8	22	21	floresta	ferro
EXP_MON_0417	GravGrazer 417	Orinthal	1	ELYTH	solitário	36	13	9	23	22	planície	terra
EXP_MON_0418	Tusk de Zeph 418	Zarim	1	BLESSING	territorial	37	14	10	24	23	oceano	veneno
EXP_MON_0419	Rime Monger 419	Lyrien	1	MANA	gregário	38	15	11	25	24	ruínas	sombra
EXP_MON_0420	Brum Shard 17	Myrthos	1	NONE	caçador de matilha	39	9	7	26	25	vulcânica	fogo
EXP_MON_0421	AsterCrawler 421	Aeloria	1	VELLUM	defensor de ninho	40	10	8	27	26	pântano	eletricidade
EXP_MON_0422	Warden de Grav 422	Tharun	1	ELYTH	necrófago	41	11	9	28	27	costa	vento
EXP_MON_0423	Zeph Horn 423	Nyssara	1	BLESSING	noturno	42	12	10	20	28	caverna	som
EXP_MON_0424	Rime Mauler 17	Valkyrion	1	MANA	emboscador	43	13	11	21	29	pradaria	luz
EXP_MON_0425	BrumFang 425	Eshmara	2	NONE	crepuscular	61	19	11	34	22	montanha	nenhuma evidente
EXP_MON_0426	Wisp de Aster 426	Kethruun	2	VELLUM	migratório	62	20	12	35	23	deserto	frio
EXP_MON_0427	Grav Biter 427	Orinthal	2	ELYTH	oportunista	63	14	13	36	24	região gelada	água
EXP_MON_0428	Zeph Drake 18	Zarim	2	BLESSING	solitário	64	15	14	37	25	estrada	ferro
EXP_MON_0429	RimeRunner 429	Lyrien	2	MANA	territorial	52	16	15	38	26	floresta	terra
EXP_MON_0430	Stalker de Brum 430	Myrthos	2	NONE	gregário	53	17	11	39	27	planície	veneno
EXP_MON_0431	Aster Spawn 431	Aeloria	2	VELLUM	caçador de matilha	54	18	12	40	28	oceano	sombra
EXP_MON_0432	Grav Maw 18	Tharun	2	ELYTH	defensor de ninho	55	19	13	32	29	ruínas	fogo
EXP_MON_0433	ZephHowler 433	Nyssara	2	BLESSING	necrófago	56	20	14	33	30	vulcânica	eletricidade
EXP_MON_0434	Watcher de Rime 434	Valkyrion	2	MANA	noturno	57	14	15	34	31	pântano	vento
EXP_MON_0435	Brum Lurker 435	Eshmara	2	NONE	emboscador	58	15	11	35	32	costa	som
EXP_MON_0436	Aster Shell 18	Kethruun	2	VELLUM	crepuscular	59	16	12	36	33	caverna	luz
EXP_MON_0437	GravWeaver 437	Orinthal	2	ELYTH	migratório	60	17	13	37	34	pradaria	nenhuma evidente
EXP_MON_0438	Fiend de Zeph 438	Zarim	2	BLESSING	oportunista	61	18	14	38	35	montanha	frio
EXP_MON_0439	Rime Claw 439	Lyrien	2	MANA	solitário	62	19	15	39	36	deserto	água
EXP_MON_0440	Brum Beast 18	Myrthos	2	NONE	territorial	63	20	11	40	37	região gelada	ferro
EXP_MON_0441	AsterScale 441	Aeloria	2	VELLUM	gregário	64	14	12	32	38	estrada	terra
EXP_MON_0442	Grazer de Grav 442	Tharun	2	ELYTH	caçador de matilha	52	15	13	33	22	floresta	veneno
EXP_MON_0443	Zeph Tusk 443	Nyssara	2	BLESSING	defensor de ninho	53	16	14	34	23	planície	sombra
EXP_MON_0444	Rime Monger 18	Valkyrion	2	MANA	necrófago	54	17	15	35	24	oceano	fogo
EXP_MON_0445	BrumShard 445	Eshmara	2	NONE	noturno	55	18	11	36	25	ruínas	eletricidade
EXP_MON_0446	Crawler de Aster 446	Kethruun	2	VELLUM	emboscador	56	19	12	37	26	vulcânica	vento
EXP_MON_0447	Grav Warden 447	Orinthal	2	ELYTH	crepuscular	57	20	13	38	27	pântano	som
EXP_MON_0448	Zeph Horn 18	Zarim	3	BLESSING	migratório	75	19	18	51	37	costa	luz
EXP_MON_0449	RimeMauler 449	Lyrien	3	MANA	oportunista	76	20	19	52	38	caverna	nenhuma evidente
EXP_MON_0450	Fang de Brum 450	Myrthos	3	NONE	solitário	77	21	15	44	39	pradaria	frio
EXP_MON_0451	Aster Wisp 451	Aeloria	3	VELLUM	territorial	78	22	16	45	40	montanha	água
EXP_MON_0452	Grav Biter 19	Tharun	3	ELYTH	gregário	79	23	17	46	41	deserto	ferro
EXP_MON_0453	ZephDrake 453	Nyssara	3	BLESSING	caçador de matilha	80	24	18	47	42	região gelada	terra
EXP_MON_0454	Runner de Rime 454	Valkyrion	3	MANA	defensor de ninho	81	25	19	48	43	estrada	veneno
EXP_MON_0455	Brum Stalker 455	Eshmara	3	NONE	necrófago	69	19	15	49	44	floresta	sombra
EXP_MON_0456	Aster Spawn 19	Kethruun	3	VELLUM	noturno	70	20	16	50	45	planície	fogo
EXP_MON_0457	GravMaw 457	Orinthal	3	ELYTH	emboscador	71	21	17	51	46	oceano	eletricidade
EXP_MON_0458	Howler de Zeph 458	Zarim	3	BLESSING	crepuscular	72	22	18	52	47	ruínas	vento
EXP_MON_0459	Rime Watcher 459	Lyrien	3	MANA	migratório	73	23	19	44	31	vulcânica	som
EXP_MON_0460	Brum Lurker 19	Myrthos	3	NONE	oportunista	74	24	15	45	32	pântano	luz
EXP_MON_0461	AsterShell 461	Aeloria	3	VELLUM	solitário	75	25	16	46	33	costa	nenhuma evidente
EXP_MON_0462	Weaver de Grav 462	Tharun	3	ELYTH	territorial	76	19	17	47	34	caverna	frio
EXP_MON_0463	Zeph Fiend 463	Nyssara	3	BLESSING	gregário	77	20	18	48	35	pradaria	água
EXP_MON_0464	Rime Claw 19	Valkyrion	3	MANA	caçador de matilha	78	21	19	49	36	montanha	ferro
EXP_MON_0465	BrumBeast 465	Eshmara	3	NONE	defensor de ninho	79	22	15	50	37	deserto	terra
EXP_MON_0466	Scale de Aster 466	Kethruun	3	VELLUM	necrófago	80	23	16	51	38	região gelada	veneno
EXP_MON_0467	Grav Grazer 467	Orinthal	4	ELYTH	noturno	98	29	21	64	48	estrada	sombra
EXP_MON_0468	Zeph Tusk 19	Zarim	4	BLESSING	emboscador	86	30	22	56	49	floresta	fogo
EXP_MON_0469	RimeMonger 469	Lyrien	4	MANA	crepuscular	87	24	23	57	50	planície	eletricidade
EXP_MON_0470	Shard de Brum 470	Myrthos	4	NONE	migratório	88	25	19	58	51	oceano	vento
EXP_MON_0471	Aster Crawler 471	Aeloria	4	VELLUM	oportunista	89	26	20	59	52	ruínas	som
EXP_MON_0472	Grav Warden 19	Tharun	4	ELYTH	solitário	90	27	21	60	53	vulcânica	luz
EXP_MON_0473	ZephHorn 473	Nyssara	4	BLESSING	territorial	91	28	22	61	54	pântano	nenhuma evidente
EXP_MON_0474	Mauler de Rime 474	Valkyrion	4	MANA	gregário	92	29	23	62	55	costa	frio
EXP_MON_0475	Brum Fang 475	Eshmara	4	NONE	caçador de matilha	93	30	19	63	56	caverna	água
EXP_MON_0476	Aster Wisp 20	Kethruun	4	VELLUM	defensor de ninho	94	24	20	64	40	pradaria	ferro
EXP_MON_0477	GravBiter 477	Orinthal	4	ELYTH	necrófago	95	25	21	56	41	montanha	terra
EXP_MON_0478	Drake de Zeph 478	Zarim	4	BLESSING	noturno	96	26	22	57	42	deserto	veneno
EXP_MON_0479	Rime Runner 479	Lyrien	5	MANA	emboscador	114	32	27	70	52	região gelada	sombra
EXP_MON_0480	Brum Stalker 20	Myrthos	5	NONE	crepuscular	115	33	23	71	53	estrada	fogo
EXP_MON_0481	AsterSpawn 481	Aeloria	5	VELLUM	migratório	103	34	24	72	54	floresta	eletricidade
EXP_MON_0482	Maw de Grav 482	Tharun	5	ELYTH	oportunista	104	35	25	73	55	planície	vento
EXP_MON_0483	Zeph Howler 483	Nyssara	5	BLESSING	solitário	105	29	26	74	56	oceano	som
EXP_MON_0484	Rime Watcher 20	Valkyrion	5	MANA	territorial	106	30	27	75	57	ruínas	luz
EXP_MON_0485	BrumLurker 485	Eshmara	5	NONE	gregário	107	31	23	76	58	vulcânica	nenhuma evidente
EXP_MON_0486	Shell de Aster 486	Kethruun	5	VELLUM	caçador de matilha	108	32	24	68	59	pântano	frio
EXP_MON_0487	Grav Weaver 487	Orinthal	5	ELYTH	defensor de ninho	109	33	25	69	60	costa	água
EXP_MON_0488	Zeph Fiend 20	Zarim	6	BLESSING	necrófago	127	39	30	82	70	caverna	ferro
EXP_MON_0489	RimeClaw 489	Lyrien	6	MANA	noturno	128	40	31	83	71	pradaria	terra
EXP_MON_0490	Beast de Brum 490	Myrthos	6	NONE	emboscador	129	34	27	84	72	montanha	veneno
EXP_MON_0491	Aster Scale 491	Aeloria	6	VELLUM	crepuscular	130	35	28	85	73	deserto	sombra
EXP_MON_0492	Grav Grazer 20	Tharun	6	ELYTH	migratório	131	36	29	86	74	região gelada	fogo
EXP_MON_0493	ZephTusk 493	Nyssara	6	BLESSING	oportunista	132	37	30	87	58	estrada	eletricidade
EXP_MON_0494	Monger de Rime 494	Valkyrion	7	MANA	solitário	137	43	35	100	68	floresta	vento
EXP_MON_0495	Brum Shard 495	Eshmara	7	NONE	territorial	138	44	31	92	69	planície	som
EXP_MON_0496	Aster Crawler 20	Kethruun	7	VELLUM	gregário	139	45	32	93	70	oceano	luz
EXP_MON_0497	GravWarden 497	Orinthal	7	ELYTH	caçador de matilha	140	39	33	94	71	ruínas	nenhuma evidente
EXP_MON_0498	Horn de Zeph 498	Zarim	8	BLESSING	defensor de ninho	158	45	38	107	81	vulcânica	frio
EXP_MON_0499	Rime Mauler 499	Lyrien	8	MANA	necrófago	159	46	39	108	82	pântano	água
EXP_MON_0500	Brum Fang 20	Myrthos	0	NONE	noturno	24	7	3	13	11	costa	ferro
EXP_MON_0501	AsterWisp 501	Aeloria	0	VELLUM	emboscador	25	8	4	14	12	caverna	terra
EXP_MON_0502	Biter de Grav 502	Tharun	0	ELYTH	crepuscular	26	9	5	15	13	pradaria	veneno
EXP_MON_0503	Zeph Drake 503	Nyssara	0	BLESSING	migratório	27	10	6	16	14	montanha	sombra
EXP_MON_0504	Rime Runner 21	Valkyrion	0	MANA	oportunista	28	4	7	8	15	deserto	fogo
EXP_MON_0505	BrumStalker 505	Eshmara	0	NONE	solitário	29	5	3	9	16	região gelada	eletricidade
EXP_MON_0506	Spawn de Aster 506	Kethruun	0	VELLUM	territorial	30	6	4	10	17	estrada	vento
EXP_MON_0507	Grav Maw 507	Orinthal	1	ELYTH	gregário	35	12	9	23	27	floresta	som
EXP_MON_0508	Zeph Howler 21	Zarim	1	BLESSING	caçador de matilha	36	13	10	24	28	planície	luz
EXP_MON_0509	RimeWatcher 509	Lyrien	1	MANA	defensor de ninho	37	14	11	25	29	oceano	nenhuma evidente
EXP_MON_0510	Lurker de Brum 510	Myrthos	1	NONE	necrófago	38	15	7	26	13	ruínas	frio
EXP_MON_0511	Aster Shell 511	Aeloria	1	VELLUM	noturno	39	9	8	27	14	vulcânica	água
EXP_MON_0512	Grav Weaver 21	Tharun	1	ELYTH	emboscador	40	10	9	28	15	pântano	ferro
EXP_MON_0513	ZephFiend 513	Nyssara	1	BLESSING	crepuscular	41	11	10	20	16	costa	terra
EXP_MON_0514	Claw de Rime 514	Valkyrion	1	MANA	migratório	42	12	11	21	17	caverna	veneno
EXP_MON_0515	Brum Beast 515	Eshmara	1	NONE	oportunista	43	13	7	22	18	pradaria	sombra
EXP_MON_0516	Aster Scale 21	Kethruun	1	VELLUM	solitário	44	14	8	23	19	montanha	fogo
EXP_MON_0517	GravGrazer 517	Orinthal	1	ELYTH	territorial	45	15	9	24	20	deserto	eletricidade
EXP_MON_0518	Tusk de Zeph 518	Zarim	1	BLESSING	gregário	46	9	10	25	21	região gelada	vento
EXP_MON_0519	Rime Monger 519	Lyrien	1	MANA	caçador de matilha	47	10	11	26	22	estrada	som
EXP_MON_0520	Brum Shard 21	Myrthos	1	NONE	defensor de ninho	35	11	7	27	23	floresta	luz
EXP_MON_0521	AsterCrawler 521	Aeloria	1	VELLUM	necrófago	36	12	8	28	24	planície	nenhuma evidente
EXP_MON_0522	Warden de Grav 522	Tharun	1	ELYTH	noturno	37	13	9	20	25	oceano	frio
EXP_MON_0523	Zeph Horn 523	Nyssara	1	BLESSING	emboscador	38	14	10	21	26	ruínas	água
EXP_MON_0524	Rime Mauler 21	Valkyrion	1	MANA	crepuscular	39	15	11	22	27	vulcânica	ferro
EXP_MON_0525	BrumFang 525	Eshmara	2	NONE	migratório	57	14	11	35	37	pântano	terra
EXP_MON_0526	Wisp de Aster 526	Kethruun	2	VELLUM	oportunista	58	15	12	36	38	costa	veneno
EXP_MON_0527	Grav Biter 527	Orinthal	2	ELYTH	solitário	59	16	13	37	22	caverna	sombra
EXP_MON_0528	Zeph Drake 22	Zarim	2	BLESSING	territorial	60	17	14	38	23	pradaria	fogo
EXP_MON_0529	RimeRunner 529	Lyrien	2	MANA	gregário	61	18	15	39	24	montanha	eletricidade
EXP_MON_0530	Stalker de Brum 530	Myrthos	2	NONE	caçador de matilha	62	19	11	40	25	deserto	vento
EXP_MON_0531	Aster Spawn 531	Aeloria	2	VELLUM	defensor de ninho	63	20	12	32	26	região gelada	som
EXP_MON_0532	Grav Maw 22	Tharun	2	ELYTH	necrófago	64	14	13	33	27	estrada	luz
EXP_MON_0533	ZephHowler 533	Nyssara	2	BLESSING	noturno	52	15	14	34	28	floresta	nenhuma evidente
EXP_MON_0534	Watcher de Rime 534	Valkyrion	2	MANA	emboscador	53	16	15	35	29	planície	frio
EXP_MON_0535	Brum Lurker 535	Eshmara	2	NONE	crepuscular	54	17	11	36	30	oceano	água
EXP_MON_0536	Aster Shell 22	Kethruun	2	VELLUM	migratório	55	18	12	37	31	ruínas	ferro
EXP_MON_0537	GravWeaver 537	Orinthal	2	ELYTH	oportunista	56	19	13	38	32	vulcânica	terra
EXP_MON_0538	Fiend de Zeph 538	Zarim	2	BLESSING	solitário	57	20	14	39	33	pântano	veneno
EXP_MON_0539	Rime Claw 539	Lyrien	2	MANA	territorial	58	14	15	40	34	costa	sombra
EXP_MON_0540	Brum Beast 22	Myrthos	2	NONE	gregário	59	15	11	32	35	caverna	fogo
EXP_MON_0541	AsterScale 541	Aeloria	2	VELLUM	caçador de matilha	60	16	12	33	36	pradaria	eletricidade
EXP_MON_0542	Grazer de Grav 542	Tharun	2	ELYTH	defensor de ninho	61	17	13	34	37	montanha	vento
EXP_MON_0543	Zeph Tusk 543	Nyssara	2	BLESSING	necrófago	62	18	14	35	38	deserto	som
EXP_MON_0544	Rime Monger 22	Valkyrion	2	MANA	noturno	63	19	15	36	22	região gelada	luz
EXP_MON_0545	BrumShard 545	Eshmara	2	NONE	emboscador	64	20	11	37	23	estrada	nenhuma evidente
EXP_MON_0546	Crawler de Aster 546	Kethruun	2	VELLUM	crepuscular	52	14	12	38	24	floresta	frio
EXP_MON_0547	Grav Warden 547	Orinthal	2	ELYTH	migratório	53	15	13	39	25	planície	água
EXP_MON_0548	Zeph Horn 22	Zarim	3	BLESSING	oportunista	71	21	18	52	35	oceano	ferro
EXP_MON_0549	RimeMauler 549	Lyrien	3	MANA	solitário	72	22	19	44	36	ruínas	terra
EXP_MON_0550	Fang de Brum 550	Myrthos	3	NONE	territorial	73	23	15	45	37	vulcânica	veneno
AEL_MON_0082	Glimmer Maior Rat	Aeloria	6	ELYTH	gregário	130	39	30	81	68	planície	som
AEL_MON_0084	Dawn Alado Nightmare	Aeloria	1	VELLUM	solitário	44	10	9	26	16	pântano	som
AEL_MON_0086	Wyrd Antigo Werebeast	Aeloria	1	ELYTH	protetor de ninho	49	10	9	26	21	montanha	trevas
AEL_MON_0088	Thorn de Cinzas Bat	Aeloria	3	ELYTH	errante	79	19	15	46	41	montanha	luz
AEL_MON_0090	Riven Devastador Spider	Aeloria	2	PRIMAL	inteligente e cauteloso	48	19	15	39	24	pântano	trevas
AEL_MON_0092	Star Guardião Angel	Aeloria	1	PRIMAL	protetor de ninho	34	10	8	23	20	pântano	fogo
AEL_MON_0094	Mire Corrompido Kobold	Aeloria	3	PRIMAL	protetor de ninho	66	20	18	51	35	montanha	trevas
AEL_MON_0096	Fey de Lua Sprite	Aeloria	1	ELYTH	inteligente e cauteloso	43	12	7	20	21	montanha	terra
AEL_MON_0098	Moon de Cinzas Golem	Aeloria	0	ELYTH	gregário	21	7	7	16	9	estrada	terra
AEL_MON_0100	Cinder de Raiz Wyvern	Aeloria	3	ELYTH	caçador de matilha	81	20	19	51	38	colina	eletricidade
AEL_MON_0102	Briar Glacial Centaur	Aeloria	0	NONE	gregário	20	8	5	11	4	caverna	eletricidade
AEL_MON_0104	Mist Voraz Boar	Aeloria	4	PRIMAL	predador noturno	98	28	20	57	48	montanha	vento
AEL_MON_0106	Riven Real Kobold	Aeloria	2	ELYTH	protetor de ninho	57	18	14	32	27	pântano	gelo
AEL_MON_0108	Elder de Cinzas Direhound	Aeloria	6	PRIMAL	protetor de ninho	115	39	30	85	67	montanha	vento
AEL_MON_0110	Dawn Cristalino Orc	Aeloria	1	PRIMAL	emboscador	37	9	10	25	17	colina	água
AEL_MON_0112	Ash Abissal Ogre	Aeloria	0	VELLUM	solitário	31	9	3	14	4	colina	vento
AEL_MON_0114	Riven Pequeno Sprite	Aeloria	5	ELYTH	solitário	104	32	23	72	59	pântano	vento
AEL_MON_0116	Ash Flamejante Mooncalf	Aeloria	0	PRIMAL	territorial	21	4	7	10	4	colina	água
AEL_MON_0118	Ash Silvestre Leviathan	Aeloria	4	PRIMAL	gregário	87	29	23	59	40	ruína	veneno
AEL_MON_0120	Cinder Feral Elemental	Aeloria	5	MANA	predador noturno	100	33	23	74	59	ruína	vento
AEL_MON_0122	Elder Pequeno Orc	Aeloria	2	VELLUM	errante	62	16	11	33	27	planície	veneno
AEL_MON_0124	Moon Rúnico Vampire	Aeloria	0	PRIMAL	gregário	25	4	6	15	13	planície	fogo
AEL_MON_0126	Oak de Espinhos Golem	Aeloria	3	ELYTH	predador noturno	66	23	19	45	32	ruína	eletricidade
AEL_MON_0128	Verdant de Lua Vampire	Aeloria	0	MANA	caçador de matilha	26	9	4	13	8	planície	gelo
AEL_MON_0130	Grande Dragão Desperto	Aeloria	9	VELLUM	entidade ancestral; devastador	1800	135	110	2500	2000	montanha	luz
AEL_MON_0132	Elder Luminoso Nightmare	Aeloria	2	PRIMAL	protetor de ninho	54	16	15	32	32	ruína	som
AEL_MON_0134	Wyrd de Raiz Mantis	Aeloria	3	VELLUM	errante	73	21	17	44	33	montanha	gelo
AEL_MON_0136	Wyrd Pequeno Unicorn	Aeloria	7	NONE	solitário	133	39	33	93	75	colina	trevas
AEL_MON_0138	Moon de Lua Unicorn	Aeloria	2	ELYTH	territorial	57	19	11	40	22	montanha	eletricidade
AEL_MON_0140	Moon de Ferro Fairy	Aeloria	1	MANA	gregário	44	9	7	25	18	planície	água
AEL_MON_0142	Mist Cristalino Minotaur	Aeloria	0	VELLUM	errante	16	6	4	16	11	pântano	trevas
AEL_MON_0144	Wyrd de Sol Centaur	Aeloria	0	MANA	caçador de matilha	34	5	6	10	6	montanha	gelo
AEL_MON_0146	Mire Pequeno Lich	Aeloria	1	PRIMAL	territorial	42	14	7	26	20	colina	luz
AEL_MON_0148	Briar Maior Sprite	Aeloria	2	VELLUM	emboscador	55	14	12	37	28	colina	eletricidade
AEL_MON_0150	Verdant de Névoa Wolf	Aeloria	1	PRIMAL	gregário	45	11	7	28	22	montanha	gelo
AEL_MON_0152	Silver Flamejante Salamander	Aeloria	5	VELLUM	protetor de ninho	113	30	27	69	54	colina	água
AEL_MON_0154	Gale de Sangue Specter	Aeloria	4	PRIMAL	caçador de matilha	90	24	21	56	41	planície	eletricidade
AEL_MON_0156	Elder de Trovão Ogre	Aeloria	3	PRIMAL	solitário	81	19	17	47	40	ruína	terra
AEL_MON_0158	Star Cristalino Drake	Aeloria	3	ELYTH	caçador de matilha	80	22	17	47	31	estrada	som
AEL_MON_0160	Verdant Rúnico Stag	Aeloria	2	VELLUM	emboscador	50	18	13	40	30	pântano	terra
AEL_MON_0162	Dawn Guardião Colossus	Aeloria	1	VELLUM	predador noturno	40	14	11	28	19	caverna	eletricidade
AEL_MON_0164	Mire de Pedra Toad	Aeloria	1	VELLUM	predador noturno	36	11	7	21	13	pântano	gelo
AEL_MON_0166	Thorn Jovem Wyvern	Aeloria	1	PRIMAL	errante	33	9	9	20	20	floresta	gelo
AEL_MON_0168	Hollow Real Spider	Aeloria	7	VELLUM	caçador de matilha	132	42	33	95	70	estrada	água
AEL_MON_0170	Star Corrompido Revenant	Aeloria	5	PRIMAL	inteligente e cauteloso	98	29	26	74	52	floresta	som
AEL_MON_0172	Oak de Névoa Treant	Aeloria	2	ELYTH	errante	51	18	13	37	23	planície	som
AEL_MON_0174	Elder Corrompido Angel	Aeloria	5	PRIMAL	errante	98	31	27	68	53	pântano	eletricidade
AEL_MON_0176	Ash Glacial Serpent	Aeloria	3	PRIMAL	inteligente e cauteloso	78	19	16	49	36	floresta	trevas
AEL_MON_0178	Moon Feral Mooncalf	Aeloria	7	MANA	caçador de matilha	131	40	35	98	73	montanha	trevas
AEL_MON_0180	Mist Real Lich	Aeloria	2	VELLUM	caçador de matilha	62	17	13	33	31	floresta	vento
AEL_MON_0182	Verdant Alado Rat	Aeloria	2	MANA	inteligente e cauteloso	51	16	15	33	23	pântano	vento
AEL_MON_0184	Star de Lua Griffin	Aeloria	8	PRIMAL	predador noturno	154	47	36	105	80	estrada	gelo
AEL_MON_0186	Star de Névoa Kraken	Aeloria	3	VELLUM	protetor de ninho	70	22	18	50	34	colina	fogo
AEL_MON_0188	Verdant Venenoso Centaur	Aeloria	1	VELLUM	gregário	47	10	10	27	23	floresta	água
AEL_MON_0190	Mire Venenoso Ogre	Aeloria	0	MANA	errante	29	7	5	12	13	caverna	gelo
AEL_MON_0192	Mist de Sol Toad	Aeloria	4	VELLUM	caçador de matilha	98	24	20	57	44	floresta	vento
AEL_MON_0194	Elder de Névoa Colossus	Aeloria	2	MANA	emboscador	66	18	11	39	32	floresta	água
AEL_MON_0196	Thorn Antigo Rat	Aeloria	5	VELLUM	territorial	112	33	23	74	56	caverna	luz
AEL_MON_0198	Glimmer Antigo Basilisk	Aeloria	1	MANA	predador noturno	47	9	11	25	13	floresta	fogo
AEL_MON_0200	Fey Devastador Golem	Aeloria	0	VELLUM	caçador de matilha	25	8	4	15	10	montanha	gelo
AEL_MON_0202	Moon Venenoso Rakshasa	Aeloria	2	NONE	emboscador	49	14	14	32	27	montanha	gelo
AEL_MON_0204	Glimmer de Névoa Wraith	Aeloria	3	MANA	solitário	71	24	16	44	35	caverna	gelo
AEL_MON_0206	Fey Maior Revenant	Aeloria	3	MANA	solitário	65	23	16	45	35	montanha	terra
AEL_MON_0208	Thorn Abissal Demon	Aeloria	0	PRIMAL	inteligente e cauteloso	23	8	3	12	9	ruína	fogo
AEL_MON_0210	Dawn de Raiz Bear	Aeloria	1	MANA	errante	46	14	9	22	17	floresta	fogo
AEL_MON_0212	Elder de Sangue Werebeast	Aeloria	6	NONE	errante	116	38	27	82	60	floresta	som
AEL_MON_0214	Fey Tempestuoso Ogre	Aeloria	2	PRIMAL	caçador de matilha	53	18	12	36	29	estrada	som
AEL_MON_0216	Riven de Maré Harpy	Aeloria	1	ELYTH	predador noturno	44	13	7	21	14	colina	luz
AEL_MON_0218	Hollow de Pedra Sprite	Aeloria	4	VELLUM	errante	89	29	23	57	41	caverna	gelo
AEL_MON_0220	Verdant de Raiz Nightmare	Aeloria	2	VELLUM	errante	65	16	13	40	30	planície	fogo
AEL_MON_0222	Glimmer Guardião Naga	Aeloria	0	PRIMAL	predador noturno	25	8	6	14	9	planície	terra
AEL_MON_0224	Star Luminoso Orc	Aeloria	8	NONE	solitário	157	45	35	104	81	floresta	terra
AEL_MON_0226	Lun de Maré Mooncalf	Aeloria	2	PRIMAL	territorial	65	15	11	38	23	estrada	trevas
AEL_MON_0228	Cinder de Trovão Manticores	Aeloria	3	NONE	gregário	79	22	19	46	37	pântano	veneno
AEL_MON_0230	Gale Ancestral Unicorn	Aeloria	2	PRIMAL	solitário	58	15	12	35	29	caverna	eletricidade
AEL_MON_0232	Star Corrompido Sprite	Aeloria	2	ELYTH	predador noturno	49	14	13	33	30	estrada	veneno
AEL_MON_0234	Dawn Silvestre Dryad	Aeloria	7	PRIMAL	predador noturno	142	39	35	100	74	estrada	gelo
AEL_MON_0236	Lun Jovem Mooncalf	Aeloria	7	ELYTH	errante	143	39	34	97	77	caverna	veneno
AEL_MON_0238	Cinder de Névoa Centaur	Aeloria	2	PRIMAL	protetor de ninho	54	16	12	38	26	floresta	som
AEL_MON_0240	Cinder Glacial Direhound	Aeloria	4	PRIMAL	emboscador	93	25	19	62	44	montanha	terra
AEL_MON_0242	Thorn Feral Griffin	Aeloria	4	ELYTH	protetor de ninho	96	29	20	58	42	floresta	terra
AEL_MON_0244	Ash de Sangue Kobold	Aeloria	0	ELYTH	errante	28	9	7	13	7	pântano	veneno
AEL_MON_0246	Briar Pequeno Rakshasa	Aeloria	6	PRIMAL	errante	120	37	27	80	65	colina	veneno
AEL_MON_0248	Mire Alado Mooncalf	Aeloria	2	MANA	errante	53	17	12	39	32	ruína	veneno
AEL_MON_0250	Mist Sombrio Wyrm	Aeloria	3	NONE	territorial	70	23	16	50	31	pântano	terra
AEL_MON_0252	Mist Cristalino Angel	Aeloria	2	NONE	emboscador	62	18	11	32	22	floresta	veneno
AEL_MON_0254	Hollow Devastador Direhound	Aeloria	0	NONE	emboscador	23	4	7	16	9	pântano	eletricidade
AEL_MON_0256	Verdant de Raiz Boar	Aeloria	2	NONE	caçador de matilha	49	17	13	38	26	pântano	luz
AEL_MON_0258	Dawn de Sol Toad	Aeloria	1	VELLUM	predador noturno	32	12	7	24	18	caverna	vento
AEL_MON_0260	Mire Rúnico Demon	Aeloria	1	PRIMAL	caçador de matilha	33	9	9	20	17	planície	trevas
AEL_MON_0262	Lun de Pedra Centaur	Aeloria	1	ELYTH	solitário	32	14	8	27	23	colina	água
AEL_MON_0264	Verdant Pequeno Mimic	Aeloria	2	ELYTH	emboscador	55	16	12	34	32	caverna	trevas
AEL_MON_0266	Lun Glacial Demon	Aeloria	0	ELYTH	territorial	23	9	6	12	6	ruína	terra
AEL_MON_0268	Riven Sombrio Lich	Aeloria	4	NONE	emboscador	88	24	19	61	43	floresta	luz
AEL_MON_0270	Riven Sagrado Hydra	Aeloria	6	VELLUM	solitário	113	36	30	88	66	pântano	gelo
AEL_MON_0272	Dawn de Pedra Lynx	Aeloria	2	NONE	emboscador	49	19	12	40	29	estrada	terra
AEL_MON_0274	Dawn Rúnico Basilisk	Aeloria	3	ELYTH	emboscador	81	24	17	49	32	pântano	som
AEL_MON_0276	Verdant Silvestre Dryad	Aeloria	0	ELYTH	solitário	20	8	5	16	5	ruína	som
AEL_MON_0278	Silver Devastador Griffin	Aeloria	1	MANA	solitário	39	11	7	25	22	colina	veneno
AEL_MON_0280	Briar Sombrio Mantis	Aeloria	1	ELYTH	solitário	36	9	9	21	15	montanha	terra
AEL_MON_0282	Fey de Ferro Lynx	Aeloria	1	NONE	gregário	47	12	7	21	23	estrada	trevas
AEL_MON_0284	Oak Guardião Direhound	Aeloria	2	MANA	territorial	66	16	14	32	26	estrada	fogo
AEL_MON_0286	Moon Rúnico Golem	Aeloria	4	VELLUM	protetor de ninho	80	28	19	63	49	estrada	terra
AEL_MON_0288	Briar Blindado Griffin	Aeloria	4	PRIMAL	predador noturno	89	28	20	56	44	montanha	eletricidade
AEL_MON_0290	Gale de Névoa Slime	Aeloria	5	NONE	territorial	100	32	23	69	54	ruína	terra
AEL_MON_0292	Cinder Antigo Wyrm	Aeloria	6	MANA	gregário	130	39	29	83	66	ruína	gelo
AEL_MON_0294	Star de Ferro Sprite	Aeloria	2	MANA	gregário	60	14	11	36	23	colina	vento
AEL_MON_0296	Gale de Sol Minotaur	Aeloria	7	NONE	emboscador	137	42	32	97	73	caverna	gelo
AEL_MON_0298	Fey Alado Unicorn	Aeloria	2	ELYTH	territorial	52	19	13	34	27	estrada	vento
AEL_MON_0300	Briar Rúnico Djinn	Aeloria	3	PRIMAL	territorial	67	24	16	46	36	pântano	gelo
AEL_MON_0302	Wyrd Jovem Rakshasa	Aeloria	2	NONE	protetor de ninho	58	14	15	40	30	estrada	água
AEL_MON_0304	Moon Antigo Mimic	Aeloria	2	PRIMAL	inteligente e cauteloso	57	17	14	36	27	planície	gelo
AEL_MON_0306	Riven Flamejante Basilisk	Aeloria	7	VELLUM	gregário	128	41	35	94	69	colina	luz
AEL_MON_0308	Hollow Errante Naga	Aeloria	6	MANA	emboscador	121	34	27	88	66	ruína	eletricidade
AEL_MON_0310	Oak de Espinhos Fairy	Aeloria	1	MANA	predador noturno	34	12	9	27	21	ruína	luz
AEL_MON_0312	Verdant de Pedra Kraken	Aeloria	0	ELYTH	emboscador	28	6	3	11	8	caverna	veneno
AEL_MON_0314	Hollow de Pedra Demon	Aeloria	0	PRIMAL	emboscador	31	5	6	11	10	planície	luz
AEL_MON_0316	Cinder Pequeno Minotaur	Aeloria	6	VELLUM	gregário	117	36	27	86	68	ruína	luz
AEL_MON_0318	Verdant Luminoso Wolf	Aeloria	3	MANA	inteligente e cauteloso	80	23	17	46	36	montanha	terra
AEL_MON_0320	Moon Antigo Beetle	Aeloria	0	ELYTH	errante	29	5	4	11	11	planície	vento
AEL_MON_0322	Ash Maior Elemental	Aeloria	5	ELYTH	solitário	104	34	25	72	49	floresta	veneno
AEL_MON_0324	Mire Voraz Wyrm	Aeloria	1	VELLUM	territorial	44	11	10	22	23	estrada	vento
AEL_MON_0326	Star Tempestuoso Golem	Aeloria	8	NONE	caçador de matilha	153	45	37	106	86	montanha	vento
AEL_MON_0328	Star de Maré Ogre	Aeloria	4	NONE	predador noturno	96	24	22	64	40	planície	terra
AEL_MON_0330	Glimmer Sombrio Treant	Aeloria	1	NONE	caçador de matilha	32	9	9	24	15	planície	eletricidade
AEL_MON_0332	Mire Blindado Bear	Aeloria	2	NONE	errante	51	16	11	37	32	montanha	veneno
AEL_MON_0334	Star Sagrado Golem	Aeloria	4	NONE	gregário	98	24	20	59	48	pântano	trevas
AEL_MON_0336	Riven Voraz Fairy	Aeloria	4	VELLUM	caçador de matilha	80	25	21	58	44	caverna	água
AEL_MON_0338	Mire Alado Drake	Aeloria	1	ELYTH	caçador de matilha	35	14	10	22	17	colina	água
AEL_MON_0340	Lun de Névoa Mooncalf	Aeloria	4	MANA	predador noturno	84	25	23	57	46	colina	eletricidade
AEL_MON_0342	Dawn Luminoso Goblin	Aeloria	9	MANA	territorial	165	51	43	116	90	colina	veneno
AEL_MON_0344	Gale de Raiz Salamander	Aeloria	0	NONE	errante	23	4	6	13	11	ruína	trevas
AEL_MON_0346	Riven de Pedra Specter	Aeloria	3	PRIMAL	territorial	69	21	18	48	32	estrada	trevas
AEL_MON_0348	Elder de Ferro Direhound	Aeloria	1	VELLUM	inteligente e cauteloso	50	11	7	23	18	montanha	luz
AEL_MON_0350	Briar de Areia Chimera	Aeloria	5	ELYTH	errante	97	34	25	76	50	pântano	veneno
AEL_MON_0352	Moon Guardião Chimera	Aeloria	0	VELLUM	caçador de matilha	22	8	6	10	14	colina	trevas
AEL_MON_0354	Ash Blindado Lynx	Aeloria	4	NONE	emboscador	86	25	21	58	40	montanha	trevas
AEL_MON_0356	Gale Rúnico Kobold	Aeloria	2	ELYTH	territorial	55	19	11	35	26	montanha	fogo
AEL_MON_0358	Verdant Venenoso Colossus	Aeloria	3	PRIMAL	predador noturno	70	23	18	49	40	planície	água
AEL_MON_0360	Star Ancestral Wyvern	Aeloria	3	PRIMAL	emboscador	80	20	18	50	39	floresta	luz
AEL_MON_0362	Briar Sombrio Angel	Aeloria	3	NONE	solitário	64	19	18	47	33	colina	trevas
AEL_MON_0364	Moon Flamejante Roc	Aeloria	8	ELYTH	territorial	155	46	35	107	84	colina	eletricidade
AEL_MON_0366	Star Sagrado Demon	Aeloria	2	PRIMAL	protetor de ninho	62	18	13	39	26	estrada	fogo
AEL_MON_0368	Mist Guardião Mantis	Aeloria	6	VELLUM	emboscador	120	39	30	83	65	floresta	veneno
AEL_MON_0370	Cinder de Pedra Toad	Aeloria	1	NONE	territorial	45	12	8	20	19	caverna	gelo
AEL_MON_0372	Briar Antigo Slime	Aeloria	6	NONE	emboscador	126	36	31	80	60	caverna	terra
AEL_MON_0374	Wyrd Sombrio Troll	Aeloria	1	MANA	protetor de ninho	42	11	8	28	22	ruína	veneno
AEL_MON_0376	Verdant de Cinzas Wyvern	Aeloria	2	MANA	errante	53	18	11	39	32	floresta	eletricidade
AEL_MON_0378	Mist de Raiz Mimic	Aeloria	3	PRIMAL	errante	68	19	19	44	31	planície	eletricidade
AEL_MON_0380	Cinder Ancestral Crow	Aeloria	1	ELYTH	gregário	35	12	7	26	19	estrada	vento
AEL_MON_0382	Briar Rúnico Ogre	Aeloria	4	VELLUM	caçador de matilha	94	25	21	56	41	pântano	água
AEL_MON_0384	Cinder de Raiz Wyrm	Aeloria	5	PRIMAL	gregário	112	34	26	71	52	planície	vento
AEL_MON_0386	Fey de Lua Golem	Aeloria	1	MANA	predador noturno	49	10	10	28	23	montanha	vento
AEL_MON_0388	Cinder de Sangue Golem	Aeloria	0	ELYTH	emboscador	31	7	7	8	6	montanha	eletricidade
AEL_MON_0390	Mist Silvestre Beetle	Aeloria	3	NONE	territorial	68	19	18	51	40	planície	som
AEL_MON_0392	Briar de Areia Boar	Aeloria	2	PRIMAL	protetor de ninho	48	16	12	32	27	estrada	luz
AEL_MON_0394	Star Antigo Specter	Aeloria	5	MANA	caçador de matilha	98	32	24	76	53	estrada	água
AEL_MON_0396	Briar Rúnico Wolf	Aeloria	0	NONE	inteligente e cauteloso	27	7	3	11	10	caverna	fogo
AEL_MON_0398	Ash de Sangue Djinn	Aeloria	3	ELYTH	emboscador	78	22	16	44	34	estrada	terra
AEL_MON_0400	Dawn de Maré Elemental	Aeloria	0	MANA	protetor de ninho	19	8	7	14	8	montanha	vento
AEL_MON_0402	Silver Alado Unicorn	Aeloria	1	NONE	caçador de matilha	32	10	7	27	23	caverna	água
AEL_MON_0404	Wyrd Pequeno Manticores	Aeloria	0	NONE	errante	34	7	5	9	12	ruína	fogo
AEL_MON_0406	Wyrd de Espinhos Roc	Aeloria	6	PRIMAL	emboscador	115	35	30	82	61	montanha	gelo
AEL_MON_0408	Oak Maior Nightmare	Aeloria	3	VELLUM	solitário	73	19	17	52	38	caverna	luz
AEL_MON_0410	Thorn de Névoa Angel	Aeloria	3	MANA	caçador de matilha	82	19	19	51	33	colina	fogo
AEL_MON_0412	Ash Silvestre Hydra	Aeloria	6	NONE	predador noturno	122	34	28	85	62	colina	fogo
AEL_MON_0414	Wyrd Pequeno Stag	Aeloria	1	NONE	solitário	44	9	11	27	14	caverna	eletricidade
AEL_MON_0416	Fey Antigo Harpy	Aeloria	5	VELLUM	caçador de matilha	114	30	23	74	56	planície	trevas
AEL_MON_0418	Dawn Venenoso Centaur	Aeloria	8	MANA	emboscador	148	49	38	107	78	ruína	som
AEL_MON_0420	Hollow Silvestre Troll	Aeloria	8	MANA	caçador de matilha	149	49	37	109	84	caverna	fogo
AEL_MON_0422	Briar de Ferro Gryphon	Aeloria	0	ELYTH	emboscador	33	8	7	11	6	planície	veneno
AEL_MON_0424	Elder Luminoso Rat	Aeloria	4	VELLUM	protetor de ninho	88	24	20	61	40	estrada	veneno
AEL_MON_0426	Cinder Ancestral Vampire	Aeloria	6	ELYTH	protetor de ninho	112	38	30	81	63	montanha	eletricidade
AEL_MON_0428	Oak de Maré Imp	Aeloria	4	ELYTH	caçador de matilha	87	26	21	61	49	floresta	som
AEL_MON_0430	Verdant de Espinhos Mooncalf	Aeloria	0	MANA	protetor de ninho	25	6	6	13	8	pântano	veneno
AEL_MON_0432	Fey de Areia Wraith	Aeloria	0	MANA	caçador de matilha	25	6	5	10	8	floresta	trevas
AEL_MON_0434	Briar Antigo Demon	Aeloria	0	MANA	caçador de matilha	32	8	3	15	6	floresta	fogo
AEL_MON_0436	Wyrd Pequeno Toad	Aeloria	4	VELLUM	emboscador	93	27	19	64	49	pântano	som
AEL_MON_0438	Silver de Espinhos Direhound	Aeloria	4	PRIMAL	territorial	90	29	21	57	46	pântano	trevas
AEL_MON_0440	Mire Glacial Minotaur	Aeloria	3	NONE	errante	65	23	17	52	40	floresta	vento
AEL_MON_0442	Moon de Trovão Bat	Aeloria	0	MANA	inteligente e cauteloso	30	8	4	10	5	pântano	água
AEL_MON_0444	Mist Rúnico Djinn	Aeloria	9	MANA	inteligente e cauteloso	175	54	39	121	90	pântano	luz
AEL_MON_0446	Ash Sagrado Werebeast	Aeloria	7	NONE	gregário	140	41	33	99	67	pântano	gelo
AEL_MON_0448	Elder Guardião Kobold	Aeloria	2	NONE	errante	59	18	15	34	23	pântano	veneno
AEL_MON_0450	Glimmer de Pedra Rat	Aeloria	7	PRIMAL	protetor de ninho	141	42	33	94	73	estrada	som
AEL_MON_0452	Hollow de Maré Salamander	Aeloria	2	MANA	emboscador	52	15	15	40	23	ruína	água
AEL_MON_0454	Silver Pequeno Mimic	Aeloria	9	NONE	protetor de ninho	163	54	42	116	87	caverna	água
AEL_MON_0456	Briar Jovem Ogre	Aeloria	1	MANA	emboscador	39	11	10	24	20	caverna	eletricidade
AEL_MON_0458	Hollow Silvestre Lich	Aeloria	0	ELYTH	errante	24	5	4	11	9	caverna	luz
AEL_MON_0460	Verdant Luminoso Lynx	Aeloria	1	NONE	territorial	49	12	11	28	15	ruína	veneno
AEL_MON_0462	Briar Silvestre Djinn	Aeloria	2	NONE	solitário	57	19	12	39	26	planície	gelo
AEL_MON_0464	Mist Pequeno Wraith	Aeloria	1	PRIMAL	caçador de matilha	46	13	7	26	23	montanha	trevas
AEL_MON_0466	Silver de Lua Centaur	Aeloria	1	ELYTH	errante	32	10	10	27	17	caverna	trevas
AEL_MON_0468	Mist Blindado Vampire	Aeloria	7	NONE	inteligente e cauteloso	142	39	35	98	75	planície	veneno
AEL_MON_0470	Star de Gelo Boar	Aeloria	2	VELLUM	inteligente e cauteloso	61	14	14	33	29	floresta	trevas
AEL_MON_0472	Elder de Espinhos Djinn	Aeloria	0	PRIMAL	errante	26	5	6	14	7	caverna	som
AEL_MON_0474	Mire Rúnico Djinn	Aeloria	3	MANA	territorial	72	23	17	50	37	pântano	veneno
AEL_MON_0476	Verdant Sombrio Lynx	Aeloria	1	PRIMAL	caçador de matilha	39	14	11	24	15	ruína	fogo
AEL_MON_0478	Briar Sombrio Wraith	Aeloria	7	ELYTH	protetor de ninho	141	39	31	99	72	ruína	terra
AEL_MON_0480	Ash de Ferro Wraith	Aeloria	6	NONE	solitário	125	38	31	82	58	caverna	luz
AEL_MON_0482	Verdant Venenoso Crow	Aeloria	0	PRIMAL	errante	17	9	3	10	12	estrada	água
AEL_MON_0484	Silver de Raiz Rat	Aeloria	0	VELLUM	protetor de ninho	22	6	5	9	8	caverna	luz
AEL_MON_0486	Cinder Antigo Salamander	Aeloria	6	PRIMAL	protetor de ninho	119	35	31	83	68	floresta	água
AEL_MON_0488	Cinder Alado Titan	Aeloria	1	VELLUM	emboscador	38	9	7	22	19	planície	terra
AEL_MON_0490	Verdant Pequeno Lich	Aeloria	7	MANA	inteligente e cauteloso	136	40	33	92	68	floresta	vento
AEL_MON_0492	Riven Pequeno Lich	Aeloria	1	PRIMAL	territorial	32	11	10	23	20	estrada	terra
AEL_MON_0494	Silver Alado Revenant	Aeloria	3	MANA	predador noturno	71	19	17	45	32	planície	veneno
AEL_MON_0496	Lun de Gelo Kobold	Aeloria	6	PRIMAL	gregário	114	35	31	82	59	caverna	trevas
AEL_MON_0498	Oak de Pedra Griffin	Aeloria	0	MANA	gregário	22	5	3	12	10	caverna	luz
AEL_MON_0500	Cinder de Pedra Chimera	Aeloria	6	PRIMAL	territorial	118	39	30	88	63	pântano	eletricidade
AEL_MON_0502	Dawn Cristalino Roc	Aeloria	0	MANA	predador noturno	23	6	4	9	7	floresta	fogo
AEL_MON_0504	Moon Flamejante Revenant	Aeloria	2	PRIMAL	territorial	51	16	15	35	22	montanha	luz
AEL_MON_0506	Thorn de Sol Kobold	Aeloria	3	VELLUM	predador noturno	70	22	16	44	35	pântano	som
AEL_MON_0508	Ash de Areia Minotaur	Aeloria	0	NONE	protetor de ninho	33	5	7	11	8	pântano	luz
AEL_MON_0510	Riven Voraz Stag	Aeloria	2	ELYTH	predador noturno	50	19	12	40	24	floresta	terra
AEL_MON_0512	Hollow Primal Centaur	Aeloria	2	VELLUM	solitário	65	18	15	32	29	estrada	eletricidade
AEL_MON_0514	Wyrd Antigo Titan	Aeloria	5	PRIMAL	territorial	114	33	26	68	59	ruína	gelo
AEL_MON_0516	Mire Real Kraken	Aeloria	6	ELYTH	inteligente e cauteloso	123	38	27	84	63	pântano	vento
AEL_MON_0518	Oak Feral Specter	Aeloria	1	MANA	territorial	43	13	10	28	22	estrada	trevas
AEL_MON_0520	Gale de Espinhos Dryad	Aeloria	0	MANA	solitário	17	9	7	8	8	floresta	trevas
AEL_MON_0522	Thorn Cristalino Djinn	Aeloria	6	PRIMAL	protetor de ninho	114	38	29	84	60	planície	terra
AEL_MON_0524	Moon de Gelo Imp	Aeloria	1	ELYTH	territorial	38	14	10	27	17	caverna	som
AEL_MON_0526	Briar Ancestral Manticores	Aeloria	1	ELYTH	territorial	40	13	8	21	18	montanha	gelo
AEL_MON_0528	Lun de Gelo Revenant	Aeloria	3	ELYTH	territorial	71	20	17	46	38	colina	veneno
AEL_MON_0530	Wyrd Cristalino Drake	Aeloria	5	PRIMAL	predador noturno	98	34	25	69	55	caverna	água
AEL_MON_0532	Mist de Névoa Rat	Aeloria	8	VELLUM	gregário	146	46	37	109	81	colina	terra
AEL_MON_0534	Mist Luminoso Drake	Aeloria	3	MANA	gregário	82	20	17	49	37	floresta	gelo
AEL_MON_0536	Lun Tempestuoso Dryad	Aeloria	0	VELLUM	caçador de matilha	27	4	7	13	13	colina	eletricidade
AEL_MON_0538	Mire Maior Roc	Aeloria	1	VELLUM	caçador de matilha	32	12	8	24	19	floresta	vento
AEL_MON_0540	Briar de Pedra Bear	Aeloria	5	MANA	solitário	105	31	25	75	51	estrada	eletricidade
AEL_MON_0542	Gale Sagrado Toad	Aeloria	2	NONE	gregário	48	15	12	34	26	montanha	terra
AEL_MON_0544	Fey Devastador Mantis	Aeloria	1	ELYTH	gregário	49	14	10	25	22	ruína	vento
AEL_MON_0546	Fey Ancestral Drake	Aeloria	6	VELLUM	caçador de matilha	115	35	31	86	58	ruína	água
AEL_MON_0548	Cinder Caçador Mantis	Aeloria	5	NONE	caçador de matilha	113	30	26	73	58	floresta	trevas
AEL_MON_0550	Glimmer Corrompido Beetle	Aeloria	7	VELLUM	inteligente e cauteloso	146	44	31	100	76	pântano	terra
AEL_MON_0552	Elder Jovem Specter	Aeloria	1	MANA	gregário	49	12	9	28	16	colina	água
AEL_MON_0554	Verdant Real Revenant	Aeloria	2	NONE	emboscador	50	17	12	34	25	pântano	vento
AEL_MON_0556	Fey de Cinzas Sprite	Aeloria	3	NONE	gregário	78	23	19	51	41	estrada	trevas
AEL_MON_0558	Glimmer de Raiz Lich	Aeloria	6	ELYTH	territorial	122	34	30	83	64	planície	trevas
AEL_MON_0560	Gale de Sangue Goblin	Aeloria	6	PRIMAL	gregário	119	37	27	80	67	floresta	eletricidade
AEL_MON_0562	Silver de Trovão Mantis	Aeloria	6	PRIMAL	solitário	123	38	28	82	63	montanha	luz
AEL_MON_0564	Silver Sombrio Basilisk	Aeloria	5	VELLUM	errante	110	33	27	75	51	planície	gelo
AEL_MON_0566	Verdant Primal Centaur	Aeloria	1	PRIMAL	territorial	39	13	10	26	13	planície	gelo
AEL_MON_0568	Silver Jovem Fairy	Aeloria	5	VELLUM	errante	113	30	25	76	53	pântano	vento
AEL_MON_0570	Wyrd Alado Manticores	Aeloria	0	ELYTH	solitário	34	6	4	10	12	estrada	água
AEL_MON_0572	Hollow Real Chimera	Aeloria	0	PRIMAL	territorial	29	8	3	8	9	montanha	eletricidade
AEL_MON_0574	Moon Guardião Kobold	Aeloria	0	VELLUM	protetor de ninho	28	9	4	15	7	floresta	luz
AEL_MON_0576	Cinder Antigo Toad	Aeloria	3	NONE	territorial	72	23	16	49	38	planície	eletricidade
AEL_MON_0578	Glimmer Pequeno Manticores	Aeloria	1	MANA	predador noturno	46	10	11	22	15	montanha	gelo
AEL_MON_0580	Silver de Trovão Golem	Aeloria	4	VELLUM	predador noturno	86	29	21	62	40	planície	trevas
AEL_MON_0582	Mire Luminoso Golem	Aeloria	3	ELYTH	protetor de ninho	68	20	17	44	32	ruína	vento
AEL_MON_0584	Glimmer Primal Kraken	Aeloria	6	MANA	protetor de ninho	113	37	31	88	62	pântano	eletricidade
AEL_MON_0586	Wyrd Sombrio Harpy	Aeloria	1	PRIMAL	solitário	36	13	10	25	15	floresta	eletricidade
AEL_MON_0588	Dawn Glacial Titan	Aeloria	6	ELYTH	gregário	123	37	29	87	62	caverna	fogo
AEL_MON_0590	Mire Sagrado Wyrm	Aeloria	3	PRIMAL	emboscador	67	19	16	44	33	colina	água
AEL_MON_0592	Glimmer Blindado Vampire	Aeloria	0	VELLUM	gregário	17	6	6	15	11	planície	trevas
AEL_MON_0594	Mire Errante Titan	Aeloria	3	VELLUM	caçador de matilha	70	24	16	45	36	pântano	eletricidade
AEL_MON_0596	Star de Pedra Troll	Aeloria	2	NONE	solitário	59	18	11	32	31	montanha	veneno
AEL_MON_0598	Moon Maior Orc	Aeloria	3	ELYTH	emboscador	80	22	15	49	35	pântano	som
AEL_MON_0600	Elder de Sol Mantis	Aeloria	3	MANA	gregário	79	22	18	49	36	caverna	trevas
AEL_MON_0602	Cinder Tempestuoso Direhound	Aeloria	1	PRIMAL	gregário	44	12	9	28	20	floresta	vento
AEL_MON_0604	Oak Primal Bat	Aeloria	3	MANA	gregário	67	24	17	52	40	montanha	trevas
AEL_MON_0606	Wyrd Pequeno Sprite	Aeloria	3	MANA	predador noturno	82	19	19	46	38	caverna	trevas
AEL_MON_0608	Gale de Gelo Troll	Aeloria	1	VELLUM	gregário	46	11	9	23	23	colina	luz
AEL_MON_0610	Dawn de Maré Golem	Aeloria	6	MANA	territorial	124	37	27	85	58	caverna	fogo
AEL_MON_0612	Mist Guardião Nightmare	Aeloria	4	PRIMAL	emboscador	95	29	23	56	47	ruína	terra
AEL_MON_0614	Cinder Luminoso Minotaur	Aeloria	1	NONE	inteligente e cauteloso	33	9	9	25	23	floresta	água
AEL_MON_0616	Star de Raiz Kraken	Aeloria	0	ELYTH	protetor de ninho	30	4	4	9	8	caverna	gelo
AEL_MON_0618	Silver de Espinhos Harpy	Aeloria	2	ELYTH	errante	55	18	14	35	28	pântano	veneno
AEL_MON_0620	Hollow de Pedra Angel	Aeloria	2	PRIMAL	inteligente e cauteloso	62	17	15	34	32	colina	luz
AEL_MON_0622	Verdant Maior Chimera	Aeloria	5	NONE	gregário	100	29	26	69	57	planície	terra
AEL_MON_0624	Briar Flamejante Spider	Aeloria	4	VELLUM	territorial	86	29	19	59	46	estrada	luz
AEL_MON_0626	Ash de Névoa Mooncalf	Aeloria	8	VELLUM	territorial	148	49	38	104	82	pântano	eletricidade
AEL_MON_0628	Star Feral Naga	Aeloria	2	PRIMAL	solitário	51	19	11	39	24	estrada	água
AEL_MON_0630	Cinder Abissal Wyrm	Aeloria	9	ELYTH	solitário	160	54	43	116	94	estrada	terra
AEL_MON_0632	Elder de Maré Treant	Aeloria	2	VELLUM	solitário	63	16	13	34	23	ruína	veneno
AEL_MON_0634	Silver Glacial Drake	Aeloria	2	VELLUM	predador noturno	57	18	14	38	28	floresta	trevas
AEL_MON_0636	Riven de Areia Centaur	Aeloria	2	ELYTH	caçador de matilha	65	16	11	38	28	floresta	terra
AEL_MON_0638	Gale de Lua Direhound	Aeloria	3	MANA	errante	79	21	19	50	36	pântano	vento
AEL_MON_0640	Verdant de Maré Imp	Aeloria	5	NONE	gregário	101	31	26	68	57	estrada	som
AEL_MON_0642	Thorn Sombrio Specter	Aeloria	4	NONE	predador noturno	85	25	22	57	44	estrada	som
AEL_MON_0644	Lun Flamejante Vampire	Aeloria	3	ELYTH	solitário	69	22	18	49	35	planície	trevas
AEL_MON_0646	Cinder Glacial Beetle	Aeloria	2	NONE	caçador de matilha	61	14	13	40	23	montanha	eletricidade
AEL_MON_0648	Mire Alado Nightmare	Aeloria	0	PRIMAL	gregário	26	9	4	12	6	caverna	trevas
AEL_MON_0650	Riven de Sol Werebeast	Aeloria	1	NONE	gregário	44	12	9	25	20	caverna	veneno
AEL_MON_0652	Wyrd Silvestre Elemental	Aeloria	4	ELYTH	inteligente e cauteloso	92	25	21	57	43	estrada	gelo
AEL_MON_0654	Oak Abissal Specter	Aeloria	2	MANA	protetor de ninho	59	14	13	38	25	pântano	gelo
AEL_MON_0656	Mist Silvestre Griffin	Aeloria	0	NONE	gregário	17	4	3	12	5	pântano	água
AEL_MON_0658	Mire de Sol Gryphon	Aeloria	1	PRIMAL	protetor de ninho	39	9	7	28	18	colina	som
AEL_MON_0660	Dawn de Lua Revenant	Aeloria	7	MANA	protetor de ninho	133	42	32	95	76	planície	gelo
AEL_MON_0662	Lun Venenoso Troll	Aeloria	9	PRIMAL	errante	163	51	43	122	85	caverna	vento
AEL_MON_0664	Briar de Espinhos Mimic	Aeloria	0	ELYTH	errante	16	8	4	14	10	floresta	luz
AEL_MON_0666	Hollow Tempestuoso Rakshasa	Aeloria	5	VELLUM	gregário	100	29	27	73	57	pântano	terra
AEL_MON_0668	Lun de Espinhos Revenant	Aeloria	4	NONE	predador noturno	92	26	21	59	49	floresta	trevas
AEL_MON_0670	Oak de Cinzas Ogre	Aeloria	3	NONE	caçador de matilha	72	20	19	51	40	colina	veneno
AEL_MON_0672	Elder Caçador Crow	Aeloria	3	PRIMAL	inteligente e cauteloso	72	20	18	50	41	floresta	eletricidade
AEL_MON_0674	Dawn Luminoso Titan	Aeloria	6	MANA	caçador de matilha	120	39	28	85	58	planície	som
AEL_MON_0676	Riven Devastador Direhound	Aeloria	6	PRIMAL	protetor de ninho	125	34	27	82	60	pântano	água
AEL_MON_0678	Lun de Cinzas Basilisk	Aeloria	3	VELLUM	predador noturno	72	22	16	52	34	ruína	terra
AEL_MON_0680	Lun Abissal Naga	Aeloria	0	PRIMAL	caçador de matilha	27	4	6	12	10	pântano	água
AEL_MON_0682	Verdant Cristalino Slime	Aeloria	3	PRIMAL	territorial	78	20	15	44	37	ruína	fogo
AEL_MON_0684	Glimmer de Espinhos Crow	Aeloria	3	PRIMAL	inteligente e cauteloso	64	19	19	51	31	planície	fogo
AEL_MON_0686	Star de Gelo Werebeast	Aeloria	1	VELLUM	caçador de matilha	36	11	7	25	23	montanha	eletricidade
AEL_MON_0688	Hollow de Gelo Chimera	Aeloria	2	NONE	caçador de matilha	57	14	11	37	25	caverna	luz
AEL_MON_0690	Elder de Areia Direhound	Aeloria	6	PRIMAL	caçador de matilha	127	38	31	80	67	planície	eletricidade
AEL_MON_0692	Verdant Maior Boar	Aeloria	2	ELYTH	territorial	56	16	11	40	27	ruína	vento
AEL_MON_0694	Elder Luminoso Treant	Aeloria	2	ELYTH	errante	51	16	12	39	31	pântano	som
AEL_MON_0696	Ash Rúnico Behemoth	Aeloria	2	MANA	caçador de matilha	64	16	13	35	22	ruína	terra
AEL_MON_0698	Verdant Voraz Crow	Aeloria	3	MANA	caçador de matilha	81	20	18	50	36	colina	terra
AEL_MON_0700	Dawn Tempestuoso Toad	Aeloria	0	VELLUM	emboscador	30	7	4	8	5	pântano	luz
AEL_MON_0702	Wyrd Sombrio Dryad	Aeloria	1	ELYTH	inteligente e cauteloso	36	13	7	21	15	estrada	vento
AEL_MON_0704	Lun Cristalino Manticores	Aeloria	1	MANA	gregário	36	13	10	25	16	montanha	gelo
AEL_MON_0706	Hollow Real Wolf	Aeloria	0	ELYTH	gregário	21	5	3	10	13	planície	terra
AEL_MON_0708	Briar Tempestuoso Werebeast	Aeloria	2	NONE	gregário	63	16	12	37	22	floresta	terra
AEL_MON_0710	Glimmer Corrompido Angel	Aeloria	8	NONE	caçador de matilha	145	47	35	109	79	montanha	eletricidade
AEL_MON_0712	Lun de Maré Bear	Aeloria	5	ELYTH	solitário	105	33	23	74	49	colina	luz
AEL_MON_0714	Mist de Pedra Specter	Aeloria	5	VELLUM	caçador de matilha	102	33	24	72	58	floresta	veneno
AEL_MON_0716	Mist de Raiz Colossus	Aeloria	0	NONE	solitário	24	9	5	15	4	ruína	vento
AEL_MON_0718	Glimmer Errante Kobold	Aeloria	1	MANA	emboscador	49	11	11	26	23	pântano	fogo
AEL_MON_0720	Gale Ancestral Kobold	Aeloria	7	MANA	territorial	140	44	33	93	76	ruína	luz
AEL_MON_0722	Lun de Areia Drake	Aeloria	5	NONE	predador noturno	106	31	27	71	49	estrada	fogo
AEL_MON_0724	Verdant Flamejante Kraken	Aeloria	2	ELYTH	inteligente e cauteloso	62	18	15	33	25	ruína	som
AEL_MON_0726	Mire Caçador Wraith	Aeloria	3	VELLUM	gregário	67	19	17	47	35	estrada	som
AEL_MON_0728	Lun Rúnico Sprite	Aeloria	0	VELLUM	protetor de ninho	27	7	3	8	7	ruína	terra
AEL_MON_0730	Briar de Névoa Lynx	Aeloria	5	ELYTH	solitário	113	33	24	74	50	planície	veneno
AEL_MON_0732	Riven Corrompido Orc	Aeloria	1	VELLUM	emboscador	37	12	10	21	23	planície	fogo
AEL_MON_0734	Ash Primal Sprite	Aeloria	4	PRIMAL	solitário	87	29	21	56	46	caverna	fogo
AEL_MON_0736	Hollow Jovem Behemoth	Aeloria	7	ELYTH	solitário	141	39	35	95	68	caverna	fogo
AEL_MON_0738	Gale Blindado Roc	Aeloria	9	PRIMAL	errante	174	53	43	119	92	floresta	veneno
AEL_MON_0740	Star Tempestuoso Serpent	Aeloria	0	ELYTH	protetor de ninho	24	7	4	10	9	estrada	veneno
AEL_MON_0742	Hollow Real Ogre	Aeloria	6	ELYTH	protetor de ninho	126	34	30	88	59	floresta	gelo
AEL_MON_0744	Elder Sagrado Treant	Aeloria	7	PRIMAL	protetor de ninho	141	40	33	97	69	colina	terra
AEL_MON_0746	Thorn Abissal Kobold	Aeloria	0	ELYTH	errante	27	4	5	9	13	floresta	eletricidade
AEL_MON_0748	Glimmer de Sol Roc	Aeloria	0	ELYTH	caçador de matilha	18	7	5	8	8	estrada	som
AEL_MON_0750	Oak de Ferro Harpy	Aeloria	2	PRIMAL	caçador de matilha	49	18	12	35	32	pântano	luz
AEL_MON_0752	Riven Alado Centaur	Aeloria	3	VELLUM	emboscador	80	20	16	51	36	ruína	água
AEL_MON_0754	Wyrd Devastador Serpent	Aeloria	0	PRIMAL	solitário	27	7	7	14	8	montanha	fogo
AEL_MON_0756	Elder Voraz Rat	Aeloria	4	VELLUM	gregário	94	27	19	60	50	pântano	luz
AEL_MON_0758	Cinder Blindado Specter	Aeloria	9	NONE	predador noturno	170	52	40	119	93	montanha	vento
AEL_MON_0760	Gale de Pedra Ogre	Aeloria	8	ELYTH	territorial	148	45	37	106	78	montanha	vento
AEL_MON_0762	Elder Jovem Golem	Aeloria	8	VELLUM	gregário	144	46	38	108	80	montanha	trevas
AEL_MON_0764	Glimmer Antigo Mimic	Aeloria	3	PRIMAL	caçador de matilha	64	23	15	49	34	montanha	vento
AEL_MON_0766	Elder de Gelo Goblin	Aeloria	2	MANA	inteligente e cauteloso	60	17	15	37	28	ruína	gelo
AEL_MON_0768	Fey Primal Rakshasa	Aeloria	0	PRIMAL	protetor de ninho	22	7	5	10	13	estrada	vento
AEL_MON_0770	Briar Guardião Wraith	Aeloria	0	ELYTH	errante	23	5	6	16	13	montanha	vento
AEL_MON_0772	Briar Silvestre Slime	Aeloria	3	MANA	solitário	76	23	15	46	41	floresta	fogo
AEL_MON_0774	Lun Real Dryad	Aeloria	7	NONE	territorial	140	44	33	95	73	montanha	trevas
AEL_MON_0776	Lun Primal Roc	Aeloria	2	NONE	caçador de matilha	54	18	14	37	28	colina	gelo
AEL_MON_0778	Star Ancestral Vampire	Aeloria	2	MANA	gregário	54	19	14	36	27	floresta	luz
AEL_MON_0780	Dawn Primal Drake	Aeloria	3	PRIMAL	inteligente e cauteloso	78	21	17	50	33	caverna	terra
AEL_MON_0782	Riven de Areia Stag	Aeloria	0	NONE	emboscador	27	7	7	14	7	montanha	veneno
AEL_MON_0784	Silver de Espinhos Stag	Aeloria	1	ELYTH	territorial	35	13	9	23	15	pântano	luz
AEL_MON_0786	Mire Ancestral Mimic	Aeloria	5	ELYTH	protetor de ninho	96	30	25	72	49	caverna	eletricidade
AEL_MON_0788	Gale de Cinzas Djinn	Aeloria	3	NONE	predador noturno	73	24	16	49	39	estrada	água
AEL_MON_0790	Glimmer Caçador Wyvern	Aeloria	1	VELLUM	protetor de ninho	46	10	9	25	14	montanha	veneno
AEL_MON_0792	Star de Raiz Wraith	Aeloria	5	NONE	errante	100	33	24	72	55	pântano	luz
AEL_MON_0794	Verdant Antigo Serpent	Aeloria	4	MANA	emboscador	94	24	20	59	40	colina	veneno
AEL_MON_0796	Cinder Caçador Direhound	Aeloria	2	NONE	territorial	60	18	11	32	32	pântano	som
AEL_MON_0798	Verdant Primal Crow	Aeloria	1	MANA	solitário	48	10	9	27	19	estrada	eletricidade
AEL_MON_0800	Dawn Silvestre Revenant	Aeloria	1	PRIMAL	inteligente e cauteloso	42	10	10	21	19	pântano	água
AEL_MON_0802	Thorn Sagrado Serpent	Aeloria	0	VELLUM	territorial	33	5	3	15	4	caverna	trevas
AEL_MON_0804	Elder Sombrio Colossus	Aeloria	5	PRIMAL	predador noturno	113	34	27	73	55	colina	terra
AEL_MON_0806	Riven de Pedra Kraken	Aeloria	3	VELLUM	caçador de matilha	74	20	19	47	38	planície	fogo
AEL_MON_0808	Glimmer Cristalino Drake	Aeloria	5	MANA	inteligente e cauteloso	114	33	26	69	55	colina	trevas
AEL_MON_0810	Moon Voraz Lynx	Aeloria	2	VELLUM	gregário	50	16	13	33	27	planície	trevas
AEL_MON_0812	Star Venenoso Rat	Aeloria	5	NONE	inteligente e cauteloso	99	31	27	76	59	colina	gelo
AEL_MON_0814	Thorn Guardião Elemental	Aeloria	2	MANA	solitário	49	16	12	33	27	colina	água
AEL_MON_0816	Hollow Devastador Chimera	Aeloria	2	PRIMAL	predador noturno	49	17	12	40	28	colina	eletricidade
AEL_MON_0818	Star de Maré Werebeast	Aeloria	8	MANA	caçador de matilha	162	45	36	105	77	planície	fogo
AEL_MON_0820	Oak Corrompido Golem	Aeloria	4	PRIMAL	errante	87	27	23	63	41	caverna	luz
AEL_MON_0822	Moon de Raiz Salamander	Aeloria	4	VELLUM	gregário	94	25	20	62	45	pântano	luz
AEL_MON_0824	Silver Cristalino Treant	Aeloria	6	MANA	solitário	127	34	29	88	59	pântano	fogo
AEL_MON_0826	Moon de Trovão Behemoth	Aeloria	5	VELLUM	inteligente e cauteloso	109	33	27	72	58	montanha	água
AEL_MON_0828	Wyrd Luminoso Orc	Aeloria	1	VELLUM	protetor de ninho	43	11	8	27	23	estrada	trevas
AEL_MON_0830	Wyrd Blindado Mimic	Aeloria	4	VELLUM	predador noturno	92	28	21	62	48	pântano	veneno
AEL_MON_0832	Dawn Jovem Mantis	Aeloria	0	PRIMAL	protetor de ninho	31	5	5	9	13	colina	fogo
AEL_MON_0834	Verdant Ancestral Wolf	Aeloria	2	VELLUM	caçador de matilha	57	15	13	38	31	pântano	veneno
AEL_MON_0836	Briar Venenoso Mimic	Aeloria	0	VELLUM	caçador de matilha	25	4	3	15	8	floresta	veneno
AEL_MON_0838	Fey de Ferro Leviathan	Aeloria	5	MANA	emboscador	104	31	23	69	54	floresta	veneno
AEL_MON_0840	Ash Corrompido Serpent	Aeloria	3	ELYTH	protetor de ninho	78	24	18	52	36	montanha	eletricidade
AEL_MON_0842	Gale de Raiz Colossus	Aeloria	4	VELLUM	errante	85	25	23	62	42	caverna	água
AEL_MON_0844	Hollow Luminoso Djinn	Aeloria	1	VELLUM	territorial	41	10	10	27	16	estrada	fogo
AEL_MON_0846	Moon de Ferro Spider	Aeloria	4	ELYTH	solitário	96	24	19	58	45	colina	água
AEL_MON_0848	Glimmer Luminoso Toad	Aeloria	2	MANA	protetor de ninho	55	14	14	34	23	colina	som
AEL_MON_0850	Verdant de Maré Treant	Aeloria	7	MANA	protetor de ninho	134	43	33	96	69	estrada	eletricidade
AEL_MON_0852	Cinder Ancestral Ogre	Aeloria	2	NONE	predador noturno	52	14	15	40	25	caverna	fogo
AEL_MON_0854	Verdant Guardião Toad	Aeloria	1	MANA	territorial	42	14	11	21	22	pântano	gelo
AEL_MON_0856	Riven Voraz Naga	Aeloria	2	MANA	caçador de matilha	51	14	13	38	22	estrada	trevas
AEL_MON_0858	Verdant Cristalino Treant	Aeloria	3	ELYTH	territorial	69	22	16	44	39	estrada	trevas
AEL_MON_0860	Hollow Cristalino Slime	Aeloria	7	MANA	territorial	130	41	34	93	75	ruína	terra
AEL_MON_0862	Silver Blindado Treant	Aeloria	1	ELYTH	inteligente e cauteloso	48	12	7	26	17	planície	fogo
AEL_MON_0864	Riven de Sol Leviathan	Aeloria	3	VELLUM	emboscador	72	19	17	44	39	montanha	trevas
AEL_MON_0866	Silver Cristalino Leviathan	Aeloria	0	VELLUM	territorial	31	7	4	11	8	colina	gelo
AEL_MON_0868	Glimmer Antigo Ogre	Aeloria	6	ELYTH	protetor de ninho	124	37	29	85	68	planície	vento
AEL_MON_0870	Oak Maior Crow	Aeloria	2	NONE	predador noturno	56	18	11	39	30	ruína	trevas
AEL_MON_0872	Thorn Pequeno Centaur	Aeloria	1	NONE	territorial	49	9	9	27	22	montanha	gelo
AEL_MON_0874	Verdant Antigo Minotaur	Aeloria	2	MANA	predador noturno	54	19	14	32	22	caverna	veneno
AEL_MON_0876	Hollow Luminoso Gryphon	Aeloria	0	PRIMAL	caçador de matilha	16	9	7	12	7	planície	fogo
AEL_MON_0878	Hollow Glacial Gryphon	Aeloria	5	NONE	territorial	111	34	27	73	50	caverna	terra
AEL_MON_0880	Gale de Ferro Unicorn	Aeloria	0	ELYTH	predador noturno	23	6	6	16	14	estrada	fogo
AEL_MON_0882	Dawn Blindado Slime	Aeloria	8	VELLUM	predador noturno	161	46	38	109	85	ruína	som
AEL_MON_0884	Gale Antigo Stag	Aeloria	4	VELLUM	errante	95	28	20	59	48	montanha	vento
AEL_MON_0886	Gale Primal Orc	Aeloria	3	NONE	inteligente e cauteloso	65	20	19	45	37	colina	fogo
AEL_MON_0888	Fey de Areia Dryad	Aeloria	4	NONE	solitário	80	26	20	58	46	pântano	som
AEL_MON_0890	Wyrd de Maré Chimera	Aeloria	7	VELLUM	errante	134	40	33	97	73	planície	luz
AEL_MON_0892	Dawn Maior Bat	Aeloria	7	PRIMAL	protetor de ninho	139	41	32	99	70	colina	eletricidade
AEL_MON_0894	Ash de Espinhos Fairy	Aeloria	2	MANA	gregário	60	18	13	37	23	pântano	veneno
AEL_MON_0896	Cinder Maior Goblin	Aeloria	1	NONE	predador noturno	49	12	11	28	13	montanha	gelo
AEL_MON_0898	Thorn de Névoa Leviathan	Aeloria	2	PRIMAL	solitário	53	18	11	36	24	colina	fogo
AEL_MON_0900	Star Voraz Kobold	Aeloria	1	NONE	inteligente e cauteloso	45	12	7	25	23	floresta	som
AEL_MON_0902	Thorn de Névoa Fairy	Aeloria	7	PRIMAL	inteligente e cauteloso	145	43	33	95	67	planície	fogo
AEL_MON_0904	Elder de Sol Titan	Aeloria	2	VELLUM	solitário	55	19	13	38	31	montanha	gelo
AEL_MON_0906	Elder de Raiz Colossus	Aeloria	5	NONE	territorial	99	29	25	69	56	pântano	luz
AEL_MON_0908	Ash Silvestre Revenant	Aeloria	5	NONE	predador noturno	102	30	27	76	54	montanha	vento
AEL_MON_0910	Hollow de Sangue Centaur	Aeloria	5	ELYTH	solitário	97	30	24	69	54	pântano	trevas
AEL_MON_0912	Verdant Corrompido Bear	Aeloria	6	NONE	protetor de ninho	117	39	30	84	66	caverna	terra
AEL_MON_0914	Wyrd Maior Slime	Aeloria	2	NONE	errante	57	17	15	34	30	caverna	veneno
AEL_MON_0916	Mire de Raiz Wolf	Aeloria	0	PRIMAL	errante	28	8	4	14	6	colina	terra
AEL_MON_0918	Fey Venenoso Toad	Aeloria	6	VELLUM	inteligente e cauteloso	118	38	31	86	60	montanha	veneno
AEL_MON_0920	Lun Glacial Harpy	Aeloria	6	ELYTH	territorial	117	37	27	80	63	montanha	terra
AEL_MON_0922	Oak Devastador Manticores	Aeloria	2	NONE	territorial	62	18	12	32	22	pântano	água
AEL_MON_0924	Wyrd de Cinzas Slime	Aeloria	0	MANA	territorial	31	8	3	16	11	floresta	veneno
AEL_MON_0926	Wyrd Sagrado Colossus	Aeloria	1	NONE	inteligente e cauteloso	33	10	7	21	22	colina	vento
AEL_MON_0928	Dawn Abissal Elemental	Aeloria	2	MANA	territorial	48	19	13	33	31	ruína	água
AEL_MON_0930	Fey Errante Serpent	Aeloria	1	PRIMAL	errante	43	12	9	24	13	caverna	trevas
AEL_MON_0932	Moon Rúnico Revenant	Aeloria	0	ELYTH	protetor de ninho	33	4	6	14	13	pântano	água
AEL_MON_0934	Thorn Maior Wraith	Aeloria	5	ELYTH	caçador de matilha	106	31	27	72	55	pântano	gelo
AEL_MON_0936	Dawn de Névoa Vampire	Aeloria	6	MANA	territorial	127	38	30	82	64	caverna	água
AEL_MON_0938	Hollow Glacial Beetle	Aeloria	0	VELLUM	gregário	27	9	6	12	4	colina	gelo
AEL_MON_0940	Ash Antigo Ogre	Aeloria	8	MANA	gregário	148	45	37	112	80	pântano	fogo
AEL_MON_0942	Wyrd de Lua Sprite	Aeloria	5	ELYTH	inteligente e cauteloso	99	33	24	73	50	montanha	água
AEL_MON_0944	Silver de Sangue Boar	Aeloria	1	MANA	caçador de matilha	41	10	8	20	14	estrada	som
AEL_MON_0946	Briar Guardião Roc	Aeloria	4	MANA	emboscador	94	25	19	63	50	pântano	vento
AEL_MON_0948	Elder Real Spider	Aeloria	9	ELYTH	protetor de ninho	167	49	41	122	94	pântano	fogo
AEL_MON_0950	Gale de Sol Naga	Aeloria	6	NONE	inteligente e cauteloso	123	34	29	81	66	colina	vento
AEL_MON_0952	Glimmer Feral Revenant	Aeloria	8	VELLUM	solitário	161	49	35	111	76	pântano	vento
AEL_MON_0954	Hollow Voraz Specter	Aeloria	0	VELLUM	errante	33	6	5	13	5	estrada	vento
AEL_MON_0956	Elder Devastador Imp	Aeloria	2	MANA	territorial	66	14	14	40	23	colina	trevas
AEL_MON_0958	Silver Maior Demon	Aeloria	3	MANA	caçador de matilha	71	19	19	49	31	caverna	som
AEL_MON_0960	Gale Guardião Boar	Aeloria	8	NONE	inteligente e cauteloso	144	49	35	106	76	montanha	trevas
AEL_MON_0962	Silver Feral Bat	Aeloria	4	ELYTH	territorial	91	25	22	59	47	pântano	luz
AEL_MON_0964	Riven Alado Bat	Aeloria	4	NONE	solitário	85	29	19	63	48	montanha	terra
AEL_MON_0966	Mire de Névoa Kraken	Aeloria	7	NONE	inteligente e cauteloso	132	42	32	97	76	ruína	trevas
AEL_MON_0968	Hollow Ancestral Demon	Aeloria	2	VELLUM	protetor de ninho	65	14	12	38	24	floresta	som
AEL_MON_0970	Gale Blindado Werebeast	Aeloria	1	VELLUM	protetor de ninho	41	14	8	20	23	caverna	eletricidade
AEL_MON_0972	Silver Maior Manticores	Aeloria	1	VELLUM	caçador de matilha	42	13	8	21	13	colina	veneno
AEL_MON_0974	Mist Cristalino Naga	Aeloria	7	MANA	emboscador	140	40	31	95	68	montanha	terra
AEL_MON_0976	Fey Flamejante Behemoth	Aeloria	1	NONE	emboscador	35	9	11	27	17	ruína	trevas
AEL_MON_0978	Briar de Espinhos Leviathan	Aeloria	0	NONE	gregário	31	9	7	11	8	colina	luz
AEL_MON_0980	Elder Primal Mantis	Aeloria	7	NONE	errante	128	40	35	97	76	caverna	vento
AEL_MON_0982	Mist Sagrado Kraken	Aeloria	1	MANA	predador noturno	33	9	11	28	23	caverna	eletricidade
AEL_MON_0984	Gale Cristalino Drake	Aeloria	2	MANA	protetor de ninho	66	17	11	37	32	floresta	veneno
AEL_MON_0986	Ash de Gelo Slime	Aeloria	3	MANA	territorial	67	22	16	45	34	caverna	trevas
AEL_MON_0988	Mist de Pedra Demon	Aeloria	3	MANA	predador noturno	64	22	18	45	38	planície	fogo
AEL_MON_0990	Gale de Areia Harpy	Aeloria	4	MANA	errante	86	28	19	58	45	floresta	eletricidade
AEL_MON_0992	Lun de Ferro Roc	Aeloria	6	ELYTH	gregário	114	38	27	87	63	montanha	fogo
AEL_MON_0994	Cinder de Raiz Fairy	Aeloria	2	VELLUM	territorial	66	16	15	32	30	colina	trevas
AEL_MON_0996	Lun Corrompido Drake	Aeloria	7	MANA	gregário	132	42	35	98	74	estrada	vento
AEL_MON_0998	Lun Abissal Harpy	Aeloria	3	VELLUM	caçador de matilha	72	23	18	44	35	caverna	fogo
AEL_MON_1000	Thorn Ancestral Elemental	Aeloria	2	ELYTH	territorial	59	17	14	37	22	ruína	água
AEL_MON_1002	Verdant de Raiz Bat	Aeloria	1	VELLUM	protetor de ninho	37	11	9	28	20	planície	trevas
AEL_MON_1004	Star Ancestral Kraken	Aeloria	3	NONE	protetor de ninho	73	23	15	51	39	estrada	vento
AEL_MON_1006	Wyrd de Maré Wolf	Aeloria	0	MANA	protetor de ninho	30	7	7	13	11	estrada	terra
AEL_MON_1008	Cinder de Névoa Bear	Aeloria	4	MANA	solitário	92	24	19	60	49	colina	veneno
AEL_MON_1010	Ash de Gelo Elemental	Aeloria	9	NONE	inteligente e cauteloso	172	53	41	116	95	estrada	luz
AEL_MON_1012	Fey Cristalino Djinn	Aeloria	6	ELYTH	errante	125	38	27	85	64	ruína	vento
AEL_MON_1014	Fey Flamejante Unicorn	Aeloria	3	MANA	caçador de matilha	65	24	19	48	39	estrada	som
AEL_MON_1016	Hollow Luminoso Rat	Aeloria	5	NONE	emboscador	96	30	23	70	59	montanha	terra
AEL_MON_1018	Hollow Glacial Wyvern	Aeloria	0	ELYTH	solitário	16	5	6	9	7	ruína	vento
AEL_MON_1020	Wyrd de Ferro Colossus	Aeloria	1	PRIMAL	inteligente e cauteloso	42	12	8	21	18	planície	gelo
AEL_MON_1022	Elder de Névoa Centaur	Aeloria	1	ELYTH	predador noturno	42	14	11	25	13	montanha	gelo
AEL_MON_1024	Riven Errante Serpent	Aeloria	5	MANA	predador noturno	113	33	26	68	52	floresta	som
AEL_MON_1026	Glimmer de Espinhos Chimera	Aeloria	0	ELYTH	protetor de ninho	21	4	3	11	12	estrada	veneno
AEL_MON_1028	Verdant Glacial Bat	Aeloria	8	MANA	emboscador	161	47	38	106	81	ruína	eletricidade
AEL_MON_1030	Wyrd Maior Griffin	Aeloria	4	MANA	predador noturno	97	25	22	57	50	pântano	terra
AEL_MON_1032	Dawn Caçador Wyvern	Aeloria	1	ELYTH	solitário	47	13	8	25	13	estrada	eletricidade
AEL_MON_1034	Silver Luminoso Goblin	Aeloria	1	PRIMAL	protetor de ninho	49	9	9	27	13	ruína	terra
AEL_MON_1036	Wyrd de Gelo Rakshasa	Aeloria	4	MANA	inteligente e cauteloso	83	29	19	63	45	planície	trevas
AEL_MON_1038	Cinder Pequeno Treant	Aeloria	4	NONE	caçador de matilha	96	25	23	60	42	ruína	luz
AEL_MON_1040	Star Flamejante Spider	Aeloria	5	MANA	solitário	101	33	25	69	58	planície	fogo
AEL_MON_1042	Cinder Ancestral Minotaur	Aeloria	3	PRIMAL	gregário	76	22	18	44	37	caverna	som
AEL_MON_1044	Cinder Corrompido Beetle	Aeloria	2	VELLUM	caçador de matilha	63	18	11	39	28	floresta	som
AEL_MON_1046	Hollow de Trovão Bear	Aeloria	2	ELYTH	protetor de ninho	54	17	13	32	25	caverna	vento
AEL_MON_1048	Lun Errante Salamander	Aeloria	2	PRIMAL	predador noturno	54	16	12	37	25	estrada	trevas
AEL_MON_1050	Star Tempestuoso Elemental	Aeloria	7	MANA	emboscador	140	39	33	96	68	colina	vento
AEL_MON_1052	Elder Abissal Roc	Aeloria	4	NONE	protetor de ninho	91	28	22	62	46	colina	veneno
AEL_MON_1054	Fey de Ferro Wolf	Aeloria	2	ELYTH	caçador de matilha	57	18	15	32	23	caverna	eletricidade
AEL_MON_1056	Verdant de Pedra Harpy	Aeloria	2	MANA	solitário	54	15	14	35	24	pântano	gelo
AEL_MON_1058	Lun Pequeno Kobold	Aeloria	6	MANA	caçador de matilha	117	34	29	81	68	pântano	luz
AEL_MON_1060	Moon de Ferro Bear	Aeloria	2	MANA	gregário	55	17	14	33	30	colina	fogo
AEL_MON_1062	Star Jovem Wyrm	Aeloria	3	ELYTH	errante	74	20	17	47	39	colina	terra
AEL_MON_1064	Lun de Pedra Colossus	Aeloria	9	ELYTH	emboscador	163	54	39	120	88	estrada	veneno
AEL_MON_1066	Mire de Lua Fairy	Aeloria	6	ELYTH	emboscador	124	37	27	80	59	pântano	luz
AEL_MON_1068	Thorn Alado Minotaur	Aeloria	0	ELYTH	gregário	30	4	5	15	11	floresta	terra
AEL_MON_1070	Mire de Pedra Demon	Aeloria	2	NONE	gregário	60	18	15	34	27	planície	água
AEL_MON_1072	Star Pequeno Titan	Aeloria	8	VELLUM	inteligente e cauteloso	157	46	35	109	84	montanha	veneno
AEL_MON_1074	Oak de Lua Centaur	Aeloria	2	VELLUM	territorial	63	17	14	33	29	ruína	luz
AEL_MON_1076	Mire Maior Mimic	Aeloria	1	PRIMAL	protetor de ninho	50	10	9	20	21	estrada	fogo
AEL_MON_1078	Ash Voraz Leviathan	Aeloria	3	NONE	inteligente e cauteloso	68	23	17	51	31	estrada	terra
AEL_MON_1080	Star de Ferro Drake	Aeloria	4	VELLUM	territorial	88	24	20	56	50	pântano	trevas
AEL_MON_1082	Glimmer de Ferro Naga	Aeloria	4	NONE	emboscador	97	29	23	59	47	floresta	luz
AEL_MON_1084	Elder Primal Lynx	Aeloria	4	ELYTH	territorial	93	27	21	56	45	caverna	água
AEL_MON_1086	Gale Venenoso Hydra	Aeloria	4	PRIMAL	territorial	84	29	23	58	49	estrada	trevas
AEL_MON_1088	Lun Maior Stag	Aeloria	0	PRIMAL	protetor de ninho	29	5	3	10	6	ruína	som
AEL_MON_1090	Hollow de Trovão Werebeast	Aeloria	6	ELYTH	inteligente e cauteloso	126	35	28	82	58	floresta	luz
AEL_MON_1092	Wyrd Cristalino Bear	Aeloria	2	ELYTH	inteligente e cauteloso	63	14	11	37	24	planície	trevas
AEL_MON_1094	Thorn Flamejante Troll	Aeloria	7	PRIMAL	solitário	144	44	34	94	68	floresta	veneno
AEL_MON_1096	Mire Errante Lich	Aeloria	0	PRIMAL	solitário	23	7	4	8	8	floresta	som
AEL_MON_1098	Ash Tempestuoso Toad	Aeloria	9	PRIMAL	predador noturno	160	50	42	118	93	floresta	gelo
AEL_MON_1100	Lun Voraz Bat	Aeloria	4	MANA	gregário	82	27	21	63	50	colina	veneno
AEL_MON_1102	Moon Silvestre Revenant	Aeloria	2	ELYTH	errante	56	18	11	37	32	planície	vento
AEL_MON_1104	Mist de Maré Titan	Aeloria	7	NONE	territorial	140	39	34	96	74	floresta	trevas
AEL_MON_1106	Silver Alado Mooncalf	Aeloria	8	VELLUM	errante	162	49	38	112	85	estrada	eletricidade
AEL_MON_1108	Star de Ferro Minotaur	Aeloria	7	ELYTH	errante	136	44	32	96	77	ruína	trevas
AEL_MON_1110	Fey Luminoso Wolf	Aeloria	2	ELYTH	protetor de ninho	48	16	11	36	24	estrada	luz
AEL_MON_1112	Silver Glacial Minotaur	Aeloria	4	VELLUM	predador noturno	90	27	19	64	40	estrada	água
AEL_MON_1114	Oak de Maré Kraken	Aeloria	9	ELYTH	protetor de ninho	176	54	40	116	94	caverna	veneno
AEL_MON_1116	Dawn Real Slime	Aeloria	0	VELLUM	emboscador	30	8	4	9	5	floresta	veneno
AEL_MON_1118	Wyrd Flamejante Salamander	Aeloria	5	VELLUM	protetor de ninho	100	31	24	75	53	floresta	luz
AEL_MON_1120	Riven de Lua Mantis	Aeloria	8	VELLUM	gregário	149	47	38	111	79	pântano	som
AEL_MON_1122	Elder Feral Roc	Aeloria	0	VELLUM	territorial	19	4	6	8	4	planície	fogo
AEL_MON_1124	Moon Voraz Stag	Aeloria	0	VELLUM	inteligente e cauteloso	27	5	6	9	13	montanha	veneno
AEL_MON_1126	Moon Feral Wyrm	Aeloria	0	PRIMAL	inteligente e cauteloso	30	9	3	11	14	estrada	som
AEL_MON_1128	Thorn de Areia Salamander	Aeloria	7	PRIMAL	errante	132	41	34	95	69	pântano	terra
AEL_MON_1130	Verdant de Sangue Goblin	Aeloria	9	ELYTH	caçador de matilha	163	54	39	121	89	montanha	fogo
AEL_MON_1132	Lun Jovem Lynx	Aeloria	4	VELLUM	caçador de matilha	86	24	21	60	49	montanha	som
AEL_MON_1134	Mist de Cinzas Wyrm	Aeloria	1	VELLUM	caçador de matilha	34	14	9	22	14	pântano	eletricidade
AEL_MON_1136	Oak Glacial Gryphon	Aeloria	0	MANA	gregário	34	7	5	10	8	caverna	terra
AEL_MON_1138	Thorn Blindado Mimic	Aeloria	2	MANA	inteligente e cauteloso	64	18	11	40	25	montanha	vento
AEL_MON_1140	Elder de Espinhos Wyrm	Aeloria	2	MANA	caçador de matilha	55	19	13	32	28	montanha	gelo
AEL_MON_1142	Silver Errante Revenant	Aeloria	5	VELLUM	predador noturno	96	31	24	68	51	montanha	água
AEL_MON_1144	Wyrd Rúnico Wraith	Aeloria	0	VELLUM	errante	22	7	5	15	14	ruína	eletricidade
AEL_MON_1146	Dawn Pequeno Kobold	Aeloria	1	VELLUM	protetor de ninho	50	11	7	22	19	pântano	vento
AEL_MON_1148	Oak de Pedra Rat	Aeloria	3	PRIMAL	caçador de matilha	64	21	18	46	41	floresta	luz
AEL_MON_1150	Verdant Feral Wolf	Aeloria	2	NONE	solitário	66	15	14	40	27	estrada	som
AEL_MON_1152	Cinder Rúnico Slime	Aeloria	5	ELYTH	territorial	113	30	25	72	49	colina	luz
AEL_MON_1154	Ash Voraz Rat	Aeloria	8	PRIMAL	emboscador	145	47	38	108	76	ruína	fogo
AEL_MON_1156	Silver Cristalino Hydra	Aeloria	4	PRIMAL	protetor de ninho	87	27	22	62	46	colina	trevas
AEL_MON_1158	Ash Pequeno Leviathan	Aeloria	1	PRIMAL	inteligente e cauteloso	33	12	7	26	15	caverna	terra
AEL_MON_1160	Star de Sangue Kraken	Aeloria	5	ELYTH	inteligente e cauteloso	96	32	27	75	54	colina	vento
AEL_MON_1162	Fey Caçador Fairy	Aeloria	3	VELLUM	gregário	66	22	18	47	35	ruína	gelo
AEL_MON_1164	Fey Errante Imp	Aeloria	0	PRIMAL	gregário	21	7	4	8	12	montanha	terra
AEL_MON_1166	Oak Sagrado Sprite	Aeloria	2	ELYTH	errante	50	18	15	37	29	caverna	água
AEL_MON_1168	Cinder Devastador Rakshasa	Aeloria	3	VELLUM	solitário	80	24	16	48	34	pântano	veneno
AEL_MON_1170	Glimmer Pequeno Wolf	Aeloria	2	ELYTH	solitário	59	14	11	36	30	floresta	eletricidade
AEL_MON_1172	Hollow Sagrado Angel	Aeloria	1	ELYTH	errante	35	12	9	23	15	colina	trevas
AEL_MON_1174	Glimmer Sombrio Boar	Aeloria	3	MANA	territorial	76	19	17	52	35	estrada	luz
AEL_MON_1176	Hollow Antigo Salamander	Aeloria	0	MANA	territorial	28	9	6	16	12	caverna	fogo
AEL_MON_1178	Moon Voraz Wyvern	Aeloria	5	MANA	predador noturno	105	31	26	72	52	planície	som
AEL_MON_1180	Mire de Maré Specter	Aeloria	0	ELYTH	territorial	26	7	6	14	5	ruína	som
AEL_MON_1182	Mire Glacial Titan	Aeloria	5	VELLUM	protetor de ninho	112	29	23	74	52	pântano	veneno
AEL_MON_1184	Briar Luminoso Wyvern	Aeloria	2	PRIMAL	protetor de ninho	51	17	13	32	23	planície	trevas
AEL_MON_1186	Mire Luminoso Mantis	Aeloria	4	PRIMAL	protetor de ninho	81	29	20	60	42	estrada	vento
AEL_MON_1188	Oak Guardião Golem	Aeloria	3	PRIMAL	caçador de matilha	81	23	17	49	37	montanha	luz
AEL_MON_1190	Mist Jovem Naga	Aeloria	5	ELYTH	territorial	112	30	24	76	51	pântano	som
AEL_MON_1192	Elder Caçador Ogre	Aeloria	4	ELYTH	caçador de matilha	84	24	20	57	46	ruína	terra
AEL_MON_1194	Glimmer Caçador Orc	Aeloria	4	NONE	solitário	95	29	19	59	47	pântano	fogo
AEL_MON_1196	Star Venenoso Unicorn	Aeloria	0	MANA	inteligente e cauteloso	21	4	5	15	9	ruína	vento
AEL_MON_1198	Mire de Ferro Elemental	Aeloria	5	VELLUM	gregário	113	29	27	71	58	planície	gelo
AEL_MON_1200	Cinder Devastador Nightmare	Aeloria	0	MANA	predador noturno	21	5	3	10	12	estrada	eletricidade
AEL_MON_1202	Mire Silvestre Titan	Aeloria	7	PRIMAL	protetor de ninho	132	43	31	95	77	floresta	gelo
AEL_MON_1204	Riven Caçador Stag	Aeloria	4	VELLUM	emboscador	96	26	23	56	42	estrada	fogo
AEL_MON_1206	Star Cristalino Demon	Aeloria	1	ELYTH	protetor de ninho	49	9	10	24	15	colina	água
AEL_MON_1208	Glimmer Abissal Basilisk	Aeloria	2	VELLUM	errante	59	15	11	32	31	caverna	som
AEL_MON_1210	Wyrd Silvestre Slime	Aeloria	0	VELLUM	predador noturno	17	7	6	10	13	ruína	vento
AEL_MON_1212	Mist Feral Mantis	Aeloria	2	PRIMAL	protetor de ninho	64	14	15	37	27	pântano	fogo
AEL_MON_1214	Lun Maior Wolf	Aeloria	7	MANA	gregário	146	43	33	96	74	colina	vento
AEL_MON_1216	Mist de Maré Crow	Aeloria	6	NONE	emboscador	121	34	31	88	68	colina	veneno
AEL_MON_1218	Thorn Alado Djinn	Aeloria	2	NONE	inteligente e cauteloso	54	19	12	39	24	colina	água
AEL_MON_1220	Mist Corrompido Bat	Aeloria	3	VELLUM	protetor de ninho	72	23	19	46	34	montanha	terra
AEL_MON_1222	Glimmer Blindado Beetle	Aeloria	1	MANA	emboscador	49	11	7	21	13	montanha	fogo
AEL_MON_1224	Star Devastador Nightmare	Aeloria	4	PRIMAL	inteligente e cauteloso	82	24	23	63	44	estrada	eletricidade
AEL_MON_1226	Mist de Maré Revenant	Aeloria	0	ELYTH	errante	21	9	3	15	5	pântano	veneno
AEL_MON_1228	Lun de Névoa Beetle	Aeloria	3	PRIMAL	territorial	64	24	16	45	40	pântano	água
AEL_MON_1230	Thorn de Lua Demon	Aeloria	1	ELYTH	predador noturno	44	11	10	23	15	colina	terra
AEL_MON_1232	Mist Pequeno Behemoth	Aeloria	2	VELLUM	predador noturno	64	16	15	35	24	estrada	luz
AEL_MON_1234	Mire de Sangue Golem	Aeloria	1	ELYTH	errante	44	10	7	27	23	colina	vento
AEL_MON_1236	Elder Real Toad	Aeloria	1	ELYTH	predador noturno	42	9	8	22	14	colina	veneno
AEL_MON_1238	Star Sagrado Lich	Aeloria	1	VELLUM	emboscador	45	12	10	24	16	planície	luz
AEL_MON_1240	Fey Glacial Titan	Aeloria	1	ELYTH	solitário	35	9	9	27	21	floresta	fogo
AEL_MON_1242	Hollow de Lua Griffin	Aeloria	2	ELYTH	protetor de ninho	62	19	12	33	26	planície	eletricidade
AEL_MON_1244	Verdant Feral Djinn	Aeloria	0	NONE	inteligente e cauteloso	28	5	3	11	7	floresta	luz
AEL_MON_1246	Star Tempestuoso Fairy	Aeloria	1	VELLUM	predador noturno	34	14	10	22	20	estrada	veneno
AEL_MON_1248	Riven Cristalino Orc	Aeloria	1	NONE	errante	48	13	7	26	20	montanha	vento
AEL_MON_1250	Ash de Sangue Mimic	Aeloria	5	PRIMAL	predador noturno	102	33	26	72	59	floresta	som
AEL_MON_1252	Wyrd Feral Hydra	Aeloria	5	VELLUM	protetor de ninho	112	32	24	72	50	montanha	eletricidade
AEL_MON_1254	Verdant Cristalino Minotaur	Aeloria	0	ELYTH	predador noturno	16	7	5	10	13	planície	vento
AEL_MON_1256	Mire Errante Bear	Aeloria	5	NONE	gregário	109	30	24	70	57	planície	terra
AEL_MON_1258	Mire de Gelo Slime	Aeloria	1	NONE	inteligente e cauteloso	47	14	10	22	20	ruína	luz
AEL_MON_1260	Gale Caçador Golem	Aeloria	5	PRIMAL	gregário	103	30	23	75	54	estrada	vento
AEL_MON_1262	Mist Blindado Golem	Aeloria	2	MANA	caçador de matilha	57	16	11	37	32	caverna	água
AEL_MON_1264	Ash Tempestuoso Minotaur	Aeloria	0	NONE	gregário	30	9	4	11	12	estrada	trevas
AEL_MON_1266	Wyrd de Lua Vampire	Aeloria	0	NONE	emboscador	31	8	7	10	10	caverna	trevas
AEL_MON_1268	Dawn Alado Naga	Aeloria	1	MANA	protetor de ninho	35	9	9	22	16	planície	gelo
AEL_MON_1270	Hollow Maior Goblin	Aeloria	2	MANA	territorial	49	19	11	34	28	ruína	veneno
AEL_MON_1272	Fey Feral Wolf	Aeloria	2	ELYTH	emboscador	57	17	14	36	29	montanha	eletricidade
AEL_MON_1274	Verdant de Pedra Djinn	Aeloria	3	PRIMAL	gregário	76	24	17	44	35	pântano	terra
AEL_MON_1276	Glimmer Alado Unicorn	Aeloria	9	VELLUM	caçador de matilha	164	50	40	119	92	estrada	luz
AEL_MON_1278	Elder Silvestre Titan	Aeloria	0	PRIMAL	inteligente e cauteloso	20	4	3	11	9	floresta	veneno
AEL_MON_1280	Riven Ancestral Centaur	Aeloria	0	NONE	protetor de ninho	22	7	7	14	5	pântano	som
AEL_MON_1282	Gale de Espinhos Manticores	Aeloria	1	NONE	protetor de ninho	42	9	8	26	20	ruína	som
AEL_MON_1284	Thorn Errante Direhound	Aeloria	5	ELYTH	gregário	108	29	23	73	58	ruína	vento
AEL_MON_1286	Verdant Flamejante Unicorn	Aeloria	3	ELYTH	predador noturno	75	20	19	48	39	montanha	vento
AEL_MON_1288	Cinder de Pedra Kobold	Aeloria	4	ELYTH	errante	92	24	20	58	44	montanha	gelo
AEL_MON_1290	Dawn Antigo Wyrm	Aeloria	6	MANA	territorial	121	39	27	87	59	planície	gelo
AEL_MON_1292	Mire Devastador Nightmare	Aeloria	1	ELYTH	protetor de ninho	37	9	7	26	17	colina	terra
AEL_MON_1294	Dawn Real Manticores	Aeloria	8	PRIMAL	protetor de ninho	147	45	37	108	77	estrada	água
AEL_MON_1296	Silver de Cinzas Drake	Aeloria	2	PRIMAL	protetor de ninho	57	17	14	35	30	floresta	luz
AEL_MON_1298	Mist de Espinhos Rat	Aeloria	7	MANA	protetor de ninho	136	42	33	98	77	pântano	gelo
AEL_MON_1300	Star de Lua Chimera	Aeloria	9	VELLUM	gregário	176	54	43	117	92	caverna	água
AEL_MON_1302	Thorn de Cinzas Imp	Aeloria	0	ELYTH	errante	21	6	5	10	5	montanha	terra
AEL_MON_1304	Mire de Gelo Orc	Aeloria	1	MANA	protetor de ninho	36	14	10	25	14	estrada	luz
AEL_MON_1306	Thorn Glacial Werebeast	Aeloria	4	VELLUM	solitário	81	29	23	64	49	ruína	trevas
AEL_MON_1308	Elder Cristalino Spider	Aeloria	0	MANA	territorial	32	7	4	14	9	colina	terra
AEL_MON_1310	Elder de Névoa Gryphon	Aeloria	3	MANA	territorial	66	21	15	49	31	montanha	água
AEL_MON_1312	Gale Real Leviathan	Aeloria	4	PRIMAL	solitário	85	28	22	60	40	planície	luz
AEL_MON_1314	Moon Tempestuoso Wyrm	Aeloria	2	PRIMAL	territorial	58	14	13	40	23	floresta	luz
AEL_MON_1316	Riven Errante Rat	Aeloria	0	PRIMAL	gregário	31	5	5	15	8	floresta	gelo
AEL_MON_1318	Glimmer Flamejante Wraith	Aeloria	9	MANA	protetor de ninho	174	51	42	122	89	estrada	eletricidade
AEL_MON_1320	Briar de Raiz Orc	Aeloria	5	ELYTH	gregário	101	33	27	71	58	ruína	eletricidade
AEL_MON_1322	Thorn Flamejante Revenant	Aeloria	2	MANA	emboscador	48	19	15	34	32	pântano	som
AEL_MON_1324	Gale de Maré Titan	Aeloria	4	PRIMAL	gregário	84	28	22	63	49	montanha	água
AEL_MON_1326	Cinder Maior Werebeast	Aeloria	2	MANA	predador noturno	55	14	14	40	22	planície	água
AEL_MON_1328	Briar Luminoso Rat	Aeloria	9	ELYTH	inteligente e cauteloso	178	49	42	124	95	planície	luz
AEL_MON_1330	Riven Sombrio Kraken	Aeloria	1	VELLUM	gregário	47	12	11	25	20	caverna	fogo
AEL_MON_1332	Riven Cristalino Hydra	Aeloria	5	ELYTH	caçador de matilha	98	34	24	68	59	planície	vento
AEL_MON_1334	Ash Maior Wraith	Aeloria	0	ELYTH	emboscador	32	4	7	9	9	estrada	água
AEL_MON_1336	Wyrd Abissal Treant	Aeloria	1	PRIMAL	emboscador	38	12	8	23	15	ruína	terra
AEL_MON_1338	Elder de Areia Imp	Aeloria	1	PRIMAL	territorial	39	9	9	21	19	floresta	fogo
AEL_MON_1340	Cinder Ancestral Bear	Aeloria	1	NONE	gregário	38	14	9	20	23	ruína	gelo
AEL_MON_1342	Glimmer de Pedra Lynx	Aeloria	1	PRIMAL	solitário	41	9	7	25	20	planície	terra
AEL_MON_1344	Moon Devastador Manticores	Aeloria	1	NONE	emboscador	32	12	11	22	14	caverna	som
AEL_MON_1346	Glimmer Sombrio Griffin	Aeloria	1	VELLUM	solitário	43	10	11	22	19	caverna	trevas
AEL_MON_1348	Hollow Primal Leviathan	Aeloria	6	ELYTH	predador noturno	127	36	27	85	62	estrada	terra
AEL_MON_1350	Fey de Névoa Wyrm	Aeloria	5	VELLUM	caçador de matilha	107	34	25	76	59	montanha	fogo
AEL_MON_1352	Briar Glacial Lich	Aeloria	1	NONE	caçador de matilha	48	11	10	22	17	ruína	terra
AEL_MON_1354	Wyrd Glacial Chimera	Aeloria	4	MANA	caçador de matilha	93	28	22	62	42	planície	vento
AEL_MON_1356	Oak Glacial Fairy	Aeloria	2	PRIMAL	inteligente e cauteloso	66	18	11	36	23	pântano	gelo
AEL_MON_1358	Mist Errante Beetle	Aeloria	0	VELLUM	predador noturno	24	4	4	11	9	caverna	água
AEL_MON_1360	Gale de Raiz Wyvern	Aeloria	0	NONE	gregário	23	6	6	9	9	floresta	luz
AEL_MON_1362	Hollow de Sangue Stag	Aeloria	2	MANA	inteligente e cauteloso	53	15	15	40	24	caverna	gelo
AEL_MON_1364	Lun Flamejante Demon	Aeloria	1	PRIMAL	gregário	41	12	10	27	18	ruína	veneno
AEL_MON_1366	Riven Silvestre Elemental	Aeloria	6	PRIMAL	protetor de ninho	123	37	31	85	63	caverna	água
AEL_MON_1368	Silver de Cinzas Wolf	Aeloria	4	MANA	gregário	93	29	23	59	43	montanha	som
AEL_MON_1370	Verdant Blindado Fairy	Aeloria	1	NONE	territorial	38	12	9	27	23	estrada	terra
AEL_MON_1372	Lun Devastador Revenant	Aeloria	0	ELYTH	errante	26	5	3	16	5	pântano	vento
AEL_MON_1374	Cinder Jovem Bat	Aeloria	4	ELYTH	predador noturno	98	28	21	56	41	montanha	gelo
AEL_MON_1376	Ash Flamejante Crow	Aeloria	4	VELLUM	errante	82	28	22	58	46	floresta	água
AEL_MON_1378	Silver Silvestre Lynx	Aeloria	3	PRIMAL	caçador de matilha	72	24	19	46	33	planície	vento
AEL_MON_1380	Hollow Caçador Bear	Aeloria	1	NONE	predador noturno	50	13	9	25	18	pântano	veneno
AEL_MON_1382	Dawn de Sol Dryad	Aeloria	0	ELYTH	inteligente e cauteloso	31	7	3	9	8	pântano	veneno
AEL_MON_1384	Thorn Pequeno Golem	Aeloria	4	PRIMAL	predador noturno	97	28	19	58	49	caverna	terra
AEL_MON_1386	Hollow de Pedra Griffin	Aeloria	2	PRIMAL	gregário	66	17	12	35	26	estrada	eletricidade
AEL_MON_1388	Lun de Lua Unicorn	Aeloria	2	PRIMAL	solitário	59	17	15	38	30	pântano	trevas
AEL_MON_1390	Thorn Abissal Sprite	Aeloria	8	NONE	inteligente e cauteloso	159	45	38	107	81	pântano	luz
AEL_MON_1392	Riven de Areia Treant	Aeloria	5	VELLUM	protetor de ninho	97	34	23	76	55	colina	gelo
AEL_MON_1394	Glimmer de Sangue Behemoth	Aeloria	0	PRIMAL	protetor de ninho	17	7	4	12	14	caverna	luz
AEL_MON_1396	Briar de Maré Werebeast	Aeloria	4	ELYTH	protetor de ninho	93	24	19	56	48	floresta	som
AEL_MON_1398	Silver Blindado Minotaur	Aeloria	2	MANA	emboscador	52	14	14	34	25	pântano	gelo
AEL_MON_1400	Lun de Trovão Serpent	Aeloria	4	PRIMAL	inteligente e cauteloso	87	28	20	62	43	planície	água
AEL_MON_1402	Thorn Cristalino Spider	Aeloria	3	PRIMAL	errante	64	24	19	45	36	ruína	luz
AEL_MON_1404	Thorn de Névoa Mimic	Aeloria	6	ELYTH	territorial	118	37	27	88	59	planície	luz
AEL_MON_1406	Briar Tempestuoso Lich	Aeloria	5	MANA	caçador de matilha	109	29	25	76	49	colina	luz
AEL_MON_1408	Dawn Maior Titan	Aeloria	6	PRIMAL	emboscador	125	35	31	84	66	caverna	água
AEL_MON_1410	Riven de Areia Dryad	Aeloria	2	NONE	predador noturno	65	16	11	40	23	montanha	trevas
AEL_MON_1412	Star Feral Boar	Aeloria	9	VELLUM	predador noturno	174	53	42	123	89	ruína	fogo
AEL_MON_1414	Riven Pequeno Nightmare	Aeloria	1	MANA	emboscador	38	9	9	26	17	colina	trevas
AEL_MON_1416	Star Alado Elemental	Aeloria	2	VELLUM	gregário	64	15	12	40	31	colina	fogo
AEL_MON_1418	Wyrd Abissal Naga	Aeloria	4	VELLUM	errante	92	26	20	56	47	pântano	veneno
AEL_MON_1420	Elder Maior Vampire	Aeloria	3	NONE	inteligente e cauteloso	77	19	15	51	35	floresta	terra
AEL_MON_1422	Ash Pequeno Crow	Aeloria	8	PRIMAL	inteligente e cauteloso	155	46	35	108	78	colina	veneno
AEL_MON_1424	Briar Devastador Djinn	Aeloria	6	PRIMAL	errante	115	37	28	83	60	estrada	água
AEL_MON_1426	Wyrd Feral Golem	Aeloria	3	ELYTH	errante	79	19	18	51	33	estrada	água
AEL_MON_1428	Moon Glacial Roc	Aeloria	2	ELYTH	errante	56	18	14	34	25	caverna	eletricidade
AEL_MON_1430	Oak Real Rakshasa	Aeloria	1	MANA	protetor de ninho	35	12	10	25	18	caverna	luz
AEL_MON_1432	Mire de Trovão Hydra	Aeloria	5	NONE	emboscador	110	31	27	70	51	planície	veneno
AEL_MON_1434	Verdant Corrompido Revenant	Aeloria	3	MANA	solitário	82	21	18	49	32	montanha	terra
AEL_MON_1436	Lun de Névoa Wyvern	Aeloria	3	NONE	emboscador	74	19	18	47	40	planície	som
AEL_MON_1438	Cinder de Ferro Griffin	Aeloria	0	ELYTH	emboscador	27	5	4	8	11	planície	vento
AEL_MON_1440	Hollow de Espinhos Beetle	Aeloria	9	MANA	territorial	174	50	43	120	88	colina	luz
AEL_MON_1442	Cinder de Sangue Chimera	Aeloria	4	NONE	inteligente e cauteloso	92	26	23	61	42	colina	água
AEL_MON_1444	Thorn de Lua Direhound	Aeloria	0	VELLUM	territorial	32	7	4	12	8	estrada	trevas
AEL_MON_1446	Gale de Espinhos Wyrm	Aeloria	8	MANA	gregário	150	48	39	112	83	colina	som
AEL_MON_1448	Fey de Ferro Colossus	Aeloria	2	ELYTH	emboscador	59	16	14	33	28	planície	terra
AEL_MON_1450	Verdant Blindado Mantis	Aeloria	3	ELYTH	gregário	64	20	17	50	40	pântano	terra
AEL_MON_1452	Briar de Maré Mimic	Aeloria	2	MANA	territorial	63	15	12	40	22	montanha	luz
AEL_MON_1454	Glimmer Silvestre Mooncalf	Aeloria	2	MANA	predador noturno	64	16	13	40	28	caverna	veneno
AEL_MON_1456	Mire de Areia Elemental	Aeloria	0	NONE	emboscador	33	4	3	16	13	floresta	terra
AEL_MON_1458	Wyrd Real Hydra	Aeloria	0	PRIMAL	territorial	34	6	4	16	10	pântano	trevas
AEL_MON_1460	Elder de Raiz Chimera	Aeloria	1	NONE	gregário	42	9	7	22	15	caverna	água
AEL_MON_1462	Wyrd Devastador Drake	Aeloria	2	ELYTH	territorial	64	15	13	39	30	floresta	gelo
AEL_MON_1464	Star Silvestre Boar	Aeloria	0	PRIMAL	predador noturno	25	4	5	16	4	montanha	trevas
AEL_MON_1466	Oak de Trovão Specter	Aeloria	5	ELYTH	territorial	97	32	23	68	50	floresta	vento
AEL_MON_1468	Briar Maior Toad	Aeloria	7	MANA	emboscador	138	39	32	96	71	estrada	som
AEL_MON_1470	Thorn Alado Kobold	Aeloria	1	MANA	protetor de ninho	36	10	10	24	20	planície	veneno
AEL_MON_1472	Dawn de Lua Dryad	Aeloria	6	PRIMAL	gregário	113	39	29	86	59	planície	fogo
AEL_MON_1474	Mire de Raiz Bear	Aeloria	2	VELLUM	gregário	49	14	15	37	28	ruína	fogo
AEL_MON_1476	Thorn Abissal Minotaur	Aeloria	2	ELYTH	caçador de matilha	63	14	11	35	25	planície	trevas
AEL_MON_1478	Mire Maior Colossus	Aeloria	0	ELYTH	solitário	23	5	5	14	10	pântano	água
AEL_MON_1480	Oak de Sol Centaur	Aeloria	2	MANA	protetor de ninho	61	15	12	40	24	floresta	água
AEL_MON_1482	Thorn de Raiz Manticores	Aeloria	7	VELLUM	territorial	143	43	32	94	76	montanha	luz
AEL_MON_1484	Wyrd Alado Rakshasa	Aeloria	6	VELLUM	territorial	116	39	31	82	65	colina	eletricidade
AEL_MON_1486	Verdant de Cinzas Rakshasa	Aeloria	0	NONE	caçador de matilha	32	7	7	9	12	ruína	vento
AEL_MON_1488	Mire Caçador Nightmare	Aeloria	2	PRIMAL	territorial	48	18	12	38	26	caverna	som
AEL_MON_1490	Glimmer Errante Mooncalf	Aeloria	8	PRIMAL	caçador de matilha	145	46	36	106	83	montanha	fogo
AEL_MON_1492	Wyrd Errante Ogre	Aeloria	3	ELYTH	solitário	73	21	16	52	41	estrada	veneno
AEL_MON_1494	Mist Cristalino Nightmare	Aeloria	0	VELLUM	solitário	33	8	6	13	9	caverna	trevas
AEL_MON_1496	Moon Glacial Djinn	Aeloria	0	MANA	caçador de matilha	20	5	6	9	12	floresta	som
AEL_MON_1498	Gale de Pedra Nightmare	Aeloria	2	PRIMAL	caçador de matilha	57	19	13	37	27	pântano	vento
AEL_MON_1500	Verdant Alado Wraith	Aeloria	2	ELYTH	errante	66	14	12	33	23	colina	terra
AEL_MON_1502	Wyrd de Sol Lynx	Aeloria	7	PRIMAL	territorial	139	43	34	97	76	caverna	luz
AEL_MON_1504	Ash Guardião Demon	Aeloria	2	MANA	predador noturno	52	14	12	33	29	montanha	luz
AEL_MON_1506	Star de Lua Direhound	Aeloria	1	ELYTH	solitário	41	14	11	25	20	montanha	fogo
AEL_MON_1508	Thorn Sagrado Chimera	Aeloria	1	PRIMAL	gregário	34	13	11	27	16	colina	terra
AEL_MON_1510	Riven Errante Ogre	Aeloria	1	ELYTH	emboscador	33	9	11	23	15	montanha	luz
AEL_MON_1512	Gale de Névoa Chimera	Aeloria	7	VELLUM	predador noturno	131	40	34	99	72	montanha	luz
AEL_MON_1514	Cinder Sombrio Nightmare	Aeloria	7	VELLUM	gregário	136	42	31	93	71	caverna	gelo
AEL_MON_1516	Riven Maior Specter	Aeloria	0	NONE	emboscador	29	6	4	8	14	ruína	terra
AEL_MON_1518	Mist Flamejante Direhound	Aeloria	6	MANA	emboscador	114	37	28	81	60	pântano	água
WRL_MON_0081	Adamant de Trovão Sprite	Tharun	2	MANA	territorial	55	15	15	33	24	caverna	gelo
WRL_MON_0083	Basalt Devastador Elemental	Tharun	3	NONE	protetor de ninho	77	22	19	51	37	desfiladeiro	som
WRL_MON_0085	Iron Tempestuoso Specter	Tharun	0	VELLUM	emboscador	23	5	7	10	10	montanha	luz
WRL_MON_0087	Deep Jovem Colossus	Tharun	8	VELLUM	protetor de ninho	156	49	39	105	79	forja	água
WRL_MON_0089	Basalt Corrompido Werebeast	Tharun	1	NONE	errante	32	9	9	21	22	desfiladeiro	fogo
WRL_MON_0091	Ore de Pedra Djinn	Tharun	4	VELLUM	solitário	97	27	21	56	49	desfiladeiro	vento
WRL_MON_0093	Deep de Sangue Rakshasa	Tharun	0	VELLUM	emboscador	22	9	4	10	14	desfiladeiro	som
WRL_MON_0095	Deep de Areia Imp	Tharun	0	ELYTH	predador noturno	26	9	3	8	12	desfiladeiro	gelo
WRL_MON_0097	Obsidian Primal Werebeast	Tharun	4	ELYTH	gregário	84	26	21	61	50	forja	trevas
WRL_MON_0099	Obsidian de Raiz Salamander	Tharun	0	MANA	territorial	23	4	7	10	11	mina	fogo
WRL_MON_0101	Stone Jovem Hydra	Tharun	1	PRIMAL	territorial	42	12	11	25	13	caverna	eletricidade
WRL_MON_0103	Stone Guardião Imp	Tharun	1	ELYTH	solitário	34	13	11	22	21	mina	fogo
WRL_MON_0105	Iron Pequeno Lich	Tharun	9	PRIMAL	predador noturno	171	53	39	119	88	forja	luz
WRL_MON_0107	Granite Sombrio Wraith	Tharun	6	MANA	solitário	119	34	28	83	59	mina	gelo
WRL_MON_0109	Granite Pequeno Gryphon	Tharun	1	NONE	caçador de matilha	49	13	9	25	21	forja	fogo
WRL_MON_0111	Granite Venenoso Mooncalf	Tharun	3	ELYTH	errante	65	23	17	52	33	caverna	veneno
WRL_MON_0113	Obsidian Ancestral Wraith	Tharun	1	ELYTH	caçador de matilha	32	13	10	25	13	montanha	eletricidade
WRL_MON_0115	Rune Caçador Imp	Tharun	2	PRIMAL	gregário	61	14	14	34	30	desfiladeiro	gelo
WRL_MON_0117	Ember Sagrado Beetle	Tharun	3	NONE	gregário	75	22	17	50	31	caverna	gelo
WRL_MON_0119	Copper de Raiz Crow	Tharun	1	NONE	caçador de matilha	38	13	7	23	22	mina	trevas
WRL_MON_0121	Obsidian Rúnico Bat	Tharun	2	NONE	territorial	59	15	15	34	31	mina	vento
WRL_MON_0123	Obsidian Silvestre Revenant	Tharun	3	NONE	territorial	80	19	18	50	34	caverna	água
WRL_MON_0125	Basalt Glacial Colossus	Tharun	2	NONE	territorial	62	16	12	40	29	montanha	terra
WRL_MON_0127	Stone de Sol Direhound	Tharun	5	PRIMAL	territorial	106	32	24	76	56	mina	gelo
WRL_MON_0129	Adamant Feral Hydra	Tharun	7	NONE	caçador de matilha	144	41	33	93	75	montanha	água
WRL_MON_0131	Basalt Sagrado Djinn	Tharun	3	VELLUM	territorial	66	20	18	48	40	mina	veneno
WRL_MON_0133	Hammer Sombrio Minotaur	Tharun	0	VELLUM	predador noturno	33	9	5	9	13	desfiladeiro	vento
WRL_MON_0135	Deep de Sol Orc	Tharun	0	NONE	errante	22	5	7	10	11	caverna	vento
WRL_MON_0137	Ore de Gelo Mantis	Tharun	1	NONE	caçador de matilha	44	14	11	27	23	montanha	luz
WRL_MON_0139	Iron Voraz Wolf	Tharun	2	NONE	inteligente e cauteloso	54	15	15	33	28	montanha	trevas
WRL_MON_0141	Hammer Voraz Serpent	Tharun	8	NONE	predador noturno	152	44	36	111	82	mina	vento
WRL_MON_0143	Iron Guardião Manticores	Tharun	0	PRIMAL	gregário	17	6	7	15	13	montanha	água
WRL_MON_0145	Hammer Ancestral Vampire	Tharun	0	VELLUM	gregário	25	4	3	12	14	forja	trevas
WRL_MON_0147	Copper Devastador Serpent	Tharun	2	VELLUM	inteligente e cauteloso	63	14	14	34	27	caverna	eletricidade
WRL_MON_0149	Iron Silvestre Spider	Tharun	1	ELYTH	errante	32	9	9	23	19	mina	terra
WRL_MON_0151	Forge Ancestral Minotaur	Tharun	3	PRIMAL	inteligente e cauteloso	72	21	17	50	35	forja	vento
WRL_MON_0153	Rune Errante Wolf	Tharun	2	MANA	protetor de ninho	66	14	12	38	26	desfiladeiro	vento
WRL_MON_0155	Deep de Lua Orc	Tharun	5	PRIMAL	emboscador	105	33	25	75	57	montanha	água
WRL_MON_0157	Crag Venenoso Boar	Tharun	8	PRIMAL	caçador de matilha	157	46	35	111	79	desfiladeiro	veneno
WRL_MON_0159	Hammer Real Slime	Tharun	6	VELLUM	emboscador	114	35	29	80	67	forja	eletricidade
WRL_MON_0161	Copper Alado Gryphon	Tharun	5	PRIMAL	gregário	96	30	27	75	51	mina	gelo
WRL_MON_0163	Granite Tempestuoso Hydra	Tharun	2	MANA	caçador de matilha	54	19	11	40	25	caverna	gelo
WRL_MON_0165	Iron de Maré Ogre	Tharun	0	MANA	errante	32	4	5	16	14	forja	som
WRL_MON_0167	Ore Venenoso Golem	Tharun	3	NONE	errante	76	23	18	47	41	forja	trevas
WRL_MON_0169	Basalt Maior Revenant	Tharun	1	ELYTH	predador noturno	39	9	11	22	13	mina	trevas
WRL_MON_0171	Stone Devastador Elemental	Tharun	9	NONE	gregário	168	49	40	122	95	montanha	som
WRL_MON_0173	Forge Abissal Revenant	Tharun	7	NONE	predador noturno	133	39	34	99	72	mina	luz
WRL_MON_0175	Ore Antigo Crow	Tharun	0	VELLUM	solitário	29	9	7	12	9	forja	eletricidade
WRL_MON_0177	Copper Rúnico Unicorn	Tharun	4	NONE	emboscador	87	25	19	56	42	forja	trevas
WRL_MON_0179	Crag de Névoa Manticores	Tharun	6	ELYTH	caçador de matilha	113	38	29	85	66	forja	som
WRL_MON_0181	Copper Feral Naga	Tharun	1	VELLUM	territorial	38	14	7	21	14	forja	veneno
WRL_MON_0183	Deep Blindado Goblin	Tharun	2	MANA	gregário	49	19	15	40	29	forja	terra
WRL_MON_0185	Crag Corrompido Stag	Tharun	8	ELYTH	predador noturno	152	49	35	107	79	desfiladeiro	água
WRL_MON_0187	Iron Flamejante Slime	Tharun	7	VELLUM	gregário	135	44	33	96	77	forja	gelo
WRL_MON_0189	Ember Pequeno Gryphon	Tharun	0	VELLUM	emboscador	17	9	7	11	7	montanha	fogo
WRL_MON_0191	Copper de Névoa Werebeast	Tharun	5	PRIMAL	territorial	113	29	24	75	54	mina	veneno
WRL_MON_0193	Adamant Venenoso Golem	Tharun	1	ELYTH	inteligente e cauteloso	43	9	11	20	19	montanha	fogo
WRL_MON_0195	Basalt de Gelo Leviathan	Tharun	5	NONE	solitário	114	31	26	68	57	forja	vento
WRL_MON_0197	Rune Flamejante Minotaur	Tharun	0	VELLUM	inteligente e cauteloso	22	6	6	11	10	caverna	gelo
WRL_MON_0199	Stone Corrompido Revenant	Tharun	0	ELYTH	predador noturno	32	8	3	9	10	mina	som
WRL_MON_0201	Rune de Ferro Beetle	Tharun	1	MANA	inteligente e cauteloso	34	12	7	25	17	mina	som
WRL_MON_0203	Stone Feral Fairy	Tharun	4	NONE	gregário	81	29	22	62	48	mina	fogo
WRL_MON_0205	Basalt Alado Lich	Tharun	2	VELLUM	inteligente e cauteloso	61	17	13	32	29	desfiladeiro	eletricidade
WRL_MON_0207	Granite Caçador Ogre	Tharun	3	NONE	predador noturno	82	23	18	49	35	caverna	gelo
WRL_MON_0209	Granite Tempestuoso Djinn	Tharun	1	VELLUM	caçador de matilha	41	12	7	27	13	forja	veneno
WRL_MON_0211	Copper de Lua Bear	Tharun	3	PRIMAL	gregário	74	21	18	52	37	montanha	água
WRL_MON_0213	Rune de Pedra Vampire	Tharun	1	MANA	protetor de ninho	39	9	11	22	23	desfiladeiro	luz
WRL_MON_0215	Ember Guardião Stag	Tharun	4	NONE	predador noturno	85	28	22	64	43	forja	água
WRL_MON_0217	Copper de Ferro Golem	Tharun	2	ELYTH	errante	57	15	14	38	27	caverna	fogo
WRL_MON_0219	Hammer Tempestuoso Troll	Tharun	2	ELYTH	errante	50	18	13	35	24	forja	eletricidade
WRL_MON_0221	Ore Jovem Naga	Tharun	1	PRIMAL	territorial	41	11	7	20	17	mina	eletricidade
WRL_MON_0223	Granite Flamejante Kobold	Tharun	4	ELYTH	solitário	85	26	22	60	47	montanha	água
WRL_MON_0225	Deep de Gelo Mantis	Tharun	2	MANA	territorial	48	16	11	32	25	mina	vento
WRL_MON_0227	Forge Maior Imp	Tharun	2	PRIMAL	emboscador	59	16	12	34	25	desfiladeiro	trevas
WRL_MON_0229	Deep Luminoso Spider	Tharun	0	NONE	errante	16	4	5	8	9	montanha	água
WRL_MON_0231	Granite Devastador Toad	Tharun	1	VELLUM	gregário	46	14	8	23	14	caverna	veneno
WRL_MON_0233	Iron de Espinhos Centaur	Tharun	5	VELLUM	predador noturno	111	32	27	68	57	caverna	som
WRL_MON_0235	Rune Abissal Troll	Tharun	1	NONE	gregário	48	13	10	22	18	desfiladeiro	água
WRL_MON_0237	Ember de Sangue Spider	Tharun	6	NONE	emboscador	123	36	30	84	61	desfiladeiro	fogo
WRL_MON_0239	Basalt Primal Boar	Tharun	0	MANA	emboscador	32	5	6	13	4	montanha	trevas
WRL_MON_0241	Iron Feral Djinn	Tharun	0	VELLUM	solitário	28	5	4	11	10	forja	eletricidade
WRL_MON_0243	Deep Primal Nightmare	Tharun	5	PRIMAL	gregário	113	34	23	70	49	desfiladeiro	som
WRL_MON_0245	Stone Devastador Toad	Tharun	5	MANA	caçador de matilha	99	31	23	71	52	caverna	água
WRL_MON_0247	Rune Voraz Unicorn	Tharun	4	MANA	caçador de matilha	98	29	19	64	41	montanha	eletricidade
WRL_MON_0249	Forge Cristalino Hydra	Tharun	0	ELYTH	gregário	19	7	4	15	5	forja	eletricidade
WRL_MON_0251	Hammer Venenoso Leviathan	Tharun	2	MANA	inteligente e cauteloso	51	14	12	39	29	desfiladeiro	terra
WRL_MON_0253	Ember de Sol Stag	Tharun	0	NONE	emboscador	23	4	7	15	7	forja	gelo
WRL_MON_0255	Obsidian Tempestuoso Colossus	Tharun	1	PRIMAL	emboscador	33	10	9	24	13	desfiladeiro	terra
WRL_MON_0257	Hammer Glacial Leviathan	Tharun	6	VELLUM	predador noturno	128	35	31	82	67	caverna	eletricidade
WRL_MON_0259	Iron Venenoso Behemoth	Tharun	2	MANA	solitário	65	19	12	38	23	mina	fogo
WRL_MON_0261	Ember Pequeno Centaur	Tharun	3	ELYTH	predador noturno	68	19	19	46	35	montanha	gelo
WRL_MON_0263	Basalt de Espinhos Goblin	Tharun	0	ELYTH	emboscador	26	8	6	10	12	montanha	eletricidade
WRL_MON_0265	Crag de Sangue Roc	Tharun	0	ELYTH	emboscador	32	4	5	9	8	desfiladeiro	eletricidade
WRL_MON_0267	Hammer Alado Crow	Tharun	2	VELLUM	inteligente e cauteloso	48	17	13	34	26	montanha	trevas
WRL_MON_0269	Stone Real Naga	Tharun	0	ELYTH	caçador de matilha	17	9	6	8	7	caverna	terra
WRL_MON_0271	Adamant Primal Bear	Tharun	4	NONE	inteligente e cauteloso	97	28	19	64	49	desfiladeiro	luz
WRL_MON_0273	Basalt Luminoso Rakshasa	Tharun	1	MANA	errante	46	13	10	22	15	desfiladeiro	vento
WRL_MON_0275	Iron Blindado Titan	Tharun	2	MANA	caçador de matilha	56	15	14	36	28	desfiladeiro	terra
WRL_MON_0277	Ore Luminoso Rat	Tharun	6	MANA	protetor de ninho	119	37	29	80	68	mina	trevas
WRL_MON_0279	Iron de Areia Sprite	Tharun	6	PRIMAL	protetor de ninho	120	37	28	81	61	desfiladeiro	trevas
WRL_MON_0281	Rune de Gelo Stag	Tharun	2	MANA	inteligente e cauteloso	62	18	14	40	29	caverna	água
WRL_MON_0283	Obsidian de Raiz Minotaur	Tharun	0	ELYTH	caçador de matilha	29	6	6	11	7	forja	vento
WRL_MON_0285	Ore Abissal Serpent	Tharun	5	ELYTH	emboscador	106	30	27	71	57	desfiladeiro	vento
WRL_MON_0287	Ember de Ferro Harpy	Tharun	2	VELLUM	caçador de matilha	66	16	12	37	31	forja	som
WRL_MON_0289	Rune Real Toad	Tharun	4	VELLUM	predador noturno	97	26	19	62	40	montanha	eletricidade
WRL_MON_0291	Iron Abissal Treant	Tharun	1	MANA	territorial	34	9	11	20	18	desfiladeiro	fogo
WRL_MON_0293	Ember Ancestral Serpent	Tharun	3	MANA	gregário	69	22	16	45	40	mina	vento
WRL_MON_0295	Deep Maior Imp	Tharun	5	VELLUM	predador noturno	98	29	24	76	57	caverna	vento
WRL_MON_0297	Adamant Cristalino Orc	Tharun	0	MANA	predador noturno	24	6	6	16	6	mina	veneno
WRL_MON_0299	Basalt Tempestuoso Specter	Tharun	6	NONE	errante	114	39	30	87	59	forja	gelo
WRL_MON_0301	Forge de Lua Lynx	Tharun	2	PRIMAL	gregário	62	14	15	37	26	desfiladeiro	vento
WRL_MON_0303	Forge Pequeno Treant	Tharun	4	VELLUM	territorial	93	25	20	61	45	forja	luz
WRL_MON_0305	Adamant Voraz Centaur	Tharun	0	MANA	gregário	26	4	6	12	10	desfiladeiro	gelo
WRL_MON_0307	Stone Corrompido Minotaur	Tharun	1	NONE	gregário	35	13	9	22	22	forja	gelo
WRL_MON_0309	Hammer Caçador Dryad	Tharun	7	ELYTH	inteligente e cauteloso	135	41	35	98	72	caverna	som
WRL_MON_0311	Ore Antigo Dryad	Tharun	4	PRIMAL	solitário	83	28	19	59	45	caverna	veneno
WRL_MON_0313	Adamant Maior Nightmare	Tharun	1	ELYTH	territorial	43	13	7	22	22	forja	trevas
WRL_MON_0315	Ore de Raiz Wyvern	Tharun	3	PRIMAL	gregário	74	24	19	50	33	forja	fogo
WRL_MON_0317	Basalt de Trovão Wraith	Tharun	4	ELYTH	errante	93	29	21	59	48	desfiladeiro	luz
WRL_MON_0319	Forge Feral Fairy	Tharun	7	VELLUM	errante	136	41	34	95	72	mina	trevas
WRL_MON_0321	Copper de Ferro Sprite	Tharun	1	VELLUM	caçador de matilha	38	9	7	23	14	mina	luz
WRL_MON_0323	Stone de Ferro Direhound	Tharun	2	ELYTH	protetor de ninho	64	17	13	36	28	caverna	fogo
WRL_MON_0325	Ember Antigo Rat	Tharun	7	ELYTH	predador noturno	146	43	31	99	69	caverna	luz
WRL_MON_0327	Iron Devastador Goblin	Tharun	0	ELYTH	caçador de matilha	24	5	6	16	6	mina	fogo
WRL_MON_0329	Obsidian Feral Leviathan	Tharun	7	PRIMAL	solitário	130	40	33	98	74	desfiladeiro	eletricidade
WRL_MON_0331	Rune Voraz Naga	Tharun	5	ELYTH	solitário	102	31	26	74	55	desfiladeiro	fogo
WRL_MON_0333	Ore de Sangue Bat	Tharun	6	MANA	protetor de ninho	113	38	31	85	63	caverna	vento
WRL_MON_0335	Forge Real Imp	Tharun	0	MANA	solitário	18	7	4	14	8	montanha	trevas
WRL_MON_0337	Ember de Espinhos Boar	Tharun	5	VELLUM	emboscador	102	34	25	73	55	desfiladeiro	fogo
WRL_MON_0339	Crag Jovem Angel	Tharun	3	VELLUM	territorial	76	24	15	44	37	desfiladeiro	trevas
WRL_MON_0341	Copper Glacial Orc	Tharun	0	PRIMAL	gregário	27	8	3	11	5	forja	som
WRL_MON_0343	Ore Corrompido Serpent	Tharun	6	ELYTH	territorial	116	34	30	86	59	caverna	luz
WRL_MON_0345	Deep Ancestral Kobold	Tharun	1	ELYTH	solitário	46	12	11	23	19	forja	eletricidade
WRL_MON_0347	Stone Jovem Spider	Tharun	4	PRIMAL	emboscador	94	26	20	61	49	mina	terra
WRL_MON_0349	Crag de Espinhos Rat	Tharun	2	PRIMAL	gregário	48	19	14	39	24	montanha	luz
WRL_MON_0351	Crag Sagrado Specter	Tharun	3	NONE	inteligente e cauteloso	69	23	19	49	34	desfiladeiro	terra
WRL_MON_0353	Granite Pequeno Slime	Tharun	1	ELYTH	errante	50	9	9	25	23	caverna	trevas
WRL_MON_0355	Hammer Venenoso Gryphon	Tharun	2	ELYTH	predador noturno	60	18	15	33	30	forja	trevas
WRL_MON_0357	Hammer de Trovão Kobold	Tharun	7	MANA	protetor de ninho	136	44	32	93	73	mina	veneno
WRL_MON_0359	Ember Alado Rat	Tharun	2	MANA	predador noturno	65	16	15	37	31	montanha	vento
WRL_MON_0361	Copper Corrompido Mimic	Tharun	5	ELYTH	emboscador	113	34	26	68	53	montanha	vento
WRL_MON_0363	Hammer Maior Griffin	Tharun	0	NONE	solitário	18	5	6	12	7	mina	som
WRL_MON_0365	Copper Primal Manticores	Tharun	2	ELYTH	gregário	56	19	14	33	22	mina	som
WRL_MON_0367	Iron Voraz Demon	Tharun	1	NONE	protetor de ninho	37	13	11	26	20	montanha	luz
WRL_MON_0369	Rune Corrompido Djinn	Tharun	4	VELLUM	solitário	83	26	23	62	45	forja	fogo
WRL_MON_0371	Stone de Raiz Titan	Tharun	1	VELLUM	solitário	46	10	8	28	17	caverna	água
WRL_MON_0373	Obsidian Flamejante Rakshasa	Tharun	2	MANA	protetor de ninho	59	15	11	36	27	caverna	fogo
WRL_MON_0375	Forge Ancestral Boar	Tharun	1	ELYTH	emboscador	50	9	10	25	17	desfiladeiro	som
WRL_MON_0377	Basalt Blindado Dryad	Tharun	0	VELLUM	emboscador	21	4	3	14	10	mina	eletricidade
WRL_MON_0379	Forge Sombrio Rakshasa	Tharun	5	NONE	territorial	105	32	23	73	52	forja	gelo
WRL_MON_0381	Crag de Névoa Harpy	Tharun	0	VELLUM	inteligente e cauteloso	23	8	6	13	9	forja	veneno
WRL_MON_0383	Copper Maior Vampire	Tharun	4	MANA	territorial	90	27	21	59	40	desfiladeiro	fogo
WRL_MON_0385	Basalt Alado Kraken	Tharun	0	VELLUM	territorial	21	8	6	15	4	montanha	terra
WRL_MON_0387	Copper Blindado Specter	Tharun	5	VELLUM	predador noturno	104	32	23	72	56	forja	luz
WRL_MON_0389	Forge Pequeno Hydra	Tharun	3	VELLUM	caçador de matilha	65	20	17	46	40	mina	vento
WRL_MON_0391	Iron Antigo Spider	Tharun	8	MANA	predador noturno	153	48	36	112	79	desfiladeiro	vento
WRL_MON_0393	Obsidian de Sol Toad	Tharun	7	NONE	errante	130	41	35	92	75	forja	luz
WRL_MON_0395	Copper Caçador Rakshasa	Tharun	1	ELYTH	errante	47	10	11	24	22	desfiladeiro	veneno
WRL_MON_0397	Iron Ancestral Sprite	Tharun	4	NONE	solitário	91	27	23	57	48	mina	vento
WRL_MON_0399	Deep Feral Spider	Tharun	1	VELLUM	gregário	32	11	8	27	18	forja	luz
WRL_MON_0401	Adamant Blindado Angel	Tharun	4	MANA	protetor de ninho	90	29	23	59	47	caverna	luz
WRL_MON_0403	Crag Tempestuoso Lynx	Tharun	0	NONE	solitário	34	7	6	9	11	desfiladeiro	vento
WRL_MON_0405	Deep Flamejante Toad	Tharun	0	VELLUM	errante	22	5	7	8	13	caverna	som
WRL_MON_0407	Obsidian de Areia Mimic	Tharun	0	VELLUM	emboscador	33	6	3	14	9	desfiladeiro	vento
WRL_MON_0409	Copper Antigo Goblin	Tharun	7	NONE	gregário	141	40	34	98	71	montanha	terra
WRL_MON_0411	Obsidian Rúnico Goblin	Tharun	5	VELLUM	gregário	108	30	23	74	57	montanha	veneno
WRL_MON_0413	Deep de Raiz Troll	Tharun	3	MANA	gregário	76	21	16	45	31	caverna	terra
WRL_MON_0415	Deep Guardião Bat	Tharun	0	ELYTH	caçador de matilha	22	4	7	14	4	mina	luz
WRL_MON_0417	Iron Feral Sprite	Tharun	5	MANA	errante	110	34	23	74	50	mina	som
WRL_MON_0419	Ore Corrompido Wraith	Tharun	2	MANA	solitário	57	19	12	35	32	forja	água
WRL_MON_0421	Hammer Venenoso Toad	Tharun	1	PRIMAL	errante	41	11	7	20	15	mina	trevas
WRL_MON_0423	Crag Venenoso Roc	Tharun	2	PRIMAL	emboscador	55	17	11	32	31	montanha	vento
WRL_MON_0425	Hammer Pequeno Lich	Tharun	3	PRIMAL	emboscador	73	23	16	50	32	forja	luz
WRL_MON_0427	Copper Corrompido Dryad	Tharun	2	NONE	predador noturno	56	14	11	33	28	forja	água
WRL_MON_0429	Iron de Cinzas Direhound	Tharun	2	ELYTH	inteligente e cauteloso	55	18	15	38	27	forja	eletricidade
WRL_MON_0431	Ore Sagrado Golem	Tharun	2	NONE	gregário	62	15	13	32	30	desfiladeiro	eletricidade
WRL_MON_0433	Ember Jovem Chimera	Tharun	0	VELLUM	predador noturno	23	9	4	14	14	forja	veneno
WRL_MON_0435	Ore Luminoso Wolf	Tharun	1	ELYTH	gregário	42	9	7	28	18	forja	terra
WRL_MON_0437	Obsidian Venenoso Behemoth	Tharun	0	NONE	errante	28	4	4	11	5	forja	fogo
WRL_MON_0439	Copper Glacial Imp	Tharun	5	NONE	inteligente e cauteloso	107	30	27	69	50	mina	vento
WRL_MON_0441	Forge Cristalino Wolf	Tharun	3	MANA	predador noturno	80	23	19	52	39	montanha	luz
WRL_MON_0443	Deep Abissal Werebeast	Tharun	1	PRIMAL	errante	50	12	8	26	21	montanha	luz
WRL_MON_0445	Rune Errante Wyrm	Tharun	1	ELYTH	errante	46	11	10	21	21	forja	trevas
WRL_MON_0447	Ember Cristalino Direhound	Tharun	1	ELYTH	errante	50	10	9	28	16	caverna	veneno
WRL_MON_0449	Ember Feral Ogre	Tharun	5	VELLUM	errante	112	30	25	75	51	mina	gelo
WRL_MON_0451	Ore Devastador Basilisk	Tharun	3	PRIMAL	territorial	69	20	16	46	38	forja	vento
WRL_MON_0453	Stone Devastador Spider	Tharun	0	PRIMAL	territorial	32	4	5	9	9	forja	veneno
WRL_MON_0455	Crag de Espinhos Elemental	Tharun	1	MANA	predador noturno	39	12	9	24	17	montanha	fogo
WRL_MON_0457	Copper Alado Kobold	Tharun	3	VELLUM	emboscador	69	20	17	49	40	forja	eletricidade
WRL_MON_0459	Basalt Abissal Lynx	Tharun	0	MANA	errante	20	8	3	12	14	montanha	veneno
WRL_MON_0461	Forge Devastador Wyrm	Tharun	5	NONE	errante	109	30	23	68	49	caverna	gelo
WRL_MON_0463	Basalt de Raiz Djinn	Tharun	1	PRIMAL	predador noturno	37	10	10	21	18	caverna	veneno
WRL_MON_0465	Adamant Real Ogre	Tharun	2	NONE	errante	51	14	14	37	29	forja	gelo
WRL_MON_0467	Crag Pequeno Bat	Tharun	3	ELYTH	inteligente e cauteloso	72	22	17	51	33	forja	som
WRL_MON_0469	Basalt de Espinhos Titan	Tharun	1	MANA	predador noturno	48	10	11	21	13	desfiladeiro	gelo
WRL_MON_0471	Obsidian de Maré Lich	Tharun	8	PRIMAL	solitário	161	47	36	104	83	caverna	terra
WRL_MON_0473	Forge Corrompido Fairy	Tharun	0	VELLUM	solitário	32	6	7	9	14	desfiladeiro	gelo
WRL_MON_0475	Forge Jovem Mimic	Tharun	9	ELYTH	errante	177	52	39	122	85	montanha	terra
WRL_MON_0477	Stone Silvestre Vampire	Tharun	0	PRIMAL	protetor de ninho	26	8	7	15	9	forja	vento
WRL_MON_0479	Basalt Abissal Lich	Tharun	2	MANA	gregário	61	14	15	38	26	montanha	luz
WRL_MON_0481	Iron de Sangue Stag	Tharun	3	VELLUM	gregário	66	19	16	44	38	desfiladeiro	gelo
WRL_MON_0483	Stone Pequeno Goblin	Tharun	0	ELYTH	inteligente e cauteloso	29	5	4	15	9	caverna	vento
WRL_MON_0485	Ore de Pedra Slime	Tharun	5	PRIMAL	protetor de ninho	113	34	23	72	51	caverna	som
WRL_MON_0487	Iron Feral Wyrm	Tharun	0	NONE	territorial	34	8	7	15	9	montanha	gelo
WRL_MON_0489	Stone Glacial Ogre	Tharun	2	NONE	errante	63	16	15	37	23	montanha	fogo
WRL_MON_0491	Copper Corrompido Elemental	Tharun	1	PRIMAL	inteligente e cauteloso	34	10	7	24	18	montanha	gelo
WRL_MON_0493	Copper Caçador Mooncalf	Tharun	3	VELLUM	predador noturno	77	20	16	52	35	caverna	água
WRL_MON_0495	Obsidian de Maré Beetle	Tharun	2	VELLUM	caçador de matilha	57	14	11	39	25	montanha	luz
WRL_MON_0497	Hammer Primal Kraken	Tharun	1	VELLUM	inteligente e cauteloso	44	11	10	22	19	caverna	veneno
WRL_MON_0499	Iron de Sangue Centaur	Tharun	5	VELLUM	predador noturno	112	29	26	76	57	mina	eletricidade
WRL_MON_0501	Ember Flamejante Troll	Tharun	5	NONE	gregário	98	34	23	68	55	montanha	terra
WRL_MON_0503	Hammer de Sangue Wyvern	Tharun	0	VELLUM	solitário	20	6	3	11	9	desfiladeiro	gelo
WRL_MON_0505	Crag de Pedra Sprite	Tharun	7	VELLUM	protetor de ninho	140	41	33	98	77	desfiladeiro	vento
WRL_MON_0507	Deep Guardião Golem	Tharun	1	VELLUM	inteligente e cauteloso	42	12	7	27	20	desfiladeiro	terra
WRL_MON_0509	Hammer de Sangue Dryad	Tharun	1	MANA	territorial	35	11	11	27	13	desfiladeiro	terra
WRL_MON_0511	Granite Caçador Wyvern	Tharun	6	NONE	errante	115	37	30	84	61	desfiladeiro	luz
WRL_MON_0513	Rune de Espinhos Bear	Tharun	5	MANA	solitário	112	34	23	72	52	mina	fogo
WRL_MON_0515	Deep Cristalino Toad	Tharun	4	PRIMAL	solitário	84	24	23	56	44	desfiladeiro	trevas
WRL_MON_0517	Granite Luminoso Nightmare	Tharun	4	VELLUM	emboscador	86	24	23	62	45	mina	terra
WRL_MON_0519	Iron Sombrio Elemental	Tharun	5	ELYTH	inteligente e cauteloso	108	33	24	69	52	caverna	água
WRL_MON_0521	Basalt de Sol Lynx	Tharun	4	MANA	predador noturno	95	26	23	64	48	montanha	gelo
WRL_MON_0523	Crag de Cinzas Gryphon	Tharun	2	PRIMAL	errante	57	14	11	32	24	mina	som
WRL_MON_0525	Rune Cristalino Lynx	Tharun	2	MANA	predador noturno	62	16	14	37	24	caverna	água
WRL_MON_0527	Copper de Sangue Beetle	Tharun	1	NONE	gregário	49	13	10	28	16	caverna	gelo
WRL_MON_0529	Granite Silvestre Bear	Tharun	8	MANA	territorial	157	44	38	112	82	caverna	gelo
WRL_MON_0531	Forge Voraz Crow	Tharun	3	PRIMAL	gregário	67	24	15	50	37	mina	eletricidade
WRL_MON_0533	Ore Alado Direhound	Tharun	1	PRIMAL	caçador de matilha	32	11	10	20	13	caverna	veneno
WRL_MON_0535	Hammer de Névoa Direhound	Tharun	8	MANA	gregário	153	45	35	108	84	desfiladeiro	fogo
WRL_MON_0537	Basalt de Sol Golem	Tharun	5	ELYTH	inteligente e cauteloso	107	33	27	72	58	caverna	água
WRL_MON_0539	Obsidian Silvestre Rakshasa	Tharun	2	PRIMAL	inteligente e cauteloso	62	19	14	32	25	forja	eletricidade
WRL_MON_0541	Rune de Lua Treant	Tharun	1	ELYTH	protetor de ninho	39	10	8	26	20	desfiladeiro	luz
WRL_MON_0543	Ore Luminoso Demon	Tharun	1	ELYTH	gregário	35	10	7	28	21	forja	trevas
WRL_MON_0081	Reef Jovem Treant	Nyssara	7	PRIMAL	caçador de matilha	137	44	34	98	67	recife	trevas
WRL_MON_0083	Trench Tempestuoso Minotaur	Nyssara	3	ELYTH	caçador de matilha	76	24	15	48	35	recife	vento
WRL_MON_0085	Foam de Maré Drake	Nyssara	8	MANA	territorial	162	45	35	109	78	lago	eletricidade
WRL_MON_0087	Shell Real Mimic	Nyssara	2	PRIMAL	caçador de matilha	65	16	13	32	32	recife	som
WRL_MON_0089	Pearl Sombrio Serpent	Nyssara	7	VELLUM	solitário	140	44	35	98	75	lago	fogo
WRL_MON_0091	Coral de Sol Werebeast	Nyssara	5	PRIMAL	errante	112	34	26	71	57	pântano	terra
WRL_MON_0093	Abyss Silvestre Spider	Nyssara	7	VELLUM	gregário	135	43	31	96	72	lago	água
WRL_MON_0095	Foam Alado Toad	Nyssara	0	MANA	protetor de ninho	25	4	6	10	7	pântano	fogo
WRL_MON_0097	Pearl Alado Spider	Nyssara	3	MANA	territorial	80	24	15	49	35	recife	terra
WRL_MON_0099	Tide Glacial Basilisk	Nyssara	1	ELYTH	caçador de matilha	50	10	7	28	18	lago	veneno
WRL_MON_0101	Coral Flamejante Serpent	Nyssara	7	ELYTH	gregário	142	44	35	97	72	oceano	som
WRL_MON_0103	Brine de Raiz Golem	Nyssara	1	MANA	inteligente e cauteloso	46	10	10	28	16	recife	som
WRL_MON_0105	Brine Real Wolf	Nyssara	3	ELYTH	errante	77	22	17	51	32	lago	fogo
WRL_MON_0107	Mist Pequeno Minotaur	Nyssara	4	PRIMAL	protetor de ninho	88	29	19	62	43	costa	veneno
WRL_MON_0109	Foam de Trovão Kobold	Nyssara	1	ELYTH	protetor de ninho	50	11	11	26	15	costa	som
WRL_MON_0111	Coral Caçador Lich	Nyssara	0	VELLUM	protetor de ninho	27	7	5	9	12	oceano	água
WRL_MON_0113	Storm Corrompido Nightmare	Nyssara	5	MANA	territorial	110	31	23	74	56	pântano	veneno
WRL_MON_0115	Mist Pequeno Direhound	Nyssara	4	MANA	inteligente e cauteloso	88	29	19	61	40	costa	fogo
WRL_MON_0117	Tide Feral Lich	Nyssara	1	NONE	caçador de matilha	37	10	9	21	22	pântano	fogo
WRL_MON_0119	Storm de Lua Orc	Nyssara	3	ELYTH	predador noturno	73	24	15	52	37	oceano	luz
WRL_MON_0121	Foam de Espinhos Drake	Nyssara	5	PRIMAL	gregário	111	31	23	70	56	oceano	veneno
WRL_MON_0123	Mist Caçador Wyrm	Nyssara	4	MANA	emboscador	90	27	22	61	47	costa	som
WRL_MON_0125	Kelp de Ferro Basilisk	Nyssara	2	MANA	territorial	54	19	11	33	25	costa	gelo
WRL_MON_0127	Moon Abissal Drake	Nyssara	0	PRIMAL	emboscador	21	6	4	12	11	oceano	som
WRL_MON_0129	Kelp de Névoa Spider	Nyssara	1	VELLUM	gregário	38	12	7	27	18	lago	gelo
WRL_MON_0131	Coral Silvestre Bear	Nyssara	0	NONE	predador noturno	30	8	6	9	11	pântano	trevas
WRL_MON_0133	Coral de Sol Serpent	Nyssara	0	MANA	gregário	26	8	7	11	6	oceano	eletricidade
WRL_MON_0135	Trench Alado Rat	Nyssara	4	ELYTH	errante	95	26	19	56	49	oceano	vento
WRL_MON_0137	Brine Caçador Colossus	Nyssara	3	NONE	caçador de matilha	78	21	16	48	40	lago	gelo
WRL_MON_0139	Foam Antigo Minotaur	Nyssara	9	MANA	territorial	167	52	42	117	87	lago	fogo
WRL_MON_0141	Reef Maior Vampire	Nyssara	1	NONE	inteligente e cauteloso	45	9	7	27	17	recife	trevas
WRL_MON_0143	Mist Flamejante Goblin	Nyssara	5	ELYTH	solitário	109	34	26	74	55	pântano	fogo
WRL_MON_0145	Pearl de Espinhos Crow	Nyssara	0	MANA	caçador de matilha	28	7	7	14	4	recife	gelo
WRL_MON_0147	Current de Raiz Drake	Nyssara	5	MANA	gregário	111	29	25	72	51	recife	eletricidade
WRL_MON_0149	Abyss de Areia Goblin	Nyssara	5	VELLUM	emboscador	111	29	26	74	54	lago	fogo
WRL_MON_0151	Coral Errante Wyrm	Nyssara	7	ELYTH	errante	143	40	35	97	71	oceano	veneno
WRL_MON_0153	Shell Tempestuoso Wolf	Nyssara	2	NONE	emboscador	53	19	12	35	22	recife	eletricidade
WRL_MON_0155	Foam Sagrado Specter	Nyssara	3	ELYTH	caçador de matilha	71	19	17	47	36	pântano	luz
WRL_MON_0157	Moon de Gelo Hydra	Nyssara	0	PRIMAL	inteligente e cauteloso	29	7	7	11	13	pântano	eletricidade
WRL_MON_0159	Kelp de Névoa Salamander	Nyssara	6	ELYTH	emboscador	117	37	27	83	60	oceano	veneno
WRL_MON_0161	Tide Errante Treant	Nyssara	0	PRIMAL	territorial	28	7	7	11	6	lago	veneno
WRL_MON_0163	Reef Cristalino Bear	Nyssara	3	PRIMAL	inteligente e cauteloso	79	22	18	51	35	costa	vento
WRL_MON_0165	Foam Flamejante Roc	Nyssara	3	ELYTH	errante	75	22	15	45	33	oceano	gelo
WRL_MON_0167	Trench de Gelo Ogre	Nyssara	3	NONE	errante	73	19	15	50	31	oceano	eletricidade
WRL_MON_0169	Foam Tempestuoso Ogre	Nyssara	2	VELLUM	caçador de matilha	52	14	12	34	31	costa	gelo
WRL_MON_0171	Abyss de Sol Hydra	Nyssara	4	PRIMAL	gregário	85	29	21	60	47	recife	eletricidade
WRL_MON_0173	Abyss Voraz Basilisk	Nyssara	1	ELYTH	predador noturno	47	9	9	20	23	costa	água
WRL_MON_0175	Moon Tempestuoso Minotaur	Nyssara	0	VELLUM	protetor de ninho	18	9	5	16	9	lago	som
WRL_MON_0177	Trench de Névoa Angel	Nyssara	2	MANA	gregário	64	17	15	35	23	costa	vento
WRL_MON_0179	Shell de Pedra Vampire	Nyssara	4	ELYTH	territorial	88	24	21	60	50	pântano	trevas
WRL_MON_0181	Pearl de Lua Stag	Nyssara	4	VELLUM	caçador de matilha	81	28	21	62	45	costa	gelo
WRL_MON_0183	Storm Real Wyrm	Nyssara	8	ELYTH	inteligente e cauteloso	150	45	35	109	86	recife	terra
WRL_MON_0185	Mist Cristalino Elemental	Nyssara	0	ELYTH	emboscador	28	8	6	15	5	oceano	terra
WRL_MON_0187	Moon Sagrado Lich	Nyssara	2	ELYTH	caçador de matilha	55	18	12	35	26	oceano	trevas
WRL_MON_0189	Kelp Venenoso Lich	Nyssara	1	MANA	inteligente e cauteloso	33	12	9	28	23	oceano	terra
WRL_MON_0191	Trench de Raiz Elemental	Nyssara	0	ELYTH	gregário	18	7	6	9	13	recife	terra
WRL_MON_0193	Shell de Sangue Basilisk	Nyssara	0	NONE	emboscador	30	6	5	15	5	recife	som
WRL_MON_0195	Tide de Ferro Wyrm	Nyssara	1	NONE	solitário	46	11	8	25	21	lago	fogo
WRL_MON_0197	Kelp Glacial Wraith	Nyssara	1	PRIMAL	errante	36	13	9	23	13	pântano	trevas
WRL_MON_0199	Foam Sagrado Revenant	Nyssara	1	VELLUM	errante	47	10	8	22	18	lago	vento
WRL_MON_0201	Trench de Espinhos Wolf	Nyssara	1	MANA	predador noturno	43	11	10	26	22	costa	fogo
WRL_MON_0203	Kelp Caçador Lich	Nyssara	1	MANA	territorial	39	12	9	21	15	lago	som
WRL_MON_0205	Mist Tempestuoso Behemoth	Nyssara	0	VELLUM	gregário	30	7	7	10	4	lago	som
WRL_MON_0207	Pearl Glacial Mooncalf	Nyssara	2	ELYTH	errante	64	14	15	34	27	oceano	eletricidade
WRL_MON_0209	Kelp Flamejante Imp	Nyssara	3	PRIMAL	solitário	71	24	16	50	40	recife	luz
WRL_MON_0211	Abyss de Lua Orc	Nyssara	6	NONE	errante	116	36	31	85	67	pântano	água
WRL_MON_0213	Pearl de Pedra Mimic	Nyssara	4	ELYTH	protetor de ninho	95	27	20	62	47	recife	vento
WRL_MON_0215	Tide Jovem Minotaur	Nyssara	3	NONE	protetor de ninho	75	24	15	46	41	oceano	vento
WRL_MON_0217	Brine de Pedra Manticores	Nyssara	4	NONE	errante	93	25	20	61	50	pântano	gelo
WRL_MON_0219	Reef Corrompido Basilisk	Nyssara	1	ELYTH	inteligente e cauteloso	50	11	8	27	17	recife	terra
WRL_MON_0221	Coral Corrompido Lynx	Nyssara	0	MANA	caçador de matilha	28	8	5	13	5	oceano	trevas
WRL_MON_0223	Mist Caçador Kobold	Nyssara	5	MANA	solitário	103	31	27	75	50	oceano	veneno
WRL_MON_0225	Reef de Maré Bat	Nyssara	6	VELLUM	caçador de matilha	126	35	31	80	65	recife	som
WRL_MON_0227	Trench Pequeno Chimera	Nyssara	1	ELYTH	predador noturno	33	12	7	20	15	oceano	som
WRL_MON_0229	Trench de Trovão Wraith	Nyssara	1	MANA	errante	45	9	11	20	17	recife	gelo
WRL_MON_0231	Tide de Maré Gryphon	Nyssara	2	MANA	solitário	53	19	11	36	25	recife	terra
WRL_MON_0233	Storm Blindado Titan	Nyssara	5	MANA	gregário	109	33	24	68	59	oceano	fogo
WRL_MON_0235	Mist Ancestral Bat	Nyssara	4	NONE	inteligente e cauteloso	93	29	22	58	42	costa	veneno
WRL_MON_0237	Kelp de Trovão Kraken	Nyssara	1	MANA	caçador de matilha	32	13	10	28	15	oceano	trevas
WRL_MON_0239	Brine de Névoa Spider	Nyssara	2	VELLUM	protetor de ninho	66	16	11	37	27	recife	fogo
WRL_MON_0241	Reef Jovem Wraith	Nyssara	1	VELLUM	gregário	48	13	7	26	16	oceano	gelo
WRL_MON_0243	Storm Blindado Spider	Nyssara	3	ELYTH	caçador de matilha	73	24	16	44	35	lago	veneno
WRL_MON_0245	Kelp de Areia Troll	Nyssara	4	ELYTH	solitário	86	26	22	62	47	costa	água
WRL_MON_0247	Brine de Maré Drake	Nyssara	7	NONE	solitário	139	42	31	94	70	lago	vento
WRL_MON_0249	Coral de Areia Bear	Nyssara	4	PRIMAL	gregário	89	26	21	57	43	pântano	água
WRL_MON_0251	Storm Antigo Hydra	Nyssara	8	ELYTH	caçador de matilha	149	48	35	106	86	oceano	vento
WRL_MON_0253	Foam Silvestre Nightmare	Nyssara	1	MANA	inteligente e cauteloso	33	12	7	21	20	oceano	luz
WRL_MON_0255	Mist Abissal Ogre	Nyssara	2	MANA	predador noturno	52	18	13	32	24	lago	luz
WRL_MON_0257	Shell de Sol Unicorn	Nyssara	2	ELYTH	predador noturno	50	18	12	37	30	costa	luz
WRL_MON_0259	Kelp Antigo Roc	Nyssara	3	ELYTH	errante	80	20	18	44	36	costa	eletricidade
WRL_MON_0261	Current Sombrio Orc	Nyssara	4	ELYTH	inteligente e cauteloso	96	28	21	56	46	pântano	vento
WRL_MON_0263	Shell de Trovão Revenant	Nyssara	5	VELLUM	errante	112	29	23	72	56	oceano	terra
WRL_MON_0265	Trench Antigo Boar	Nyssara	4	PRIMAL	predador noturno	81	27	21	63	48	oceano	fogo
WRL_MON_0267	Shell Feral Demon	Nyssara	0	NONE	territorial	22	5	7	15	11	recife	trevas
WRL_MON_0269	Brine Alado Serpent	Nyssara	2	PRIMAL	territorial	52	18	13	36	27	costa	água
WRL_MON_0271	Brine Voraz Behemoth	Nyssara	4	VELLUM	emboscador	93	28	21	57	47	oceano	luz
WRL_MON_0273	Moon Tempestuoso Sprite	Nyssara	2	VELLUM	errante	54	18	14	39	28	pântano	veneno
WRL_MON_0275	Tide de Sol Angel	Nyssara	1	PRIMAL	protetor de ninho	33	10	7	20	22	pântano	veneno
WRL_MON_0277	Storm de Névoa Wraith	Nyssara	6	MANA	territorial	115	38	31	80	61	costa	fogo
WRL_MON_0279	Reef Corrompido Wyvern	Nyssara	4	VELLUM	predador noturno	93	24	19	64	46	oceano	veneno
WRL_MON_0281	Abyss de Névoa Djinn	Nyssara	3	VELLUM	emboscador	79	22	17	44	40	lago	terra
WRL_MON_0283	Foam Alado Golem	Nyssara	2	ELYTH	protetor de ninho	65	17	12	34	22	recife	trevas
WRL_MON_0285	Reef Sombrio Wyvern	Nyssara	3	PRIMAL	solitário	72	21	19	45	35	lago	gelo
WRL_MON_0287	Tide Real Leviathan	Nyssara	3	NONE	solitário	64	23	18	44	35	recife	vento
WRL_MON_0289	Moon de Maré Dryad	Nyssara	2	ELYTH	errante	51	14	13	32	23	lago	som
WRL_MON_0291	Trench Guardião Wyrm	Nyssara	6	PRIMAL	solitário	124	38	30	80	62	lago	terra
WRL_MON_0293	Brine Flamejante Djinn	Nyssara	4	PRIMAL	inteligente e cauteloso	94	26	21	60	50	pântano	terra
WRL_MON_0295	Pearl Tempestuoso Serpent	Nyssara	0	ELYTH	protetor de ninho	26	7	3	10	11	oceano	terra
WRL_MON_0297	Reef Sagrado Griffin	Nyssara	5	NONE	predador noturno	105	32	23	74	50	pântano	luz
WRL_MON_0299	Tide Jovem Rakshasa	Nyssara	1	MANA	protetor de ninho	40	13	11	21	23	recife	terra
WRL_MON_0301	Coral de Gelo Imp	Nyssara	4	NONE	predador noturno	88	27	22	60	44	oceano	veneno
WRL_MON_0303	Current Venenoso Mantis	Nyssara	6	PRIMAL	gregário	128	36	27	81	67	recife	vento
WRL_MON_0305	Kelp de Trovão Nightmare	Nyssara	1	NONE	emboscador	46	13	7	20	19	lago	eletricidade
WRL_MON_0307	Tide Glacial Golem	Nyssara	0	NONE	caçador de matilha	29	6	5	12	7	lago	vento
WRL_MON_0309	Trench Maior Manticores	Nyssara	4	MANA	caçador de matilha	92	29	19	60	47	recife	água
WRL_MON_0311	Pearl Tempestuoso Angel	Nyssara	8	NONE	solitário	161	48	38	107	85	costa	som
WRL_MON_0313	Coral Voraz Mimic	Nyssara	6	ELYTH	emboscador	130	38	27	85	66	lago	água
WRL_MON_0315	Shell de Espinhos Hydra	Nyssara	5	VELLUM	predador noturno	105	30	26	74	53	costa	trevas
WRL_MON_0317	Coral de Espinhos Goblin	Nyssara	6	VELLUM	territorial	128	34	27	86	59	oceano	eletricidade
WRL_MON_0319	Brine Blindado Crow	Nyssara	5	NONE	inteligente e cauteloso	111	29	24	68	56	pântano	vento
WRL_MON_0321	Kelp de Gelo Dryad	Nyssara	4	PRIMAL	gregário	98	28	19	59	47	costa	gelo
WRL_MON_0323	Shell Luminoso Beetle	Nyssara	5	ELYTH	errante	96	31	23	74	53	recife	água
WRL_MON_0325	Tide Devastador Mantis	Nyssara	8	MANA	solitário	147	44	38	107	76	costa	trevas
WRL_MON_0327	Mist Cristalino Revenant	Nyssara	3	ELYTH	predador noturno	80	21	18	49	35	costa	gelo
WRL_MON_0329	Current Errante Salamander	Nyssara	0	PRIMAL	emboscador	16	6	4	9	13	oceano	veneno
WRL_MON_0331	Storm Antigo Treant	Nyssara	3	ELYTH	protetor de ninho	72	20	18	46	33	recife	fogo
WRL_MON_0333	Current Sombrio Bear	Nyssara	1	ELYTH	emboscador	49	12	10	28	22	recife	gelo
WRL_MON_0335	Shell Sagrado Demon	Nyssara	2	ELYTH	territorial	49	15	12	33	23	costa	luz
WRL_MON_0337	Tide de Pedra Chimera	Nyssara	1	NONE	errante	43	13	11	23	18	oceano	veneno
WRL_MON_0339	Foam de Trovão Minotaur	Nyssara	5	MANA	territorial	100	32	27	74	49	costa	água
WRL_MON_0341	Moon de Lua Crow	Nyssara	0	MANA	caçador de matilha	34	9	3	9	13	pântano	eletricidade
WRL_MON_0343	Brine de Maré Manticores	Nyssara	2	ELYTH	caçador de matilha	49	19	15	34	24	costa	luz
WRL_MON_0345	Mist Alado Behemoth	Nyssara	5	VELLUM	predador noturno	102	33	26	72	59	recife	gelo
WRL_MON_0347	Moon Glacial Griffin	Nyssara	6	NONE	inteligente e cauteloso	115	38	27	81	58	oceano	eletricidade
WRL_MON_0349	Tide de Névoa Specter	Nyssara	2	ELYTH	territorial	59	18	13	35	23	costa	luz
WRL_MON_0351	Abyss Glacial Kobold	Nyssara	1	MANA	caçador de matilha	32	9	8	25	17	oceano	eletricidade
WRL_MON_0353	Mist de Cinzas Salamander	Nyssara	1	VELLUM	protetor de ninho	46	14	10	26	14	recife	luz
WRL_MON_0355	Kelp de Areia Manticores	Nyssara	3	ELYTH	predador noturno	67	19	16	47	31	costa	trevas
WRL_MON_0357	Mist Pequeno Stag	Nyssara	4	PRIMAL	gregário	88	29	19	59	50	oceano	terra
WRL_MON_0359	Brine Feral Wyvern	Nyssara	0	ELYTH	emboscador	28	6	3	11	8	oceano	trevas
WRL_MON_0361	Trench Errante Boar	Nyssara	3	ELYTH	predador noturno	74	20	18	51	41	pântano	gelo
WRL_MON_0363	Mist de Névoa Centaur	Nyssara	0	NONE	protetor de ninho	32	9	6	10	10	pântano	terra
WRL_MON_0365	Mist Guardião Unicorn	Nyssara	2	VELLUM	inteligente e cauteloso	50	19	11	38	30	pântano	som
WRL_MON_0367	Trench de Pedra Angel	Nyssara	3	VELLUM	caçador de matilha	75	21	18	46	34	recife	luz
WRL_MON_0369	Current Ancestral Harpy	Nyssara	3	VELLUM	emboscador	80	22	18	47	34	oceano	terra
WRL_MON_0371	Storm Primal Werebeast	Nyssara	4	VELLUM	emboscador	81	27	20	59	47	pântano	fogo
WRL_MON_0373	Moon de Maré Serpent	Nyssara	3	ELYTH	caçador de matilha	75	24	19	45	37	costa	terra
WRL_MON_0375	Brine Guardião Imp	Nyssara	6	VELLUM	caçador de matilha	130	36	31	85	58	oceano	som
WRL_MON_0377	Trench de Gelo Kobold	Nyssara	5	MANA	inteligente e cauteloso	99	32	25	71	49	pântano	terra
WRL_MON_0379	Moon Guardião Harpy	Nyssara	4	VELLUM	predador noturno	89	24	21	56	44	lago	terra
WRL_MON_0381	Shell de Trovão Wraith	Nyssara	1	PRIMAL	protetor de ninho	35	13	8	24	17	oceano	trevas
WRL_MON_0383	Shell Jovem Minotaur	Nyssara	3	VELLUM	errante	77	22	17	47	35	costa	luz
WRL_MON_0385	Storm Caçador Mantis	Nyssara	1	PRIMAL	gregário	40	11	8	20	20	oceano	vento
WRL_MON_0387	Pearl Cristalino Basilisk	Nyssara	4	PRIMAL	gregário	96	28	21	56	41	pântano	som
WRL_MON_0389	Coral Antigo Behemoth	Nyssara	3	PRIMAL	protetor de ninho	75	23	18	51	36	costa	terra
WRL_MON_0391	Kelp Rúnico Revenant	Nyssara	0	NONE	territorial	33	7	5	11	10	recife	vento
WRL_MON_0393	Shell Luminoso Boar	Nyssara	5	PRIMAL	errante	101	30	27	69	55	oceano	eletricidade
WRL_MON_0395	Shell Primal Rat	Nyssara	0	PRIMAL	predador noturno	34	6	5	12	14	recife	água
WRL_MON_0397	Tide Jovem Kobold	Nyssara	0	VELLUM	caçador de matilha	27	5	5	15	14	lago	trevas
WRL_MON_0399	Abyss de Pedra Lich	Nyssara	2	PRIMAL	territorial	60	16	14	33	28	lago	trevas
WRL_MON_0401	Mist Corrompido Mimic	Nyssara	2	MANA	emboscador	60	19	14	40	24	pântano	som
WRL_MON_0403	Shell de Ferro Wyrm	Nyssara	1	NONE	caçador de matilha	36	11	10	28	21	lago	trevas
WRL_MON_0405	Shell Antigo Wraith	Nyssara	5	ELYTH	inteligente e cauteloso	107	33	23	76	55	recife	vento
WRL_MON_0407	Abyss de Trovão Mantis	Nyssara	4	ELYTH	inteligente e cauteloso	81	29	19	58	49	pântano	terra
WRL_MON_0409	Foam Rúnico Harpy	Nyssara	2	ELYTH	inteligente e cauteloso	61	19	13	34	29	lago	som
WRL_MON_0411	Abyss Tempestuoso Salamander	Nyssara	2	PRIMAL	caçador de matilha	55	14	12	36	31	recife	luz
WRL_MON_0413	Shell de Maré Wraith	Nyssara	4	NONE	emboscador	85	24	20	58	45	oceano	trevas
WRL_MON_0415	Foam Venenoso Drake	Nyssara	0	ELYTH	territorial	33	9	6	12	9	recife	som
WRL_MON_0417	Current Guardião Fairy	Nyssara	3	ELYTH	inteligente e cauteloso	78	23	18	52	34	recife	veneno
WRL_MON_0419	Mist de Lua Bear	Nyssara	6	NONE	predador noturno	130	37	31	81	66	pântano	gelo
WRL_MON_0421	Reef Jovem Serpent	Nyssara	7	NONE	territorial	128	41	34	96	77	recife	gelo
WRL_MON_0423	Shell de Sangue Golem	Nyssara	1	MANA	caçador de matilha	41	13	7	26	15	oceano	som
WRL_MON_0425	Trench de Maré Spider	Nyssara	7	PRIMAL	protetor de ninho	132	42	35	99	72	costa	som
WRL_MON_0427	Coral de Sol Stag	Nyssara	3	PRIMAL	caçador de matilha	64	22	19	44	39	recife	veneno
WRL_MON_0429	Reef Blindado Werebeast	Nyssara	2	ELYTH	caçador de matilha	63	17	14	37	22	costa	fogo
WRL_MON_0431	Foam de Areia Mooncalf	Nyssara	0	ELYTH	caçador de matilha	18	5	3	10	9	pântano	luz
WRL_MON_0433	Trench de Névoa Mantis	Nyssara	1	PRIMAL	solitário	36	9	7	28	18	lago	veneno
WRL_MON_0435	Abyss Venenoso Demon	Nyssara	6	VELLUM	inteligente e cauteloso	128	37	27	88	65	recife	som
WRL_MON_0437	Storm Ancestral Sprite	Nyssara	3	PRIMAL	solitário	67	23	15	52	38	costa	gelo
WRL_MON_0439	Moon de Espinhos Vampire	Nyssara	1	VELLUM	gregário	45	9	10	28	15	costa	vento
WRL_MON_0441	Shell de Ferro Roc	Nyssara	6	VELLUM	errante	122	34	31	86	65	recife	som
WRL_MON_0443	Trench Venenoso Orc	Nyssara	0	ELYTH	predador noturno	33	7	6	12	12	oceano	luz
WRL_MON_0445	Brine de Areia Roc	Nyssara	4	NONE	solitário	92	28	23	59	43	lago	veneno
WRL_MON_0447	Pearl Rúnico Behemoth	Nyssara	7	VELLUM	predador noturno	138	41	35	99	71	recife	trevas
WRL_MON_0449	Mist de Maré Dryad	Nyssara	0	MANA	errante	29	9	3	11	10	recife	trevas
WRL_MON_0451	Shell Antigo Kobold	Nyssara	0	NONE	emboscador	28	4	3	10	10	lago	terra
WRL_MON_0453	Tide Glacial Salamander	Nyssara	3	MANA	solitário	65	23	18	45	41	costa	vento
WRL_MON_0455	Tide de Gelo Troll	Nyssara	4	MANA	caçador de matilha	95	25	22	58	48	pântano	som
WRL_MON_0457	Pearl de Ferro Sprite	Nyssara	0	ELYTH	solitário	22	9	7	14	8	pântano	gelo
WRL_MON_0459	Storm Abissal Lich	Nyssara	5	NONE	territorial	107	32	23	70	57	recife	terra
WRL_MON_0461	Mist de Névoa Specter	Nyssara	2	MANA	solitário	50	19	13	38	25	lago	som
WRL_MON_0463	Tide Errante Manticores	Nyssara	4	PRIMAL	solitário	93	25	22	59	41	costa	fogo
WRL_MON_0465	Shell Abissal Toad	Nyssara	3	VELLUM	territorial	64	21	19	50	31	oceano	gelo
WRL_MON_0467	Shell de Cinzas Lynx	Nyssara	5	VELLUM	territorial	110	34	25	70	54	lago	água
WRL_MON_0469	Coral Voraz Imp	Nyssara	1	ELYTH	inteligente e cauteloso	43	10	11	26	14	oceano	terra
WRL_MON_0471	Foam Errante Drake	Nyssara	6	MANA	protetor de ninho	122	34	29	81	60	oceano	fogo
WRL_MON_0473	Storm de Trovão Mooncalf	Nyssara	9	PRIMAL	inteligente e cauteloso	162	52	39	120	94	pântano	gelo
WRL_MON_0475	Brine Venenoso Harpy	Nyssara	0	VELLUM	emboscador	25	8	4	8	10	recife	gelo
WRL_MON_0477	Storm Alado Naga	Nyssara	6	VELLUM	caçador de matilha	130	35	31	87	65	pântano	trevas
WRL_MON_0479	Reef Venenoso Dryad	Nyssara	4	PRIMAL	solitário	88	25	22	62	42	pântano	fogo
WRL_MON_0481	Shell de Raiz Gryphon	Nyssara	0	VELLUM	territorial	31	7	6	14	14	lago	fogo
WRL_MON_0483	Moon Guardião Hydra	Nyssara	8	VELLUM	solitário	150	44	39	104	86	oceano	fogo
WRL_MON_0485	Pearl Primal Bat	Nyssara	3	MANA	territorial	77	24	15	47	31	oceano	trevas
WRL_MON_0487	Brine Errante Nightmare	Nyssara	6	NONE	errante	122	39	27	88	59	lago	som
WRL_MON_0489	Shell Corrompido Spider	Nyssara	6	MANA	territorial	114	38	31	82	66	lago	gelo
WRL_MON_0491	Abyss Ancestral Mimic	Nyssara	0	ELYTH	caçador de matilha	20	5	6	16	11	oceano	gelo
WRL_MON_0493	Pearl Caçador Dryad	Nyssara	4	ELYTH	solitário	92	24	21	58	41	lago	eletricidade
WRL_MON_0495	Foam Ancestral Mooncalf	Nyssara	9	VELLUM	solitário	167	54	40	122	93	recife	eletricidade
WRL_MON_0497	Current Sagrado Unicorn	Nyssara	6	MANA	errante	120	36	27	84	67	oceano	água
WRL_MON_0499	Shell Corrompido Serpent	Nyssara	0	NONE	solitário	20	7	7	9	13	recife	eletricidade
WRL_MON_0501	Trench Sombrio Wyrm	Nyssara	3	NONE	gregário	81	19	18	50	34	pântano	terra
WRL_MON_0503	Foam Real Dryad	Nyssara	5	ELYTH	territorial	99	29	26	68	59	lago	som
WRL_MON_0505	Abyss de Areia Leviathan	Nyssara	2	VELLUM	predador noturno	65	19	12	33	25	oceano	eletricidade
WRL_MON_0507	Kelp de Pedra Titan	Nyssara	3	NONE	gregário	82	22	18	44	32	lago	luz
WRL_MON_0509	Tide Silvestre Bat	Nyssara	1	MANA	emboscador	36	9	11	20	21	lago	água
WRL_MON_0511	Tide Feral Manticores	Nyssara	6	PRIMAL	territorial	119	38	31	86	58	lago	eletricidade
WRL_MON_0513	Coral Feral Wraith	Nyssara	5	ELYTH	solitário	111	31	23	74	54	recife	vento
WRL_MON_0515	Abyss Alado Basilisk	Nyssara	2	NONE	territorial	52	19	15	36	26	recife	veneno
WRL_MON_0517	Coral Rúnico Imp	Nyssara	6	PRIMAL	emboscador	112	39	31	87	58	pântano	som
WRL_MON_0519	Coral Caçador Leviathan	Nyssara	8	MANA	solitário	151	44	36	105	76	costa	gelo
WRL_MON_0521	Current de Maré Lynx	Nyssara	4	MANA	emboscador	93	27	23	58	45	pântano	fogo
WRL_MON_0523	Reef Maior Harpy	Nyssara	5	MANA	solitário	111	34	23	69	57	pântano	trevas
WRL_MON_0525	Brine Real Leviathan	Nyssara	6	VELLUM	caçador de matilha	127	36	30	86	65	recife	terra
WRL_MON_0527	Coral Sombrio Crow	Nyssara	3	PRIMAL	emboscador	73	22	19	48	40	recife	gelo
WRL_MON_0529	Mist Devastador Gryphon	Nyssara	5	VELLUM	emboscador	103	31	26	73	55	recife	luz
WRL_MON_0531	Foam de Névoa Wraith	Nyssara	3	MANA	caçador de matilha	66	22	19	46	32	costa	trevas
WRL_MON_0533	Storm Blindado Behemoth	Nyssara	1	MANA	territorial	33	14	9	23	19	lago	eletricidade
WRL_MON_0535	Coral de Trovão Sprite	Nyssara	5	NONE	inteligente e cauteloso	96	32	27	69	56	oceano	vento
WRL_MON_0537	Mist de Pedra Slime	Nyssara	0	MANA	gregário	34	9	3	8	4	costa	veneno
WRL_MON_0539	Pearl Antigo Unicorn	Nyssara	9	MANA	emboscador	175	49	40	118	85	costa	som
WRL_MON_0541	Abyss Pequeno Behemoth	Nyssara	2	NONE	inteligente e cauteloso	56	15	12	40	22	pântano	terra
WRL_MON_0080	War de Gelo Roc	Valkyrion	1	MANA	protetor de ninho	42	9	9	27	14	campo	terra
WRL_MON_0082	Hoof de Sol Toad	Valkyrion	0	ELYTH	protetor de ninho	20	7	6	11	11	campo	água
WRL_MON_0084	Crown de Sangue Kobold	Valkyrion	7	PRIMAL	protetor de ninho	132	41	32	95	67	colina	trevas
WRL_MON_0086	Hoof Errante Basilisk	Valkyrion	1	NONE	inteligente e cauteloso	43	13	8	24	22	estrada	água
WRL_MON_0088	War de Névoa Unicorn	Valkyrion	9	VELLUM	gregário	161	52	41	123	89	campo	luz
WRL_MON_0090	Gale Rúnico Leviathan	Valkyrion	8	VELLUM	protetor de ninho	157	47	39	105	76	campo	luz
WRL_MON_0092	Crown Venenoso Kraken	Valkyrion	1	VELLUM	territorial	35	12	11	28	23	colina	gelo
WRL_MON_0094	War de Névoa Hydra	Valkyrion	3	NONE	inteligente e cauteloso	74	21	19	45	37	fortaleza	trevas
WRL_MON_0096	March Caçador Salamander	Valkyrion	4	VELLUM	territorial	93	25	21	62	50	fortaleza	veneno
WRL_MON_0098	War de Ferro Dryad	Valkyrion	1	NONE	errante	33	13	7	20	17	planície	vento
WRL_MON_0100	Crown Silvestre Mooncalf	Valkyrion	3	VELLUM	territorial	73	19	19	47	33	planície	água
WRL_MON_0102	Sable de Pedra Salamander	Valkyrion	1	ELYTH	caçador de matilha	47	14	9	27	23	estrada	terra
WRL_MON_0104	War Cristalino Lich	Valkyrion	3	MANA	emboscador	70	21	16	47	39	campo	gelo
WRL_MON_0106	Steel Abissal Orc	Valkyrion	3	VELLUM	inteligente e cauteloso	76	24	18	50	41	colina	luz
WRL_MON_0108	Gale Alado Mooncalf	Valkyrion	1	VELLUM	emboscador	34	9	7	21	22	colina	luz
WRL_MON_0110	Falcon Glacial Griffin	Valkyrion	9	NONE	inteligente e cauteloso	170	51	43	119	86	colina	fogo
WRL_MON_0112	Falcon Silvestre Specter	Valkyrion	2	VELLUM	predador noturno	52	18	13	40	31	campo	som
WRL_MON_0114	War de Maré Centaur	Valkyrion	3	VELLUM	solitário	74	21	17	46	32	estrada	trevas
WRL_MON_0116	Steel de Areia Unicorn	Valkyrion	1	NONE	predador noturno	42	9	8	20	15	fortaleza	gelo
WRL_MON_0118	Steel Jovem Minotaur	Valkyrion	9	PRIMAL	inteligente e cauteloso	176	52	41	123	85	colina	fogo
WRL_MON_0120	Crown de Névoa Bear	Valkyrion	0	VELLUM	emboscador	30	8	3	13	9	colina	luz
WRL_MON_0122	Oath Tempestuoso Sprite	Valkyrion	0	NONE	solitário	18	5	6	11	8	planície	vento
WRL_MON_0124	Lion Ancestral Sprite	Valkyrion	2	VELLUM	inteligente e cauteloso	56	15	11	33	24	campo	luz
WRL_MON_0126	Spear de Pedra Wraith	Valkyrion	0	MANA	errante	33	7	5	15	13	estrada	som
WRL_MON_0128	Oath Primal Rat	Valkyrion	3	PRIMAL	errante	73	22	19	52	35	fortaleza	gelo
WRL_MON_0130	Banner de Maré Angel	Valkyrion	1	NONE	solitário	48	14	11	20	22	campo	veneno
WRL_MON_0132	Sun de Areia Roc	Valkyrion	1	MANA	predador noturno	47	14	9	26	21	fortaleza	vento
WRL_MON_0134	Banner Feral Imp	Valkyrion	4	VELLUM	gregário	96	28	19	61	43	fortaleza	veneno
WRL_MON_0136	Lion Real Mimic	Valkyrion	3	NONE	predador noturno	80	21	15	48	38	planície	vento
WRL_MON_0138	Crown Maior Colossus	Valkyrion	6	VELLUM	territorial	121	36	27	82	60	colina	vento
WRL_MON_0140	Hoof Voraz Bat	Valkyrion	9	PRIMAL	solitário	170	50	42	120	88	planície	gelo
WRL_MON_0142	Gale de Sangue Drake	Valkyrion	7	MANA	errante	135	42	34	99	77	colina	trevas
WRL_MON_0144	Falcon Primal Wraith	Valkyrion	6	VELLUM	protetor de ninho	117	38	31	84	62	planície	veneno
WRL_MON_0146	War Tempestuoso Manticores	Valkyrion	5	VELLUM	caçador de matilha	111	30	23	75	52	fortaleza	som
WRL_MON_0148	Crown Feral Colossus	Valkyrion	2	ELYTH	emboscador	66	14	12	32	28	colina	vento
WRL_MON_0150	Sable Luminoso Wolf	Valkyrion	1	MANA	territorial	47	10	10	28	17	campo	fogo
WRL_MON_0152	March Primal Nightmare	Valkyrion	3	MANA	inteligente e cauteloso	65	23	18	48	33	colina	gelo
WRL_MON_0154	Banner Blindado Colossus	Valkyrion	1	PRIMAL	territorial	35	10	10	20	13	fortaleza	luz
WRL_MON_0156	War Luminoso Wraith	Valkyrion	5	MANA	caçador de matilha	99	30	23	70	51	colina	luz
WRL_MON_0158	Falcon Glacial Lich	Valkyrion	3	VELLUM	errante	70	23	17	48	35	campo	gelo
WRL_MON_0160	Steel Real Vampire	Valkyrion	5	VELLUM	inteligente e cauteloso	106	30	27	76	53	estrada	luz
WRL_MON_0162	Lion Silvestre Harpy	Valkyrion	2	ELYTH	predador noturno	58	17	13	34	27	colina	água
WRL_MON_0164	Gale Jovem Leviathan	Valkyrion	1	VELLUM	predador noturno	40	9	9	27	18	planície	luz
WRL_MON_0166	Crown Flamejante Fairy	Valkyrion	1	VELLUM	inteligente e cauteloso	33	14	10	26	20	campo	gelo
WRL_MON_0168	March Glacial Bear	Valkyrion	1	ELYTH	solitário	33	10	9	28	15	planície	gelo
WRL_MON_0170	Spear de Sol Sprite	Valkyrion	3	MANA	emboscador	65	22	15	51	41	planície	terra
WRL_MON_0172	Falcon Cristalino Demon	Valkyrion	1	NONE	territorial	36	11	10	27	14	fortaleza	eletricidade
WRL_MON_0174	Sun Antigo Specter	Valkyrion	0	NONE	gregário	21	4	5	15	12	estrada	água
WRL_MON_0176	March Rúnico Griffin	Valkyrion	2	MANA	solitário	55	19	14	32	31	campo	fogo
WRL_MON_0178	Banner de Sol Specter	Valkyrion	7	ELYTH	territorial	139	43	34	99	67	planície	água
WRL_MON_0180	Spear Blindado Salamander	Valkyrion	5	PRIMAL	emboscador	101	30	26	69	54	fortaleza	som
WRL_MON_0182	Oath de Espinhos Specter	Valkyrion	8	ELYTH	caçador de matilha	158	46	38	107	84	colina	eletricidade
WRL_MON_0184	March Maior Goblin	Valkyrion	5	PRIMAL	errante	110	34	24	69	56	estrada	trevas
WRL_MON_0186	Falcon Errante Mimic	Valkyrion	5	MANA	errante	98	31	26	73	55	estrada	veneno
WRL_MON_0188	Spear Ancestral Fairy	Valkyrion	0	MANA	territorial	25	8	6	10	8	estrada	trevas
WRL_MON_0190	Steel de Cinzas Colossus	Valkyrion	0	ELYTH	caçador de matilha	17	6	6	9	7	colina	fogo
WRL_MON_0192	Lion de Névoa Mantis	Valkyrion	1	VELLUM	inteligente e cauteloso	45	10	8	24	14	colina	som
WRL_MON_0194	Sun Antigo Drake	Valkyrion	5	NONE	territorial	105	33	26	75	59	planície	gelo
WRL_MON_0196	Spear Errante Wraith	Valkyrion	1	PRIMAL	predador noturno	34	12	8	27	18	colina	água
WRL_MON_0198	Falcon Tempestuoso Vampire	Valkyrion	1	PRIMAL	gregário	34	11	11	23	19	estrada	veneno
WRL_MON_0200	Steel Maior Naga	Valkyrion	1	ELYTH	inteligente e cauteloso	48	14	10	20	19	fortaleza	trevas
WRL_MON_0202	Knight Caçador Wyvern	Valkyrion	1	ELYTH	errante	32	10	10	23	22	campo	água
WRL_MON_0204	Spear de Trovão Djinn	Valkyrion	5	VELLUM	emboscador	103	32	23	70	56	fortaleza	veneno
WRL_MON_0206	Lion Cristalino Crow	Valkyrion	1	VELLUM	solitário	41	11	8	27	21	planície	terra
WRL_MON_0208	War Guardião Kobold	Valkyrion	4	NONE	protetor de ninho	87	24	21	56	49	fortaleza	veneno
WRL_MON_0210	Gale Voraz Minotaur	Valkyrion	0	PRIMAL	solitário	16	6	7	10	10	campo	veneno
WRL_MON_0212	Oath de Trovão Kobold	Valkyrion	5	MANA	predador noturno	100	29	27	71	51	fortaleza	vento
WRL_MON_0214	Sable Antigo Spider	Valkyrion	6	ELYTH	protetor de ninho	114	38	27	83	63	planície	som
WRL_MON_0216	War Venenoso Goblin	Valkyrion	3	VELLUM	inteligente e cauteloso	69	20	18	48	34	colina	som
WRL_MON_0218	March Pequeno Harpy	Valkyrion	1	NONE	territorial	41	11	9	20	15	fortaleza	luz
WRL_MON_0220	Falcon de Cinzas Goblin	Valkyrion	1	VELLUM	emboscador	32	10	11	24	13	fortaleza	luz
WRL_MON_0222	Lion de Trovão Griffin	Valkyrion	5	ELYTH	errante	104	33	23	76	54	estrada	trevas
WRL_MON_0224	Gale de Sol Kraken	Valkyrion	4	VELLUM	emboscador	95	26	22	61	50	estrada	gelo
WRL_MON_0226	March Errante Boar	Valkyrion	6	MANA	emboscador	115	36	27	88	68	colina	veneno
WRL_MON_0228	Gale de Areia Mimic	Valkyrion	4	NONE	predador noturno	82	27	20	60	47	fortaleza	água
WRL_MON_0230	Lion Feral Dryad	Valkyrion	3	VELLUM	territorial	66	24	17	46	34	fortaleza	veneno
WRL_MON_0232	Hoof de Trovão Lich	Valkyrion	1	ELYTH	caçador de matilha	47	10	8	20	21	campo	veneno
WRL_MON_0234	March Ancestral Serpent	Valkyrion	3	NONE	territorial	65	23	19	49	35	fortaleza	luz
WRL_MON_0236	Gale Tempestuoso Behemoth	Valkyrion	4	ELYTH	solitário	97	29	20	56	47	colina	luz
WRL_MON_0238	Falcon Rúnico Drake	Valkyrion	0	VELLUM	solitário	22	7	6	9	4	planície	água
WRL_MON_0240	Falcon Rúnico Hydra	Valkyrion	1	ELYTH	emboscador	46	10	10	24	13	estrada	vento
WRL_MON_0242	Knight Jovem Elemental	Valkyrion	0	NONE	protetor de ninho	28	7	4	9	10	campo	vento
WRL_MON_0244	Knight Devastador Imp	Valkyrion	0	ELYTH	inteligente e cauteloso	16	9	7	13	13	campo	água
WRL_MON_0246	War Errante Fairy	Valkyrion	5	MANA	caçador de matilha	107	34	25	70	58	campo	veneno
WRL_MON_0248	Steel de Ferro Serpent	Valkyrion	0	PRIMAL	predador noturno	34	5	7	12	11	estrada	trevas
WRL_MON_0250	March de Gelo Bat	Valkyrion	2	NONE	gregário	66	19	12	33	29	planície	fogo
WRL_MON_0252	March de Trovão Titan	Valkyrion	2	MANA	solitário	57	17	15	37	27	colina	fogo
WRL_MON_0254	March Ancestral Roc	Valkyrion	0	NONE	gregário	23	4	7	9	9	estrada	luz
WRL_MON_0256	Sable Errante Specter	Valkyrion	2	MANA	emboscador	54	16	12	40	30	colina	trevas
WRL_MON_0258	Knight Feral Wyrm	Valkyrion	1	NONE	territorial	44	11	8	26	20	campo	luz
WRL_MON_0260	Spear Glacial Manticores	Valkyrion	3	VELLUM	errante	78	22	15	52	32	campo	fogo
WRL_MON_0262	Lion de Pedra Golem	Valkyrion	6	VELLUM	caçador de matilha	126	35	29	80	68	planície	fogo
WRL_MON_0264	War Blindado Lich	Valkyrion	3	MANA	emboscador	68	20	15	49	40	fortaleza	luz
WRL_MON_0266	Oath de Sangue Behemoth	Valkyrion	5	NONE	emboscador	102	32	25	74	50	fortaleza	som
WRL_MON_0268	Banner de Cinzas Manticores	Valkyrion	2	NONE	inteligente e cauteloso	48	14	13	36	30	campo	fogo
WRL_MON_0270	Lion Abissal Behemoth	Valkyrion	1	VELLUM	errante	46	13	8	22	14	colina	fogo
WRL_MON_0272	Falcon de Cinzas Boar	Valkyrion	4	VELLUM	protetor de ninho	92	24	21	57	45	estrada	gelo
WRL_MON_0274	Oath Tempestuoso Manticores	Valkyrion	6	VELLUM	solitário	126	38	30	85	65	colina	vento
WRL_MON_0276	War de Cinzas Griffin	Valkyrion	6	PRIMAL	caçador de matilha	115	34	29	82	64	estrada	gelo
WRL_MON_0278	Sable de Lua Mantis	Valkyrion	0	VELLUM	inteligente e cauteloso	18	4	4	15	5	fortaleza	luz
WRL_MON_0280	Banner Corrompido Angel	Valkyrion	1	PRIMAL	protetor de ninho	48	11	10	21	16	estrada	água
WRL_MON_0282	Falcon de Névoa Harpy	Valkyrion	3	NONE	solitário	73	24	17	46	39	estrada	veneno
WRL_MON_0284	Banner de Gelo Fairy	Valkyrion	0	PRIMAL	caçador de matilha	25	6	6	9	10	fortaleza	luz
WRL_MON_0286	Lion de Névoa Wyvern	Valkyrion	0	VELLUM	caçador de matilha	18	8	5	8	6	colina	vento
WRL_MON_0288	Lion Errante Golem	Valkyrion	6	ELYTH	inteligente e cauteloso	125	39	30	83	64	fortaleza	luz
WRL_MON_0290	Falcon Blindado Revenant	Valkyrion	0	NONE	inteligente e cauteloso	18	4	4	14	12	fortaleza	veneno
WRL_MON_0292	Lion Antigo Minotaur	Valkyrion	1	PRIMAL	territorial	38	13	11	26	14	planície	luz
WRL_MON_0294	War Real Bear	Valkyrion	1	VELLUM	errante	40	13	11	20	18	fortaleza	gelo
WRL_MON_0296	Falcon Errante Leviathan	Valkyrion	9	VELLUM	predador noturno	160	53	41	124	92	fortaleza	som
WRL_MON_0298	Falcon de Maré Vampire	Valkyrion	5	VELLUM	emboscador	97	31	26	70	55	colina	água
WRL_MON_0300	Steel Corrompido Stag	Valkyrion	2	MANA	predador noturno	54	14	13	35	32	planície	eletricidade
WRL_MON_0302	War Errante Kraken	Valkyrion	5	ELYTH	inteligente e cauteloso	114	29	24	73	53	fortaleza	eletricidade
WRL_MON_0304	March Antigo Rat	Valkyrion	3	VELLUM	emboscador	73	19	15	48	35	estrada	trevas
WRL_MON_0306	Steel Rúnico Centaur	Valkyrion	5	MANA	protetor de ninho	98	32	26	70	55	colina	luz
WRL_MON_0308	Steel de Ferro Revenant	Valkyrion	4	NONE	caçador de matilha	97	27	19	59	43	estrada	trevas
WRL_MON_0310	Knight de Sangue Drake	Valkyrion	1	PRIMAL	caçador de matilha	36	9	7	26	21	colina	fogo
WRL_MON_0312	Hoof Blindado Wraith	Valkyrion	6	MANA	errante	116	36	31	88	61	planície	gelo
WRL_MON_0314	Falcon Jovem Griffin	Valkyrion	4	VELLUM	solitário	90	27	19	58	47	fortaleza	som
WRL_MON_0316	Oath Caçador Direhound	Valkyrion	8	MANA	territorial	144	44	37	111	83	campo	luz
WRL_MON_0318	Sun de Cinzas Leviathan	Valkyrion	4	PRIMAL	inteligente e cauteloso	87	29	21	64	49	fortaleza	água
WRL_MON_0320	March Voraz Treant	Valkyrion	9	NONE	errante	166	49	43	119	94	fortaleza	trevas
WRL_MON_0322	Knight Abissal Naga	Valkyrion	8	VELLUM	territorial	162	47	36	104	81	fortaleza	eletricidade
WRL_MON_0324	Hoof de Maré Angel	Valkyrion	6	NONE	protetor de ninho	125	37	27	81	66	fortaleza	eletricidade
WRL_MON_0326	War Flamejante Centaur	Valkyrion	0	VELLUM	emboscador	27	6	3	10	9	planície	veneno
WRL_MON_0328	War Luminoso Wyrm	Valkyrion	5	VELLUM	caçador de matilha	99	29	23	72	53	colina	gelo
WRL_MON_0330	Knight de Pedra Elemental	Valkyrion	7	PRIMAL	predador noturno	140	40	33	94	68	planície	luz
WRL_MON_0332	Knight Jovem Lich	Valkyrion	1	PRIMAL	errante	36	9	7	26	22	estrada	luz
WRL_MON_0334	Oath de Trovão Boar	Valkyrion	5	PRIMAL	predador noturno	103	31	25	68	57	planície	trevas
WRL_MON_0336	Falcon de Pedra Bat	Valkyrion	8	VELLUM	gregário	147	48	38	106	83	colina	veneno
WRL_MON_0338	Lion Tempestuoso Imp	Valkyrion	7	ELYTH	predador noturno	130	42	33	98	68	fortaleza	gelo
WRL_MON_0340	Falcon Alado Titan	Valkyrion	2	PRIMAL	protetor de ninho	63	16	15	32	30	estrada	terra
WRL_MON_0342	Sable de Gelo Colossus	Valkyrion	4	VELLUM	territorial	94	28	19	56	41	fortaleza	veneno
WRL_MON_0344	Hoof Antigo Wyrm	Valkyrion	5	PRIMAL	inteligente e cauteloso	98	34	26	75	55	planície	eletricidade
WRL_MON_0346	March Sagrado Salamander	Valkyrion	2	MANA	predador noturno	56	16	14	37	29	fortaleza	luz
WRL_MON_0348	Falcon Corrompido Gryphon	Valkyrion	8	NONE	errante	145	48	38	105	76	colina	gelo
WRL_MON_0350	Banner Cristalino Griffin	Valkyrion	7	VELLUM	gregário	143	40	31	99	73	fortaleza	som
WRL_MON_0352	Oath Flamejante Behemoth	Valkyrion	1	VELLUM	predador noturno	47	10	9	26	17	planície	eletricidade
WRL_MON_0354	Hoof Sagrado Crow	Valkyrion	3	VELLUM	emboscador	68	22	19	51	37	colina	luz
WRL_MON_0356	Crown Guardião Spider	Valkyrion	6	VELLUM	protetor de ninho	119	39	31	81	68	estrada	água
WRL_MON_0358	Falcon de Gelo Elemental	Valkyrion	5	MANA	gregário	108	32	27	69	54	planície	vento
WRL_MON_0360	Banner Errante Mimic	Valkyrion	0	MANA	emboscador	16	5	3	8	12	fortaleza	veneno
WRL_MON_0362	Spear Jovem Troll	Valkyrion	2	PRIMAL	inteligente e cauteloso	61	16	14	32	26	campo	som
WRL_MON_0364	Steel Feral Nightmare	Valkyrion	4	VELLUM	gregário	92	25	20	57	49	campo	fogo
WRL_MON_0366	Falcon Corrompido Fairy	Valkyrion	4	ELYTH	inteligente e cauteloso	83	28	23	62	43	estrada	luz
WRL_MON_0368	Crown de Espinhos Boar	Valkyrion	3	ELYTH	territorial	67	20	16	45	32	fortaleza	fogo
WRL_MON_0370	War Jovem Vampire	Valkyrion	3	VELLUM	caçador de matilha	78	19	16	51	31	campo	veneno
WRL_MON_0372	Crown Real Griffin	Valkyrion	3	PRIMAL	emboscador	71	23	16	49	31	campo	gelo
WRL_MON_0374	Falcon de Ferro Elemental	Valkyrion	2	ELYTH	solitário	49	15	14	37	23	campo	vento
WRL_MON_0376	Knight Cristalino Treant	Valkyrion	3	NONE	territorial	82	24	18	48	32	campo	trevas
WRL_MON_0378	Falcon Devastador Stag	Valkyrion	6	PRIMAL	territorial	112	38	31	82	66	campo	terra
WRL_MON_0380	Gale Jovem Rakshasa	Valkyrion	5	NONE	solitário	99	34	25	72	49	fortaleza	veneno
WRL_MON_0382	March Maior Minotaur	Valkyrion	4	PRIMAL	territorial	86	29	20	63	48	colina	terra
WRL_MON_0384	Knight de Raiz Spider	Valkyrion	3	PRIMAL	solitário	79	20	18	48	33	planície	terra
WRL_MON_0386	March de Cinzas Rat	Valkyrion	3	ELYTH	gregário	74	20	15	49	33	estrada	eletricidade
WRL_MON_0388	Sable Caçador Colossus	Valkyrion	0	VELLUM	protetor de ninho	18	8	7	14	8	fortaleza	som
WRL_MON_0390	Knight Errante Spider	Valkyrion	2	NONE	protetor de ninho	53	14	13	34	30	campo	som
WRL_MON_0392	War Jovem Kraken	Valkyrion	2	PRIMAL	territorial	53	18	11	37	30	colina	gelo
WRL_MON_0394	Knight Abissal Orc	Valkyrion	1	PRIMAL	caçador de matilha	42	12	11	23	15	campo	luz
WRL_MON_0396	Steel Guardião Sprite	Valkyrion	2	VELLUM	gregário	55	15	14	32	32	colina	fogo
WRL_MON_0398	Sable de Névoa Mooncalf	Valkyrion	2	NONE	predador noturno	54	15	12	39	29	fortaleza	fogo
WRL_MON_0400	Steel Corrompido Treant	Valkyrion	2	PRIMAL	predador noturno	51	15	12	38	26	estrada	luz
WRL_MON_0402	Falcon Guardião Mantis	Valkyrion	6	VELLUM	protetor de ninho	116	39	31	85	65	colina	trevas
WRL_MON_0404	War Jovem Gryphon	Valkyrion	5	NONE	gregário	114	34	27	73	55	planície	trevas
WRL_MON_0406	Gale Sagrado Lich	Valkyrion	4	PRIMAL	protetor de ninho	82	26	21	63	50	planície	veneno
WRL_MON_0408	Steel Errante Behemoth	Valkyrion	3	ELYTH	inteligente e cauteloso	65	20	17	46	35	colina	fogo
WRL_MON_0410	Knight Tempestuoso Angel	Valkyrion	3	ELYTH	gregário	77	21	18	44	40	planície	vento
WRL_MON_0412	Sun de Areia Vampire	Valkyrion	2	VELLUM	caçador de matilha	60	18	11	40	26	planície	gelo
WRL_MON_0414	Falcon Maior Direhound	Valkyrion	2	VELLUM	inteligente e cauteloso	52	19	12	37	32	estrada	água
WRL_MON_0416	Sun Pequeno Griffin	Valkyrion	1	MANA	protetor de ninho	42	13	8	25	20	colina	vento
WRL_MON_0418	Spear de Lua Chimera	Valkyrion	4	NONE	solitário	95	27	22	62	44	planície	vento
WRL_MON_0420	Spear Feral Mantis	Valkyrion	0	NONE	territorial	24	7	4	10	6	fortaleza	veneno
WRL_MON_0422	Gale Glacial Angel	Valkyrion	6	MANA	gregário	113	39	30	80	58	estrada	fogo
WRL_MON_0424	Gale Antigo Basilisk	Valkyrion	9	MANA	inteligente e cauteloso	172	54	41	120	91	planície	eletricidade
WRL_MON_0426	Crown Sagrado Imp	Valkyrion	8	MANA	protetor de ninho	151	49	36	107	76	fortaleza	eletricidade
WRL_MON_0428	War Glacial Basilisk	Valkyrion	4	NONE	emboscador	85	28	19	57	46	fortaleza	trevas
WRL_MON_0430	Falcon Guardião Wolf	Valkyrion	5	NONE	gregário	110	33	24	70	55	campo	trevas
WRL_MON_0432	Sun de Trovão Beetle	Valkyrion	4	VELLUM	predador noturno	88	26	21	57	40	estrada	eletricidade
WRL_MON_0434	Sable de Névoa Drake	Valkyrion	2	VELLUM	inteligente e cauteloso	53	19	15	34	29	planície	terra
WRL_MON_0436	Sable de Trovão Wolf	Valkyrion	1	ELYTH	inteligente e cauteloso	36	11	11	28	14	planície	trevas
WRL_MON_0438	Sun de Espinhos Lich	Valkyrion	3	VELLUM	solitário	76	21	18	52	35	planície	som
WRL_MON_0440	March de Cinzas Treant	Valkyrion	1	ELYTH	protetor de ninho	33	13	7	24	17	campo	terra
WRL_MON_0442	Steel Voraz Bear	Valkyrion	3	MANA	emboscador	71	21	15	48	40	estrada	água
WRL_MON_0444	Banner Blindado Chimera	Valkyrion	7	PRIMAL	protetor de ninho	139	44	33	92	74	estrada	som
WRL_MON_0446	Sun Jovem Bear	Valkyrion	1	ELYTH	predador noturno	50	12	10	28	17	campo	veneno
WRL_MON_0448	Hoof Glacial Mooncalf	Valkyrion	1	VELLUM	errante	50	9	8	28	15	planície	trevas
WRL_MON_0450	Falcon Rúnico Wraith	Valkyrion	5	VELLUM	predador noturno	112	30	23	68	55	estrada	veneno
WRL_MON_0452	Spear Flamejante Imp	Valkyrion	5	VELLUM	territorial	105	29	26	70	50	estrada	vento
WRL_MON_0454	Knight de Areia Werebeast	Valkyrion	3	NONE	predador noturno	78	20	15	48	39	colina	terra
WRL_MON_0456	Knight Primal Demon	Valkyrion	5	MANA	errante	107	29	24	71	57	fortaleza	terra
WRL_MON_0458	Steel de Sangue Colossus	Valkyrion	0	MANA	caçador de matilha	22	5	5	9	12	planície	fogo
WRL_MON_0460	March de Sol Gryphon	Valkyrion	6	NONE	solitário	118	34	31	83	64	colina	luz
WRL_MON_0462	Hoof de Cinzas Mantis	Valkyrion	2	PRIMAL	territorial	58	17	13	37	27	estrada	som
WRL_MON_0464	Hoof de Sol Mooncalf	Valkyrion	0	MANA	predador noturno	20	4	7	16	12	colina	veneno
WRL_MON_0466	Hoof Luminoso Unicorn	Valkyrion	2	ELYTH	predador noturno	51	14	15	40	29	planície	terra
WRL_MON_0468	Sable de Areia Toad	Valkyrion	4	PRIMAL	inteligente e cauteloso	93	28	20	64	44	fortaleza	terra
WRL_MON_0470	Oath Real Basilisk	Valkyrion	6	VELLUM	solitário	125	35	28	80	58	campo	veneno
WRL_MON_0472	Hoof Blindado Sprite	Valkyrion	3	PRIMAL	inteligente e cauteloso	81	20	15	47	33	estrada	gelo
WRL_MON_0474	Hoof Primal Orc	Valkyrion	8	MANA	predador noturno	148	47	36	105	83	planície	som
WRL_MON_0476	March Cristalino Stag	Valkyrion	6	PRIMAL	solitário	121	38	28	85	68	estrada	água
WRL_MON_0478	Crown Abissal Lynx	Valkyrion	2	PRIMAL	caçador de matilha	51	14	14	38	29	campo	trevas
WRL_MON_0480	Crown Ancestral Sprite	Valkyrion	0	PRIMAL	solitário	19	7	7	11	10	campo	gelo
WRL_MON_0482	Knight de Gelo Colossus	Valkyrion	1	ELYTH	caçador de matilha	38	13	10	21	16	planície	fogo
WRL_MON_0484	Hoof Alado Sprite	Valkyrion	2	NONE	gregário	56	14	12	37	30	planície	trevas
WRL_MON_0486	Banner de Sol Serpent	Valkyrion	1	MANA	errante	45	9	11	22	23	fortaleza	terra
WRL_MON_0488	Hoof de Raiz Mantis	Valkyrion	0	VELLUM	inteligente e cauteloso	31	8	4	14	5	estrada	terra
WRL_MON_0490	Hoof Rúnico Chimera	Valkyrion	1	PRIMAL	inteligente e cauteloso	40	13	10	24	15	planície	água
WRL_MON_0492	Crown Feral Gryphon	Valkyrion	8	PRIMAL	caçador de matilha	153	48	39	105	86	planície	luz
WRL_MON_0494	Oath de Névoa Direhound	Valkyrion	2	NONE	caçador de matilha	65	19	14	32	24	estrada	gelo
WRL_MON_0496	Gale Maior Centaur	Valkyrion	2	MANA	protetor de ninho	57	19	12	35	26	estrada	som
WRL_MON_0498	Gale de Pedra Goblin	Valkyrion	3	VELLUM	solitário	80	19	17	52	40	colina	vento
WRL_MON_0500	Spear de Sol Behemoth	Valkyrion	2	PRIMAL	protetor de ninho	49	17	14	40	26	planície	terra
WRL_MON_0502	March Abissal Vampire	Valkyrion	3	PRIMAL	gregário	78	22	18	51	33	campo	veneno
WRL_MON_0504	Falcon Voraz Wolf	Valkyrion	6	PRIMAL	gregário	127	37	28	88	59	planície	luz
WRL_MON_0506	Sable Flamejante Nightmare	Valkyrion	5	PRIMAL	protetor de ninho	113	33	24	69	53	planície	terra
WRL_MON_0508	Sable de Maré Orc	Valkyrion	1	PRIMAL	errante	50	14	8	23	22	estrada	som
WRL_MON_0510	Hoof Alado Leviathan	Valkyrion	4	ELYTH	solitário	95	25	19	57	41	colina	terra
WRL_MON_0512	Sable Corrompido Behemoth	Valkyrion	4	NONE	solitário	83	25	23	64	43	colina	terra
WRL_MON_0514	Banner de Gelo Hydra	Valkyrion	5	PRIMAL	protetor de ninho	109	30	27	68	52	colina	som
WRL_MON_0516	Banner Guardião Stag	Valkyrion	1	MANA	gregário	36	9	8	22	23	colina	vento
WRL_MON_0518	Crown Tempestuoso Griffin	Valkyrion	7	ELYTH	protetor de ninho	128	42	33	94	67	estrada	vento
WRL_MON_0520	Hoof de Sol Slime	Valkyrion	4	MANA	errante	94	27	21	63	48	campo	som
WRL_MON_0522	Sun Caçador Wyrm	Valkyrion	0	MANA	predador noturno	34	9	6	8	14	estrada	eletricidade
WRL_MON_0524	Oath Primal Naga	Valkyrion	1	PRIMAL	predador noturno	35	9	9	27	21	colina	fogo
WRL_MON_0526	Lion de Sol Wyvern	Valkyrion	7	VELLUM	predador noturno	142	40	35	94	67	campo	eletricidade
WRL_MON_0528	Crown Primal Stag	Valkyrion	5	MANA	protetor de ninho	107	33	26	76	50	fortaleza	água
WRL_MON_0530	Lion de Areia Hydra	Valkyrion	2	MANA	gregário	51	16	11	40	24	fortaleza	água
WRL_MON_0532	Knight Sombrio Rakshasa	Valkyrion	1	NONE	predador noturno	37	14	11	27	17	planície	som
WRL_MON_0534	Gale Blindado Bear	Valkyrion	6	PRIMAL	gregário	128	39	31	87	59	fortaleza	luz
WRL_MON_0536	Lion de Gelo Unicorn	Valkyrion	3	NONE	protetor de ninho	76	23	17	52	32	fortaleza	gelo
WRL_MON_0538	Steel de Maré Minotaur	Valkyrion	2	NONE	caçador de matilha	55	19	15	33	29	planície	eletricidade
WRL_MON_0540	March Sombrio Mooncalf	Valkyrion	1	NONE	protetor de ninho	48	11	10	20	23	estrada	som
WRL_MON_0542	Steel Luminoso Behemoth	Valkyrion	1	PRIMAL	protetor de ninho	46	12	10	24	20	fortaleza	som
WRL_MON_0081	Dusk Blindado Drake	Eshmara	6	PRIMAL	gregário	116	34	27	88	59	floresta	fogo
WRL_MON_0083	Willow Maior Rat	Eshmara	2	NONE	solitário	60	17	14	32	30	floresta	luz
WRL_MON_0085	Bark de Lua Kraken	Eshmara	3	ELYTH	predador noturno	77	21	19	48	34	floresta	som
WRL_MON_0087	Fern Real Unicorn	Eshmara	0	VELLUM	caçador de matilha	31	7	7	10	5	floresta	luz
WRL_MON_0089	Fern Flamejante Ogre	Eshmara	8	MANA	inteligente e cauteloso	157	46	38	106	85	floresta	gelo
WRL_MON_0091	Thorn Devastador Golem	Eshmara	3	MANA	protetor de ninho	79	24	18	50	39	jardim	luz
WRL_MON_0093	Bark de Trovão Rat	Eshmara	4	MANA	predador noturno	98	24	20	62	47	floresta	vento
WRL_MON_0095	Herb Jovem Wyrm	Eshmara	0	NONE	inteligente e cauteloso	17	7	6	15	11	floresta	terra
WRL_MON_0097	Bloom Ancestral Vampire	Eshmara	4	ELYTH	territorial	97	26	21	60	47	bosque	vento
WRL_MON_0099	Dusk de Espinhos Gryphon	Eshmara	4	MANA	solitário	84	28	19	63	49	jardim	fogo
WRL_MON_0101	Willow Glacial Toad	Eshmara	0	NONE	predador noturno	24	4	6	14	9	floresta	luz
WRL_MON_0103	Bloom de Lua Imp	Eshmara	7	PRIMAL	predador noturno	145	40	33	95	73	jardim	veneno
WRL_MON_0105	Dew Flamejante Goblin	Eshmara	2	VELLUM	predador noturno	57	14	11	32	30	jardim	fogo
WRL_MON_0107	Grove de Pedra Mantis	Eshmara	1	NONE	protetor de ninho	42	9	11	27	22	floresta	luz
WRL_MON_0109	Dusk Antigo Revenant	Eshmara	0	NONE	protetor de ninho	23	4	5	10	5	jardim	luz
WRL_MON_0111	Bark de Trovão Harpy	Eshmara	3	MANA	solitário	76	24	18	49	35	floresta	terra
WRL_MON_0113	Bark Caçador Wyvern	Eshmara	6	VELLUM	errante	112	37	28	81	62	pântano	trevas
WRL_MON_0115	Grove de Sangue Naga	Eshmara	0	VELLUM	protetor de ninho	27	8	4	9	6	jardim	trevas
WRL_MON_0117	Fern Flamejante Drake	Eshmara	2	PRIMAL	predador noturno	59	14	15	35	28	jardim	som
WRL_MON_0119	Thorn de Sol Colossus	Eshmara	6	ELYTH	inteligente e cauteloso	125	34	27	84	64	bosque	água
WRL_MON_0121	Willow de Areia Imp	Eshmara	2	VELLUM	protetor de ninho	51	17	15	32	25	pântano	vento
WRL_MON_0123	Honey de Espinhos Harpy	Eshmara	3	ELYTH	territorial	70	19	19	48	33	pântano	eletricidade
WRL_MON_0125	Fern de Areia Sprite	Eshmara	7	ELYTH	emboscador	143	44	35	100	75	pântano	vento
WRL_MON_0127	Vine Real Mooncalf	Eshmara	3	NONE	solitário	82	21	15	45	34	floresta	luz
WRL_MON_0129	Grove de Areia Unicorn	Eshmara	7	PRIMAL	solitário	146	40	31	95	73	pântano	fogo
WRL_MON_0131	Honey de Sangue Kobold	Eshmara	5	PRIMAL	protetor de ninho	100	31	26	70	59	pântano	terra
WRL_MON_0133	Dew de Sangue Beetle	Eshmara	0	ELYTH	protetor de ninho	23	9	4	16	5	bosque	vento
WRL_MON_0135	Grove Ancestral Rakshasa	Eshmara	5	ELYTH	emboscador	113	33	23	74	54	floresta	fogo
WRL_MON_0137	Grove Real Ogre	Eshmara	0	ELYTH	caçador de matilha	29	9	4	8	6	bosque	luz
WRL_MON_0139	Moon Abissal Troll	Eshmara	0	PRIMAL	errante	27	7	7	11	7	floresta	veneno
WRL_MON_0141	Dew Rúnico Lynx	Eshmara	5	VELLUM	gregário	111	34	25	75	50	pântano	gelo
WRL_MON_0143	Petal Sombrio Gryphon	Eshmara	2	VELLUM	inteligente e cauteloso	51	16	15	33	28	pântano	terra
WRL_MON_0145	Bloom Antigo Bear	Eshmara	2	MANA	territorial	62	14	12	40	28	floresta	veneno
WRL_MON_0147	Grove de Trovão Behemoth	Eshmara	3	VELLUM	protetor de ninho	78	21	18	45	39	bosque	água
WRL_MON_0149	Bark Cristalino Specter	Eshmara	2	VELLUM	protetor de ninho	60	19	12	37	26	jardim	luz
WRL_MON_0151	Petal de Trovão Stag	Eshmara	1	MANA	emboscador	48	9	10	26	19	floresta	som
WRL_MON_0153	Willow Abissal Wyrm	Eshmara	5	MANA	territorial	99	29	24	69	50	pântano	fogo
WRL_MON_0155	Petal de Espinhos Wraith	Eshmara	3	VELLUM	territorial	75	22	19	52	39	floresta	veneno
WRL_MON_0157	Moon Voraz Serpent	Eshmara	3	MANA	inteligente e cauteloso	64	24	16	52	33	jardim	luz
WRL_MON_0159	Moss Flamejante Griffin	Eshmara	7	NONE	predador noturno	143	44	31	99	76	pântano	luz
WRL_MON_0161	Dew de Ferro Wyrm	Eshmara	1	MANA	predador noturno	47	11	9	27	20	floresta	veneno
WRL_MON_0163	Dew Maior Rakshasa	Eshmara	2	VELLUM	solitário	55	14	11	37	22	bosque	fogo
WRL_MON_0165	Grove Errante Toad	Eshmara	4	PRIMAL	inteligente e cauteloso	94	29	19	59	49	jardim	água
WRL_MON_0167	Bloom de Areia Kobold	Eshmara	1	MANA	inteligente e cauteloso	50	10	7	28	13	floresta	eletricidade
WRL_MON_0169	Vine Antigo Kraken	Eshmara	3	NONE	caçador de matilha	65	21	19	44	32	pântano	trevas
WRL_MON_0171	Moss de Trovão Unicorn	Eshmara	3	NONE	emboscador	67	21	16	48	33	floresta	fogo
WRL_MON_0173	Petal de Raiz Direhound	Eshmara	8	NONE	protetor de ninho	144	49	37	110	77	pântano	gelo
WRL_MON_0175	Bark Luminoso Hydra	Eshmara	6	ELYTH	gregário	116	34	30	88	65	bosque	fogo
WRL_MON_0177	Dusk de Espinhos Werebeast	Eshmara	0	MANA	inteligente e cauteloso	28	5	4	12	9	pântano	luz
WRL_MON_0179	Dusk Alado Salamander	Eshmara	4	ELYTH	emboscador	88	29	20	56	40	jardim	água
WRL_MON_0181	Fern Devastador Leviathan	Eshmara	4	PRIMAL	solitário	92	25	23	57	45	bosque	luz
WRL_MON_0183	Honey Flamejante Titan	Eshmara	1	PRIMAL	predador noturno	46	12	7	25	22	pântano	trevas
WRL_MON_0185	Fern Venenoso Wraith	Eshmara	6	ELYTH	caçador de matilha	121	39	27	80	58	floresta	água
WRL_MON_0187	Thorn Maior Roc	Eshmara	0	PRIMAL	protetor de ninho	31	9	3	11	6	floresta	veneno
WRL_MON_0189	Honey de Sangue Beetle	Eshmara	3	VELLUM	inteligente e cauteloso	75	21	17	44	36	pântano	água
WRL_MON_0191	Honey de Areia Djinn	Eshmara	4	PRIMAL	gregário	89	26	23	60	46	bosque	terra
WRL_MON_0193	Fern Sombrio Crow	Eshmara	2	VELLUM	solitário	62	18	12	38	24	bosque	gelo
WRL_MON_0195	Dew Primal Imp	Eshmara	0	ELYTH	protetor de ninho	24	6	3	9	9	bosque	eletricidade
WRL_MON_0197	Herb Guardião Stag	Eshmara	0	NONE	territorial	28	8	6	13	4	pântano	gelo
WRL_MON_0199	Moon Blindado Boar	Eshmara	2	PRIMAL	territorial	58	17	14	35	25	pântano	luz
WRL_MON_0201	Thorn Maior Direhound	Eshmara	6	NONE	territorial	129	38	27	85	61	floresta	fogo
WRL_MON_0203	Willow Abissal Stag	Eshmara	4	NONE	protetor de ninho	93	25	21	57	42	jardim	eletricidade
WRL_MON_0205	Dew Antigo Gryphon	Eshmara	1	MANA	inteligente e cauteloso	33	10	7	28	19	jardim	fogo
WRL_MON_0207	Petal de Cinzas Vampire	Eshmara	2	MANA	territorial	54	15	14	34	29	pântano	gelo
WRL_MON_0209	Grove Ancestral Griffin	Eshmara	4	PRIMAL	caçador de matilha	94	24	19	61	45	jardim	som
WRL_MON_0211	Dusk Voraz Boar	Eshmara	3	MANA	caçador de matilha	79	21	16	52	37	bosque	água
WRL_MON_0213	Honey Sombrio Colossus	Eshmara	2	ELYTH	predador noturno	59	19	15	37	31	pântano	som
WRL_MON_0215	Thorn Guardião Revenant	Eshmara	2	MANA	territorial	51	14	12	39	24	floresta	eletricidade
WRL_MON_0217	Willow Cristalino Mooncalf	Eshmara	1	MANA	solitário	43	9	10	20	15	floresta	terra
WRL_MON_0219	Willow Silvestre Colossus	Eshmara	0	NONE	protetor de ninho	25	9	3	12	13	bosque	terra
WRL_MON_0221	Bloom Feral Werebeast	Eshmara	8	NONE	caçador de matilha	146	47	38	104	77	jardim	vento
WRL_MON_0223	Dusk de Sol Mooncalf	Eshmara	9	NONE	inteligente e cauteloso	173	54	39	122	88	bosque	som
WRL_MON_0225	Dew de Areia Direhound	Eshmara	5	VELLUM	emboscador	96	31	26	72	56	floresta	veneno
WRL_MON_0227	Fern de Sol Imp	Eshmara	2	PRIMAL	gregário	59	18	12	34	31	floresta	vento
WRL_MON_0229	Honey Guardião Revenant	Eshmara	2	MANA	emboscador	60	14	15	33	29	pântano	fogo
WRL_MON_0231	Bloom de Pedra Wolf	Eshmara	1	ELYTH	emboscador	39	9	7	24	22	bosque	luz
WRL_MON_0233	Thorn de Pedra Titan	Eshmara	5	MANA	solitário	112	33	25	74	59	floresta	eletricidade
WRL_MON_0235	Willow Errante Lich	Eshmara	4	NONE	solitário	89	25	23	63	45	bosque	som
WRL_MON_0237	Bark de Raiz Behemoth	Eshmara	0	VELLUM	emboscador	25	9	7	16	10	jardim	gelo
WRL_MON_0239	Thorn de Sangue Roc	Eshmara	0	PRIMAL	predador noturno	30	4	3	14	8	bosque	fogo
WRL_MON_0241	Moon Rúnico Naga	Eshmara	3	ELYTH	caçador de matilha	76	24	18	46	36	pântano	terra
WRL_MON_0243	Moss de Espinhos Fairy	Eshmara	9	MANA	caçador de matilha	175	52	43	119	92	floresta	eletricidade
WRL_MON_0245	Dusk Luminoso Djinn	Eshmara	0	PRIMAL	caçador de matilha	30	5	3	15	9	pântano	água
WRL_MON_0247	Moss Pequeno Djinn	Eshmara	6	ELYTH	protetor de ninho	123	38	29	85	64	floresta	veneno
WRL_MON_0249	Moon Guardião Orc	Eshmara	1	NONE	solitário	39	11	10	24	22	pântano	veneno
WRL_MON_0251	Herb de Raiz Rat	Eshmara	5	MANA	gregário	98	30	26	69	51	floresta	luz
WRL_MON_0253	Dusk Blindado Hydra	Eshmara	7	VELLUM	gregário	130	40	33	94	77	floresta	terra
WRL_MON_0255	Bloom Errante Harpy	Eshmara	1	ELYTH	gregário	41	14	7	23	22	jardim	trevas
WRL_MON_0257	Thorn Errante Goblin	Eshmara	6	ELYTH	emboscador	123	34	30	80	61	floresta	trevas
WRL_MON_0259	Fern Tempestuoso Lich	Eshmara	5	PRIMAL	territorial	97	32	25	69	53	floresta	terra
WRL_MON_0261	Bloom Caçador Griffin	Eshmara	1	PRIMAL	caçador de matilha	32	11	7	26	16	jardim	luz
WRL_MON_0263	Fern Feral Salamander	Eshmara	4	NONE	gregário	90	29	20	61	48	pântano	eletricidade
WRL_MON_0265	Herb Sombrio Manticores	Eshmara	7	PRIMAL	predador noturno	139	41	32	99	70	pântano	gelo
WRL_MON_0267	Fern Antigo Minotaur	Eshmara	3	VELLUM	inteligente e cauteloso	64	20	19	47	37	floresta	terra
WRL_MON_0269	Bloom de Sol Orc	Eshmara	1	VELLUM	emboscador	32	9	7	28	16	jardim	som
WRL_MON_0271	Herb Glacial Direhound	Eshmara	4	NONE	errante	85	25	20	58	44	jardim	gelo
WRL_MON_0273	Honey de Cinzas Beetle	Eshmara	8	NONE	errante	152	48	35	109	81	pântano	veneno
WRL_MON_0275	Honey Tempestuoso Basilisk	Eshmara	5	ELYTH	territorial	114	32	26	68	51	jardim	terra
WRL_MON_0277	Grove Glacial Wraith	Eshmara	1	NONE	caçador de matilha	40	10	11	20	15	bosque	som
WRL_MON_0279	Dusk de Pedra Sprite	Eshmara	0	VELLUM	territorial	17	5	4	11	13	bosque	vento
WRL_MON_0281	Moon de Espinhos Treant	Eshmara	8	PRIMAL	territorial	161	47	35	104	79	jardim	água
WRL_MON_0283	Grove Sombrio Specter	Eshmara	3	VELLUM	protetor de ninho	64	20	17	45	39	floresta	fogo
WRL_MON_0285	Dusk Corrompido Treant	Eshmara	4	VELLUM	territorial	81	24	21	61	44	floresta	trevas
WRL_MON_0287	Moon Errante Centaur	Eshmara	7	ELYTH	territorial	146	41	32	99	75	floresta	vento
WRL_MON_0289	Willow Devastador Kraken	Eshmara	0	ELYTH	predador noturno	34	7	7	16	5	pântano	gelo
WRL_MON_0291	Vine Sombrio Wyvern	Eshmara	0	VELLUM	protetor de ninho	26	7	5	12	7	jardim	eletricidade
WRL_MON_0293	Bloom de Pedra Nightmare	Eshmara	2	PRIMAL	inteligente e cauteloso	62	14	14	36	24	pântano	eletricidade
WRL_MON_0295	Dew Blindado Behemoth	Eshmara	5	VELLUM	emboscador	106	31	23	73	58	jardim	eletricidade
WRL_MON_0297	Honey Devastador Basilisk	Eshmara	1	NONE	protetor de ninho	43	13	7	22	18	floresta	veneno
WRL_MON_0299	Willow Tempestuoso Stag	Eshmara	3	VELLUM	protetor de ninho	66	19	19	45	41	jardim	luz
WRL_MON_0301	Moon de Raiz Naga	Eshmara	0	VELLUM	caçador de matilha	26	7	7	16	7	pântano	trevas
WRL_MON_0303	Willow Corrompido Spider	Eshmara	6	MANA	gregário	129	37	29	83	66	floresta	fogo
WRL_MON_0305	Herb Flamejante Behemoth	Eshmara	5	ELYTH	errante	113	31	26	69	57	bosque	gelo
WRL_MON_0307	Dew Devastador Salamander	Eshmara	1	MANA	gregário	36	9	11	22	23	bosque	vento
WRL_MON_0309	Bloom Feral Ogre	Eshmara	5	ELYTH	caçador de matilha	110	34	23	70	55	jardim	água
WRL_MON_0311	Bark Blindado Imp	Eshmara	5	NONE	caçador de matilha	98	29	25	70	55	bosque	fogo
WRL_MON_0313	Fern de Gelo Dryad	Eshmara	7	ELYTH	solitário	129	40	34	94	69	jardim	gelo
WRL_MON_0315	Moon Sagrado Roc	Eshmara	8	VELLUM	predador noturno	148	48	36	105	81	bosque	som
WRL_MON_0317	Herb Sagrado Hydra	Eshmara	3	MANA	protetor de ninho	72	20	19	45	35	jardim	vento
WRL_MON_0319	Thorn de Trovão Boar	Eshmara	2	VELLUM	inteligente e cauteloso	66	16	13	35	23	floresta	água
WRL_MON_0321	Honey Tempestuoso Goblin	Eshmara	5	ELYTH	emboscador	114	31	27	76	52	jardim	som
WRL_MON_0323	Bark Tempestuoso Roc	Eshmara	6	VELLUM	territorial	129	35	28	85	63	floresta	trevas
WRL_MON_0325	Fern Corrompido Werebeast	Eshmara	2	MANA	gregário	64	19	11	32	28	floresta	gelo
WRL_MON_0327	Moon Devastador Basilisk	Eshmara	3	PRIMAL	inteligente e cauteloso	77	24	16	44	41	pântano	água
WRL_MON_0329	Herb Rúnico Revenant	Eshmara	2	PRIMAL	gregário	55	17	15	39	32	bosque	água
WRL_MON_0331	Bark Flamejante Werebeast	Eshmara	2	NONE	protetor de ninho	53	17	12	37	28	jardim	trevas
WRL_MON_0333	Grove Blindado Behemoth	Eshmara	3	ELYTH	predador noturno	73	20	17	52	40	jardim	luz
WRL_MON_0335	Thorn de Maré Mantis	Eshmara	2	VELLUM	caçador de matilha	60	18	14	35	27	floresta	fogo
WRL_MON_0337	Bloom Devastador Wyvern	Eshmara	3	ELYTH	solitário	67	24	16	44	31	pântano	eletricidade
WRL_MON_0339	Moon de Ferro Crow	Eshmara	3	VELLUM	gregário	78	22	17	47	37	bosque	fogo
WRL_MON_0341	Herb Voraz Boar	Eshmara	1	VELLUM	predador noturno	38	14	7	24	20	pântano	água
WRL_MON_0343	Fern Pequeno Kobold	Eshmara	1	MANA	gregário	35	10	11	25	23	pântano	trevas
WRL_MON_0345	Grove Real Stag	Eshmara	1	MANA	gregário	47	11	10	20	21	bosque	trevas
WRL_MON_0347	Dew Corrompido Roc	Eshmara	7	PRIMAL	inteligente e cauteloso	130	44	33	94	72	bosque	vento
WRL_MON_0349	Bloom Voraz Unicorn	Eshmara	4	MANA	territorial	82	28	23	59	42	jardim	terra
WRL_MON_0351	Dew Tempestuoso Wyvern	Eshmara	7	VELLUM	gregário	137	43	31	95	67	pântano	luz
WRL_MON_0353	Moss Glacial Elemental	Eshmara	6	ELYTH	predador noturno	130	34	30	86	64	floresta	som
WRL_MON_0355	Bloom Abissal Golem	Eshmara	7	VELLUM	protetor de ninho	136	39	35	95	72	bosque	gelo
WRL_MON_0357	Moon Caçador Serpent	Eshmara	3	MANA	predador noturno	75	22	16	50	39	bosque	gelo
WRL_MON_0359	Dusk Pequeno Colossus	Eshmara	3	MANA	errante	80	24	19	50	32	jardim	veneno
WRL_MON_0361	Fern Sombrio Mimic	Eshmara	5	PRIMAL	solitário	101	34	27	75	57	bosque	eletricidade
WRL_MON_0363	Honey Cristalino Crow	Eshmara	2	VELLUM	protetor de ninho	54	18	15	37	26	pântano	veneno
WRL_MON_0365	Dew de Espinhos Leviathan	Eshmara	4	VELLUM	protetor de ninho	90	24	22	57	43	jardim	som
WRL_MON_0367	Honey Errante Boar	Eshmara	1	ELYTH	protetor de ninho	42	14	8	27	20	floresta	veneno
WRL_MON_0369	Grove Guardião Behemoth	Eshmara	1	VELLUM	errante	47	10	10	24	14	floresta	veneno
WRL_MON_0371	Fern Antigo Orc	Eshmara	5	ELYTH	errante	98	33	27	71	53	bosque	gelo
WRL_MON_0373	Bloom Jovem Wraith	Eshmara	2	VELLUM	solitário	58	17	14	34	26	floresta	eletricidade
WRL_MON_0375	Thorn Real Kraken	Eshmara	9	PRIMAL	emboscador	174	53	39	117	85	pântano	vento
WRL_MON_0377	Bloom Alado Colossus	Eshmara	6	PRIMAL	territorial	123	36	29	88	68	bosque	vento
WRL_MON_0379	Moss de Areia Manticores	Eshmara	5	MANA	predador noturno	108	30	23	68	58	pântano	trevas
WRL_MON_0381	Grove de Trovão Wraith	Eshmara	0	VELLUM	solitário	16	4	4	15	4	pântano	trevas
WRL_MON_0383	Vine de Gelo Vampire	Eshmara	5	ELYTH	gregário	105	31	26	72	49	floresta	som
WRL_MON_0385	Bark Feral Imp	Eshmara	8	ELYTH	territorial	161	49	35	104	85	floresta	trevas
WRL_MON_0387	Moon Rúnico Wyvern	Eshmara	3	PRIMAL	errante	80	22	18	51	31	floresta	vento
WRL_MON_0389	Dusk Primal Crow	Eshmara	3	PRIMAL	emboscador	65	24	15	47	35	bosque	trevas
WRL_MON_0391	Honey Caçador Centaur	Eshmara	5	VELLUM	protetor de ninho	110	29	25	71	59	jardim	gelo
WRL_MON_0393	Grove Voraz Wraith	Eshmara	1	MANA	caçador de matilha	36	12	10	22	13	bosque	som
WRL_MON_0395	Willow Luminoso Wyvern	Eshmara	1	ELYTH	predador noturno	37	13	11	24	16	bosque	trevas
WRL_MON_0397	Dusk de Névoa Mantis	Eshmara	0	NONE	inteligente e cauteloso	19	8	7	14	5	floresta	vento
WRL_MON_0399	Bark Real Fairy	Eshmara	0	NONE	inteligente e cauteloso	25	8	4	11	8	jardim	luz
WRL_MON_0401	Honey Blindado Griffin	Eshmara	5	ELYTH	emboscador	104	31	26	74	54	bosque	luz
WRL_MON_0403	Moss Real Wraith	Eshmara	0	PRIMAL	emboscador	23	9	7	8	11	pântano	vento
WRL_MON_0405	Petal Jovem Chimera	Eshmara	5	MANA	emboscador	97	31	23	69	57	jardim	água
WRL_MON_0407	Honey Guardião Treant	Eshmara	6	MANA	territorial	120	36	29	82	61	bosque	veneno
WRL_MON_0409	Thorn Luminoso Orc	Eshmara	1	VELLUM	gregário	32	11	9	27	14	pântano	fogo
WRL_MON_0411	Grove de Lua Drake	Eshmara	5	VELLUM	predador noturno	96	33	25	68	58	bosque	terra
WRL_MON_0413	Fern Corrompido Bear	Eshmara	3	ELYTH	inteligente e cauteloso	65	21	17	51	37	floresta	veneno
WRL_MON_0415	Bark Rúnico Boar	Eshmara	5	NONE	gregário	99	34	27	70	57	bosque	luz
WRL_MON_0417	Petal Flamejante Naga	Eshmara	0	MANA	emboscador	19	9	6	15	5	floresta	luz
WRL_MON_0419	Fern Antigo Specter	Eshmara	7	MANA	protetor de ninho	128	40	33	98	72	floresta	fogo
WRL_MON_0421	Grove Caçador Goblin	Eshmara	0	MANA	gregário	29	4	6	8	8	floresta	eletricidade
WRL_MON_0423	Bark de Ferro Colossus	Eshmara	3	ELYTH	predador noturno	70	20	18	45	35	bosque	veneno
WRL_MON_0425	Grove Rúnico Stag	Eshmara	4	PRIMAL	predador noturno	97	25	19	64	49	jardim	eletricidade
WRL_MON_0427	Willow Alado Crow	Eshmara	6	NONE	protetor de ninho	118	35	28	80	62	bosque	veneno
WRL_MON_0429	Dusk de Raiz Kobold	Eshmara	1	ELYTH	errante	43	11	9	22	21	jardim	gelo
WRL_MON_0431	Honey Sombrio Titan	Eshmara	0	NONE	gregário	17	7	6	16	12	pântano	luz
WRL_MON_0433	Bloom de Sangue Toad	Eshmara	0	PRIMAL	gregário	23	8	3	10	5	pântano	veneno
WRL_MON_0435	Honey de Pedra Elemental	Eshmara	2	ELYTH	errante	48	15	14	38	31	pântano	luz
WRL_MON_0437	Bloom Venenoso Kobold	Eshmara	3	VELLUM	solitário	77	22	17	51	37	bosque	som
WRL_MON_0439	Petal de Pedra Direhound	Eshmara	1	PRIMAL	solitário	47	13	11	24	22	bosque	veneno
WRL_MON_0441	Herb de Pedra Bear	Eshmara	0	PRIMAL	territorial	18	4	3	14	7	pântano	terra
WRL_MON_0443	Moss Guardião Leviathan	Eshmara	6	MANA	solitário	127	35	30	83	64	jardim	vento
WRL_MON_0445	Willow de Sangue Wraith	Eshmara	5	MANA	inteligente e cauteloso	114	29	23	71	58	floresta	vento
WRL_MON_0447	Dusk Blindado Revenant	Eshmara	2	ELYTH	caçador de matilha	63	14	14	40	29	jardim	eletricidade
WRL_MON_0449	Grove Rúnico Wraith	Eshmara	6	MANA	caçador de matilha	114	36	30	87	61	bosque	veneno
WRL_MON_0451	Thorn Rúnico Vampire	Eshmara	0	MANA	territorial	25	5	5	13	10	pântano	eletricidade
WRL_MON_0453	Dew de Maré Naga	Eshmara	9	ELYTH	solitário	173	53	40	124	85	jardim	trevas
WRL_MON_0455	Petal Primal Salamander	Eshmara	4	NONE	solitário	81	29	20	61	43	pântano	luz
WRL_MON_0457	Petal Rúnico Drake	Eshmara	4	NONE	predador noturno	80	26	21	62	41	bosque	terra
WRL_MON_0459	Dusk Venenoso Kraken	Eshmara	4	PRIMAL	caçador de matilha	86	29	22	60	43	floresta	eletricidade
WRL_MON_0461	Willow Antigo Gryphon	Eshmara	1	NONE	gregário	36	14	10	28	23	floresta	terra
WRL_MON_0463	Vine Blindado Unicorn	Eshmara	3	MANA	protetor de ninho	72	19	16	50	35	floresta	eletricidade
WRL_MON_0465	Willow de Névoa Leviathan	Eshmara	6	PRIMAL	predador noturno	115	35	29	81	61	jardim	som
WRL_MON_0467	Grove Antigo Toad	Eshmara	7	NONE	inteligente e cauteloso	129	43	32	95	68	jardim	eletricidade
WRL_MON_0469	Honey Glacial Hydra	Eshmara	4	PRIMAL	territorial	85	25	21	60	47	floresta	gelo
WRL_MON_0471	Bloom Primal Bear	Eshmara	3	PRIMAL	inteligente e cauteloso	74	22	16	52	33	jardim	luz
WRL_MON_0473	Dusk Blindado Spider	Eshmara	0	NONE	solitário	17	5	5	11	11	bosque	gelo
WRL_MON_0475	Moss de Pedra Wolf	Eshmara	3	ELYTH	errante	64	23	16	51	34	pântano	fogo
WRL_MON_0477	Vine de Névoa Werebeast	Eshmara	4	MANA	protetor de ninho	87	29	20	59	43	floresta	gelo
WRL_MON_0479	Fern de Trovão Stag	Eshmara	6	PRIMAL	caçador de matilha	129	35	30	81	64	bosque	gelo
WRL_MON_0481	Thorn Voraz Kraken	Eshmara	1	NONE	inteligente e cauteloso	41	14	10	22	21	pântano	veneno
WRL_MON_0483	Dew de Cinzas Wyrm	Eshmara	3	VELLUM	solitário	67	20	16	49	39	floresta	água
WRL_MON_0485	Fern Alado Salamander	Eshmara	2	ELYTH	gregário	49	19	11	32	23	pântano	luz
WRL_MON_0487	Moon Corrompido Werebeast	Eshmara	4	PRIMAL	predador noturno	96	26	23	56	48	pântano	som
WRL_MON_0489	Bark Maior Angel	Eshmara	6	VELLUM	protetor de ninho	130	38	27	81	62	floresta	eletricidade
WRL_MON_0491	Willow Tempestuoso Revenant	Eshmara	0	ELYTH	emboscador	30	8	4	13	10	floresta	vento
WRL_MON_0493	Honey de Maré Treant	Eshmara	6	NONE	inteligente e cauteloso	112	35	27	82	60	floresta	fogo
WRL_MON_0495	Petal Rúnico Vampire	Eshmara	4	MANA	territorial	93	26	20	58	40	floresta	eletricidade
WRL_MON_0497	Dew Sombrio Elemental	Eshmara	4	MANA	inteligente e cauteloso	85	28	23	61	40	pântano	trevas
WRL_MON_0499	Herb Venenoso Bat	Eshmara	7	PRIMAL	territorial	136	42	34	94	72	floresta	fogo
WRL_MON_0501	Moon de Ferro Demon	Eshmara	3	MANA	solitário	74	19	15	52	38	pântano	fogo
WRL_MON_0503	Herb Pequeno Chimera	Eshmara	1	PRIMAL	predador noturno	40	12	11	24	21	jardim	terra
WRL_MON_0505	Bark Abissal Ogre	Eshmara	6	ELYTH	gregário	120	35	31	83	59	pântano	trevas
WRL_MON_0507	Vine Alado Toad	Eshmara	5	ELYTH	emboscador	102	31	24	70	58	pântano	trevas
WRL_MON_0509	Vine Feral Centaur	Eshmara	5	NONE	emboscador	110	32	24	74	58	floresta	som
WRL_MON_0511	Petal de Lua Leviathan	Eshmara	3	PRIMAL	inteligente e cauteloso	75	19	17	49	31	bosque	terra
WRL_MON_0513	Moon Cristalino Spider	Eshmara	4	VELLUM	inteligente e cauteloso	98	25	21	62	46	bosque	trevas
WRL_MON_0515	Willow de Ferro Chimera	Eshmara	1	ELYTH	emboscador	36	12	9	25	18	bosque	fogo
WRL_MON_0517	Willow Primal Manticores	Eshmara	1	NONE	solitário	40	9	10	28	17	bosque	vento
WRL_MON_0519	Dusk Devastador Crow	Eshmara	0	MANA	emboscador	23	4	5	8	10	jardim	fogo
WRL_MON_0521	Moss Cristalino Centaur	Eshmara	2	PRIMAL	errante	65	18	15	38	22	pântano	som
WRL_MON_0523	Fern Guardião Minotaur	Eshmara	0	MANA	predador noturno	31	5	3	15	12	bosque	som
WRL_MON_0525	Willow Sagrado Ogre	Eshmara	2	VELLUM	emboscador	66	19	15	40	29	jardim	fogo
WRL_MON_0527	Petal de Ferro Wyrm	Eshmara	2	VELLUM	inteligente e cauteloso	58	15	15	35	31	pântano	trevas
WRL_MON_0529	Honey de Areia Ogre	Eshmara	1	ELYTH	solitário	33	11	7	20	20	pântano	trevas
WRL_MON_0531	Moss Caçador Harpy	Eshmara	6	VELLUM	predador noturno	123	35	31	85	64	jardim	eletricidade
WRL_MON_0533	Dusk Abissal Beetle	Eshmara	0	PRIMAL	territorial	34	7	4	10	11	pântano	gelo
WRL_MON_0535	Vine Glacial Harpy	Eshmara	2	ELYTH	protetor de ninho	53	15	14	39	27	floresta	luz
WRL_MON_0537	Herb Jovem Rat	Eshmara	2	ELYTH	caçador de matilha	58	16	11	34	22	bosque	vento
WRL_MON_0539	Moss Primal Crow	Eshmara	2	VELLUM	gregário	54	14	12	39	25	pântano	veneno
WRL_MON_0541	Bark de Sol Boar	Eshmara	3	ELYTH	solitário	75	20	16	49	40	floresta	trevas
WRL_MON_0081	Sun Sombrio Djinn	Kethruun	7	NONE	emboscador	140	43	31	96	68	tumba	fogo
WRL_MON_0083	Tomb Primal Unicorn	Kethruun	1	MANA	emboscador	32	11	9	26	23	deserto	trevas
WRL_MON_0085	Burial Maior Orc	Kethruun	0	MANA	predador noturno	25	8	3	11	13	oásis	gelo
WRL_MON_0087	Bone de Areia Kobold	Kethruun	4	ELYTH	protetor de ninho	85	27	19	59	44	oásis	veneno
WRL_MON_0089	Bone de Espinhos Kobold	Kethruun	2	VELLUM	predador noturno	50	17	15	37	29	deserto	fogo
WRL_MON_0091	Burial Primal Leviathan	Kethruun	4	VELLUM	caçador de matilha	96	27	21	56	49	deserto	som
WRL_MON_0093	Dust de Maré Elemental	Kethruun	4	ELYTH	caçador de matilha	92	26	22	58	47	deserto	fogo
WRL_MON_0095	Ash de Sangue Harpy	Kethruun	6	NONE	emboscador	118	39	27	82	64	tumba	luz
WRL_MON_0097	Dune Primal Titan	Kethruun	2	MANA	territorial	58	16	11	39	22	cânion	trevas
WRL_MON_0099	Scarab Primal Centaur	Kethruun	2	VELLUM	predador noturno	51	18	15	40	24	oásis	água
WRL_MON_0101	Tomb Feral Unicorn	Kethruun	3	NONE	gregário	78	22	17	49	32	tumba	gelo
WRL_MON_0103	Sphinx Silvestre Boar	Kethruun	6	PRIMAL	caçador de matilha	113	35	30	83	68	deserto	vento
WRL_MON_0105	Dust de Névoa Behemoth	Kethruun	0	ELYTH	solitário	27	8	3	10	12	cânion	terra
WRL_MON_0107	Burial de Pedra Wraith	Kethruun	1	MANA	emboscador	34	10	9	24	23	tumba	veneno
WRL_MON_0109	Cinder de Trovão Revenant	Kethruun	0	ELYTH	inteligente e cauteloso	24	5	4	9	9	deserto	trevas
WRL_MON_0111	Ash Guardião Drake	Kethruun	0	MANA	predador noturno	17	5	3	10	13	oásis	água
WRL_MON_0113	Dust Real Orc	Kethruun	4	MANA	gregário	82	27	23	58	45	deserto	som
WRL_MON_0115	Dust de Raiz Wyvern	Kethruun	2	PRIMAL	caçador de matilha	65	14	11	37	32	oásis	terra
WRL_MON_0117	Burial Caçador Revenant	Kethruun	3	MANA	caçador de matilha	74	19	17	48	34	ruína	luz
WRL_MON_0119	Sun de Ferro Griffin	Kethruun	6	MANA	emboscador	113	38	27	88	65	ruína	terra
WRL_MON_0121	Cinder Blindado Manticores	Kethruun	5	VELLUM	inteligente e cauteloso	100	34	23	73	55	cânion	eletricidade
WRL_MON_0123	Sand Cristalino Goblin	Kethruun	3	VELLUM	caçador de matilha	73	20	16	47	41	oásis	gelo
WRL_MON_0125	Dust de Lua Beetle	Kethruun	0	PRIMAL	gregário	19	8	7	13	7	cânion	terra
WRL_MON_0127	Night Alado Demon	Kethruun	0	MANA	emboscador	25	7	6	11	6	oásis	trevas
WRL_MON_0129	Dune Blindado Mimic	Kethruun	3	PRIMAL	caçador de matilha	80	20	18	48	41	deserto	vento
WRL_MON_0131	Sphinx de Gelo Rat	Kethruun	1	VELLUM	protetor de ninho	37	11	11	20	13	ruína	vento
WRL_MON_0133	Mirage de Sangue Salamander	Kethruun	2	VELLUM	predador noturno	54	16	11	36	28	cânion	terra
WRL_MON_0135	Cinder Antigo Mantis	Kethruun	3	MANA	solitário	68	24	17	49	35	deserto	veneno
WRL_MON_0137	Tomb Blindado Chimera	Kethruun	0	VELLUM	protetor de ninho	21	9	6	12	13	ruína	vento
WRL_MON_0139	Bone de Gelo Leviathan	Kethruun	2	VELLUM	gregário	51	16	12	39	32	cânion	água
WRL_MON_0141	Cinder Voraz Fairy	Kethruun	0	MANA	errante	32	7	6	15	14	oásis	vento
WRL_MON_0143	Bone Ancestral Nightmare	Kethruun	1	VELLUM	inteligente e cauteloso	48	11	8	25	21	tumba	luz
WRL_MON_0145	Tomb de Cinzas Troll	Kethruun	0	PRIMAL	inteligente e cauteloso	31	9	7	11	10	ruína	luz
WRL_MON_0147	Night de Cinzas Demon	Kethruun	0	NONE	solitário	24	4	6	10	6	ruína	eletricidade
WRL_MON_0149	Dust Venenoso Lynx	Kethruun	5	NONE	predador noturno	102	34	27	69	51	tumba	luz
WRL_MON_0151	Mirage de Trovão Beetle	Kethruun	1	PRIMAL	territorial	41	13	8	26	20	cânion	gelo
WRL_MON_0153	Dune de Areia Golem	Kethruun	2	ELYTH	emboscador	60	14	12	37	25	cânion	luz
WRL_MON_0155	Cinder Primal Mantis	Kethruun	6	MANA	gregário	114	39	29	86	61	deserto	terra
WRL_MON_0157	Salt de Cinzas Manticores	Kethruun	0	VELLUM	solitário	26	8	6	15	12	deserto	veneno
WRL_MON_0159	Dune Luminoso Titan	Kethruun	5	ELYTH	errante	97	31	24	71	49	ruína	vento
WRL_MON_0161	Sand Flamejante Kraken	Kethruun	4	NONE	predador noturno	83	27	21	59	44	ruína	veneno
WRL_MON_0163	Night Silvestre Orc	Kethruun	1	VELLUM	emboscador	40	11	7	23	19	oásis	luz
WRL_MON_0165	Tomb Pequeno Vampire	Kethruun	5	MANA	solitário	106	32	23	69	58	deserto	água
WRL_MON_0167	Burial Jovem Hydra	Kethruun	3	ELYTH	caçador de matilha	77	19	19	45	39	deserto	eletricidade
WRL_MON_0169	Cinder Tempestuoso Manticores	Kethruun	2	NONE	protetor de ninho	52	16	12	37	26	tumba	vento
WRL_MON_0171	Scarab Rúnico Crow	Kethruun	1	PRIMAL	errante	35	14	11	23	17	tumba	fogo
WRL_MON_0173	Dust de Ferro Boar	Kethruun	9	VELLUM	gregário	176	49	42	120	86	deserto	água
WRL_MON_0175	Sun Primal Crow	Kethruun	3	NONE	caçador de matilha	75	22	15	49	33	deserto	água
WRL_MON_0177	Salt Alado Angel	Kethruun	3	VELLUM	inteligente e cauteloso	74	19	15	46	34	ruína	luz
WRL_MON_0179	Sand Tempestuoso Wyvern	Kethruun	2	VELLUM	protetor de ninho	54	19	11	40	31	ruína	vento
WRL_MON_0181	Ash de Lua Wyvern	Kethruun	3	MANA	emboscador	66	20	16	47	36	oásis	veneno
WRL_MON_0183	Sphinx de Pedra Mooncalf	Kethruun	4	PRIMAL	solitário	82	29	22	62	46	oásis	eletricidade
WRL_MON_0185	Night de Ferro Bat	Kethruun	8	NONE	errante	150	47	39	111	80	ruína	água
WRL_MON_0187	Sand Blindado Vampire	Kethruun	5	NONE	emboscador	99	34	27	70	53	oásis	água
WRL_MON_0189	Dust de Maré Treant	Kethruun	1	MANA	errante	34	11	7	27	14	cânion	veneno
WRL_MON_0191	Bone Tempestuoso Harpy	Kethruun	2	PRIMAL	predador noturno	54	17	12	39	26	tumba	luz
WRL_MON_0193	Cinder Antigo Unicorn	Kethruun	3	MANA	emboscador	67	20	19	45	32	tumba	vento
WRL_MON_0195	Scarab de Maré Titan	Kethruun	3	ELYTH	emboscador	70	20	19	49	37	oásis	terra
WRL_MON_0197	Dust Venenoso Harpy	Kethruun	5	VELLUM	solitário	109	29	27	69	52	oásis	eletricidade
WRL_MON_0199	Dune Primal Minotaur	Kethruun	1	NONE	inteligente e cauteloso	40	10	8	20	16	deserto	luz
WRL_MON_0201	Dust Sagrado Vampire	Kethruun	5	NONE	emboscador	111	32	27	68	59	oásis	trevas
WRL_MON_0203	Scarab Caçador Beetle	Kethruun	5	PRIMAL	solitário	100	30	27	74	57	ruína	veneno
WRL_MON_0205	Ash Rúnico Angel	Kethruun	0	VELLUM	emboscador	28	8	3	13	13	deserto	luz
WRL_MON_0207	Bone Cristalino Slime	Kethruun	2	PRIMAL	protetor de ninho	55	17	15	33	26	oásis	trevas
WRL_MON_0209	Dune Rúnico Boar	Kethruun	2	PRIMAL	inteligente e cauteloso	48	18	13	34	31	oásis	veneno
WRL_MON_0211	Bone Guardião Salamander	Kethruun	2	VELLUM	territorial	49	15	14	37	25	cânion	veneno
WRL_MON_0213	Cinder Alado Wraith	Kethruun	5	PRIMAL	protetor de ninho	114	30	24	69	56	oásis	água
WRL_MON_0215	Scarab de Gelo Treant	Kethruun	1	VELLUM	gregário	33	10	7	24	18	ruína	eletricidade
WRL_MON_0217	Sphinx de Pedra Serpent	Kethruun	1	ELYTH	caçador de matilha	44	9	8	20	18	tumba	água
WRL_MON_0219	Night Ancestral Unicorn	Kethruun	5	VELLUM	gregário	109	30	27	72	49	cânion	trevas
WRL_MON_0221	Bone Feral Treant	Kethruun	1	NONE	inteligente e cauteloso	32	13	11	25	17	cânion	luz
WRL_MON_0223	Sand Errante Werebeast	Kethruun	1	NONE	emboscador	33	13	8	22	13	tumba	água
WRL_MON_0225	Ash de Pedra Imp	Kethruun	1	VELLUM	gregário	40	10	8	24	19	cânion	luz
WRL_MON_0227	Sand de Gelo Stag	Kethruun	5	VELLUM	territorial	99	34	27	72	54	ruína	eletricidade
WRL_MON_0229	Bone de Pedra Drake	Kethruun	0	VELLUM	territorial	30	9	3	15	5	cânion	gelo
WRL_MON_0231	Sun Feral Golem	Kethruun	2	MANA	predador noturno	62	19	11	40	23	ruína	luz
WRL_MON_0233	Salt Sombrio Spider	Kethruun	5	MANA	caçador de matilha	109	31	24	74	58	ruína	vento
WRL_MON_0235	Sphinx Antigo Wraith	Kethruun	6	NONE	protetor de ninho	117	38	29	81	62	ruína	gelo
WRL_MON_0237	Scarab Glacial Beetle	Kethruun	5	PRIMAL	protetor de ninho	99	31	27	68	56	oásis	luz
WRL_MON_0239	Sand de Maré Vampire	Kethruun	2	NONE	predador noturno	56	14	11	32	24	cânion	som
WRL_MON_0241	Tomb Tempestuoso Kraken	Kethruun	4	MANA	emboscador	80	26	20	58	48	deserto	trevas
WRL_MON_0243	Cinder Voraz Naga	Kethruun	3	NONE	caçador de matilha	66	21	17	44	38	deserto	vento
WRL_MON_0245	Scarab Guardião Naga	Kethruun	2	MANA	errante	62	17	11	40	29	oásis	som
WRL_MON_0247	Dust Caçador Gryphon	Kethruun	4	VELLUM	solitário	87	28	22	64	40	deserto	água
WRL_MON_0249	Dune Luminoso Leviathan	Kethruun	2	VELLUM	protetor de ninho	64	14	12	34	29	cânion	água
WRL_MON_0251	Ash Cristalino Rat	Kethruun	1	PRIMAL	errante	35	13	11	22	15	oásis	água
WRL_MON_0253	Night Devastador Wyvern	Kethruun	3	PRIMAL	protetor de ninho	70	24	15	49	39	cânion	vento
WRL_MON_0255	Sphinx Tempestuoso Treant	Kethruun	3	NONE	territorial	67	22	18	46	35	cânion	fogo
WRL_MON_0257	Burial de Lua Crow	Kethruun	0	NONE	predador noturno	27	8	5	10	5	tumba	gelo
WRL_MON_0259	Cinder de Cinzas Wyvern	Kethruun	0	PRIMAL	protetor de ninho	25	9	4	8	7	oásis	água
WRL_MON_0261	Sphinx Voraz Harpy	Kethruun	1	PRIMAL	emboscador	32	13	9	22	17	tumba	vento
WRL_MON_0263	Dune Maior Drake	Kethruun	2	VELLUM	protetor de ninho	49	16	11	32	27	ruína	terra
WRL_MON_0265	Sun de Pedra Troll	Kethruun	4	MANA	errante	91	24	23	63	42	cânion	vento
WRL_MON_0267	Scarab Voraz Dryad	Kethruun	7	PRIMAL	protetor de ninho	145	43	32	92	71	oásis	trevas
WRL_MON_0269	Dune Devastador Orc	Kethruun	2	NONE	gregário	63	17	13	36	24	ruína	fogo
WRL_MON_0271	Sun Real Treant	Kethruun	1	PRIMAL	gregário	47	14	7	20	20	tumba	gelo
WRL_MON_0273	Sphinx Sombrio Titan	Kethruun	3	VELLUM	protetor de ninho	65	20	19	51	32	tumba	vento
WRL_MON_0275	Sun Venenoso Slime	Kethruun	9	PRIMAL	emboscador	167	52	42	120	85	cânion	fogo
WRL_MON_0277	Sun de Névoa Sprite	Kethruun	1	NONE	inteligente e cauteloso	47	12	11	21	16	oásis	trevas
WRL_MON_0279	Night Silvestre Crow	Kethruun	6	PRIMAL	predador noturno	118	34	28	81	66	cânion	gelo
WRL_MON_0281	Dune Real Wolf	Kethruun	4	VELLUM	gregário	94	25	20	61	47	tumba	veneno
WRL_MON_0283	Salt Tempestuoso Angel	Kethruun	5	PRIMAL	gregário	106	29	24	71	49	cânion	trevas
WRL_MON_0285	Night Corrompido Spider	Kethruun	0	MANA	inteligente e cauteloso	29	4	3	11	4	ruína	terra
WRL_MON_0287	Dune Devastador Kraken	Kethruun	0	MANA	caçador de matilha	26	8	6	10	12	ruína	fogo
WRL_MON_0289	Night Maior Wyvern	Kethruun	1	MANA	predador noturno	46	12	9	22	19	cânion	som
WRL_MON_0291	Bone Jovem Roc	Kethruun	6	MANA	solitário	120	36	29	80	60	oásis	veneno
WRL_MON_0293	Night Guardião Harpy	Kethruun	2	PRIMAL	inteligente e cauteloso	50	19	14	34	22	deserto	eletricidade
WRL_MON_0295	Night Primal Wyvern	Kethruun	7	ELYTH	inteligente e cauteloso	131	39	35	95	74	tumba	eletricidade
WRL_MON_0297	Sun Pequeno Mimic	Kethruun	7	PRIMAL	predador noturno	142	39	35	92	73	deserto	fogo
WRL_MON_0299	Dust de Maré Ogre	Kethruun	3	NONE	caçador de matilha	73	19	18	46	38	tumba	veneno
WRL_MON_0301	Sand Tempestuoso Ogre	Kethruun	6	MANA	caçador de matilha	116	38	30	87	60	cânion	veneno
WRL_MON_0303	Cinder Flamejante Titan	Kethruun	5	NONE	territorial	98	32	25	71	51	tumba	fogo
WRL_MON_0305	Scarab Tempestuoso Wyrm	Kethruun	7	MANA	emboscador	135	44	31	98	73	tumba	gelo
WRL_MON_0307	Sphinx de Maré Toad	Kethruun	0	VELLUM	territorial	25	5	7	9	13	ruína	eletricidade
WRL_MON_0309	Salt Tempestuoso Direhound	Kethruun	6	PRIMAL	errante	127	34	31	85	68	cânion	gelo
WRL_MON_0311	Dust de Pedra Hydra	Kethruun	0	ELYTH	errante	28	6	3	11	12	deserto	luz
WRL_MON_0313	Scarab Antigo Sprite	Kethruun	1	MANA	inteligente e cauteloso	47	10	7	22	14	oásis	eletricidade
WRL_MON_0315	Bone de Sangue Stag	Kethruun	0	MANA	caçador de matilha	22	5	7	9	9	ruína	terra
WRL_MON_0317	Dune Caçador Lich	Kethruun	4	VELLUM	caçador de matilha	83	26	23	61	46	cânion	água
WRL_MON_0319	Sand Rúnico Direhound	Kethruun	0	NONE	predador noturno	21	6	4	10	9	cânion	vento
WRL_MON_0321	Sphinx de Lua Goblin	Kethruun	2	VELLUM	territorial	65	18	12	38	32	tumba	vento
WRL_MON_0323	Sun Jovem Mantis	Kethruun	1	PRIMAL	gregário	34	14	8	20	13	cânion	terra
WRL_MON_0325	Tomb Silvestre Revenant	Kethruun	2	VELLUM	emboscador	57	18	13	40	29	cânion	trevas
WRL_MON_0327	Scarab de Pedra Dryad	Kethruun	9	NONE	protetor de ninho	166	51	42	119	90	tumba	vento
WRL_MON_0329	Salt Glacial Griffin	Kethruun	3	PRIMAL	territorial	70	20	16	44	38	deserto	luz
WRL_MON_0331	Ash de Trovão Werebeast	Kethruun	9	ELYTH	emboscador	177	50	39	124	93	cânion	fogo
WRL_MON_0333	Mirage Flamejante Kraken	Kethruun	8	ELYTH	gregário	155	47	35	109	80	deserto	eletricidade
WRL_MON_0335	Dust de Areia Griffin	Kethruun	0	NONE	solitário	24	6	6	9	13	tumba	gelo
WRL_MON_0337	Sun Primal Salamander	Kethruun	3	PRIMAL	solitário	82	21	15	52	33	oásis	veneno
WRL_MON_0339	Salt Cristalino Wraith	Kethruun	8	PRIMAL	gregário	144	49	38	112	81	cânion	veneno
WRL_MON_0341	Cinder Corrompido Specter	Kethruun	0	MANA	solitário	25	6	3	16	7	deserto	luz
WRL_MON_0343	Dune Primal Toad	Kethruun	9	ELYTH	inteligente e cauteloso	171	50	39	123	95	cânion	som
WRL_MON_0345	Dune Blindado Colossus	Kethruun	5	ELYTH	gregário	96	33	27	76	55	ruína	som
WRL_MON_0347	Sun Ancestral Treant	Kethruun	7	VELLUM	caçador de matilha	133	41	34	98	68	oásis	trevas
WRL_MON_0349	Dune Pequeno Nightmare	Kethruun	1	VELLUM	solitário	34	9	7	22	22	deserto	vento
WRL_MON_0351	Burial Sagrado Manticores	Kethruun	6	PRIMAL	solitário	130	35	27	88	68	tumba	trevas
WRL_MON_0353	Dust Silvestre Goblin	Kethruun	7	VELLUM	caçador de matilha	136	44	33	94	74	oásis	fogo
WRL_MON_0355	Sun de Espinhos Naga	Kethruun	3	VELLUM	territorial	67	20	16	46	36	ruína	terra
WRL_MON_0357	Sphinx Guardião Colossus	Kethruun	3	ELYTH	solitário	67	24	18	46	36	deserto	veneno
WRL_MON_0359	Ash Silvestre Manticores	Kethruun	3	MANA	territorial	76	21	16	46	40	tumba	fogo
WRL_MON_0361	Mirage Tempestuoso Werebeast	Kethruun	2	NONE	protetor de ninho	55	16	15	40	25	oásis	veneno
WRL_MON_0363	Bone Feral Elemental	Kethruun	4	MANA	errante	92	25	22	64	43	cânion	terra
WRL_MON_0365	Burial Jovem Treant	Kethruun	1	PRIMAL	gregário	40	10	10	25	16	deserto	fogo
WRL_MON_0367	Cinder Blindado Spider	Kethruun	5	VELLUM	solitário	98	31	25	76	53	tumba	fogo
WRL_MON_0369	Salt Errante Wolf	Kethruun	1	ELYTH	errante	45	12	7	24	17	deserto	som
WRL_MON_0371	Dune de Gelo Serpent	Kethruun	0	NONE	emboscador	21	6	5	16	10	oásis	trevas
WRL_MON_0373	Scarab Guardião Orc	Kethruun	1	PRIMAL	solitário	37	12	7	25	21	ruína	água
WRL_MON_0375	Tomb Tempestuoso Manticores	Kethruun	0	VELLUM	errante	32	8	5	10	4	ruína	luz
WRL_MON_0377	Sand Silvestre Griffin	Kethruun	4	PRIMAL	emboscador	92	27	23	57	46	deserto	água
WRL_MON_0379	Mirage Real Centaur	Kethruun	7	MANA	errante	145	40	31	100	72	oásis	trevas
WRL_MON_0381	Sand Cristalino Wolf	Kethruun	0	VELLUM	protetor de ninho	25	8	6	12	11	tumba	veneno
WRL_MON_0383	Bone Rúnico Dryad	Kethruun	9	VELLUM	caçador de matilha	175	53	43	123	92	tumba	água
WRL_MON_0385	Salt Ancestral Dryad	Kethruun	1	ELYTH	emboscador	35	11	9	21	19	deserto	gelo
WRL_MON_0387	Sun de Pedra Spider	Kethruun	1	VELLUM	inteligente e cauteloso	50	14	8	23	14	cânion	som
WRL_MON_0389	Scarab de Trovão Dryad	Kethruun	1	PRIMAL	caçador de matilha	36	9	8	25	23	ruína	terra
WRL_MON_0391	Dune de Sangue Wyvern	Kethruun	5	ELYTH	caçador de matilha	111	34	26	75	50	cânion	som
WRL_MON_0393	Burial de Trovão Mimic	Kethruun	0	NONE	territorial	19	4	6	11	4	cânion	veneno
WRL_MON_0395	Scarab de Maré Ogre	Kethruun	4	NONE	protetor de ninho	85	24	21	58	41	ruína	som
WRL_MON_0397	Ash Sombrio Angel	Kethruun	5	VELLUM	solitário	105	34	26	72	56	cânion	fogo
WRL_MON_0399	Night Ancestral Minotaur	Kethruun	3	MANA	emboscador	74	19	19	47	39	deserto	gelo
WRL_MON_0401	Tomb de Pedra Wraith	Kethruun	4	NONE	predador noturno	84	25	19	59	41	oásis	água
WRL_MON_0403	Night Primal Slime	Kethruun	2	MANA	protetor de ninho	49	18	12	32	26	cânion	gelo
WRL_MON_0405	Cinder Alado Gryphon	Kethruun	4	NONE	emboscador	97	24	23	62	47	tumba	luz
WRL_MON_0407	Mirage Alado Sprite	Kethruun	0	VELLUM	emboscador	18	5	5	9	4	cânion	gelo
WRL_MON_0409	Burial de Lua Imp	Kethruun	9	NONE	territorial	166	53	40	116	89	tumba	vento
WRL_MON_0411	Mirage Venenoso Beetle	Kethruun	2	NONE	predador noturno	64	18	12	38	26	deserto	fogo
WRL_MON_0413	Sphinx de Trovão Harpy	Kethruun	2	PRIMAL	emboscador	59	14	11	33	30	ruína	gelo
WRL_MON_0415	Mirage de Lua Rat	Kethruun	8	MANA	errante	147	45	35	111	86	tumba	fogo
WRL_MON_0417	Dune Jovem Naga	Kethruun	7	ELYTH	emboscador	135	41	31	94	69	cânion	luz
WRL_MON_0419	Ash Jovem Naga	Kethruun	5	PRIMAL	solitário	113	34	25	68	50	cânion	eletricidade
WRL_MON_0421	Sun de Lua Minotaur	Kethruun	1	NONE	gregário	45	11	8	20	19	ruína	veneno
WRL_MON_0423	Cinder de Gelo Lich	Kethruun	1	PRIMAL	emboscador	37	11	8	21	21	tumba	gelo
WRL_MON_0425	Burial de Maré Spider	Kethruun	1	PRIMAL	inteligente e cauteloso	42	14	7	22	19	oásis	vento
WRL_MON_0427	Sun de Gelo Angel	Kethruun	5	ELYTH	gregário	98	31	27	71	57	ruína	eletricidade
WRL_MON_0429	Night de Trovão Colossus	Kethruun	3	PRIMAL	protetor de ninho	76	21	16	50	39	cânion	trevas
WRL_MON_0431	Sphinx de Névoa Specter	Kethruun	6	ELYTH	inteligente e cauteloso	123	34	28	82	64	ruína	trevas
WRL_MON_0433	Burial Flamejante Hydra	Kethruun	7	MANA	errante	133	40	31	97	69	ruína	trevas
WRL_MON_0435	Night Ancestral Rat	Kethruun	1	MANA	caçador de matilha	40	12	8	25	15	ruína	terra
WRL_MON_0437	Dust Jovem Kobold	Kethruun	3	PRIMAL	territorial	79	20	17	48	33	deserto	eletricidade
WRL_MON_0439	Dune Cristalino Lich	Kethruun	0	PRIMAL	caçador de matilha	25	9	4	11	5	oásis	trevas
WRL_MON_0441	Sun Pequeno Unicorn	Kethruun	3	ELYTH	territorial	67	21	17	52	38	cânion	vento
WRL_MON_0443	Dust de Cinzas Golem	Kethruun	2	MANA	protetor de ninho	54	17	14	34	24	cânion	eletricidade
WRL_MON_0445	Scarab Tempestuoso Direhound	Kethruun	0	VELLUM	errante	18	6	3	13	9	oásis	som
WRL_MON_0447	Tomb Errante Rakshasa	Kethruun	1	PRIMAL	predador noturno	43	14	10	20	17	tumba	água
WRL_MON_0449	Sphinx de Trovão Troll	Kethruun	4	ELYTH	caçador de matilha	94	25	19	61	43	oásis	trevas
WRL_MON_0451	Sphinx de Lua Specter	Kethruun	2	MANA	protetor de ninho	64	17	11	32	24	tumba	água
WRL_MON_0453	Cinder Voraz Golem	Kethruun	3	NONE	solitário	75	19	15	52	37	ruína	água
WRL_MON_0455	Mirage Corrompido Bear	Kethruun	0	MANA	emboscador	17	6	7	14	9	oásis	terra
WRL_MON_0457	Scarab Tempestuoso Goblin	Kethruun	1	MANA	inteligente e cauteloso	33	10	11	21	17	ruína	fogo
WRL_MON_0459	Burial Real Manticores	Kethruun	4	VELLUM	errante	91	26	22	57	46	oásis	terra
WRL_MON_0461	Salt de Ferro Fairy	Kethruun	8	MANA	territorial	156	49	35	112	84	tumba	trevas
WRL_MON_0463	Dust Primal Treant	Kethruun	0	MANA	caçador de matilha	24	7	6	8	12	deserto	água
WRL_MON_0465	Night Tempestuoso Serpent	Kethruun	4	MANA	solitário	96	27	21	56	42	deserto	fogo
WRL_MON_0467	Sphinx Errante Serpent	Kethruun	0	VELLUM	territorial	25	5	5	13	7	deserto	água
WRL_MON_0469	Sand de Cinzas Gryphon	Kethruun	1	VELLUM	solitário	38	10	8	23	21	cânion	veneno
WRL_MON_0471	Mirage Real Manticores	Kethruun	6	NONE	caçador de matilha	124	39	30	87	65	deserto	água
WRL_MON_0473	Sphinx Luminoso Orc	Kethruun	3	VELLUM	territorial	66	22	17	45	41	cânion	trevas
WRL_MON_0475	Dune Cristalino Drake	Kethruun	2	NONE	gregário	58	16	11	34	27	deserto	trevas
WRL_MON_0477	Sand Alado Harpy	Kethruun	0	VELLUM	inteligente e cauteloso	21	5	7	14	7	tumba	luz
WRL_MON_0479	Sand de Cinzas Wyvern	Kethruun	4	PRIMAL	inteligente e cauteloso	90	26	20	56	46	tumba	veneno
WRL_MON_0481	Night Silvestre Centaur	Kethruun	2	NONE	solitário	53	16	12	33	28	oásis	terra
WRL_MON_0483	Scarab Luminoso Boar	Kethruun	0	PRIMAL	emboscador	32	9	4	16	5	deserto	luz
WRL_MON_0485	Ash de Maré Elemental	Kethruun	7	ELYTH	predador noturno	138	44	32	100	72	deserto	gelo
WRL_MON_0487	Dust de Espinhos Wolf	Kethruun	1	MANA	emboscador	50	13	7	28	14	tumba	som
WRL_MON_0489	Sand de Maré Goblin	Kethruun	3	NONE	errante	69	23	16	49	37	ruína	luz
WRL_MON_0491	Ash Primal Kobold	Kethruun	3	VELLUM	inteligente e cauteloso	73	19	19	51	36	oásis	água
WRL_MON_0493	Tomb Flamejante Wolf	Kethruun	7	NONE	predador noturno	143	39	32	100	77	cânion	terra
WRL_MON_0495	Sun de Névoa Drake	Kethruun	1	NONE	emboscador	41	11	8	26	15	tumba	gelo
WRL_MON_0497	Dune de Lua Kobold	Kethruun	1	VELLUM	predador noturno	40	9	11	27	23	ruína	eletricidade
WRL_MON_0499	Burial Devastador Nightmare	Kethruun	5	VELLUM	solitário	101	33	23	68	53	oásis	som
WRL_MON_0501	Burial de Gelo Demon	Kethruun	0	MANA	protetor de ninho	28	8	4	16	13	tumba	eletricidade
WRL_MON_0503	Sun Tempestuoso Wraith	Kethruun	0	VELLUM	territorial	18	9	4	9	6	tumba	água
WRL_MON_0505	Salt Primal Wolf	Kethruun	2	MANA	protetor de ninho	64	16	13	40	27	tumba	fogo
WRL_MON_0507	Cinder Abissal Salamander	Kethruun	8	MANA	solitário	162	47	38	106	82	ruína	terra
WRL_MON_0509	Ash Blindado Troll	Kethruun	3	MANA	solitário	73	22	16	47	35	cânion	gelo
WRL_MON_0511	Sun Devastador Harpy	Kethruun	2	PRIMAL	inteligente e cauteloso	59	18	13	32	30	ruína	vento
WRL_MON_0513	Burial Corrompido Wraith	Kethruun	3	ELYTH	territorial	75	22	15	50	35	cânion	vento
WRL_MON_0515	Cinder Rúnico Minotaur	Kethruun	3	MANA	emboscador	77	19	18	51	35	tumba	luz
WRL_MON_0517	Ash de Maré Minotaur	Kethruun	1	ELYTH	territorial	47	9	10	24	21	ruína	gelo
WRL_MON_0519	Dust Primal Leviathan	Kethruun	2	VELLUM	solitário	56	18	15	38	30	tumba	luz
WRL_MON_0521	Dune Antigo Stag	Kethruun	4	MANA	emboscador	96	28	23	61	42	deserto	água
WRL_MON_0523	Burial Primal Harpy	Kethruun	2	VELLUM	errante	60	19	12	38	25	tumba	vento
WRL_MON_0525	Sand Glacial Hydra	Kethruun	1	ELYTH	inteligente e cauteloso	40	12	9	23	19	ruína	fogo
WRL_MON_0527	Burial Corrompido Kraken	Kethruun	0	ELYTH	territorial	31	5	6	11	8	cânion	fogo
WRL_MON_0529	Cinder de Cinzas Rat	Kethruun	1	VELLUM	solitário	34	9	7	24	13	oásis	vento
WRL_MON_0531	Night Antigo Roc	Kethruun	2	PRIMAL	errante	60	18	12	38	22	tumba	eletricidade
WRL_MON_0533	Dune de Trovão Treant	Kethruun	0	PRIMAL	solitário	17	8	3	14	12	tumba	trevas
WRL_MON_0535	Scarab Cristalino Leviathan	Kethruun	2	ELYTH	protetor de ninho	55	16	13	38	28	tumba	gelo
WRL_MON_0537	Tomb Venenoso Nightmare	Kethruun	4	MANA	gregário	81	28	19	64	46	deserto	trevas
WRL_MON_0539	Mirage Venenoso Mimic	Kethruun	1	NONE	inteligente e cauteloso	36	9	9	23	13	oásis	vento
WRL_MON_0541	Mirage de Trovão Basilisk	Kethruun	0	NONE	caçador de matilha	23	9	4	10	12	ruína	terra
WRL_MON_0081	Glass Guardião Goblin	Orinthal	0	MANA	errante	27	4	4	10	8	montanha	fogo
WRL_MON_0083	Shard Errante Bat	Orinthal	7	MANA	solitário	139	42	32	96	72	montanha	gelo
WRL_MON_0085	Rime de Sangue Toad	Orinthal	2	ELYTH	solitário	52	17	13	36	28	geleira	som
WRL_MON_0087	Silver Maior Naga	Orinthal	1	NONE	inteligente e cauteloso	48	13	9	21	16	montanha	som
WRL_MON_0089	Glacier Glacial Kraken	Orinthal	2	ELYTH	territorial	64	18	13	33	22	cidade	vento
WRL_MON_0091	Sapphire Errante Behemoth	Orinthal	8	PRIMAL	emboscador	145	48	35	108	80	caverna	som
WRL_MON_0093	Ice de Cinzas Sprite	Orinthal	7	NONE	emboscador	140	39	34	96	76	cidade	água
WRL_MON_0095	Aurora Silvestre Wyrm	Orinthal	2	PRIMAL	errante	48	14	15	40	31	geleira	vento
WRL_MON_0097	Ice de Ferro Roc	Orinthal	3	ELYTH	protetor de ninho	73	24	17	48	36	caverna	água
WRL_MON_0099	Sapphire Flamejante Kobold	Orinthal	1	ELYTH	protetor de ninho	37	10	7	23	22	caverna	som
WRL_MON_0101	Aurora Abissal Vampire	Orinthal	4	PRIMAL	errante	82	24	23	58	43	cidade	trevas
WRL_MON_0103	Snow de Areia Minotaur	Orinthal	0	PRIMAL	caçador de matilha	21	4	5	12	10	caverna	eletricidade
WRL_MON_0105	Rime de Espinhos Rat	Orinthal	6	PRIMAL	territorial	128	34	29	84	60	geleira	luz
WRL_MON_0107	White Jovem Treant	Orinthal	1	MANA	solitário	42	13	10	26	15	montanha	vento
WRL_MON_0109	Sapphire Luminoso Drake	Orinthal	4	MANA	predador noturno	84	24	20	62	50	geleira	vento
WRL_MON_0111	Rime Primal Slime	Orinthal	0	MANA	caçador de matilha	17	8	7	15	7	montanha	veneno
WRL_MON_0113	Glass de Névoa Salamander	Orinthal	3	MANA	solitário	79	24	16	45	31	caverna	gelo
WRL_MON_0115	Glass Ancestral Behemoth	Orinthal	0	PRIMAL	gregário	17	6	7	12	7	montanha	eletricidade
WRL_MON_0117	Ice Corrompido Demon	Orinthal	6	VELLUM	gregário	116	37	30	86	61	caverna	som
WRL_MON_0119	Silver de Pedra Troll	Orinthal	0	MANA	caçador de matilha	22	5	7	13	7	caverna	gelo
WRL_MON_0121	Prism de Ferro Naga	Orinthal	4	ELYTH	solitário	88	25	23	61	47	caverna	água
WRL_MON_0123	Frost de Raiz Lich	Orinthal	0	MANA	caçador de matilha	18	5	3	15	12	cidade	som
WRL_MON_0125	Ice de Névoa Wyvern	Orinthal	6	MANA	predador noturno	115	37	28	80	61	caverna	luz
WRL_MON_0127	Glass Sagrado Kobold	Orinthal	0	PRIMAL	protetor de ninho	32	5	7	13	6	geleira	terra
WRL_MON_0129	Shard Sagrado Wyvern	Orinthal	4	MANA	emboscador	89	27	22	59	43	geleira	terra
WRL_MON_0131	White Jovem Slime	Orinthal	0	PRIMAL	solitário	22	6	4	9	14	geleira	água
WRL_MON_0133	Mirror Sagrado Centaur	Orinthal	3	MANA	errante	79	19	18	47	37	caverna	som
WRL_MON_0135	Prism Feral Troll	Orinthal	3	MANA	caçador de matilha	65	21	19	48	34	montanha	eletricidade
WRL_MON_0137	Prism Sagrado Lynx	Orinthal	0	VELLUM	protetor de ninho	22	8	5	16	10	caverna	fogo
WRL_MON_0139	Snow de Gelo Salamander	Orinthal	5	VELLUM	gregário	112	30	27	74	55	geleira	fogo
WRL_MON_0141	Glacier Luminoso Treant	Orinthal	2	NONE	errante	60	15	11	37	32	caverna	som
WRL_MON_0143	Crystal Real Elemental	Orinthal	1	ELYTH	gregário	45	10	7	27	21	geleira	água
WRL_MON_0145	Glacier Glacial Gryphon	Orinthal	0	VELLUM	gregário	25	8	5	13	4	geleira	água
WRL_MON_0147	Crystal Jovem Elemental	Orinthal	0	MANA	gregário	31	9	7	9	7	caverna	som
WRL_MON_0149	Frost Pequeno Goblin	Orinthal	2	ELYTH	territorial	64	15	14	36	27	caverna	terra
WRL_MON_0151	Silver Maior Angel	Orinthal	1	VELLUM	inteligente e cauteloso	32	9	8	20	14	geleira	fogo
WRL_MON_0153	Snow Alado Roc	Orinthal	3	VELLUM	emboscador	66	20	19	45	31	cidade	vento
WRL_MON_0155	Ice de Espinhos Manticores	Orinthal	0	NONE	emboscador	22	9	5	11	13	geleira	eletricidade
WRL_MON_0157	Mirror Voraz Bear	Orinthal	5	NONE	solitário	96	32	24	73	54	cidade	trevas
WRL_MON_0159	Snow de Pedra Orc	Orinthal	5	ELYTH	protetor de ninho	99	34	23	70	55	geleira	gelo
WRL_MON_0161	Mirror de Areia Crow	Orinthal	4	PRIMAL	gregário	86	28	23	56	49	montanha	veneno
WRL_MON_0163	Ice Corrompido Revenant	Orinthal	6	PRIMAL	inteligente e cauteloso	124	36	30	84	59	cidade	veneno
WRL_MON_0165	Ice Maior Beetle	Orinthal	0	NONE	errante	28	6	4	16	12	caverna	eletricidade
WRL_MON_0167	Glass de Raiz Direhound	Orinthal	0	PRIMAL	predador noturno	33	6	3	13	5	geleira	trevas
WRL_MON_0169	Silver Antigo Specter	Orinthal	0	VELLUM	gregário	17	6	4	10	13	geleira	água
WRL_MON_0171	Ice de Sangue Unicorn	Orinthal	7	VELLUM	caçador de matilha	138	41	34	92	73	montanha	trevas
WRL_MON_0173	Glacier Voraz Demon	Orinthal	3	MANA	gregário	75	20	16	50	36	geleira	vento
WRL_MON_0175	Frost Rúnico Revenant	Orinthal	0	VELLUM	protetor de ninho	32	5	7	14	9	cidade	veneno
WRL_MON_0177	Prism Rúnico Ogre	Orinthal	2	ELYTH	protetor de ninho	49	19	11	32	30	montanha	trevas
WRL_MON_0179	Frost Ancestral Harpy	Orinthal	2	ELYTH	solitário	61	15	12	37	23	cidade	terra
WRL_MON_0181	Prism de Gelo Dryad	Orinthal	5	NONE	errante	112	29	23	75	49	caverna	luz
WRL_MON_0183	Glacier Real Griffin	Orinthal	1	PRIMAL	territorial	34	14	8	21	17	geleira	som
WRL_MON_0185	Aurora Voraz Roc	Orinthal	3	ELYTH	territorial	72	24	18	51	33	montanha	eletricidade
WRL_MON_0187	Snow de Ferro Mooncalf	Orinthal	2	MANA	gregário	58	17	13	33	29	montanha	fogo
WRL_MON_0189	Glass Antigo Rakshasa	Orinthal	5	VELLUM	inteligente e cauteloso	114	30	25	72	55	geleira	terra
WRL_MON_0191	Prism Ancestral Mantis	Orinthal	8	MANA	predador noturno	157	44	37	106	76	cidade	eletricidade
WRL_MON_0193	Prism Caçador Dryad	Orinthal	0	VELLUM	caçador de matilha	20	9	7	8	13	caverna	som
WRL_MON_0195	Crystal Primal Fairy	Orinthal	2	MANA	errante	59	18	13	40	24	geleira	gelo
WRL_MON_0197	Rime Glacial Specter	Orinthal	0	NONE	solitário	25	5	5	13	5	cidade	luz
WRL_MON_0199	Mirror Ancestral Chimera	Orinthal	1	VELLUM	emboscador	44	14	10	25	16	geleira	gelo
WRL_MON_0201	Crystal Real Griffin	Orinthal	5	VELLUM	predador noturno	107	32	26	73	56	caverna	luz
WRL_MON_0203	Silver de Espinhos Wyvern	Orinthal	2	MANA	caçador de matilha	63	17	13	35	24	cidade	veneno
WRL_MON_0205	Shard Venenoso Werebeast	Orinthal	0	ELYTH	solitário	34	4	6	11	6	cidade	gelo
WRL_MON_0207	Ice Corrompido Nightmare	Orinthal	2	VELLUM	solitário	56	15	15	35	27	cidade	fogo
WRL_MON_0209	Prism Corrompido Naga	Orinthal	1	MANA	solitário	42	12	10	24	13	cidade	água
WRL_MON_0211	Crystal de Trovão Chimera	Orinthal	2	VELLUM	predador noturno	52	16	11	39	22	montanha	veneno
WRL_MON_0213	Aurora Venenoso Stag	Orinthal	0	VELLUM	protetor de ninho	24	4	3	13	14	geleira	terra
WRL_MON_0215	Aurora Errante Basilisk	Orinthal	4	NONE	territorial	96	24	19	56	48	caverna	luz
WRL_MON_0217	Aurora de Maré Behemoth	Orinthal	1	MANA	solitário	43	10	8	21	20	montanha	vento
WRL_MON_0219	Shard Maior Lynx	Orinthal	2	PRIMAL	inteligente e cauteloso	59	19	13	39	30	cidade	luz
WRL_MON_0221	Aurora Maior Leviathan	Orinthal	5	ELYTH	protetor de ninho	110	30	24	76	56	montanha	fogo
WRL_MON_0223	Silver Errante Goblin	Orinthal	5	VELLUM	errante	112	30	27	71	53	caverna	som
WRL_MON_0225	Prism de Sol Elemental	Orinthal	7	MANA	emboscador	145	39	35	94	67	geleira	vento
WRL_MON_0227	Rime Venenoso Centaur	Orinthal	2	NONE	protetor de ninho	49	17	11	32	29	caverna	terra
WRL_MON_0229	Mirror Luminoso Chimera	Orinthal	6	MANA	territorial	115	35	29	80	68	cidade	água
WRL_MON_0231	Prism Glacial Orc	Orinthal	0	NONE	predador noturno	25	7	5	12	14	montanha	terra
WRL_MON_0233	Crystal de Maré Drake	Orinthal	4	ELYTH	solitário	82	25	19	57	50	cidade	luz
WRL_MON_0235	Frost Rúnico Leviathan	Orinthal	6	MANA	protetor de ninho	117	34	30	84	61	geleira	fogo
WRL_MON_0237	Sapphire Antigo Troll	Orinthal	1	PRIMAL	solitário	34	9	10	21	19	geleira	eletricidade
WRL_MON_0239	White de Trovão Wyrm	Orinthal	4	MANA	inteligente e cauteloso	96	25	23	60	49	cidade	água
WRL_MON_0241	Mirror de Maré Rakshasa	Orinthal	1	PRIMAL	protetor de ninho	42	11	11	26	13	caverna	gelo
WRL_MON_0243	Ice de Gelo Boar	Orinthal	5	ELYTH	inteligente e cauteloso	101	34	23	70	52	cidade	som
WRL_MON_0245	Sapphire Luminoso Djinn	Orinthal	2	PRIMAL	emboscador	59	15	15	38	28	geleira	terra
WRL_MON_0247	Rime de Trovão Kraken	Orinthal	3	ELYTH	emboscador	76	20	15	48	32	caverna	veneno
WRL_MON_0249	Sapphire Tempestuoso Vampire	Orinthal	5	ELYTH	caçador de matilha	96	33	26	76	59	geleira	vento
WRL_MON_0251	Crystal Abissal Leviathan	Orinthal	8	PRIMAL	gregário	161	46	39	106	77	geleira	água
WRL_MON_0253	Snow de Espinhos Djinn	Orinthal	6	MANA	inteligente e cauteloso	126	35	29	88	59	cidade	gelo
WRL_MON_0255	Glass Guardião Sprite	Orinthal	1	PRIMAL	emboscador	42	13	10	25	14	caverna	terra
WRL_MON_0257	Mirror de Trovão Ogre	Orinthal	3	NONE	emboscador	78	20	19	51	41	cidade	trevas
WRL_MON_0259	Frost Caçador Kobold	Orinthal	4	VELLUM	emboscador	86	25	21	64	49	caverna	luz
WRL_MON_0261	Sapphire Ancestral Specter	Orinthal	6	NONE	predador noturno	121	34	29	88	59	caverna	fogo
WRL_MON_0263	Rime Ancestral Mantis	Orinthal	2	PRIMAL	protetor de ninho	61	16	14	36	25	caverna	trevas
WRL_MON_0265	White Silvestre Colossus	Orinthal	1	ELYTH	protetor de ninho	36	11	10	27	19	caverna	som
WRL_MON_0267	Glacier Errante Rat	Orinthal	0	ELYTH	caçador de matilha	18	4	4	11	4	caverna	luz
WRL_MON_0269	Rime de Pedra Hydra	Orinthal	3	VELLUM	solitário	74	23	18	49	33	geleira	veneno
WRL_MON_0271	Aurora de Trovão Djinn	Orinthal	1	MANA	solitário	45	12	9	27	23	geleira	gelo
WRL_MON_0273	Snow de Maré Chimera	Orinthal	7	ELYTH	inteligente e cauteloso	133	41	31	100	67	cidade	fogo
WRL_MON_0275	Glass Alado Chimera	Orinthal	3	NONE	caçador de matilha	65	19	17	48	41	montanha	gelo
WRL_MON_0277	Mirror Feral Bat	Orinthal	1	NONE	emboscador	32	13	9	23	15	montanha	água
WRL_MON_0279	Glacier Antigo Wyvern	Orinthal	2	ELYTH	protetor de ninho	53	14	15	38	31	montanha	luz
WRL_MON_0281	Mirror de Lua Bat	Orinthal	4	VELLUM	solitário	85	26	19	62	43	caverna	vento
WRL_MON_0283	Sapphire Ancestral Dryad	Orinthal	0	MANA	predador noturno	29	4	4	8	12	caverna	trevas
WRL_MON_0285	Prism de Pedra Basilisk	Orinthal	0	ELYTH	protetor de ninho	22	5	7	13	8	geleira	trevas
WRL_MON_0287	Prism de Sangue Lich	Orinthal	5	NONE	errante	113	34	27	73	51	geleira	água
WRL_MON_0289	Frost Luminoso Basilisk	Orinthal	4	NONE	caçador de matilha	94	25	23	59	45	geleira	luz
WRL_MON_0291	Aurora Luminoso Boar	Orinthal	1	MANA	gregário	48	14	9	23	17	montanha	fogo
WRL_MON_0293	Crystal de Cinzas Wyrm	Orinthal	0	ELYTH	solitário	33	7	5	13	14	montanha	som
WRL_MON_0295	Rime Maior Boar	Orinthal	3	NONE	emboscador	65	22	15	45	36	geleira	trevas
WRL_MON_0297	Shard Antigo Beetle	Orinthal	1	VELLUM	emboscador	48	13	10	28	14	cidade	trevas
WRL_MON_0299	Shard Luminoso Angel	Orinthal	5	ELYTH	territorial	110	30	24	76	52	montanha	água
WRL_MON_0301	Rime Corrompido Nightmare	Orinthal	2	NONE	predador noturno	64	19	15	40	26	geleira	fogo
WRL_MON_0303	Rime Sagrado Wraith	Orinthal	3	MANA	territorial	69	23	16	48	32	caverna	fogo
WRL_MON_0305	Frost Primal Kraken	Orinthal	4	MANA	predador noturno	94	27	22	64	45	cidade	vento
WRL_MON_0307	Shard Errante Gryphon	Orinthal	1	NONE	solitário	37	12	7	20	23	montanha	veneno
WRL_MON_0309	Snow de Espinhos Mantis	Orinthal	0	ELYTH	protetor de ninho	27	8	5	11	4	montanha	fogo
WRL_MON_0311	Silver Maior Sprite	Orinthal	7	NONE	gregário	143	43	32	98	73	caverna	trevas
WRL_MON_0313	Prism Primal Kraken	Orinthal	0	MANA	emboscador	23	5	7	12	5	montanha	som
WRL_MON_0315	Aurora de Espinhos Mimic	Orinthal	2	NONE	inteligente e cauteloso	58	19	12	34	25	caverna	terra
WRL_MON_0317	Shard Blindado Stag	Orinthal	5	NONE	predador noturno	102	34	25	72	59	caverna	fogo
WRL_MON_0319	Crystal Silvestre Manticores	Orinthal	7	NONE	protetor de ninho	134	44	32	95	71	geleira	som
WRL_MON_0321	Crystal Voraz Bat	Orinthal	1	ELYTH	protetor de ninho	48	12	11	25	18	montanha	trevas
WRL_MON_0323	Snow de Ferro Leviathan	Orinthal	6	VELLUM	territorial	130	37	29	81	62	montanha	som
WRL_MON_0325	Aurora de Gelo Rat	Orinthal	2	MANA	errante	51	14	13	39	23	caverna	som
WRL_MON_0327	Shard Blindado Drake	Orinthal	0	MANA	solitário	29	4	6	10	14	caverna	fogo
WRL_MON_0329	Shard Maior Demon	Orinthal	0	NONE	inteligente e cauteloso	33	8	4	9	5	caverna	som
WRL_MON_0331	White Feral Fairy	Orinthal	4	PRIMAL	territorial	80	24	22	61	41	montanha	gelo
WRL_MON_0333	Crystal Corrompido Vampire	Orinthal	0	VELLUM	predador noturno	21	9	3	11	12	caverna	trevas
WRL_MON_0335	Glacier Voraz Kraken	Orinthal	5	MANA	predador noturno	102	33	26	75	58	geleira	gelo
WRL_MON_0337	Prism de Sangue Hydra	Orinthal	3	PRIMAL	predador noturno	67	20	18	49	32	cidade	vento
WRL_MON_0339	Aurora Antigo Wyvern	Orinthal	4	ELYTH	solitário	98	29	21	63	50	cidade	luz
WRL_MON_0341	Frost de Raiz Rat	Orinthal	1	NONE	inteligente e cauteloso	47	13	10	24	23	geleira	terra
WRL_MON_0343	Rime Rúnico Chimera	Orinthal	3	MANA	predador noturno	69	20	16	46	39	cidade	terra
WRL_MON_0345	Rime de Espinhos Wyvern	Orinthal	6	NONE	territorial	113	34	30	88	68	cidade	água
WRL_MON_0347	Frost Sagrado Imp	Orinthal	7	VELLUM	territorial	144	44	35	93	76	caverna	vento
WRL_MON_0349	Mirror Corrompido Troll	Orinthal	0	MANA	errante	18	9	3	8	4	caverna	luz
WRL_MON_0351	Shard de Areia Elemental	Orinthal	5	NONE	solitário	97	34	23	69	57	caverna	trevas
WRL_MON_0353	Frost Sombrio Centaur	Orinthal	3	VELLUM	caçador de matilha	67	23	18	46	36	cidade	veneno
WRL_MON_0355	Prism Maior Fairy	Orinthal	1	NONE	gregário	41	13	11	25	16	geleira	terra
WRL_MON_0357	Prism Tempestuoso Griffin	Orinthal	5	NONE	predador noturno	100	33	23	74	59	geleira	trevas
WRL_MON_0359	Glacier Sombrio Manticores	Orinthal	7	VELLUM	errante	140	42	35	99	73	montanha	terra
WRL_MON_0361	Glacier Corrompido Rakshasa	Orinthal	1	MANA	predador noturno	48	13	9	20	22	geleira	água
WRL_MON_0363	Crystal Cristalino Leviathan	Orinthal	2	MANA	protetor de ninho	63	17	14	34	25	cidade	água
WRL_MON_0365	Glacier Glacial Orc	Orinthal	0	VELLUM	territorial	22	5	3	10	4	caverna	vento
WRL_MON_0367	Snow de Lua Centaur	Orinthal	4	NONE	emboscador	97	26	23	58	47	montanha	terra
WRL_MON_0369	Snow Caçador Werebeast	Orinthal	7	NONE	solitário	128	39	31	99	68	montanha	som
WRL_MON_0371	Ice Silvestre Drake	Orinthal	2	PRIMAL	protetor de ninho	48	19	12	40	23	montanha	trevas
WRL_MON_0373	Glacier Cristalino Orc	Orinthal	5	ELYTH	protetor de ninho	98	29	25	76	59	montanha	trevas
WRL_MON_0375	Snow Pequeno Direhound	Orinthal	2	PRIMAL	gregário	50	15	14	37	25	montanha	fogo
WRL_MON_0377	Glass Sombrio Serpent	Orinthal	5	NONE	gregário	101	31	25	75	56	cidade	som
WRL_MON_0379	Mirror Devastador Lynx	Orinthal	9	PRIMAL	gregário	163	50	41	123	89	cidade	som
WRL_MON_0381	Prism Rúnico Kobold	Orinthal	3	PRIMAL	emboscador	78	23	19	44	35	montanha	vento
WRL_MON_0383	Frost Tempestuoso Troll	Orinthal	5	MANA	errante	104	29	23	74	58	montanha	terra
WRL_MON_0385	Ice Sagrado Wyvern	Orinthal	3	NONE	errante	81	23	17	47	34	montanha	água
WRL_MON_0387	Glass Ancestral Titan	Orinthal	4	PRIMAL	caçador de matilha	85	27	21	58	42	caverna	eletricidade
WRL_MON_0389	Silver de Pedra Minotaur	Orinthal	2	VELLUM	predador noturno	63	18	15	34	27	montanha	água
WRL_MON_0391	Sapphire de Cinzas Sprite	Orinthal	6	VELLUM	errante	120	38	27	82	58	geleira	gelo
WRL_MON_0393	Mirror Real Nightmare	Orinthal	2	VELLUM	solitário	57	15	12	33	25	caverna	água
WRL_MON_0395	Rime Alado Unicorn	Orinthal	0	NONE	caçador de matilha	27	5	5	13	7	caverna	terra
WRL_MON_0397	Silver de Areia Revenant	Orinthal	2	ELYTH	solitário	60	17	14	33	26	montanha	trevas
WRL_MON_0399	White Errante Sprite	Orinthal	2	MANA	emboscador	58	14	14	38	29	geleira	vento
WRL_MON_0401	Shard Venenoso Bat	Orinthal	1	MANA	caçador de matilha	42	13	7	23	13	geleira	gelo
WRL_MON_0403	Rime de Maré Basilisk	Orinthal	1	MANA	emboscador	32	12	8	26	23	caverna	fogo
WRL_MON_0405	Snow Venenoso Chimera	Orinthal	2	MANA	errante	64	14	11	39	25	montanha	luz
WRL_MON_0407	Prism Blindado Rakshasa	Orinthal	8	NONE	predador noturno	159	46	35	105	79	geleira	terra
WRL_MON_0409	Snow de Lua Rakshasa	Orinthal	7	PRIMAL	inteligente e cauteloso	141	41	34	99	68	geleira	água
WRL_MON_0411	Sapphire Ancestral Golem	Orinthal	7	PRIMAL	errante	142	43	33	99	77	caverna	eletricidade
WRL_MON_0413	Glacier Tempestuoso Stag	Orinthal	7	MANA	errante	131	40	35	93	69	cidade	vento
WRL_MON_0415	Glacier Flamejante Hydra	Orinthal	5	VELLUM	predador noturno	111	29	26	76	54	caverna	veneno
WRL_MON_0417	Rime de Névoa Wyrm	Orinthal	5	ELYTH	protetor de ninho	114	31	25	71	55	geleira	trevas
WRL_MON_0419	White Antigo Slime	Orinthal	1	NONE	gregário	45	9	7	20	19	geleira	som
WRL_MON_0421	Rime Antigo Roc	Orinthal	2	VELLUM	errante	49	18	12	32	23	cidade	eletricidade
WRL_MON_0423	Glass Devastador Beetle	Orinthal	7	VELLUM	territorial	138	40	32	95	68	geleira	som
WRL_MON_0425	Frost Silvestre Toad	Orinthal	3	VELLUM	errante	74	22	17	52	33	montanha	trevas
WRL_MON_0427	Prism de Trovão Bat	Orinthal	5	PRIMAL	solitário	107	34	27	68	58	geleira	som
WRL_MON_0429	Crystal Abissal Treant	Orinthal	2	NONE	territorial	54	15	13	40	29	cidade	luz
WRL_MON_0431	Ice Flamejante Kraken	Orinthal	5	PRIMAL	protetor de ninho	105	30	25	70	53	cidade	vento
WRL_MON_0433	Sapphire Caçador Rakshasa	Orinthal	0	PRIMAL	errante	16	7	6	9	7	caverna	fogo
WRL_MON_0435	White Luminoso Dryad	Orinthal	7	MANA	inteligente e cauteloso	132	43	33	92	71	cidade	vento
WRL_MON_0437	Aurora Sombrio Basilisk	Orinthal	1	NONE	inteligente e cauteloso	46	10	7	27	23	caverna	veneno
WRL_MON_0439	Rime Feral Kraken	Orinthal	4	ELYTH	emboscador	81	27	20	61	41	geleira	som
WRL_MON_0441	Mirror Abissal Vampire	Orinthal	2	PRIMAL	errante	50	14	12	34	24	montanha	luz
WRL_MON_0443	Crystal de Gelo Hydra	Orinthal	0	PRIMAL	inteligente e cauteloso	19	4	4	14	5	cidade	eletricidade
WRL_MON_0445	Ice Abissal Lich	Orinthal	5	ELYTH	solitário	109	34	27	68	51	caverna	terra
WRL_MON_0447	Sapphire Corrompido Nightmare	Orinthal	1	VELLUM	caçador de matilha	36	9	9	21	18	montanha	vento
WRL_MON_0449	Ice de Lua Serpent	Orinthal	0	NONE	predador noturno	16	8	3	11	14	geleira	vento
WRL_MON_0451	Sapphire de Ferro Leviathan	Orinthal	2	ELYTH	emboscador	61	17	12	39	22	montanha	trevas
WRL_MON_0453	Sapphire Feral Nightmare	Orinthal	7	PRIMAL	gregário	145	44	31	96	69	cidade	água
WRL_MON_0455	Sapphire de Sol Rat	Orinthal	4	NONE	protetor de ninho	91	24	20	58	44	montanha	gelo
WRL_MON_0457	Shard Maior Spider	Orinthal	1	MANA	inteligente e cauteloso	49	9	9	20	20	caverna	eletricidade
WRL_MON_0459	Crystal Maior Toad	Orinthal	1	NONE	inteligente e cauteloso	36	11	8	27	17	cidade	trevas
WRL_MON_0461	Prism Primal Hydra	Orinthal	6	VELLUM	territorial	113	37	29	81	63	geleira	vento
WRL_MON_0463	Ice de Cinzas Boar	Orinthal	2	MANA	protetor de ninho	64	19	15	39	23	montanha	terra
WRL_MON_0465	Glacier Alado Specter	Orinthal	5	ELYTH	caçador de matilha	109	33	24	74	49	cidade	som
WRL_MON_0467	Mirror Flamejante Titan	Orinthal	4	MANA	protetor de ninho	92	24	23	61	43	montanha	veneno
WRL_MON_0469	Crystal de Raiz Salamander	Orinthal	2	VELLUM	predador noturno	64	18	11	35	28	cidade	veneno
WRL_MON_0471	Glacier de Trovão Bear	Orinthal	1	MANA	predador noturno	43	14	10	28	23	cidade	trevas
WRL_MON_0473	Snow Devastador Mimic	Orinthal	4	MANA	caçador de matilha	96	25	21	59	48	geleira	eletricidade
WRL_MON_0475	Rime Tempestuoso Harpy	Orinthal	4	VELLUM	gregário	82	26	20	56	41	caverna	água
WRL_MON_0477	Crystal de Espinhos Serpent	Orinthal	2	VELLUM	caçador de matilha	62	17	11	36	31	montanha	vento
WRL_MON_0479	Frost Blindado Specter	Orinthal	3	MANA	caçador de matilha	67	19	19	52	36	geleira	eletricidade
WRL_MON_0481	Aurora Errante Wyvern	Orinthal	1	VELLUM	solitário	49	12	8	25	21	montanha	gelo
WRL_MON_0483	White Corrompido Wyrm	Orinthal	1	PRIMAL	predador noturno	32	10	11	23	22	geleira	eletricidade
WRL_MON_0485	Rime Primal Direhound	Orinthal	1	NONE	caçador de matilha	49	11	7	20	15	cidade	vento
WRL_MON_0487	Aurora Rúnico Beetle	Orinthal	7	VELLUM	inteligente e cauteloso	136	39	34	96	68	caverna	água
WRL_MON_0489	Ice de Raiz Slime	Orinthal	5	MANA	errante	99	31	24	73	58	geleira	eletricidade
WRL_MON_0491	Mirror de Espinhos Orc	Orinthal	3	NONE	emboscador	68	24	19	47	41	geleira	veneno
WRL_MON_0493	Aurora Maior Lynx	Orinthal	3	MANA	protetor de ninho	77	23	18	49	41	geleira	terra
WRL_MON_0495	Frost de Gelo Roc	Orinthal	0	ELYTH	errante	19	5	4	8	13	geleira	fogo
WRL_MON_0497	Ice Feral Angel	Orinthal	7	PRIMAL	inteligente e cauteloso	139	39	31	93	67	geleira	luz
WRL_MON_0499	Snow de Trovão Centaur	Orinthal	1	VELLUM	predador noturno	35	12	10	24	16	montanha	som
WRL_MON_0501	Mirror Corrompido Djinn	Orinthal	3	ELYTH	gregário	68	24	19	44	31	cidade	gelo
WRL_MON_0503	White Pequeno Demon	Orinthal	0	PRIMAL	inteligente e cauteloso	20	5	7	16	7	caverna	luz
WRL_MON_0505	Mirror de Trovão Harpy	Orinthal	1	PRIMAL	inteligente e cauteloso	46	12	8	24	15	caverna	luz
WRL_MON_0507	Glacier Ancestral Dryad	Orinthal	1	NONE	errante	49	9	10	27	16	caverna	som
WRL_MON_0509	Frost Maior Mimic	Orinthal	6	NONE	predador noturno	126	37	27	88	64	caverna	trevas
WRL_MON_0511	Rime Flamejante Boar	Orinthal	2	VELLUM	solitário	54	14	11	40	26	cidade	fogo
WRL_MON_0513	Snow de Pedra Centaur	Orinthal	3	NONE	protetor de ninho	72	23	15	47	31	caverna	terra
WRL_MON_0515	Crystal Venenoso Gryphon	Orinthal	1	PRIMAL	solitário	42	9	7	28	17	cidade	luz
WRL_MON_0517	Glacier Flamejante Serpent	Orinthal	1	MANA	protetor de ninho	36	9	10	28	15	montanha	vento
WRL_MON_0519	Rime Alado Wyrm	Orinthal	3	MANA	inteligente e cauteloso	66	24	16	49	36	geleira	veneno
WRL_MON_0521	Mirror Devastador Chimera	Orinthal	1	VELLUM	caçador de matilha	44	11	10	20	17	geleira	água
WRL_MON_0523	Glacier Guardião Dryad	Orinthal	5	MANA	territorial	99	31	23	73	57	geleira	som
WRL_MON_0525	White Pequeno Vampire	Orinthal	8	NONE	emboscador	151	49	38	104	86	cidade	trevas
WRL_MON_0527	Ice Cristalino Basilisk	Orinthal	8	PRIMAL	inteligente e cauteloso	154	48	39	109	78	caverna	eletricidade
WRL_MON_0529	Aurora de Pedra Centaur	Orinthal	1	ELYTH	emboscador	48	12	8	28	18	cidade	gelo
WRL_MON_0531	Mirror Sagrado Treant	Orinthal	3	NONE	errante	81	24	18	47	33	caverna	som
WRL_MON_0533	Aurora Guardião Troll	Orinthal	1	NONE	inteligente e cauteloso	39	10	9	21	18	caverna	trevas
WRL_MON_0535	Frost Pequeno Salamander	Orinthal	2	ELYTH	gregário	56	15	11	39	29	cidade	água
WRL_MON_0537	Mirror de Ferro Werebeast	Orinthal	0	ELYTH	solitário	21	9	3	13	13	cidade	veneno
WRL_MON_0539	Frost Flamejante Wolf	Orinthal	7	PRIMAL	emboscador	142	40	34	95	68	cidade	água
WRL_MON_0541	Glass Ancestral Direhound	Orinthal	1	ELYTH	solitário	36	11	11	23	16	geleira	luz
WRL_MON_0081	Ash de Areia Direhound	Zarim	1	VELLUM	solitário	50	13	9	21	17	cinzas	eletricidade
WRL_MON_0083	Smoke Errante Demon	Zarim	0	ELYTH	errante	21	9	3	9	4	vulcão	trevas
WRL_MON_0085	Flame Jovem Minotaur	Zarim	5	ELYTH	caçador de matilha	106	29	25	72	52	cinzas	terra
WRL_MON_0087	Inferno de Sol Sprite	Zarim	4	NONE	protetor de ninho	82	28	22	61	40	caverna	água
WRL_MON_0089	Magma Abissal Rakshasa	Zarim	2	MANA	emboscador	52	16	14	32	30	caverna	veneno
WRL_MON_0091	Smoke Feral Bat	Zarim	6	MANA	inteligente e cauteloso	122	39	29	86	58	cinzas	trevas
WRL_MON_0093	Ash Caçador Boar	Zarim	4	VELLUM	inteligente e cauteloso	92	29	23	61	50	vulcão	terra
WRL_MON_0095	Smoke Feral Crow	Zarim	4	NONE	emboscador	96	27	22	58	46	cinzas	som
WRL_MON_0097	Pyre de Névoa Centaur	Zarim	4	VELLUM	predador noturno	84	29	21	62	44	vulcão	vento
WRL_MON_0099	Cinder Voraz Salamander	Zarim	2	VELLUM	protetor de ninho	55	16	15	38	27	lava	luz
WRL_MON_0101	Smoke Devastador Fairy	Zarim	6	VELLUM	gregário	113	36	29	82	64	cinzas	som
WRL_MON_0103	Inferno de Ferro Bear	Zarim	3	VELLUM	emboscador	68	23	18	44	41	caverna	eletricidade
WRL_MON_0105	Ember Cristalino Treant	Zarim	1	PRIMAL	errante	37	11	8	26	14	lava	trevas
WRL_MON_0107	Furnace de Espinhos Bat	Zarim	2	NONE	caçador de matilha	65	15	14	40	24	caverna	som
WRL_MON_0109	Coal Alado Manticores	Zarim	2	NONE	errante	54	17	12	40	25	cinzas	eletricidade
WRL_MON_0111	Pyre Ancestral Demon	Zarim	1	ELYTH	caçador de matilha	43	10	8	27	15	cinzas	gelo
WRL_MON_0113	Ash Sagrado Vampire	Zarim	2	VELLUM	emboscador	54	15	15	37	30	cinzas	terra
WRL_MON_0115	Obsidian Venenoso Griffin	Zarim	3	ELYTH	gregário	67	23	19	49	40	caverna	vento
WRL_MON_0117	Inferno de Gelo Kraken	Zarim	2	NONE	solitário	49	15	11	33	26	lava	trevas
WRL_MON_0119	Flame de Sol Lich	Zarim	4	VELLUM	emboscador	91	24	19	64	44	cinzas	veneno
WRL_MON_0121	Flame Devastador Hydra	Zarim	8	ELYTH	emboscador	161	45	37	107	85	cinzas	gelo
WRL_MON_0123	Magma Caçador Dryad	Zarim	4	NONE	gregário	89	27	23	56	47	caverna	terra
WRL_MON_0125	Smoke Feral Lich	Zarim	1	VELLUM	errante	41	9	8	24	13	lava	vento
WRL_MON_0127	Obsidian Caçador Salamander	Zarim	0	MANA	caçador de matilha	18	9	7	15	7	cinzas	água
WRL_MON_0129	Smoke Cristalino Harpy	Zarim	2	VELLUM	emboscador	66	18	14	39	31	caverna	veneno
WRL_MON_0131	Obsidian Primal Griffin	Zarim	1	PRIMAL	errante	46	11	9	23	15	vulcão	água
WRL_MON_0133	Cinder Cristalino Kraken	Zarim	5	ELYTH	errante	110	30	27	70	59	caverna	trevas
WRL_MON_0135	Obsidian de Lua Wraith	Zarim	4	ELYTH	solitário	91	27	20	59	46	caverna	vento
WRL_MON_0137	Inferno de Espinhos Toad	Zarim	7	ELYTH	emboscador	139	39	35	97	70	vulcão	fogo
WRL_MON_0139	Cinder Tempestuoso Boar	Zarim	6	MANA	solitário	120	34	27	86	61	vulcão	fogo
WRL_MON_0141	Cinder de Gelo Mimic	Zarim	0	MANA	inteligente e cauteloso	17	8	5	14	6	caverna	água
WRL_MON_0143	Cinder Guardião Treant	Zarim	8	NONE	caçador de matilha	147	49	35	108	83	caverna	trevas
WRL_MON_0145	Volcan Abissal Sprite	Zarim	4	ELYTH	inteligente e cauteloso	98	25	22	59	43	caverna	água
WRL_MON_0147	Ember Blindado Gryphon	Zarim	8	VELLUM	territorial	155	46	39	110	78	vulcão	eletricidade
WRL_MON_0149	Smoke Errante Wraith	Zarim	1	VELLUM	protetor de ninho	34	12	9	25	16	cinzas	vento
WRL_MON_0151	Basalt Feral Lich	Zarim	5	MANA	gregário	105	29	26	68	56	cinzas	fogo
WRL_MON_0153	Obsidian Caçador Wraith	Zarim	3	MANA	errante	70	23	17	45	37	caverna	terra
WRL_MON_0155	Pyre de Raiz Manticores	Zarim	5	ELYTH	emboscador	102	34	23	69	53	lava	água
WRL_MON_0157	Lava de Gelo Slime	Zarim	4	NONE	predador noturno	98	27	21	62	43	vulcão	fogo
WRL_MON_0159	Furnace Errante Minotaur	Zarim	1	MANA	protetor de ninho	39	10	10	25	16	caverna	veneno
WRL_MON_0161	Flame Luminoso Bear	Zarim	0	VELLUM	predador noturno	21	4	7	15	5	caverna	fogo
WRL_MON_0163	Volcan Flamejante Lynx	Zarim	7	VELLUM	inteligente e cauteloso	141	42	34	96	72	vulcão	gelo
WRL_MON_0165	Ash de Ferro Minotaur	Zarim	0	MANA	gregário	29	6	4	15	8	vulcão	som
WRL_MON_0167	Flame Maior Behemoth	Zarim	5	NONE	inteligente e cauteloso	98	32	27	73	50	cinzas	água
WRL_MON_0169	Ember Abissal Treant	Zarim	0	MANA	caçador de matilha	33	9	3	12	11	caverna	água
WRL_MON_0171	Cinder de Trovão Wyrm	Zarim	1	VELLUM	emboscador	44	11	11	28	16	lava	eletricidade
WRL_MON_0173	Ember Luminoso Centaur	Zarim	3	ELYTH	territorial	71	19	16	47	34	cinzas	água
WRL_MON_0175	Pyre de Cinzas Slime	Zarim	5	NONE	gregário	106	29	25	71	51	lava	veneno
WRL_MON_0177	Ash de Ferro Rakshasa	Zarim	2	PRIMAL	solitário	58	19	13	38	23	vulcão	gelo
WRL_MON_0179	Cinder de Trovão Vampire	Zarim	3	MANA	gregário	75	23	16	45	37	lava	água
WRL_MON_0181	Basalt Tempestuoso Vampire	Zarim	9	VELLUM	emboscador	171	49	41	123	85	vulcão	terra
WRL_MON_0183	Volcan Voraz Serpent	Zarim	3	MANA	errante	81	21	15	45	38	cinzas	gelo
WRL_MON_0185	Ember Real Imp	Zarim	3	MANA	caçador de matilha	81	23	17	47	38	cinzas	trevas
WRL_MON_0187	Obsidian Caçador Lynx	Zarim	3	VELLUM	inteligente e cauteloso	72	20	15	51	35	cinzas	vento
WRL_MON_0189	Coal Pequeno Harpy	Zarim	5	ELYTH	solitário	96	33	24	75	56	cinzas	som
WRL_MON_0191	Obsidian Sombrio Rakshasa	Zarim	3	PRIMAL	solitário	78	23	16	45	37	lava	som
WRL_MON_0193	Flame de Ferro Toad	Zarim	3	PRIMAL	predador noturno	78	22	18	46	39	lava	som
WRL_MON_0195	Inferno de Lua Basilisk	Zarim	1	NONE	errante	45	11	10	20	16	vulcão	trevas
WRL_MON_0197	Volcan Luminoso Mimic	Zarim	5	ELYTH	caçador de matilha	100	34	24	76	51	cinzas	eletricidade
WRL_MON_0199	Flame de Trovão Naga	Zarim	3	VELLUM	emboscador	66	23	17	45	31	vulcão	terra
WRL_MON_0201	Furnace Real Basilisk	Zarim	1	PRIMAL	caçador de matilha	38	12	8	23	16	caverna	som
WRL_MON_0203	Ash Glacial Boar	Zarim	2	VELLUM	inteligente e cauteloso	50	16	14	35	31	cinzas	veneno
WRL_MON_0205	Cinder de Raiz Mimic	Zarim	2	ELYTH	protetor de ninho	64	18	11	32	26	lava	luz
WRL_MON_0207	Flame Errante Crow	Zarim	4	PRIMAL	protetor de ninho	88	27	23	57	41	caverna	vento
WRL_MON_0209	Magma de Sangue Sprite	Zarim	4	ELYTH	caçador de matilha	89	26	23	64	50	cinzas	som
WRL_MON_0211	Pyre Tempestuoso Behemoth	Zarim	2	NONE	predador noturno	56	15	15	36	27	cinzas	eletricidade
WRL_MON_0213	Coal Errante Harpy	Zarim	2	ELYTH	predador noturno	56	16	15	34	29	lava	fogo
WRL_MON_0215	Inferno de Ferro Slime	Zarim	0	VELLUM	errante	30	8	7	10	14	cinzas	gelo
WRL_MON_0217	Flame de Ferro Demon	Zarim	2	VELLUM	emboscador	64	14	13	38	23	caverna	trevas
WRL_MON_0219	Flame de Lua Toad	Zarim	5	PRIMAL	protetor de ninho	103	29	23	73	58	vulcão	trevas
WRL_MON_0221	Coal Flamejante Harpy	Zarim	0	PRIMAL	caçador de matilha	19	6	5	16	9	lava	som
WRL_MON_0223	Coal de Lua Naga	Zarim	0	PRIMAL	territorial	21	7	7	14	14	caverna	eletricidade
WRL_MON_0225	Basalt Antigo Demon	Zarim	1	ELYTH	territorial	42	13	7	22	18	vulcão	vento
WRL_MON_0227	Ash Caçador Werebeast	Zarim	2	VELLUM	predador noturno	66	18	12	34	29	vulcão	fogo
WRL_MON_0229	Flame Antigo Wolf	Zarim	8	VELLUM	inteligente e cauteloso	150	49	38	105	81	caverna	luz
WRL_MON_0231	Inferno Maior Toad	Zarim	0	MANA	emboscador	32	9	5	13	4	lava	trevas
WRL_MON_0233	Lava Caçador Hydra	Zarim	5	MANA	solitário	96	34	26	70	57	vulcão	eletricidade
WRL_MON_0235	Ember Cristalino Angel	Zarim	4	NONE	solitário	86	27	21	58	44	cinzas	trevas
WRL_MON_0237	Magma Rúnico Orc	Zarim	1	ELYTH	caçador de matilha	35	10	8	21	17	vulcão	eletricidade
WRL_MON_0239	Coal Errante Toad	Zarim	2	MANA	caçador de matilha	60	16	12	35	28	lava	água
WRL_MON_0241	Inferno de Trovão Spider	Zarim	5	ELYTH	errante	112	33	24	76	59	cinzas	fogo
WRL_MON_0243	Lava de Raiz Drake	Zarim	0	ELYTH	emboscador	26	7	4	11	12	cinzas	água
WRL_MON_0245	Ember Errante Drake	Zarim	5	ELYTH	protetor de ninho	104	30	24	74	56	vulcão	som
WRL_MON_0247	Magma de Lua Djinn	Zarim	2	MANA	territorial	63	15	11	38	23	lava	vento
WRL_MON_0249	Pyre Alado Golem	Zarim	0	VELLUM	caçador de matilha	21	6	5	11	4	caverna	água
WRL_MON_0251	Pyre Venenoso Orc	Zarim	4	PRIMAL	territorial	95	29	20	63	47	caverna	veneno
WRL_MON_0253	Smoke Blindado Lynx	Zarim	1	VELLUM	errante	37	10	10	28	14	lava	vento
WRL_MON_0255	Furnace Corrompido Colossus	Zarim	3	MANA	territorial	73	23	17	49	37	vulcão	som
WRL_MON_0257	Lava Cristalino Specter	Zarim	2	MANA	solitário	61	19	14	34	29	caverna	luz
WRL_MON_0259	Volcan Tempestuoso Manticores	Zarim	7	VELLUM	caçador de matilha	139	39	34	93	77	vulcão	terra
WRL_MON_0261	Ash Tempestuoso Specter	Zarim	7	MANA	solitário	130	40	33	95	77	lava	trevas
WRL_MON_0263	Coal de Pedra Wraith	Zarim	1	VELLUM	gregário	40	11	8	24	14	vulcão	trevas
WRL_MON_0265	Cinder de Gelo Drake	Zarim	0	ELYTH	gregário	29	5	4	14	9	vulcão	som
WRL_MON_0267	Smoke Sombrio Basilisk	Zarim	4	ELYTH	predador noturno	95	26	20	62	49	lava	gelo
WRL_MON_0269	Magma Silvestre Golem	Zarim	4	NONE	territorial	98	24	22	63	42	vulcão	vento
WRL_MON_0271	Lava de Ferro Harpy	Zarim	3	VELLUM	caçador de matilha	70	20	17	51	31	caverna	veneno
WRL_MON_0273	Coal Cristalino Colossus	Zarim	2	PRIMAL	gregário	48	16	15	34	32	cinzas	gelo
WRL_MON_0275	Ember de Espinhos Mantis	Zarim	6	MANA	solitário	124	39	30	81	67	cinzas	fogo
WRL_MON_0277	Lava Rúnico Titan	Zarim	3	VELLUM	emboscador	64	20	17	49	41	vulcão	água
WRL_MON_0279	Lava de Cinzas Centaur	Zarim	3	MANA	emboscador	80	19	16	46	36	caverna	luz
WRL_MON_0281	Ember Maior Basilisk	Zarim	1	ELYTH	territorial	42	14	7	20	22	lava	veneno
WRL_MON_0283	Ash de Areia Werebeast	Zarim	2	PRIMAL	caçador de matilha	65	15	13	38	29	cinzas	vento
WRL_MON_0285	Ember de Sangue Wraith	Zarim	0	ELYTH	territorial	20	6	3	11	12	lava	som
WRL_MON_0287	Ember Real Spider	Zarim	0	NONE	predador noturno	32	6	7	14	5	vulcão	vento
WRL_MON_0289	Smoke Devastador Serpent	Zarim	1	NONE	inteligente e cauteloso	43	11	11	21	21	vulcão	trevas
WRL_MON_0291	Cinder Flamejante Imp	Zarim	2	VELLUM	errante	51	14	15	32	23	lava	terra
WRL_MON_0293	Magma de Maré Titan	Zarim	0	ELYTH	protetor de ninho	25	9	6	13	4	vulcão	vento
WRL_MON_0295	Furnace Jovem Gryphon	Zarim	5	NONE	protetor de ninho	108	34	27	70	54	lava	gelo
WRL_MON_0297	Cinder de Cinzas Boar	Zarim	1	VELLUM	errante	45	10	9	28	19	vulcão	eletricidade
WRL_MON_0299	Flame de Sangue Kraken	Zarim	7	NONE	protetor de ninho	139	44	34	95	68	cinzas	trevas
WRL_MON_0301	Ash de Trovão Djinn	Zarim	2	MANA	solitário	65	14	15	35	24	caverna	gelo
WRL_MON_0303	Inferno Ancestral Imp	Zarim	4	NONE	inteligente e cauteloso	90	27	20	60	43	caverna	gelo
WRL_MON_0305	Pyre de Ferro Wolf	Zarim	1	ELYTH	solitário	41	14	10	28	19	vulcão	som
WRL_MON_0307	Ash Blindado Angel	Zarim	6	PRIMAL	emboscador	113	37	30	87	59	vulcão	vento
WRL_MON_0309	Lava Tempestuoso Wraith	Zarim	6	ELYTH	emboscador	116	37	30	85	68	lava	eletricidade
WRL_MON_0311	Smoke Corrompido Dryad	Zarim	4	MANA	territorial	96	29	19	63	48	caverna	eletricidade
WRL_MON_0313	Ash de Raiz Golem	Zarim	0	VELLUM	caçador de matilha	18	9	6	13	10	caverna	fogo
WRL_MON_0315	Volcan de Névoa Elemental	Zarim	4	PRIMAL	predador noturno	91	27	19	63	48	cinzas	veneno
WRL_MON_0317	Coal Glacial Roc	Zarim	4	NONE	errante	88	29	23	56	42	vulcão	fogo
WRL_MON_0319	Smoke Caçador Manticores	Zarim	7	ELYTH	solitário	137	42	32	97	72	vulcão	veneno
WRL_MON_0321	Basalt Glacial Manticores	Zarim	3	NONE	protetor de ninho	82	19	15	45	41	cinzas	trevas
WRL_MON_0323	Volcan Maior Angel	Zarim	5	ELYTH	solitário	109	33	27	70	49	caverna	fogo
WRL_MON_0325	Cinder Feral Salamander	Zarim	9	VELLUM	caçador de matilha	163	53	42	119	92	vulcão	vento
WRL_MON_0327	Inferno Venenoso Basilisk	Zarim	4	PRIMAL	gregário	85	27	21	63	46	caverna	fogo
WRL_MON_0329	Magma de Areia Unicorn	Zarim	7	ELYTH	territorial	146	40	34	97	74	lava	veneno
WRL_MON_0331	Basalt Pequeno Boar	Zarim	2	VELLUM	emboscador	61	19	11	32	24	caverna	veneno
WRL_MON_0333	Pyre Sombrio Hydra	Zarim	7	MANA	territorial	143	44	32	97	67	lava	veneno
WRL_MON_0335	Furnace Sagrado Hydra	Zarim	5	ELYTH	protetor de ninho	105	31	26	71	55	vulcão	veneno
WRL_MON_0337	Furnace Luminoso Salamander	Zarim	0	PRIMAL	emboscador	25	7	3	10	5	lava	gelo
WRL_MON_0339	Inferno Silvestre Centaur	Zarim	1	NONE	gregário	44	12	8	22	14	cinzas	veneno
WRL_MON_0341	Volcan Real Djinn	Zarim	0	VELLUM	inteligente e cauteloso	23	9	5	8	14	lava	água
WRL_MON_0343	Cinder Sombrio Leviathan	Zarim	4	VELLUM	inteligente e cauteloso	95	24	21	59	44	lava	veneno
WRL_MON_0345	Magma de Cinzas Titan	Zarim	1	PRIMAL	territorial	48	11	7	25	15	caverna	gelo
WRL_MON_0347	Coal Real Orc	Zarim	2	MANA	emboscador	65	15	11	38	26	caverna	água
WRL_MON_0349	Smoke Guardião Sprite	Zarim	8	NONE	inteligente e cauteloso	151	45	38	108	86	cinzas	veneno
WRL_MON_0351	Ash Ancestral Harpy	Zarim	2	NONE	emboscador	51	19	15	36	24	cinzas	veneno
WRL_MON_0353	Volcan Alado Chimera	Zarim	0	NONE	inteligente e cauteloso	32	6	7	8	7	vulcão	trevas
WRL_MON_0355	Obsidian Glacial Rakshasa	Zarim	2	MANA	territorial	60	14	15	40	26	vulcão	veneno
WRL_MON_0357	Magma Glacial Roc	Zarim	8	PRIMAL	solitário	153	46	38	110	82	cinzas	gelo
WRL_MON_0359	Volcan Jovem Treant	Zarim	8	VELLUM	solitário	148	45	35	106	82	vulcão	som
WRL_MON_0361	Lava Luminoso Boar	Zarim	4	PRIMAL	solitário	93	27	20	57	47	lava	fogo
WRL_MON_0363	Furnace Sagrado Basilisk	Zarim	2	ELYTH	solitário	57	19	15	32	25	caverna	luz
WRL_MON_0365	Lava Alado Djinn	Zarim	0	ELYTH	errante	27	4	5	15	11	vulcão	vento
WRL_MON_0367	Ash Cristalino Lynx	Zarim	0	PRIMAL	solitário	31	9	5	15	4	caverna	terra
WRL_MON_0369	Pyre de Gelo Mooncalf	Zarim	1	ELYTH	solitário	44	14	7	27	22	vulcão	veneno
WRL_MON_0371	Cinder Maior Mimic	Zarim	7	VELLUM	protetor de ninho	144	40	35	97	76	vulcão	vento
WRL_MON_0373	Basalt de Sol Direhound	Zarim	0	PRIMAL	predador noturno	32	7	3	9	12	caverna	som
WRL_MON_0375	Inferno Real Treant	Zarim	5	NONE	emboscador	97	31	25	72	52	caverna	vento
WRL_MON_0377	Furnace Corrompido Beetle	Zarim	0	MANA	inteligente e cauteloso	26	8	6	16	4	cinzas	eletricidade
WRL_MON_0379	Volcan Sombrio Lynx	Zarim	0	PRIMAL	emboscador	29	5	7	9	8	lava	eletricidade
WRL_MON_0381	Obsidian de Maré Leviathan	Zarim	5	VELLUM	emboscador	104	29	25	68	52	caverna	trevas
WRL_MON_0383	Furnace Primal Direhound	Zarim	1	PRIMAL	protetor de ninho	49	13	7	22	23	cinzas	vento
WRL_MON_0385	Inferno Cristalino Bear	Zarim	6	PRIMAL	predador noturno	114	38	30	86	63	caverna	luz
WRL_MON_0387	Ash de Ferro Golem	Zarim	1	ELYTH	caçador de matilha	32	13	8	27	16	lava	água
WRL_MON_0389	Furnace de Espinhos Mantis	Zarim	7	NONE	territorial	131	42	31	94	73	cinzas	som
WRL_MON_0391	Lava Devastador Sprite	Zarim	2	PRIMAL	territorial	65	14	11	33	28	lava	fogo
WRL_MON_0393	Furnace Ancestral Kraken	Zarim	1	MANA	predador noturno	40	13	10	24	19	vulcão	terra
WRL_MON_0395	Coal de Trovão Ogre	Zarim	6	ELYTH	inteligente e cauteloso	115	35	28	84	68	vulcão	trevas
WRL_MON_0397	Volcan Venenoso Revenant	Zarim	0	VELLUM	inteligente e cauteloso	28	9	4	14	10	lava	terra
WRL_MON_0399	Ash Venenoso Goblin	Zarim	2	PRIMAL	caçador de matilha	65	14	11	36	24	caverna	vento
WRL_MON_0401	Inferno Caçador Rat	Zarim	2	PRIMAL	errante	56	15	11	35	26	vulcão	gelo
WRL_MON_0403	Volcan Errante Sprite	Zarim	1	ELYTH	emboscador	37	9	10	25	17	caverna	veneno
WRL_MON_0405	Magma Sagrado Sprite	Zarim	4	NONE	territorial	82	29	22	63	48	vulcão	luz
WRL_MON_0407	Furnace de Sol Serpent	Zarim	4	NONE	solitário	98	24	23	58	41	caverna	terra
WRL_MON_0409	Furnace de Espinhos Mimic	Zarim	5	VELLUM	emboscador	109	33	27	69	57	cinzas	som
WRL_MON_0411	Pyre Sagrado Angel	Zarim	0	PRIMAL	predador noturno	34	8	3	9	4	caverna	veneno
WRL_MON_0413	Ember de Névoa Harpy	Zarim	2	VELLUM	predador noturno	52	17	13	35	32	caverna	som
WRL_MON_0415	Ash de Lua Gryphon	Zarim	1	NONE	caçador de matilha	38	13	8	25	17	lava	som
WRL_MON_0417	Furnace de Sangue Golem	Zarim	4	VELLUM	inteligente e cauteloso	82	27	22	63	43	lava	terra
WRL_MON_0419	Inferno Silvestre Imp	Zarim	1	VELLUM	territorial	34	10	11	25	19	lava	água
WRL_MON_0421	Coal Maior Angel	Zarim	0	VELLUM	gregário	21	7	5	9	12	caverna	terra
WRL_MON_0423	Magma Devastador Manticores	Zarim	4	PRIMAL	caçador de matilha	91	27	20	63	43	vulcão	fogo
WRL_MON_0425	Smoke Ancestral Kraken	Zarim	4	MANA	territorial	95	27	20	64	50	caverna	vento
WRL_MON_0427	Ash de Ferro Drake	Zarim	0	NONE	territorial	27	8	7	8	5	caverna	terra
WRL_MON_0429	Magma de Névoa Kobold	Zarim	4	NONE	solitário	95	27	20	63	48	cinzas	gelo
WRL_MON_0431	Coal Antigo Roc	Zarim	0	NONE	emboscador	29	8	4	14	8	caverna	terra
WRL_MON_0433	Ember de Sangue Fairy	Zarim	3	ELYTH	emboscador	81	23	17	47	36	caverna	eletricidade
WRL_MON_0435	Inferno de Gelo Hydra	Zarim	5	PRIMAL	solitário	114	30	25	73	53	cinzas	veneno
WRL_MON_0437	Flame Real Naga	Zarim	4	MANA	predador noturno	83	25	20	56	48	cinzas	som
WRL_MON_0439	Smoke Abissal Nightmare	Zarim	4	NONE	solitário	81	28	22	58	42	caverna	fogo
WRL_MON_0441	Magma Rúnico Unicorn	Zarim	0	PRIMAL	gregário	31	5	4	11	8	cinzas	fogo
WRL_MON_0443	Pyre Abissal Leviathan	Zarim	4	ELYTH	protetor de ninho	80	27	22	60	48	vulcão	fogo
WRL_MON_0445	Lava de Espinhos Rat	Zarim	4	PRIMAL	inteligente e cauteloso	90	26	23	61	44	caverna	trevas
WRL_MON_0447	Inferno Luminoso Salamander	Zarim	9	VELLUM	predador noturno	167	52	39	116	91	caverna	fogo
WRL_MON_0449	Flame de Cinzas Werebeast	Zarim	5	VELLUM	protetor de ninho	106	33	25	72	58	lava	som
WRL_MON_0451	Inferno Feral Angel	Zarim	0	MANA	caçador de matilha	23	7	4	8	11	cinzas	trevas
WRL_MON_0453	Inferno Cristalino Roc	Zarim	7	VELLUM	inteligente e cauteloso	137	44	35	99	72	caverna	som
WRL_MON_0455	Inferno Blindado Angel	Zarim	2	PRIMAL	protetor de ninho	60	18	15	32	26	cinzas	trevas
WRL_MON_0457	Pyre Ancestral Beetle	Zarim	3	MANA	emboscador	81	22	17	49	39	cinzas	gelo
WRL_MON_0459	Pyre Pequeno Serpent	Zarim	6	MANA	errante	129	37	29	86	64	caverna	vento
WRL_MON_0461	Smoke Antigo Mantis	Zarim	3	PRIMAL	inteligente e cauteloso	69	19	17	46	32	caverna	gelo
WRL_MON_0463	Inferno Corrompido Sprite	Zarim	3	NONE	caçador de matilha	78	22	15	48	36	caverna	vento
WRL_MON_0465	Smoke Pequeno Harpy	Zarim	0	PRIMAL	predador noturno	19	5	5	13	4	caverna	trevas
WRL_MON_0467	Magma Sombrio Nightmare	Zarim	6	PRIMAL	caçador de matilha	125	36	30	83	64	vulcão	som
WRL_MON_0469	Lava Pequeno Mantis	Zarim	0	VELLUM	caçador de matilha	32	5	7	16	11	cinzas	terra
WRL_MON_0471	Furnace de Sol Fairy	Zarim	0	NONE	predador noturno	24	8	5	13	8	caverna	vento
WRL_MON_0473	Pyre Silvestre Salamander	Zarim	3	MANA	territorial	82	22	17	45	41	vulcão	som
WRL_MON_0475	Ash Silvestre Naga	Zarim	0	MANA	protetor de ninho	27	4	4	13	9	caverna	som
WRL_MON_0477	Basalt Errante Revenant	Zarim	4	ELYTH	protetor de ninho	91	26	21	61	47	vulcão	veneno
WRL_MON_0479	Smoke de Trovão Naga	Zarim	1	VELLUM	predador noturno	41	9	8	22	17	cinzas	vento
WRL_MON_0481	Ember Flamejante Imp	Zarim	0	PRIMAL	inteligente e cauteloso	17	9	6	9	10	caverna	luz
WRL_MON_0483	Flame de Ferro Slime	Zarim	0	NONE	territorial	29	7	3	9	14	vulcão	fogo
WRL_MON_0485	Inferno Errante Bat	Zarim	3	ELYTH	protetor de ninho	79	24	18	48	37	caverna	vento
WRL_MON_0487	Furnace de Areia Djinn	Zarim	2	ELYTH	protetor de ninho	61	17	15	38	27	cinzas	veneno
WRL_MON_0489	Flame Maior Basilisk	Zarim	4	ELYTH	territorial	85	24	19	59	48	lava	terra
WRL_MON_0491	Volcan Antigo Werebeast	Zarim	0	VELLUM	solitário	17	7	4	9	9	cinzas	água
WRL_MON_0493	Furnace Abissal Lynx	Zarim	1	PRIMAL	solitário	40	13	11	23	23	vulcão	som
WRL_MON_0495	Furnace Alado Troll	Zarim	3	ELYTH	territorial	75	21	16	45	33	caverna	gelo
WRL_MON_0497	Volcan Alado Leviathan	Zarim	5	PRIMAL	inteligente e cauteloso	96	32	27	68	52	lava	som
WRL_MON_0499	Cinder Pequeno Revenant	Zarim	3	ELYTH	inteligente e cauteloso	73	23	16	46	40	vulcão	som
WRL_MON_0501	Furnace Guardião Elemental	Zarim	1	MANA	caçador de matilha	49	11	9	23	15	caverna	gelo
WRL_MON_0503	Flame Cristalino Boar	Zarim	4	NONE	protetor de ninho	88	25	22	57	43	vulcão	terra
WRL_MON_0505	Obsidian de Névoa Chimera	Zarim	4	ELYTH	gregário	83	29	20	60	40	vulcão	fogo
WRL_MON_0507	Coal Maior Treant	Zarim	5	VELLUM	predador noturno	103	32	23	69	54	vulcão	veneno
WRL_MON_0509	Ash Rúnico Elemental	Zarim	4	NONE	solitário	86	28	19	58	40	lava	fogo
WRL_MON_0511	Basalt de Ferro Slime	Zarim	3	VELLUM	inteligente e cauteloso	79	24	17	45	39	lava	veneno
WRL_MON_0513	Magma Voraz Orc	Zarim	3	NONE	territorial	68	23	19	48	32	caverna	fogo
WRL_MON_0515	Ember Sombrio Manticores	Zarim	1	VELLUM	emboscador	50	13	11	26	14	lava	fogo
WRL_MON_0517	Cinder de Pedra Troll	Zarim	1	VELLUM	inteligente e cauteloso	46	10	10	28	15	caverna	vento
WRL_MON_0519	Volcan de Lua Mimic	Zarim	0	PRIMAL	inteligente e cauteloso	24	9	3	14	7	lava	eletricidade
WRL_MON_0521	Inferno Caçador Werebeast	Zarim	3	VELLUM	gregário	78	24	17	49	33	caverna	veneno
WRL_MON_0523	Ash Blindado Bat	Zarim	0	VELLUM	predador noturno	17	4	7	12	8	vulcão	som
WRL_MON_0525	Smoke de Sol Hydra	Zarim	0	VELLUM	gregário	32	9	6	12	12	vulcão	fogo
WRL_MON_0527	Cinder Ancestral Colossus	Zarim	6	NONE	protetor de ninho	124	34	29	81	68	vulcão	eletricidade
WRL_MON_0529	Furnace de Pedra Imp	Zarim	5	MANA	errante	103	33	27	72	53	vulcão	terra
WRL_MON_0531	Volcan de Gelo Rakshasa	Zarim	5	NONE	protetor de ninho	96	32	25	68	58	cinzas	fogo
WRL_MON_0533	Magma Venenoso Kobold	Zarim	1	PRIMAL	inteligente e cauteloso	47	14	11	23	15	lava	gelo
WRL_MON_0535	Obsidian Voraz Bat	Zarim	3	MANA	caçador de matilha	81	22	16	49	38	cinzas	vento
WRL_MON_0537	Ash Silvestre Mantis	Zarim	5	MANA	inteligente e cauteloso	114	33	25	72	59	caverna	eletricidade
WRL_MON_0539	Obsidian Jovem Griffin	Zarim	6	MANA	emboscador	113	34	30	86	62	lava	terra
WRL_MON_0541	Coal Feral Mantis	Zarim	1	VELLUM	inteligente e cauteloso	38	9	10	28	15	lava	veneno
WRL_MON_0081	Gale Jovem Boar	Lyrien	2	NONE	caçador de matilha	59	14	11	38	29	torre	eletricidade
WRL_MON_0083	Horizon de Gelo Fairy	Lyrien	6	NONE	predador noturno	112	36	30	83	60	torre	trevas
WRL_MON_0085	Wing Jovem Sprite	Lyrien	5	VELLUM	protetor de ninho	97	33	26	70	55	ilha flutuante	som
WRL_MON_0087	Feather de Raiz Harpy	Lyrien	1	PRIMAL	territorial	34	14	7	28	19	ilha flutuante	gelo
WRL_MON_0089	Nimbus Corrompido Specter	Lyrien	6	VELLUM	territorial	121	39	31	80	63	ilha flutuante	fogo
WRL_MON_0091	Thunder de Areia Serpent	Lyrien	5	MANA	protetor de ninho	106	32	25	72	56	céu	fogo
WRL_MON_0093	Storm de Raiz Spider	Lyrien	0	MANA	emboscador	26	9	4	15	12	nuvem	gelo
WRL_MON_0095	Gale de Raiz Rat	Lyrien	1	ELYTH	predador noturno	47	14	10	23	15	ilha flutuante	eletricidade
WRL_MON_0097	Aether Flamejante Rat	Lyrien	5	ELYTH	gregário	104	34	27	71	57	ilha flutuante	água
WRL_MON_0099	Nimbus de Gelo Behemoth	Lyrien	5	VELLUM	caçador de matilha	96	34	24	68	55	ilha flutuante	trevas
WRL_MON_0101	Nimbus Alado Revenant	Lyrien	5	PRIMAL	solitário	97	31	23	72	56	nuvem	fogo
WRL_MON_0103	Horizon de Espinhos Golem	Lyrien	1	NONE	predador noturno	48	12	7	24	18	torre	eletricidade
WRL_MON_0105	Nimbus Rúnico Serpent	Lyrien	5	ELYTH	territorial	97	29	26	69	57	ilha flutuante	vento
WRL_MON_0107	Storm de Raiz Orc	Lyrien	0	ELYTH	solitário	17	4	6	13	8	céu	água
WRL_MON_0109	Aether de Espinhos Mooncalf	Lyrien	6	NONE	territorial	129	39	31	82	58	céu	fogo
WRL_MON_0111	Star de Gelo Lich	Lyrien	4	PRIMAL	solitário	95	27	21	62	49	céu	água
WRL_MON_0113	Storm de Sol Lich	Lyrien	6	MANA	protetor de ninho	123	35	27	83	62	céu	eletricidade
WRL_MON_0115	Horizon Voraz Chimera	Lyrien	0	VELLUM	caçador de matilha	19	5	5	16	12	céu	água
WRL_MON_0117	Wing de Cinzas Gryphon	Lyrien	4	PRIMAL	inteligente e cauteloso	91	24	19	59	44	céu	eletricidade
WRL_MON_0119	Feather de Cinzas Centaur	Lyrien	3	NONE	solitário	82	22	15	50	33	nuvem	terra
WRL_MON_0121	Nimbus de Sol Griffin	Lyrien	6	NONE	emboscador	115	35	31	82	63	torre	eletricidade
WRL_MON_0123	Gale de Espinhos Hydra	Lyrien	1	ELYTH	territorial	50	9	9	24	15	nuvem	fogo
WRL_MON_0125	Star de Lua Golem	Lyrien	4	NONE	territorial	85	26	19	63	42	nuvem	trevas
WRL_MON_0127	Storm Silvestre Rat	Lyrien	4	MANA	protetor de ninho	95	28	20	56	40	ilha flutuante	trevas
WRL_MON_0129	Star Sombrio Harpy	Lyrien	2	MANA	errante	56	16	13	36	25	nuvem	fogo
WRL_MON_0131	Cloud de Cinzas Angel	Lyrien	7	PRIMAL	inteligente e cauteloso	144	42	32	98	73	torre	vento
WRL_MON_0133	Sky Primal Golem	Lyrien	7	PRIMAL	solitário	139	40	33	99	67	ilha flutuante	gelo
WRL_MON_0135	Sky Voraz Drake	Lyrien	2	ELYTH	protetor de ninho	63	19	15	37	23	torre	luz
WRL_MON_0137	Gale de Areia Wyrm	Lyrien	1	ELYTH	errante	38	12	8	26	18	céu	gelo
WRL_MON_0139	Horizon Antigo Revenant	Lyrien	0	VELLUM	inteligente e cauteloso	34	7	5	9	5	ilha flutuante	som
WRL_MON_0141	Wing Sagrado Kobold	Lyrien	7	ELYTH	solitário	128	41	33	95	69	céu	vento
WRL_MON_0143	Zephyr de Areia Behemoth	Lyrien	3	ELYTH	gregário	64	23	17	49	32	nuvem	eletricidade
WRL_MON_0145	Tempest Luminoso Nightmare	Lyrien	2	MANA	errante	64	19	15	39	24	céu	fogo
WRL_MON_0147	Feather Voraz Titan	Lyrien	4	MANA	errante	80	25	20	58	50	torre	vento
WRL_MON_0149	Zephyr Glacial Lich	Lyrien	5	PRIMAL	protetor de ninho	100	29	26	76	49	torre	água
WRL_MON_0151	Aether de Sol Leviathan	Lyrien	7	NONE	solitário	135	42	32	93	69	ilha flutuante	eletricidade
WRL_MON_0153	Wing Jovem Werebeast	Lyrien	6	VELLUM	protetor de ninho	113	36	31	84	61	ilha flutuante	veneno
WRL_MON_0155	Cloud Rúnico Wyrm	Lyrien	0	VELLUM	caçador de matilha	31	7	7	11	12	torre	fogo
WRL_MON_0157	Zephyr de Raiz Imp	Lyrien	0	MANA	solitário	33	5	5	14	14	torre	água
WRL_MON_0159	Star Blindado Basilisk	Lyrien	6	NONE	solitário	128	36	28	87	63	torre	água
WRL_MON_0161	Horizon Silvestre Lynx	Lyrien	3	ELYTH	protetor de ninho	75	24	15	51	37	torre	vento
WRL_MON_0163	Wing de Pedra Griffin	Lyrien	0	MANA	solitário	17	5	5	15	7	torre	gelo
WRL_MON_0165	Horizon de Raiz Wyvern	Lyrien	2	PRIMAL	protetor de ninho	56	16	11	33	23	nuvem	luz
WRL_MON_0167	Wing Errante Golem	Lyrien	1	PRIMAL	gregário	33	14	10	24	13	torre	vento
WRL_MON_0169	Zephyr Blindado Naga	Lyrien	2	MANA	predador noturno	63	18	11	37	29	torre	som
WRL_MON_0171	Cloud de Lua Mimic	Lyrien	6	ELYTH	inteligente e cauteloso	123	34	28	84	59	torre	trevas
WRL_MON_0173	Sky de Trovão Dryad	Lyrien	2	ELYTH	solitário	57	14	11	33	31	nuvem	eletricidade
WRL_MON_0175	Aether Voraz Wraith	Lyrien	3	PRIMAL	gregário	67	23	19	49	34	torre	vento
WRL_MON_0177	Thunder de Sol Titan	Lyrien	7	NONE	solitário	139	41	31	96	67	céu	som
WRL_MON_0179	Storm de Espinhos Bat	Lyrien	3	VELLUM	predador noturno	68	19	17	52	38	ilha flutuante	gelo
WRL_MON_0181	Wind Cristalino Kraken	Lyrien	3	ELYTH	emboscador	81	21	15	44	36	ilha flutuante	luz
WRL_MON_0183	Nimbus Alado Gryphon	Lyrien	6	PRIMAL	solitário	130	39	31	82	65	ilha flutuante	gelo
WRL_MON_0185	Gale Flamejante Mimic	Lyrien	1	VELLUM	protetor de ninho	41	11	8	20	19	nuvem	eletricidade
WRL_MON_0187	Horizon de Espinhos Lynx	Lyrien	7	MANA	gregário	141	42	34	96	76	céu	eletricidade
WRL_MON_0189	Cloud de Sol Djinn	Lyrien	1	VELLUM	inteligente e cauteloso	48	10	8	27	23	ilha flutuante	vento
WRL_MON_0191	Thunder Devastador Naga	Lyrien	1	VELLUM	territorial	32	13	7	24	20	ilha flutuante	trevas
WRL_MON_0193	Cloud de Gelo Salamander	Lyrien	3	VELLUM	gregário	69	24	18	44	39	nuvem	som
WRL_MON_0195	Aether Caçador Orc	Lyrien	2	ELYTH	inteligente e cauteloso	62	14	13	32	26	céu	terra
WRL_MON_0197	Sky Glacial Manticores	Lyrien	4	ELYTH	predador noturno	89	25	19	60	41	céu	som
WRL_MON_0199	Feather Blindado Bear	Lyrien	0	ELYTH	inteligente e cauteloso	33	9	6	14	8	ilha flutuante	som
WRL_MON_0201	Thunder Tempestuoso Ogre	Lyrien	5	PRIMAL	territorial	106	29	23	69	49	nuvem	gelo
WRL_MON_0203	Cloud de Ferro Kraken	Lyrien	6	NONE	solitário	112	38	27	87	65	ilha flutuante	trevas
WRL_MON_0205	Cloud Blindado Beetle	Lyrien	6	PRIMAL	emboscador	115	36	31	85	58	céu	fogo
WRL_MON_0207	Feather de Sol Stag	Lyrien	8	NONE	predador noturno	145	45	39	104	77	céu	som
WRL_MON_0209	Wind Maior Sprite	Lyrien	0	ELYTH	protetor de ninho	19	7	4	16	5	torre	trevas
WRL_MON_0211	Thunder Guardião Centaur	Lyrien	4	NONE	caçador de matilha	86	27	23	63	43	ilha flutuante	água
WRL_MON_0213	Sky de Névoa Demon	Lyrien	3	MANA	errante	67	21	17	50	38	ilha flutuante	terra
WRL_MON_0215	Tempest Rúnico Troll	Lyrien	2	NONE	inteligente e cauteloso	62	18	12	35	25	torre	água
WRL_MON_0217	Nimbus de Trovão Basilisk	Lyrien	4	VELLUM	predador noturno	84	29	21	63	40	nuvem	eletricidade
WRL_MON_0219	Wing Antigo Fairy	Lyrien	5	MANA	protetor de ninho	107	29	27	68	51	céu	gelo
WRL_MON_0221	Wing de Cinzas Mimic	Lyrien	0	PRIMAL	inteligente e cauteloso	19	4	6	10	5	céu	vento
WRL_MON_0223	Wind Alado Rakshasa	Lyrien	4	PRIMAL	territorial	98	27	19	56	42	nuvem	veneno
WRL_MON_0225	Zephyr Errante Lynx	Lyrien	2	MANA	territorial	57	17	13	38	25	céu	gelo
WRL_MON_0227	Thunder de Sangue Boar	Lyrien	1	VELLUM	errante	48	14	8	23	16	nuvem	eletricidade
WRL_MON_0229	Wind Tempestuoso Sprite	Lyrien	4	MANA	errante	97	26	19	62	41	torre	som
WRL_MON_0231	Zephyr Ancestral Chimera	Lyrien	1	MANA	protetor de ninho	46	9	8	28	13	nuvem	trevas
WRL_MON_0233	Gale Flamejante Bat	Lyrien	5	VELLUM	errante	105	32	24	69	58	nuvem	terra
WRL_MON_0235	Aether Jovem Unicorn	Lyrien	3	ELYTH	caçador de matilha	65	22	19	47	35	torre	som
WRL_MON_0237	Sky Blindado Djinn	Lyrien	4	PRIMAL	errante	95	29	21	61	46	nuvem	vento
WRL_MON_0239	Wing de Gelo Spider	Lyrien	1	VELLUM	emboscador	39	13	8	21	20	torre	fogo
WRL_MON_0241	Aether de Espinhos Angel	Lyrien	0	NONE	gregário	23	6	4	8	6	ilha flutuante	veneno
WRL_MON_0243	Wing Guardião Boar	Lyrien	3	MANA	solitário	68	21	16	48	33	nuvem	veneno
WRL_MON_0245	Wing de Cinzas Rakshasa	Lyrien	0	NONE	solitário	18	4	5	13	10	nuvem	fogo
WRL_MON_0247	Wing Antigo Gryphon	Lyrien	3	NONE	emboscador	77	21	16	46	36	torre	gelo
WRL_MON_0249	Wing de Gelo Centaur	Lyrien	7	PRIMAL	inteligente e cauteloso	136	40	33	97	71	ilha flutuante	vento
WRL_MON_0251	Nimbus de Espinhos Treant	Lyrien	1	ELYTH	emboscador	46	11	7	26	21	torre	vento
WRL_MON_0253	Cloud de Ferro Leviathan	Lyrien	4	NONE	solitário	80	26	22	61	49	nuvem	terra
WRL_MON_0255	Zephyr de Cinzas Elemental	Lyrien	3	PRIMAL	solitário	65	21	17	47	39	torre	som
WRL_MON_0257	Zephyr Blindado Ogre	Lyrien	2	MANA	predador noturno	65	17	11	32	24	céu	trevas
WRL_MON_0259	Wind Errante Minotaur	Lyrien	1	VELLUM	inteligente e cauteloso	46	9	10	23	16	ilha flutuante	vento
WRL_MON_0261	Feather Guardião Drake	Lyrien	0	NONE	predador noturno	25	6	3	16	9	nuvem	som
WRL_MON_0263	Feather Errante Wolf	Lyrien	3	MANA	predador noturno	67	23	19	47	40	nuvem	terra
WRL_MON_0265	Thunder Feral Specter	Lyrien	3	ELYTH	emboscador	72	22	18	48	40	céu	veneno
WRL_MON_0267	Storm Abissal Wraith	Lyrien	3	VELLUM	protetor de ninho	70	20	16	50	32	torre	gelo
WRL_MON_0269	Tempest de Cinzas Wyrm	Lyrien	1	ELYTH	caçador de matilha	34	10	9	22	20	céu	trevas
WRL_MON_0271	Wind Real Djinn	Lyrien	7	ELYTH	territorial	139	42	35	100	72	céu	vento
WRL_MON_0273	Zephyr de Trovão Centaur	Lyrien	1	PRIMAL	solitário	40	14	8	26	13	nuvem	gelo
WRL_MON_0275	Zephyr Venenoso Goblin	Lyrien	0	NONE	solitário	22	8	5	15	11	céu	trevas
WRL_MON_0277	Gale Cristalino Manticores	Lyrien	5	PRIMAL	gregário	102	31	27	73	56	nuvem	gelo
WRL_MON_0279	Star Maior Lich	Lyrien	0	PRIMAL	predador noturno	31	8	6	13	5	ilha flutuante	eletricidade
WRL_MON_0281	Wind de Ferro Demon	Lyrien	5	MANA	emboscador	113	33	24	71	56	nuvem	terra
WRL_MON_0283	Tempest Rúnico Wyrm	Lyrien	3	VELLUM	errante	68	24	15	50	35	nuvem	luz
WRL_MON_0285	Zephyr Rúnico Gryphon	Lyrien	0	VELLUM	solitário	34	6	6	13	6	céu	eletricidade
WRL_MON_0287	Feather Venenoso Leviathan	Lyrien	8	MANA	caçador de matilha	144	48	38	106	81	torre	vento
WRL_MON_0289	Sky Ancestral Mooncalf	Lyrien	5	PRIMAL	gregário	96	33	24	72	57	torre	vento
WRL_MON_0291	Storm de Sangue Imp	Lyrien	7	ELYTH	protetor de ninho	140	43	34	95	71	torre	trevas
WRL_MON_0293	Feather Flamejante Imp	Lyrien	2	VELLUM	solitário	49	18	14	40	23	ilha flutuante	som
WRL_MON_0295	Thunder Maior Kraken	Lyrien	4	ELYTH	protetor de ninho	98	24	23	59	48	torre	fogo
WRL_MON_0297	Sky de Sangue Golem	Lyrien	2	NONE	protetor de ninho	50	16	14	36	30	torre	gelo
WRL_MON_0299	Thunder Jovem Bear	Lyrien	1	NONE	protetor de ninho	44	9	11	25	16	torre	vento
WRL_MON_0301	Tempest de Névoa Direhound	Lyrien	1	ELYTH	predador noturno	48	13	9	27	15	céu	vento
WRL_MON_0303	Tempest Devastador Angel	Lyrien	0	PRIMAL	errante	24	9	5	15	7	céu	água
WRL_MON_0305	Tempest Sagrado Beetle	Lyrien	6	MANA	emboscador	112	39	30	87	66	céu	vento
WRL_MON_0307	Nimbus Sagrado Stag	Lyrien	3	MANA	errante	70	19	18	52	36	ilha flutuante	vento
WRL_MON_0309	Storm Pequeno Wyrm	Lyrien	5	MANA	territorial	106	29	27	73	55	céu	terra
WRL_MON_0311	Sky de Gelo Colossus	Lyrien	2	MANA	protetor de ninho	62	14	15	33	30	céu	água
WRL_MON_0313	Wind de Cinzas Rakshasa	Lyrien	8	VELLUM	predador noturno	161	47	38	105	82	ilha flutuante	gelo
WRL_MON_0315	Zephyr de Pedra Golem	Lyrien	4	ELYTH	protetor de ninho	86	26	22	60	43	céu	água
WRL_MON_0317	Zephyr de Gelo Centaur	Lyrien	5	NONE	gregário	99	34	26	76	53	nuvem	luz
WRL_MON_0319	Cloud de Névoa Direhound	Lyrien	1	VELLUM	gregário	45	13	11	26	22	torre	veneno
WRL_MON_0321	Aether Glacial Elemental	Lyrien	3	PRIMAL	solitário	80	20	15	47	40	nuvem	eletricidade
WRL_MON_0323	Gale Ancestral Goblin	Lyrien	3	ELYTH	errante	82	22	19	52	41	torre	luz
WRL_MON_0325	Aether Caçador Manticores	Lyrien	1	MANA	caçador de matilha	42	13	7	20	15	céu	água
WRL_MON_0327	Wind de Espinhos Chimera	Lyrien	1	MANA	caçador de matilha	42	13	11	20	14	céu	trevas
WRL_MON_0329	Storm de Lua Titan	Lyrien	4	MANA	protetor de ninho	96	24	20	61	49	céu	vento
WRL_MON_0331	Tempest de Trovão Rakshasa	Lyrien	7	PRIMAL	solitário	141	40	35	99	73	torre	luz
WRL_MON_0333	Nimbus Voraz Wolf	Lyrien	0	PRIMAL	inteligente e cauteloso	34	9	3	10	10	céu	eletricidade
WRL_MON_0335	Aether Jovem Mimic	Lyrien	4	PRIMAL	predador noturno	93	26	23	56	42	céu	som
WRL_MON_0337	Zephyr Silvestre Golem	Lyrien	0	ELYTH	errante	33	5	7	8	14	ilha flutuante	fogo
WRL_MON_0339	Thunder Errante Imp	Lyrien	3	VELLUM	inteligente e cauteloso	74	22	15	49	37	ilha flutuante	som
WRL_MON_0341	Wind Errante Bat	Lyrien	7	VELLUM	caçador de matilha	143	40	34	93	75	torre	terra
WRL_MON_0343	Cloud Flamejante Wraith	Lyrien	1	MANA	errante	49	11	9	24	20	torre	água
WRL_MON_0345	Wind de Névoa Treant	Lyrien	3	NONE	inteligente e cauteloso	68	22	19	46	33	nuvem	vento
WRL_MON_0347	Tempest de Cinzas Wolf	Lyrien	7	NONE	gregário	145	39	33	92	74	ilha flutuante	água
WRL_MON_0349	Star Sombrio Leviathan	Lyrien	4	ELYTH	territorial	80	24	21	59	44	torre	gelo
WRL_MON_0351	Feather de Sol Serpent	Lyrien	3	MANA	solitário	81	23	19	46	41	torre	terra
WRL_MON_0353	Sky de Raiz Werebeast	Lyrien	3	VELLUM	gregário	79	21	17	45	41	nuvem	trevas
WRL_MON_0355	Storm Antigo Drake	Lyrien	1	VELLUM	gregário	37	10	8	25	15	ilha flutuante	luz
WRL_MON_0357	Aether de Ferro Drake	Lyrien	9	ELYTH	gregário	173	50	43	120	90	nuvem	fogo
WRL_MON_0359	Thunder Primal Spider	Lyrien	2	PRIMAL	inteligente e cauteloso	66	16	11	37	25	torre	fogo
WRL_MON_0361	Sky Venenoso Leviathan	Lyrien	1	PRIMAL	emboscador	45	10	8	24	14	ilha flutuante	som
WRL_MON_0363	Thunder Pequeno Orc	Lyrien	2	ELYTH	solitário	66	14	14	37	29	nuvem	som
WRL_MON_0365	Sky Sombrio Bear	Lyrien	2	PRIMAL	gregário	57	18	13	37	25	céu	água
WRL_MON_0367	Storm Primal Rat	Lyrien	5	MANA	errante	114	29	25	72	59	ilha flutuante	vento
WRL_MON_0369	Cloud Jovem Naga	Lyrien	2	PRIMAL	emboscador	57	15	12	36	31	nuvem	terra
WRL_MON_0371	Storm de Areia Demon	Lyrien	9	VELLUM	errante	166	52	39	123	90	torre	vento
WRL_MON_0373	Sky Tempestuoso Behemoth	Lyrien	4	VELLUM	territorial	87	25	19	62	47	céu	gelo
WRL_MON_0375	Gale de Trovão Hydra	Lyrien	5	PRIMAL	errante	103	33	23	73	59	torre	vento
WRL_MON_0377	Horizon de Pedra Salamander	Lyrien	2	MANA	gregário	58	18	12	38	23	céu	som
WRL_MON_0379	Feather Alado Djinn	Lyrien	3	MANA	protetor de ninho	75	23	17	51	35	ilha flutuante	fogo
WRL_MON_0381	Storm de Ferro Colossus	Lyrien	3	MANA	inteligente e cauteloso	68	22	17	44	41	torre	fogo
WRL_MON_0383	Gale Glacial Goblin	Lyrien	2	NONE	gregário	50	15	12	38	23	nuvem	água
WRL_MON_0385	Nimbus Devastador Hydra	Lyrien	2	MANA	emboscador	61	15	11	40	25	céu	gelo
WRL_MON_0387	Tempest Glacial Troll	Lyrien	1	ELYTH	predador noturno	39	10	8	27	23	ilha flutuante	trevas
WRL_MON_0389	Aether Luminoso Specter	Lyrien	2	VELLUM	territorial	49	17	12	35	27	nuvem	vento
WRL_MON_0391	Zephyr de Névoa Treant	Lyrien	3	ELYTH	territorial	76	19	15	49	32	céu	gelo
WRL_MON_0393	Feather Sombrio Titan	Lyrien	6	NONE	emboscador	119	36	30	82	63	céu	som
WRL_MON_0395	Nimbus Rúnico Behemoth	Lyrien	9	ELYTH	protetor de ninho	176	51	43	124	94	torre	água
WRL_MON_0397	Zephyr de Sol Manticores	Lyrien	5	ELYTH	solitário	103	34	24	71	52	ilha flutuante	gelo
WRL_MON_0399	Aether Abissal Wyrm	Lyrien	6	NONE	protetor de ninho	127	35	29	86	66	nuvem	fogo
WRL_MON_0401	Gale Devastador Revenant	Lyrien	2	VELLUM	protetor de ninho	60	19	12	32	30	nuvem	gelo
WRL_MON_0403	Storm Silvestre Revenant	Lyrien	4	PRIMAL	protetor de ninho	84	28	21	59	45	nuvem	gelo
WRL_MON_0405	Horizon Alado Wolf	Lyrien	5	ELYTH	inteligente e cauteloso	109	32	25	71	57	nuvem	luz
WRL_MON_0407	Thunder de Raiz Direhound	Lyrien	1	ELYTH	territorial	47	9	8	26	17	torre	trevas
WRL_MON_0409	Thunder Silvestre Bat	Lyrien	2	NONE	predador noturno	66	14	11	35	24	nuvem	água
WRL_MON_0411	Horizon Luminoso Basilisk	Lyrien	2	MANA	solitário	51	19	12	36	32	ilha flutuante	vento
WRL_MON_0413	Wing de Cinzas Hydra	Lyrien	5	VELLUM	gregário	107	31	26	75	54	torre	luz
WRL_MON_0415	Wing Corrompido Titan	Lyrien	1	MANA	protetor de ninho	33	11	10	25	15	torre	terra
WRL_MON_0417	Wind Voraz Lich	Lyrien	7	VELLUM	solitário	138	39	33	96	72	céu	água
WRL_MON_0419	Horizon de Maré Lynx	Lyrien	2	NONE	inteligente e cauteloso	57	19	15	35	27	nuvem	água
WRL_MON_0421	Thunder Ancestral Naga	Lyrien	0	VELLUM	protetor de ninho	24	4	6	13	12	ilha flutuante	som
WRL_MON_0423	Sky Tempestuoso Specter	Lyrien	5	ELYTH	gregário	113	29	24	74	56	ilha flutuante	eletricidade
WRL_MON_0425	Thunder Abissal Bear	Lyrien	4	MANA	territorial	81	26	22	61	40	céu	eletricidade
WRL_MON_0427	Thunder Ancestral Goblin	Lyrien	8	PRIMAL	predador noturno	161	49	38	111	81	torre	fogo
WRL_MON_0429	Gale Primal Vampire	Lyrien	5	VELLUM	gregário	109	29	23	73	57	céu	terra
WRL_MON_0431	Thunder Corrompido Salamander	Lyrien	3	PRIMAL	solitário	64	19	18	47	39	nuvem	eletricidade
WRL_MON_0433	Horizon de Ferro Elemental	Lyrien	3	PRIMAL	solitário	76	22	18	47	33	torre	terra
WRL_MON_0435	Aether Voraz Salamander	Lyrien	4	NONE	gregário	96	29	22	64	41	céu	trevas
WRL_MON_0437	Feather de Espinhos Treant	Lyrien	0	NONE	protetor de ninho	20	4	6	16	13	torre	terra
WRL_MON_0439	Sky Devastador Wyvern	Lyrien	9	PRIMAL	predador noturno	166	51	42	120	86	ilha flutuante	som
WRL_MON_0441	Nimbus Tempestuoso Specter	Lyrien	4	VELLUM	predador noturno	95	28	21	56	45	nuvem	trevas
WRL_MON_0443	Nimbus Sagrado Salamander	Lyrien	8	MANA	predador noturno	153	45	37	104	83	céu	água
WRL_MON_0445	Feather de Lua Basilisk	Lyrien	3	MANA	emboscador	71	20	18	51	38	torre	terra
WRL_MON_0447	Wing Caçador Leviathan	Lyrien	4	MANA	solitário	80	27	21	58	45	torre	luz
WRL_MON_0449	Gale Blindado Angel	Lyrien	6	NONE	solitário	125	38	27	87	63	torre	terra
WRL_MON_0451	Tempest Flamejante Orc	Lyrien	1	ELYTH	protetor de ninho	45	14	8	28	19	torre	veneno
WRL_MON_0453	Horizon Guardião Toad	Lyrien	8	ELYTH	caçador de matilha	157	45	39	105	83	nuvem	trevas
WRL_MON_0455	Aether Sagrado Titan	Lyrien	0	MANA	protetor de ninho	19	5	5	11	13	céu	trevas
WRL_MON_0457	Wing Voraz Basilisk	Lyrien	2	VELLUM	emboscador	61	14	11	39	22	ilha flutuante	terra
WRL_MON_0459	Zephyr Feral Mooncalf	Lyrien	5	ELYTH	protetor de ninho	97	31	24	71	58	ilha flutuante	som
WRL_MON_0461	Feather Blindado Mooncalf	Lyrien	0	ELYTH	caçador de matilha	18	4	5	12	9	torre	gelo
WRL_MON_0463	Star de Areia Naga	Lyrien	5	VELLUM	territorial	100	33	25	76	52	torre	fogo
WRL_MON_0465	Aether Tempestuoso Roc	Lyrien	3	ELYTH	solitário	67	20	18	52	38	nuvem	luz
WRL_MON_0467	Nimbus Primal Imp	Lyrien	0	MANA	territorial	31	8	3	15	8	ilha flutuante	fogo
WRL_MON_0469	Aether de Sangue Crow	Lyrien	3	MANA	solitário	66	20	18	50	36	céu	fogo
WRL_MON_0471	Nimbus de Gelo Vampire	Lyrien	1	NONE	caçador de matilha	45	12	7	23	14	céu	terra
WRL_MON_0473	Sky de Lua Treant	Lyrien	3	VELLUM	protetor de ninho	71	20	15	50	36	céu	vento
WRL_MON_0475	Feather Voraz Direhound	Lyrien	2	VELLUM	inteligente e cauteloso	49	17	13	34	27	céu	trevas
WRL_MON_0477	Nimbus Errante Roc	Lyrien	3	ELYTH	solitário	72	21	17	52	38	céu	gelo
WRL_MON_0479	Thunder Maior Chimera	Lyrien	0	MANA	protetor de ninho	27	7	7	14	6	céu	eletricidade
WRL_MON_0481	Horizon Flamejante Djinn	Lyrien	5	VELLUM	emboscador	100	33	23	75	56	céu	som
WRL_MON_0483	Sky de Areia Kobold	Lyrien	5	PRIMAL	errante	97	34	26	68	57	ilha flutuante	água
WRL_MON_0485	Cloud Tempestuoso Naga	Lyrien	1	NONE	emboscador	36	14	10	21	16	céu	gelo
WRL_MON_0487	Storm de Raiz Crow	Lyrien	5	VELLUM	protetor de ninho	106	31	25	69	50	ilha flutuante	trevas
WRL_MON_0489	Cloud Voraz Nightmare	Lyrien	0	MANA	inteligente e cauteloso	25	9	6	8	6	nuvem	luz
WRL_MON_0491	Star de Sangue Drake	Lyrien	0	MANA	territorial	19	5	7	16	14	nuvem	gelo
WRL_MON_0493	Cloud de Pedra Wraith	Lyrien	4	VELLUM	predador noturno	90	24	22	56	47	céu	som
WRL_MON_0495	Thunder de Névoa Boar	Lyrien	0	NONE	protetor de ninho	30	4	4	14	11	nuvem	som
WRL_MON_0497	Storm de Pedra Werebeast	Lyrien	1	MANA	emboscador	48	14	11	28	14	ilha flutuante	eletricidade
WRL_MON_0499	Tempest de Trovão Gryphon	Lyrien	0	VELLUM	gregário	19	8	3	14	13	nuvem	luz
WRL_MON_0501	Aether Pequeno Lich	Lyrien	0	ELYTH	territorial	25	5	6	9	8	torre	trevas
WRL_MON_0503	Nimbus Blindado Basilisk	Lyrien	0	MANA	inteligente e cauteloso	16	5	5	9	4	céu	trevas
WRL_MON_0505	Sky Primal Wolf	Lyrien	5	NONE	inteligente e cauteloso	106	31	26	73	53	nuvem	gelo
WRL_MON_0507	Thunder Flamejante Sprite	Lyrien	0	NONE	errante	34	4	7	13	9	nuvem	som
WRL_MON_0509	Zephyr Voraz Angel	Lyrien	0	MANA	solitário	25	9	5	8	7	nuvem	fogo
WRL_MON_0511	Storm Real Harpy	Lyrien	0	ELYTH	solitário	23	6	4	10	6	céu	som
WRL_MON_0513	Aether Voraz Wyvern	Lyrien	4	VELLUM	caçador de matilha	84	29	22	60	46	céu	eletricidade
WRL_MON_0515	Gale de Sol Angel	Lyrien	1	ELYTH	inteligente e cauteloso	34	9	9	21	13	nuvem	fogo
WRL_MON_0517	Nimbus Tempestuoso Kobold	Lyrien	3	PRIMAL	solitário	75	23	16	52	36	ilha flutuante	vento
WRL_MON_0519	Nimbus Sagrado Rakshasa	Lyrien	1	VELLUM	inteligente e cauteloso	41	12	11	26	22	ilha flutuante	veneno
WRL_MON_0521	Cloud Blindado Bat	Lyrien	6	VELLUM	predador noturno	114	34	29	88	67	torre	fogo
WRL_MON_0523	Aether de Sangue Hydra	Lyrien	4	PRIMAL	inteligente e cauteloso	94	26	20	62	46	torre	luz
WRL_MON_0525	Star Corrompido Wolf	Lyrien	1	VELLUM	emboscador	36	14	10	24	21	nuvem	água
WRL_MON_0527	Aether Real Wyrm	Lyrien	8	PRIMAL	predador noturno	158	48	38	106	84	nuvem	som
WRL_MON_0529	Tempest Real Salamander	Lyrien	1	ELYTH	predador noturno	46	13	11	22	21	céu	veneno
WRL_MON_0531	Nimbus Guardião Boar	Lyrien	1	NONE	inteligente e cauteloso	43	14	11	25	23	céu	veneno
WRL_MON_0533	Zephyr Primal Unicorn	Lyrien	4	ELYTH	inteligente e cauteloso	98	24	19	61	49	ilha flutuante	eletricidade
WRL_MON_0535	Wind Luminoso Werebeast	Lyrien	0	NONE	gregário	24	8	3	16	11	ilha flutuante	som
WRL_MON_0537	Nimbus de Maré Angel	Lyrien	4	PRIMAL	errante	98	29	23	60	43	céu	eletricidade
WRL_MON_0539	Aether de Trovão Wyrm	Lyrien	3	ELYTH	inteligente e cauteloso	71	20	17	51	35	torre	eletricidade
WRL_MON_0541	Aether de Trovão Drake	Lyrien	6	ELYTH	errante	118	36	29	88	59	ilha flutuante	gelo
WRL_MON_0081	Fox Rúnico Fairy	Myrthos	0	VELLUM	caçador de matilha	17	4	5	11	14	montanha	luz
WRL_MON_0083	Jade de Maré Crow	Myrthos	3	MANA	protetor de ninho	82	23	18	45	39	montanha	terra
WRL_MON_0085	Bamboo de Cinzas Hydra	Myrthos	7	MANA	inteligente e cauteloso	134	40	34	96	71	jardim	luz
WRL_MON_0087	Dragon Sagrado Mimic	Myrthos	0	PRIMAL	territorial	23	6	5	14	14	montanha	gelo
WRL_MON_0089	Lantern de Gelo Roc	Myrthos	7	MANA	inteligente e cauteloso	137	40	35	93	71	montanha	trevas
WRL_MON_0091	Temple Antigo Griffin	Myrthos	1	NONE	territorial	46	12	8	21	22	jardim	fogo
WRL_MON_0093	Dragon de Névoa Behemoth	Myrthos	1	ELYTH	gregário	33	11	10	20	15	jardim	vento
WRL_MON_0095	Mist Tempestuoso Kobold	Myrthos	1	ELYTH	emboscador	47	11	8	28	20	templo	vento
WRL_MON_0097	Spirit de Sangue Centaur	Myrthos	4	PRIMAL	emboscador	83	29	21	64	46	floresta	terra
WRL_MON_0099	Lotus Ancestral Vampire	Myrthos	4	VELLUM	predador noturno	98	28	19	59	46	templo	fogo
WRL_MON_0101	Koi Flamejante Drake	Myrthos	4	PRIMAL	inteligente e cauteloso	86	26	19	57	49	floresta	veneno
WRL_MON_0103	Serpent de Cinzas Lynx	Myrthos	1	PRIMAL	emboscador	49	13	8	25	17	floresta	trevas
WRL_MON_0105	Lantern Pequeno Salamander	Myrthos	8	PRIMAL	emboscador	151	48	38	106	85	jardim	vento
WRL_MON_0107	Lantern de Raiz Crow	Myrthos	2	PRIMAL	gregário	64	15	12	36	27	jardim	gelo
WRL_MON_0109	Koi Ancestral Lich	Myrthos	3	PRIMAL	caçador de matilha	82	23	17	51	37	floresta	luz
WRL_MON_0111	Temple Voraz Wolf	Myrthos	1	VELLUM	protetor de ninho	34	9	7	23	19	jardim	gelo
WRL_MON_0113	Serpent de Areia Centaur	Myrthos	1	PRIMAL	emboscador	43	10	10	26	19	montanha	gelo
WRL_MON_0115	Dragon de Raiz Elemental	Myrthos	0	PRIMAL	predador noturno	18	9	5	8	6	montanha	fogo
WRL_MON_0117	Temple Devastador Elemental	Myrthos	2	ELYTH	caçador de matilha	60	14	14	40	32	templo	água
WRL_MON_0119	Jade Feral Golem	Myrthos	3	VELLUM	gregário	81	24	19	46	34	floresta	fogo
WRL_MON_0121	Jade Flamejante Behemoth	Myrthos	2	MANA	emboscador	63	19	12	38	26	floresta	fogo
WRL_MON_0123	Spirit Glacial Ogre	Myrthos	0	MANA	errante	16	8	6	11	14	floresta	fogo
WRL_MON_0125	Bamboo de Sol Lynx	Myrthos	6	VELLUM	solitário	126	35	30	80	58	templo	água
WRL_MON_0127	Jade Tempestuoso Chimera	Myrthos	2	VELLUM	protetor de ninho	50	19	11	36	24	floresta	trevas
WRL_MON_0129	Mist de Lua Beetle	Myrthos	7	PRIMAL	gregário	129	42	32	95	71	montanha	gelo
WRL_MON_0131	Koi Venenoso Manticores	Myrthos	0	NONE	inteligente e cauteloso	20	8	6	15	10	montanha	água
WRL_MON_0133	Spirit Venenoso Direhound	Myrthos	0	VELLUM	gregário	22	4	5	16	4	floresta	gelo
WRL_MON_0135	Fox Venenoso Mimic	Myrthos	0	NONE	inteligente e cauteloso	26	4	3	11	14	jardim	terra
WRL_MON_0137	Lantern de Maré Kraken	Myrthos	2	ELYTH	caçador de matilha	59	17	15	38	30	floresta	som
WRL_MON_0139	Silk Alado Fairy	Myrthos	0	PRIMAL	gregário	31	4	4	10	12	templo	gelo
WRL_MON_0141	Mist Tempestuoso Djinn	Myrthos	0	PRIMAL	predador noturno	33	8	5	14	12	jardim	trevas
WRL_MON_0143	Bamboo Maior Golem	Myrthos	0	PRIMAL	solitário	31	4	7	8	7	jardim	som
WRL_MON_0145	Jade Devastador Wolf	Myrthos	4	MANA	protetor de ninho	82	28	20	57	40	jardim	eletricidade
WRL_MON_0147	Mist de Espinhos Leviathan	Myrthos	6	MANA	protetor de ninho	113	37	27	87	59	jardim	luz
WRL_MON_0149	Mist Sagrado Hydra	Myrthos	6	PRIMAL	caçador de matilha	120	38	28	84	58	montanha	vento
WRL_MON_0151	Silk Errante Fairy	Myrthos	7	NONE	solitário	140	40	31	92	68	montanha	som
WRL_MON_0153	Spirit Primal Wyvern	Myrthos	2	ELYTH	inteligente e cauteloso	49	17	11	36	22	jardim	terra
WRL_MON_0155	Koi Devastador Colossus	Myrthos	9	VELLUM	errante	162	53	42	120	91	montanha	veneno
WRL_MON_0157	Mist Devastador Wraith	Myrthos	3	NONE	territorial	70	19	17	50	38	floresta	fogo
WRL_MON_0159	Crane de Espinhos Slime	Myrthos	1	ELYTH	emboscador	42	12	9	22	20	templo	terra
WRL_MON_0161	Mist Glacial Direhound	Myrthos	0	NONE	caçador de matilha	16	7	5	9	4	montanha	trevas
WRL_MON_0163	Lantern Devastador Wyrm	Myrthos	2	ELYTH	protetor de ninho	58	18	13	32	22	jardim	vento
WRL_MON_0165	Moon de Sangue Lynx	Myrthos	0	MANA	protetor de ninho	18	8	4	16	10	floresta	gelo
WRL_MON_0167	Dragon Alado Ogre	Myrthos	5	MANA	emboscador	109	33	24	68	49	floresta	fogo
WRL_MON_0169	Dragon Tempestuoso Behemoth	Myrthos	1	ELYTH	protetor de ninho	33	9	9	25	19	templo	luz
WRL_MON_0171	Lantern de Gelo Mooncalf	Myrthos	3	VELLUM	predador noturno	65	19	19	45	34	montanha	veneno
WRL_MON_0173	Mist de Gelo Serpent	Myrthos	3	MANA	protetor de ninho	66	22	16	46	36	templo	gelo
WRL_MON_0175	Silk Flamejante Rakshasa	Myrthos	0	PRIMAL	territorial	26	9	4	10	8	jardim	terra
WRL_MON_0177	Mist Jovem Elemental	Myrthos	7	VELLUM	inteligente e cauteloso	130	42	35	100	76	templo	veneno
WRL_MON_0179	Mist Glacial Roc	Myrthos	3	PRIMAL	errante	64	20	17	49	38	templo	água
WRL_MON_0181	Lotus de Trovão Basilisk	Myrthos	1	ELYTH	solitário	45	14	9	20	21	floresta	veneno
WRL_MON_0183	Spirit Voraz Beetle	Myrthos	2	PRIMAL	emboscador	53	15	13	39	28	templo	terra
WRL_MON_0185	Dragon de Pedra Djinn	Myrthos	1	PRIMAL	territorial	42	14	10	27	22	templo	eletricidade
WRL_MON_0187	Spirit Silvestre Mooncalf	Myrthos	5	NONE	predador noturno	103	34	27	74	56	floresta	veneno
WRL_MON_0189	Moon de Trovão Mooncalf	Myrthos	1	NONE	territorial	42	9	8	20	23	templo	eletricidade
WRL_MON_0191	Crane Venenoso Salamander	Myrthos	3	VELLUM	inteligente e cauteloso	74	21	15	45	32	floresta	trevas
WRL_MON_0193	Bamboo de Sol Behemoth	Myrthos	4	NONE	caçador de matilha	88	27	23	56	47	jardim	trevas
WRL_MON_0195	Spirit Sombrio Drake	Myrthos	2	MANA	territorial	55	14	11	35	32	jardim	fogo
WRL_MON_0197	Temple Cristalino Centaur	Myrthos	4	VELLUM	predador noturno	94	28	22	58	45	montanha	fogo
WRL_MON_0199	Jade Glacial Serpent	Myrthos	6	PRIMAL	territorial	130	35	31	81	58	montanha	veneno
WRL_MON_0201	Crane de Névoa Djinn	Myrthos	1	MANA	solitário	43	11	7	28	15	montanha	água
WRL_MON_0203	Mist Silvestre Kobold	Myrthos	1	ELYTH	inteligente e cauteloso	45	12	7	26	13	jardim	terra
WRL_MON_0205	Dragon de Maré Spider	Myrthos	3	ELYTH	protetor de ninho	74	22	17	45	37	templo	eletricidade
WRL_MON_0207	Lantern de Sangue Golem	Myrthos	4	MANA	caçador de matilha	81	27	23	57	42	montanha	água
WRL_MON_0209	Fox de Trovão Basilisk	Myrthos	3	ELYTH	emboscador	67	22	16	52	38	templo	som
WRL_MON_0211	Bamboo Feral Angel	Myrthos	3	ELYTH	territorial	72	24	18	48	31	templo	som
WRL_MON_0213	Koi Silvestre Troll	Myrthos	0	ELYTH	predador noturno	32	5	5	9	11	templo	água
WRL_MON_0215	Temple Luminoso Manticores	Myrthos	3	NONE	emboscador	81	21	17	47	31	templo	gelo
WRL_MON_0217	Lotus Abissal Crow	Myrthos	1	ELYTH	caçador de matilha	35	14	11	20	17	jardim	eletricidade
WRL_MON_0219	Moon Real Colossus	Myrthos	0	VELLUM	caçador de matilha	18	6	6	10	8	templo	eletricidade
WRL_MON_0221	Temple Maior Basilisk	Myrthos	0	PRIMAL	caçador de matilha	18	9	5	10	9	jardim	eletricidade
WRL_MON_0223	Serpent de Raiz Beetle	Myrthos	2	PRIMAL	territorial	49	19	11	39	23	templo	água
WRL_MON_0225	Fox de Raiz Toad	Myrthos	5	VELLUM	emboscador	114	33	26	73	56	jardim	fogo
WRL_MON_0227	Temple de Areia Colossus	Myrthos	3	VELLUM	errante	66	24	15	50	34	jardim	eletricidade
WRL_MON_0229	Dragon Voraz Fairy	Myrthos	3	NONE	emboscador	65	21	17	46	31	templo	água
WRL_MON_0231	Moon Guardião Wraith	Myrthos	2	NONE	predador noturno	49	14	11	37	30	montanha	vento
WRL_MON_0233	Fox de Cinzas Unicorn	Myrthos	6	ELYTH	caçador de matilha	123	38	28	85	61	jardim	eletricidade
WRL_MON_0235	Moon Voraz Roc	Myrthos	5	NONE	inteligente e cauteloso	102	29	26	68	49	jardim	veneno
WRL_MON_0237	Serpent de Sol Wyvern	Myrthos	9	PRIMAL	territorial	164	52	42	122	91	templo	água
WRL_MON_0239	Jade Luminoso Titan	Myrthos	5	ELYTH	protetor de ninho	108	32	25	73	57	floresta	terra
WRL_MON_0241	Jade Pequeno Mantis	Myrthos	2	PRIMAL	gregário	48	14	14	38	23	jardim	fogo
WRL_MON_0243	Fox Devastador Lich	Myrthos	4	VELLUM	territorial	95	25	22	60	40	jardim	luz
WRL_MON_0245	Spirit de Pedra Minotaur	Myrthos	0	PRIMAL	protetor de ninho	16	4	4	8	9	montanha	gelo
WRL_MON_0247	Temple Alado Troll	Myrthos	3	ELYTH	caçador de matilha	73	23	17	49	32	templo	luz
WRL_MON_0249	Moon Maior Toad	Myrthos	6	ELYTH	territorial	122	39	29	81	63	templo	gelo
WRL_MON_0251	Koi Glacial Kobold	Myrthos	2	ELYTH	emboscador	63	18	12	33	23	montanha	vento
WRL_MON_0253	Spirit de Maré Roc	Myrthos	1	NONE	solitário	40	10	10	23	15	floresta	terra
WRL_MON_0255	Silk Ancestral Manticores	Myrthos	3	PRIMAL	errante	76	22	18	48	31	floresta	terra
WRL_MON_0257	Lantern de Sol Gryphon	Myrthos	5	ELYTH	territorial	109	32	25	75	59	floresta	água
WRL_MON_0259	Serpent Caçador Slime	Myrthos	4	NONE	territorial	98	29	19	60	43	floresta	veneno
WRL_MON_0261	Spirit Sombrio Kraken	Myrthos	0	MANA	predador noturno	26	4	3	13	6	floresta	veneno
WRL_MON_0263	Crane de Lua Griffin	Myrthos	6	ELYTH	gregário	112	35	29	81	66	templo	eletricidade
WRL_MON_0265	Mist Guardião Mooncalf	Myrthos	7	VELLUM	caçador de matilha	131	40	32	100	77	floresta	veneno
WRL_MON_0267	Crane de Areia Direhound	Myrthos	0	MANA	caçador de matilha	31	7	3	11	4	templo	eletricidade
WRL_MON_0269	Temple Silvestre Fairy	Myrthos	6	ELYTH	caçador de matilha	114	36	30	86	60	templo	eletricidade
WRL_MON_0271	Lantern Cristalino Serpent	Myrthos	0	PRIMAL	protetor de ninho	19	6	4	16	6	montanha	vento
WRL_MON_0273	Serpent Devastador Elemental	Myrthos	2	MANA	territorial	60	18	11	36	24	floresta	água
WRL_MON_0275	Temple Silvestre Goblin	Myrthos	2	MANA	errante	54	15	13	40	22	montanha	gelo
WRL_MON_0277	Crane Luminoso Orc	Myrthos	7	VELLUM	predador noturno	141	43	33	100	72	templo	som
WRL_MON_0279	Silk Alado Naga	Myrthos	3	MANA	predador noturno	69	24	15	49	39	montanha	água
WRL_MON_0281	Bamboo Cristalino Angel	Myrthos	1	VELLUM	emboscador	40	9	7	24	20	templo	terra
WRL_MON_0283	Fox Caçador Wolf	Myrthos	0	PRIMAL	inteligente e cauteloso	27	6	5	13	10	templo	veneno
WRL_MON_0285	Lotus de Espinhos Orc	Myrthos	3	MANA	protetor de ninho	70	22	17	49	37	templo	som
WRL_MON_0287	Fox Glacial Slime	Myrthos	0	PRIMAL	solitário	19	8	3	10	8	jardim	som
WRL_MON_0289	Dragon Flamejante Kraken	Myrthos	6	NONE	territorial	126	39	28	84	65	montanha	fogo
WRL_MON_0291	Dragon de Areia Leviathan	Myrthos	2	VELLUM	caçador de matilha	55	19	13	32	25	montanha	terra
WRL_MON_0293	Bamboo Flamejante Direhound	Myrthos	1	NONE	solitário	42	11	8	20	19	templo	gelo
WRL_MON_0295	Bamboo Real Griffin	Myrthos	1	NONE	errante	42	11	10	28	20	jardim	veneno
WRL_MON_0297	Koi de Espinhos Salamander	Myrthos	2	VELLUM	emboscador	66	14	13	36	31	jardim	vento
WRL_MON_0299	Serpent Cristalino Spider	Myrthos	2	NONE	protetor de ninho	55	17	12	33	30	montanha	veneno
WRL_MON_0301	Lantern de Sangue Stag	Myrthos	1	ELYTH	territorial	49	13	9	24	13	templo	fogo
WRL_MON_0303	Crane Luminoso Wyvern	Myrthos	3	NONE	territorial	81	22	17	51	33	floresta	água
WRL_MON_0305	Mist Glacial Imp	Myrthos	5	ELYTH	inteligente e cauteloso	104	29	24	76	58	templo	fogo
WRL_MON_0307	Bamboo Glacial Wyvern	Myrthos	0	MANA	inteligente e cauteloso	26	4	3	14	5	templo	gelo
WRL_MON_0309	Jade Sagrado Gryphon	Myrthos	0	NONE	solitário	23	6	5	8	4	floresta	fogo
WRL_MON_0311	Temple Pequeno Hydra	Myrthos	4	VELLUM	gregário	81	24	21	62	43	templo	luz
WRL_MON_0313	Moon Sombrio Direhound	Myrthos	2	MANA	protetor de ninho	50	18	15	34	30	floresta	luz
WRL_MON_0315	Lotus de Espinhos Mantis	Myrthos	9	PRIMAL	inteligente e cauteloso	174	51	40	122	85	templo	eletricidade
WRL_MON_0317	Temple Alado Elemental	Myrthos	2	VELLUM	errante	59	16	12	34	22	floresta	terra
WRL_MON_0319	Jade Venenoso Golem	Myrthos	1	NONE	emboscador	40	11	8	28	21	montanha	eletricidade
WRL_MON_0321	Lantern Glacial Behemoth	Myrthos	0	NONE	protetor de ninho	16	5	5	13	6	montanha	som
WRL_MON_0323	Moon Cristalino Kraken	Myrthos	4	MANA	protetor de ninho	85	25	23	60	46	montanha	luz
WRL_MON_0325	Lotus Tempestuoso Vampire	Myrthos	4	ELYTH	emboscador	82	25	19	63	44	montanha	terra
WRL_MON_0327	Dragon Jovem Imp	Myrthos	4	ELYTH	inteligente e cauteloso	86	24	23	63	45	templo	veneno
WRL_MON_0329	Lantern de Areia Werebeast	Myrthos	1	PRIMAL	caçador de matilha	35	14	9	28	15	templo	som
WRL_MON_0331	Dragon Jovem Vampire	Myrthos	1	PRIMAL	inteligente e cauteloso	35	10	10	28	15	templo	trevas
WRL_MON_0333	Jade Voraz Mooncalf	Myrthos	4	PRIMAL	solitário	90	24	21	57	45	templo	fogo
WRL_MON_0335	Jade Pequeno Mooncalf	Myrthos	1	ELYTH	predador noturno	43	13	10	27	22	templo	trevas
WRL_MON_0337	Bamboo de Maré Treant	Myrthos	0	NONE	inteligente e cauteloso	32	9	6	16	11	floresta	fogo
WRL_MON_0339	Spirit de Ferro Griffin	Myrthos	2	MANA	errante	56	19	11	33	22	jardim	luz
WRL_MON_0341	Mist de Maré Bear	Myrthos	5	ELYTH	protetor de ninho	106	33	25	71	51	montanha	vento
WRL_MON_0343	Silk Pequeno Serpent	Myrthos	1	VELLUM	solitário	44	12	7	26	13	montanha	luz
WRL_MON_0345	Crane Guardião Fairy	Myrthos	8	VELLUM	caçador de matilha	154	44	36	108	79	templo	eletricidade
WRL_MON_0347	Silk Venenoso Troll	Myrthos	6	MANA	errante	123	35	30	81	63	jardim	fogo
WRL_MON_0349	Mist Rúnico Demon	Myrthos	6	VELLUM	gregário	115	39	27	84	59	jardim	vento
WRL_MON_0351	Lotus Glacial Behemoth	Myrthos	2	ELYTH	protetor de ninho	60	18	14	36	22	floresta	som
WRL_MON_0353	Temple de Pedra Djinn	Myrthos	7	PRIMAL	caçador de matilha	136	42	33	97	70	floresta	trevas
WRL_MON_0355	Serpent Antigo Salamander	Myrthos	0	PRIMAL	inteligente e cauteloso	30	5	6	12	9	templo	vento
WRL_MON_0357	Lantern Tempestuoso Imp	Myrthos	0	PRIMAL	emboscador	27	5	6	10	11	templo	vento
WRL_MON_0359	Serpent de Névoa Revenant	Myrthos	3	MANA	errante	81	21	17	47	32	jardim	veneno
WRL_MON_0361	Silk de Sol Bear	Myrthos	6	NONE	protetor de ninho	116	37	31	82	60	floresta	som
WRL_MON_0363	Crane Venenoso Wyvern	Myrthos	1	NONE	territorial	50	12	9	26	17	floresta	veneno
WRL_MON_0365	Lantern de Trovão Golem	Myrthos	5	NONE	caçador de matilha	112	32	27	75	57	templo	água
WRL_MON_0367	Spirit Jovem Minotaur	Myrthos	6	ELYTH	gregário	126	35	28	86	58	floresta	luz
WRL_MON_0369	Lantern Tempestuoso Chimera	Myrthos	3	ELYTH	predador noturno	79	21	18	44	37	montanha	trevas
WRL_MON_0371	Crane Luminoso Demon	Myrthos	2	ELYTH	emboscador	58	18	11	35	22	jardim	água
WRL_MON_0373	Silk de Pedra Drake	Myrthos	5	VELLUM	territorial	102	31	25	72	50	templo	vento
WRL_MON_0375	Fox Tempestuoso Lich	Myrthos	5	MANA	errante	101	31	24	74	53	jardim	luz
WRL_MON_0377	Temple Primal Imp	Myrthos	4	PRIMAL	caçador de matilha	83	26	19	64	41	jardim	fogo
WRL_MON_0379	Crane Voraz Ogre	Myrthos	5	ELYTH	protetor de ninho	96	30	27	71	55	montanha	fogo
WRL_MON_0381	Moon de Areia Toad	Myrthos	7	NONE	solitário	133	39	32	100	71	templo	luz
WRL_MON_0383	Lotus Real Harpy	Myrthos	2	MANA	errante	56	17	12	33	26	jardim	som
WRL_MON_0385	Serpent Antigo Boar	Myrthos	4	VELLUM	predador noturno	82	27	19	58	46	montanha	vento
WRL_MON_0387	Crane de Sangue Rakshasa	Myrthos	8	VELLUM	predador noturno	158	44	38	111	83	montanha	vento
WRL_MON_0389	Silk Abissal Stag	Myrthos	6	ELYTH	territorial	118	36	30	84	62	templo	som
WRL_MON_0391	Moon de Névoa Dryad	Myrthos	2	MANA	inteligente e cauteloso	55	15	14	33	24	floresta	veneno
WRL_MON_0393	Lantern Cristalino Nightmare	Myrthos	1	NONE	errante	46	10	10	27	13	jardim	trevas
WRL_MON_0395	Temple Primal Dryad	Myrthos	2	ELYTH	errante	57	18	12	40	25	jardim	gelo
WRL_MON_0397	Mist Feral Drake	Myrthos	7	MANA	solitário	137	44	35	95	67	templo	som
WRL_MON_0399	Koi Sombrio Toad	Myrthos	0	MANA	predador noturno	19	9	6	15	8	jardim	som
WRL_MON_0401	Silk de Cinzas Hydra	Myrthos	4	VELLUM	caçador de matilha	94	27	20	56	49	templo	som
WRL_MON_0403	Jade Feral Dryad	Myrthos	1	NONE	caçador de matilha	34	9	10	25	16	montanha	trevas
WRL_MON_0405	Crane Alado Colossus	Myrthos	1	MANA	inteligente e cauteloso	32	10	8	23	21	jardim	vento
WRL_MON_0407	Dragon Alado Hydra	Myrthos	3	NONE	solitário	79	19	15	45	34	templo	fogo
WRL_MON_0409	Lotus Guardião Leviathan	Myrthos	0	PRIMAL	solitário	33	5	4	11	10	montanha	água
WRL_MON_0411	Bamboo de Gelo Wraith	Myrthos	5	MANA	predador noturno	108	30	24	73	58	jardim	terra
WRL_MON_0413	Silk Venenoso Bat	Myrthos	0	PRIMAL	gregário	30	9	6	15	10	floresta	veneno
WRL_MON_0415	Temple Antigo Rat	Myrthos	1	PRIMAL	predador noturno	34	9	11	21	22	jardim	trevas
WRL_MON_0417	Lantern de Espinhos Golem	Myrthos	2	VELLUM	protetor de ninho	53	18	15	32	28	montanha	veneno
WRL_MON_0419	Mist de Sangue Gryphon	Myrthos	6	ELYTH	gregário	126	39	30	83	66	floresta	água
WRL_MON_0421	Dragon Pequeno Minotaur	Myrthos	1	MANA	emboscador	43	11	9	25	15	jardim	trevas
WRL_MON_0423	Fox Corrompido Mimic	Myrthos	0	ELYTH	gregário	22	7	7	11	10	jardim	fogo
WRL_MON_0425	Moon Flamejante Golem	Myrthos	2	PRIMAL	solitário	50	19	12	38	28	jardim	som
WRL_MON_0427	Mist Sagrado Roc	Myrthos	0	ELYTH	territorial	28	5	7	15	14	templo	veneno
WRL_MON_0429	Moon Venenoso Minotaur	Myrthos	3	NONE	inteligente e cauteloso	67	23	19	50	36	montanha	terra
WRL_MON_0431	Serpent Luminoso Wraith	Myrthos	9	ELYTH	emboscador	160	52	39	124	86	jardim	som
WRL_MON_0433	Serpent Venenoso Revenant	Myrthos	3	ELYTH	solitário	68	24	18	48	31	floresta	som
WRL_MON_0435	Mist Silvestre Titan	Myrthos	9	VELLUM	emboscador	171	53	42	116	85	montanha	som
WRL_MON_0437	Fox Sombrio Demon	Myrthos	0	NONE	gregário	24	9	3	15	8	jardim	gelo
WRL_MON_0439	Fox Pequeno Colossus	Myrthos	2	MANA	emboscador	59	19	12	35	27	jardim	som
WRL_MON_0441	Koi Cristalino Griffin	Myrthos	1	NONE	errante	47	14	7	20	14	templo	som
WRL_MON_0443	Silk de Lua Mooncalf	Myrthos	1	MANA	territorial	45	10	7	25	20	floresta	eletricidade
WRL_MON_0445	Lantern Alado Griffin	Myrthos	7	MANA	territorial	132	43	34	98	69	floresta	trevas
WRL_MON_0447	Lantern Feral Slime	Myrthos	0	NONE	caçador de matilha	30	5	7	11	6	montanha	luz
WRL_MON_0449	Lantern de Névoa Goblin	Myrthos	1	MANA	emboscador	33	14	9	27	21	templo	fogo
WRL_MON_0451	Lantern Corrompido Griffin	Myrthos	2	ELYTH	gregário	55	19	13	37	31	jardim	água
WRL_MON_0453	Koi Antigo Boar	Myrthos	0	ELYTH	territorial	27	9	6	14	13	montanha	água
WRL_MON_0455	Lotus Voraz Minotaur	Myrthos	1	ELYTH	errante	39	9	9	23	13	montanha	eletricidade
WRL_MON_0457	Silk Caçador Golem	Myrthos	9	PRIMAL	territorial	177	52	43	123	93	floresta	eletricidade
WRL_MON_0459	Serpent Abissal Harpy	Myrthos	3	NONE	caçador de matilha	80	22	15	48	33	templo	água
WRL_MON_0461	Lantern Pequeno Mantis	Myrthos	9	PRIMAL	protetor de ninho	169	51	41	121	85	templo	som
WRL_MON_0463	Bamboo de Sol Minotaur	Myrthos	6	VELLUM	gregário	119	39	29	86	60	templo	terra
WRL_MON_0465	Jade Rúnico Colossus	Myrthos	4	VELLUM	gregário	89	28	23	57	41	floresta	eletricidade
WRL_MON_0467	Mist Ancestral Mantis	Myrthos	8	MANA	solitário	162	47	38	108	76	templo	som
WRL_MON_0469	Bamboo de Sangue Revenant	Myrthos	2	PRIMAL	errante	62	16	13	37	29	jardim	veneno
WRL_MON_0471	Crane Antigo Spider	Myrthos	2	ELYTH	protetor de ninho	63	14	13	36	23	floresta	gelo
WRL_MON_0473	Serpent Maior Naga	Myrthos	6	NONE	errante	119	38	29	85	58	montanha	eletricidade
WRL_MON_0475	Moon Jovem Toad	Myrthos	1	MANA	protetor de ninho	45	9	8	24	23	montanha	trevas
WRL_MON_0477	Lantern de Sol Mantis	Myrthos	1	NONE	solitário	32	9	9	26	20	jardim	gelo
WRL_MON_0479	Lotus Alado Manticores	Myrthos	0	VELLUM	caçador de matilha	17	4	7	16	10	templo	fogo
WRL_MON_0481	Silk de Ferro Titan	Myrthos	0	ELYTH	gregário	21	9	3	10	13	jardim	gelo
WRL_MON_0483	Jade Sagrado Titan	Myrthos	3	ELYTH	gregário	74	20	16	51	35	templo	gelo
WRL_MON_0485	Spirit Flamejante Wyvern	Myrthos	0	MANA	solitário	33	6	4	10	8	montanha	som
WRL_MON_0487	Jade de Maré Bat	Myrthos	8	PRIMAL	protetor de ninho	148	49	37	108	83	jardim	fogo
WRL_MON_0489	Spirit Corrompido Lynx	Myrthos	5	NONE	protetor de ninho	109	30	26	74	57	jardim	gelo
WRL_MON_0491	Lotus Venenoso Sprite	Myrthos	1	MANA	errante	48	10	8	23	17	montanha	gelo
WRL_MON_0493	Lotus Tempestuoso Serpent	Myrthos	7	ELYTH	territorial	146	43	34	96	75	montanha	som
WRL_MON_0495	Koi de Espinhos Minotaur	Myrthos	5	PRIMAL	protetor de ninho	98	30	23	75	57	templo	vento
WRL_MON_0497	Crane Feral Wyrm	Myrthos	5	ELYTH	gregário	104	30	23	75	58	jardim	terra
WRL_MON_0499	Mist Voraz Lynx	Myrthos	3	ELYTH	territorial	75	22	17	51	33	montanha	gelo
WRL_MON_0501	Temple Tempestuoso Demon	Myrthos	0	PRIMAL	gregário	23	5	3	9	8	floresta	som
WRL_MON_0503	Dragon Tempestuoso Lynx	Myrthos	3	NONE	errante	71	20	16	46	37	montanha	fogo
WRL_MON_0505	Mist Sagrado Revenant	Myrthos	2	PRIMAL	predador noturno	52	16	11	39	25	jardim	gelo
WRL_MON_0507	Koi de Sol Leviathan	Myrthos	4	MANA	caçador de matilha	97	24	19	63	42	jardim	fogo
WRL_MON_0509	Lotus Cristalino Angel	Myrthos	7	VELLUM	territorial	130	43	35	96	71	templo	gelo
WRL_MON_0511	Fox de Espinhos Minotaur	Myrthos	3	VELLUM	errante	67	23	18	52	33	montanha	água
WRL_MON_0513	Temple Devastador Manticores	Myrthos	8	PRIMAL	solitário	149	45	39	109	82	montanha	água
WRL_MON_0515	Lantern de Sangue Rakshasa	Myrthos	1	ELYTH	territorial	32	12	7	28	14	templo	eletricidade
WRL_MON_0517	Mist Cristalino Troll	Myrthos	3	PRIMAL	predador noturno	74	22	18	50	40	floresta	água
WRL_MON_0519	Bamboo Rúnico Mooncalf	Myrthos	2	VELLUM	gregário	66	15	11	38	27	jardim	vento
WRL_MON_0521	Dragon Sombrio Dryad	Myrthos	7	PRIMAL	solitário	136	39	33	92	68	montanha	som
WRL_MON_0523	Silk Abissal Drake	Myrthos	9	PRIMAL	emboscador	161	49	43	123	92	montanha	som
WRL_MON_0525	Lotus Guardião Spider	Myrthos	7	MANA	protetor de ninho	134	43	34	100	73	templo	veneno
WRL_MON_0527	Jade Tempestuoso Specter	Myrthos	3	VELLUM	caçador de matilha	64	20	18	48	41	montanha	gelo
WRL_MON_0529	Moon de Sol Drake	Myrthos	2	NONE	territorial	62	15	13	38	28	templo	gelo
WRL_MON_0531	Serpent Corrompido Unicorn	Myrthos	5	VELLUM	inteligente e cauteloso	102	34	23	70	53	jardim	som
WRL_MON_0533	Mist de Raiz Crow	Myrthos	0	PRIMAL	caçador de matilha	22	7	4	14	9	floresta	vento
WRL_MON_0535	Dragon de Lua Salamander	Myrthos	1	VELLUM	emboscador	41	10	9	20	22	templo	água
WRL_MON_0537	Mist de Cinzas Direhound	Myrthos	1	PRIMAL	errante	46	13	8	28	18	montanha	gelo
WRL_MON_0539	Lantern Alado Rat	Myrthos	1	NONE	predador noturno	50	12	9	27	20	montanha	terra
WRL_MON_0541	Dragon Feral Boar	Myrthos	0	ELYTH	solitário	17	8	7	10	11	floresta	terra
