id	natureId	nature	name	category	tier	description	status
ELY_0001	1	Pyron	Golpe Pyron	Ataque	1	Conceito jogável associado à natureza Pyron, focado em fogo. Efeito numérico é balanceamento de jogo.	GAME_PROPOSAL
ELY_0002	1	Pyron	Lança Pyron	Ataque	2	Conceito jogável associado à natureza Pyron, focado em fogo. Efeito numérico é balanceamento de jogo.	GAME_PROPOSAL
ELY_0003	1	Pyron	Onda Pyron	Ataque	3	Conceito jogável associado à natureza Pyron, focado em fogo. Efeito numérico é balanceamento de jogo.	GAME_PROPOSAL
ELY_0004	1	Pyron	Muralha Pyron	Defesa	4	Conceito jogável associado à natureza Pyron, focado em fogo. Efeito numérico é balanceamento de jogo.	GAME_PROPOSAL
ELY_0005	1	Pyron	Manto Pyron	Defesa	5	Conceito jogável associado à natureza Pyron, focado em fogo. Efeito numérico é balanceamento de jogo.	GAME_PROPOSAL
ELY_0006	1	Pyron	Passo Pyron	Mobilidade	6	Conceito jogável associado à natureza Pyron, focado em fogo. Efeito numérico é balanceamento de jogo.	GAME_PROPOSAL
ELY_0007	1	Pyron	Salto Pyron	Mobilidade	7	Conceito jogável associado à natureza Pyron, focado em fogo. Efeito numérico é balanceamento de jogo.	GAME_PROPOSAL
ELY_0008	1	Pyron	Laço Pyron	Controle	1	Conceito jogável associado à natureza Pyron, focado em fogo. Efeito numérico é balanceamento de jogo.	GAME_PROPOSAL
ELY_0009	1	Pyron	Prisão Pyron	Controle	2	Conceito jogável associado à natureza Pyron, focado em fogo. Efeito numérico é balanceamento de jogo.	GAME_PROPOSAL
ELY_0010	1	Pyron	Pulso Pyron	Ataque	3	Conceito jogável associado à natureza Pyron, focado em fogo. Efeito numérico é balanceamento de jogo.	GAME_PROPOSAL
ELY_0011	1	Pyron	Campo Pyron	Controle	4	Conceito jogável associado à natureza Pyron, focado em fogo. Efeito numérico é balanceamento de jogo.	GAME_PROPOSAL
ELY_0012	1	Pyron	Reflexo Pyron	Passiva	5	Conceito jogável associado à natureza Pyron, focado em fogo. Efeito numérico é balanceamento de jogo.	GAME_PROPOSAL
ELY_0013	1	Pyron	Instinto Pyron	Passiva	6	Conceito jogável associado à natureza Pyron, focado em fogo. Efeito numérico é balanceamento de jogo.	GAME_PROPOSAL
ELY_0014	1	Pyron	Canal Pyron	Suporte	7	Conceito jogável associado à natureza Pyron, focado em fogo. Efeito numérico é balanceamento de jogo.	GAME_PROPOSAL
ELY_0015	1	Pyron	Regeneração Pyron	Suporte	1	Conceito jogável associado à natureza Pyron, focado em fogo. Efeito numérico é balanceamento de jogo.	GAME_PROPOSAL
ELY_0016	1	Pyron	Forma Pyron	Especial	2	Conceito jogável associado à natureza Pyron, focado em fogo. Efeito numérico é balanceamento de jogo.	GAME_PROPOSAL
ELY_0017	1	Pyron	Ruptura Pyron	Especial	3	Conceito jogável associado à natureza Pyron, focado em fogo. Efeito numérico é balanceamento de jogo.	GAME_PROPOSAL
ELY_0018	1	Pyron	Explosão Pyron	Ataque	4	Conceito jogável associado à natureza Pyron, focado em fogo. Efeito numérico é balanceamento de jogo.	GAME_PROPOSAL
ELY_0019	1	Pyron	Domínio Pyron	Controle	5	Conceito jogável associado à natureza Pyron, focado em fogo. Efeito numérico é balanceamento de jogo.	GAME_PROPOSAL
ELY_0020	1	Pyron	Despertar Pyron	Suprema	6	Conceito jogável associado à natureza Pyron, focado em fogo. Efeito numérico é balanceamento de jogo.	GAME_PROPOSAL
ELY_0021	2	Hydron	Golpe Hydron	Ataque	1	Conceito jogável associado à natureza Hydron, focado em água. Efeito numérico é balanceamento de jogo.	GAME_PROPOSAL
ELY_0022	2	Hydron	Lança Hydron	Ataque	2	Conceito jogável associado à natureza Hydron, focado em água. Efeito numérico é balanceamento de jogo.	GAME_PROPOSAL
ELY_0023	2	Hydron	Onda Hydron	Ataque	3	Conceito jogável associado à natureza Hydron, focado em água. Efeito numérico é balanceamento de jogo.	GAME_PROPOSAL
ELY_0024	2	Hydron	Muralha Hydron	Defesa	4	Conceito jogável associado à natureza Hydron, focado em água. Efeito numérico é balanceamento de jogo.	GAME_PROPOSAL
ELY_0025	2	Hydron	Manto Hydron	Defesa	5	Conceito jogável associado à natureza Hydron, focado em água. Efeito numérico é balanceamento de jogo.	GAME_PROPOSAL
ELY_0026	2	Hydron	Passo Hydron	Mobilidade	6	Conceito jogável associado à natureza Hydron, focado em água. Efeito numérico é balanceamento de jogo.	GAME_PROPOSAL
ELY_0027	2	Hydron	Salto Hydron	Mobilidade	7	Conceito jogável associado à natureza Hydron, focado em água. Efeito numérico é balanceamento de jogo.	GAME_PROPOSAL
ELY_0028	2	Hydron	Laço Hydron	Controle	1	Conceito jogável associado à natureza Hydron, focado em água. Efeito numérico é balanceamento de jogo.	GAME_PROPOSAL
ELY_0029	2	Hydron	Prisão Hydron	Controle	2	Conceito jogável associado à natureza Hydron, focado em água. Efeito numérico é balanceamento de jogo.	GAME_PROPOSAL
ELY_0030	2	Hydron	Pulso Hydron	Ataque	3	Conceito jogável associado à natureza Hydron, focado em água. Efeito numérico é balanceamento de jogo.	GAME_PROPOSAL
ELY_0031	2	Hydron	Campo Hydron	Controle	4	Conceito jogável associado à natureza Hydron, focado em água. Efeito numérico é balanceamento de jogo.	GAME_PROPOSAL
ELY_0032	2	Hydron	Reflexo Hydron	Passiva	5	Conceito jogável associado à natureza Hydron, focado em água. Efeito numérico é balanceamento de jogo.	GAME_PROPOSAL
ELY_0033	2	Hydron	Instinto Hydron	Passiva	6	Conceito jogável associado à natureza Hydron, focado em água. Efeito numérico é balanceamento de jogo.	GAME_PROPOSAL
ELY_0034	2	Hydron	Canal Hydron	Suporte	7	Conceito jogável associado à natureza Hydron, focado em água. Efeito numérico é balanceamento de jogo.	GAME_PROPOSAL
ELY_0035	2	Hydron	Regeneração Hydron	Suporte	1	Conceito jogável associado à natureza Hydron, focado em água. Efeito numérico é balanceamento de jogo.	GAME_PROPOSAL
ELY_0036	2	Hydron	Forma Hydron	Especial	2	Conceito jogável associado à natureza Hydron, focado em água. Efeito numérico é balanceamento de jogo.	GAME_PROPOSAL
ELY_0037	2	Hydron	Ruptura Hydron	Especial	3	Conceito jogável associado à natureza Hydron, focado em água. Efeito numérico é balanceamento de jogo.	GAME_PROPOSAL
ELY_0038	2	Hydron	Explosão Hydron	Ataque	4	Conceito jogável associado à natureza Hydron, focado em água. Efeito numérico é balanceamento de jogo.	GAME_PROPOSAL
ELY_0039	2	Hydron	Domínio Hydron	Controle	5	Conceito jogável associado à natureza Hydron, focado em água. Efeito numérico é balanceamento de jogo.	GAME_PROPOSAL
ELY_0040	2	Hydron	Despertar Hydron	Suprema	6	Conceito jogável associado à natureza Hydron, focado em água. Efeito numérico é balanceamento de jogo.	GAME_PROPOSAL
ELY_0041	3	Sylvan	Golpe Sylvan	Ataque	1	Conceito jogável associado à natureza Sylvan, focado em planta/vento. Efeito numérico é balanceamento de jogo.	GAME_PROPOSAL
ELY_0042	3	Sylvan	Lança Sylvan	Ataque	2	Conceito jogável associado à natureza Sylvan, focado em planta/vento. Efeito numérico é balanceamento de jogo.	GAME_PROPOSAL
ELY_0043	3	Sylvan	Onda Sylvan	Ataque	3	Conceito jogável associado à natureza Sylvan, focado em planta/vento. Efeito numérico é balanceamento de jogo.	GAME_PROPOSAL
ELY_0044	3	Sylvan	Muralha Sylvan	Defesa	4	Conceito jogável associado à natureza Sylvan, focado em planta/vento. Efeito numérico é balanceamento de jogo.	GAME_PROPOSAL
ELY_0045	3	Sylvan	Manto Sylvan	Defesa	5	Conceito jogável associado à natureza Sylvan, focado em planta/vento. Efeito numérico é balanceamento de jogo.	GAME_PROPOSAL
ELY_0046	3	Sylvan	Passo Sylvan	Mobilidade	6	Conceito jogável associado à natureza Sylvan, focado em planta/vento. Efeito numérico é balanceamento de jogo.	GAME_PROPOSAL
ELY_0047	3	Sylvan	Salto Sylvan	Mobilidade	7	Conceito jogável associado à natureza Sylvan, focado em planta/vento. Efeito numérico é balanceamento de jogo.	GAME_PROPOSAL
ELY_0048	3	Sylvan	Laço Sylvan	Controle	1	Conceito jogável associado à natureza Sylvan, focado em planta/vento. Efeito numérico é balanceamento de jogo.	GAME_PROPOSAL
ELY_0049	3	Sylvan	Prisão Sylvan	Controle	2	Conceito jogável associado à natureza Sylvan, focado em planta/vento. Efeito numérico é balanceamento de jogo.	GAME_PROPOSAL
ELY_0050	3	Sylvan	Pulso Sylvan	Ataque	3	Conceito jogável associado à natureza Sylvan, focado em planta/vento. Efeito numérico é balanceamento de jogo.	GAME_PROPOSAL
ELY_0051	3	Sylvan	Campo Sylvan	Controle	4	Conceito jogável associado à natureza Sylvan, focado em planta/vento. Efeito numérico é balanceamento de jogo.	GAME_PROPOSAL
ELY_0052	3	Sylvan	Reflexo Sylvan	Passiva	5	Conceito jogável associado à natureza Sylvan, focado em planta/vento. Efeito numérico é balanceamento de jogo.	GAME_PROPOSAL
ELY_0053	3	Sylvan	Instinto Sylvan	Passiva	6	Conceito jogável associado à natureza Sylvan, focado em planta/vento. Efeito numérico é balanceamento de jogo.	GAME_PROPOSAL
ELY_0054	3	Sylvan	Canal Sylvan	Suporte	7	Conceito jogável associado à natureza Sylvan, focado em planta/vento. Efeito numérico é balanceamento de jogo.	GAME_PROPOSAL
ELY_0055	3	Sylvan	Regeneração Sylvan	Suporte	1	Conceito jogável associado à natureza Sylvan, focado em planta/vento. Efeito numérico é balanceamento de jogo.	GAME_PROPOSAL
ELY_0056	3	Sylvan	Forma Sylvan	Especial	2	Conceito jogável associado à natureza Sylvan, focado em planta/vento. Efeito numérico é balanceamento de jogo.	GAME_PROPOSAL
ELY_0057	3	Sylvan	Ruptura Sylvan	Especial	3	Conceito jogável associado à natureza Sylvan, focado em planta/vento. Efeito numérico é balanceamento de jogo.	GAME_PROPOSAL
ELY_0058	3	Sylvan	Explosão Sylvan	Ataque	4	Conceito jogável associado à natureza Sylvan, focado em planta/vento. Efeito numérico é balanceamento de jogo.	GAME_PROPOSAL
ELY_0059	3	Sylvan	Domínio Sylvan	Controle	5	Conceito jogável associado à natureza Sylvan, focado em planta/vento. Efeito numérico é balanceamento de jogo.	GAME_PROPOSAL
ELY_0060	3	Sylvan	Despertar Sylvan	Suprema	6	Conceito jogável associado à natureza Sylvan, focado em planta/vento. Efeito numérico é balanceamento de jogo.	GAME_PROPOSAL
ELY_0061	4	Terran	Golpe Terran	Ataque	1	Conceito jogável associado à natureza Terran, focado em terra. Efeito numérico é balanceamento de jogo.	GAME_PROPOSAL
ELY_0062	4	Terran	Lança Terran	Ataque	2	Conceito jogável associado à natureza Terran, focado em terra. Efeito numérico é balanceamento de jogo.	GAME_PROPOSAL
ELY_0063	4	Terran	Onda Terran	Ataque	3	Conceito jogável associado à natureza Terran, focado em terra. Efeito numérico é balanceamento de jogo.	GAME_PROPOSAL
ELY_0064	4	Terran	Muralha Terran	Defesa	4	Conceito jogável associado à natureza Terran, focado em terra. Efeito numérico é balanceamento de jogo.	GAME_PROPOSAL
ELY_0065	4	Terran	Manto Terran	Defesa	5	Conceito jogável associado à natureza Terran, focado em terra. Efeito numérico é balanceamento de jogo.	GAME_PROPOSAL
ELY_0066	4	Terran	Passo Terran	Mobilidade	6	Conceito jogável associado à natureza Terran, focado em terra. Efeito numérico é balanceamento de jogo.	GAME_PROPOSAL
ELY_0067	4	Terran	Salto Terran	Mobilidade	7	Conceito jogável associado à natureza Terran, focado em terra. Efeito numérico é balanceamento de jogo.	GAME_PROPOSAL
ELY_0068	4	Terran	Laço Terran	Controle	1	Conceito jogável associado à natureza Terran, focado em terra. Efeito numérico é balanceamento de jogo.	GAME_PROPOSAL
ELY_0069	4	Terran	Prisão Terran	Controle	2	Conceito jogável associado à natureza Terran, focado em terra. Efeito numérico é balanceamento de jogo.	GAME_PROPOSAL
ELY_0070	4	Terran	Pulso Terran	Ataque	3	Conceito jogável associado à natureza Terran, focado em terra. Efeito numérico é balanceamento de jogo.	GAME_PROPOSAL
ELY_0071	4	Terran	Campo Terran	Controle	4	Conceito jogável associado à natureza Terran, focado em terra. Efeito numérico é balanceamento de jogo.	GAME_PROPOSAL
ELY_0072	4	Terran	Reflexo Terran	Passiva	5	Conceito jogável associado à natureza Terran, focado em terra. Efeito numérico é balanceamento de jogo.	GAME_PROPOSAL
ELY_0073	4	Terran	Instinto Terran	Passiva	6	Conceito jogável associado à natureza Terran, focado em terra. Efeito numérico é balanceamento de jogo.	GAME_PROPOSAL
ELY_0074	4	Terran	Canal Terran	Suporte	7	Conceito jogável associado à natureza Terran, focado em terra. Efeito numérico é balanceamento de jogo.	GAME_PROPOSAL
ELY_0075	4	Terran	Regeneração Terran	Suporte	1	Conceito jogável associado à natureza Terran, focado em terra. Efeito numérico é balanceamento de jogo.	GAME_PROPOSAL
ELY_0076	4	Terran	Forma Terran	Especial	2	Conceito jogável associado à natureza Terran, focado em terra. Efeito numérico é balanceamento de jogo.	GAME_PROPOSAL
ELY_0077	4	Terran	Ruptura Terran	Especial	3	Conceito jogável associado à natureza Terran, focado em terra. Efeito numérico é balanceamento de jogo.	GAME_PROPOSAL
ELY_0078	4	Terran	Explosão Terran	Ataque	4	Conceito jogável associado à natureza Terran, focado em terra. Efeito numérico é balanceamento de jogo.	GAME_PROPOSAL
ELY_0079	4	Terran	Domínio Terran	Controle	5	Conceito jogável associado à natureza Terran, focado em terra. Efeito numérico é balanceamento de jogo.	GAME_PROPOSAL
ELY_0080	4	Terran	Despertar Terran	Suprema	6	Conceito jogável associado à natureza Terran, focado em terra. Efeito numérico é balanceamento de jogo.	GAME_PROPOSAL
ELY_0081	5	Lumin	Golpe Lumin	Ataque	1	Conceito jogável associado à natureza Lumin, focado em luz. Efeito numérico é balanceamento de jogo.	GAME_PROPOSAL
ELY_0082	5	Lumin	Lança Lumin	Ataque	2	Conceito jogável associado à natureza Lumin, focado em luz. Efeito numérico é balanceamento de jogo.	GAME_PROPOSAL
ELY_0083	5	Lumin	Onda Lumin	Ataque	3	Conceito jogável associado à natureza Lumin, focado em luz. Efeito numérico é balanceamento de jogo.	GAME_PROPOSAL
ELY_0084	5	Lumin	Muralha Lumin	Defesa	4	Conceito jogável associado à natureza Lumin, focado em luz. Efeito numérico é balanceamento de jogo.	GAME_PROPOSAL
ELY_0085	5	Lumin	Manto Lumin	Defesa	5	Conceito jogável associado à natureza Lumin, focado em luz. Efeito numérico é balanceamento de jogo.	GAME_PROPOSAL
ELY_0086	5	Lumin	Passo Lumin	Mobilidade	6	Conceito jogável associado à natureza Lumin, focado em luz. Efeito numérico é balanceamento de jogo.	GAME_PROPOSAL
ELY_0087	5	Lumin	Salto Lumin	Mobilidade	7	Conceito jogável associado à natureza Lumin, focado em luz. Efeito numérico é balanceamento de jogo.	GAME_PROPOSAL
ELY_0088	5	Lumin	Laço Lumin	Controle	1	Conceito jogável associado à natureza Lumin, focado em luz. Efeito numérico é balanceamento de jogo.	GAME_PROPOSAL
ELY_0089	5	Lumin	Prisão Lumin	Controle	2	Conceito jogável associado à natureza Lumin, focado em luz. Efeito numérico é balanceamento de jogo.	GAME_PROPOSAL
ELY_0090	5	Lumin	Pulso Lumin	Ataque	3	Conceito jogável associado à natureza Lumin, focado em luz. Efeito numérico é balanceamento de jogo.	GAME_PROPOSAL
ELY_0091	5	Lumin	Campo Lumin	Controle	4	Conceito jogável associado à natureza Lumin, focado em luz. Efeito numérico é balanceamento de jogo.	GAME_PROPOSAL
ELY_0092	5	Lumin	Reflexo Lumin	Passiva	5	Conceito jogável associado à natureza Lumin, focado em luz. Efeito numérico é balanceamento de jogo.	GAME_PROPOSAL
ELY_0093	5	Lumin	Instinto Lumin	Passiva	6	Conceito jogável associado à natureza Lumin, focado em luz. Efeito numérico é balanceamento de jogo.	GAME_PROPOSAL
ELY_0094	5	Lumin	Canal Lumin	Suporte	7	Conceito jogável associado à natureza Lumin, focado em luz. Efeito numérico é balanceamento de jogo.	GAME_PROPOSAL
ELY_0095	5	Lumin	Regeneração Lumin	Suporte	1	Conceito jogável associado à natureza Lumin, focado em luz. Efeito numérico é balanceamento de jogo.	GAME_PROPOSAL
ELY_0096	5	Lumin	Forma Lumin	Especial	2	Conceito jogável associado à natureza Lumin, focado em luz. Efeito numérico é balanceamento de jogo.	GAME_PROPOSAL
ELY_0097	5	Lumin	Ruptura Lumin	Especial	3	Conceito jogável associado à natureza Lumin, focado em luz. Efeito numérico é balanceamento de jogo.	GAME_PROPOSAL
ELY_0098	5	Lumin	Explosão Lumin	Ataque	4	Conceito jogável associado à natureza Lumin, focado em luz. Efeito numérico é balanceamento de jogo.	GAME_PROPOSAL
ELY_0099	5	Lumin	Domínio Lumin	Controle	5	Conceito jogável associado à natureza Lumin, focado em luz. Efeito numérico é balanceamento de jogo.	GAME_PROPOSAL
ELY_0100	5	Lumin	Despertar Lumin	Suprema	6	Conceito jogável associado à natureza Lumin, focado em luz. Efeito numérico é balanceamento de jogo.	GAME_PROPOSAL
ELY_0101	6	Umbra	Golpe Umbra	Ataque	1	Conceito jogável associado à natureza Umbra, focado em sombra. Efeito numérico é balanceamento de jogo.	GAME_PROPOSAL
ELY_0102	6	Umbra	Lança Umbra	Ataque	2	Conceito jogável associado à natureza Umbra, focado em sombra. Efeito numérico é balanceamento de jogo.	GAME_PROPOSAL
ELY_0103	6	Umbra	Onda Umbra	Ataque	3	Conceito jogável associado à natureza Umbra, focado em sombra. Efeito numérico é balanceamento de jogo.	GAME_PROPOSAL
ELY_0104	6	Umbra	Muralha Umbra	Defesa	4	Conceito jogável associado à natureza Umbra, focado em sombra. Efeito numérico é balanceamento de jogo.	GAME_PROPOSAL
ELY_0105	6	Umbra	Manto Umbra	Defesa	5	Conceito jogável associado à natureza Umbra, focado em sombra. Efeito numérico é balanceamento de jogo.	GAME_PROPOSAL
ELY_0106	6	Umbra	Passo Umbra	Mobilidade	6	Conceito jogável associado à natureza Umbra, focado em sombra. Efeito numérico é balanceamento de jogo.	GAME_PROPOSAL
ELY_0107	6	Umbra	Salto Umbra	Mobilidade	7	Conceito jogável associado à natureza Umbra, focado em sombra. Efeito numérico é balanceamento de jogo.	GAME_PROPOSAL
ELY_0108	6	Umbra	Laço Umbra	Controle	1	Conceito jogável associado à natureza Umbra, focado em sombra. Efeito numérico é balanceamento de jogo.	GAME_PROPOSAL
ELY_0109	6	Umbra	Prisão Umbra	Controle	2	Conceito jogável associado à natureza Umbra, focado em sombra. Efeito numérico é balanceamento de jogo.	GAME_PROPOSAL
ELY_0110	6	Umbra	Pulso Umbra	Ataque	3	Conceito jogável associado à natureza Umbra, focado em sombra. Efeito numérico é balanceamento de jogo.	GAME_PROPOSAL
ELY_0111	6	Umbra	Campo Umbra	Controle	4	Conceito jogável associado à natureza Umbra, focado em sombra. Efeito numérico é balanceamento de jogo.	GAME_PROPOSAL
ELY_0112	6	Umbra	Reflexo Umbra	Passiva	5	Conceito jogável associado à natureza Umbra, focado em sombra. Efeito numérico é balanceamento de jogo.	GAME_PROPOSAL
ELY_0113	6	Umbra	Instinto Umbra	Passiva	6	Conceito jogável associado à natureza Umbra, focado em sombra. Efeito numérico é balanceamento de jogo.	GAME_PROPOSAL
ELY_0114	6	Umbra	Canal Umbra	Suporte	7	Conceito jogável associado à natureza Umbra, focado em sombra. Efeito numérico é balanceamento de jogo.	GAME_PROPOSAL
ELY_0115	6	Umbra	Regeneração Umbra	Suporte	1	Conceito jogável associado à natureza Umbra, focado em sombra. Efeito numérico é balanceamento de jogo.	GAME_PROPOSAL
ELY_0116	6	Umbra	Forma Umbra	Especial	2	Conceito jogável associado à natureza Umbra, focado em sombra. Efeito numérico é balanceamento de jogo.	GAME_PROPOSAL
ELY_0117	6	Umbra	Ruptura Umbra	Especial	3	Conceito jogável associado à natureza Umbra, focado em sombra. Efeito numérico é balanceamento de jogo.	GAME_PROPOSAL
ELY_0118	6	Umbra	Explosão Umbra	Ataque	4	Conceito jogável associado à natureza Umbra, focado em sombra. Efeito numérico é balanceamento de jogo.	GAME_PROPOSAL
ELY_0119	6	Umbra	Domínio Umbra	Controle	5	Conceito jogável associado à natureza Umbra, focado em sombra. Efeito numérico é balanceamento de jogo.	GAME_PROPOSAL
ELY_0120	6	Umbra	Despertar Umbra	Suprema	6	Conceito jogável associado à natureza Umbra, focado em sombra. Efeito numérico é balanceamento de jogo.	GAME_PROPOSAL
ELY_0121	7	Volt	Golpe Volt	Ataque	1	Conceito jogável associado à natureza Volt, focado em eletricidade. Efeito numérico é balanceamento de jogo.	GAME_PROPOSAL
ELY_0122	7	Volt	Lança Volt	Ataque	2	Conceito jogável associado à natureza Volt, focado em eletricidade. Efeito numérico é balanceamento de jogo.	GAME_PROPOSAL
ELY_0123	7	Volt	Onda Volt	Ataque	3	Conceito jogável associado à natureza Volt, focado em eletricidade. Efeito numérico é balanceamento de jogo.	GAME_PROPOSAL
ELY_0124	7	Volt	Muralha Volt	Defesa	4	Conceito jogável associado à natureza Volt, focado em eletricidade. Efeito numérico é balanceamento de jogo.	GAME_PROPOSAL
ELY_0125	7	Volt	Manto Volt	Defesa	5	Conceito jogável associado à natureza Volt, focado em eletricidade. Efeito numérico é balanceamento de jogo.	GAME_PROPOSAL
ELY_0126	7	Volt	Passo Volt	Mobilidade	6	Conceito jogável associado à natureza Volt, focado em eletricidade. Efeito numérico é balanceamento de jogo.	GAME_PROPOSAL
ELY_0127	7	Volt	Salto Volt	Mobilidade	7	Conceito jogável associado à natureza Volt, focado em eletricidade. Efeito numérico é balanceamento de jogo.	GAME_PROPOSAL
ELY_0128	7	Volt	Laço Volt	Controle	1	Conceito jogável associado à natureza Volt, focado em eletricidade. Efeito numérico é balanceamento de jogo.	GAME_PROPOSAL
ELY_0129	7	Volt	Prisão Volt	Controle	2	Conceito jogável associado à natureza Volt, focado em eletricidade. Efeito numérico é balanceamento de jogo.	GAME_PROPOSAL
ELY_0130	7	Volt	Pulso Volt	Ataque	3	Conceito jogável associado à natureza Volt, focado em eletricidade. Efeito numérico é balanceamento de jogo.	GAME_PROPOSAL
ELY_0131	7	Volt	Campo Volt	Controle	4	Conceito jogável associado à natureza Volt, focado em eletricidade. Efeito numérico é balanceamento de jogo.	GAME_PROPOSAL
ELY_0132	7	Volt	Reflexo Volt	Passiva	5	Conceito jogável associado à natureza Volt, focado em eletricidade. Efeito numérico é balanceamento de jogo.	GAME_PROPOSAL
ELY_0133	7	Volt	Instinto Volt	Passiva	6	Conceito jogável associado à natureza Volt, focado em eletricidade. Efeito numérico é balanceamento de jogo.	GAME_PROPOSAL
ELY_0134	7	Volt	Canal Volt	Suporte	7	Conceito jogável associado à natureza Volt, focado em eletricidade. Efeito numérico é balanceamento de jogo.	GAME_PROPOSAL
ELY_0135	7	Volt	Regeneração Volt	Suporte	1	Conceito jogável associado à natureza Volt, focado em eletricidade. Efeito numérico é balanceamento de jogo.	GAME_PROPOSAL
ELY_0136	7	Volt	Forma Volt	Especial	2	Conceito jogável associado à natureza Volt, focado em eletricidade. Efeito numérico é balanceamento de jogo.	GAME_PROPOSAL
ELY_0137	7	Volt	Ruptura Volt	Especial	3	Conceito jogável associado à natureza Volt, focado em eletricidade. Efeito numérico é balanceamento de jogo.	GAME_PROPOSAL
ELY_0138	7	Volt	Explosão Volt	Ataque	4	Conceito jogável associado à natureza Volt, focado em eletricidade. Efeito numérico é balanceamento de jogo.	GAME_PROPOSAL
ELY_0139	7	Volt	Domínio Volt	Controle	5	Conceito jogável associado à natureza Volt, focado em eletricidade. Efeito numérico é balanceamento de jogo.	GAME_PROPOSAL
ELY_0140	7	Volt	Despertar Volt	Suprema	6	Conceito jogável associado à natureza Volt, focado em eletricidade. Efeito numérico é balanceamento de jogo.	GAME_PROPOSAL
ELY_0141	8	Ferron	Golpe Ferron	Ataque	1	Conceito jogável associado à natureza Ferron, focado em metal. Efeito numérico é balanceamento de jogo.	GAME_PROPOSAL
ELY_0142	8	Ferron	Lança Ferron	Ataque	2	Conceito jogável associado à natureza Ferron, focado em metal. Efeito numérico é balanceamento de jogo.	GAME_PROPOSAL
ELY_0143	8	Ferron	Onda Ferron	Ataque	3	Conceito jogável associado à natureza Ferron, focado em metal. Efeito numérico é balanceamento de jogo.	GAME_PROPOSAL
ELY_0144	8	Ferron	Muralha Ferron	Defesa	4	Conceito jogável associado à natureza Ferron, focado em metal. Efeito numérico é balanceamento de jogo.	GAME_PROPOSAL
ELY_0145	8	Ferron	Manto Ferron	Defesa	5	Conceito jogável associado à natureza Ferron, focado em metal. Efeito numérico é balanceamento de jogo.	GAME_PROPOSAL
ELY_0146	8	Ferron	Passo Ferron	Mobilidade	6	Conceito jogável associado à natureza Ferron, focado em metal. Efeito numérico é balanceamento de jogo.	GAME_PROPOSAL
ELY_0147	8	Ferron	Salto Ferron	Mobilidade	7	Conceito jogável associado à natureza Ferron, focado em metal. Efeito numérico é balanceamento de jogo.	GAME_PROPOSAL
ELY_0148	8	Ferron	Laço Ferron	Controle	1	Conceito jogável associado à natureza Ferron, focado em metal. Efeito numérico é balanceamento de jogo.	GAME_PROPOSAL
ELY_0149	8	Ferron	Prisão Ferron	Controle	2	Conceito jogável associado à natureza Ferron, focado em metal. Efeito numérico é balanceamento de jogo.	GAME_PROPOSAL
ELY_0150	8	Ferron	Pulso Ferron	Ataque	3	Conceito jogável associado à natureza Ferron, focado em metal. Efeito numérico é balanceamento de jogo.	GAME_PROPOSAL
ELY_0151	8	Ferron	Campo Ferron	Controle	4	Conceito jogável associado à natureza Ferron, focado em metal. Efeito numérico é balanceamento de jogo.	GAME_PROPOSAL
ELY_0152	8	Ferron	Reflexo Ferron	Passiva	5	Conceito jogável associado à natureza Ferron, focado em metal. Efeito numérico é balanceamento de jogo.	GAME_PROPOSAL
ELY_0153	8	Ferron	Instinto Ferron	Passiva	6	Conceito jogável associado à natureza Ferron, focado em metal. Efeito numérico é balanceamento de jogo.	GAME_PROPOSAL
ELY_0154	8	Ferron	Canal Ferron	Suporte	7	Conceito jogável associado à natureza Ferron, focado em metal. Efeito numérico é balanceamento de jogo.	GAME_PROPOSAL
ELY_0155	8	Ferron	Regeneração Ferron	Suporte	1	Conceito jogável associado à natureza Ferron, focado em metal. Efeito numérico é balanceamento de jogo.	GAME_PROPOSAL
ELY_0156	8	Ferron	Forma Ferron	Especial	2	Conceito jogável associado à natureza Ferron, focado em metal. Efeito numérico é balanceamento de jogo.	GAME_PROPOSAL
ELY_0157	8	Ferron	Ruptura Ferron	Especial	3	Conceito jogável associado à natureza Ferron, focado em metal. Efeito numérico é balanceamento de jogo.	GAME_PROPOSAL
ELY_0158	8	Ferron	Explosão Ferron	Ataque	4	Conceito jogável associado à natureza Ferron, focado em metal. Efeito numérico é balanceamento de jogo.	GAME_PROPOSAL
ELY_0159	8	Ferron	Domínio Ferron	Controle	5	Conceito jogável associado à natureza Ferron, focado em metal. Efeito numérico é balanceamento de jogo.	GAME_PROPOSAL
ELY_0160	8	Ferron	Despertar Ferron	Suprema	6	Conceito jogável associado à natureza Ferron, focado em metal. Efeito numérico é balanceamento de jogo.	GAME_PROPOSAL
ELY_0161	9	Arbor	Golpe Arbor	Ataque	1	Conceito jogável associado à natureza Arbor, focado em madeira. Efeito numérico é balanceamento de jogo.	GAME_PROPOSAL
ELY_0162	9	Arbor	Lança Arbor	Ataque	2	Conceito jogável associado à natureza Arbor, focado em madeira. Efeito numérico é balanceamento de jogo.	GAME_PROPOSAL
ELY_0163	9	Arbor	Onda Arbor	Ataque	3	Conceito jogável associado à natureza Arbor, focado em madeira. Efeito numérico é balanceamento de jogo.	GAME_PROPOSAL
ELY_0164	9	Arbor	Muralha Arbor	Defesa	4	Conceito jogável associado à natureza Arbor, focado em madeira. Efeito numérico é balanceamento de jogo.	GAME_PROPOSAL
ELY_0165	9	Arbor	Manto Arbor	Defesa	5	Conceito jogável associado à natureza Arbor, focado em madeira. Efeito numérico é balanceamento de jogo.	GAME_PROPOSAL
ELY_0166	9	Arbor	Passo Arbor	Mobilidade	6	Conceito jogável associado à natureza Arbor, focado em madeira. Efeito numérico é balanceamento de jogo.	GAME_PROPOSAL
ELY_0167	9	Arbor	Salto Arbor	Mobilidade	7	Conceito jogável associado à natureza Arbor, focado em madeira. Efeito numérico é balanceamento de jogo.	GAME_PROPOSAL
ELY_0168	9	Arbor	Laço Arbor	Controle	1	Conceito jogável associado à natureza Arbor, focado em madeira. Efeito numérico é balanceamento de jogo.	GAME_PROPOSAL
ELY_0169	9	Arbor	Prisão Arbor	Controle	2	Conceito jogável associado à natureza Arbor, focado em madeira. Efeito numérico é balanceamento de jogo.	GAME_PROPOSAL
ELY_0170	9	Arbor	Pulso Arbor	Ataque	3	Conceito jogável associado à natureza Arbor, focado em madeira. Efeito numérico é balanceamento de jogo.	GAME_PROPOSAL
ELY_0171	9	Arbor	Campo Arbor	Controle	4	Conceito jogável associado à natureza Arbor, focado em madeira. Efeito numérico é balanceamento de jogo.	GAME_PROPOSAL
ELY_0172	9	Arbor	Reflexo Arbor	Passiva	5	Conceito jogável associado à natureza Arbor, focado em madeira. Efeito numérico é balanceamento de jogo.	GAME_PROPOSAL
ELY_0173	9	Arbor	Instinto Arbor	Passiva	6	Conceito jogável associado à natureza Arbor, focado em madeira. Efeito numérico é balanceamento de jogo.	GAME_PROPOSAL
ELY_0174	9	Arbor	Canal Arbor	Suporte	7	Conceito jogável associado à natureza Arbor, focado em madeira. Efeito numérico é balanceamento de jogo.	GAME_PROPOSAL
ELY_0175	9	Arbor	Regeneração Arbor	Suporte	1	Conceito jogável associado à natureza Arbor, focado em madeira. Efeito numérico é balanceamento de jogo.	GAME_PROPOSAL
ELY_0176	9	Arbor	Forma Arbor	Especial	2	Conceito jogável associado à natureza Arbor, focado em madeira. Efeito numérico é balanceamento de jogo.	GAME_PROPOSAL
ELY_0177	9	Arbor	Ruptura Arbor	Especial	3	Conceito jogável associado à natureza Arbor, focado em madeira. Efeito numérico é balanceamento de jogo.	GAME_PROPOSAL
ELY_0178	9	Arbor	Explosão Arbor	Ataque	4	Conceito jogável associado à natureza Arbor, focado em madeira. Efeito numérico é balanceamento de jogo.	GAME_PROPOSAL
ELY_0179	9	Arbor	Domínio Arbor	Controle	5	Conceito jogável associado à natureza Arbor, focado em madeira. Efeito numérico é balanceamento de jogo.	GAME_PROPOSAL
ELY_0180	9	Arbor	Despertar Arbor	Suprema	6	Conceito jogável associado à natureza Arbor, focado em madeira. Efeito numérico é balanceamento de jogo.	GAME_PROPOSAL
ELY_0181	10	Sangre	Golpe Sangre	Ataque	1	Conceito jogável associado à natureza Sangre, focado em sangue. Efeito numérico é balanceamento de jogo.	GAME_PROPOSAL
ELY_0182	10	Sangre	Lança Sangre	Ataque	2	Conceito jogável associado à natureza Sangre, focado em sangue. Efeito numérico é balanceamento de jogo.	GAME_PROPOSAL
ELY_0183	10	Sangre	Onda Sangre	Ataque	3	Conceito jogável associado à natureza Sangre, focado em sangue. Efeito numérico é balanceamento de jogo.	GAME_PROPOSAL
ELY_0184	10	Sangre	Muralha Sangre	Defesa	4	Conceito jogável associado à natureza Sangre, focado em sangue. Efeito numérico é balanceamento de jogo.	GAME_PROPOSAL
ELY_0185	10	Sangre	Manto Sangre	Defesa	5	Conceito jogável associado à natureza Sangre, focado em sangue. Efeito numérico é balanceamento de jogo.	GAME_PROPOSAL
ELY_0186	10	Sangre	Passo Sangre	Mobilidade	6	Conceito jogável associado à natureza Sangre, focado em sangue. Efeito numérico é balanceamento de jogo.	GAME_PROPOSAL
ELY_0187	10	Sangre	Salto Sangre	Mobilidade	7	Conceito jogável associado à natureza Sangre, focado em sangue. Efeito numérico é balanceamento de jogo.	GAME_PROPOSAL
ELY_0188	10	Sangre	Laço Sangre	Controle	1	Conceito jogável associado à natureza Sangre, focado em sangue. Efeito numérico é balanceamento de jogo.	GAME_PROPOSAL
ELY_0189	10	Sangre	Prisão Sangre	Controle	2	Conceito jogável associado à natureza Sangre, focado em sangue. Efeito numérico é balanceamento de jogo.	GAME_PROPOSAL
ELY_0190	10	Sangre	Pulso Sangre	Ataque	3	Conceito jogável associado à natureza Sangre, focado em sangue. Efeito numérico é balanceamento de jogo.	GAME_PROPOSAL
ELY_0191	10	Sangre	Campo Sangre	Controle	4	Conceito jogável associado à natureza Sangre, focado em sangue. Efeito numérico é balanceamento de jogo.	GAME_PROPOSAL
ELY_0192	10	Sangre	Reflexo Sangre	Passiva	5	Conceito jogável associado à natureza Sangre, focado em sangue. Efeito numérico é balanceamento de jogo.	GAME_PROPOSAL
ELY_0193	10	Sangre	Instinto Sangre	Passiva	6	Conceito jogável associado à natureza Sangre, focado em sangue. Efeito numérico é balanceamento de jogo.	GAME_PROPOSAL
ELY_0194	10	Sangre	Canal Sangre	Suporte	7	Conceito jogável associado à natureza Sangre, focado em sangue. Efeito numérico é balanceamento de jogo.	GAME_PROPOSAL
ELY_0195	10	Sangre	Regeneração Sangre	Suporte	1	Conceito jogável associado à natureza Sangre, focado em sangue. Efeito numérico é balanceamento de jogo.	GAME_PROPOSAL
ELY_0196	10	Sangre	Forma Sangre	Especial	2	Conceito jogável associado à natureza Sangre, focado em sangue. Efeito numérico é balanceamento de jogo.	GAME_PROPOSAL
ELY_0197	10	Sangre	Ruptura Sangre	Especial	3	Conceito jogável associado à natureza Sangre, focado em sangue. Efeito numérico é balanceamento de jogo.	GAME_PROPOSAL
ELY_0198	10	Sangre	Explosão Sangre	Ataque	4	Conceito jogável associado à natureza Sangre, focado em sangue. Efeito numérico é balanceamento de jogo.	GAME_PROPOSAL
ELY_0199	10	Sangre	Domínio Sangre	Controle	5	Conceito jogável associado à natureza Sangre, focado em sangue. Efeito numérico é balanceamento de jogo.	GAME_PROPOSAL
ELY_0200	10	Sangre	Despertar Sangre	Suprema	6	Conceito jogável associado à natureza Sangre, focado em sangue. Efeito numérico é balanceamento de jogo.	GAME_PROPOSAL
ELY_0201	11	Glacis	Golpe Glacis	Ataque	1	Conceito jogável associado à natureza Glacis, focado em gelo. Efeito numérico é balanceamento de jogo.	GAME_PROPOSAL
ELY_0202	11	Glacis	Lança Glacis	Ataque	2	Conceito jogável associado à natureza Glacis, focado em gelo. Efeito numérico é balanceamento de jogo.	GAME_PROPOSAL
ELY_0203	11	Glacis	Onda Glacis	Ataque	3	Conceito jogável associado à natureza Glacis, focado em gelo. Efeito numérico é balanceamento de jogo.	GAME_PROPOSAL
ELY_0204	11	Glacis	Muralha Glacis	Defesa	4	Conceito jogável associado à natureza Glacis, focado em gelo. Efeito numérico é balanceamento de jogo.	GAME_PROPOSAL
ELY_0205	11	Glacis	Manto Glacis	Defesa	5	Conceito jogável associado à natureza Glacis, focado em gelo. Efeito numérico é balanceamento de jogo.	GAME_PROPOSAL
ELY_0206	11	Glacis	Passo Glacis	Mobilidade	6	Conceito jogável associado à natureza Glacis, focado em gelo. Efeito numérico é balanceamento de jogo.	GAME_PROPOSAL
ELY_0207	11	Glacis	Salto Glacis	Mobilidade	7	Conceito jogável associado à natureza Glacis, focado em gelo. Efeito numérico é balanceamento de jogo.	GAME_PROPOSAL
ELY_0208	11	Glacis	Laço Glacis	Controle	1	Conceito jogável associado à natureza Glacis, focado em gelo. Efeito numérico é balanceamento de jogo.	GAME_PROPOSAL
ELY_0209	11	Glacis	Prisão Glacis	Controle	2	Conceito jogável associado à natureza Glacis, focado em gelo. Efeito numérico é balanceamento de jogo.	GAME_PROPOSAL
ELY_0210	11	Glacis	Pulso Glacis	Ataque	3	Conceito jogável associado à natureza Glacis, focado em gelo. Efeito numérico é balanceamento de jogo.	GAME_PROPOSAL
ELY_0211	11	Glacis	Campo Glacis	Controle	4	Conceito jogável associado à natureza Glacis, focado em gelo. Efeito numérico é balanceamento de jogo.	GAME_PROPOSAL
ELY_0212	11	Glacis	Reflexo Glacis	Passiva	5	Conceito jogável associado à natureza Glacis, focado em gelo. Efeito numérico é balanceamento de jogo.	GAME_PROPOSAL
ELY_0213	11	Glacis	Instinto Glacis	Passiva	6	Conceito jogável associado à natureza Glacis, focado em gelo. Efeito numérico é balanceamento de jogo.	GAME_PROPOSAL
ELY_0214	11	Glacis	Canal Glacis	Suporte	7	Conceito jogável associado à natureza Glacis, focado em gelo. Efeito numérico é balanceamento de jogo.	GAME_PROPOSAL
ELY_0215	11	Glacis	Regeneração Glacis	Suporte	1	Conceito jogável associado à natureza Glacis, focado em gelo. Efeito numérico é balanceamento de jogo.	GAME_PROPOSAL
ELY_0216	11	Glacis	Forma Glacis	Especial	2	Conceito jogável associado à natureza Glacis, focado em gelo. Efeito numérico é balanceamento de jogo.	GAME_PROPOSAL
ELY_0217	11	Glacis	Ruptura Glacis	Especial	3	Conceito jogável associado à natureza Glacis, focado em gelo. Efeito numérico é balanceamento de jogo.	GAME_PROPOSAL
ELY_0218	11	Glacis	Explosão Glacis	Ataque	4	Conceito jogável associado à natureza Glacis, focado em gelo. Efeito numérico é balanceamento de jogo.	GAME_PROPOSAL
ELY_0219	11	Glacis	Domínio Glacis	Controle	5	Conceito jogável associado à natureza Glacis, focado em gelo. Efeito numérico é balanceamento de jogo.	GAME_PROPOSAL
ELY_0220	11	Glacis	Despertar Glacis	Suprema	6	Conceito jogável associado à natureza Glacis, focado em gelo. Efeito numérico é balanceamento de jogo.	GAME_PROPOSAL
ELY_0221	12	Aether	Golpe Aether	Ataque	1	Conceito jogável associado à natureza Aether, focado em éter/arcano. Efeito numérico é balanceamento de jogo.	GAME_PROPOSAL
ELY_0222	12	Aether	Lança Aether	Ataque	2	Conceito jogável associado à natureza Aether, focado em éter/arcano. Efeito numérico é balanceamento de jogo.	GAME_PROPOSAL
ELY_0223	12	Aether	Onda Aether	Ataque	3	Conceito jogável associado à natureza Aether, focado em éter/arcano. Efeito numérico é balanceamento de jogo.	GAME_PROPOSAL
ELY_0224	12	Aether	Muralha Aether	Defesa	4	Conceito jogável associado à natureza Aether, focado em éter/arcano. Efeito numérico é balanceamento de jogo.	GAME_PROPOSAL
ELY_0225	12	Aether	Manto Aether	Defesa	5	Conceito jogável associado à natureza Aether, focado em éter/arcano. Efeito numérico é balanceamento de jogo.	GAME_PROPOSAL
ELY_0226	12	Aether	Passo Aether	Mobilidade	6	Conceito jogável associado à natureza Aether, focado em éter/arcano. Efeito numérico é balanceamento de jogo.	GAME_PROPOSAL
ELY_0227	12	Aether	Salto Aether	Mobilidade	7	Conceito jogável associado à natureza Aether, focado em éter/arcano. Efeito numérico é balanceamento de jogo.	GAME_PROPOSAL
ELY_0228	12	Aether	Laço Aether	Controle	1	Conceito jogável associado à natureza Aether, focado em éter/arcano. Efeito numérico é balanceamento de jogo.	GAME_PROPOSAL
ELY_0229	12	Aether	Prisão Aether	Controle	2	Conceito jogável associado à natureza Aether, focado em éter/arcano. Efeito numérico é balanceamento de jogo.	GAME_PROPOSAL
ELY_0230	12	Aether	Pulso Aether	Ataque	3	Conceito jogável associado à natureza Aether, focado em éter/arcano. Efeito numérico é balanceamento de jogo.	GAME_PROPOSAL
ELY_0231	12	Aether	Campo Aether	Controle	4	Conceito jogável associado à natureza Aether, focado em éter/arcano. Efeito numérico é balanceamento de jogo.	GAME_PROPOSAL
ELY_0232	12	Aether	Reflexo Aether	Passiva	5	Conceito jogável associado à natureza Aether, focado em éter/arcano. Efeito numérico é balanceamento de jogo.	GAME_PROPOSAL
ELY_0233	12	Aether	Instinto Aether	Passiva	6	Conceito jogável associado à natureza Aether, focado em éter/arcano. Efeito numérico é balanceamento de jogo.	GAME_PROPOSAL
ELY_0234	12	Aether	Canal Aether	Suporte	7	Conceito jogável associado à natureza Aether, focado em éter/arcano. Efeito numérico é balanceamento de jogo.	GAME_PROPOSAL
ELY_0235	12	Aether	Regeneração Aether	Suporte	1	Conceito jogável associado à natureza Aether, focado em éter/arcano. Efeito numérico é balanceamento de jogo.	GAME_PROPOSAL
ELY_0236	12	Aether	Forma Aether	Especial	2	Conceito jogável associado à natureza Aether, focado em éter/arcano. Efeito numérico é balanceamento de jogo.	GAME_PROPOSAL
ELY_0237	12	Aether	Ruptura Aether	Especial	3	Conceito jogável associado à natureza Aether, focado em éter/arcano. Efeito numérico é balanceamento de jogo.	GAME_PROPOSAL
ELY_0238	12	Aether	Explosão Aether	Ataque	4	Conceito jogável associado à natureza Aether, focado em éter/arcano. Efeito numérico é balanceamento de jogo.	GAME_PROPOSAL
ELY_0239	12	Aether	Domínio Aether	Controle	5	Conceito jogável associado à natureza Aether, focado em éter/arcano. Efeito numérico é balanceamento de jogo.	GAME_PROPOSAL
ELY_0240	12	Aether	Despertar Aether	Suprema	6	Conceito jogável associado à natureza Aether, focado em éter/arcano. Efeito numérico é balanceamento de jogo.	GAME_PROPOSAL
ELY_0241	13	Claym	Golpe Claym	Ataque	1	Conceito jogável associado à natureza Claym, focado em argila/lama. Efeito numérico é balanceamento de jogo.	GAME_PROPOSAL
ELY_0242	13	Claym	Lança Claym	Ataque	2	Conceito jogável associado à natureza Claym, focado em argila/lama. Efeito numérico é balanceamento de jogo.	GAME_PROPOSAL
ELY_0243	13	Claym	Onda Claym	Ataque	3	Conceito jogável associado à natureza Claym, focado em argila/lama. Efeito numérico é balanceamento de jogo.	GAME_PROPOSAL
ELY_0244	13	Claym	Muralha Claym	Defesa	4	Conceito jogável associado à natureza Claym, focado em argila/lama. Efeito numérico é balanceamento de jogo.	GAME_PROPOSAL
ELY_0245	13	Claym	Manto Claym	Defesa	5	Conceito jogável associado à natureza Claym, focado em argila/lama. Efeito numérico é balanceamento de jogo.	GAME_PROPOSAL
ELY_0246	13	Claym	Passo Claym	Mobilidade	6	Conceito jogável associado à natureza Claym, focado em argila/lama. Efeito numérico é balanceamento de jogo.	GAME_PROPOSAL
ELY_0247	13	Claym	Salto Claym	Mobilidade	7	Conceito jogável associado à natureza Claym, focado em argila/lama. Efeito numérico é balanceamento de jogo.	GAME_PROPOSAL
ELY_0248	13	Claym	Laço Claym	Controle	1	Conceito jogável associado à natureza Claym, focado em argila/lama. Efeito numérico é balanceamento de jogo.	GAME_PROPOSAL
ELY_0249	13	Claym	Prisão Claym	Controle	2	Conceito jogável associado à natureza Claym, focado em argila/lama. Efeito numérico é balanceamento de jogo.	GAME_PROPOSAL
ELY_0250	13	Claym	Pulso Claym	Ataque	3	Conceito jogável associado à natureza Claym, focado em argila/lama. Efeito numérico é balanceamento de jogo.	GAME_PROPOSAL
ELY_0251	13	Claym	Campo Claym	Controle	4	Conceito jogável associado à natureza Claym, focado em argila/lama. Efeito numérico é balanceamento de jogo.	GAME_PROPOSAL
ELY_0252	13	Claym	Reflexo Claym	Passiva	5	Conceito jogável associado à natureza Claym, focado em argila/lama. Efeito numérico é balanceamento de jogo.	GAME_PROPOSAL
ELY_0253	13	Claym	Instinto Claym	Passiva	6	Conceito jogável associado à natureza Claym, focado em argila/lama. Efeito numérico é balanceamento de jogo.	GAME_PROPOSAL
ELY_0254	13	Claym	Canal Claym	Suporte	7	Conceito jogável associado à natureza Claym, focado em argila/lama. Efeito numérico é balanceamento de jogo.	GAME_PROPOSAL
ELY_0255	13	Claym	Regeneração Claym	Suporte	1	Conceito jogável associado à natureza Claym, focado em argila/lama. Efeito numérico é balanceamento de jogo.	GAME_PROPOSAL
ELY_0256	13	Claym	Forma Claym	Especial	2	Conceito jogável associado à natureza Claym, focado em argila/lama. Efeito numérico é balanceamento de jogo.	GAME_PROPOSAL
ELY_0257	13	Claym	Ruptura Claym	Especial	3	Conceito jogável associado à natureza Claym, focado em argila/lama. Efeito numérico é balanceamento de jogo.	GAME_PROPOSAL
ELY_0258	13	Claym	Explosão Claym	Ataque	4	Conceito jogável associado à natureza Claym, focado em argila/lama. Efeito numérico é balanceamento de jogo.	GAME_PROPOSAL
ELY_0259	13	Claym	Domínio Claym	Controle	5	Conceito jogável associado à natureza Claym, focado em argila/lama. Efeito numérico é balanceamento de jogo.	GAME_PROPOSAL
ELY_0260	13	Claym	Despertar Claym	Suprema	6	Conceito jogável associado à natureza Claym, focado em argila/lama. Efeito numérico é balanceamento de jogo.	GAME_PROPOSAL
ELY_0261	14	Gale	Golpe Gale	Ataque	1	Conceito jogável associado à natureza Gale, focado em vento. Efeito numérico é balanceamento de jogo.	GAME_PROPOSAL
ELY_0262	14	Gale	Lança Gale	Ataque	2	Conceito jogável associado à natureza Gale, focado em vento. Efeito numérico é balanceamento de jogo.	GAME_PROPOSAL
ELY_0263	14	Gale	Onda Gale	Ataque	3	Conceito jogável associado à natureza Gale, focado em vento. Efeito numérico é balanceamento de jogo.	GAME_PROPOSAL
ELY_0264	14	Gale	Muralha Gale	Defesa	4	Conceito jogável associado à natureza Gale, focado em vento. Efeito numérico é balanceamento de jogo.	GAME_PROPOSAL
ELY_0265	14	Gale	Manto Gale	Defesa	5	Conceito jogável associado à natureza Gale, focado em vento. Efeito numérico é balanceamento de jogo.	GAME_PROPOSAL
ELY_0266	14	Gale	Passo Gale	Mobilidade	6	Conceito jogável associado à natureza Gale, focado em vento. Efeito numérico é balanceamento de jogo.	GAME_PROPOSAL
ELY_0267	14	Gale	Salto Gale	Mobilidade	7	Conceito jogável associado à natureza Gale, focado em vento. Efeito numérico é balanceamento de jogo.	GAME_PROPOSAL
ELY_0268	14	Gale	Laço Gale	Controle	1	Conceito jogável associado à natureza Gale, focado em vento. Efeito numérico é balanceamento de jogo.	GAME_PROPOSAL
ELY_0269	14	Gale	Prisão Gale	Controle	2	Conceito jogável associado à natureza Gale, focado em vento. Efeito numérico é balanceamento de jogo.	GAME_PROPOSAL
ELY_0270	14	Gale	Pulso Gale	Ataque	3	Conceito jogável associado à natureza Gale, focado em vento. Efeito numérico é balanceamento de jogo.	GAME_PROPOSAL
ELY_0271	14	Gale	Campo Gale	Controle	4	Conceito jogável associado à natureza Gale, focado em vento. Efeito numérico é balanceamento de jogo.	GAME_PROPOSAL
ELY_0272	14	Gale	Reflexo Gale	Passiva	5	Conceito jogável associado à natureza Gale, focado em vento. Efeito numérico é balanceamento de jogo.	GAME_PROPOSAL
ELY_0273	14	Gale	Instinto Gale	Passiva	6	Conceito jogável associado à natureza Gale, focado em vento. Efeito numérico é balanceamento de jogo.	GAME_PROPOSAL
ELY_0274	14	Gale	Canal Gale	Suporte	7	Conceito jogável associado à natureza Gale, focado em vento. Efeito numérico é balanceamento de jogo.	GAME_PROPOSAL
ELY_0275	14	Gale	Regeneração Gale	Suporte	1	Conceito jogável associado à natureza Gale, focado em vento. Efeito numérico é balanceamento de jogo.	GAME_PROPOSAL
ELY_0276	14	Gale	Forma Gale	Especial	2	Conceito jogável associado à natureza Gale, focado em vento. Efeito numérico é balanceamento de jogo.	GAME_PROPOSAL
ELY_0277	14	Gale	Ruptura Gale	Especial	3	Conceito jogável associado à natureza Gale, focado em vento. Efeito numérico é balanceamento de jogo.	GAME_PROPOSAL
ELY_0278	14	Gale	Explosão Gale	Ataque	4	Conceito jogável associado à natureza Gale, focado em vento. Efeito numérico é balanceamento de jogo.	GAME_PROPOSAL
ELY_0279	14	Gale	Domínio Gale	Controle	5	Conceito jogável associado à natureza Gale, focado em vento. Efeito numérico é balanceamento de jogo.	GAME_PROPOSAL
ELY_0280	14	Gale	Despertar Gale	Suprema	6	Conceito jogável associado à natureza Gale, focado em vento. Efeito numérico é balanceamento de jogo.	GAME_PROPOSAL
ELY_0281	15	Mist	Golpe Mist	Ataque	1	Conceito jogável associado à natureza Mist, focado em névoa. Efeito numérico é balanceamento de jogo.	GAME_PROPOSAL
ELY_0282	15	Mist	Lança Mist	Ataque	2	Conceito jogável associado à natureza Mist, focado em névoa. Efeito numérico é balanceamento de jogo.	GAME_PROPOSAL
ELY_0283	15	Mist	Onda Mist	Ataque	3	Conceito jogável associado à natureza Mist, focado em névoa. Efeito numérico é balanceamento de jogo.	GAME_PROPOSAL
ELY_0284	15	Mist	Muralha Mist	Defesa	4	Conceito jogável associado à natureza Mist, focado em névoa. Efeito numérico é balanceamento de jogo.	GAME_PROPOSAL
ELY_0285	15	Mist	Manto Mist	Defesa	5	Conceito jogável associado à natureza Mist, focado em névoa. Efeito numérico é balanceamento de jogo.	GAME_PROPOSAL
ELY_0286	15	Mist	Passo Mist	Mobilidade	6	Conceito jogável associado à natureza Mist, focado em névoa. Efeito numérico é balanceamento de jogo.	GAME_PROPOSAL
ELY_0287	15	Mist	Salto Mist	Mobilidade	7	Conceito jogável associado à natureza Mist, focado em névoa. Efeito numérico é balanceamento de jogo.	GAME_PROPOSAL
ELY_0288	15	Mist	Laço Mist	Controle	1	Conceito jogável associado à natureza Mist, focado em névoa. Efeito numérico é balanceamento de jogo.	GAME_PROPOSAL
ELY_0289	15	Mist	Prisão Mist	Controle	2	Conceito jogável associado à natureza Mist, focado em névoa. Efeito numérico é balanceamento de jogo.	GAME_PROPOSAL
ELY_0290	15	Mist	Pulso Mist	Ataque	3	Conceito jogável associado à natureza Mist, focado em névoa. Efeito numérico é balanceamento de jogo.	GAME_PROPOSAL
ELY_0291	15	Mist	Campo Mist	Controle	4	Conceito jogável associado à natureza Mist, focado em névoa. Efeito numérico é balanceamento de jogo.	GAME_PROPOSAL
ELY_0292	15	Mist	Reflexo Mist	Passiva	5	Conceito jogável associado à natureza Mist, focado em névoa. Efeito numérico é balanceamento de jogo.	GAME_PROPOSAL
ELY_0293	15	Mist	Instinto Mist	Passiva	6	Conceito jogável associado à natureza Mist, focado em névoa. Efeito numérico é balanceamento de jogo.	GAME_PROPOSAL
ELY_0294	15	Mist	Canal Mist	Suporte	7	Conceito jogável associado à natureza Mist, focado em névoa. Efeito numérico é balanceamento de jogo.	GAME_PROPOSAL
ELY_0295	15	Mist	Regeneração Mist	Suporte	1	Conceito jogável associado à natureza Mist, focado em névoa. Efeito numérico é balanceamento de jogo.	GAME_PROPOSAL
ELY_0296	15	Mist	Forma Mist	Especial	2	Conceito jogável associado à natureza Mist, focado em névoa. Efeito numérico é balanceamento de jogo.	GAME_PROPOSAL
ELY_0297	15	Mist	Ruptura Mist	Especial	3	Conceito jogável associado à natureza Mist, focado em névoa. Efeito numérico é balanceamento de jogo.	GAME_PROPOSAL
ELY_0298	15	Mist	Explosão Mist	Ataque	4	Conceito jogável associado à natureza Mist, focado em névoa. Efeito numérico é balanceamento de jogo.	GAME_PROPOSAL
ELY_0299	15	Mist	Domínio Mist	Controle	5	Conceito jogável associado à natureza Mist, focado em névoa. Efeito numérico é balanceamento de jogo.	GAME_PROPOSAL
ELY_0300	15	Mist	Despertar Mist	Suprema	6	Conceito jogável associado à natureza Mist, focado em névoa. Efeito numérico é balanceamento de jogo.	GAME_PROPOSAL
ELY_0301	16	Solar	Golpe Solar	Ataque	1	Conceito jogável associado à natureza Solar, focado em sol. Efeito numérico é balanceamento de jogo.	GAME_PROPOSAL
ELY_0302	16	Solar	Lança Solar	Ataque	2	Conceito jogável associado à natureza Solar, focado em sol. Efeito numérico é balanceamento de jogo.	GAME_PROPOSAL
ELY_0303	16	Solar	Onda Solar	Ataque	3	Conceito jogável associado à natureza Solar, focado em sol. Efeito numérico é balanceamento de jogo.	GAME_PROPOSAL
ELY_0304	16	Solar	Muralha Solar	Defesa	4	Conceito jogável associado à natureza Solar, focado em sol. Efeito numérico é balanceamento de jogo.	GAME_PROPOSAL
ELY_0305	16	Solar	Manto Solar	Defesa	5	Conceito jogável associado à natureza Solar, focado em sol. Efeito numérico é balanceamento de jogo.	GAME_PROPOSAL
ELY_0306	16	Solar	Passo Solar	Mobilidade	6	Conceito jogável associado à natureza Solar, focado em sol. Efeito numérico é balanceamento de jogo.	GAME_PROPOSAL
ELY_0307	16	Solar	Salto Solar	Mobilidade	7	Conceito jogável associado à natureza Solar, focado em sol. Efeito numérico é balanceamento de jogo.	GAME_PROPOSAL
ELY_0308	16	Solar	Laço Solar	Controle	1	Conceito jogável associado à natureza Solar, focado em sol. Efeito numérico é balanceamento de jogo.	GAME_PROPOSAL
ELY_0309	16	Solar	Prisão Solar	Controle	2	Conceito jogável associado à natureza Solar, focado em sol. Efeito numérico é balanceamento de jogo.	GAME_PROPOSAL
ELY_0310	16	Solar	Pulso Solar	Ataque	3	Conceito jogável associado à natureza Solar, focado em sol. Efeito numérico é balanceamento de jogo.	GAME_PROPOSAL
ELY_0311	16	Solar	Campo Solar	Controle	4	Conceito jogável associado à natureza Solar, focado em sol. Efeito numérico é balanceamento de jogo.	GAME_PROPOSAL
ELY_0312	16	Solar	Reflexo Solar	Passiva	5	Conceito jogável associado à natureza Solar, focado em sol. Efeito numérico é balanceamento de jogo.	GAME_PROPOSAL
ELY_0313	16	Solar	Instinto Solar	Passiva	6	Conceito jogável associado à natureza Solar, focado em sol. Efeito numérico é balanceamento de jogo.	GAME_PROPOSAL
ELY_0314	16	Solar	Canal Solar	Suporte	7	Conceito jogável associado à natureza Solar, focado em sol. Efeito numérico é balanceamento de jogo.	GAME_PROPOSAL
ELY_0315	16	Solar	Regeneração Solar	Suporte	1	Conceito jogável associado à natureza Solar, focado em sol. Efeito numérico é balanceamento de jogo.	GAME_PROPOSAL
ELY_0316	16	Solar	Forma Solar	Especial	2	Conceito jogável associado à natureza Solar, focado em sol. Efeito numérico é balanceamento de jogo.	GAME_PROPOSAL
ELY_0317	16	Solar	Ruptura Solar	Especial	3	Conceito jogável associado à natureza Solar, focado em sol. Efeito numérico é balanceamento de jogo.	GAME_PROPOSAL
ELY_0318	16	Solar	Explosão Solar	Ataque	4	Conceito jogável associado à natureza Solar, focado em sol. Efeito numérico é balanceamento de jogo.	GAME_PROPOSAL
ELY_0319	16	Solar	Domínio Solar	Controle	5	Conceito jogável associado à natureza Solar, focado em sol. Efeito numérico é balanceamento de jogo.	GAME_PROPOSAL
ELY_0320	16	Solar	Despertar Solar	Suprema	6	Conceito jogável associado à natureza Solar, focado em sol. Efeito numérico é balanceamento de jogo.	GAME_PROPOSAL
ELY_0321	17	Gravon	Golpe Gravon	Ataque	1	Conceito jogável associado à natureza Gravon, focado em gravidade. Efeito numérico é balanceamento de jogo.	GAME_PROPOSAL
ELY_0322	17	Gravon	Lança Gravon	Ataque	2	Conceito jogável associado à natureza Gravon, focado em gravidade. Efeito numérico é balanceamento de jogo.	GAME_PROPOSAL
ELY_0323	17	Gravon	Onda Gravon	Ataque	3	Conceito jogável associado à natureza Gravon, focado em gravidade. Efeito numérico é balanceamento de jogo.	GAME_PROPOSAL
ELY_0324	17	Gravon	Muralha Gravon	Defesa	4	Conceito jogável associado à natureza Gravon, focado em gravidade. Efeito numérico é balanceamento de jogo.	GAME_PROPOSAL
ELY_0325	17	Gravon	Manto Gravon	Defesa	5	Conceito jogável associado à natureza Gravon, focado em gravidade. Efeito numérico é balanceamento de jogo.	GAME_PROPOSAL
ELY_0326	17	Gravon	Passo Gravon	Mobilidade	6	Conceito jogável associado à natureza Gravon, focado em gravidade. Efeito numérico é balanceamento de jogo.	GAME_PROPOSAL
ELY_0327	17	Gravon	Salto Gravon	Mobilidade	7	Conceito jogável associado à natureza Gravon, focado em gravidade. Efeito numérico é balanceamento de jogo.	GAME_PROPOSAL
ELY_0328	17	Gravon	Laço Gravon	Controle	1	Conceito jogável associado à natureza Gravon, focado em gravidade. Efeito numérico é balanceamento de jogo.	GAME_PROPOSAL
ELY_0329	17	Gravon	Prisão Gravon	Controle	2	Conceito jogável associado à natureza Gravon, focado em gravidade. Efeito numérico é balanceamento de jogo.	GAME_PROPOSAL
ELY_0330	17	Gravon	Pulso Gravon	Ataque	3	Conceito jogável associado à natureza Gravon, focado em gravidade. Efeito numérico é balanceamento de jogo.	GAME_PROPOSAL
ELY_0331	17	Gravon	Campo Gravon	Controle	4	Conceito jogável associado à natureza Gravon, focado em gravidade. Efeito numérico é balanceamento de jogo.	GAME_PROPOSAL
ELY_0332	17	Gravon	Reflexo Gravon	Passiva	5	Conceito jogável associado à natureza Gravon, focado em gravidade. Efeito numérico é balanceamento de jogo.	GAME_PROPOSAL
ELY_0333	17	Gravon	Instinto Gravon	Passiva	6	Conceito jogável associado à natureza Gravon, focado em gravidade. Efeito numérico é balanceamento de jogo.	GAME_PROPOSAL
ELY_0334	17	Gravon	Canal Gravon	Suporte	7	Conceito jogável associado à natureza Gravon, focado em gravidade. Efeito numérico é balanceamento de jogo.	GAME_PROPOSAL
ELY_0335	17	Gravon	Regeneração Gravon	Suporte	1	Conceito jogável associado à natureza Gravon, focado em gravidade. Efeito numérico é balanceamento de jogo.	GAME_PROPOSAL
ELY_0336	17	Gravon	Forma Gravon	Especial	2	Conceito jogável associado à natureza Gravon, focado em gravidade. Efeito numérico é balanceamento de jogo.	GAME_PROPOSAL
ELY_0337	17	Gravon	Ruptura Gravon	Especial	3	Conceito jogável associado à natureza Gravon, focado em gravidade. Efeito numérico é balanceamento de jogo.	GAME_PROPOSAL
ELY_0338	17	Gravon	Explosão Gravon	Ataque	4	Conceito jogável associado à natureza Gravon, focado em gravidade. Efeito numérico é balanceamento de jogo.	GAME_PROPOSAL
ELY_0339	17	Gravon	Domínio Gravon	Controle	5	Conceito jogável associado à natureza Gravon, focado em gravidade. Efeito numérico é balanceamento de jogo.	GAME_PROPOSAL
ELY_0340	17	Gravon	Despertar Gravon	Suprema	6	Conceito jogável associado à natureza Gravon, focado em gravidade. Efeito numérico é balanceamento de jogo.	GAME_PROPOSAL
ELY_0341	18	Chrona	Golpe Chrona	Ataque	1	Conceito jogável associado à natureza Chrona, focado em tempo. Efeito numérico é balanceamento de jogo.	GAME_PROPOSAL
ELY_0342	18	Chrona	Lança Chrona	Ataque	2	Conceito jogável associado à natureza Chrona, focado em tempo. Efeito numérico é balanceamento de jogo.	GAME_PROPOSAL
ELY_0343	18	Chrona	Onda Chrona	Ataque	3	Conceito jogável associado à natureza Chrona, focado em tempo. Efeito numérico é balanceamento de jogo.	GAME_PROPOSAL
ELY_0344	18	Chrona	Muralha Chrona	Defesa	4	Conceito jogável associado à natureza Chrona, focado em tempo. Efeito numérico é balanceamento de jogo.	GAME_PROPOSAL
ELY_0345	18	Chrona	Manto Chrona	Defesa	5	Conceito jogável associado à natureza Chrona, focado em tempo. Efeito numérico é balanceamento de jogo.	GAME_PROPOSAL
ELY_0346	18	Chrona	Passo Chrona	Mobilidade	6	Conceito jogável associado à natureza Chrona, focado em tempo. Efeito numérico é balanceamento de jogo.	GAME_PROPOSAL
ELY_0347	18	Chrona	Salto Chrona	Mobilidade	7	Conceito jogável associado à natureza Chrona, focado em tempo. Efeito numérico é balanceamento de jogo.	GAME_PROPOSAL
ELY_0348	18	Chrona	Laço Chrona	Controle	1	Conceito jogável associado à natureza Chrona, focado em tempo. Efeito numérico é balanceamento de jogo.	GAME_PROPOSAL
ELY_0349	18	Chrona	Prisão Chrona	Controle	2	Conceito jogável associado à natureza Chrona, focado em tempo. Efeito numérico é balanceamento de jogo.	GAME_PROPOSAL
ELY_0350	18	Chrona	Pulso Chrona	Ataque	3	Conceito jogável associado à natureza Chrona, focado em tempo. Efeito numérico é balanceamento de jogo.	GAME_PROPOSAL
ELY_0351	18	Chrona	Campo Chrona	Controle	4	Conceito jogável associado à natureza Chrona, focado em tempo. Efeito numérico é balanceamento de jogo.	GAME_PROPOSAL
ELY_0352	18	Chrona	Reflexo Chrona	Passiva	5	Conceito jogável associado à natureza Chrona, focado em tempo. Efeito numérico é balanceamento de jogo.	GAME_PROPOSAL
ELY_0353	18	Chrona	Instinto Chrona	Passiva	6	Conceito jogável associado à natureza Chrona, focado em tempo. Efeito numérico é balanceamento de jogo.	GAME_PROPOSAL
ELY_0354	18	Chrona	Canal Chrona	Suporte	7	Conceito jogável associado à natureza Chrona, focado em tempo. Efeito numérico é balanceamento de jogo.	GAME_PROPOSAL
ELY_0355	18	Chrona	Regeneração Chrona	Suporte	1	Conceito jogável associado à natureza Chrona, focado em tempo. Efeito numérico é balanceamento de jogo.	GAME_PROPOSAL
ELY_0356	18	Chrona	Forma Chrona	Especial	2	Conceito jogável associado à natureza Chrona, focado em tempo. Efeito numérico é balanceamento de jogo.	GAME_PROPOSAL
ELY_0357	18	Chrona	Ruptura Chrona	Especial	3	Conceito jogável associado à natureza Chrona, focado em tempo. Efeito numérico é balanceamento de jogo.	GAME_PROPOSAL
ELY_0358	18	Chrona	Explosão Chrona	Ataque	4	Conceito jogável associado à natureza Chrona, focado em tempo. Efeito numérico é balanceamento de jogo.	GAME_PROPOSAL
ELY_0359	18	Chrona	Domínio Chrona	Controle	5	Conceito jogável associado à natureza Chrona, focado em tempo. Efeito numérico é balanceamento de jogo.	GAME_PROPOSAL
ELY_0360	18	Chrona	Despertar Chrona	Suprema	6	Conceito jogável associado à natureza Chrona, focado em tempo. Efeito numérico é balanceamento de jogo.	GAME_PROPOSAL
ELY_0361	19	Stone	Golpe Stone	Ataque	1	Conceito jogável associado à natureza Stone, focado em pedra. Efeito numérico é balanceamento de jogo.	GAME_PROPOSAL
ELY_0362	19	Stone	Lança Stone	Ataque	2	Conceito jogável associado à natureza Stone, focado em pedra. Efeito numérico é balanceamento de jogo.	GAME_PROPOSAL
ELY_0363	19	Stone	Onda Stone	Ataque	3	Conceito jogável associado à natureza Stone, focado em pedra. Efeito numérico é balanceamento de jogo.	GAME_PROPOSAL
ELY_0364	19	Stone	Muralha Stone	Defesa	4	Conceito jogável associado à natureza Stone, focado em pedra. Efeito numérico é balanceamento de jogo.	GAME_PROPOSAL
ELY_0365	19	Stone	Manto Stone	Defesa	5	Conceito jogável associado à natureza Stone, focado em pedra. Efeito numérico é balanceamento de jogo.	GAME_PROPOSAL
ELY_0366	19	Stone	Passo Stone	Mobilidade	6	Conceito jogável associado à natureza Stone, focado em pedra. Efeito numérico é balanceamento de jogo.	GAME_PROPOSAL
ELY_0367	19	Stone	Salto Stone	Mobilidade	7	Conceito jogável associado à natureza Stone, focado em pedra. Efeito numérico é balanceamento de jogo.	GAME_PROPOSAL
ELY_0368	19	Stone	Laço Stone	Controle	1	Conceito jogável associado à natureza Stone, focado em pedra. Efeito numérico é balanceamento de jogo.	GAME_PROPOSAL
ELY_0369	19	Stone	Prisão Stone	Controle	2	Conceito jogável associado à natureza Stone, focado em pedra. Efeito numérico é balanceamento de jogo.	GAME_PROPOSAL
ELY_0370	19	Stone	Pulso Stone	Ataque	3	Conceito jogável associado à natureza Stone, focado em pedra. Efeito numérico é balanceamento de jogo.	GAME_PROPOSAL
ELY_0371	19	Stone	Campo Stone	Controle	4	Conceito jogável associado à natureza Stone, focado em pedra. Efeito numérico é balanceamento de jogo.	GAME_PROPOSAL
ELY_0372	19	Stone	Reflexo Stone	Passiva	5	Conceito jogável associado à natureza Stone, focado em pedra. Efeito numérico é balanceamento de jogo.	GAME_PROPOSAL
ELY_0373	19	Stone	Instinto Stone	Passiva	6	Conceito jogável associado à natureza Stone, focado em pedra. Efeito numérico é balanceamento de jogo.	GAME_PROPOSAL
ELY_0374	19	Stone	Canal Stone	Suporte	7	Conceito jogável associado à natureza Stone, focado em pedra. Efeito numérico é balanceamento de jogo.	GAME_PROPOSAL
ELY_0375	19	Stone	Regeneração Stone	Suporte	1	Conceito jogável associado à natureza Stone, focado em pedra. Efeito numérico é balanceamento de jogo.	GAME_PROPOSAL
ELY_0376	19	Stone	Forma Stone	Especial	2	Conceito jogável associado à natureza Stone, focado em pedra. Efeito numérico é balanceamento de jogo.	GAME_PROPOSAL
ELY_0377	19	Stone	Ruptura Stone	Especial	3	Conceito jogável associado à natureza Stone, focado em pedra. Efeito numérico é balanceamento de jogo.	GAME_PROPOSAL
ELY_0378	19	Stone	Explosão Stone	Ataque	4	Conceito jogável associado à natureza Stone, focado em pedra. Efeito numérico é balanceamento de jogo.	GAME_PROPOSAL
ELY_0379	19	Stone	Domínio Stone	Controle	5	Conceito jogável associado à natureza Stone, focado em pedra. Efeito numérico é balanceamento de jogo.	GAME_PROPOSAL
ELY_0380	19	Stone	Despertar Stone	Suprema	6	Conceito jogável associado à natureza Stone, focado em pedra. Efeito numérico é balanceamento de jogo.	GAME_PROPOSAL
ELY_0381	20	Fungal	Golpe Fungal	Ataque	1	Conceito jogável associado à natureza Fungal, focado em fungos. Efeito numérico é balanceamento de jogo.	GAME_PROPOSAL
ELY_0382	20	Fungal	Lança Fungal	Ataque	2	Conceito jogável associado à natureza Fungal, focado em fungos. Efeito numérico é balanceamento de jogo.	GAME_PROPOSAL
ELY_0383	20	Fungal	Onda Fungal	Ataque	3	Conceito jogável associado à natureza Fungal, focado em fungos. Efeito numérico é balanceamento de jogo.	GAME_PROPOSAL
ELY_0384	20	Fungal	Muralha Fungal	Defesa	4	Conceito jogável associado à natureza Fungal, focado em fungos. Efeito numérico é balanceamento de jogo.	GAME_PROPOSAL
ELY_0385	20	Fungal	Manto Fungal	Defesa	5	Conceito jogável associado à natureza Fungal, focado em fungos. Efeito numérico é balanceamento de jogo.	GAME_PROPOSAL
ELY_0386	20	Fungal	Passo Fungal	Mobilidade	6	Conceito jogável associado à natureza Fungal, focado em fungos. Efeito numérico é balanceamento de jogo.	GAME_PROPOSAL
ELY_0387	20	Fungal	Salto Fungal	Mobilidade	7	Conceito jogável associado à natureza Fungal, focado em fungos. Efeito numérico é balanceamento de jogo.	GAME_PROPOSAL
ELY_0388	20	Fungal	Laço Fungal	Controle	1	Conceito jogável associado à natureza Fungal, focado em fungos. Efeito numérico é balanceamento de jogo.	GAME_PROPOSAL
ELY_0389	20	Fungal	Prisão Fungal	Controle	2	Conceito jogável associado à natureza Fungal, focado em fungos. Efeito numérico é balanceamento de jogo.	GAME_PROPOSAL
ELY_0390	20	Fungal	Pulso Fungal	Ataque	3	Conceito jogável associado à natureza Fungal, focado em fungos. Efeito numérico é balanceamento de jogo.	GAME_PROPOSAL
ELY_0391	20	Fungal	Campo Fungal	Controle	4	Conceito jogável associado à natureza Fungal, focado em fungos. Efeito numérico é balanceamento de jogo.	GAME_PROPOSAL
ELY_0392	20	Fungal	Reflexo Fungal	Passiva	5	Conceito jogável associado à natureza Fungal, focado em fungos. Efeito numérico é balanceamento de jogo.	GAME_PROPOSAL
ELY_0393	20	Fungal	Instinto Fungal	Passiva	6	Conceito jogável associado à natureza Fungal, focado em fungos. Efeito numérico é balanceamento de jogo.	GAME_PROPOSAL
ELY_0394	20	Fungal	Canal Fungal	Suporte	7	Conceito jogável associado à natureza Fungal, focado em fungos. Efeito numérico é balanceamento de jogo.	GAME_PROPOSAL
ELY_0395	20	Fungal	Regeneração Fungal	Suporte	1	Conceito jogável associado à natureza Fungal, focado em fungos. Efeito numérico é balanceamento de jogo.	GAME_PROPOSAL
ELY_0396	20	Fungal	Forma Fungal	Especial	2	Conceito jogável associado à natureza Fungal, focado em fungos. Efeito numérico é balanceamento de jogo.	GAME_PROPOSAL
ELY_0397	20	Fungal	Ruptura Fungal	Especial	3	Conceito jogável associado à natureza Fungal, focado em fungos. Efeito numérico é balanceamento de jogo.	GAME_PROPOSAL
ELY_0398	20	Fungal	Explosão Fungal	Ataque	4	Conceito jogável associado à natureza Fungal, focado em fungos. Efeito numérico é balanceamento de jogo.	GAME_PROPOSAL
ELY_0399	20	Fungal	Domínio Fungal	Controle	5	Conceito jogável associado à natureza Fungal, focado em fungos. Efeito numérico é balanceamento de jogo.	GAME_PROPOSAL
ELY_0400	20	Fungal	Despertar Fungal	Suprema	6	Conceito jogável associado à natureza Fungal, focado em fungos. Efeito numérico é balanceamento de jogo.	GAME_PROPOSAL
ELY_0401	21	Tide	Golpe Tide	Ataque	1	Conceito jogável associado à natureza Tide, focado em maré. Efeito numérico é balanceamento de jogo.	GAME_PROPOSAL
ELY_0402	21	Tide	Lança Tide	Ataque	2	Conceito jogável associado à natureza Tide, focado em maré. Efeito numérico é balanceamento de jogo.	GAME_PROPOSAL
ELY_0403	21	Tide	Onda Tide	Ataque	3	Conceito jogável associado à natureza Tide, focado em maré. Efeito numérico é balanceamento de jogo.	GAME_PROPOSAL
ELY_0404	21	Tide	Muralha Tide	Defesa	4	Conceito jogável associado à natureza Tide, focado em maré. Efeito numérico é balanceamento de jogo.	GAME_PROPOSAL
ELY_0405	21	Tide	Manto Tide	Defesa	5	Conceito jogável associado à natureza Tide, focado em maré. Efeito numérico é balanceamento de jogo.	GAME_PROPOSAL
ELY_0406	21	Tide	Passo Tide	Mobilidade	6	Conceito jogável associado à natureza Tide, focado em maré. Efeito numérico é balanceamento de jogo.	GAME_PROPOSAL
ELY_0407	21	Tide	Salto Tide	Mobilidade	7	Conceito jogável associado à natureza Tide, focado em maré. Efeito numérico é balanceamento de jogo.	GAME_PROPOSAL
ELY_0408	21	Tide	Laço Tide	Controle	1	Conceito jogável associado à natureza Tide, focado em maré. Efeito numérico é balanceamento de jogo.	GAME_PROPOSAL
ELY_0409	21	Tide	Prisão Tide	Controle	2	Conceito jogável associado à natureza Tide, focado em maré. Efeito numérico é balanceamento de jogo.	GAME_PROPOSAL
ELY_0410	21	Tide	Pulso Tide	Ataque	3	Conceito jogável associado à natureza Tide, focado em maré. Efeito numérico é balanceamento de jogo.	GAME_PROPOSAL
ELY_0411	21	Tide	Campo Tide	Controle	4	Conceito jogável associado à natureza Tide, focado em maré. Efeito numérico é balanceamento de jogo.	GAME_PROPOSAL
ELY_0412	21	Tide	Reflexo Tide	Passiva	5	Conceito jogável associado à natureza Tide, focado em maré. Efeito numérico é balanceamento de jogo.	GAME_PROPOSAL
ELY_0413	21	Tide	Instinto Tide	Passiva	6	Conceito jogável associado à natureza Tide, focado em maré. Efeito numérico é balanceamento de jogo.	GAME_PROPOSAL
ELY_0414	21	Tide	Canal Tide	Suporte	7	Conceito jogável associado à natureza Tide, focado em maré. Efeito numérico é balanceamento de jogo.	GAME_PROPOSAL
ELY_0415	21	Tide	Regeneração Tide	Suporte	1	Conceito jogável associado à natureza Tide, focado em maré. Efeito numérico é balanceamento de jogo.	GAME_PROPOSAL
ELY_0416	21	Tide	Forma Tide	Especial	2	Conceito jogável associado à natureza Tide, focado em maré. Efeito numérico é balanceamento de jogo.	GAME_PROPOSAL
ELY_0417	21	Tide	Ruptura Tide	Especial	3	Conceito jogável associado à natureza Tide, focado em maré. Efeito numérico é balanceamento de jogo.	GAME_PROPOSAL
ELY_0418	21	Tide	Explosão Tide	Ataque	4	Conceito jogável associado à natureza Tide, focado em maré. Efeito numérico é balanceamento de jogo.	GAME_PROPOSAL
ELY_0419	21	Tide	Domínio Tide	Controle	5	Conceito jogável associado à natureza Tide, focado em maré. Efeito numérico é balanceamento de jogo.	GAME_PROPOSAL
ELY_0420	21	Tide	Despertar Tide	Suprema	6	Conceito jogável associado à natureza Tide, focado em maré. Efeito numérico é balanceamento de jogo.	GAME_PROPOSAL
ELY_0421	22	Ember	Golpe Ember	Ataque	1	Conceito jogável associado à natureza Ember, focado em brasa. Efeito numérico é balanceamento de jogo.	GAME_PROPOSAL
ELY_0422	22	Ember	Lança Ember	Ataque	2	Conceito jogável associado à natureza Ember, focado em brasa. Efeito numérico é balanceamento de jogo.	GAME_PROPOSAL
ELY_0423	22	Ember	Onda Ember	Ataque	3	Conceito jogável associado à natureza Ember, focado em brasa. Efeito numérico é balanceamento de jogo.	GAME_PROPOSAL
ELY_0424	22	Ember	Muralha Ember	Defesa	4	Conceito jogável associado à natureza Ember, focado em brasa. Efeito numérico é balanceamento de jogo.	GAME_PROPOSAL
ELY_0425	22	Ember	Manto Ember	Defesa	5	Conceito jogável associado à natureza Ember, focado em brasa. Efeito numérico é balanceamento de jogo.	GAME_PROPOSAL
ELY_0426	22	Ember	Passo Ember	Mobilidade	6	Conceito jogável associado à natureza Ember, focado em brasa. Efeito numérico é balanceamento de jogo.	GAME_PROPOSAL
ELY_0427	22	Ember	Salto Ember	Mobilidade	7	Conceito jogável associado à natureza Ember, focado em brasa. Efeito numérico é balanceamento de jogo.	GAME_PROPOSAL
ELY_0428	22	Ember	Laço Ember	Controle	1	Conceito jogável associado à natureza Ember, focado em brasa. Efeito numérico é balanceamento de jogo.	GAME_PROPOSAL
ELY_0429	22	Ember	Prisão Ember	Controle	2	Conceito jogável associado à natureza Ember, focado em brasa. Efeito numérico é balanceamento de jogo.	GAME_PROPOSAL
ELY_0430	22	Ember	Pulso Ember	Ataque	3	Conceito jogável associado à natureza Ember, focado em brasa. Efeito numérico é balanceamento de jogo.	GAME_PROPOSAL
ELY_0431	22	Ember	Campo Ember	Controle	4	Conceito jogável associado à natureza Ember, focado em brasa. Efeito numérico é balanceamento de jogo.	GAME_PROPOSAL
ELY_0432	22	Ember	Reflexo Ember	Passiva	5	Conceito jogável associado à natureza Ember, focado em brasa. Efeito numérico é balanceamento de jogo.	GAME_PROPOSAL
ELY_0433	22	Ember	Instinto Ember	Passiva	6	Conceito jogável associado à natureza Ember, focado em brasa. Efeito numérico é balanceamento de jogo.	GAME_PROPOSAL
ELY_0434	22	Ember	Canal Ember	Suporte	7	Conceito jogável associado à natureza Ember, focado em brasa. Efeito numérico é balanceamento de jogo.	GAME_PROPOSAL
ELY_0435	22	Ember	Regeneração Ember	Suporte	1	Conceito jogável associado à natureza Ember, focado em brasa. Efeito numérico é balanceamento de jogo.	GAME_PROPOSAL
ELY_0436	22	Ember	Forma Ember	Especial	2	Conceito jogável associado à natureza Ember, focado em brasa. Efeito numérico é balanceamento de jogo.	GAME_PROPOSAL
ELY_0437	22	Ember	Ruptura Ember	Especial	3	Conceito jogável associado à natureza Ember, focado em brasa. Efeito numérico é balanceamento de jogo.	GAME_PROPOSAL
ELY_0438	22	Ember	Explosão Ember	Ataque	4	Conceito jogável associado à natureza Ember, focado em brasa. Efeito numérico é balanceamento de jogo.	GAME_PROPOSAL
ELY_0439	22	Ember	Domínio Ember	Controle	5	Conceito jogável associado à natureza Ember, focado em brasa. Efeito numérico é balanceamento de jogo.	GAME_PROPOSAL
ELY_0440	22	Ember	Despertar Ember	Suprema	6	Conceito jogável associado à natureza Ember, focado em brasa. Efeito numérico é balanceamento de jogo.	GAME_PROPOSAL
ELY_0441	23	Void	Golpe Void	Ataque	1	Conceito jogável associado à natureza Void, focado em vácuo. Efeito numérico é balanceamento de jogo.	GAME_PROPOSAL
ELY_0442	23	Void	Lança Void	Ataque	2	Conceito jogável associado à natureza Void, focado em vácuo. Efeito numérico é balanceamento de jogo.	GAME_PROPOSAL
ELY_0443	23	Void	Onda Void	Ataque	3	Conceito jogável associado à natureza Void, focado em vácuo. Efeito numérico é balanceamento de jogo.	GAME_PROPOSAL
ELY_0444	23	Void	Muralha Void	Defesa	4	Conceito jogável associado à natureza Void, focado em vácuo. Efeito numérico é balanceamento de jogo.	GAME_PROPOSAL
ELY_0445	23	Void	Manto Void	Defesa	5	Conceito jogável associado à natureza Void, focado em vácuo. Efeito numérico é balanceamento de jogo.	GAME_PROPOSAL
ELY_0446	23	Void	Passo Void	Mobilidade	6	Conceito jogável associado à natureza Void, focado em vácuo. Efeito numérico é balanceamento de jogo.	GAME_PROPOSAL
ELY_0447	23	Void	Salto Void	Mobilidade	7	Conceito jogável associado à natureza Void, focado em vácuo. Efeito numérico é balanceamento de jogo.	GAME_PROPOSAL
ELY_0448	23	Void	Laço Void	Controle	1	Conceito jogável associado à natureza Void, focado em vácuo. Efeito numérico é balanceamento de jogo.	GAME_PROPOSAL
ELY_0449	23	Void	Prisão Void	Controle	2	Conceito jogável associado à natureza Void, focado em vácuo. Efeito numérico é balanceamento de jogo.	GAME_PROPOSAL
ELY_0450	23	Void	Pulso Void	Ataque	3	Conceito jogável associado à natureza Void, focado em vácuo. Efeito numérico é balanceamento de jogo.	GAME_PROPOSAL
ELY_0451	23	Void	Campo Void	Controle	4	Conceito jogável associado à natureza Void, focado em vácuo. Efeito numérico é balanceamento de jogo.	GAME_PROPOSAL
ELY_0452	23	Void	Reflexo Void	Passiva	5	Conceito jogável associado à natureza Void, focado em vácuo. Efeito numérico é balanceamento de jogo.	GAME_PROPOSAL
ELY_0453	23	Void	Instinto Void	Passiva	6	Conceito jogável associado à natureza Void, focado em vácuo. Efeito numérico é balanceamento de jogo.	GAME_PROPOSAL
ELY_0454	23	Void	Canal Void	Suporte	7	Conceito jogável associado à natureza Void, focado em vácuo. Efeito numérico é balanceamento de jogo.	GAME_PROPOSAL
ELY_0455	23	Void	Regeneração Void	Suporte	1	Conceito jogável associado à natureza Void, focado em vácuo. Efeito numérico é balanceamento de jogo.	GAME_PROPOSAL
ELY_0456	23	Void	Forma Void	Especial	2	Conceito jogável associado à natureza Void, focado em vácuo. Efeito numérico é balanceamento de jogo.	GAME_PROPOSAL
ELY_0457	23	Void	Ruptura Void	Especial	3	Conceito jogável associado à natureza Void, focado em vácuo. Efeito numérico é balanceamento de jogo.	GAME_PROPOSAL
ELY_0458	23	Void	Explosão Void	Ataque	4	Conceito jogável associado à natureza Void, focado em vácuo. Efeito numérico é balanceamento de jogo.	GAME_PROPOSAL
ELY_0459	23	Void	Domínio Void	Controle	5	Conceito jogável associado à natureza Void, focado em vácuo. Efeito numérico é balanceamento de jogo.	GAME_PROPOSAL
ELY_0460	23	Void	Despertar Void	Suprema	6	Conceito jogável associado à natureza Void, focado em vácuo. Efeito numérico é balanceamento de jogo.	GAME_PROPOSAL
ELY_0461	24	Radiant	Golpe Radiant	Ataque	1	Conceito jogável associado à natureza Radiant, focado em aura. Efeito numérico é balanceamento de jogo.	GAME_PROPOSAL
ELY_0462	24	Radiant	Lança Radiant	Ataque	2	Conceito jogável associado à natureza Radiant, focado em aura. Efeito numérico é balanceamento de jogo.	GAME_PROPOSAL
ELY_0463	24	Radiant	Onda Radiant	Ataque	3	Conceito jogável associado à natureza Radiant, focado em aura. Efeito numérico é balanceamento de jogo.	GAME_PROPOSAL
ELY_0464	24	Radiant	Muralha Radiant	Defesa	4	Conceito jogável associado à natureza Radiant, focado em aura. Efeito numérico é balanceamento de jogo.	GAME_PROPOSAL
ELY_0465	24	Radiant	Manto Radiant	Defesa	5	Conceito jogável associado à natureza Radiant, focado em aura. Efeito numérico é balanceamento de jogo.	GAME_PROPOSAL
ELY_0466	24	Radiant	Passo Radiant	Mobilidade	6	Conceito jogável associado à natureza Radiant, focado em aura. Efeito numérico é balanceamento de jogo.	GAME_PROPOSAL
ELY_0467	24	Radiant	Salto Radiant	Mobilidade	7	Conceito jogável associado à natureza Radiant, focado em aura. Efeito numérico é balanceamento de jogo.	GAME_PROPOSAL
ELY_0468	24	Radiant	Laço Radiant	Controle	1	Conceito jogável associado à natureza Radiant, focado em aura. Efeito numérico é balanceamento de jogo.	GAME_PROPOSAL
ELY_0469	24	Radiant	Prisão Radiant	Controle	2	Conceito jogável associado à natureza Radiant, focado em aura. Efeito numérico é balanceamento de jogo.	GAME_PROPOSAL
ELY_0470	24	Radiant	Pulso Radiant	Ataque	3	Conceito jogável associado à natureza Radiant, focado em aura. Efeito numérico é balanceamento de jogo.	GAME_PROPOSAL
ELY_0471	24	Radiant	Campo Radiant	Controle	4	Conceito jogável associado à natureza Radiant, focado em aura. Efeito numérico é balanceamento de jogo.	GAME_PROPOSAL
ELY_0472	24	Radiant	Reflexo Radiant	Passiva	5	Conceito jogável associado à natureza Radiant, focado em aura. Efeito numérico é balanceamento de jogo.	GAME_PROPOSAL
ELY_0473	24	Radiant	Instinto Radiant	Passiva	6	Conceito jogável associado à natureza Radiant, focado em aura. Efeito numérico é balanceamento de jogo.	GAME_PROPOSAL
ELY_0474	24	Radiant	Canal Radiant	Suporte	7	Conceito jogável associado à natureza Radiant, focado em aura. Efeito numérico é balanceamento de jogo.	GAME_PROPOSAL
ELY_0475	24	Radiant	Regeneração Radiant	Suporte	1	Conceito jogável associado à natureza Radiant, focado em aura. Efeito numérico é balanceamento de jogo.	GAME_PROPOSAL
ELY_0476	24	Radiant	Forma Radiant	Especial	2	Conceito jogável associado à natureza Radiant, focado em aura. Efeito numérico é balanceamento de jogo.	GAME_PROPOSAL
ELY_0477	24	Radiant	Ruptura Radiant	Especial	3	Conceito jogável associado à natureza Radiant, focado em aura. Efeito numérico é balanceamento de jogo.	GAME_PROPOSAL
ELY_0478	24	Radiant	Explosão Radiant	Ataque	4	Conceito jogável associado à natureza Radiant, focado em aura. Efeito numérico é balanceamento de jogo.	GAME_PROPOSAL
ELY_0479	24	Radiant	Domínio Radiant	Controle	5	Conceito jogável associado à natureza Radiant, focado em aura. Efeito numérico é balanceamento de jogo.	GAME_PROPOSAL
ELY_0480	24	Radiant	Despertar Radiant	Suprema	6	Conceito jogável associado à natureza Radiant, focado em aura. Efeito numérico é balanceamento de jogo.	GAME_PROPOSAL
ELY_0481	25	Rust	Golpe Rust	Ataque	1	Conceito jogável associado à natureza Rust, focado em corrosão. Efeito numérico é balanceamento de jogo.	GAME_PROPOSAL
ELY_0482	25	Rust	Lança Rust	Ataque	2	Conceito jogável associado à natureza Rust, focado em corrosão. Efeito numérico é balanceamento de jogo.	GAME_PROPOSAL
ELY_0483	25	Rust	Onda Rust	Ataque	3	Conceito jogável associado à natureza Rust, focado em corrosão. Efeito numérico é balanceamento de jogo.	GAME_PROPOSAL
ELY_0484	25	Rust	Muralha Rust	Defesa	4	Conceito jogável associado à natureza Rust, focado em corrosão. Efeito numérico é balanceamento de jogo.	GAME_PROPOSAL
ELY_0485	25	Rust	Manto Rust	Defesa	5	Conceito jogável associado à natureza Rust, focado em corrosão. Efeito numérico é balanceamento de jogo.	GAME_PROPOSAL
ELY_0486	25	Rust	Passo Rust	Mobilidade	6	Conceito jogável associado à natureza Rust, focado em corrosão. Efeito numérico é balanceamento de jogo.	GAME_PROPOSAL
ELY_0487	25	Rust	Salto Rust	Mobilidade	7	Conceito jogável associado à natureza Rust, focado em corrosão. Efeito numérico é balanceamento de jogo.	GAME_PROPOSAL
ELY_0488	25	Rust	Laço Rust	Controle	1	Conceito jogável associado à natureza Rust, focado em corrosão. Efeito numérico é balanceamento de jogo.	GAME_PROPOSAL
ELY_0489	25	Rust	Prisão Rust	Controle	2	Conceito jogável associado à natureza Rust, focado em corrosão. Efeito numérico é balanceamento de jogo.	GAME_PROPOSAL
ELY_0490	25	Rust	Pulso Rust	Ataque	3	Conceito jogável associado à natureza Rust, focado em corrosão. Efeito numérico é balanceamento de jogo.	GAME_PROPOSAL
ELY_0491	25	Rust	Campo Rust	Controle	4	Conceito jogável associado à natureza Rust, focado em corrosão. Efeito numérico é balanceamento de jogo.	GAME_PROPOSAL
ELY_0492	25	Rust	Reflexo Rust	Passiva	5	Conceito jogável associado à natureza Rust, focado em corrosão. Efeito numérico é balanceamento de jogo.	GAME_PROPOSAL
ELY_0493	25	Rust	Instinto Rust	Passiva	6	Conceito jogável associado à natureza Rust, focado em corrosão. Efeito numérico é balanceamento de jogo.	GAME_PROPOSAL
ELY_0494	25	Rust	Canal Rust	Suporte	7	Conceito jogável associado à natureza Rust, focado em corrosão. Efeito numérico é balanceamento de jogo.	GAME_PROPOSAL
ELY_0495	25	Rust	Regeneração Rust	Suporte	1	Conceito jogável associado à natureza Rust, focado em corrosão. Efeito numérico é balanceamento de jogo.	GAME_PROPOSAL
ELY_0496	25	Rust	Forma Rust	Especial	2	Conceito jogável associado à natureza Rust, focado em corrosão. Efeito numérico é balanceamento de jogo.	GAME_PROPOSAL
ELY_0497	25	Rust	Ruptura Rust	Especial	3	Conceito jogável associado à natureza Rust, focado em corrosão. Efeito numérico é balanceamento de jogo.	GAME_PROPOSAL
ELY_0498	25	Rust	Explosão Rust	Ataque	4	Conceito jogável associado à natureza Rust, focado em corrosão. Efeito numérico é balanceamento de jogo.	GAME_PROPOSAL
ELY_0499	25	Rust	Domínio Rust	Controle	5	Conceito jogável associado à natureza Rust, focado em corrosão. Efeito numérico é balanceamento de jogo.	GAME_PROPOSAL
ELY_0500	25	Rust	Despertar Rust	Suprema	6	Conceito jogável associado à natureza Rust, focado em corrosão. Efeito numérico é balanceamento de jogo.	GAME_PROPOSAL
ELY_0501	26	Thorn	Golpe Thorn	Ataque	1	Conceito jogável associado à natureza Thorn, focado em espinho. Efeito numérico é balanceamento de jogo.	GAME_PROPOSAL
ELY_0502	26	Thorn	Lança Thorn	Ataque	2	Conceito jogável associado à natureza Thorn, focado em espinho. Efeito numérico é balanceamento de jogo.	GAME_PROPOSAL
ELY_0503	26	Thorn	Onda Thorn	Ataque	3	Conceito jogável associado à natureza Thorn, focado em espinho. Efeito numérico é balanceamento de jogo.	GAME_PROPOSAL
ELY_0504	26	Thorn	Muralha Thorn	Defesa	4	Conceito jogável associado à natureza Thorn, focado em espinho. Efeito numérico é balanceamento de jogo.	GAME_PROPOSAL
ELY_0505	26	Thorn	Manto Thorn	Defesa	5	Conceito jogável associado à natureza Thorn, focado em espinho. Efeito numérico é balanceamento de jogo.	GAME_PROPOSAL
ELY_0506	26	Thorn	Passo Thorn	Mobilidade	6	Conceito jogável associado à natureza Thorn, focado em espinho. Efeito numérico é balanceamento de jogo.	GAME_PROPOSAL
ELY_0507	26	Thorn	Salto Thorn	Mobilidade	7	Conceito jogável associado à natureza Thorn, focado em espinho. Efeito numérico é balanceamento de jogo.	GAME_PROPOSAL
ELY_0508	26	Thorn	Laço Thorn	Controle	1	Conceito jogável associado à natureza Thorn, focado em espinho. Efeito numérico é balanceamento de jogo.	GAME_PROPOSAL
ELY_0509	26	Thorn	Prisão Thorn	Controle	2	Conceito jogável associado à natureza Thorn, focado em espinho. Efeito numérico é balanceamento de jogo.	GAME_PROPOSAL
ELY_0510	26	Thorn	Pulso Thorn	Ataque	3	Conceito jogável associado à natureza Thorn, focado em espinho. Efeito numérico é balanceamento de jogo.	GAME_PROPOSAL
ELY_0511	26	Thorn	Campo Thorn	Controle	4	Conceito jogável associado à natureza Thorn, focado em espinho. Efeito numérico é balanceamento de jogo.	GAME_PROPOSAL
ELY_0512	26	Thorn	Reflexo Thorn	Passiva	5	Conceito jogável associado à natureza Thorn, focado em espinho. Efeito numérico é balanceamento de jogo.	GAME_PROPOSAL
ELY_0513	26	Thorn	Instinto Thorn	Passiva	6	Conceito jogável associado à natureza Thorn, focado em espinho. Efeito numérico é balanceamento de jogo.	GAME_PROPOSAL
ELY_0514	26	Thorn	Canal Thorn	Suporte	7	Conceito jogável associado à natureza Thorn, focado em espinho. Efeito numérico é balanceamento de jogo.	GAME_PROPOSAL
ELY_0515	26	Thorn	Regeneração Thorn	Suporte	1	Conceito jogável associado à natureza Thorn, focado em espinho. Efeito numérico é balanceamento de jogo.	GAME_PROPOSAL
ELY_0516	26	Thorn	Forma Thorn	Especial	2	Conceito jogável associado à natureza Thorn, focado em espinho. Efeito numérico é balanceamento de jogo.	GAME_PROPOSAL
ELY_0517	26	Thorn	Ruptura Thorn	Especial	3	Conceito jogável associado à natureza Thorn, focado em espinho. Efeito numérico é balanceamento de jogo.	GAME_PROPOSAL
ELY_0518	26	Thorn	Explosão Thorn	Ataque	4	Conceito jogável associado à natureza Thorn, focado em espinho. Efeito numérico é balanceamento de jogo.	GAME_PROPOSAL
ELY_0519	26	Thorn	Domínio Thorn	Controle	5	Conceito jogável associado à natureza Thorn, focado em espinho. Efeito numérico é balanceamento de jogo.	GAME_PROPOSAL
ELY_0520	26	Thorn	Despertar Thorn	Suprema	6	Conceito jogável associado à natureza Thorn, focado em espinho. Efeito numérico é balanceamento de jogo.	GAME_PROPOSAL
ELY_0521	27	Frost	Golpe Frost	Ataque	1	Conceito jogável associado à natureza Frost, focado em frio. Efeito numérico é balanceamento de jogo.	GAME_PROPOSAL
ELY_0522	27	Frost	Lança Frost	Ataque	2	Conceito jogável associado à natureza Frost, focado em frio. Efeito numérico é balanceamento de jogo.	GAME_PROPOSAL
ELY_0523	27	Frost	Onda Frost	Ataque	3	Conceito jogável associado à natureza Frost, focado em frio. Efeito numérico é balanceamento de jogo.	GAME_PROPOSAL
ELY_0524	27	Frost	Muralha Frost	Defesa	4	Conceito jogável associado à natureza Frost, focado em frio. Efeito numérico é balanceamento de jogo.	GAME_PROPOSAL
ELY_0525	27	Frost	Manto Frost	Defesa	5	Conceito jogável associado à natureza Frost, focado em frio. Efeito numérico é balanceamento de jogo.	GAME_PROPOSAL
ELY_0526	27	Frost	Passo Frost	Mobilidade	6	Conceito jogável associado à natureza Frost, focado em frio. Efeito numérico é balanceamento de jogo.	GAME_PROPOSAL
ELY_0527	27	Frost	Salto Frost	Mobilidade	7	Conceito jogável associado à natureza Frost, focado em frio. Efeito numérico é balanceamento de jogo.	GAME_PROPOSAL
ELY_0528	27	Frost	Laço Frost	Controle	1	Conceito jogável associado à natureza Frost, focado em frio. Efeito numérico é balanceamento de jogo.	GAME_PROPOSAL
ELY_0529	27	Frost	Prisão Frost	Controle	2	Conceito jogável associado à natureza Frost, focado em frio. Efeito numérico é balanceamento de jogo.	GAME_PROPOSAL
ELY_0530	27	Frost	Pulso Frost	Ataque	3	Conceito jogável associado à natureza Frost, focado em frio. Efeito numérico é balanceamento de jogo.	GAME_PROPOSAL
ELY_0531	27	Frost	Campo Frost	Controle	4	Conceito jogável associado à natureza Frost, focado em frio. Efeito numérico é balanceamento de jogo.	GAME_PROPOSAL
ELY_0532	27	Frost	Reflexo Frost	Passiva	5	Conceito jogável associado à natureza Frost, focado em frio. Efeito numérico é balanceamento de jogo.	GAME_PROPOSAL
ELY_0533	27	Frost	Instinto Frost	Passiva	6	Conceito jogável associado à natureza Frost, focado em frio. Efeito numérico é balanceamento de jogo.	GAME_PROPOSAL
ELY_0534	27	Frost	Canal Frost	Suporte	7	Conceito jogável associado à natureza Frost, focado em frio. Efeito numérico é balanceamento de jogo.	GAME_PROPOSAL
ELY_0535	27	Frost	Regeneração Frost	Suporte	1	Conceito jogável associado à natureza Frost, focado em frio. Efeito numérico é balanceamento de jogo.	GAME_PROPOSAL
ELY_0536	27	Frost	Forma Frost	Especial	2	Conceito jogável associado à natureza Frost, focado em frio. Efeito numérico é balanceamento de jogo.	GAME_PROPOSAL
ELY_0537	27	Frost	Ruptura Frost	Especial	3	Conceito jogável associado à natureza Frost, focado em frio. Efeito numérico é balanceamento de jogo.	GAME_PROPOSAL
ELY_0538	27	Frost	Explosão Frost	Ataque	4	Conceito jogável associado à natureza Frost, focado em frio. Efeito numérico é balanceamento de jogo.	GAME_PROPOSAL
ELY_0539	27	Frost	Domínio Frost	Controle	5	Conceito jogável associado à natureza Frost, focado em frio. Efeito numérico é balanceamento de jogo.	GAME_PROPOSAL
ELY_0540	27	Frost	Despertar Frost	Suprema	6	Conceito jogável associado à natureza Frost, focado em frio. Efeito numérico é balanceamento de jogo.	GAME_PROPOSAL
ELY_0541	28	Psion	Golpe Psion	Ataque	1	Conceito jogável associado à natureza Psion, focado em mente. Efeito numérico é balanceamento de jogo.	GAME_PROPOSAL
ELY_0542	28	Psion	Lança Psion	Ataque	2	Conceito jogável associado à natureza Psion, focado em mente. Efeito numérico é balanceamento de jogo.	GAME_PROPOSAL
ELY_0543	28	Psion	Onda Psion	Ataque	3	Conceito jogável associado à natureza Psion, focado em mente. Efeito numérico é balanceamento de jogo.	GAME_PROPOSAL
ELY_0544	28	Psion	Muralha Psion	Defesa	4	Conceito jogável associado à natureza Psion, focado em mente. Efeito numérico é balanceamento de jogo.	GAME_PROPOSAL
ELY_0545	28	Psion	Manto Psion	Defesa	5	Conceito jogável associado à natureza Psion, focado em mente. Efeito numérico é balanceamento de jogo.	GAME_PROPOSAL
ELY_0546	28	Psion	Passo Psion	Mobilidade	6	Conceito jogável associado à natureza Psion, focado em mente. Efeito numérico é balanceamento de jogo.	GAME_PROPOSAL
ELY_0547	28	Psion	Salto Psion	Mobilidade	7	Conceito jogável associado à natureza Psion, focado em mente. Efeito numérico é balanceamento de jogo.	GAME_PROPOSAL
ELY_0548	28	Psion	Laço Psion	Controle	1	Conceito jogável associado à natureza Psion, focado em mente. Efeito numérico é balanceamento de jogo.	GAME_PROPOSAL
ELY_0549	28	Psion	Prisão Psion	Controle	2	Conceito jogável associado à natureza Psion, focado em mente. Efeito numérico é balanceamento de jogo.	GAME_PROPOSAL
ELY_0550	28	Psion	Pulso Psion	Ataque	3	Conceito jogável associado à natureza Psion, focado em mente. Efeito numérico é balanceamento de jogo.	GAME_PROPOSAL
ELY_0551	28	Psion	Campo Psion	Controle	4	Conceito jogável associado à natureza Psion, focado em mente. Efeito numérico é balanceamento de jogo.	GAME_PROPOSAL
ELY_0552	28	Psion	Reflexo Psion	Passiva	5	Conceito jogável associado à natureza Psion, focado em mente. Efeito numérico é balanceamento de jogo.	GAME_PROPOSAL
ELY_0553	28	Psion	Instinto Psion	Passiva	6	Conceito jogável associado à natureza Psion, focado em mente. Efeito numérico é balanceamento de jogo.	GAME_PROPOSAL
ELY_0554	28	Psion	Canal Psion	Suporte	7	Conceito jogável associado à natureza Psion, focado em mente. Efeito numérico é balanceamento de jogo.	GAME_PROPOSAL
ELY_0555	28	Psion	Regeneração Psion	Suporte	1	Conceito jogável associado à natureza Psion, focado em mente. Efeito numérico é balanceamento de jogo.	GAME_PROPOSAL
ELY_0556	28	Psion	Forma Psion	Especial	2	Conceito jogável associado à natureza Psion, focado em mente. Efeito numérico é balanceamento de jogo.	GAME_PROPOSAL
ELY_0557	28	Psion	Ruptura Psion	Especial	3	Conceito jogável associado à natureza Psion, focado em mente. Efeito numérico é balanceamento de jogo.	GAME_PROPOSAL
ELY_0558	28	Psion	Explosão Psion	Ataque	4	Conceito jogável associado à natureza Psion, focado em mente. Efeito numérico é balanceamento de jogo.	GAME_PROPOSAL
ELY_0559	28	Psion	Domínio Psion	Controle	5	Conceito jogável associado à natureza Psion, focado em mente. Efeito numérico é balanceamento de jogo.	GAME_PROPOSAL
ELY_0560	28	Psion	Despertar Psion	Suprema	6	Conceito jogável associado à natureza Psion, focado em mente. Efeito numérico é balanceamento de jogo.	GAME_PROPOSAL
ELY_0561	29	Ash	Golpe Ash	Ataque	1	Conceito jogável associado à natureza Ash, focado em cinzas. Efeito numérico é balanceamento de jogo.	GAME_PROPOSAL
ELY_0562	29	Ash	Lança Ash	Ataque	2	Conceito jogável associado à natureza Ash, focado em cinzas. Efeito numérico é balanceamento de jogo.	GAME_PROPOSAL
ELY_0563	29	Ash	Onda Ash	Ataque	3	Conceito jogável associado à natureza Ash, focado em cinzas. Efeito numérico é balanceamento de jogo.	GAME_PROPOSAL
ELY_0564	29	Ash	Muralha Ash	Defesa	4	Conceito jogável associado à natureza Ash, focado em cinzas. Efeito numérico é balanceamento de jogo.	GAME_PROPOSAL
ELY_0565	29	Ash	Manto Ash	Defesa	5	Conceito jogável associado à natureza Ash, focado em cinzas. Efeito numérico é balanceamento de jogo.	GAME_PROPOSAL
ELY_0566	29	Ash	Passo Ash	Mobilidade	6	Conceito jogável associado à natureza Ash, focado em cinzas. Efeito numérico é balanceamento de jogo.	GAME_PROPOSAL
ELY_0567	29	Ash	Salto Ash	Mobilidade	7	Conceito jogável associado à natureza Ash, focado em cinzas. Efeito numérico é balanceamento de jogo.	GAME_PROPOSAL
ELY_0568	29	Ash	Laço Ash	Controle	1	Conceito jogável associado à natureza Ash, focado em cinzas. Efeito numérico é balanceamento de jogo.	GAME_PROPOSAL
ELY_0569	29	Ash	Prisão Ash	Controle	2	Conceito jogável associado à natureza Ash, focado em cinzas. Efeito numérico é balanceamento de jogo.	GAME_PROPOSAL
ELY_0570	29	Ash	Pulso Ash	Ataque	3	Conceito jogável associado à natureza Ash, focado em cinzas. Efeito numérico é balanceamento de jogo.	GAME_PROPOSAL
ELY_0571	29	Ash	Campo Ash	Controle	4	Conceito jogável associado à natureza Ash, focado em cinzas. Efeito numérico é balanceamento de jogo.	GAME_PROPOSAL
ELY_0572	29	Ash	Reflexo Ash	Passiva	5	Conceito jogável associado à natureza Ash, focado em cinzas. Efeito numérico é balanceamento de jogo.	GAME_PROPOSAL
ELY_0573	29	Ash	Instinto Ash	Passiva	6	Conceito jogável associado à natureza Ash, focado em cinzas. Efeito numérico é balanceamento de jogo.	GAME_PROPOSAL
ELY_0574	29	Ash	Canal Ash	Suporte	7	Conceito jogável associado à natureza Ash, focado em cinzas. Efeito numérico é balanceamento de jogo.	GAME_PROPOSAL
ELY_0575	29	Ash	Regeneração Ash	Suporte	1	Conceito jogável associado à natureza Ash, focado em cinzas. Efeito numérico é balanceamento de jogo.	GAME_PROPOSAL
ELY_0576	29	Ash	Forma Ash	Especial	2	Conceito jogável associado à natureza Ash, focado em cinzas. Efeito numérico é balanceamento de jogo.	GAME_PROPOSAL
ELY_0577	29	Ash	Ruptura Ash	Especial	3	Conceito jogável associado à natureza Ash, focado em cinzas. Efeito numérico é balanceamento de jogo.	GAME_PROPOSAL
ELY_0578	29	Ash	Explosão Ash	Ataque	4	Conceito jogável associado à natureza Ash, focado em cinzas. Efeito numérico é balanceamento de jogo.	GAME_PROPOSAL
ELY_0579	29	Ash	Domínio Ash	Controle	5	Conceito jogável associado à natureza Ash, focado em cinzas. Efeito numérico é balanceamento de jogo.	GAME_PROPOSAL
ELY_0580	29	Ash	Despertar Ash	Suprema	6	Conceito jogável associado à natureza Ash, focado em cinzas. Efeito numérico é balanceamento de jogo.	GAME_PROPOSAL
ELY_0581	30	Gild	Golpe Gild	Ataque	1	Conceito jogável associado à natureza Gild, focado em prestígio. Efeito numérico é balanceamento de jogo.	GAME_PROPOSAL
ELY_0582	30	Gild	Lança Gild	Ataque	2	Conceito jogável associado à natureza Gild, focado em prestígio. Efeito numérico é balanceamento de jogo.	GAME_PROPOSAL
ELY_0583	30	Gild	Onda Gild	Ataque	3	Conceito jogável associado à natureza Gild, focado em prestígio. Efeito numérico é balanceamento de jogo.	GAME_PROPOSAL
ELY_0584	30	Gild	Muralha Gild	Defesa	4	Conceito jogável associado à natureza Gild, focado em prestígio. Efeito numérico é balanceamento de jogo.	GAME_PROPOSAL
ELY_0585	30	Gild	Manto Gild	Defesa	5	Conceito jogável associado à natureza Gild, focado em prestígio. Efeito numérico é balanceamento de jogo.	GAME_PROPOSAL
ELY_0586	30	Gild	Passo Gild	Mobilidade	6	Conceito jogável associado à natureza Gild, focado em prestígio. Efeito numérico é balanceamento de jogo.	GAME_PROPOSAL
ELY_0587	30	Gild	Salto Gild	Mobilidade	7	Conceito jogável associado à natureza Gild, focado em prestígio. Efeito numérico é balanceamento de jogo.	GAME_PROPOSAL
ELY_0588	30	Gild	Laço Gild	Controle	1	Conceito jogável associado à natureza Gild, focado em prestígio. Efeito numérico é balanceamento de jogo.	GAME_PROPOSAL
ELY_0589	30	Gild	Prisão Gild	Controle	2	Conceito jogável associado à natureza Gild, focado em prestígio. Efeito numérico é balanceamento de jogo.	GAME_PROPOSAL
ELY_0590	30	Gild	Pulso Gild	Ataque	3	Conceito jogável associado à natureza Gild, focado em prestígio. Efeito numérico é balanceamento de jogo.	GAME_PROPOSAL
ELY_0591	30	Gild	Campo Gild	Controle	4	Conceito jogável associado à natureza Gild, focado em prestígio. Efeito numérico é balanceamento de jogo.	GAME_PROPOSAL
ELY_0592	30	Gild	Reflexo Gild	Passiva	5	Conceito jogável associado à natureza Gild, focado em prestígio. Efeito numérico é balanceamento de jogo.	GAME_PROPOSAL
ELY_0593	30	Gild	Instinto Gild	Passiva	6	Conceito jogável associado à natureza Gild, focado em prestígio. Efeito numérico é balanceamento de jogo.	GAME_PROPOSAL
ELY_0594	30	Gild	Canal Gild	Suporte	7	Conceito jogável associado à natureza Gild, focado em prestígio. Efeito numérico é balanceamento de jogo.	GAME_PROPOSAL
ELY_0595	30	Gild	Regeneração Gild	Suporte	1	Conceito jogável associado à natureza Gild, focado em prestígio. Efeito numérico é balanceamento de jogo.	GAME_PROPOSAL
ELY_0596	30	Gild	Forma Gild	Especial	2	Conceito jogável associado à natureza Gild, focado em prestígio. Efeito numérico é balanceamento de jogo.	GAME_PROPOSAL
ELY_0597	30	Gild	Ruptura Gild	Especial	3	Conceito jogável associado à natureza Gild, focado em prestígio. Efeito numérico é balanceamento de jogo.	GAME_PROPOSAL
ELY_0598	30	Gild	Explosão Gild	Ataque	4	Conceito jogável associado à natureza Gild, focado em prestígio. Efeito numérico é balanceamento de jogo.	GAME_PROPOSAL
ELY_0599	30	Gild	Domínio Gild	Controle	5	Conceito jogável associado à natureza Gild, focado em prestígio. Efeito numérico é balanceamento de jogo.	GAME_PROPOSAL
ELY_0600	30	Gild	Despertar Gild	Suprema	6	Conceito jogável associado à natureza Gild, focado em prestígio. Efeito numérico é balanceamento de jogo.	GAME_PROPOSAL
ELY_0601	31	Quake	Golpe Quake	Ataque	1	Conceito jogável associado à natureza Quake, focado em tremor. Efeito numérico é balanceamento de jogo.	GAME_PROPOSAL
ELY_0602	31	Quake	Lança Quake	Ataque	2	Conceito jogável associado à natureza Quake, focado em tremor. Efeito numérico é balanceamento de jogo.	GAME_PROPOSAL
ELY_0603	31	Quake	Onda Quake	Ataque	3	Conceito jogável associado à natureza Quake, focado em tremor. Efeito numérico é balanceamento de jogo.	GAME_PROPOSAL
ELY_0604	31	Quake	Muralha Quake	Defesa	4	Conceito jogável associado à natureza Quake, focado em tremor. Efeito numérico é balanceamento de jogo.	GAME_PROPOSAL
ELY_0605	31	Quake	Manto Quake	Defesa	5	Conceito jogável associado à natureza Quake, focado em tremor. Efeito numérico é balanceamento de jogo.	GAME_PROPOSAL
ELY_0606	31	Quake	Passo Quake	Mobilidade	6	Conceito jogável associado à natureza Quake, focado em tremor. Efeito numérico é balanceamento de jogo.	GAME_PROPOSAL
ELY_0607	31	Quake	Salto Quake	Mobilidade	7	Conceito jogável associado à natureza Quake, focado em tremor. Efeito numérico é balanceamento de jogo.	GAME_PROPOSAL
ELY_0608	31	Quake	Laço Quake	Controle	1	Conceito jogável associado à natureza Quake, focado em tremor. Efeito numérico é balanceamento de jogo.	GAME_PROPOSAL
ELY_0609	31	Quake	Prisão Quake	Controle	2	Conceito jogável associado à natureza Quake, focado em tremor. Efeito numérico é balanceamento de jogo.	GAME_PROPOSAL
ELY_0610	31	Quake	Pulso Quake	Ataque	3	Conceito jogável associado à natureza Quake, focado em tremor. Efeito numérico é balanceamento de jogo.	GAME_PROPOSAL
ELY_0611	31	Quake	Campo Quake	Controle	4	Conceito jogável associado à natureza Quake, focado em tremor. Efeito numérico é balanceamento de jogo.	GAME_PROPOSAL
ELY_0612	31	Quake	Reflexo Quake	Passiva	5	Conceito jogável associado à natureza Quake, focado em tremor. Efeito numérico é balanceamento de jogo.	GAME_PROPOSAL
ELY_0613	31	Quake	Instinto Quake	Passiva	6	Conceito jogável associado à natureza Quake, focado em tremor. Efeito numérico é balanceamento de jogo.	GAME_PROPOSAL
ELY_0614	31	Quake	Canal Quake	Suporte	7	Conceito jogável associado à natureza Quake, focado em tremor. Efeito numérico é balanceamento de jogo.	GAME_PROPOSAL
ELY_0615	31	Quake	Regeneração Quake	Suporte	1	Conceito jogável associado à natureza Quake, focado em tremor. Efeito numérico é balanceamento de jogo.	GAME_PROPOSAL
ELY_0616	31	Quake	Forma Quake	Especial	2	Conceito jogável associado à natureza Quake, focado em tremor. Efeito numérico é balanceamento de jogo.	GAME_PROPOSAL
ELY_0617	31	Quake	Ruptura Quake	Especial	3	Conceito jogável associado à natureza Quake, focado em tremor. Efeito numérico é balanceamento de jogo.	GAME_PROPOSAL
ELY_0618	31	Quake	Explosão Quake	Ataque	4	Conceito jogável associado à natureza Quake, focado em tremor. Efeito numérico é balanceamento de jogo.	GAME_PROPOSAL
ELY_0619	31	Quake	Domínio Quake	Controle	5	Conceito jogável associado à natureza Quake, focado em tremor. Efeito numérico é balanceamento de jogo.	GAME_PROPOSAL
ELY_0620	31	Quake	Despertar Quake	Suprema	6	Conceito jogável associado à natureza Quake, focado em tremor. Efeito numérico é balanceamento de jogo.	GAME_PROPOSAL
ELY_0621	32	Bloom	Golpe Bloom	Ataque	1	Conceito jogável associado à natureza Bloom, focado em cura. Efeito numérico é balanceamento de jogo.	GAME_PROPOSAL
ELY_0622	32	Bloom	Lança Bloom	Ataque	2	Conceito jogável associado à natureza Bloom, focado em cura. Efeito numérico é balanceamento de jogo.	GAME_PROPOSAL
ELY_0623	32	Bloom	Onda Bloom	Ataque	3	Conceito jogável associado à natureza Bloom, focado em cura. Efeito numérico é balanceamento de jogo.	GAME_PROPOSAL
ELY_0624	32	Bloom	Muralha Bloom	Defesa	4	Conceito jogável associado à natureza Bloom, focado em cura. Efeito numérico é balanceamento de jogo.	GAME_PROPOSAL
ELY_0625	32	Bloom	Manto Bloom	Defesa	5	Conceito jogável associado à natureza Bloom, focado em cura. Efeito numérico é balanceamento de jogo.	GAME_PROPOSAL
ELY_0626	32	Bloom	Passo Bloom	Mobilidade	6	Conceito jogável associado à natureza Bloom, focado em cura. Efeito numérico é balanceamento de jogo.	GAME_PROPOSAL
ELY_0627	32	Bloom	Salto Bloom	Mobilidade	7	Conceito jogável associado à natureza Bloom, focado em cura. Efeito numérico é balanceamento de jogo.	GAME_PROPOSAL
ELY_0628	32	Bloom	Laço Bloom	Controle	1	Conceito jogável associado à natureza Bloom, focado em cura. Efeito numérico é balanceamento de jogo.	GAME_PROPOSAL
ELY_0629	32	Bloom	Prisão Bloom	Controle	2	Conceito jogável associado à natureza Bloom, focado em cura. Efeito numérico é balanceamento de jogo.	GAME_PROPOSAL
ELY_0630	32	Bloom	Pulso Bloom	Ataque	3	Conceito jogável associado à natureza Bloom, focado em cura. Efeito numérico é balanceamento de jogo.	GAME_PROPOSAL
ELY_0631	32	Bloom	Campo Bloom	Controle	4	Conceito jogável associado à natureza Bloom, focado em cura. Efeito numérico é balanceamento de jogo.	GAME_PROPOSAL
ELY_0632	32	Bloom	Reflexo Bloom	Passiva	5	Conceito jogável associado à natureza Bloom, focado em cura. Efeito numérico é balanceamento de jogo.	GAME_PROPOSAL
ELY_0633	32	Bloom	Instinto Bloom	Passiva	6	Conceito jogável associado à natureza Bloom, focado em cura. Efeito numérico é balanceamento de jogo.	GAME_PROPOSAL
ELY_0634	32	Bloom	Canal Bloom	Suporte	7	Conceito jogável associado à natureza Bloom, focado em cura. Efeito numérico é balanceamento de jogo.	GAME_PROPOSAL
ELY_0635	32	Bloom	Regeneração Bloom	Suporte	1	Conceito jogável associado à natureza Bloom, focado em cura. Efeito numérico é balanceamento de jogo.	GAME_PROPOSAL
ELY_0636	32	Bloom	Forma Bloom	Especial	2	Conceito jogável associado à natureza Bloom, focado em cura. Efeito numérico é balanceamento de jogo.	GAME_PROPOSAL
ELY_0637	32	Bloom	Ruptura Bloom	Especial	3	Conceito jogável associado à natureza Bloom, focado em cura. Efeito numérico é balanceamento de jogo.	GAME_PROPOSAL
ELY_0638	32	Bloom	Explosão Bloom	Ataque	4	Conceito jogável associado à natureza Bloom, focado em cura. Efeito numérico é balanceamento de jogo.	GAME_PROPOSAL
ELY_0639	32	Bloom	Domínio Bloom	Controle	5	Conceito jogável associado à natureza Bloom, focado em cura. Efeito numérico é balanceamento de jogo.	GAME_PROPOSAL
ELY_0640	32	Bloom	Despertar Bloom	Suprema	6	Conceito jogável associado à natureza Bloom, focado em cura. Efeito numérico é balanceamento de jogo.	GAME_PROPOSAL
ELY_0641	33	Sky	Golpe Sky	Ataque	1	Conceito jogável associado à natureza Sky, focado em céu. Efeito numérico é balanceamento de jogo.	GAME_PROPOSAL
ELY_0642	33	Sky	Lança Sky	Ataque	2	Conceito jogável associado à natureza Sky, focado em céu. Efeito numérico é balanceamento de jogo.	GAME_PROPOSAL
ELY_0643	33	Sky	Onda Sky	Ataque	3	Conceito jogável associado à natureza Sky, focado em céu. Efeito numérico é balanceamento de jogo.	GAME_PROPOSAL
ELY_0644	33	Sky	Muralha Sky	Defesa	4	Conceito jogável associado à natureza Sky, focado em céu. Efeito numérico é balanceamento de jogo.	GAME_PROPOSAL
ELY_0645	33	Sky	Manto Sky	Defesa	5	Conceito jogável associado à natureza Sky, focado em céu. Efeito numérico é balanceamento de jogo.	GAME_PROPOSAL
ELY_0646	33	Sky	Passo Sky	Mobilidade	6	Conceito jogável associado à natureza Sky, focado em céu. Efeito numérico é balanceamento de jogo.	GAME_PROPOSAL
ELY_0647	33	Sky	Salto Sky	Mobilidade	7	Conceito jogável associado à natureza Sky, focado em céu. Efeito numérico é balanceamento de jogo.	GAME_PROPOSAL
ELY_0648	33	Sky	Laço Sky	Controle	1	Conceito jogável associado à natureza Sky, focado em céu. Efeito numérico é balanceamento de jogo.	GAME_PROPOSAL
ELY_0649	33	Sky	Prisão Sky	Controle	2	Conceito jogável associado à natureza Sky, focado em céu. Efeito numérico é balanceamento de jogo.	GAME_PROPOSAL
ELY_0650	33	Sky	Pulso Sky	Ataque	3	Conceito jogável associado à natureza Sky, focado em céu. Efeito numérico é balanceamento de jogo.	GAME_PROPOSAL
ELY_0651	33	Sky	Campo Sky	Controle	4	Conceito jogável associado à natureza Sky, focado em céu. Efeito numérico é balanceamento de jogo.	GAME_PROPOSAL
ELY_0652	33	Sky	Reflexo Sky	Passiva	5	Conceito jogável associado à natureza Sky, focado em céu. Efeito numérico é balanceamento de jogo.	GAME_PROPOSAL
ELY_0653	33	Sky	Instinto Sky	Passiva	6	Conceito jogável associado à natureza Sky, focado em céu. Efeito numérico é balanceamento de jogo.	GAME_PROPOSAL
ELY_0654	33	Sky	Canal Sky	Suporte	7	Conceito jogável associado à natureza Sky, focado em céu. Efeito numérico é balanceamento de jogo.	GAME_PROPOSAL
ELY_0655	33	Sky	Regeneração Sky	Suporte	1	Conceito jogável associado à natureza Sky, focado em céu. Efeito numérico é balanceamento de jogo.	GAME_PROPOSAL
ELY_0656	33	Sky	Forma Sky	Especial	2	Conceito jogável associado à natureza Sky, focado em céu. Efeito numérico é balanceamento de jogo.	GAME_PROPOSAL
ELY_0657	33	Sky	Ruptura Sky	Especial	3	Conceito jogável associado à natureza Sky, focado em céu. Efeito numérico é balanceamento de jogo.	GAME_PROPOSAL
ELY_0658	33	Sky	Explosão Sky	Ataque	4	Conceito jogável associado à natureza Sky, focado em céu. Efeito numérico é balanceamento de jogo.	GAME_PROPOSAL
ELY_0659	33	Sky	Domínio Sky	Controle	5	Conceito jogável associado à natureza Sky, focado em céu. Efeito numérico é balanceamento de jogo.	GAME_PROPOSAL
ELY_0660	33	Sky	Despertar Sky	Suprema	6	Conceito jogável associado à natureza Sky, focado em céu. Efeito numérico é balanceamento de jogo.	GAME_PROPOSAL
ELY_0661	34	Echo	Golpe Echo	Ataque	1	Conceito jogável associado à natureza Echo, focado em som. Efeito numérico é balanceamento de jogo.	GAME_PROPOSAL
ELY_0662	34	Echo	Lança Echo	Ataque	2	Conceito jogável associado à natureza Echo, focado em som. Efeito numérico é balanceamento de jogo.	GAME_PROPOSAL
ELY_0663	34	Echo	Onda Echo	Ataque	3	Conceito jogável associado à natureza Echo, focado em som. Efeito numérico é balanceamento de jogo.	GAME_PROPOSAL
ELY_0664	34	Echo	Muralha Echo	Defesa	4	Conceito jogável associado à natureza Echo, focado em som. Efeito numérico é balanceamento de jogo.	GAME_PROPOSAL
ELY_0665	34	Echo	Manto Echo	Defesa	5	Conceito jogável associado à natureza Echo, focado em som. Efeito numérico é balanceamento de jogo.	GAME_PROPOSAL
ELY_0666	34	Echo	Passo Echo	Mobilidade	6	Conceito jogável associado à natureza Echo, focado em som. Efeito numérico é balanceamento de jogo.	GAME_PROPOSAL
ELY_0667	34	Echo	Salto Echo	Mobilidade	7	Conceito jogável associado à natureza Echo, focado em som. Efeito numérico é balanceamento de jogo.	GAME_PROPOSAL
ELY_0668	34	Echo	Laço Echo	Controle	1	Conceito jogável associado à natureza Echo, focado em som. Efeito numérico é balanceamento de jogo.	GAME_PROPOSAL
ELY_0669	34	Echo	Prisão Echo	Controle	2	Conceito jogável associado à natureza Echo, focado em som. Efeito numérico é balanceamento de jogo.	GAME_PROPOSAL
ELY_0670	34	Echo	Pulso Echo	Ataque	3	Conceito jogável associado à natureza Echo, focado em som. Efeito numérico é balanceamento de jogo.	GAME_PROPOSAL
ELY_0671	34	Echo	Campo Echo	Controle	4	Conceito jogável associado à natureza Echo, focado em som. Efeito numérico é balanceamento de jogo.	GAME_PROPOSAL
ELY_0672	34	Echo	Reflexo Echo	Passiva	5	Conceito jogável associado à natureza Echo, focado em som. Efeito numérico é balanceamento de jogo.	GAME_PROPOSAL
ELY_0673	34	Echo	Instinto Echo	Passiva	6	Conceito jogável associado à natureza Echo, focado em som. Efeito numérico é balanceamento de jogo.	GAME_PROPOSAL
ELY_0674	34	Echo	Canal Echo	Suporte	7	Conceito jogável associado à natureza Echo, focado em som. Efeito numérico é balanceamento de jogo.	GAME_PROPOSAL
ELY_0675	34	Echo	Regeneração Echo	Suporte	1	Conceito jogável associado à natureza Echo, focado em som. Efeito numérico é balanceamento de jogo.	GAME_PROPOSAL
ELY_0676	34	Echo	Forma Echo	Especial	2	Conceito jogável associado à natureza Echo, focado em som. Efeito numérico é balanceamento de jogo.	GAME_PROPOSAL
ELY_0677	34	Echo	Ruptura Echo	Especial	3	Conceito jogável associado à natureza Echo, focado em som. Efeito numérico é balanceamento de jogo.	GAME_PROPOSAL
ELY_0678	34	Echo	Explosão Echo	Ataque	4	Conceito jogável associado à natureza Echo, focado em som. Efeito numérico é balanceamento de jogo.	GAME_PROPOSAL
ELY_0679	34	Echo	Domínio Echo	Controle	5	Conceito jogável associado à natureza Echo, focado em som. Efeito numérico é balanceamento de jogo.	GAME_PROPOSAL
ELY_0680	34	Echo	Despertar Echo	Suprema	6	Conceito jogável associado à natureza Echo, focado em som. Efeito numérico é balanceamento de jogo.	GAME_PROPOSAL
ELY_0681	35	Root	Golpe Root	Ataque	1	Conceito jogável associado à natureza Root, focado em enraizamento. Efeito numérico é balanceamento de jogo.	GAME_PROPOSAL
ELY_0682	35	Root	Lança Root	Ataque	2	Conceito jogável associado à natureza Root, focado em enraizamento. Efeito numérico é balanceamento de jogo.	GAME_PROPOSAL
ELY_0683	35	Root	Onda Root	Ataque	3	Conceito jogável associado à natureza Root, focado em enraizamento. Efeito numérico é balanceamento de jogo.	GAME_PROPOSAL
ELY_0684	35	Root	Muralha Root	Defesa	4	Conceito jogável associado à natureza Root, focado em enraizamento. Efeito numérico é balanceamento de jogo.	GAME_PROPOSAL
ELY_0685	35	Root	Manto Root	Defesa	5	Conceito jogável associado à natureza Root, focado em enraizamento. Efeito numérico é balanceamento de jogo.	GAME_PROPOSAL
ELY_0686	35	Root	Passo Root	Mobilidade	6	Conceito jogável associado à natureza Root, focado em enraizamento. Efeito numérico é balanceamento de jogo.	GAME_PROPOSAL
ELY_0687	35	Root	Salto Root	Mobilidade	7	Conceito jogável associado à natureza Root, focado em enraizamento. Efeito numérico é balanceamento de jogo.	GAME_PROPOSAL
ELY_0688	35	Root	Laço Root	Controle	1	Conceito jogável associado à natureza Root, focado em enraizamento. Efeito numérico é balanceamento de jogo.	GAME_PROPOSAL
ELY_0689	35	Root	Prisão Root	Controle	2	Conceito jogável associado à natureza Root, focado em enraizamento. Efeito numérico é balanceamento de jogo.	GAME_PROPOSAL
ELY_0690	35	Root	Pulso Root	Ataque	3	Conceito jogável associado à natureza Root, focado em enraizamento. Efeito numérico é balanceamento de jogo.	GAME_PROPOSAL
ELY_0691	35	Root	Campo Root	Controle	4	Conceito jogável associado à natureza Root, focado em enraizamento. Efeito numérico é balanceamento de jogo.	GAME_PROPOSAL
ELY_0692	35	Root	Reflexo Root	Passiva	5	Conceito jogável associado à natureza Root, focado em enraizamento. Efeito numérico é balanceamento de jogo.	GAME_PROPOSAL
ELY_0693	35	Root	Instinto Root	Passiva	6	Conceito jogável associado à natureza Root, focado em enraizamento. Efeito numérico é balanceamento de jogo.	GAME_PROPOSAL
ELY_0694	35	Root	Canal Root	Suporte	7	Conceito jogável associado à natureza Root, focado em enraizamento. Efeito numérico é balanceamento de jogo.	GAME_PROPOSAL
ELY_0695	35	Root	Regeneração Root	Suporte	1	Conceito jogável associado à natureza Root, focado em enraizamento. Efeito numérico é balanceamento de jogo.	GAME_PROPOSAL
ELY_0696	35	Root	Forma Root	Especial	2	Conceito jogável associado à natureza Root, focado em enraizamento. Efeito numérico é balanceamento de jogo.	GAME_PROPOSAL
ELY_0697	35	Root	Ruptura Root	Especial	3	Conceito jogável associado à natureza Root, focado em enraizamento. Efeito numérico é balanceamento de jogo.	GAME_PROPOSAL
ELY_0698	35	Root	Explosão Root	Ataque	4	Conceito jogável associado à natureza Root, focado em enraizamento. Efeito numérico é balanceamento de jogo.	GAME_PROPOSAL
ELY_0699	35	Root	Domínio Root	Controle	5	Conceito jogável associado à natureza Root, focado em enraizamento. Efeito numérico é balanceamento de jogo.	GAME_PROPOSAL
ELY_0700	35	Root	Despertar Root	Suprema	6	Conceito jogável associado à natureza Root, focado em enraizamento. Efeito numérico é balanceamento de jogo.	GAME_PROPOSAL
ELY_0701	36	Vine	Golpe Vine	Ataque	1	Conceito jogável associado à natureza Vine, focado em trepadeira. Efeito numérico é balanceamento de jogo.	GAME_PROPOSAL
ELY_0702	36	Vine	Lança Vine	Ataque	2	Conceito jogável associado à natureza Vine, focado em trepadeira. Efeito numérico é balanceamento de jogo.	GAME_PROPOSAL
ELY_0703	36	Vine	Onda Vine	Ataque	3	Conceito jogável associado à natureza Vine, focado em trepadeira. Efeito numérico é balanceamento de jogo.	GAME_PROPOSAL
ELY_0704	36	Vine	Muralha Vine	Defesa	4	Conceito jogável associado à natureza Vine, focado em trepadeira. Efeito numérico é balanceamento de jogo.	GAME_PROPOSAL
ELY_0705	36	Vine	Manto Vine	Defesa	5	Conceito jogável associado à natureza Vine, focado em trepadeira. Efeito numérico é balanceamento de jogo.	GAME_PROPOSAL
ELY_0706	36	Vine	Passo Vine	Mobilidade	6	Conceito jogável associado à natureza Vine, focado em trepadeira. Efeito numérico é balanceamento de jogo.	GAME_PROPOSAL
ELY_0707	36	Vine	Salto Vine	Mobilidade	7	Conceito jogável associado à natureza Vine, focado em trepadeira. Efeito numérico é balanceamento de jogo.	GAME_PROPOSAL
ELY_0708	36	Vine	Laço Vine	Controle	1	Conceito jogável associado à natureza Vine, focado em trepadeira. Efeito numérico é balanceamento de jogo.	GAME_PROPOSAL
ELY_0709	36	Vine	Prisão Vine	Controle	2	Conceito jogável associado à natureza Vine, focado em trepadeira. Efeito numérico é balanceamento de jogo.	GAME_PROPOSAL
ELY_0710	36	Vine	Pulso Vine	Ataque	3	Conceito jogável associado à natureza Vine, focado em trepadeira. Efeito numérico é balanceamento de jogo.	GAME_PROPOSAL
ELY_0711	36	Vine	Campo Vine	Controle	4	Conceito jogável associado à natureza Vine, focado em trepadeira. Efeito numérico é balanceamento de jogo.	GAME_PROPOSAL
ELY_0712	36	Vine	Reflexo Vine	Passiva	5	Conceito jogável associado à natureza Vine, focado em trepadeira. Efeito numérico é balanceamento de jogo.	GAME_PROPOSAL
ELY_0713	36	Vine	Instinto Vine	Passiva	6	Conceito jogável associado à natureza Vine, focado em trepadeira. Efeito numérico é balanceamento de jogo.	GAME_PROPOSAL
ELY_0714	36	Vine	Canal Vine	Suporte	7	Conceito jogável associado à natureza Vine, focado em trepadeira. Efeito numérico é balanceamento de jogo.	GAME_PROPOSAL
ELY_0715	36	Vine	Regeneração Vine	Suporte	1	Conceito jogável associado à natureza Vine, focado em trepadeira. Efeito numérico é balanceamento de jogo.	GAME_PROPOSAL
ELY_0716	36	Vine	Forma Vine	Especial	2	Conceito jogável associado à natureza Vine, focado em trepadeira. Efeito numérico é balanceamento de jogo.	GAME_PROPOSAL
ELY_0717	36	Vine	Ruptura Vine	Especial	3	Conceito jogável associado à natureza Vine, focado em trepadeira. Efeito numérico é balanceamento de jogo.	GAME_PROPOSAL
ELY_0718	36	Vine	Explosão Vine	Ataque	4	Conceito jogável associado à natureza Vine, focado em trepadeira. Efeito numérico é balanceamento de jogo.	GAME_PROPOSAL
ELY_0719	36	Vine	Domínio Vine	Controle	5	Conceito jogável associado à natureza Vine, focado em trepadeira. Efeito numérico é balanceamento de jogo.	GAME_PROPOSAL
ELY_0720	36	Vine	Despertar Vine	Suprema	6	Conceito jogável associado à natureza Vine, focado em trepadeira. Efeito numérico é balanceamento de jogo.	GAME_PROPOSAL
ELY_0721	37	Brine	Golpe Brine	Ataque	1	Conceito jogável associado à natureza Brine, focado em sal. Efeito numérico é balanceamento de jogo.	GAME_PROPOSAL
ELY_0722	37	Brine	Lança Brine	Ataque	2	Conceito jogável associado à natureza Brine, focado em sal. Efeito numérico é balanceamento de jogo.	GAME_PROPOSAL
ELY_0723	37	Brine	Onda Brine	Ataque	3	Conceito jogável associado à natureza Brine, focado em sal. Efeito numérico é balanceamento de jogo.	GAME_PROPOSAL
ELY_0724	37	Brine	Muralha Brine	Defesa	4	Conceito jogável associado à natureza Brine, focado em sal. Efeito numérico é balanceamento de jogo.	GAME_PROPOSAL
ELY_0725	37	Brine	Manto Brine	Defesa	5	Conceito jogável associado à natureza Brine, focado em sal. Efeito numérico é balanceamento de jogo.	GAME_PROPOSAL
ELY_0726	37	Brine	Passo Brine	Mobilidade	6	Conceito jogável associado à natureza Brine, focado em sal. Efeito numérico é balanceamento de jogo.	GAME_PROPOSAL
ELY_0727	37	Brine	Salto Brine	Mobilidade	7	Conceito jogável associado à natureza Brine, focado em sal. Efeito numérico é balanceamento de jogo.	GAME_PROPOSAL
ELY_0728	37	Brine	Laço Brine	Controle	1	Conceito jogável associado à natureza Brine, focado em sal. Efeito numérico é balanceamento de jogo.	GAME_PROPOSAL
ELY_0729	37	Brine	Prisão Brine	Controle	2	Conceito jogável associado à natureza Brine, focado em sal. Efeito numérico é balanceamento de jogo.	GAME_PROPOSAL
ELY_0730	37	Brine	Pulso Brine	Ataque	3	Conceito jogável associado à natureza Brine, focado em sal. Efeito numérico é balanceamento de jogo.	GAME_PROPOSAL
ELY_0731	37	Brine	Campo Brine	Controle	4	Conceito jogável associado à natureza Brine, focado em sal. Efeito numérico é balanceamento de jogo.	GAME_PROPOSAL
ELY_0732	37	Brine	Reflexo Brine	Passiva	5	Conceito jogável associado à natureza Brine, focado em sal. Efeito numérico é balanceamento de jogo.	GAME_PROPOSAL
ELY_0733	37	Brine	Instinto Brine	Passiva	6	Conceito jogável associado à natureza Brine, focado em sal. Efeito numérico é balanceamento de jogo.	GAME_PROPOSAL
ELY_0734	37	Brine	Canal Brine	Suporte	7	Conceito jogável associado à natureza Brine, focado em sal. Efeito numérico é balanceamento de jogo.	GAME_PROPOSAL
ELY_0735	37	Brine	Regeneração Brine	Suporte	1	Conceito jogável associado à natureza Brine, focado em sal. Efeito numérico é balanceamento de jogo.	GAME_PROPOSAL
ELY_0736	37	Brine	Forma Brine	Especial	2	Conceito jogável associado à natureza Brine, focado em sal. Efeito numérico é balanceamento de jogo.	GAME_PROPOSAL
ELY_0737	37	Brine	Ruptura Brine	Especial	3	Conceito jogável associado à natureza Brine, focado em sal. Efeito numérico é balanceamento de jogo.	GAME_PROPOSAL
ELY_0738	37	Brine	Explosão Brine	Ataque	4	Conceito jogável associado à natureza Brine, focado em sal. Efeito numérico é balanceamento de jogo.	GAME_PROPOSAL
ELY_0739	37	Brine	Domínio Brine	Controle	5	Conceito jogável associado à natureza Brine, focado em sal. Efeito numérico é balanceamento de jogo.	GAME_PROPOSAL
ELY_0740	37	Brine	Despertar Brine	Suprema	6	Conceito jogável associado à natureza Brine, focado em sal. Efeito numérico é balanceamento de jogo.	GAME_PROPOSAL
ELY_0741	38	Halo	Golpe Halo	Ataque	1	Conceito jogável associado à natureza Halo, focado em proteção. Efeito numérico é balanceamento de jogo.	GAME_PROPOSAL
ELY_0742	38	Halo	Lança Halo	Ataque	2	Conceito jogável associado à natureza Halo, focado em proteção. Efeito numérico é balanceamento de jogo.	GAME_PROPOSAL
ELY_0743	38	Halo	Onda Halo	Ataque	3	Conceito jogável associado à natureza Halo, focado em proteção. Efeito numérico é balanceamento de jogo.	GAME_PROPOSAL
ELY_0744	38	Halo	Muralha Halo	Defesa	4	Conceito jogável associado à natureza Halo, focado em proteção. Efeito numérico é balanceamento de jogo.	GAME_PROPOSAL
ELY_0745	38	Halo	Manto Halo	Defesa	5	Conceito jogável associado à natureza Halo, focado em proteção. Efeito numérico é balanceamento de jogo.	GAME_PROPOSAL
ELY_0746	38	Halo	Passo Halo	Mobilidade	6	Conceito jogável associado à natureza Halo, focado em proteção. Efeito numérico é balanceamento de jogo.	GAME_PROPOSAL
ELY_0747	38	Halo	Salto Halo	Mobilidade	7	Conceito jogável associado à natureza Halo, focado em proteção. Efeito numérico é balanceamento de jogo.	GAME_PROPOSAL
ELY_0748	38	Halo	Laço Halo	Controle	1	Conceito jogável associado à natureza Halo, focado em proteção. Efeito numérico é balanceamento de jogo.	GAME_PROPOSAL
ELY_0749	38	Halo	Prisão Halo	Controle	2	Conceito jogável associado à natureza Halo, focado em proteção. Efeito numérico é balanceamento de jogo.	GAME_PROPOSAL
ELY_0750	38	Halo	Pulso Halo	Ataque	3	Conceito jogável associado à natureza Halo, focado em proteção. Efeito numérico é balanceamento de jogo.	GAME_PROPOSAL
ELY_0751	38	Halo	Campo Halo	Controle	4	Conceito jogável associado à natureza Halo, focado em proteção. Efeito numérico é balanceamento de jogo.	GAME_PROPOSAL
ELY_0752	38	Halo	Reflexo Halo	Passiva	5	Conceito jogável associado à natureza Halo, focado em proteção. Efeito numérico é balanceamento de jogo.	GAME_PROPOSAL
ELY_0753	38	Halo	Instinto Halo	Passiva	6	Conceito jogável associado à natureza Halo, focado em proteção. Efeito numérico é balanceamento de jogo.	GAME_PROPOSAL
ELY_0754	38	Halo	Canal Halo	Suporte	7	Conceito jogável associado à natureza Halo, focado em proteção. Efeito numérico é balanceamento de jogo.	GAME_PROPOSAL
ELY_0755	38	Halo	Regeneração Halo	Suporte	1	Conceito jogável associado à natureza Halo, focado em proteção. Efeito numérico é balanceamento de jogo.	GAME_PROPOSAL
ELY_0756	38	Halo	Forma Halo	Especial	2	Conceito jogável associado à natureza Halo, focado em proteção. Efeito numérico é balanceamento de jogo.	GAME_PROPOSAL
ELY_0757	38	Halo	Ruptura Halo	Especial	3	Conceito jogável associado à natureza Halo, focado em proteção. Efeito numérico é balanceamento de jogo.	GAME_PROPOSAL
ELY_0758	38	Halo	Explosão Halo	Ataque	4	Conceito jogável associado à natureza Halo, focado em proteção. Efeito numérico é balanceamento de jogo.	GAME_PROPOSAL
ELY_0759	38	Halo	Domínio Halo	Controle	5	Conceito jogável associado à natureza Halo, focado em proteção. Efeito numérico é balanceamento de jogo.	GAME_PROPOSAL
ELY_0760	38	Halo	Despertar Halo	Suprema	6	Conceito jogável associado à natureza Halo, focado em proteção. Efeito numérico é balanceamento de jogo.	GAME_PROPOSAL
ELY_0761	39	Sand	Golpe Sand	Ataque	1	Conceito jogável associado à natureza Sand, focado em areia. Efeito numérico é balanceamento de jogo.	GAME_PROPOSAL
ELY_0762	39	Sand	Lança Sand	Ataque	2	Conceito jogável associado à natureza Sand, focado em areia. Efeito numérico é balanceamento de jogo.	GAME_PROPOSAL
ELY_0763	39	Sand	Onda Sand	Ataque	3	Conceito jogável associado à natureza Sand, focado em areia. Efeito numérico é balanceamento de jogo.	GAME_PROPOSAL
ELY_0764	39	Sand	Muralha Sand	Defesa	4	Conceito jogável associado à natureza Sand, focado em areia. Efeito numérico é balanceamento de jogo.	GAME_PROPOSAL
ELY_0765	39	Sand	Manto Sand	Defesa	5	Conceito jogável associado à natureza Sand, focado em areia. Efeito numérico é balanceamento de jogo.	GAME_PROPOSAL
ELY_0766	39	Sand	Passo Sand	Mobilidade	6	Conceito jogável associado à natureza Sand, focado em areia. Efeito numérico é balanceamento de jogo.	GAME_PROPOSAL
ELY_0767	39	Sand	Salto Sand	Mobilidade	7	Conceito jogável associado à natureza Sand, focado em areia. Efeito numérico é balanceamento de jogo.	GAME_PROPOSAL
ELY_0768	39	Sand	Laço Sand	Controle	1	Conceito jogável associado à natureza Sand, focado em areia. Efeito numérico é balanceamento de jogo.	GAME_PROPOSAL
ELY_0769	39	Sand	Prisão Sand	Controle	2	Conceito jogável associado à natureza Sand, focado em areia. Efeito numérico é balanceamento de jogo.	GAME_PROPOSAL
ELY_0770	39	Sand	Pulso Sand	Ataque	3	Conceito jogável associado à natureza Sand, focado em areia. Efeito numérico é balanceamento de jogo.	GAME_PROPOSAL
ELY_0771	39	Sand	Campo Sand	Controle	4	Conceito jogável associado à natureza Sand, focado em areia. Efeito numérico é balanceamento de jogo.	GAME_PROPOSAL
ELY_0772	39	Sand	Reflexo Sand	Passiva	5	Conceito jogável associado à natureza Sand, focado em areia. Efeito numérico é balanceamento de jogo.	GAME_PROPOSAL
ELY_0773	39	Sand	Instinto Sand	Passiva	6	Conceito jogável associado à natureza Sand, focado em areia. Efeito numérico é balanceamento de jogo.	GAME_PROPOSAL
ELY_0774	39	Sand	Canal Sand	Suporte	7	Conceito jogável associado à natureza Sand, focado em areia. Efeito numérico é balanceamento de jogo.	GAME_PROPOSAL
ELY_0775	39	Sand	Regeneração Sand	Suporte	1	Conceito jogável associado à natureza Sand, focado em areia. Efeito numérico é balanceamento de jogo.	GAME_PROPOSAL
ELY_0776	39	Sand	Forma Sand	Especial	2	Conceito jogável associado à natureza Sand, focado em areia. Efeito numérico é balanceamento de jogo.	GAME_PROPOSAL
ELY_0777	39	Sand	Ruptura Sand	Especial	3	Conceito jogável associado à natureza Sand, focado em areia. Efeito numérico é balanceamento de jogo.	GAME_PROPOSAL
ELY_0778	39	Sand	Explosão Sand	Ataque	4	Conceito jogável associado à natureza Sand, focado em areia. Efeito numérico é balanceamento de jogo.	GAME_PROPOSAL
ELY_0779	39	Sand	Domínio Sand	Controle	5	Conceito jogável associado à natureza Sand, focado em areia. Efeito numérico é balanceamento de jogo.	GAME_PROPOSAL
ELY_0780	39	Sand	Despertar Sand	Suprema	6	Conceito jogável associado à natureza Sand, focado em areia. Efeito numérico é balanceamento de jogo.	GAME_PROPOSAL
ELY_0781	40	Gloom	Golpe Gloom	Ataque	1	Conceito jogável associado à natureza Gloom, focado em melancolia. Efeito numérico é balanceamento de jogo.	GAME_PROPOSAL
ELY_0782	40	Gloom	Lança Gloom	Ataque	2	Conceito jogável associado à natureza Gloom, focado em melancolia. Efeito numérico é balanceamento de jogo.	GAME_PROPOSAL
ELY_0783	40	Gloom	Onda Gloom	Ataque	3	Conceito jogável associado à natureza Gloom, focado em melancolia. Efeito numérico é balanceamento de jogo.	GAME_PROPOSAL
ELY_0784	40	Gloom	Muralha Gloom	Defesa	4	Conceito jogável associado à natureza Gloom, focado em melancolia. Efeito numérico é balanceamento de jogo.	GAME_PROPOSAL
ELY_0785	40	Gloom	Manto Gloom	Defesa	5	Conceito jogável associado à natureza Gloom, focado em melancolia. Efeito numérico é balanceamento de jogo.	GAME_PROPOSAL
ELY_0786	40	Gloom	Passo Gloom	Mobilidade	6	Conceito jogável associado à natureza Gloom, focado em melancolia. Efeito numérico é balanceamento de jogo.	GAME_PROPOSAL
ELY_0787	40	Gloom	Salto Gloom	Mobilidade	7	Conceito jogável associado à natureza Gloom, focado em melancolia. Efeito numérico é balanceamento de jogo.	GAME_PROPOSAL
ELY_0788	40	Gloom	Laço Gloom	Controle	1	Conceito jogável associado à natureza Gloom, focado em melancolia. Efeito numérico é balanceamento de jogo.	GAME_PROPOSAL
ELY_0789	40	Gloom	Prisão Gloom	Controle	2	Conceito jogável associado à natureza Gloom, focado em melancolia. Efeito numérico é balanceamento de jogo.	GAME_PROPOSAL
ELY_0790	40	Gloom	Pulso Gloom	Ataque	3	Conceito jogável associado à natureza Gloom, focado em melancolia. Efeito numérico é balanceamento de jogo.	GAME_PROPOSAL
ELY_0791	40	Gloom	Campo Gloom	Controle	4	Conceito jogável associado à natureza Gloom, focado em melancolia. Efeito numérico é balanceamento de jogo.	GAME_PROPOSAL
ELY_0792	40	Gloom	Reflexo Gloom	Passiva	5	Conceito jogável associado à natureza Gloom, focado em melancolia. Efeito numérico é balanceamento de jogo.	GAME_PROPOSAL
ELY_0793	40	Gloom	Instinto Gloom	Passiva	6	Conceito jogável associado à natureza Gloom, focado em melancolia. Efeito numérico é balanceamento de jogo.	GAME_PROPOSAL
ELY_0794	40	Gloom	Canal Gloom	Suporte	7	Conceito jogável associado à natureza Gloom, focado em melancolia. Efeito numérico é balanceamento de jogo.	GAME_PROPOSAL
ELY_0795	40	Gloom	Regeneração Gloom	Suporte	1	Conceito jogável associado à natureza Gloom, focado em melancolia. Efeito numérico é balanceamento de jogo.	GAME_PROPOSAL
ELY_0796	40	Gloom	Forma Gloom	Especial	2	Conceito jogável associado à natureza Gloom, focado em melancolia. Efeito numérico é balanceamento de jogo.	GAME_PROPOSAL
ELY_0797	40	Gloom	Ruptura Gloom	Especial	3	Conceito jogável associado à natureza Gloom, focado em melancolia. Efeito numérico é balanceamento de jogo.	GAME_PROPOSAL
ELY_0798	40	Gloom	Explosão Gloom	Ataque	4	Conceito jogável associado à natureza Gloom, focado em melancolia. Efeito numérico é balanceamento de jogo.	GAME_PROPOSAL
ELY_0799	40	Gloom	Domínio Gloom	Controle	5	Conceito jogável associado à natureza Gloom, focado em melancolia. Efeito numérico é balanceamento de jogo.	GAME_PROPOSAL
ELY_0800	40	Gloom	Despertar Gloom	Suprema	6	Conceito jogável associado à natureza Gloom, focado em melancolia. Efeito numérico é balanceamento de jogo.	GAME_PROPOSAL
ELY_0801	41	Moss	Golpe Moss	Ataque	1	Conceito jogável associado à natureza Moss, focado em cobertura. Efeito numérico é balanceamento de jogo.	GAME_PROPOSAL
ELY_0802	41	Moss	Lança Moss	Ataque	2	Conceito jogável associado à natureza Moss, focado em cobertura. Efeito numérico é balanceamento de jogo.	GAME_PROPOSAL
ELY_0803	41	Moss	Onda Moss	Ataque	3	Conceito jogável associado à natureza Moss, focado em cobertura. Efeito numérico é balanceamento de jogo.	GAME_PROPOSAL
ELY_0804	41	Moss	Muralha Moss	Defesa	4	Conceito jogável associado à natureza Moss, focado em cobertura. Efeito numérico é balanceamento de jogo.	GAME_PROPOSAL
ELY_0805	41	Moss	Manto Moss	Defesa	5	Conceito jogável associado à natureza Moss, focado em cobertura. Efeito numérico é balanceamento de jogo.	GAME_PROPOSAL
ELY_0806	41	Moss	Passo Moss	Mobilidade	6	Conceito jogável associado à natureza Moss, focado em cobertura. Efeito numérico é balanceamento de jogo.	GAME_PROPOSAL
ELY_0807	41	Moss	Salto Moss	Mobilidade	7	Conceito jogável associado à natureza Moss, focado em cobertura. Efeito numérico é balanceamento de jogo.	GAME_PROPOSAL
ELY_0808	41	Moss	Laço Moss	Controle	1	Conceito jogável associado à natureza Moss, focado em cobertura. Efeito numérico é balanceamento de jogo.	GAME_PROPOSAL
ELY_0809	41	Moss	Prisão Moss	Controle	2	Conceito jogável associado à natureza Moss, focado em cobertura. Efeito numérico é balanceamento de jogo.	GAME_PROPOSAL
ELY_0810	41	Moss	Pulso Moss	Ataque	3	Conceito jogável associado à natureza Moss, focado em cobertura. Efeito numérico é balanceamento de jogo.	GAME_PROPOSAL
ELY_0811	41	Moss	Campo Moss	Controle	4	Conceito jogável associado à natureza Moss, focado em cobertura. Efeito numérico é balanceamento de jogo.	GAME_PROPOSAL
ELY_0812	41	Moss	Reflexo Moss	Passiva	5	Conceito jogável associado à natureza Moss, focado em cobertura. Efeito numérico é balanceamento de jogo.	GAME_PROPOSAL
ELY_0813	41	Moss	Instinto Moss	Passiva	6	Conceito jogável associado à natureza Moss, focado em cobertura. Efeito numérico é balanceamento de jogo.	GAME_PROPOSAL
ELY_0814	41	Moss	Canal Moss	Suporte	7	Conceito jogável associado à natureza Moss, focado em cobertura. Efeito numérico é balanceamento de jogo.	GAME_PROPOSAL
ELY_0815	41	Moss	Regeneração Moss	Suporte	1	Conceito jogável associado à natureza Moss, focado em cobertura. Efeito numérico é balanceamento de jogo.	GAME_PROPOSAL
ELY_0816	41	Moss	Forma Moss	Especial	2	Conceito jogável associado à natureza Moss, focado em cobertura. Efeito numérico é balanceamento de jogo.	GAME_PROPOSAL
ELY_0817	41	Moss	Ruptura Moss	Especial	3	Conceito jogável associado à natureza Moss, focado em cobertura. Efeito numérico é balanceamento de jogo.	GAME_PROPOSAL
ELY_0818	41	Moss	Explosão Moss	Ataque	4	Conceito jogável associado à natureza Moss, focado em cobertura. Efeito numérico é balanceamento de jogo.	GAME_PROPOSAL
ELY_0819	41	Moss	Domínio Moss	Controle	5	Conceito jogável associado à natureza Moss, focado em cobertura. Efeito numérico é balanceamento de jogo.	GAME_PROPOSAL
ELY_0820	41	Moss	Despertar Moss	Suprema	6	Conceito jogável associado à natureza Moss, focado em cobertura. Efeito numérico é balanceamento de jogo.	GAME_PROPOSAL
ELY_0821	42	Abyss	Golpe Abyss	Ataque	1	Conceito jogável associado à natureza Abyss, focado em profundidade. Efeito numérico é balanceamento de jogo.	GAME_PROPOSAL
ELY_0822	42	Abyss	Lança Abyss	Ataque	2	Conceito jogável associado à natureza Abyss, focado em profundidade. Efeito numérico é balanceamento de jogo.	GAME_PROPOSAL
ELY_0823	42	Abyss	Onda Abyss	Ataque	3	Conceito jogável associado à natureza Abyss, focado em profundidade. Efeito numérico é balanceamento de jogo.	GAME_PROPOSAL
ELY_0824	42	Abyss	Muralha Abyss	Defesa	4	Conceito jogável associado à natureza Abyss, focado em profundidade. Efeito numérico é balanceamento de jogo.	GAME_PROPOSAL
ELY_0825	42	Abyss	Manto Abyss	Defesa	5	Conceito jogável associado à natureza Abyss, focado em profundidade. Efeito numérico é balanceamento de jogo.	GAME_PROPOSAL
ELY_0826	42	Abyss	Passo Abyss	Mobilidade	6	Conceito jogável associado à natureza Abyss, focado em profundidade. Efeito numérico é balanceamento de jogo.	GAME_PROPOSAL
ELY_0827	42	Abyss	Salto Abyss	Mobilidade	7	Conceito jogável associado à natureza Abyss, focado em profundidade. Efeito numérico é balanceamento de jogo.	GAME_PROPOSAL
ELY_0828	42	Abyss	Laço Abyss	Controle	1	Conceito jogável associado à natureza Abyss, focado em profundidade. Efeito numérico é balanceamento de jogo.	GAME_PROPOSAL
ELY_0829	42	Abyss	Prisão Abyss	Controle	2	Conceito jogável associado à natureza Abyss, focado em profundidade. Efeito numérico é balanceamento de jogo.	GAME_PROPOSAL
ELY_0830	42	Abyss	Pulso Abyss	Ataque	3	Conceito jogável associado à natureza Abyss, focado em profundidade. Efeito numérico é balanceamento de jogo.	GAME_PROPOSAL
ELY_0831	42	Abyss	Campo Abyss	Controle	4	Conceito jogável associado à natureza Abyss, focado em profundidade. Efeito numérico é balanceamento de jogo.	GAME_PROPOSAL
ELY_0832	42	Abyss	Reflexo Abyss	Passiva	5	Conceito jogável associado à natureza Abyss, focado em profundidade. Efeito numérico é balanceamento de jogo.	GAME_PROPOSAL
ELY_0833	42	Abyss	Instinto Abyss	Passiva	6	Conceito jogável associado à natureza Abyss, focado em profundidade. Efeito numérico é balanceamento de jogo.	GAME_PROPOSAL
ELY_0834	42	Abyss	Canal Abyss	Suporte	7	Conceito jogável associado à natureza Abyss, focado em profundidade. Efeito numérico é balanceamento de jogo.	GAME_PROPOSAL
ELY_0835	42	Abyss	Regeneração Abyss	Suporte	1	Conceito jogável associado à natureza Abyss, focado em profundidade. Efeito numérico é balanceamento de jogo.	GAME_PROPOSAL
ELY_0836	42	Abyss	Forma Abyss	Especial	2	Conceito jogável associado à natureza Abyss, focado em profundidade. Efeito numérico é balanceamento de jogo.	GAME_PROPOSAL
ELY_0837	42	Abyss	Ruptura Abyss	Especial	3	Conceito jogável associado à natureza Abyss, focado em profundidade. Efeito numérico é balanceamento de jogo.	GAME_PROPOSAL
ELY_0838	42	Abyss	Explosão Abyss	Ataque	4	Conceito jogável associado à natureza Abyss, focado em profundidade. Efeito numérico é balanceamento de jogo.	GAME_PROPOSAL
ELY_0839	42	Abyss	Domínio Abyss	Controle	5	Conceito jogável associado à natureza Abyss, focado em profundidade. Efeito numérico é balanceamento de jogo.	GAME_PROPOSAL
ELY_0840	42	Abyss	Despertar Abyss	Suprema	6	Conceito jogável associado à natureza Abyss, focado em profundidade. Efeito numérico é balanceamento de jogo.	GAME_PROPOSAL
ELY_0841	43	Spark	Golpe Spark	Ataque	1	Conceito jogável associado à natureza Spark, focado em faísca. Efeito numérico é balanceamento de jogo.	GAME_PROPOSAL
ELY_0842	43	Spark	Lança Spark	Ataque	2	Conceito jogável associado à natureza Spark, focado em faísca. Efeito numérico é balanceamento de jogo.	GAME_PROPOSAL
ELY_0843	43	Spark	Onda Spark	Ataque	3	Conceito jogável associado à natureza Spark, focado em faísca. Efeito numérico é balanceamento de jogo.	GAME_PROPOSAL
ELY_0844	43	Spark	Muralha Spark	Defesa	4	Conceito jogável associado à natureza Spark, focado em faísca. Efeito numérico é balanceamento de jogo.	GAME_PROPOSAL
ELY_0845	43	Spark	Manto Spark	Defesa	5	Conceito jogável associado à natureza Spark, focado em faísca. Efeito numérico é balanceamento de jogo.	GAME_PROPOSAL
ELY_0846	43	Spark	Passo Spark	Mobilidade	6	Conceito jogável associado à natureza Spark, focado em faísca. Efeito numérico é balanceamento de jogo.	GAME_PROPOSAL
ELY_0847	43	Spark	Salto Spark	Mobilidade	7	Conceito jogável associado à natureza Spark, focado em faísca. Efeito numérico é balanceamento de jogo.	GAME_PROPOSAL
ELY_0848	43	Spark	Laço Spark	Controle	1	Conceito jogável associado à natureza Spark, focado em faísca. Efeito numérico é balanceamento de jogo.	GAME_PROPOSAL
ELY_0849	43	Spark	Prisão Spark	Controle	2	Conceito jogável associado à natureza Spark, focado em faísca. Efeito numérico é balanceamento de jogo.	GAME_PROPOSAL
ELY_0850	43	Spark	Pulso Spark	Ataque	3	Conceito jogável associado à natureza Spark, focado em faísca. Efeito numérico é balanceamento de jogo.	GAME_PROPOSAL
ELY_0851	43	Spark	Campo Spark	Controle	4	Conceito jogável associado à natureza Spark, focado em faísca. Efeito numérico é balanceamento de jogo.	GAME_PROPOSAL
ELY_0852	43	Spark	Reflexo Spark	Passiva	5	Conceito jogável associado à natureza Spark, focado em faísca. Efeito numérico é balanceamento de jogo.	GAME_PROPOSAL
ELY_0853	43	Spark	Instinto Spark	Passiva	6	Conceito jogável associado à natureza Spark, focado em faísca. Efeito numérico é balanceamento de jogo.	GAME_PROPOSAL
ELY_0854	43	Spark	Canal Spark	Suporte	7	Conceito jogável associado à natureza Spark, focado em faísca. Efeito numérico é balanceamento de jogo.	GAME_PROPOSAL
ELY_0855	43	Spark	Regeneração Spark	Suporte	1	Conceito jogável associado à natureza Spark, focado em faísca. Efeito numérico é balanceamento de jogo.	GAME_PROPOSAL
ELY_0856	43	Spark	Forma Spark	Especial	2	Conceito jogável associado à natureza Spark, focado em faísca. Efeito numérico é balanceamento de jogo.	GAME_PROPOSAL
ELY_0857	43	Spark	Ruptura Spark	Especial	3	Conceito jogável associado à natureza Spark, focado em faísca. Efeito numérico é balanceamento de jogo.	GAME_PROPOSAL
ELY_0858	43	Spark	Explosão Spark	Ataque	4	Conceito jogável associado à natureza Spark, focado em faísca. Efeito numérico é balanceamento de jogo.	GAME_PROPOSAL
ELY_0859	43	Spark	Domínio Spark	Controle	5	Conceito jogável associado à natureza Spark, focado em faísca. Efeito numérico é balanceamento de jogo.	GAME_PROPOSAL
ELY_0860	43	Spark	Despertar Spark	Suprema	6	Conceito jogável associado à natureza Spark, focado em faísca. Efeito numérico é balanceamento de jogo.	GAME_PROPOSAL
ELY_0861	44	Clay	Golpe Clay	Ataque	1	Conceito jogável associado à natureza Clay, focado em modelagem. Efeito numérico é balanceamento de jogo.	GAME_PROPOSAL
ELY_0862	44	Clay	Lança Clay	Ataque	2	Conceito jogável associado à natureza Clay, focado em modelagem. Efeito numérico é balanceamento de jogo.	GAME_PROPOSAL
ELY_0863	44	Clay	Onda Clay	Ataque	3	Conceito jogável associado à natureza Clay, focado em modelagem. Efeito numérico é balanceamento de jogo.	GAME_PROPOSAL
ELY_0864	44	Clay	Muralha Clay	Defesa	4	Conceito jogável associado à natureza Clay, focado em modelagem. Efeito numérico é balanceamento de jogo.	GAME_PROPOSAL
ELY_0865	44	Clay	Manto Clay	Defesa	5	Conceito jogável associado à natureza Clay, focado em modelagem. Efeito numérico é balanceamento de jogo.	GAME_PROPOSAL
ELY_0866	44	Clay	Passo Clay	Mobilidade	6	Conceito jogável associado à natureza Clay, focado em modelagem. Efeito numérico é balanceamento de jogo.	GAME_PROPOSAL
ELY_0867	44	Clay	Salto Clay	Mobilidade	7	Conceito jogável associado à natureza Clay, focado em modelagem. Efeito numérico é balanceamento de jogo.	GAME_PROPOSAL
ELY_0868	44	Clay	Laço Clay	Controle	1	Conceito jogável associado à natureza Clay, focado em modelagem. Efeito numérico é balanceamento de jogo.	GAME_PROPOSAL
ELY_0869	44	Clay	Prisão Clay	Controle	2	Conceito jogável associado à natureza Clay, focado em modelagem. Efeito numérico é balanceamento de jogo.	GAME_PROPOSAL
ELY_0870	44	Clay	Pulso Clay	Ataque	3	Conceito jogável associado à natureza Clay, focado em modelagem. Efeito numérico é balanceamento de jogo.	GAME_PROPOSAL
ELY_0871	44	Clay	Campo Clay	Controle	4	Conceito jogável associado à natureza Clay, focado em modelagem. Efeito numérico é balanceamento de jogo.	GAME_PROPOSAL
ELY_0872	44	Clay	Reflexo Clay	Passiva	5	Conceito jogável associado à natureza Clay, focado em modelagem. Efeito numérico é balanceamento de jogo.	GAME_PROPOSAL
ELY_0873	44	Clay	Instinto Clay	Passiva	6	Conceito jogável associado à natureza Clay, focado em modelagem. Efeito numérico é balanceamento de jogo.	GAME_PROPOSAL
ELY_0874	44	Clay	Canal Clay	Suporte	7	Conceito jogável associado à natureza Clay, focado em modelagem. Efeito numérico é balanceamento de jogo.	GAME_PROPOSAL
ELY_0875	44	Clay	Regeneração Clay	Suporte	1	Conceito jogável associado à natureza Clay, focado em modelagem. Efeito numérico é balanceamento de jogo.	GAME_PROPOSAL
ELY_0876	44	Clay	Forma Clay	Especial	2	Conceito jogável associado à natureza Clay, focado em modelagem. Efeito numérico é balanceamento de jogo.	GAME_PROPOSAL
ELY_0877	44	Clay	Ruptura Clay	Especial	3	Conceito jogável associado à natureza Clay, focado em modelagem. Efeito numérico é balanceamento de jogo.	GAME_PROPOSAL
ELY_0878	44	Clay	Explosão Clay	Ataque	4	Conceito jogável associado à natureza Clay, focado em modelagem. Efeito numérico é balanceamento de jogo.	GAME_PROPOSAL
ELY_0879	44	Clay	Domínio Clay	Controle	5	Conceito jogável associado à natureza Clay, focado em modelagem. Efeito numérico é balanceamento de jogo.	GAME_PROPOSAL
ELY_0880	44	Clay	Despertar Clay	Suprema	6	Conceito jogável associado à natureza Clay, focado em modelagem. Efeito numérico é balanceamento de jogo.	GAME_PROPOSAL
ELY_0881	45	Prism	Golpe Prism	Ataque	1	Conceito jogável associado à natureza Prism, focado em luz. Efeito numérico é balanceamento de jogo.	GAME_PROPOSAL
ELY_0882	45	Prism	Lança Prism	Ataque	2	Conceito jogável associado à natureza Prism, focado em luz. Efeito numérico é balanceamento de jogo.	GAME_PROPOSAL
ELY_0883	45	Prism	Onda Prism	Ataque	3	Conceito jogável associado à natureza Prism, focado em luz. Efeito numérico é balanceamento de jogo.	GAME_PROPOSAL
ELY_0884	45	Prism	Muralha Prism	Defesa	4	Conceito jogável associado à natureza Prism, focado em luz. Efeito numérico é balanceamento de jogo.	GAME_PROPOSAL
ELY_0885	45	Prism	Manto Prism	Defesa	5	Conceito jogável associado à natureza Prism, focado em luz. Efeito numérico é balanceamento de jogo.	GAME_PROPOSAL
ELY_0886	45	Prism	Passo Prism	Mobilidade	6	Conceito jogável associado à natureza Prism, focado em luz. Efeito numérico é balanceamento de jogo.	GAME_PROPOSAL
ELY_0887	45	Prism	Salto Prism	Mobilidade	7	Conceito jogável associado à natureza Prism, focado em luz. Efeito numérico é balanceamento de jogo.	GAME_PROPOSAL
ELY_0888	45	Prism	Laço Prism	Controle	1	Conceito jogável associado à natureza Prism, focado em luz. Efeito numérico é balanceamento de jogo.	GAME_PROPOSAL
ELY_0889	45	Prism	Prisão Prism	Controle	2	Conceito jogável associado à natureza Prism, focado em luz. Efeito numérico é balanceamento de jogo.	GAME_PROPOSAL
ELY_0890	45	Prism	Pulso Prism	Ataque	3	Conceito jogável associado à natureza Prism, focado em luz. Efeito numérico é balanceamento de jogo.	GAME_PROPOSAL
ELY_0891	45	Prism	Campo Prism	Controle	4	Conceito jogável associado à natureza Prism, focado em luz. Efeito numérico é balanceamento de jogo.	GAME_PROPOSAL
ELY_0892	45	Prism	Reflexo Prism	Passiva	5	Conceito jogável associado à natureza Prism, focado em luz. Efeito numérico é balanceamento de jogo.	GAME_PROPOSAL
ELY_0893	45	Prism	Instinto Prism	Passiva	6	Conceito jogável associado à natureza Prism, focado em luz. Efeito numérico é balanceamento de jogo.	GAME_PROPOSAL
ELY_0894	45	Prism	Canal Prism	Suporte	7	Conceito jogável associado à natureza Prism, focado em luz. Efeito numérico é balanceamento de jogo.	GAME_PROPOSAL
ELY_0895	45	Prism	Regeneração Prism	Suporte	1	Conceito jogável associado à natureza Prism, focado em luz. Efeito numérico é balanceamento de jogo.	GAME_PROPOSAL
ELY_0896	45	Prism	Forma Prism	Especial	2	Conceito jogável associado à natureza Prism, focado em luz. Efeito numérico é balanceamento de jogo.	GAME_PROPOSAL
ELY_0897	45	Prism	Ruptura Prism	Especial	3	Conceito jogável associado à natureza Prism, focado em luz. Efeito numérico é balanceamento de jogo.	GAME_PROPOSAL
ELY_0898	45	Prism	Explosão Prism	Ataque	4	Conceito jogável associado à natureza Prism, focado em luz. Efeito numérico é balanceamento de jogo.	GAME_PROPOSAL
ELY_0899	45	Prism	Domínio Prism	Controle	5	Conceito jogável associado à natureza Prism, focado em luz. Efeito numérico é balanceamento de jogo.	GAME_PROPOSAL
ELY_0900	45	Prism	Despertar Prism	Suprema	6	Conceito jogável associado à natureza Prism, focado em luz. Efeito numérico é balanceamento de jogo.	GAME_PROPOSAL
ELY_0901	46	Bramble	Golpe Bramble	Ataque	1	Conceito jogável associado à natureza Bramble, focado em cerca. Efeito numérico é balanceamento de jogo.	GAME_PROPOSAL
ELY_0902	46	Bramble	Lança Bramble	Ataque	2	Conceito jogável associado à natureza Bramble, focado em cerca. Efeito numérico é balanceamento de jogo.	GAME_PROPOSAL
ELY_0903	46	Bramble	Onda Bramble	Ataque	3	Conceito jogável associado à natureza Bramble, focado em cerca. Efeito numérico é balanceamento de jogo.	GAME_PROPOSAL
ELY_0904	46	Bramble	Muralha Bramble	Defesa	4	Conceito jogável associado à natureza Bramble, focado em cerca. Efeito numérico é balanceamento de jogo.	GAME_PROPOSAL
ELY_0905	46	Bramble	Manto Bramble	Defesa	5	Conceito jogável associado à natureza Bramble, focado em cerca. Efeito numérico é balanceamento de jogo.	GAME_PROPOSAL
ELY_0906	46	Bramble	Passo Bramble	Mobilidade	6	Conceito jogável associado à natureza Bramble, focado em cerca. Efeito numérico é balanceamento de jogo.	GAME_PROPOSAL
ELY_0907	46	Bramble	Salto Bramble	Mobilidade	7	Conceito jogável associado à natureza Bramble, focado em cerca. Efeito numérico é balanceamento de jogo.	GAME_PROPOSAL
ELY_0908	46	Bramble	Laço Bramble	Controle	1	Conceito jogável associado à natureza Bramble, focado em cerca. Efeito numérico é balanceamento de jogo.	GAME_PROPOSAL
ELY_0909	46	Bramble	Prisão Bramble	Controle	2	Conceito jogável associado à natureza Bramble, focado em cerca. Efeito numérico é balanceamento de jogo.	GAME_PROPOSAL
ELY_0910	46	Bramble	Pulso Bramble	Ataque	3	Conceito jogável associado à natureza Bramble, focado em cerca. Efeito numérico é balanceamento de jogo.	GAME_PROPOSAL
ELY_0911	46	Bramble	Campo Bramble	Controle	4	Conceito jogável associado à natureza Bramble, focado em cerca. Efeito numérico é balanceamento de jogo.	GAME_PROPOSAL
ELY_0912	46	Bramble	Reflexo Bramble	Passiva	5	Conceito jogável associado à natureza Bramble, focado em cerca. Efeito numérico é balanceamento de jogo.	GAME_PROPOSAL
ELY_0913	46	Bramble	Instinto Bramble	Passiva	6	Conceito jogável associado à natureza Bramble, focado em cerca. Efeito numérico é balanceamento de jogo.	GAME_PROPOSAL
ELY_0914	46	Bramble	Canal Bramble	Suporte	7	Conceito jogável associado à natureza Bramble, focado em cerca. Efeito numérico é balanceamento de jogo.	GAME_PROPOSAL
ELY_0915	46	Bramble	Regeneração Bramble	Suporte	1	Conceito jogável associado à natureza Bramble, focado em cerca. Efeito numérico é balanceamento de jogo.	GAME_PROPOSAL
ELY_0916	46	Bramble	Forma Bramble	Especial	2	Conceito jogável associado à natureza Bramble, focado em cerca. Efeito numérico é balanceamento de jogo.	GAME_PROPOSAL
ELY_0917	46	Bramble	Ruptura Bramble	Especial	3	Conceito jogável associado à natureza Bramble, focado em cerca. Efeito numérico é balanceamento de jogo.	GAME_PROPOSAL
ELY_0918	46	Bramble	Explosão Bramble	Ataque	4	Conceito jogável associado à natureza Bramble, focado em cerca. Efeito numérico é balanceamento de jogo.	GAME_PROPOSAL
ELY_0919	46	Bramble	Domínio Bramble	Controle	5	Conceito jogável associado à natureza Bramble, focado em cerca. Efeito numérico é balanceamento de jogo.	GAME_PROPOSAL
ELY_0920	46	Bramble	Despertar Bramble	Suprema	6	Conceito jogável associado à natureza Bramble, focado em cerca. Efeito numérico é balanceamento de jogo.	GAME_PROPOSAL
ELY_0921	47	Floe	Golpe Floe	Ataque	1	Conceito jogável associado à natureza Floe, focado em gelo. Efeito numérico é balanceamento de jogo.	GAME_PROPOSAL
ELY_0922	47	Floe	Lança Floe	Ataque	2	Conceito jogável associado à natureza Floe, focado em gelo. Efeito numérico é balanceamento de jogo.	GAME_PROPOSAL
ELY_0923	47	Floe	Onda Floe	Ataque	3	Conceito jogável associado à natureza Floe, focado em gelo. Efeito numérico é balanceamento de jogo.	GAME_PROPOSAL
ELY_0924	47	Floe	Muralha Floe	Defesa	4	Conceito jogável associado à natureza Floe, focado em gelo. Efeito numérico é balanceamento de jogo.	GAME_PROPOSAL
ELY_0925	47	Floe	Manto Floe	Defesa	5	Conceito jogável associado à natureza Floe, focado em gelo. Efeito numérico é balanceamento de jogo.	GAME_PROPOSAL
ELY_0926	47	Floe	Passo Floe	Mobilidade	6	Conceito jogável associado à natureza Floe, focado em gelo. Efeito numérico é balanceamento de jogo.	GAME_PROPOSAL
ELY_0927	47	Floe	Salto Floe	Mobilidade	7	Conceito jogável associado à natureza Floe, focado em gelo. Efeito numérico é balanceamento de jogo.	GAME_PROPOSAL
ELY_0928	47	Floe	Laço Floe	Controle	1	Conceito jogável associado à natureza Floe, focado em gelo. Efeito numérico é balanceamento de jogo.	GAME_PROPOSAL
ELY_0929	47	Floe	Prisão Floe	Controle	2	Conceito jogável associado à natureza Floe, focado em gelo. Efeito numérico é balanceamento de jogo.	GAME_PROPOSAL
ELY_0930	47	Floe	Pulso Floe	Ataque	3	Conceito jogável associado à natureza Floe, focado em gelo. Efeito numérico é balanceamento de jogo.	GAME_PROPOSAL
ELY_0931	47	Floe	Campo Floe	Controle	4	Conceito jogável associado à natureza Floe, focado em gelo. Efeito numérico é balanceamento de jogo.	GAME_PROPOSAL
ELY_0932	47	Floe	Reflexo Floe	Passiva	5	Conceito jogável associado à natureza Floe, focado em gelo. Efeito numérico é balanceamento de jogo.	GAME_PROPOSAL
ELY_0933	47	Floe	Instinto Floe	Passiva	6	Conceito jogável associado à natureza Floe, focado em gelo. Efeito numérico é balanceamento de jogo.	GAME_PROPOSAL
ELY_0934	47	Floe	Canal Floe	Suporte	7	Conceito jogável associado à natureza Floe, focado em gelo. Efeito numérico é balanceamento de jogo.	GAME_PROPOSAL
ELY_0935	47	Floe	Regeneração Floe	Suporte	1	Conceito jogável associado à natureza Floe, focado em gelo. Efeito numérico é balanceamento de jogo.	GAME_PROPOSAL
ELY_0936	47	Floe	Forma Floe	Especial	2	Conceito jogável associado à natureza Floe, focado em gelo. Efeito numérico é balanceamento de jogo.	GAME_PROPOSAL
ELY_0937	47	Floe	Ruptura Floe	Especial	3	Conceito jogável associado à natureza Floe, focado em gelo. Efeito numérico é balanceamento de jogo.	GAME_PROPOSAL
ELY_0938	47	Floe	Explosão Floe	Ataque	4	Conceito jogável associado à natureza Floe, focado em gelo. Efeito numérico é balanceamento de jogo.	GAME_PROPOSAL
ELY_0939	47	Floe	Domínio Floe	Controle	5	Conceito jogável associado à natureza Floe, focado em gelo. Efeito numérico é balanceamento de jogo.	GAME_PROPOSAL
ELY_0940	47	Floe	Despertar Floe	Suprema	6	Conceito jogável associado à natureza Floe, focado em gelo. Efeito numérico é balanceamento de jogo.	GAME_PROPOSAL
ELY_0941	48	Pulse	Golpe Pulse	Ataque	1	Conceito jogável associado à natureza Pulse, focado em vigor. Efeito numérico é balanceamento de jogo.	GAME_PROPOSAL
ELY_0942	48	Pulse	Lança Pulse	Ataque	2	Conceito jogável associado à natureza Pulse, focado em vigor. Efeito numérico é balanceamento de jogo.	GAME_PROPOSAL
ELY_0943	48	Pulse	Onda Pulse	Ataque	3	Conceito jogável associado à natureza Pulse, focado em vigor. Efeito numérico é balanceamento de jogo.	GAME_PROPOSAL
ELY_0944	48	Pulse	Muralha Pulse	Defesa	4	Conceito jogável associado à natureza Pulse, focado em vigor. Efeito numérico é balanceamento de jogo.	GAME_PROPOSAL
ELY_0945	48	Pulse	Manto Pulse	Defesa	5	Conceito jogável associado à natureza Pulse, focado em vigor. Efeito numérico é balanceamento de jogo.	GAME_PROPOSAL
ELY_0946	48	Pulse	Passo Pulse	Mobilidade	6	Conceito jogável associado à natureza Pulse, focado em vigor. Efeito numérico é balanceamento de jogo.	GAME_PROPOSAL
ELY_0947	48	Pulse	Salto Pulse	Mobilidade	7	Conceito jogável associado à natureza Pulse, focado em vigor. Efeito numérico é balanceamento de jogo.	GAME_PROPOSAL
ELY_0948	48	Pulse	Laço Pulse	Controle	1	Conceito jogável associado à natureza Pulse, focado em vigor. Efeito numérico é balanceamento de jogo.	GAME_PROPOSAL
ELY_0949	48	Pulse	Prisão Pulse	Controle	2	Conceito jogável associado à natureza Pulse, focado em vigor. Efeito numérico é balanceamento de jogo.	GAME_PROPOSAL
ELY_0950	48	Pulse	Pulso Pulse	Ataque	3	Conceito jogável associado à natureza Pulse, focado em vigor. Efeito numérico é balanceamento de jogo.	GAME_PROPOSAL
ELY_0951	48	Pulse	Campo Pulse	Controle	4	Conceito jogável associado à natureza Pulse, focado em vigor. Efeito numérico é balanceamento de jogo.	GAME_PROPOSAL
ELY_0952	48	Pulse	Reflexo Pulse	Passiva	5	Conceito jogável associado à natureza Pulse, focado em vigor. Efeito numérico é balanceamento de jogo.	GAME_PROPOSAL
ELY_0953	48	Pulse	Instinto Pulse	Passiva	6	Conceito jogável associado à natureza Pulse, focado em vigor. Efeito numérico é balanceamento de jogo.	GAME_PROPOSAL
ELY_0954	48	Pulse	Canal Pulse	Suporte	7	Conceito jogável associado à natureza Pulse, focado em vigor. Efeito numérico é balanceamento de jogo.	GAME_PROPOSAL
ELY_0955	48	Pulse	Regeneração Pulse	Suporte	1	Conceito jogável associado à natureza Pulse, focado em vigor. Efeito numérico é balanceamento de jogo.	GAME_PROPOSAL
ELY_0956	48	Pulse	Forma Pulse	Especial	2	Conceito jogável associado à natureza Pulse, focado em vigor. Efeito numérico é balanceamento de jogo.	GAME_PROPOSAL
ELY_0957	48	Pulse	Ruptura Pulse	Especial	3	Conceito jogável associado à natureza Pulse, focado em vigor. Efeito numérico é balanceamento de jogo.	GAME_PROPOSAL
ELY_0958	48	Pulse	Explosão Pulse	Ataque	4	Conceito jogável associado à natureza Pulse, focado em vigor. Efeito numérico é balanceamento de jogo.	GAME_PROPOSAL
ELY_0959	48	Pulse	Domínio Pulse	Controle	5	Conceito jogável associado à natureza Pulse, focado em vigor. Efeito numérico é balanceamento de jogo.	GAME_PROPOSAL
ELY_0960	48	Pulse	Despertar Pulse	Suprema	6	Conceito jogável associado à natureza Pulse, focado em vigor. Efeito numérico é balanceamento de jogo.	GAME_PROPOSAL
ELY_0961	49	Tar	Golpe Tar	Ataque	1	Conceito jogável associado à natureza Tar, focado em viscoso. Efeito numérico é balanceamento de jogo.	GAME_PROPOSAL
ELY_0962	49	Tar	Lança Tar	Ataque	2	Conceito jogável associado à natureza Tar, focado em viscoso. Efeito numérico é balanceamento de jogo.	GAME_PROPOSAL
ELY_0963	49	Tar	Onda Tar	Ataque	3	Conceito jogável associado à natureza Tar, focado em viscoso. Efeito numérico é balanceamento de jogo.	GAME_PROPOSAL
ELY_0964	49	Tar	Muralha Tar	Defesa	4	Conceito jogável associado à natureza Tar, focado em viscoso. Efeito numérico é balanceamento de jogo.	GAME_PROPOSAL
ELY_0965	49	Tar	Manto Tar	Defesa	5	Conceito jogável associado à natureza Tar, focado em viscoso. Efeito numérico é balanceamento de jogo.	GAME_PROPOSAL
ELY_0966	49	Tar	Passo Tar	Mobilidade	6	Conceito jogável associado à natureza Tar, focado em viscoso. Efeito numérico é balanceamento de jogo.	GAME_PROPOSAL
ELY_0967	49	Tar	Salto Tar	Mobilidade	7	Conceito jogável associado à natureza Tar, focado em viscoso. Efeito numérico é balanceamento de jogo.	GAME_PROPOSAL
ELY_0968	49	Tar	Laço Tar	Controle	1	Conceito jogável associado à natureza Tar, focado em viscoso. Efeito numérico é balanceamento de jogo.	GAME_PROPOSAL
ELY_0969	49	Tar	Prisão Tar	Controle	2	Conceito jogável associado à natureza Tar, focado em viscoso. Efeito numérico é balanceamento de jogo.	GAME_PROPOSAL
ELY_0970	49	Tar	Pulso Tar	Ataque	3	Conceito jogável associado à natureza Tar, focado em viscoso. Efeito numérico é balanceamento de jogo.	GAME_PROPOSAL
ELY_0971	49	Tar	Campo Tar	Controle	4	Conceito jogável associado à natureza Tar, focado em viscoso. Efeito numérico é balanceamento de jogo.	GAME_PROPOSAL
ELY_0972	49	Tar	Reflexo Tar	Passiva	5	Conceito jogável associado à natureza Tar, focado em viscoso. Efeito numérico é balanceamento de jogo.	GAME_PROPOSAL
ELY_0973	49	Tar	Instinto Tar	Passiva	6	Conceito jogável associado à natureza Tar, focado em viscoso. Efeito numérico é balanceamento de jogo.	GAME_PROPOSAL
ELY_0974	49	Tar	Canal Tar	Suporte	7	Conceito jogável associado à natureza Tar, focado em viscoso. Efeito numérico é balanceamento de jogo.	GAME_PROPOSAL
ELY_0975	49	Tar	Regeneração Tar	Suporte	1	Conceito jogável associado à natureza Tar, focado em viscoso. Efeito numérico é balanceamento de jogo.	GAME_PROPOSAL
ELY_0976	49	Tar	Forma Tar	Especial	2	Conceito jogável associado à natureza Tar, focado em viscoso. Efeito numérico é balanceamento de jogo.	GAME_PROPOSAL
ELY_0977	49	Tar	Ruptura Tar	Especial	3	Conceito jogável associado à natureza Tar, focado em viscoso. Efeito numérico é balanceamento de jogo.	GAME_PROPOSAL
ELY_0978	49	Tar	Explosão Tar	Ataque	4	Conceito jogável associado à natureza Tar, focado em viscoso. Efeito numérico é balanceamento de jogo.	GAME_PROPOSAL
ELY_0979	49	Tar	Domínio Tar	Controle	5	Conceito jogável associado à natureza Tar, focado em viscoso. Efeito numérico é balanceamento de jogo.	GAME_PROPOSAL
ELY_0980	49	Tar	Despertar Tar	Suprema	6	Conceito jogável associado à natureza Tar, focado em viscoso. Efeito numérico é balanceamento de jogo.	GAME_PROPOSAL
ELY_0981	50	Astral	Golpe Astral	Ataque	1	Conceito jogável associado à natureza Astral, focado em estelar. Efeito numérico é balanceamento de jogo.	GAME_PROPOSAL
ELY_0982	50	Astral	Lança Astral	Ataque	2	Conceito jogável associado à natureza Astral, focado em estelar. Efeito numérico é balanceamento de jogo.	GAME_PROPOSAL
ELY_0983	50	Astral	Onda Astral	Ataque	3	Conceito jogável associado à natureza Astral, focado em estelar. Efeito numérico é balanceamento de jogo.	GAME_PROPOSAL
ELY_0984	50	Astral	Muralha Astral	Defesa	4	Conceito jogável associado à natureza Astral, focado em estelar. Efeito numérico é balanceamento de jogo.	GAME_PROPOSAL
ELY_0985	50	Astral	Manto Astral	Defesa	5	Conceito jogável associado à natureza Astral, focado em estelar. Efeito numérico é balanceamento de jogo.	GAME_PROPOSAL
ELY_0986	50	Astral	Passo Astral	Mobilidade	6	Conceito jogável associado à natureza Astral, focado em estelar. Efeito numérico é balanceamento de jogo.	GAME_PROPOSAL
ELY_0987	50	Astral	Salto Astral	Mobilidade	7	Conceito jogável associado à natureza Astral, focado em estelar. Efeito numérico é balanceamento de jogo.	GAME_PROPOSAL
ELY_0988	50	Astral	Laço Astral	Controle	1	Conceito jogável associado à natureza Astral, focado em estelar. Efeito numérico é balanceamento de jogo.	GAME_PROPOSAL
ELY_0989	50	Astral	Prisão Astral	Controle	2	Conceito jogável associado à natureza Astral, focado em estelar. Efeito numérico é balanceamento de jogo.	GAME_PROPOSAL
ELY_0990	50	Astral	Pulso Astral	Ataque	3	Conceito jogável associado à natureza Astral, focado em estelar. Efeito numérico é balanceamento de jogo.	GAME_PROPOSAL
ELY_0991	50	Astral	Campo Astral	Controle	4	Conceito jogável associado à natureza Astral, focado em estelar. Efeito numérico é balanceamento de jogo.	GAME_PROPOSAL
ELY_0992	50	Astral	Reflexo Astral	Passiva	5	Conceito jogável associado à natureza Astral, focado em estelar. Efeito numérico é balanceamento de jogo.	GAME_PROPOSAL
ELY_0993	50	Astral	Instinto Astral	Passiva	6	Conceito jogável associado à natureza Astral, focado em estelar. Efeito numérico é balanceamento de jogo.	GAME_PROPOSAL
ELY_0994	50	Astral	Canal Astral	Suporte	7	Conceito jogável associado à natureza Astral, focado em estelar. Efeito numérico é balanceamento de jogo.	GAME_PROPOSAL
ELY_0995	50	Astral	Regeneração Astral	Suporte	1	Conceito jogável associado à natureza Astral, focado em estelar. Efeito numérico é balanceamento de jogo.	GAME_PROPOSAL
ELY_0996	50	Astral	Forma Astral	Especial	2	Conceito jogável associado à natureza Astral, focado em estelar. Efeito numérico é balanceamento de jogo.	GAME_PROPOSAL
ELY_0997	50	Astral	Ruptura Astral	Especial	3	Conceito jogável associado à natureza Astral, focado em estelar. Efeito numérico é balanceamento de jogo.	GAME_PROPOSAL
ELY_0998	50	Astral	Explosão Astral	Ataque	4	Conceito jogável associado à natureza Astral, focado em estelar. Efeito numérico é balanceamento de jogo.	GAME_PROPOSAL
ELY_0999	50	Astral	Domínio Astral	Controle	5	Conceito jogável associado à natureza Astral, focado em estelar. Efeito numérico é balanceamento de jogo.	GAME_PROPOSAL
ELY_1000	50	Astral	Despertar Astral	Suprema	6	Conceito jogável associado à natureza Astral, focado em estelar. Efeito numérico é balanceamento de jogo.	GAME_PROPOSAL
